date,year,side,setup,pnl,mfe_atr,mae_atr,atr,mover,win,gap_atr,on_range_atr,on_er,ib_range_atr,ib_er,ib_dir,ib_vwap_x,open_loc,rvol_1h,d_ma20,d_ma50,d_ma200,vol_expand,atr_rank,prev_range_atr,breadth_rty,breadth_es,prev_pm_er,prev_room_atr,prev_clean_run,dow,ib_dir_s,gap_atr_s,breadth_es_s,breadth_rty_s,d_ma20_s,d_ma50_s,d_ma200_s,ib_vwap_x_s,open_loc_s
2021-06-04,2021,LONG,PM_LONG,-16.240000000000002,1.489768076398363,1.3751705320600274,13.089285714285714,False,False,0.2800522131244808,0.713183813931411,0.0929791271347248,0.6882639136110121,0.6506024096385542,0.7844827586206896,0,0.8155172413793104,0.7805173779752678,0.3493532692535913,-0.0897591076302354,,0.3503376220608883,0.4183673469387755,0.7001305328112021,-0.0108056985385569,-0.0068139738133392,0.1179487179487179,0.4178223664797875,0.0,4,0.7844827586206896,0.2800522131244808,-0.0068139738133392,-0.0108056985385569,0.3493532692535913,-0.0897591076302354,,0,0.8155172413793104
2021-06-11,2021,SHORT,ORB_SHORT,-39.24,0.1020036429872495,2.3460837887067396,19.607142857142858,False,False,0.0645824159694701,0.2994275649493615,0.0233463035019455,0.2597974460590048,0.1702637889688249,0.2259887005649717,3,0.655367231638418,0.380329037177166,2.004770292088652,1.685307500366941,,0.6577218776387288,0.0194174757281553,0.9026860413914576,0.0025606725160784,-0.0024243117758419,0.1097308488612836,0.6118931341568514,1.0,4,-0.2259887005649717,-0.0645824159694701,0.0024243117758419,-0.0025606725160784,-2.004770292088652,-1.685307500366941,,-3,-0.655367231638418
2021-06-14,2021,LONG,PM_LONG,-36.239999999999995,0.5862068965517241,2.206896551724138,7.25,False,False,0.3340721975934135,0.3594046865104496,0.0,0.5050664977834072,0.1553784860557769,-0.1880877742946708,2,0.438871473354232,0.2633916309275491,2.067843571880942,1.814756174794169,,0.3577003167101344,0.0096153846153846,0.3404053198226726,-0.0027762007644661,-0.0011668546244396,0.0128055878928987,0.2260384558931454,0.0,0,-0.1880877742946708,0.3340721975934135,-0.0011668546244396,-0.0027762007644661,2.067843571880942,1.814756174794169,,2,0.438871473354232
2021-06-17,2021,LONG,PM_LONG,-46.74,1.4192439862542956,5.111683848797251,20.785714285714285,False,False,-0.3139691067830759,0.6682337139019476,0.003516998827667,1.2256548018804567,0.6860759493670886,0.978082191780822,0,0.9863013698630136,0.1207457625007396,1.5962055070517076,1.941672263263934,,0.5968856815187075,0.0093457943925233,1.8132975151108128,-0.0162228957409681,-0.0107272536460134,0.1094511204936667,1.6212624584717608,1.0,3,0.978082191780822,-0.3139691067830759,-0.0107272536460134,-0.0162228957409681,1.5962055070517076,1.941672263263934,,0,0.9863013698630136
2021-06-21,2021,LONG,PM_LONG,-23.74,1.7039473684210529,1.243421052631579,10.857142857142858,False,False,-1.0573445841226106,1.5808506974341312,0.0774410774410774,0.8317547787153435,0.3056768558951965,0.1325051759834368,3,0.9006211180124224,1.4707505303296504,2.8702428104012396,3.4022042362665808,,1.0541907007190745,0.0092592592592592,1.8098846220079217,0.0081440319523824,0.0050312129249545,0.1303142329020332,0.5557421087978509,0.0,0,0.1325051759834368,-1.0573445841226106,0.0050312129249545,0.0081440319523824,2.8702428104012396,3.4022042362665808,,3,0.9006211180124224
2021-06-22,2021,LONG,PM_LONG,61.260000000000005,3.191724137931035,0.8158620689655173,27.884615384615383,True,True,0.0184749748068525,0.752435337588176,0.0281517747858017,0.5206583809203896,0.201058201058201,0.635483870967742,2,0.8,1.2259920092661278,1.9836244541484769,2.680718844474301,,1.2084941109332703,0.018348623853211,1.244541484716157,-0.0077952739826999,-0.0023606983998663,0.1033984092552422,0.5269502324780437,0.0,1,0.635483870967742,0.0184749748068525,-0.0023606983998663,-0.0077952739826999,1.9836244541484769,2.680718844474301,,2,0.8
2021-06-24,2021,LONG,PM_LONG,-36.739999999999995,3.252268602540835,6.352087114337569,9.839285714285714,True,False,0.4710431496616574,0.6309869057034888,0.1940700808625337,0.4464364179629141,0.6917293233082706,0.8740157480314961,0,0.9645669291338582,0.9459432184050238,2.8023552157483107,3.859636171895601,,1.388447520061772,0.009009009009009,0.5975920555409087,-0.0033057197398647,-0.0024573088481762,0.0114192495921696,0.4280020793623288,0.0,3,0.8740157480314961,0.4710431496616574,-0.0024573088481762,-0.0033057197398647,2.8023552157483107,3.859636171895601,,0,0.9645669291338582
2021-06-29,2021,LONG,PM_LONG,9.26,2.359908883826879,2.1047835990888384,15.678571428571429,False,True,0.0660625052934699,0.3032099601931057,0.0277777777777777,0.4031506733293808,0.1846689895470383,0.1008403361344537,2,0.7016806722689075,1.0482165005843536,3.4217836876429284,4.97694587956297,,0.7889876071365723,0.0526315789473684,0.8605064792072499,0.0004470301868726,0.0009284961479947,0.0800450958286358,0.2758740348746421,0.0,1,0.1008403361344537,0.0660625052934699,0.0009284961479947,0.0004470301868726,3.4217836876429284,4.97694587956297,,2,0.7016806722689075
2021-07-01,2021,SHORT,ORB_SHORT,-26.74,0.1068702290076335,3.673664122137404,18.714285714285715,False,False,-0.1488095238095238,0.7598039215686274,0.0672225117248567,0.4359243697478991,0.1594202898550724,0.1526104417670682,3,0.4738955823293173,0.9639719119595542,3.2905287114845985,5.3122549019607845,,0.7549345531072299,0.0172413793103448,0.4079131652661064,0.0010703656320296,0.0005687152922098,0.0134529147982062,0.27367360644728,0.0,3,-0.1526104417670682,0.1488095238095238,-0.0005687152922098,-0.0010703656320296,-3.2905287114845985,-5.3122549019607845,,-3,-0.4738955823293173
2021-07-02,2021,LONG,PM_LONG,17.26,3.1742808798646363,1.2081218274111676,10.553571428571429,True,True,0.6184661337081613,0.947026267240622,0.1877201811776547,0.323289115347448,0.0301507537688442,0.1739130434782608,3,0.3967391304347826,0.840023196089802,2.9334973205657535,5.18330844241413,,0.7790106374580376,0.017094017094017,0.6975314064833524,-0.0115226591874464,-8.411832651722406e-05,0.0045871559633027,0.4656862745098039,0.0,4,0.1739130434782608,0.6184661337081613,-8.411832651722406e-05,-0.0115226591874464,2.9334973205657535,5.18330844241413,,3,0.3967391304347826
2021-07-09,2021,LONG,PM_LONG,63.760000000000005,3.0224525043177897,0.2417962003454231,20.678571428571427,True,True,0.0069911736432753,0.7165952984357249,0.0121297602256699,0.4649130472778118,0.1571753986332574,0.3721804511278195,1,0.7556390977443609,1.2764429566438098,2.2709079786769255,5.647749715983572,,1.1538604298205648,0.0655737704918032,1.5135890937691163,0.0026661386569963,0.0015481201915386,0.1694510739856801,0.999906550789646,0.0,4,0.3721804511278195,0.0069911736432753,0.0015481201915386,0.0026661386569963,2.2709079786769255,5.647749715983572,,1,0.7556390977443609
2021-07-13,2021,LONG,PM_LONG,-22.24,0.5159705159705159,10.542997542997542,14.535714285714286,False,False,-0.0258308937489237,0.9178577578784224,0.0438931297709923,0.8506974341312209,0.6724738675958188,0.8765182186234818,1,0.9676113360323888,1.2485114890494735,2.761839159634928,6.438574134665054,,1.0287608742921943,0.1088709677419354,0.5958326158085069,-0.0128103883092675,-0.0047121229753661,0.1154313487241798,0.1759122180614822,0.0,1,0.8765182186234818,-0.0258308937489237,-0.0047121229753661,-0.0128103883092675,2.761839159634928,6.438574134665054,,1,0.9676113360323888
2021-07-15,2021,SHORT,ORB_SHORT,70.76,2.0976543800861656,1.1594064145524174,37.30357142857143,False,True,-0.249221183800623,0.6634672055232803,0.0007541478129713,0.7847099435884483,0.0483005366726296,-0.6223175965665236,2,0.3004291845493562,1.4560418216257074,2.6116864528079433,6.445634419466192,,1.0272789319585691,0.1349206349206349,0.9025848278184726,0.0028578249014509,0.0053274856845656,0.0513418903150525,0.5958527295810411,0.0,3,0.6223175965665236,0.249221183800623,-0.0053274856845656,-0.0028578249014509,-2.6116864528079433,-6.445634419466192,,-2,-0.3004291845493562
2021-07-15,2021,SHORT,ORB_SHORT,-72.24,1.3421052631578947,2.723684210526316,19.0,False,False,-0.249221183800623,0.6634672055232803,0.0007541478129713,0.7847099435884483,0.0483005366726296,-0.6223175965665236,2,0.3004291845493562,1.4560418216257074,2.6116864528079433,6.445634419466192,,1.0272789319585691,0.1349206349206349,0.9025848278184726,0.0028578249014509,0.0053274856845656,0.0513418903150525,0.5958527295810411,0.0,3,0.6223175965665236,0.249221183800623,-0.0053274856845656,-0.0028578249014509,-2.6116864528079433,-6.445634419466192,,-2,-0.3004291845493562
2021-07-16,2021,SHORT,ORB_SHORT,-58.74,1.9029126213592231,1.7126213592233008,27.589285714285715,False,False,0.4330708661417322,0.8010955152345086,0.0704323570432357,0.8952413557001027,0.7054794520547946,-0.5219885277246654,1,0.1720841300191204,1.2695175929593716,1.2681444710715482,5.259363231769936,,1.0988572409059831,0.1181102362204724,1.326600479287915,-0.0059001768571145,-0.0008383834518592,0.1210873146622734,0.756083185989728,1.0,4,0.5219885277246654,-0.4330708661417322,0.0008383834518592,0.0059001768571145,-1.2681444710715482,-5.259363231769936,,-1,-0.1720841300191204
2021-07-19,2021,SHORT,ORB_SHORT,-164.24,0.077104642014162,2.4673485444531864,22.696428571428573,False,False,-1.2163824925294429,1.2603269467393214,0.1507399046902433,0.8226401828089296,0.1018329938900203,-0.4572649572649572,4,0.1559829059829059,1.744561068437402,0.6724380383195692,4.779609773246621,,1.0119522174959097,0.0390625,1.3095447354543857,0.0059986546138335,-0.0024698062716971,0.168141592920354,0.5340636768230058,0.0,0,0.4572649572649572,1.2163824925294429,0.0024698062716971,-0.0059986546138335,-0.6724380383195692,-4.779609773246621,,-4,-0.1559829059829059
2021-07-20,2021,LONG,PM_LONG,163.76,4.903743315508021,0.8983957219251336,13.357142857142858,True,True,0.6251094379268078,0.5112939940465767,0.0049597024178549,0.6933987042549465,0.2314709236031927,0.106060606060606,3,0.8585858585858586,1.3226493294505963,-0.8621957625634765,3.2566275608474884,,1.1085932043132312,0.0620155038759689,0.9157765715286288,0.0165460376376653,0.0072592700818634,0.0263255469039673,0.7031112673580594,1.0,1,0.106060606060606,0.6251094379268078,0.0072592700818634,0.0165460376376653,-0.8621957625634765,3.2566275608474884,,3,0.8585858585858586
2021-07-21,2021,LONG,PM_LONG,-21.74,1.6479166666666667,2.3916666666666666,17.142857142857142,False,False,-0.5044410926763867,0.661974191385956,0.0375375375375375,0.5077928607340372,0.2278719397363465,0.6105610561056105,4,0.7425742574257426,1.18299849816921,0.8456510809451961,4.776738729679904,,1.728804955243311,0.1846153846153846,1.7714094184682418,0.0024329068011834,-0.0015284552681982,0.416969696969697,1.2554718963403957,1.0,2,0.6105610561056105,-0.5044410926763867,-0.0015284552681982,0.0024329068011834,0.8456510809451961,4.776738729679904,,4,0.7425742574257426
2021-07-21,2021,LONG,PM_LONG,22.26,2.1743264659271,1.1980982567353409,11.267857142857142,False,True,-0.5044410926763867,0.661974191385956,0.0375375375375375,0.5077928607340372,0.2278719397363465,0.6105610561056105,4,0.7425742574257426,1.18299849816921,0.8456510809451961,4.776738729679904,,1.728804955243311,0.1846153846153846,1.7714094184682418,0.0024329068011834,-0.0015284552681982,0.416969696969697,1.2554718963403957,1.0,2,0.6105610561056105,-0.5044410926763867,-0.0015284552681982,0.0024329068011834,0.8456510809451961,4.776738729679904,,4,0.7425742574257426
2021-07-22,2021,LONG,PM_LONG,-83.24,0.5858761987794245,3.136878814298169,20.482142857142858,False,False,0.2989040185984722,0.3669877117236798,0.0154550658271322,0.4549983394221188,0.3498871331828442,0.978102189781022,2,0.978102189781022,1.3061118038745854,0.784124875456654,4.652706741946198,,1.706135573427925,0.1984732824427481,0.7472600464961806,-0.014985399217266,-0.0042276765927884,0.1614730878186968,0.3770739064856712,0.0,3,0.978102189781022,0.2989040185984722,-0.0042276765927884,-0.014985399217266,0.784124875456654,4.652706741946198,,2,0.978102189781022
2021-07-23,2021,LONG,PM_LONG,93.26,4.762295081967213,0.7803278688524591,21.785714285714285,True,True,0.4411152725759467,0.3429047024552643,0.0163316582914572,0.4827299209321681,0.583596214511041,0.1586206896551724,1,0.8655172413793103,1.1035612239666943,1.4322929671244229,5.237519766957973,,1.6142091718457174,0.1893939393939394,0.5792759051186017,-0.00773888880271,-0.0007674084948783,0.0147299509001636,0.3736300232480903,0.0,4,0.1586206896551724,0.4411152725759467,-0.0007674084948783,-0.00773888880271,1.4322929671244229,5.237519766957973,,1,0.8655172413793103
2021-07-23,2021,LONG,PM_LONG,5.76,1.720226843100189,1.3232514177693762,9.446428571428571,False,True,0.4411152725759467,0.3429047024552643,0.0163316582914572,0.4827299209321681,0.583596214511041,0.1586206896551724,1,0.8655172413793103,1.1035612239666943,1.4322929671244229,5.237519766957973,,1.6142091718457174,0.1893939393939394,0.5792759051186017,-0.00773888880271,-0.0007674084948783,0.0147299509001636,0.3736300232480903,0.0,4,0.1586206896551724,0.4411152725759467,-0.0007674084948783,-0.00773888880271,1.4322929671244229,5.237519766957973,,1,0.8655172413793103
2021-07-27,2021,SHORT,ORB_SHORT,26.76,2.6320907617504052,2.3598055105348457,33.05357142857143,True,True,-0.1117226649141542,0.5191817957775404,0.024390243902439,1.1632300994003122,0.6666666666666666,-0.963276836158192,0,0.0268361581920903,1.3575254016717553,2.2982009364988136,6.019485747145326,,0.94453240412647,0.208955223880597,0.6177606177606177,0.0008826318923476,0.0079378580121287,0.0103871576959395,0.1938481256007689,0.0,1,0.963276836158192,0.1117226649141542,-0.0079378580121287,-0.0008826318923476,-2.2982009364988136,-6.019485747145326,,0,-0.0268361581920903
2021-07-27,2021,SHORT,ORB_SHORT,-242.74,0.6671554252199413,6.107038123167155,24.357142857142858,False,False,-0.1117226649141542,0.5191817957775404,0.024390243902439,1.1632300994003122,0.6666666666666666,-0.963276836158192,0,0.0268361581920903,1.3575254016717553,2.2982009364988136,6.019485747145326,,0.94453240412647,0.208955223880597,0.6177606177606177,0.0008826318923476,0.0079378580121287,0.0103871576959395,0.1938481256007689,0.0,1,0.963276836158192,0.1117226649141542,-0.0079378580121287,-0.0008826318923476,-2.2982009364988136,-6.019485747145326,,0,-0.0268361581920903
2021-07-28,2021,LONG,VWAP_LONG,30.26,1.7103092783505154,2.3092783505154637,34.642857142857146,False,True,0.5441867515537365,0.9261785660148552,0.1394568202624351,1.0504774897680764,0.2978056426332288,0.3564213564213564,1,0.9148629148629148,1.3524887336067648,0.7155525238744928,4.060360770046994,,1.162827458029222,0.237037037037037,2.016067909655904,-0.0078454365339927,-0.0044579592697251,0.0121993726036946,1.0531504148525426,1.0,2,0.3564213564213564,0.5441867515537365,-0.0044579592697251,-0.0078454365339927,0.7155525238744928,4.060360770046994,,1,0.9148629148629148
2021-07-29,2021,LONG,PM_LONG,13.260000000000002,1.0887573964497042,0.9467455621301776,21.125,False,True,-0.2475465065182364,0.4701918851618573,0.0041288191577208,0.5697963966603193,0.2030075187969924,0.7223650385604113,2,0.7326478149100257,0.9211194953793396,1.2373663395342025,4.403544748791567,,1.1861182556876502,0.2573529411764705,1.015087153947561,-0.0004452242530215,-0.0021901304259879,0.0385220125786163,0.8382598150674548,1.0,3,0.7223650385604113,-0.2475465065182364,-0.0021901304259879,-0.0004452242530215,1.2373663395342025,4.403544748791567,,2,0.7326478149100257
2021-08-05,2021,LONG,PM_LONG,-0.7400000000000002,1.08839190628328,0.7752928647497338,16.767857142857142,False,False,0.1749271137026239,0.2716347863187087,0.0624589086127547,0.3640759439664368,0.326007326007326,0.328125,0,0.7734375,0.8156882614403169,1.0093152243475747,3.659333001493277,,0.437287754224526,0.2978723404255319,0.6328663869729076,0.005103777847772,-0.0006529828559627,0.1309987029831388,0.4660303200449186,0.0,3,0.328125,0.1749271137026239,-0.0006529828559627,0.005103777847772,1.0093152243475747,3.659333001493277,,0,0.7734375
2021-08-06,2021,SHORT,ORB_SHORT,-42.74,1.6683217477656405,1.7795431976166831,17.982142857142858,False,False,-0.2261325346312242,0.5211531261699738,0.1599147121535181,0.3279670535380007,0.3354430379746835,0.1278538812785388,3,0.3789954337899543,0.8578055223226448,1.383601647323102,4.136368401347807,,0.5134178147465193,0.2394366197183098,0.5615874204417821,-0.0056656121585839,0.0005536491326867,0.1288056206088993,0.2517243831330442,0.0,4,-0.1278538812785388,0.2261325346312242,-0.0005536491326867,0.0056656121585839,-1.383601647323102,-4.136368401347807,,-3,-0.3789954337899543
2021-08-16,2021,SHORT,ORB_SHORT,-83.24,1.234544295729764,4.805608667941364,30.173076923076923,False,False,-0.1984190998548153,0.4000645265365382,0.0849002849002849,1.2582674624939507,0.672090112640801,-0.6205128205128205,1,0.2128205128205128,1.1855297282300576,0.7650427488304565,3.115437973866756,,0.5265340185400496,0.2027027027027027,0.4742700435554122,0.0034521410852901,0.0047651624994411,0.0417690417690417,0.1774457156198925,0.0,0,0.6205128205128205,0.1984190998548153,-0.0047651624994411,-0.0034521410852901,-0.7650427488304565,-3.115437973866756,,-1,-0.2128205128205128
2021-08-17,2021,SHORT,ORB_SHORT,-76.24,0.6968325791855204,3.0935143288084466,23.678571428571427,False,False,-0.5597168491233846,0.7934809449337393,0.2203055692459339,0.6173347600625565,0.068814055636896,-0.2106666666666666,2,0.5173333333333333,1.2660160914826115,0.5288501111202568,2.949246851592718,,0.5468730448990565,0.1879194630872483,1.2840563009301176,0.0015906961777985,0.00137140961513,0.4366998577524893,0.935634779803194,1.0,1,0.2106666666666666,0.5597168491233846,-0.00137140961513,-0.0015906961777985,-0.5288501111202568,-2.949246851592718,,-2,-0.5173333333333333
2021-08-19,2021,LONG,PM_LONG,86.76,3.228942905596382,1.2662521198417185,31.589285714285715,True,True,-1.3517846595224032,1.1053919500464098,0.0813986013986014,0.8286220572103621,0.1927877947295423,0.6130346232179226,6,0.7026476578411406,1.303899448998856,-0.442578685343009,1.851151801535738,,0.8122265087577029,0.1324503311258278,0.7560543414057886,-0.0048589990432292,3.254755474468851e-06,0.0753045404208195,0.6715599426305577,1.0,3,0.6130346232179226,-1.3517846595224032,3.254755474468851e-06,-0.0048589990432292,-0.442578685343009,1.851151801535738,,6,0.7026476578411406
2021-08-23,2021,LONG,PM_LONG,72.26,4.637636080870918,0.2177293934681181,11.482142857142858,True,True,0.3417385534173855,0.4396151293961513,0.04875,0.8842070338420704,0.8732106339468303,0.9681050656660412,0,0.9868667917448404,0.9084197978700228,0.2272727272727273,2.1920039814200343,,1.0847685995263203,0.196078431372549,0.920703384207034,-0.0062854019747999,-0.0043189028339998,0.0206349206349206,0.5397472482674276,0.0,0,0.9681050656660412,0.3417385534173855,-0.0043189028339998,-0.0062854019747999,0.2272727272727273,2.1920039814200343,,0,0.9868667917448404
2021-08-24,2021,LONG,PM_LONG,-35.239999999999995,0.6420581655480985,1.7069351230425056,15.964285714285714,False,False,0.0439940293817267,0.4697933851834394,0.0223266745005875,0.3849477570901092,0.5120643431635389,0.6244897959183674,3,0.9551020408163264,0.8082017089749333,1.7240160263964175,3.4774766281718876,,1.4579824186019292,0.2467532467532467,1.3402466808076046,-0.0008685297423001,-0.0018253873920335,0.2703296703296703,0.5424684804246849,0.0,1,0.6244897959183674,0.0439940293817267,-0.0018253873920335,-0.0008685297423001,1.7240160263964175,3.4774766281718876,,3,0.9551020408163264
2021-08-25,2021,SHORT,ORB_SHORT,1.2599999999999998,1.1037735849056602,0.9675052410901468,18.346153846153847,False,True,0.0172294968986905,0.3911095796002757,0.0152091254752851,0.3945554789800138,0.2283813747228381,-0.2139737991266375,3,0.2358078602620087,0.8936758415220831,1.988886974500342,3.887870434183316,,1.2883049018244912,0.0967741935483871,0.4651964162646451,0.0056877646202252,0.0010202060117666,0.0739910313901345,0.2576793149501138,0.0,2,0.2139737991266375,-0.0172294968986905,-0.0010202060117666,-0.0056877646202252,-1.988886974500342,-3.887870434183316,,-3,-0.2358078602620087
2021-08-26,2021,SHORT,ORB_SHORT,-69.74000000000001,1.842414082145851,2.652137468566639,21.303571428571427,False,False,-0.1557604511682034,0.5227822039208666,0.0663507109004739,0.6910751051830634,0.4442190669371196,-0.3834196891191709,5,0.310880829015544,1.0096145840954445,1.9050219317876695,3.806928654551966,,1.3563222405225237,0.0256410256410256,0.4583296034374721,0.0031294272158722,-0.0004272180209231,0.0361197110423116,0.1395589248793935,0.0,3,0.3834196891191709,0.1557604511682034,0.0004272180209231,-0.0031294272158722,-1.9050219317876695,-3.806928654551966,,-5,-0.310880829015544
2021-08-30,2021,LONG,PM_LONG,-12.24,1.9662921348314608,2.064606741573034,12.714285714285714,False,False,0.1148909433623552,0.2854321874158513,0.0822444273635664,0.938874427789247,0.8231578947368421,0.9636711281070746,0,0.9674952198852772,0.9090480666916356,2.249439009065619,4.049510815905213,,1.5073328812166824,0.0253164556962025,1.1794273404541784,-0.0137552823574763,-0.0053826829987897,0.3254437869822485,0.374966520846353,0.0,0,0.9636711281070746,0.1148909433623552,-0.0053826829987897,-0.0137552823574763,2.249439009065619,4.049510815905213,,0,0.9674952198852772
2021-09-08,2021,SHORT,ORB_SHORT,92.26,3.1317157712305024,1.475736568457539,22.192307692307693,True,True,-0.1925034706154558,0.6367422489588154,0.0152526215443279,0.5886163813049514,0.2831683168316831,-0.9182389937106918,4,0.0691823899371069,0.9917963889804376,2.702915316982878,4.699416936603425,,0.5559058673151759,0.0242424242424242,0.6996760758907913,-0.0023967677747172,0.0031639278809412,0.1463664278403275,0.3864559819413092,0.0,2,0.9182389937106918,0.1925034706154558,-0.0031639278809412,0.0023967677747172,-2.702915316982878,-4.699416936603425,,-4,-0.0691823899371069
2021-09-20,2021,SHORT,VWAP_SHORT,189.26,5.666990291262136,0.4101941747572816,39.61538461538461,True,True,-3.3234793514288277,3.538475320254412,0.2081953134584713,0.992564722744782,0.2729624838292367,-0.2851985559566787,3,0.167870036101083,1.3248852792657873,0.3351249664068851,2.6278957269551233,,0.9653709275352932,0.0755813953488372,1.2344351876735644,-0.0010511386012104,0.0022181956355329,0.2980946527350953,0.8584442887175894,1.0,0,0.2851985559566787,3.3234793514288277,-0.0022181956355329,0.0010511386012104,-0.3351249664068851,-2.6278957269551233,,-3,-0.167870036101083
2021-09-21,2021,LONG,ORB_LONG,-47.24,0.6170798898071626,3.031404958677686,32.410714285714285,False,False,1.5239928909952605,1.0781990521327014,0.0769957487009919,0.7686611374407583,0.0782918149466192,-0.3892100192678227,2,0.2254335260115607,1.3425548780655054,-3.884330568720374,-2.0643364928909897,,1.7464196839839006,0.3757225433526011,2.012736966824644,-0.0028534153992151,-0.0005978218442592,0.291354663036079,1.608886500044791,1.0,1,-0.3892100192678227,1.5239928909952605,-0.0005978218442592,-0.0028534153992151,-3.884330568720374,-2.0643364928909897,,2,0.2254335260115607
2021-09-22,2021,LONG,PM_LONG,-82.24,3.337028824833703,5.168514412416851,16.107142857142858,True,False,-0.1505407775504238,1.0230926629640456,0.0756533700137551,0.7117801812335574,0.7281191806331471,0.5462012320328542,1,0.9322381930184804,0.9710105573247098,-2.225957322420345,-0.5265711780181216,,1.9849761134683748,0.396551724137931,0.9193218357205496,0.0005060125436928,-0.0006363874191404,0.0708318198329095,0.5228080568720379,0.0,2,0.5462012320328542,-0.1505407775504238,-0.0006363874191404,0.0005060125436928,-2.225957322420345,-0.5265711780181216,,1,0.9322381930184804
2021-09-23,2021,LONG,PM_LONG,-68.24000000000001,0.8952234206471495,2.5993836671802777,23.178571428571427,False,False,0.2033232840215943,0.7487905770174578,0.0342156229825694,0.886209072425156,0.7788018433179723,0.694620253164557,1,0.8781645569620253,0.9525290676146042,-1.5934235434340582,-0.0490780340741779,,2.0046117193371287,0.4514285714285714,1.1904928836850592,-0.002322893158086,0.0006749329175717,0.0845907636031092,0.57731657410114,0.0,3,0.694620253164557,0.2033232840215943,0.0006749329175717,-0.002322893158086,-1.5934235434340582,-0.0490780340741779,,1,0.8781645569620253
2021-09-23,2021,LONG,PM_LONG,-7.74,1.3662456946039034,0.9804822043628012,15.553571428571429,False,False,0.2033232840215943,0.7487905770174578,0.0342156229825694,0.886209072425156,0.7788018433179723,0.694620253164557,1,0.8781645569620253,0.9525290676146042,-1.5934235434340582,-0.0490780340741779,,2.0046117193371287,0.4514285714285714,1.1904928836850592,-0.002322893158086,0.0006749329175717,0.0845907636031092,0.57731657410114,0.0,3,0.694620253164557,0.2033232840215943,0.0006749329175717,-0.002322893158086,-1.5934235434340582,-0.0490780340741779,,1,0.8781645569620253
2021-09-28,2021,SHORT,ORB_SHORT,109.26,3.176572668112798,0.0728850325379609,41.160714285714285,True,True,-1.2235041588408908,1.436812449691441,0.1325390915860015,1.094714247383955,0.4994954591321897,-0.7083333333333334,0,0.1446078431372549,1.6122560298592594,-1.1672927287362471,0.0916554869868523,,0.7024817840089613,0.5,0.7874966460960559,-0.0021850899790158,3.625556708508615e-05,0.0668523676880222,0.3807588075880759,0.0,1,0.7083333333333334,1.2235041588408908,-3.625556708508615e-05,0.0021850899790158,1.1672927287362471,-0.0916554869868523,,0,-0.1446078431372549
2021-09-29,2021,LONG,PM_LONG,-44.24,0.4377399890290729,4.584750411409764,32.55357142857143,False,False,-0.1622291021671826,0.8383900928792569,0.0369761709120788,0.5894736842105263,0.005281690140845,0.1386554621848739,3,0.3907563025210084,1.551928364358278,-2.7649535603715134,-1.8260804953560343,,1.007622258582474,0.5921787709497207,1.4390092879256966,-0.0050049280490753,9.115166436024502e-05,0.031578947368421,0.6224845720418567,1.0,2,0.1386554621848739,-0.1622291021671826,9.115166436024502e-05,-0.0050049280490753,-2.7649535603715134,-1.8260804953560343,,3,0.3907563025210084
2021-09-30,2021,SHORT,ORB_SHORT,-59.74,1.724264705882353,3.2941176470588234,29.142857142857142,False,False,-0.1342281879194631,0.6263982102908277,0.0441932168550873,0.4389624523852711,0.1477663230240549,0.0523415977961432,7,0.2947658402203856,1.4436663980883873,-2.5806880706209547,-1.8506560251526711,,0.9467320081773828,0.6388888888888888,0.946852893161618,-0.0052876166542207,-0.0023248520038365,0.0135626860734369,0.6105263157894737,1.0,3,-0.0523415977961432,0.1342281879194631,0.0023248520038365,0.0052876166542207,2.5806880706209547,1.8506560251526711,,-7,-0.2947658402203856
2021-10-01,2021,SHORT,ORB_SHORT,-407.24,0.3384311790823878,6.098667982239763,36.19642857142857,False,False,-0.434937188907324,0.9054278264991704,0.0058915946582875,0.9137236311922255,0.7061224489795919,-0.8300907911802854,0,0.0376134889753566,1.7137495679083472,-2.501244370703962,-1.986181559611285,,0.7755664407284781,0.6850828729281768,0.9315003555344868,0.0028341227292875,0.0033452737271928,0.0202156334231805,0.6409093657415804,1.0,4,0.8300907911802854,0.434937188907324,-0.0033452737271928,-0.0028341227292875,2.501244370703962,1.986181559611285,,0,-0.0376134889753566
2021-10-04,2021,SHORT,ORB_SHORT,102.26,2.4434297311009643,1.1861998985286657,35.19642857142857,False,True,-0.4826597879048438,0.9274863857838922,0.0547891210090658,1.1842934938377758,0.8303747534516766,-0.9380445304937076,0,0.0019361084220716,1.7390962503777434,-2.2025795356835736,-1.8735224992834627,,0.8005412110650644,0.7362637362637363,1.2530811120664946,0.0073449894220689,0.0070161023303905,0.3970588235294117,1.234889784309078,1.0,0,0.9380445304937076,0.4826597879048438,-0.0070161023303905,-0.0073449894220689,2.2025795356835736,1.8735224992834627,,0,-0.0019361084220716
2021-10-05,2021,LONG,PM_LONG,43.76,2.4301521438450897,1.074688796680498,25.821428571428573,False,True,0.2420558754531883,0.5939432714864576,0.0181891673403395,0.6248667093196844,0.573373676248109,0.7986348122866894,1,0.8703071672354948,1.2245949118955102,-3.3227767114523337,-3.2215184474301553,,0.9366025659536344,0.825136612021858,1.5024525485178075,-0.0009569201536794,2.252399936120142e-06,0.0027307482250136,0.4333619948409286,0.0,1,0.7986348122866894,0.2420558754531883,2.252399936120142e-06,-0.0009569201536794,-3.3227767114523337,-3.2215184474301553,,1,0.8703071672354948
2021-10-05,2021,LONG,PM_LONG,0.2599999999999998,0.779510022271715,1.2628062360801782,16.035714285714285,False,True,0.2420558754531883,0.5939432714864576,0.0181891673403395,0.6248667093196844,0.573373676248109,0.7986348122866894,1,0.8703071672354948,1.2245949118955102,-3.3227767114523337,-3.2215184474301553,,0.9366025659536344,0.825136612021858,1.5024525485178075,-0.0009569201536794,2.252399936120142e-06,0.0027307482250136,0.4333619948409286,0.0,1,0.7986348122866894,0.2420558754531883,2.252399936120142e-06,-0.0009569201536794,-3.3227767114523337,-3.2215184474301553,,1,0.8703071672354948
2021-10-14,2021,LONG,PM_LONG,36.26,3.1132867132867132,0.1566433566433566,12.767857142857142,True,True,0.6681450057848052,0.7009255688391823,0.222944550669216,0.4030080987273428,0.6749435665914221,0.5167464114832536,1,0.7966507177033493,0.8169312430462582,-0.8179232549170831,-1.6464905514847648,,0.644243144119915,0.868421052631579,0.5196683378326262,-0.0003908465017843,-0.0004909863698205,0.0818540433925049,0.3396479142747799,0.0,3,0.5167464114832536,0.6681450057848052,-0.0004909863698205,-0.0003908465017843,-0.8179232549170831,-1.6464905514847648,,1,0.7966507177033493
2021-10-15,2021,LONG,PM_LONG,-54.74,0.5171503957783642,2.5611257695690415,20.303571428571427,False,False,0.2294509229970256,0.3455927482177423,0.0387742338961851,0.2096218308861716,0.0892857142857142,-0.3783783783783784,9,0.4234234234234234,0.6463067276230903,0.3527217789528378,-0.5451678391010817,3.633903026297154,0.7038933855202778,0.8952879581151832,0.5807091261035834,-0.0020521741452782,0.0017848240898551,0.2,0.2718858465098341,0.0,4,-0.3783783783783784,0.2294509229970256,0.0017848240898551,-0.0020521741452782,0.3527217789528378,-0.5451678391010817,3.633903026297154,9,0.4234234234234234
2021-10-18,2021,LONG,PM_LONG,44.26,3.95264116575592,0.5865209471766849,9.803571428571429,True,True,-0.0987393951013756,0.4917797056990844,0.0932847158918261,0.4179648180990269,0.4631083202511774,0.5321100917431193,1,0.7637614678899083,0.6723674495988681,0.7275080285673214,-0.2644298518909039,3.928265350141395,0.6604789109065321,0.8645833333333334,0.2933422805924363,0.0001042462234375,-0.0005276505126472,0.0690265486725663,0.2001794060714791,0.0,0,0.5321100917431193,-0.0987393951013756,-0.0005276505126472,0.0001042462234375,0.7275080285673214,-0.2644298518909039,3.928265350141395,1,0.7637614678899083
2021-10-19,2021,LONG,PM_LONG,15.760000000000002,1.1687840290381126,0.8130671506352087,19.678571428571427,False,True,0.2407849376823123,0.426412092283214,0.0664179104477612,0.2524529302572262,0.1487603305785124,0.1932773109243697,5,0.6638655462184874,0.8930908691723736,1.4342084327764504,0.4159321134977487,5.018255104746751,0.8132732552236472,0.7927461139896373,0.9578361177406524,-0.0059839107962914,0.0003625675254297,0.530791788856305,0.546421895221205,0.0,1,0.1932773109243697,0.2407849376823123,0.0003625675254297,-0.0059839107962914,1.4342084327764504,0.4159321134977487,5.018255104746751,5,0.6638655462184874
2021-10-20,2021,SHORT,ORB_SHORT,-28.24,3.1469740634005765,2.239193083573487,12.392857142857142,True,False,0.1125455147302217,0.2438486152488138,0.029659141212926,0.2946044356173453,0.225130890052356,0.3895131086142322,3,0.9737827715355806,0.8018835733296936,1.9539887454485287,0.9391592188017251,5.689837802052297,0.4828716615487623,0.7422680412371134,0.4248041487366214,0.0060537748837186,0.0019122850309423,0.2442996742671009,0.2407849376823123,0.0,2,-0.3895131086142322,-0.1125455147302217,-0.0019122850309423,-0.0060537748837186,-1.9539887454485287,-0.9391592188017251,-5.689837802052297,-3,-0.9737827715355806
2021-10-21,2021,LONG,PM_LONG,-40.74,1.7453083109919572,2.9839142091152815,13.321428571428571,False,False,-0.1428009220217012,0.29909484454939,0.020358306188925,0.437398099735762,0.7100737100737101,0.7917737789203085,0,0.922879177377892,0.7126317851898654,1.8790127621296435,0.8607409906111204,5.676690841625909,0.6243856169171904,0.7230769230769231,0.5734525215044696,0.0015861350644168,-0.003303423786239,0.140103780578206,0.5550038618558977,0.0,3,0.7917737789203085,-0.1428009220217012,-0.003303423786239,0.0015861350644168,1.8790127621296435,0.8607409906111204,5.676690841625909,0,0.922879177377892
2021-10-22,2021,LONG,VWAP_LONG,-195.24,0.1319796954314721,6.080493110949964,26.51923076923077,False,False,-0.1568449167471728,0.3932488492356651,0.0656676950198325,0.3557424561004716,0.0042075736325385,0.1597444089456869,4,0.6325878594249201,0.8490741739553499,2.222822071944081,1.185724839461274,6.039165766892081,0.3810954631759415,0.6989795918367347,0.5660055691311019,0.0003236289089587,0.0014491960427958,0.1051693404634581,0.1562939225276887,0.0,4,0.1597444089456869,-0.1568449167471728,0.0014491960427958,0.0003236289089587,2.222822071944081,1.185724839461274,6.039165766892081,4,0.6325878594249201
2021-10-27,2021,LONG,PM_LONG,-54.24,0.8848314606741574,6.01685393258427,12.714285714285714,False,False,-0.009543692215926,0.4091858037578288,0.040107853050219,0.4282731881896809,0.2673521850899742,0.6239554317548747,3,0.7604456824512534,1.0590942077923862,2.631494184312554,1.6874202206978863,6.707217417238291,0.6643470302906308,0.6180904522613065,0.9460184909036684,-0.0086709104523681,-0.004034277293496,0.16625133499466,0.8077652571683589,1.0,2,0.6239554317548747,-0.009543692215926,-0.004034277293496,-0.0086709104523681,2.631494184312554,1.6874202206978863,6.707217417238291,3,0.7604456824512534
2021-11-02,2021,LONG,PM_LONG,-42.74,0.1322314049586777,3.9173553719008263,15.125,False,False,0.1526301444535295,0.2575633687653311,0.0280464216634429,0.5669119651131099,0.4072096128170894,0.8341346153846154,3,0.8485576923076923,1.0615320420758452,3.3391932406650353,3.045761787953125,8.797131370945761,0.1398395110467527,0.4039408866995074,0.5628236576723903,-0.0089017023297035,-0.0031343471768752,0.0789115646258503,0.304410205227372,0.0,1,0.8341346153846154,0.1526301444535295,-0.0031343471768752,-0.0089017023297035,3.3391932406650353,3.045761787953125,8.797131370945761,3,0.8485576923076923
2021-11-04,2021,LONG,PM_LONG,0.2599999999999998,4.433333333333333,2.992156862745098,18.214285714285715,True,True,0.5200703193671257,0.514210372106651,0.0854219948849104,0.9449164957515382,0.9136212624584718,0.8062015503875969,0,0.9472868217054264,1.0771779092857283,4.315631409317314,4.599238206856142,10.784456489891593,0.3141333808002297,0.3268292682926829,1.0079109288016408,-0.0038443850275013,-0.0047607974643442,0.328077622801698,0.8653503457124527,1.0,3,0.8062015503875969,0.5200703193671257,-0.0047607974643442,-0.0038443850275013,4.315631409317314,4.599238206856142,10.784456489891593,0,0.9472868217054264
2021-11-04,2021,LONG,PM_LONG,17.26,4.239802224969098,0.3288009888751545,14.446428571428571,True,True,0.5200703193671257,0.514210372106651,0.0854219948849104,0.9449164957515382,0.9136212624584718,0.8062015503875969,0,0.9472868217054264,1.0771779092857283,4.315631409317314,4.599238206856142,10.784456489891593,0.3141333808002297,0.3268292682926829,1.0079109288016408,-0.0038443850275013,-0.0047607974643442,0.328077622801698,0.8653503457124527,1.0,3,0.8062015503875969,0.5200703193671257,-0.0047607974643442,-0.0038443850275013,4.315631409317314,4.599238206856142,10.784456489891593,0,0.9472868217054264
2021-11-05,2021,LONG,PM_LONG,-168.24,0.365079365079365,8.984126984126984,15.75,False,False,0.4484173505275498,0.7151230949589684,0.1294298921417565,0.4308323563892146,0.0393325387365911,0.1870748299319728,4,0.6700680272108843,1.1805831350883746,5.333821805392736,5.9104337631887445,12.12521981242673,0.6605020204743526,0.3252427184466019,1.298358733880422,-0.0004671111118619,0.0006521968481758,0.0478955007256894,0.4028713741576326,0.0,4,0.1870748299319728,0.4484173505275498,0.0006521968481758,-0.0004671111118619,5.333821805392736,5.9104337631887445,12.12521981242673,4,0.6700680272108843
2021-11-10,2021,SHORT,VWAP_SHORT,183.26,6.488059701492538,0.9402985074626866,23.928571428571427,True,True,-0.5347043701799485,0.9562982005141388,0.1001131221719457,1.0459052515607783,0.6559766763848397,0.4213483146067415,1,0.7584269662921348,1.4175804448239724,3.1655526992287877,4.790216672787371,11.062232831435914,1.405475318414194,0.3205741626794258,1.361733382298935,-0.0027128284142932,-0.0019758354697392,0.1144435674822415,0.6992797118847539,1.0,2,-0.4213483146067415,0.5347043701799485,0.0019758354697392,0.0027128284142932,-3.1655526992287877,-4.790216672787371,-11.062232831435914,-1,-0.7584269662921348
2021-11-12,2021,LONG,ORB_LONG,185.76,4.841221374045801,0.1816793893129771,23.392857142857142,True,True,0.3137254901960784,0.3529411764705882,0.0421779141104294,0.4429920116194626,0.0564516129032258,-0.3114754098360656,1,0.580327868852459,1.0039635213208882,1.4633986928104616,3.6226579520697126,9.745969498910672,1.092848819135751,0.3601895734597156,0.6056644880174292,-0.0023317494207341,-0.0006161400253694,0.1354933726067746,0.2729234839518206,0.0,4,-0.3114754098360656,0.3137254901960784,-0.0006161400253694,-0.0023317494207341,1.4633986928104616,3.6226579520697126,9.745969498910672,1,0.580327868852459
2021-11-15,2021,SHORT,ORB_SHORT,-83.24,1.320977253580455,3.585509688289806,21.196428571428573,False,False,0.3255355129650507,0.3974069898534385,0.0466830466830466,0.5496054114994363,0.5034965034965035,-0.7230769230769231,3,0.1461538461538461,1.0980165625784213,2.059540586245768,4.392418263810598,10.317700112739574,1.3738637209894593,0.3962264150943396,1.117531003382187,-0.0031754471666086,0.0024225027133302,0.338865836791148,0.8946986201888163,1.0,0,0.7230769230769231,-0.3255355129650507,-0.0024225027133302,0.0031754471666086,-2.059540586245768,-4.392418263810598,-10.317700112739574,-3,-0.1461538461538461
2021-11-17,2021,LONG,PM_LONG,29.76,2.917710196779964,2.6296958855098387,19.964285714285715,True,True,0.1100762066045723,0.3330510866497319,0.0388091440723019,0.3231724527236805,0.0811965811965812,0.0218340611353711,3,0.8165938864628821,0.91617662634291,2.187552921253173,4.9088060965283615,10.810421958791984,1.341389293622092,0.397196261682243,0.9864521591871296,-0.0064207867291031,-0.0015676426477247,0.2307692307692307,0.5954340513848135,0.0,2,0.0218340611353711,0.1100762066045723,-0.0015676426477247,-0.0064207867291031,2.187552921253173,4.9088060965283615,10.810421958791984,3,0.8165938864628821
2021-11-18,2021,LONG,MOM_LONG,95.58,3.797032640949555,-0.0083086053412462,30.089285714285715,True,True,0.4443504020313161,0.5092396670898576,0.1599073001158748,0.6658202849485118,0.0591016548463357,-0.413135593220339,4,0.3855932203389831,1.2160352552737856,2.053886302722528,4.968542812808573,10.859049231203278,0.6159085661969419,0.4,0.7278882776132036,-0.0098185544126835,-0.0012848868937316,0.0608800482218203,0.4642957945244143,0.0,3,-0.413135593220339,0.4443504020313161,-0.0012848868937316,-0.0098185544126835,2.053886302722528,4.968542812808573,10.859049231203278,4,0.3855932203389831
2021-11-19,2021,LONG,PM_LONG,-36.239999999999995,0.4727272727272727,4.109090909090909,20.625,False,False,0.4629565458451729,0.5530528796174371,0.0732331307962903,0.5599833668306882,0.2348804500703235,0.2202970297029703,2,0.551980198019802,0.9874946492298324,2.5533994039781014,5.60243953149906,11.405391919051906,0.6570099262900583,0.4259259259259259,1.0381869845450131,-0.0004499768019345,-0.0021421762254459,0.2213983050847457,0.7998307236563691,1.0,4,0.2202970297029703,0.4629565458451729,-0.0021421762254459,-0.0004499768019345,2.5533994039781014,5.60243953149906,11.405391919051906,2,0.551980198019802
2021-11-23,2021,SHORT,ORB_SHORT,75.26,2.125626204238921,1.2678227360308283,46.339285714285715,False,True,-1.35113048215745,0.7640969763007355,0.0703212761177263,1.0010896213565783,0.1358428805237315,-0.4557823129251701,2,0.0653061224489796,1.507651315202139,2.4967992372650523,5.894579133751025,11.66247616453282,0.5620585624206865,0.4449541284403669,1.699809316262599,0.0019083724428767,0.0028832132641569,0.2223371251292657,1.617544349769521,1.0,1,0.4557823129251701,1.35113048215745,-0.0028832132641569,-0.0019083724428767,-2.4967992372650523,-5.894579133751025,-11.66247616453282,-2,-0.0653061224489796
2021-11-30,2021,SHORT,ORB_SHORT,46.26,1.1574629220574313,1.6080782581255917,56.589285714285715,False,True,-0.3203046253779819,0.9093963489752492,0.0496043234896738,0.6170903796617763,0.3138500635324015,0.4972776769509981,2,0.764065335753176,1.1362497616693346,0.7131257699630418,3.73139209317953,8.624823608466798,1.6992330953495955,0.7533632286995515,0.9855526934707134,-0.0008099673680004,-0.0008361174494595,0.4167623421354764,0.789819572230852,1.0,1,-0.4972776769509981,0.3203046253779819,0.0008361174494595,0.0008099673680004,-0.7131257699630418,-3.73139209317953,-8.624823608466798,-2,-0.764065335753176
2021-12-01,2021,LONG,ORB_LONG,11.760000000000002,1.8960419647114928,8.37863614687649,37.44642857142857,False,True,0.8534578844010403,0.9405020964916936,0.0711513583441138,0.4532668117403535,0.233695652173913,-0.0843091334894613,5,0.550351288056206,0.949334262187494,-0.5921129451727647,2.2183111299824874,6.893222228119529,1.578402515003512,0.8169642857142857,1.6485324558144474,-0.0004289347244574,0.0021199404147769,0.2295864262990456,1.5936835031918468,1.0,2,-0.0843091334894613,0.8534578844010403,0.0021199404147769,-0.0004289347244574,-0.5921129451727647,2.2183111299824874,6.893222228119529,5,0.550351288056206
2021-12-02,2021,SHORT,VWAP_SHORT,-813.24,0.6208344266596694,3.262135922330097,68.05357142857143,False,False,-0.9800934389599836,0.8216534633353646,0.0490450725744843,0.9750152346130408,0.0015633142261594,0.0739583333333333,1,0.2291666666666666,1.591853552548579,-0.8538492788949797,1.757566524476945,6.2539914686166975,1.5640522134053476,0.8577777777777778,1.563071297989031,0.0055551713054227,0.0055298198604145,0.2099093120990931,1.2164959397059605,0.0,3,-0.0739583333333333,0.9800934389599836,-0.0055298198604145,-0.0055551713054227,0.8538492788949797,-1.757566524476945,-6.2539914686166975,-1,-0.2291666666666666
2021-12-03,2021,SHORT,ORB_SHORT,153.76,2.356902356902357,0.4024864024864025,68.94642857142857,False,True,0.1822692521897625,1.0531112348741836,0.0177339901477832,1.4530909827350516,0.6563321071991592,-0.8550522648083624,1,0.0229965156794425,1.3831020426904992,-1.041263733481852,1.4394815452382137,5.929340286567766,1.6046180407352924,0.8584070796460177,1.207027492278872,-0.0006460532877687,0.0076358531416792,0.147052986703711,0.8907170424537884,1.0,4,0.8550522648083624,-0.1822692521897625,-0.0076358531416792,0.0006460532877687,1.041263733481852,-1.4394815452382137,-5.929340286567766,-1,-0.0229965156794425
2021-12-07,2021,LONG,PM_LONG,-3.24,1.6941176470588235,1.6,21.25,False,False,0.9408180637068232,1.226647551632991,0.2617314930991217,0.5402983737287756,0.5246753246753246,0.9237147595356552,2,0.9253731343283582,0.8554373395243,-1.2124456789570373,0.6873527171721721,4.63742663859146,1.2653510126669032,0.9166666666666666,1.210519241969446,0.0050077930430354,-0.001269582276407,0.1684958037443512,0.5980222149318086,0.0,1,0.9237147595356552,0.9408180637068232,-0.001269582276407,0.0050077930430354,-1.2124456789570373,0.6873527171721721,4.63742663859146,2,0.9253731343283582
2021-12-09,2021,SHORT,ORB_SHORT,-6.24,3.330578512396694,1.8600206611570247,37.23076923076923,True,False,-0.0655824877032835,0.4147649222315771,0.0554765291607396,0.5326361501307219,0.632088520055325,-0.4076539101497504,1,0.0748752079866888,1.01828558539196,0.4819869721274414,2.2373377054991805,6.237461780475917,1.4606420607281747,0.917391304347826,0.4519874152523597,0.0001979790973609,0.0022550631636171,0.1500306184935701,0.2930089102124742,0.0,3,0.4076539101497504,0.0655824877032835,-0.0022550631636171,-0.0001979790973609,-0.4819869721274414,-2.2373377054991805,-6.237461780475917,-1,-0.0748752079866888
2021-12-09,2021,SHORT,ORB_SHORT,123.26,3.4887459807073955,1.4517684887459807,22.214285714285715,True,True,-0.0655824877032835,0.4147649222315771,0.0554765291607396,0.5326361501307219,0.632088520055325,-0.4076539101497504,1,0.0748752079866888,1.01828558539196,0.4819869721274414,2.2373377054991805,6.237461780475917,1.4606420607281747,0.917391304347826,0.4519874152523597,0.0001979790973609,0.0022550631636171,0.1500306184935701,0.2930089102124742,0.0,3,0.4076539101497504,0.0655824877032835,-0.0022550631636171,-0.0001979790973609,-0.4819869721274414,-2.2373377054991805,-6.237461780475917,-1,-0.0748752079866888
2021-12-10,2021,SHORT,ORB_SHORT,-206.24,0.1203266007735281,3.2788998710786417,41.55357142857143,False,False,0.3527214282611529,0.6333347812866513,0.1140325807373535,0.4482863472481647,0.238095238095238,-0.2480620155038759,3,0.2558139534883721,0.6052177265260971,-0.2186699100820964,1.4330741496894148,5.394339950479996,1.5007529361503766,0.922077922077922,0.9139481343121498,-0.0066243425887281,0.0001573635868031,0.1535300709749719,0.4395799175787654,0.0,4,0.2480620155038759,-0.3527214282611529,-0.0001573635868031,0.0066243425887281,0.2186699100820964,-1.4330741496894148,-5.394339950479996,-3,-0.2558139534883721
2021-12-13,2021,SHORT,ORB_SHORT,15.760000000000002,2.0989399293286217,0.8197879858657244,35.375,False,True,0.2790091264667536,0.3155149934810952,0.0351758793969849,0.5345501955671447,0.3805888767720828,-0.8341463414634146,4,0.0878048780487804,0.4627526733934498,0.0546718817905271,1.6181660147761818,5.629461103867883,1.0232433381553794,0.918103448275862,0.6797044763146458,-0.0005391636944849,0.0022244000145443,0.0391352963101006,0.3457712523348247,0.0,0,0.8341463414634146,-0.2790091264667536,-0.0022244000145443,0.0005391636944849,-0.0546718817905271,-1.6181660147761818,-5.629461103867883,-4,-0.0878048780487804
2021-12-22,2021,LONG,PM_LONG,106.76,1.8234530506274336,0.6784941583729986,41.267857142857146,False,True,0.0230058593047916,0.3242388295769078,0.0109151973131822,0.3184873647507099,0.297741273100616,0.5304740406320542,3,0.7878103837471784,0.9313042109469284,-0.3893741687335982,0.092670477012115,3.540691613645352,1.1946083173312736,0.9873949579831932,1.084870052841583,-0.002587413749002,-6.86989801874649e-05,0.5478478896782282,1.083869093022411,1.0,2,0.5304740406320542,0.0230058593047916,-6.86989801874649e-05,-0.002587413749002,-0.3893741687335982,0.092670477012115,3.540691613645352,3,0.7878103837471784
2021-12-23,2021,LONG,PM_LONG,108.76,2.6744791666666665,0.25390625,29.53846153846154,True,True,0.168618965903156,0.225322688950235,0.0076643807987091,0.2909796314258002,0.5076923076923077,0.7871794871794872,2,0.8589743589743589,0.799713385404445,0.1333283593225375,0.5244795941207187,4.1402857569200915,1.1330123532341785,0.9707112970711296,0.6177721405655451,-0.003889472148487,-0.0010163055598866,0.1190706679574056,0.3443689564686006,0.0,3,0.7871794871794872,0.168618965903156,-0.0010163055598866,-0.003889472148487,0.1333283593225375,0.5244795941207187,4.1402857569200915,2,0.8589743589743589
2021-12-23,2021,LONG,PM_LONG,4.26,0.646795827123696,1.961251862891207,11.982142857142858,False,True,0.168618965903156,0.225322688950235,0.0076643807987091,0.2909796314258002,0.5076923076923077,0.7871794871794872,2,0.8589743589743589,0.799713385404445,0.1333283593225375,0.5244795941207187,4.1402857569200915,1.1330123532341785,0.9707112970711296,0.6177721405655451,-0.003889472148487,-0.0010163055598866,0.1190706679574056,0.3443689564686006,0.0,3,0.7871794871794872,0.168618965903156,-0.0010163055598866,-0.003889472148487,0.1333283593225375,0.5244795941207187,4.1402857569200915,2,0.8589743589743589
2021-12-27,2021,LONG,PM_LONG,-28.74,1.4388888888888889,2.112962962962963,19.285714285714285,False,False,0.0607720298608245,0.2423378474697078,0.0228270412642669,0.541696364932288,0.6888888888888889,0.9778393351800554,2,0.9916897506925209,0.7643630592270869,0.7371797276512758,1.032029110552576,4.713857523352214,1.0993909793542345,0.9625,0.4884270548073677,-0.0086545179592389,-0.0049828273547058,0.2243861134631668,0.2357681116168022,0.0,0,0.9778393351800554,0.0607720298608245,-0.0049828273547058,-0.0086545179592389,0.7371797276512758,1.032029110552576,4.713857523352214,2,0.9916897506925209
2021-12-30,2021,LONG,PM_LONG,21.76,1.5555555555555556,1.8372703412073492,20.410714285714285,False,True,-0.0259873213371658,0.3205102964917116,0.0123561994034938,0.3716974445800685,0.302491103202847,0.6377118644067796,2,0.8580508474576272,0.7075016034661047,1.1665944796629537,1.318328936488563,5.277627278812457,0.4929013950872631,0.9300411522633744,0.5087215025396701,0.0043794650826769,-0.0029489270437714,0.1558350803633822,0.1955562319281692,0.0,3,0.6377118644067796,-0.0259873213371658,-0.0029489270437714,0.0043794650826769,1.1665944796629537,1.318328936488563,5.277627278812457,2,0.8580508474576272
2022-01-06,2022,SHORT,ORB_SHORT,-813.24,0.006766917293233,3.3090225563909774,73.88888888888889,False,False,-0.6424322538003966,0.6768010575016523,0.0287849432604483,0.8883013879709187,0.0477259966311061,0.4791666666666667,2,0.8482142857142857,1.5347192451304652,-1.1711830799735623,-0.9857501652346348,3.4675391055298532,0.8622454408234124,0.8588709677419355,1.5263273848865389,-0.0055536286793334,-0.0059351551484969,0.3725766654917166,1.1909466499012034,1.0,3,-0.4791666666666667,0.6424322538003966,0.0059351551484969,0.0055536286793334,1.1711830799735623,0.9857501652346348,-3.4675391055298532,-2,-0.8482142857142857
2022-01-06,2022,LONG,PM_LONG,17.76,0.6115508648490179,1.2969803576663734,60.910714285714285,False,True,-0.6424322538003966,0.6768010575016523,0.0287849432604483,0.8883013879709187,0.0477259966311061,0.4791666666666667,2,0.8482142857142857,1.5347192451304652,-1.1711830799735623,-0.9857501652346348,3.4675391055298532,0.8622454408234124,0.8588709677419355,1.5263273848865389,-0.0055536286793334,-0.0059351551484969,0.3725766654917166,1.1909466499012034,1.0,3,0.4791666666666667,-0.6424322538003966,-0.0059351551484969,-0.0055536286793334,-1.1711830799735623,-0.9857501652346348,3.4675391055298532,2,0.8482142857142857
2022-01-07,2022,SHORT,ORB_SHORT,-80.74,1.5253878702397743,1.6882933709449928,50.642857142857146,False,False,-0.2580468678763563,0.8343211452539436,0.0336917562724014,0.6774870064739673,0.1614497528830313,-0.5329744279946165,2,0.0874831763122476,1.3715067345576395,-1.2956597063919002,-1.2045591319412792,3.366266982766484,0.9190905412824688,0.8393574297188755,1.0841615756359988,0.0037394644178077,0.0040424835542667,0.0185027042413891,0.2943379599030623,0.0,4,0.5329744279946165,0.2580468678763563,-0.0040424835542667,-0.0037394644178077,1.2956597063919002,1.2045591319412792,-3.366266982766484,-2,-0.0874831763122476
2022-01-11,2022,LONG,PM_LONG,169.26,2.7420620763467713,0.1897966464502319,50.05357142857143,True,True,0.4869757362002294,0.6552500743636595,0.0329631588224925,0.6051077210725364,0.0753846153846153,-0.0421348314606741,4,0.4662921348314606,1.7889053235074677,-2.339310755109848,-2.4833892831343234,1.665550503548206,0.5683826538545828,0.8924302788844621,1.2127650533293672,-0.0046328856638632,-0.0037029235560868,0.2484472049689441,1.066267183644695,1.0,1,-0.0421348314606741,0.4869757362002294,-0.0037029235560868,-0.0046328856638632,-2.339310755109848,-2.4833892831343234,1.665550503548206,4,0.4662921348314606
2022-01-14,2022,LONG,PM_LONG,-131.24,0.0221483942414175,2.7685492801771874,67.725,False,False,-0.554641211323239,0.7973996050032917,0.0756143667296786,0.728275181040158,0.1771674744211093,0.5423728813559322,1,0.5853107344632769,1.3958702817157187,-1.642157669519423,-1.9368663594470048,1.929608294930876,1.2853086283216382,0.8888888888888888,1.435154707044108,-0.00203598710155,-0.0033050934475,0.2618928392588883,0.9111430330391956,1.0,4,0.5423728813559322,-0.554641211323239,-0.0033050934475,-0.00203598710155,-1.642157669519423,-1.9368663594470048,1.929608294930876,1,0.5853107344632769
2022-01-21,2022,SHORT,ORB_SHORT,195.12,2.476043276661515,2.6027820710973724,80.875,False,True,-0.9830944505696434,0.7855567805953693,0.0009954651034177,1.0529217199558984,0.1448931116389548,-0.0514834205933682,2,0.6945898778359512,1.6215775669979413,-3.2714994487320808,-3.813763322307976,0.0014470782800414,0.6478067766448086,0.8095238095238095,1.217383314957736,0.0069656719360814,-0.0002322907882913,0.324963503649635,1.1038503126322223,1.0,4,0.0514834205933682,0.9830944505696434,0.0002322907882913,-0.0069656719360814,3.2714994487320808,3.813763322307976,-0.0014470782800414,-2,-0.6945898778359512
2022-01-21,2022,LONG,PM_LONG,81.64,1.2944756554307115,4.0898876404494375,76.28571428571429,False,True,-0.9830944505696434,0.7855567805953693,0.0009954651034177,1.0529217199558984,0.1448931116389548,-0.0514834205933682,2,0.6945898778359512,1.6215775669979413,-3.2714994487320808,-3.813763322307976,0.0014470782800414,0.6478067766448086,0.8095238095238095,1.217383314957736,0.0069656719360814,-0.0002322907882913,0.324963503649635,1.1038503126322223,1.0,4,-0.0514834205933682,-0.9830944505696434,-0.0002322907882913,0.0069656719360814,-3.2714994487320808,-3.813763322307976,0.0014470782800414,2,0.6945898778359512
2022-01-24,2022,SHORT,ORB_SHORT,182.96,3.8289233576642334,1.6083485401459854,99.63636363636364,True,True,-0.9809334828746442,1.636614614787335,0.1272680807564528,0.9930118195151412,0.1339031339031339,-0.2528236316246742,2,0.4943527367506516,1.6640423115713572,-4.609956000345097,-5.336071089638514,-1.8681131912690896,1.042651382182367,0.8571428571428571,1.417479078595462,0.0054845265715705,-0.0008255483639831,0.1705948372615039,1.041896361631753,0.0,0,0.2528236316246742,0.9809334828746442,0.0008255483639831,-0.0054845265715705,4.609956000345097,5.336071089638514,1.8681131912690896,-2,-0.4943527367506516
2022-01-24,2022,SHORT,ORB_SHORT,245.76,3.707241910631742,2.9707241910631743,81.125,True,True,-0.9809334828746442,1.636614614787335,0.1272680807564528,0.9930118195151412,0.1339031339031339,-0.2528236316246742,2,0.4943527367506516,1.6640423115713572,-4.609956000345097,-5.336071089638514,-1.8681131912690896,1.042651382182367,0.8571428571428571,1.417479078595462,0.0054845265715705,-0.0008255483639831,0.1705948372615039,1.041896361631753,0.0,0,0.2528236316246742,0.9809334828746442,0.0008255483639831,-0.0054845265715705,4.609956000345097,5.336071089638514,1.8681131912690896,-2,-0.4943527367506516
2022-01-25,2022,SHORT,ORB_SHORT,73.76,1.216115510013973,3.824406148113647,76.67857142857143,False,True,-0.041850915982312,1.1655085281111812,0.0853961456102783,0.8472836386607706,0.063943161634103,-0.1332712022367194,3,0.548928238583411,1.6618359479030602,-4.621801958307014,-5.537271004421984,-2.479725994946302,0.8660340561456545,0.9246031746031746,1.760897030953885,-0.0020881480509585,3.505249425495016e-05,0.0558456299659477,1.4217927702527824,1.0,1,0.1332712022367194,0.041850915982312,-3.505249425495016e-05,0.0020881480509585,4.621801958307014,5.537271004421984,2.479725994946302,-3,-0.548928238583411
2022-01-28,2022,LONG,PM_LONG,383.76,2.90532241555783,0.7200614124872057,69.78571428571429,True,True,0.2314610554895639,0.9577464788732394,0.0293165633959123,0.6563719667402003,0.1085714285714285,-0.5563598759048604,2,0.3009307135470527,1.255957061796751,-3.6830476836925183,-5.0964737824537565,-2.818024775156965,1.1001800228958654,1.0,1.2034617342609877,-0.004638223254344,0.0022316968424124,0.1419888569981428,0.7669365146996165,1.0,4,-0.5563598759048604,0.2314610554895639,0.0022316968424124,-0.004638223254344,-3.6830476836925183,-5.0964737824537565,-2.818024775156965,2,0.3009307135470527
2022-01-28,2022,LONG,PM_LONG,51.26,1.3643059490084986,2.6492917847025494,63.035714285714285,False,True,0.2314610554895639,0.9577464788732394,0.0293165633959123,0.6563719667402003,0.1085714285714285,-0.5563598759048604,2,0.3009307135470527,1.255957061796751,-3.6830476836925183,-5.0964737824537565,-2.818024775156965,1.1001800228958654,1.0,1.2034617342609877,-0.004638223254344,0.0022316968424124,0.1419888569981428,0.7669365146996165,1.0,4,-0.5563598759048604,0.2314610554895639,0.0022316968424124,-0.004638223254344,-3.6830476836925183,-5.0964737824537565,-2.818024775156965,2,0.3009307135470527
2022-01-31,2022,LONG,PM_LONG,80.76,2.691527878349022,0.8211440984793628,49.32142857142857,True,True,0.7054834713438091,0.507270000652018,0.0454545454545454,0.8026341527026146,0.464100666173205,0.6173842404549147,0,0.8497156783103168,0.8861847057691545,-2.644976201343156,-4.173710634413511,-2.0992762600247787,0.9673684324556744,1.0,1.176240464236813,0.0012478540135225,-0.0050207990155328,0.1713041832292258,1.0269811640929918,1.0,0,0.6173842404549147,0.7054834713438091,-0.0050207990155328,0.0012478540135225,-2.644976201343156,-4.173710634413511,-2.0992762600247787,0,0.8497156783103168
2022-02-01,2022,LONG,VWAP_LONG,-65.24000000000001,0.98026734563972,1.1807765754296626,56.107142857142854,False,False,0.5060703666997026,0.3685579781962338,0.0630330767630538,0.5519078295341923,0.2132097334878331,-0.5959595959595959,2,0.3658810325476992,1.0577453150027452,-1.0021989593657068,-2.5861372646184324,-0.7128066154608507,1.1813056086527074,1.0,1.0183349851337955,0.0055821552962409,0.0045060021791433,0.0859758090879372,0.3899067614266153,0.0,1,-0.5959595959595959,0.5060703666997026,0.0045060021791433,0.0055821552962409,-1.0021989593657068,-2.5861372646184324,-0.7128066154608507,2,0.3658810325476992
2022-02-02,2022,SHORT,VWAP_SHORT,138.26,2.1963927855711423,0.7935871743486974,62.375,False,True,0.6241913597778409,0.3982454479472372,0.056353591160221,0.3843605036447978,0.200769724182168,-0.7881773399014779,4,0.1428571428571428,0.9542874557159728,-0.3951844488623822,-2.094796301555744,-0.2826848433210271,1.1609043425815218,0.996031746031746,0.5623402442487929,-0.0092161465306276,0.0045123440332158,0.137987545067191,0.3264370664023786,0.0,2,0.7881773399014779,-0.6241913597778409,-0.0045123440332158,0.0092161465306276,0.3951844488623822,2.094796301555744,0.2826848433210271,-4,-0.1428571428571428
2022-02-09,2022,LONG,PM_LONG,-1.2400000000000002,2.12142152023692,1.050345508390918,36.17857142857143,False,False,0.5377845614262982,0.537135063163706,0.1908440629470672,0.2572013119864904,0.075356415478615,0.0681818181818181,5,0.73989898989899,0.7230585730449177,-0.3466696976585587,-2.2964180170818045,-0.8882862988341516,1.0909101449335057,0.9761904761904762,0.7560159776572597,0.0056667350885299,0.0025650583155072,0.2465890183028286,0.6817455753625967,1.0,2,0.0681818181818181,0.5377845614262982,0.0025650583155072,0.0056667350885299,-0.3466696976585587,-2.2964180170818045,-0.8882862988341516,5,0.73989898989899
2022-02-11,2022,SHORT,ORB_SHORT,49.76,7.134660816739791,0.3496456294296321,52.910714285714285,True,True,-0.1292417600259782,0.5487903880500081,0.0075557898436127,0.4591654489365157,0.1882022471910112,-0.2857142857142857,2,0.338048090523338,0.9583595757369704,-0.0225685987985062,-2.0493326838772523,-0.8142717973697038,0.7447936629695879,0.9722222222222222,0.8741678843968177,0.0123133645064108,0.0036575996936918,0.257185332011893,0.6898983746353348,1.0,4,0.2857142857142857,0.1292417600259782,-0.0036575996936918,-0.0123133645064108,0.0225685987985062,2.0493326838772523,0.8142717973697038,-2,-0.338048090523338
2022-02-14,2022,LONG,PM_LONG,73.76,1.012592831772683,4.262835001614466,55.30357142857143,False,True,-0.1599054255848681,0.6613987058237929,0.0041928721174004,0.3826530612244898,0.0037622272385252,0.1691056910569105,5,0.3398373983739837,0.9006039984670233,-1.0530114484818327,-3.0618715778994527,-1.9736902687904416,0.9528320215536102,0.992063492063492,1.3899950223992037,-0.0076452766902511,-0.0063722480420025,0.3439197659841203,1.1469394382204905,1.0,0,0.1691056910569105,-0.1599054255848681,-0.0063722480420025,-0.0076452766902511,-1.0530114484818327,-3.0618715778994527,-1.9736902687904416,5,0.3398373983739837
2022-02-15,2022,LONG,PM_LONG,-104.24,1.4513447432762836,3.0601466992665034,36.517857142857146,False,False,0.5487509095318942,0.850715498423478,0.1323915900131406,0.1873635702158622,0.0694668820678513,0.2524271844660194,4,0.6019417475728155,0.686830118183451,-0.9329068639340304,-2.964188697550328,-1.9984022556390972,0.963138210454306,1.0,0.7076158137278681,0.0048269224189891,0.0011292112554417,0.0098509724677948,0.3969636635141861,0.0,1,0.2524271844660194,0.5487509095318942,0.0011292112554417,0.0048269224189891,-0.9329068639340304,-2.964188697550328,-1.9984022556390972,4,0.6019417475728155
2022-02-15,2022,LONG,ORB_LONG,90.76,2.4473503097040603,0.9731589814177564,25.946428571428573,False,True,0.5487509095318942,0.850715498423478,0.1323915900131406,0.1873635702158622,0.0694668820678513,0.2524271844660194,4,0.6019417475728155,0.686830118183451,-0.9329068639340304,-2.964188697550328,-1.9984022556390972,0.963138210454306,1.0,0.7076158137278681,0.0048269224189891,0.0011292112554417,0.0098509724677948,0.3969636635141861,0.0,1,0.2524271844660194,0.5487509095318942,0.0011292112554417,0.0048269224189891,-0.9329068639340304,-2.964188697550328,-1.9984022556390972,4,0.6019417475728155
2022-02-17,2022,SHORT,ORB_SHORT,26.26,4.364285714285714,1.8357142857142856,35.0,True,True,-0.3664778750340733,0.4300814731804828,0.1032234697573343,0.3894963200775358,0.52453653217012,-0.6920684292379471,1,0.1010886469673405,0.7530895932047514,0.1161522851864191,-1.960723263773208,-1.1303722324862933,1.0559463961038262,0.996031746031746,0.6305842444801163,-0.0014865926979364,0.0010983965461845,0.2449047778149014,0.5005144344247413,0.0,3,0.6920684292379471,0.3664778750340733,-0.0010983965461845,0.0014865926979364,-0.1161522851864191,1.960723263773208,1.1303722324862933,-1,-0.1010886469673405
2022-02-17,2022,SHORT,ORB_SHORT,111.26,5.2416,0.6048,22.321428571428573,True,True,-0.3664778750340733,0.4300814731804828,0.1032234697573343,0.3894963200775358,0.52453653217012,-0.6920684292379471,1,0.1010886469673405,0.7530895932047514,0.1161522851864191,-1.960723263773208,-1.1303722324862933,1.0559463961038262,0.996031746031746,0.6305842444801163,-0.0014865926979364,0.0010983965461845,0.2449047778149014,0.5005144344247413,0.0,3,0.6920684292379471,0.3664778750340733,-0.0010983965461845,0.0014865926979364,-0.1161522851864191,1.960723263773208,1.1303722324862933,-1,-0.1010886469673405
2022-02-18,2022,SHORT,ORB_SHORT,96.26,3.119610048743907,1.5159355080614922,51.28846153846154,True,True,0.0149785806296995,0.4086156795782031,0.050314465408805,0.4056199634522632,0.2923875432525951,-0.8183161004431314,2,0.0827178729689808,0.9620109274634632,-0.7837991671909152,-2.836008507833799,-2.119957460831013,1.139009145563507,1.0,0.7291573050537731,0.0096515681267381,0.0071230608563946,0.2886734244160423,0.3870733258624345,0.0,4,0.8183161004431314,-0.0149785806296995,-0.0071230608563946,-0.0096515681267381,0.7837991671909152,2.836008507833799,2.119957460831013,-2,-0.0827178729689808
2022-02-22,2022,LONG,PM_LONG,-407.24,0.0692789968652037,5.509717868338558,61.34615384615385,False,False,0.3812621990891346,0.973975276512687,0.1193719695220503,0.6421600520494469,0.3800475059382422,0.6798378926038501,1,0.7558257345491388,0.8364902940718477,-1.9419973975276503,-4.042199089134678,-3.523975276512686,1.096612487203567,0.9404761904761904,0.4326610279765777,-0.0053783751512619,-0.006590258559918,0.393526405451448,0.3366379443466444,0.0,1,0.6798378926038501,0.3812621990891346,-0.006590258559918,-0.0053783751512619,-1.9419973975276503,-4.042199089134678,-3.523975276512686,1,0.7558257345491388
2022-02-23,2022,SHORT,ORB_SHORT,6.76,6.3195380173243505,2.8498556304138596,37.107142857142854,True,True,0.0396271153408906,0.4079644005586774,0.0440624382533096,0.6392308441874818,0.6082317073170732,-0.75,1,0.1026422764227642,1.1217505599754003,-1.2609867801344714,-3.2803585929125947,-2.8933738266151305,0.9628196887116144,0.9404761904761904,1.0348523727547343,0.0026057782388551,0.0035995374646057,0.0351130351130351,0.8796356538711776,1.0,2,0.75,-0.0396271153408906,-0.0035995374646057,-0.0026057782388551,1.2609867801344714,3.2803585929125947,2.8933738266151305,-1,-0.1026422764227642
2022-02-23,2022,SHORT,ORB_SHORT,576.02,5.216,1.2,31.25,True,True,0.0396271153408906,0.4079644005586774,0.0440624382533096,0.6392308441874818,0.6082317073170732,-0.75,1,0.1026422764227642,1.1217505599754003,-1.2609867801344714,-3.2803585929125947,-2.8933738266151305,0.9628196887116144,0.9404761904761904,1.0348523727547343,0.0026057782388551,0.0035995374646057,0.0351130351130351,0.8796356538711776,1.0,2,0.75,-0.0396271153408906,-0.0035995374646057,-0.0026057782388551,1.2609867801344714,3.2803585929125947,2.8933738266151305,-1,-0.1026422764227642
2022-02-24,2022,LONG,PM_LONG,120.76,5.218915801614763,0.3520184544405997,77.41071428571429,True,True,-1.2464458110163328,1.301329101368776,0.1335306824545963,1.1221318521457384,0.3279383429672447,0.7719505008839128,0,0.807307012374779,1.5236606564147708,-2.363585267473383,-4.349018051973813,-4.100601732460489,0.9811762272354216,0.9285714285714286,1.3410037690934338,-0.0079999426250636,-0.0121626580095208,0.3142857142857143,0.7438204436937669,1.0,3,0.7719505008839128,-1.2464458110163328,-0.0121626580095208,-0.0079999426250636,-2.363585267473383,-4.349018051973813,-4.100601732460489,0,0.807307012374779
2022-02-24,2022,LONG,PM_LONG,-81.24,4.806973218797372,1.2945932289034865,70.67857142857143,True,False,-1.2464458110163328,1.301329101368776,0.1335306824545963,1.1221318521457384,0.3279383429672447,0.7719505008839128,0,0.807307012374779,1.5236606564147708,-2.363585267473383,-4.349018051973813,-4.100601732460489,0.9811762272354216,0.9285714285714286,1.3410037690934338,-0.0079999426250636,-0.0121626580095208,0.3142857142857143,0.7438204436937669,1.0,3,0.7719505008839128,-1.2464458110163328,-0.0121626580095208,-0.0079999426250636,-2.363585267473383,-4.349018051973813,-4.100601732460489,0,0.807307012374779
2022-02-24,2022,LONG,PM_LONG,448.76,4.824661439771917,0.9529579472558805,50.107142857142854,True,True,-1.2464458110163328,1.301329101368776,0.1335306824545963,1.1221318521457384,0.3279383429672447,0.7719505008839128,0,0.807307012374779,1.5236606564147708,-2.363585267473383,-4.349018051973813,-4.100601732460489,0.9811762272354216,0.9285714285714286,1.3410037690934338,-0.0079999426250636,-0.0121626580095208,0.3142857142857143,0.7438204436937669,1.0,3,0.7719505008839128,-1.2464458110163328,-0.0121626580095208,-0.0079999426250636,-2.363585267473383,-4.349018051973813,-4.100601732460489,0,0.807307012374779
2022-02-25,2022,LONG,VWAP_LONG,85.46,2.659408602150538,0.653494623655914,71.53846153846153,True,True,0.441460556734332,0.8822877410773665,0.0526439759745613,0.4667954523862305,0.0090270812437311,-0.0488466757123473,4,0.8371777476255088,1.10296010683999,-1.5442568958419112,-3.360965259524337,-3.233806251385502,1.1130520156013253,0.9603174603174603,1.9659879025873264,-0.0004571447148791,0.0054119034768469,0.2671056398511308,1.1465978972426103,1.0,4,-0.0488466757123473,0.441460556734332,0.0054119034768469,-0.0004571447148791,-1.5442568958419112,-3.360965259524337,-3.233806251385502,4,0.8371777476255088
2022-02-25,2022,LONG,PM_LONG,-43.239999999999995,1.335820895522388,1.4850746268656716,33.5,False,False,0.441460556734332,0.8822877410773665,0.0526439759745613,0.4667954523862305,0.0090270812437311,-0.0488466757123473,4,0.8371777476255088,1.10296010683999,-1.5442568958419112,-3.360965259524337,-3.233806251385502,1.1130520156013253,0.9603174603174603,1.9659879025873264,-0.0004571447148791,0.0054119034768469,0.2671056398511308,1.1465978972426103,1.0,4,-0.0488466757123473,0.441460556734332,0.0054119034768469,-0.0004571447148791,-1.5442568958419112,-3.360965259524337,-3.233806251385502,4,0.8371777476255088
2022-02-28,2022,LONG,PM_LONG,188.36,1.973568281938326,3.26431718061674,56.75,False,True,-0.1551530694021478,0.9706683763423626,0.1208472686733556,0.3346690174707485,0.0893141945773524,0.6091954022988506,4,0.7298850574712644,0.9821471099842936,-0.8247154992787297,-2.574104824491104,-2.560105786183683,1.215822616849203,0.9523809523809524,0.8834749158518993,0.0050930025544546,-0.0022496964586755,0.1400845981587459,0.4819963897773696,0.0,0,0.6091954022988506,-0.1551530694021478,-0.0022496964586755,0.0050930025544546,-0.8247154992787297,-2.574104824491104,-2.560105786183683,4,0.7298850574712644
2022-02-28,2022,LONG,PM_LONG,-253.74,0.387774594078319,4.606494746895892,37.392857142857146,False,False,-0.1551530694021478,0.9706683763423626,0.1208472686733556,0.3346690174707485,0.0893141945773524,0.6091954022988506,4,0.7298850574712644,0.9821471099842936,-0.8247154992787297,-2.574104824491104,-2.560105786183683,1.215822616849203,0.9523809523809524,0.8834749158518993,0.0050930025544546,-0.0022496964586755,0.1400845981587459,0.4819963897773696,0.0,0,0.6091954022988506,-0.1551530694021478,-0.0022496964586755,0.0050930025544546,-0.8247154992787297,-2.574104824491104,-2.560105786183683,4,0.7298850574712644
2022-03-01,2022,LONG,PM_LONG,-407.24,0.3264840182648402,4.498695368558383,58.96153846153846,False,False,0.3499866417312316,0.687282928132514,0.0249965088674766,0.336628372962864,0.0448028673835125,0.4265873015873015,6,0.6507936507936508,0.9681771180334688,-0.9239580550360664,-2.7438551963665496,-2.8350120224418927,1.1501982271099531,0.9166666666666666,0.7941490782794549,-0.0078128078438659,-0.0059166695006436,0.119648737650933,0.4366084308382754,0.0,1,0.4265873015873015,0.3499866417312316,-0.0059166695006436,-0.0078128078438659,-0.9239580550360664,-2.7438551963665496,-2.8350120224418927,6,0.6507936507936508
2022-03-02,2022,LONG,PM_LONG,99.64,2.6323529411764706,1.3455882352941178,68.0,True,True,0.0290524925718058,0.6140640475404424,0.0307186740962994,0.472763288213932,0.0460829493087557,-0.1187150837988826,4,0.5321229050279329,0.9387708178452908,-0.7676130736216592,-2.599352921756356,-2.782575107296137,1.1025802227009225,0.9206349206349206,0.8167712116209971,0.007696576020832,0.0049192322115618,0.1575040593829738,0.7086561581619022,1.0,2,-0.1187150837988826,0.0290524925718058,0.0049192322115618,0.007696576020832,-0.7676130736216592,-2.599352921756356,-2.782575107296137,4,0.5321229050279329
2022-03-04,2022,SHORT,ORB_SHORT,84.78,1.8299776286353469,1.767337807606264,55.875,False,True,-0.2029334940727346,0.9088473645435672,0.0529983108108108,0.5445047217199116,0.4253393665158371,-0.6063960639606396,2,0.092250922509225,0.8505049462688388,-0.7085258857410767,-2.555542160605452,-2.963930748107963,0.7984184772914805,0.9047619047619048,0.9550599424017148,0.0030227679980165,0.0030002044572426,0.105103448275862,0.389682565628167,0.0,4,0.6063960639606396,0.2029334940727346,-0.0030002044572426,-0.0030227679980165,0.7085258857410767,2.555542160605452,2.963930748107963,-2,-0.092250922509225
2022-03-04,2022,SHORT,ORB_SHORT,84.12,2.641263940520446,0.4488847583643122,38.42857142857143,True,True,-0.2029334940727346,0.9088473645435672,0.0529983108108108,0.5445047217199116,0.4253393665158371,-0.6063960639606396,2,0.092250922509225,0.8505049462688388,-0.7085258857410767,-2.555542160605452,-2.963930748107963,0.7984184772914805,0.9047619047619048,0.9550599424017148,0.0030227679980165,0.0030002044572426,0.105103448275862,0.389682565628167,0.0,4,0.6063960639606396,0.2029334940727346,-0.0030002044572426,-0.0030227679980165,0.7085258857410767,2.555542160605452,2.963930748107963,-2,-0.092250922509225
2022-03-08,2022,LONG,PM_LONG,-407.24,4.902566788894709,3.1241487689889995,68.17857142857143,True,False,-0.2385019710906701,0.8337713534822602,0.0058817238797989,0.6563731931668857,0.1932849364791288,-0.6076076076076076,4,0.045045045045045,1.280549069553527,-2.0427398160315393,-3.8680683311432302,-4.5672568988173445,0.8714595068921718,0.9166666666666666,1.3331143232588698,0.0071249218020809,0.001777506602095,0.2361304711458043,0.5995717344753747,0.0,1,-0.6076076076076076,-0.2385019710906701,0.001777506602095,0.0071249218020809,-2.0427398160315393,-3.8680683311432302,-4.5672568988173445,4,0.045045045045045
2022-03-08,2022,LONG,PM_LONG,-407.24,0.0159226613591128,3.7259027580324138,62.80357142857143,False,False,-0.2385019710906701,0.8337713534822602,0.0058817238797989,0.6563731931668857,0.1932849364791288,-0.6076076076076076,4,0.045045045045045,1.280549069553527,-2.0427398160315393,-3.8680683311432302,-4.5672568988173445,0.8714595068921718,0.9166666666666666,1.3331143232588698,0.0071249218020809,0.001777506602095,0.2361304711458043,0.5995717344753747,0.0,1,-0.6076076076076076,-0.2385019710906701,0.001777506602095,0.0071249218020809,-2.0427398160315393,-3.8680683311432302,-4.5672568988173445,4,0.045045045045045
2022-03-09,2022,LONG,ORB_LONG,36.76,2.4946100190234626,1.1274571972098923,56.32142857142857,False,True,0.3762911171142539,1.1498490386143334,0.1794812143771083,0.3851898935324964,0.2990936555891239,0.1897689768976897,3,0.8976897689768977,0.872771109026348,-1.6181789289686972,-3.3887176227554443,-4.21709518512633,0.913114213682576,0.9563492063492064,1.3913872556809153,0.0061100489422512,-0.0007031992398873,0.1663249965832991,1.3955321944809462,1.0,2,0.1897689768976897,0.3762911171142539,-0.0007031992398873,0.0061100489422512,-1.6181789289686972,-3.3887176227554443,-4.21709518512633,3,0.8976897689768977
2022-03-09,2022,LONG,PM_LONG,94.76,3.463071512309496,0.6565064478311841,30.464285714285715,True,True,0.3762911171142539,1.1498490386143334,0.1794812143771083,0.3851898935324964,0.2990936555891239,0.1897689768976897,3,0.8976897689768977,0.872771109026348,-1.6181789289686972,-3.3887176227554443,-4.21709518512633,0.913114213682576,0.9563492063492064,1.3913872556809153,0.0061100489422512,-0.0007031992398873,0.1663249965832991,1.3955321944809462,1.0,2,0.1897689768976897,0.3762911171142539,-0.0007031992398873,0.0061100489422512,-1.6181789289686972,-3.3887176227554443,-4.21709518512633,3,0.8976897689768977
2022-03-10,2022,SHORT,ORB_SHORT,15.760000000000002,1.3226014166130071,2.6828718609143594,59.73076923076923,False,True,-0.519488757096191,0.6882116012812788,0.1156666167888672,0.3678919158922965,0.1241830065359477,-0.6155172413793103,6,0.0603448275862069,0.9358348355367428,-0.6681044051885465,-2.4484729314008433,-3.4142272684025228,1.064197044303875,0.9563492063492064,0.7307094605309061,0.0065796748866526,0.00616574312626,0.147396293027361,0.3864611473065311,0.0,3,0.6155172413793103,0.519488757096191,-0.00616574312626,-0.0065796748866526,0.6681044051885465,2.4484729314008433,3.4142272684025228,-6,-0.0603448275862069
2022-03-11,2022,SHORT,ORB_SHORT,107.26,2.632026452527161,0.7935758148323099,37.80357142857143,True,True,0.2973766455156738,1.0272437415159263,0.0705596107055961,0.5543454241247593,0.6876310272536688,-0.9191343963553532,0,0.0239179954441913,0.4221991459562726,-0.9622438993591584,-2.7338194904820527,-3.840149004009219,1.0462443103953645,0.9603174603174603,0.6042238848375794,0.0028321499407122,0.0073622721440953,0.1247203579418344,0.4065839967016587,0.0,4,0.9191343963553532,-0.2973766455156738,-0.0073622721440953,-0.0028321499407122,0.9622438993591584,2.7338194904820527,3.840149004009219,0,-0.0239179954441913
2022-03-15,2022,LONG,PM_LONG,-68.24000000000001,2.306818181818182,1.8006198347107438,34.57142857142857,False,False,0.1601183203652498,0.6301845540479712,0.0403834979662986,0.5375860073307183,0.3048973143759874,0.5741626794258373,1,0.8911483253588517,0.4182735802948425,-2.0020898977557695,-3.739463700083595,-5.183142563179217,0.9731989537630374,0.9325396825396826,0.9549225130216706,-0.003625094839857,-0.0037639417239432,0.2506122448979592,0.7558328459088841,1.0,1,0.5741626794258373,0.1601183203652498,-0.0037639417239432,-0.003625094839857,-2.0020898977557695,-3.739463700083595,-5.183142563179217,1,0.8911483253588517
2022-03-16,2022,LONG,PM_LONG,-57.74,0.3545454545454545,8.661038961038962,44.42307692307692,False,False,0.5962636724421643,0.8530958603555641,0.1265729089563286,0.6504694608459974,0.7293906810035843,0.9206349206349206,2,0.945436507936508,0.2494098643641266,-1.0950859871583905,-2.8449262736747003,-4.438586132352465,1.159648661267166,0.9285714285714286,0.82534765914884,-0.0012450460819608,-0.0076197823177057,0.1062100986651189,0.3433862774098128,0.0,2,0.9206349206349206,0.5962636724421643,-0.0076197823177057,-0.0012450460819608,-1.0950859871583905,-2.8449262736747003,-4.438586132352465,2,0.945436507936508
2022-03-17,2022,LONG,PM_LONG,80.74,3.8988603988603985,0.0797720797720797,25.071428571428573,True,True,0.2334703611886905,0.477610066840305,0.0712372790573112,0.4889070198010481,0.2029384756657483,0.3093709884467265,0,0.582798459563543,0.1942473474226411,0.026547839457748,-1.6746728590705098,-3.3325289484419636,1.1663591693710358,0.9642857142857144,1.0054288135061349,0.0056988686908692,0.0011903175906387,0.0629853321829163,0.9931274803987996,1.0,3,0.3093709884467265,0.2334703611886905,0.0011903175906387,0.0056988686908692,0.026547839457748,-1.6746728590705098,-3.3325289484419636,0,0.582798459563543
2022-03-21,2022,LONG,VWAP_LONG,105.26,3.7253858435337945,4.366152208621607,33.55357142857143,True,True,0.8786943657939108,1.1802882321127477,0.1214128035320088,0.607641650494703,0.5951265229615745,-0.5287958115183246,1,0.0722513089005235,0.8282038039051207,0.6691693443196621,-0.9857029236789364,-2.7614640664270036,1.1772935250286742,0.9404761904761904,0.6973562816148633,0.0024404238379542,0.0054712577558306,0.1107286288009179,0.4029246555998368,0.0,0,-0.5287958115183246,0.8786943657939108,0.0054712577558306,0.0024404238379542,0.6691693443196621,-0.9857029236789364,-2.7614640664270036,1,0.0722513089005235
2022-03-22,2022,LONG,PM_LONG,-0.7400000000000002,1.8760806916426511,1.8054755043227664,24.785714285714285,False,False,0.2342331057806726,0.3901797457255589,0.0128273650454302,0.6068766831590154,0.6720751494449189,0.9318885448916407,2,0.9969040247678018,0.9369197365823898,1.3087931358426754,-0.2260537358301511,-2.046834095321601,1.011590958312745,0.9682539682539684,0.7089622346088807,-0.0071415220293959,-0.0084684987701548,0.0105263157894736,0.5344701428435084,0.0,1,0.9318885448916407,0.2342331057806726,-0.0084684987701548,-0.0071415220293959,1.3087931358426754,-0.2260537358301511,-2.046834095321601,2,0.9969040247678018
2022-03-23,2022,SHORT,VWAP_SHORT,-5.24,1.2109520846297448,1.8033602986932171,28.696428571428573,False,False,-0.3407495241364246,0.3925484444721815,0.1261971830985915,0.360096108840141,0.324577861163227,0.4298093587521663,5,0.9202772963604852,1.075063252525615,2.114394483102943,0.7391393890223737,-1.1232658283146617,0.238952772320438,0.9682539682539684,0.7732393047711175,-0.0057160086653659,-0.0022565430116552,0.1003779924401511,0.1709776413853573,0.0,2,-0.4298093587521663,0.3407495241364246,0.0022565430116552,0.0057160086653659,-2.114394483102943,-0.7391393890223737,1.1232658283146617,-5,-0.9202772963604852
2022-03-24,2022,LONG,PM_LONG,39.26,2.7764540995094604,0.4905395935529082,25.482142857142858,True,True,0.1020994193095526,0.3165081998596133,0.0748150178130994,0.3126794716355051,0.007069913589945,-0.1836734693877551,7,0.5510204081632653,1.0520764363685289,1.6261246889158338,0.352766256141918,-1.628345351285814,0.8308532906579293,0.9285714285714286,0.5666517771680174,-7.104524066048334e-06,0.002724262393084,0.12013165112452,0.3151621056573158,0.0,3,-0.1836734693877551,0.1020994193095526,0.002724262393084,-7.104524066048334e-06,1.6261246889158338,0.352766256141918,-1.628345351285814,7,0.5510204081632653
2022-03-25,2022,LONG,VWAP_LONG,-407.24,0.7487640449438203,5.1658426966292135,39.732142857142854,False,False,0.192320358295462,0.3892511361391029,0.0099153567110036,0.2476453928736086,0.1074074074074074,0.1037234042553191,3,0.8324468085106383,0.8222114427948773,2.0722518606336053,0.971968649147071,-1.145751827702036,0.7993100974090236,0.8690476190476191,0.6928801949548837,-0.0006122142132314,0.0021048989048255,0.2956862745098039,0.4990109118754387,0.0,4,0.1037234042553191,0.192320358295462,0.0021048989048255,-0.0006122142132314,2.0722518606336053,0.971968649147071,-1.145751827702036,3,0.8324468085106383
2022-03-29,2022,LONG,PM_LONG,229.76,2.869750889679715,0.8270462633451957,25.089285714285715,True,True,0.6126788481637655,0.6263740224168379,0.1774761186525892,0.5377157890943165,0.4570637119113573,-0.3619302949061662,1,0.2546916890080429,1.0424727229067552,2.727357912567127,1.8546004973510677,-0.5695786931920581,0.8223818474112121,0.8293650793650794,0.6970122896168955,0.0145826160783224,0.0015276173139413,0.1536441234405778,0.35458478122119,0.0,1,-0.3619302949061662,0.6126788481637655,0.0015276173139413,0.0145826160783224,2.727357912567127,1.8546004973510677,-0.5695786931920581,1,0.2546916890080429
2022-03-30,2022,SHORT,ORB_SHORT,-85.24,2.2989634478996184,2.2684124386252047,32.732142857142854,False,False,-0.2099511072763877,0.3882657463330457,0.0568525130458665,0.2530917457578372,0.061262959472196,0.4914772727272727,6,0.7670454545454546,0.8219635004727529,3.4209807305148128,2.7403508771929816,0.2866120218579254,0.7268601682686876,0.8293650793650794,0.6241012366983032,-0.0049193927270322,-0.0033936499298701,0.2815158546017015,0.4887014812412153,0.0,2,-0.4914772727272727,0.2099511072763877,0.0033936499298701,0.0049193927270322,-3.4209807305148128,-2.7403508771929816,-0.2866120218579254,-6,-0.7670454545454546
2022-04-01,2022,SHORT,ORB_SHORT,159.76,1.9807583474816073,2.1709111488398416,31.553571428571427,False,True,-0.3908574010618669,0.2507813382535678,0.022680412371134,0.3795609443837783,0.097029702970297,-0.3015873015873015,3,0.4365079365079365,0.9800314121397762,2.6802349662989022,2.2611740783974095,-0.361034755431714,0.6987682778232164,0.7976190476190477,0.4081786346349362,0.00510558556719,-0.0015212441074475,0.0194552529182879,0.2552569025415981,0.0,4,0.3015873015873015,0.3908574010618669,0.0015212441074475,-0.00510558556719,-2.6802349662989022,-2.2611740783974095,0.361034755431714,-3,-0.4365079365079365
2022-04-04,2022,LONG,PM_LONG,122.76,1.8741517581739664,0.811844540407156,28.946428571428573,False,True,0.2604008502884907,0.4160340115396295,0.0581057524694944,0.5602793805040995,0.640625,0.7506775067750677,0,0.8143631436314364,0.8683620366318685,1.916147889462494,1.6275280898876394,-1.038760249013056,0.8482691556446466,0.7936507936507936,0.6270877619192226,-0.0133618286602309,-0.0061050006324578,0.0595373530527114,0.4081786346349362,0.0,0,0.7506775067750677,0.2604008502884907,-0.0061050006324578,-0.0133618286602309,1.916147889462494,1.6275280898876394,-1.038760249013056,0,0.8143631436314364
2022-04-06,2022,SHORT,ORB_SHORT,-3.24,2.467676767676768,4.801010101010101,35.357142857142854,False,False,-0.6847405112316034,0.876839659178931,0.2672737011247991,0.5840433772269559,0.6601466992665037,-0.7108753315649867,0,0.0689655172413793,1.1221904340247102,1.559450038729667,1.6234856700232363,-1.041502711076686,0.9409827675169168,0.7777777777777778,0.9829589465530596,0.0022629034173086,0.0051569490386313,0.1517241379310344,0.4100827689992475,0.0,2,0.7108753315649867,0.6847405112316034,-0.0051569490386313,-0.0022629034173086,-1.559450038729667,-1.6234856700232363,1.041502711076686,0,-0.0689655172413793
2022-04-07,2022,SHORT,ORB_SHORT,76.92,2.3498711340206184,3.2429123711340204,55.42857142857143,False,True,-0.3985635925969772,0.5374689238783,0.039046060322656,0.46959472791129,0.032258064516129,0.4067226890756302,5,0.4571428571428571,1.229595716336332,0.6840692948186733,0.90962471883509,-1.7900122331399737,0.9362623036241804,0.7658730158730159,0.8113334122568171,-0.0084023880942891,-0.0028944256940552,0.0936837643069097,0.5716498838109992,0.0,3,-0.4067226890756302,0.3985635925969772,0.0028944256940552,0.0084023880942891,-0.6840692948186733,-0.90962471883509,1.7900122331399737,-5,-0.4571428571428571
2022-04-14,2022,SHORT,ORB_SHORT,73.26,2.796909492273731,0.9426048565121412,32.357142857142854,True,True,0.0087004666613936,0.378074824013288,0.0114691425450573,0.6794273511033774,0.7045203969128997,-0.729918509895227,1,0.1641443538998835,0.9620849006321412,-1.1172981096258787,-0.2189511982915445,-2.950545756545124,1.0393578900886091,0.7579365079365079,0.9649608479000238,0.0090435293056805,0.0066884236933255,0.3532870122928915,0.4417129262490087,0.0,3,0.729918509895227,-0.0087004666613936,-0.0066884236933255,-0.0090435293056805,1.1172981096258787,0.2189511982915445,2.950545756545124,-1,-0.1641443538998835
2022-04-18,2022,LONG,PM_LONG,-17.740000000000002,2.8354430379746836,0.9254571026722924,25.392857142857142,True,False,-0.2929124913789606,0.5363300742423628,0.0246460409019402,0.568785751957483,0.2195918367346938,0.7375178316690443,4,0.8687589158345221,0.9653096039995492,-2.0837762181021553,-1.0610734715404284,-3.9265122317335415,1.0903185299218647,0.7380952380952381,1.0369589029980932,-0.0119361662200959,-0.0039051091127135,0.181073703366697,0.4429328482164043,0.0,0,0.7375178316690443,-0.2929124913789606,-0.0039051091127135,-0.0119361662200959,-2.0837762181021553,-1.0610734715404284,-3.9265122317335415,4,0.8687589158345221
2022-04-19,2022,LONG,PM_LONG,30.76,2.6934058463630186,1.3038749150237934,26.267857142857142,True,True,-0.1236654437528339,0.631518199431139,0.0786838340486409,0.8796735232284925,0.6003184713375797,0.8219306466729147,2,0.9765698219306468,1.0229760114927815,-2.190032565233522,-1.1243002596974327,-4.068292180221775,1.1078898020238652,0.7142857142857143,0.7131373923080093,-0.0009319133259653,-0.0044038420365997,0.0898915704791885,0.6272059718446995,1.0,1,0.8219306466729147,-0.1236654437528339,-0.0044038420365997,-0.0009319133259653,-2.190032565233522,-1.1243002596974327,-4.068292180221775,2,0.9765698219306468
2022-04-19,2022,LONG,PM_LONG,75.76,2.402030456852792,3.5675126903553296,17.589285714285715,False,True,-0.1236654437528339,0.631518199431139,0.0786838340486409,0.8796735232284925,0.6003184713375797,0.8219306466729147,2,0.9765698219306468,1.0229760114927815,-2.190032565233522,-1.1243002596974327,-4.068292180221775,1.1078898020238652,0.7142857142857143,0.7131373923080093,-0.0009319133259653,-0.0044038420365997,0.0898915704791885,0.6272059718446995,1.0,1,0.8219306466729147,-0.1236654437528339,-0.0044038420365997,-0.0009319133259653,-2.190032565233522,-1.1243002596974327,-4.068292180221775,2,0.9765698219306468
2022-04-22,2022,SHORT,VWAP_SHORT,154.76,4.019710502001848,0.7366800123190638,62.44230769230769,True,True,0.0047820196062803,0.5316011795648362,0.0188425302826379,0.6216625488164501,0.264069264069264,-0.5076923076923077,5,0.2256410256410256,1.289099877747663,-2.4813501235355053,-1.542376663744322,-4.497126803219891,1.0637104765077523,0.7420634920634921,1.8299195026699608,0.0014578921240927,-0.0007259223538027,0.499566599248772,1.5984125643840243,1.0,4,0.5076923076923077,-0.0047820196062803,0.0007259223538027,-0.0014578921240927,2.4813501235355053,1.542376663744322,4.497126803219891,-5,-0.2256410256410256
2022-04-25,2022,LONG,PM_LONG,-407.24,0.6748035914702581,3.0092592592592595,68.53846153846153,False,False,-0.4982456140350877,0.5497076023391813,0.0060481276540985,0.6814814814814815,0.3658536585365853,0.7231121281464531,4,0.9668192219679634,1.3787614855050283,-3.093216374269008,-2.2738089668616013,-5.237563352826513,1.0709270319791662,0.7738095238095238,1.2538011695906432,-0.0095479578716226,-0.0109472493040687,0.2053544265287496,0.8001912807842512,1.0,0,0.7231121281464531,-0.4982456140350877,-0.0109472493040687,-0.0095479578716226,-3.093216374269008,-2.2738089668616013,-5.237563352826513,4,0.9668192219679634
2022-04-26,2022,SHORT,ORB_SHORT,-72.74,1.4896551724137932,1.710344827586207,36.25,False,False,0.1639471639471639,0.4887334887334887,0.0653113087674714,0.8811188811188811,0.6468619246861924,-0.929453262786596,0,0.04673721340388,1.2581142492162891,-3.0552059052059075,-2.3593317793317787,-5.374405594405595,1.0663706780904894,0.7738095238095238,0.8003108003108003,0.0075603443980456,0.0094609244530433,0.0261123877167328,0.6432748538011696,1.0,1,0.929453262786596,-0.1639471639471639,-0.0094609244530433,-0.0075603443980456,3.0552059052059075,2.3593317793317787,5.374405594405595,0,-0.04673721340388
2022-04-27,2022,LONG,PM_LONG,295.76,1.855813953488372,1.324031007751938,69.10714285714286,False,True,-0.2657299938912645,0.9896151496640196,0.0591745400298359,0.991142333536958,0.2440347071583514,-0.1178736517719568,1,0.1633281972265023,1.4377966948963916,-3.586362248014659,-3.1103695784972487,-6.11749389126451,0.4722115299175474,0.7777777777777778,1.0835369578497251,-0.0018300609719499,6.245274276617252e-06,0.0547184773988897,0.2626262626262626,0.0,2,-0.1178736517719568,-0.2657299938912645,6.245274276617252e-06,-0.0018300609719499,-3.586362248014659,-3.1103695784972487,-6.11749389126451,1,0.1633281972265023
2022-04-28,2022,SHORT,ORB_SHORT,-407.24,0.4755417956656346,6.828482972136222,67.29166666666667,False,False,0.5237877401646844,0.6534004269594389,0.0242092932448262,0.7250686184812444,0.4486414844267727,-0.6971608832807571,2,0.0147213459516298,1.4720263007140746,-3.454559316864898,-3.241003354681306,-6.28825480329369,0.6054685395629903,0.7777777777777778,0.9896309850564196,-0.0099477547023296,0.0023202226465696,0.0015334063526834,0.7567196090409286,1.0,3,0.6971608832807571,-0.5237877401646844,-0.0023202226465696,0.0099477547023296,3.454559316864898,3.241003354681306,6.28825480329369,-2,-0.0147213459516298
2022-05-02,2022,SHORT,VWAP_SHORT,121.76,2.2831926323868,2.229470452801228,46.535714285714285,False,True,-0.2765767620616293,0.5806053119209389,0.0411852657333152,0.8283576967950038,0.3771125060357315,0.5791217895608948,3,0.903893951946976,1.401581098202973,-2.8795552810376797,-3.037622675176723,-5.890560016471074,1.4567102034989614,0.8412698412698413,1.3643538535447122,0.0007447838580418,-0.0061583502465767,0.3539823008849557,0.8493729950422865,1.0,0,-0.5791217895608948,0.2765767620616293,0.0061583502465767,-0.0007447838580418,2.8795552810376797,3.037622675176723,5.890560016471074,-3,-0.903893951946976
2022-05-03,2022,LONG,PM_LONG,-168.24,0.9410377358490566,2.179245283018868,60.57142857142857,False,False,0.4346043460434604,0.4619379527128604,0.0214067278287461,0.5029383627169605,0.0953271028037383,0.123641304347826,4,0.6929347826086957,1.262779763624216,-2.683169331693319,-3.029492961596283,-5.918662019953534,1.464101365334473,0.8412698412698413,0.9149924832581658,0.0033129302589396,0.0015682084519648,0.0590372388737511,0.839338411914076,1.0,1,0.123641304347826,0.4346043460434604,0.0015682084519648,0.0033129302589396,-2.683169331693319,-3.029492961596283,-5.918662019953534,4,0.6929347826086957
2022-05-04,2022,LONG,ORB_LONG,92.88,9.724176437744276,5.667225013958682,31.982142857142858,True,True,-0.0455062571103526,0.2033991795083945,0.0066603235014272,0.5178060468162857,0.6497584541062802,-0.9001331557922769,2,0.0612516644474034,0.8854305939203084,-1.8516909711448952,-2.4256765608301456,-5.370631226945219,1.5081104514869932,0.8333333333333334,0.5957182748991623,0.0003794135174313,0.0066087064968423,0.0856236786469344,0.3245865791991253,0.0,2,-0.9001331557922769,-0.0455062571103526,0.0066087064968423,0.0003794135174313,-1.8516909711448952,-2.4256765608301456,-5.370631226945219,2,0.0612516644474034
2022-05-05,2022,SHORT,ORB_SHORT,91.3,3.373986376905611,1.4122607849497242,55.05357142857143,True,True,-0.2224820444295974,0.5745782528812426,0.1590073529411764,0.9787873726407216,0.9936507936507936,-0.9726962457337884,0,0.0163822525597269,1.1228765533483098,-0.7998329714381169,-1.5262401870719904,-4.378095874394522,1.5115195827796988,0.8531746031746031,1.4678470018373142,0.0066152782625428,0.010880586375272,0.3146198830409357,1.3603612921019066,1.0,3,0.9726962457337884,0.2224820444295974,-0.010880586375272,-0.0066152782625428,0.7998329714381169,1.5262401870719904,4.378095874394522,0,-0.0163822525597269
2022-05-06,2022,LONG,ORB_LONG,-65.24000000000001,0.989926920797946,2.731977088682599,90.41071428571428,False,False,0.093406770380391,0.481205913614842,0.0694997786631252,0.8271330563339454,0.0039525691699604,-0.2281931464174454,1,0.5202492211838006,1.4002767589034115,-2.3404193641897777,-3.2169807066705305,-6.00315328373112,1.5198696324290228,0.9087301587301588,1.613682481399169,-0.0083989643811673,0.0003964746401329,0.174782784400889,0.7108735593786537,1.0,4,-0.2281931464174454,0.093406770380391,0.0003964746401329,-0.0083989643811673,-2.3404193641897777,-3.2169807066705305,-6.00315328373112,1,0.5202492211838006
2022-05-09,2022,SHORT,ORB_SHORT,-60.24,1.2902033271719038,1.8040665434380776,67.625,False,False,-0.394314243012052,0.7479250802938278,0.0893776321946654,0.6258148631029987,0.357006975269499,-0.4684959349593496,3,0.0975609756097561,1.0832064360822076,-2.3573313829618106,-3.4321747702483556,-6.199195471746113,1.330927079794609,0.9325396825396826,1.0430247718383312,-0.0030153727585178,0.0030934896198566,0.044559250887956,0.6261474538602764,1.0,0,0.4684959349593496,0.394314243012052,-0.0030934896198566,0.0030153727585178,2.3573313829618106,3.4321747702483556,6.199195471746113,-3,-0.0975609756097561
2022-05-11,2022,SHORT,ORB_SHORT,-29.74,1.9878833775085196,1.5107913669064748,47.160714285714285,False,False,-0.5494160492276781,1.1390179580560091,0.0508727435476652,0.8344844907698105,0.2587532023911187,0.3152746425884123,3,0.6192626034612491,1.2885187198260704,-2.211760642973752,-3.576855456486249,-6.400480346603039,1.315793448223469,0.9523809523809524,0.9475072208966472,0.001837702287563,0.0012964949266642,0.0630541871921182,0.6226783353270793,1.0,2,-0.3152746425884123,0.5494160492276781,-0.0012964949266642,-0.001837702287563,2.211760642973752,3.576855456486249,6.400480346603039,-3,-0.6192626034612491
2022-05-12,2022,LONG,PM_LONG,-407.24,1.0357723577235771,4.012195121951219,87.85714285714286,False,False,-0.5676801591742834,0.7846794752222844,0.090427293805896,0.8798109805384567,0.3825315273236805,0.4367491166077738,1,0.7137809187279152,1.225695727482679,-3.0692035068084293,-4.552931666977556,-7.412345333582044,1.046792072711027,0.9722222222222222,1.1844805073680285,0.0007797015760788,-0.0080996430295621,0.2540037885310832,0.8784377747080246,1.0,3,0.4367491166077738,-0.5676801591742834,-0.0080996430295621,0.0007797015760788,-3.0692035068084293,-4.552931666977556,-7.412345333582044,1,0.7137809187279152
2022-05-12,2022,SHORT,VWAP_SHORT,215.26,3.1125501079247613,0.4057971014492754,57.910714285714285,True,True,-0.5676801591742834,0.7846794752222844,0.090427293805896,0.8798109805384567,0.3825315273236805,0.4367491166077738,1,0.7137809187279152,1.225695727482679,-3.0692035068084293,-4.552931666977556,-7.412345333582044,1.046792072711027,0.9722222222222222,1.1844805073680285,0.0007797015760788,-0.0080996430295621,0.2540037885310832,0.8784377747080246,1.0,3,-0.4367491166077738,0.5676801591742834,0.0080996430295621,-0.0007797015760788,3.0692035068084293,4.552931666977556,7.412345333582044,-1,-0.7137809187279152
2022-05-18,2022,SHORT,ORB_SHORT,257.26,8.87870105062082,0.0133715377268385,37.392857142857146,True,True,-0.4354550862581796,0.561570493753718,0.2060301507537688,0.2849494348602022,0.4248826291079812,-0.6889352818371608,3,0.0480167014613778,0.9017774248034094,-0.8040154669839399,-2.752813801308746,-5.694292088042833,1.3727627630325918,0.992063492063492,0.5758477096966091,0.0050730368941251,-0.0010681955732695,0.2294723696534499,0.3903700873041535,0.0,2,0.6889352818371608,0.4354550862581796,0.0010681955732695,-0.0050730368941251,0.8040154669839399,2.752813801308746,5.694292088042833,-3,-0.0480167014613778
2022-05-18,2022,SHORT,ORB_SHORT,432.76,3.9955406911928657,0.241917502787068,32.035714285714285,True,True,-0.4354550862581796,0.561570493753718,0.2060301507537688,0.2849494348602022,0.4248826291079812,-0.6889352818371608,3,0.0480167014613778,0.9017774248034094,-0.8040154669839399,-2.752813801308746,-5.694292088042833,1.3727627630325918,0.992063492063492,0.5758477096966091,0.0050730368941251,-0.0010681955732695,0.2294723696534499,0.3903700873041535,0.0,2,0.6889352818371608,0.4354550862581796,0.0010681955732695,-0.0050730368941251,0.8040154669839399,2.752813801308746,5.694292088042833,-3,-0.0480167014613778
2022-05-19,2022,LONG,PM_LONG,135.26,1.5430639324487334,1.2921592279855247,79.71153846153847,False,True,-0.1581254117849265,0.5700535678478329,0.0183239019132309,0.4886991893208055,0.0685061845861084,0.4173505275498241,4,0.7432590855803048,1.151246098949653,-1.9484087198143736,-3.999530207109916,-6.862628548511845,1.422676358181223,1.0,1.1051591280185624,0.0013127756635513,-0.0028717215570732,0.3887323943661971,0.8762641284949435,1.0,3,0.4173505275498241,-0.1581254117849265,-0.0028717215570732,0.0013127756635513,-1.9484087198143736,-3.999530207109916,-6.862628548511845,4,0.7432590855803048
2022-05-24,2022,SHORT,ORB_SHORT,-72.74,1.1683673469387754,3.2755102040816326,49.0,False,False,-0.3987313094698686,0.4128908019936566,0.0154849225753871,0.6150883552333485,0.5480607082630692,-0.6767955801104972,0,0.2090239410681399,0.9801886933508768,-1.2232385591300408,-3.581298142274581,-6.539853307657453,1.2007342086530184,1.0,0.6122564567285909,-0.0030884759882789,0.0045392683962842,0.0921348314606741,0.3217080194304663,0.0,1,0.6767955801104972,0.3987313094698686,-0.0045392683962842,0.0030884759882789,1.2232385591300408,3.581298142274581,6.539853307657453,0,-0.2090239410681399
2022-05-24,2022,SHORT,ORB_SHORT,-67.24000000000001,0.0353000504286434,4.363086232980333,35.410714285714285,False,False,-0.3987313094698686,0.4128908019936566,0.0154849225753871,0.6150883552333485,0.5480607082630692,-0.6767955801104972,0,0.2090239410681399,0.9801886933508768,-1.2232385591300408,-3.581298142274581,-6.539853307657453,1.2007342086530184,1.0,0.6122564567285909,-0.0030884759882789,0.0045392683962842,0.0921348314606741,0.3217080194304663,0.0,1,0.6767955801104972,0.3987313094698686,-0.0045392683962842,0.0030884759882789,1.2232385591300408,3.581298142274581,6.539853307657453,0,-0.2090239410681399
2022-05-25,2022,LONG,PM_LONG,-77.74,1.934167215273206,2.554641211323239,58.42307692307692,False,False,0.0039371185916364,0.4972018335723727,0.0786474164133738,0.4825782502320088,0.4395604395604395,0.9463869463869464,4,0.9895104895104896,1.0528255928130068,-1.681768328693157,-4.104581118704124,-7.080719367811244,1.122456664065841,1.0,0.6108158272167383,0.0042881290572152,-0.004777113551214,0.0852510460251046,0.3942002718622565,0.0,2,0.9463869463869464,0.0039371185916364,-0.004777113551214,0.0042881290572152,-1.681768328693157,-4.104581118704124,-7.080719367811244,4,0.9895104895104896
2022-05-26,2022,LONG,PM_LONG,197.36,3.36517719568567,1.2727272727272727,34.767857142857146,True,True,-0.2553287216691974,0.3869298689612508,0.0034364261168384,0.6675665035712277,0.5746268656716418,0.7464195450716091,0,0.7952822240943556,0.7828820666945148,-0.8669084978347659,-3.355435577301616,-6.34574827062595,0.9877085929327706,1.0,0.7316798830212025,-0.0067014179768589,-0.0076253794708105,0.1245390070921985,0.3357799713152788,0.0,3,0.7464195450716091,-0.2553287216691974,-0.0076253794708105,-0.0067014179768589,-0.8669084978347659,-3.355435577301616,-6.34574827062595,0,0.7952822240943556
2022-05-27,2022,LONG,PM_LONG,40.26,2.532741398446171,1.7402885682574916,32.17857142857143,True,True,0.2832588907106914,0.48623282636965,0.1113649343232438,0.4121671283993893,0.6082474226804123,0.9423868312757202,2,0.9753086419753086,0.7608575697557246,-0.1560750833945852,-2.7453836150845263,-5.770026007802341,1.0526507317048148,0.992063492063492,1.005258099168881,-0.0035546463061453,-0.0042868445570798,0.214496418036241,0.4690399865024464,0.0,4,0.9423868312757202,0.2832588907106914,-0.0042868445570798,-0.0035546463061453,-0.1560750833945852,-2.7453836150845263,-5.770026007802341,2,0.9753086419753086
2022-05-31,2022,LONG,PM_LONG,-43.74,1.905084745762712,2.610169491525424,36.875,False,False,-0.2922240188152286,0.5421137733352932,0.0769702545231524,0.4909598706453035,0.0339476236663433,-0.4251497005988024,1,0.5221556886227545,0.8462700099124238,1.107893576363369,-1.521999118036161,-4.722663530795237,0.7065272431728733,0.9642857142857144,0.2346023813023666,0.0008795252984359,0.0037984235843444,0.2017167381974249,0.1741243166632921,0.0,1,-0.4251497005988024,-0.2922240188152286,0.0037984235843444,0.0008795252984359,1.107893576363369,-1.521999118036161,-4.722663530795237,1,0.5221556886227545
2022-05-31,2022,LONG,PM_LONG,-132.74,1.0943606923506422,4.111669458403127,31.982142857142858,False,False,-0.2922240188152286,0.5421137733352932,0.0769702545231524,0.4909598706453035,0.0339476236663433,-0.4251497005988024,1,0.5221556886227545,0.8462700099124238,1.107893576363369,-1.521999118036161,-4.722663530795237,0.7065272431728733,0.9642857142857144,0.2346023813023666,0.0008795252984359,0.0037984235843444,0.2017167381974249,0.1741243166632921,0.0,1,-0.4251497005988024,-0.2922240188152286,0.0037984235843444,0.0008795252984359,1.107893576363369,-1.521999118036161,-4.722663530795237,1,0.5221556886227545
2022-06-03,2022,SHORT,ORB_SHORT,55.26,1.3865814696485623,1.1853035143769968,55.892857142857146,False,True,-0.4348900420064245,0.6788979490980974,0.2213776722090261,0.3014578700271806,0.3486766398158803,-0.3504098360655737,3,0.1700819672131147,0.8097013856667411,1.417469730664689,-1.2216209537929317,-4.762345564615767,0.5727016908766097,0.9206349206349206,1.0495428712626638,0.0040106281237201,0.003797504350479,0.4135618479880775,0.7677841129585957,1.0,4,0.3504098360655737,0.4348900420064245,-0.003797504350479,-0.0040106281237201,-1.417469730664689,1.2216209537929317,4.762345564615767,-3,-0.1700819672131147
2022-06-08,2022,LONG,PM_LONG,-254.74,0.8641114982578397,4.585365853658536,35.875,False,False,-0.0312390424277198,0.2505498708998757,0.0227513227513227,0.3978196423448408,0.2522968197879858,0.5048076923076923,2,0.7980769230769231,0.8810903106825511,0.9954735265053694,-1.3435593382423272,-5.230113799368844,0.5859986002986252,0.8412698412698413,0.7497370182652768,-0.0075231189404304,-0.0036178843765855,0.0425716768027801,0.1949280847842543,0.0,2,0.5048076923076923,-0.0312390424277198,-0.0036178843765855,-0.0075231189404304,0.9954735265053694,-1.3435593382423272,-5.230113799368844,2,0.7980769230769231
2022-06-09,2022,LONG,ORB_LONG,-22.24,0.2819332566168009,6.919447640966628,31.035714285714285,False,False,-0.2040681548012151,0.5230484744419496,0.0596680125616868,0.4411570466252806,0.1796157059314954,0.5898203592814372,4,0.8068862275449101,1.023147064147209,0.7781666886804932,-1.4271034209483544,-5.555375775987318,0.6234315775990528,0.7658730158730159,0.5402192576938317,-0.006363540869795,-0.0049835955236625,0.1863285556780595,0.4411717828567785,0.0,3,0.5898203592814372,-0.2040681548012151,-0.0049835955236625,-0.006363540869795,0.7781666886804932,-1.4271034209483544,-5.555375775987318,4,0.8068862275449101
2022-06-10,2022,SHORT,ORB_SHORT,41.76,1.2518168604651163,1.1526162790697676,52.92307692307692,False,True,-0.9290722761596548,0.9155879180151024,0.1665855636658556,0.6405070118662352,0.3197625106022053,-0.6431578947368422,2,0.1536842105263157,0.6543051812292737,0.078883495145631,-1.9420037756202784,-6.262243797195255,0.5685247453372256,0.746031746031746,0.7780474649406688,0.0030141722852479,0.003063562249281,0.3622516556291391,0.6769251089684322,1.0,4,0.6431578947368422,0.9290722761596548,-0.003063562249281,-0.0030141722852479,-0.078883495145631,1.9420037756202784,6.262243797195255,-2,-0.1536842105263157
2022-06-13,2022,SHORT,ORB_SHORT,-57.24,0.7487386478304742,5.022199798183652,35.392857142857146,False,False,-1.2234971741736598,1.0131871895872582,0.1436594738397871,0.528857681109779,0.5439814814814815,-0.2966321243523316,3,0.1411917098445596,0.5973970382902394,-1.149854427127933,-3.0992430210652526,-7.61132043158075,0.7872497407706497,0.7301587301587301,0.7323171775989039,-0.0114681002218126,-0.0009979782821567,0.0092445011157156,0.1786677454153182,0.0,0,0.2966321243523316,1.2234971741736598,0.0009979782821567,0.0114681002218126,1.149854427127933,3.0992430210652526,7.61132043158075,-3,-0.1411917098445596
2022-06-20,2022,LONG,ORB_LONG,65.76,3.152927120669056,0.8387096774193548,16.096153846153847,True,True,0.6819210135091461,0.810548768663952,0.0586145648312611,0.1344450908150733,0.2907801418439716,0.3076923076923077,2,0.9471153846153846,0.1910570375173827,-2.723708874668734,-4.289147437140455,-9.054708810031672,1.255088060980457,0.8075396825396826,0.7213496218731821,0.0006190285819382,0.0002801444514641,0.059848271986513,0.4051614628601992,0.0,0,0.3076923076923077,0.6819210135091461,0.0002801444514641,0.0006190285819382,-2.723708874668734,-4.289147437140455,-9.054708810031672,2,0.9471153846153846
2022-06-21,2022,LONG,PM_LONG,-80.74,1.3052011776251229,2.3631010794896956,18.196428571428573,False,False,0.1352611940298507,0.3951226012793177,0.0715388574369531,0.5163912579957356,0.5286195286195287,0.8490322580645161,0,0.8748387096774194,1.1140705503431412,-1.9171108742004248,-3.3781982942430706,-8.404734141791042,1.4429501520860826,0.746031746031746,0.2665245202558635,-0.0081843019607281,-0.0050944747308445,0.5127610208816705,0.1312132376704802,0.0,1,0.8490322580645161,0.1352611940298507,-0.0050944747308445,-0.0081843019607281,-1.9171108742004248,-3.3781982942430706,-8.404734141791042,0,0.8748387096774194
2022-06-22,2022,LONG,PM_LONG,-71.24,0.6010869565217392,3.9945652173913047,32.857142857142854,False,False,-0.4296485007057528,0.7160808345095879,0.0791850451585801,0.7649671222501464,0.7781919850885368,0.8622862286228623,2,0.9486948694869488,1.0848789682944613,-1.3894378076909817,-2.797493717079218,-8.08779908424278,1.225449838419412,0.7023809523809523,0.5584053430646883,-0.005093950590536,-0.0036938260950625,0.0391534391534391,0.1832356076759062,0.0,2,0.8622862286228623,-0.4296485007057528,-0.0036938260950625,-0.005093950590536,-1.3894378076909817,-2.797493717079218,-8.08779908424278,2,0.9486948694869488
2022-06-23,2022,LONG,VWAP_LONG,-73.24,1.4972030273116157,1.8693649226719316,58.44230769230769,False,False,0.0083971869423743,0.688569329274693,0.0724821570182395,0.404464504391029,0.0864745011086474,-0.0380622837370242,3,0.7837370242214533,1.1659860739789718,-1.3138798502501652,-2.617767048038906,-8.072950561561878,1.2081364500434415,0.6944444444444444,0.8397186942374305,0.00035364714933,-0.0006515969858429,0.1057754704737183,0.3931559197163218,0.0,3,-0.0380622837370242,0.0083971869423743,-0.0006515969858429,0.00035364714933,-1.3138798502501652,-2.617767048038906,-8.072950561561878,3,0.7837370242214533
2022-06-28,2022,SHORT,ORB_SHORT,224.76,4.2105831533477325,0.6198704103671706,33.07142857142857,True,True,0.0256899588960657,0.5534351145038168,0.0006606474344857,0.6378449794480329,0.7624602332979852,-0.4510932105868814,1,0.0379746835443038,1.3460224753289016,-0.046829125073402,-1.2166324133881392,-7.145768496770402,0.5520033063337448,0.6468253968253969,0.6136230182031709,0.0049257324264453,0.0040424748604778,0.0368050117462803,0.2253885080572802,0.0,1,0.4510932105868814,-0.0256899588960657,-0.0040424748604778,-0.0049257324264453,0.046829125073402,1.2166324133881392,7.145768496770402,-1,-0.0379746835443038
2022-06-29,2022,LONG,ORB_LONG,-33.739999999999995,0.9349315068493153,1.4125155666251556,61.76923076923077,False,False,-0.0618585688176578,0.3022634612681006,0.0135135135135135,0.51455082243779,0.2889210716871832,0.1229508196721311,3,0.6953551912568307,1.434364134481238,-0.9113946295515276,-2.06298327006889,-7.814069309714606,0.9024274506921314,0.6904761904761905,1.395332489807395,-0.0140616371080535,-0.0017324046479949,0.388671875,0.843364650616559,1.0,2,0.1229508196721311,-0.0618585688176578,-0.0017324046479949,-0.0140616371080535,-0.9113946295515276,-2.06298327006889,-7.814069309714606,3,0.6953551912568307
2022-07-07,2022,LONG,PM_LONG,69.76,3.890359168241966,0.7586641461877757,28.339285714285715,True,True,-0.0938202682794448,0.3915639295960301,0.0130268199233716,0.4163759013724121,0.2721202003338898,0.8286778398510242,0,0.8342644320297952,0.9168259896794854,0.7142358688067003,-0.7366829495231437,-7.484488640769173,0.5808358287682561,0.5793650793650794,0.6179731720555167,0.0034123308061939,-0.0041618687974707,0.1621356043236161,0.4439689756619416,0.0,3,0.8286778398510242,-0.0938202682794448,-0.0041618687974707,0.0034123308061939,0.7142358688067003,-0.7366829495231437,-7.484488640769173,0,0.8342644320297952
2022-07-13,2022,LONG,ORB_LONG,-62.74,0.740072202166065,1.4259927797833936,69.25,False,False,-0.7996589940323956,1.773231031543052,0.1545439551377206,0.6947996589940324,0.2650785605676634,0.8098159509202454,4,0.9177914110429448,1.2628151790312034,0.2470161977834612,-1.09096334185848,-8.593482523444159,0.8589623718715923,0.4682539682539682,0.9300937766410912,-0.0030262369476548,-0.0073877267276203,0.1215780998389694,0.4565656565656565,0.0,2,0.8098159509202454,-0.7996589940323956,-0.0073877267276203,-0.0030262369476548,0.2470161977834612,-1.09096334185848,-8.593482523444159,4,0.9177914110429448
2022-07-13,2022,LONG,ORB_LONG,-49.24,0.3563295378432686,3.891493636972539,26.660714285714285,False,False,-0.7996589940323956,1.773231031543052,0.1545439551377206,0.6947996589940324,0.2650785605676634,0.8098159509202454,4,0.9177914110429448,1.2628151790312034,0.2470161977834612,-1.09096334185848,-8.593482523444159,0.8589623718715923,0.4682539682539682,0.9300937766410912,-0.0030262369476548,-0.0073877267276203,0.1215780998389694,0.4565656565656565,0.0,2,0.8098159509202454,-0.7996589940323956,-0.0073877267276203,-0.0030262369476548,0.2470161977834612,-1.09096334185848,-8.593482523444159,4,0.9177914110429448
2022-07-19,2022,LONG,PM_LONG,68.76,3.216666666666667,0.5666666666666667,15.0,True,True,0.4268264577091495,0.6434662364600138,0.1648118706942236,0.3908734731504955,0.1889952153110047,0.2075471698113207,5,0.8490566037735849,0.8244577611367915,0.4712606591380475,-0.248444342014289,-8.471901359760311,0.6377589073972714,0.3888888888888889,0.9974648536529154,0.0110131254970191,0.0031442463727455,0.3200863930885529,0.8324595395486665,1.0,1,0.2075471698113207,0.4268264577091495,0.0031442463727455,0.0110131254970191,0.4712606591380475,-0.248444342014289,-8.471901359760311,5,0.8490566037735849
2022-07-20,2022,LONG,PM_LONG,164.96,2.7441364605543708,1.6908315565031982,36.07692307692308,True,True,0.0961712937760841,0.6133188169116313,0.0335973777656378,0.6205770277626564,0.5210084033613446,0.7587719298245614,2,0.9502923976608189,0.8176806901780774,1.5006804572672865,0.91190346579568,-7.140469061876246,0.8256862413672423,0.4087301587301587,1.045182362547632,-0.0011669399571285,-0.0059881697268837,0.3235563703024748,0.7301221479603596,1.0,2,0.7587719298245614,0.0961712937760841,-0.0059881697268837,-0.0011669399571285,1.5006804572672865,0.91190346579568,-7.140469061876246,2,0.9502923976608189
2022-07-21,2022,LONG,ORB_LONG,87.26,3.251968503937008,0.9133858267716536,31.75,True,True,0.0246687985381452,0.6030150753768844,0.0416379112031286,0.6130653266331658,0.1691616766467066,-0.5692995529061102,4,0.0864381520119225,1.016525514281616,2.145682960255822,1.7014527181361334,-6.365925079945178,0.8234837168332615,0.3968253968253968,0.95568752855185,0.0001118566857101,0.0024032430818036,0.0634478489631693,0.3592814371257485,0.0,3,-0.5692995529061102,0.0246687985381452,0.0024032430818036,0.0001118566857101,2.145682960255822,1.7014527181361334,-6.365925079945178,4,0.0864381520119225
2022-07-22,2022,SHORT,ORB_SHORT,94.26,3.226395939086294,0.4974619289340101,35.17857142857143,True,True,-0.0225723443636856,0.3476141032007584,0.0755555555555555,0.5570854588957609,0.060655737704918,-0.233387358184765,2,0.1831442463533225,0.960494591848844,2.4472484312220644,2.1314613335741024,-5.755853008893501,0.6811233016036852,0.4087301587301587,0.9606789761184596,-0.0070250081667915,0.0012943249374934,0.2620056497175141,0.9191411603471904,1.0,4,0.233387358184765,0.0225723443636856,-0.0012943249374934,0.0070250081667915,-2.4472484312220644,-2.1314613335741024,5.755853008893501,-2,-0.1831442463533225
2022-07-26,2022,SHORT,ORB_SHORT,-18.74,3.452861952861953,0.7306397306397306,21.214285714285715,True,False,0.0054849620623457,0.3044153944601883,0.0386853817185895,0.4753633787366303,0.4119601328903654,-0.8346153846153846,2,0.0673076923076923,0.7969560221704937,1.1414206051741462,0.8891854831337419,-6.966541731419688,1.195106770877301,0.3849206349206349,0.6499680043879696,0.0044743534616169,0.0050417578866304,0.1259920634920635,0.283597691223924,0.0,1,0.8346153846153846,-0.0054849620623457,-0.0050417578866304,-0.0044743534616169,-1.1414206051741462,-0.8891854831337419,6.966541731419688,-2,-0.0673076923076923
2022-07-27,2022,LONG,PM_LONG,44.26,8.345098039215687,1.3725490196078431,22.767857142857142,True,True,0.7938725372127752,0.5433787754708801,0.0774953502789832,0.6098559660869984,0.5042735042735043,0.5781990521327014,1,0.7440758293838863,0.7563673305000691,0.4291632544920247,0.257237824558023,-7.988173804133144,1.1160663928405972,0.3333333333333333,0.8343369141095428,-0.006392005629741,-0.0044684665856988,0.1429902189101071,0.3482950909589541,0.0,2,0.5781990521327014,0.7938725372127752,-0.0044684665856988,-0.006392005629741,0.4291632544920247,0.257237824558023,-7.988173804133144,1,0.7440758293838863
2022-07-28,2022,LONG,PM_LONG,102.76,2.640794223826715,1.0234657039711192,19.785714285714285,True,True,0.0198807157057654,0.5286463039942165,0.0336795719231979,0.7410084944876199,0.5265526552655265,-0.6597560975609756,0,0.1085365853658536,1.0623206772136853,2.0594162298933645,2.062172420025303,-5.62933309235496,1.4840468385351038,0.4047619047619047,1.2597144406289535,-0.0007429689187641,0.0032254342667756,0.2573781743308167,0.8892528541837275,1.0,3,-0.6597560975609756,0.0198807157057654,0.0032254342667756,-0.0007429689187641,2.0594162298933645,2.062172420025303,-5.62933309235496,0,0.1085365853658536
2022-07-29,2022,LONG,PM_LONG,-60.74,2.2341772151898733,2.5759493670886076,39.5,False,False,0.2212549873050417,0.5386289445048966,0.0867944621938232,0.6755531374682626,0.6047745358090185,0.4563758389261745,1,0.7718120805369127,1.0114509191168122,2.3517863619876707,2.5211824446862536,-5.096749183895539,1.5355640554424768,0.4007936507936508,1.1443598113891913,-0.0054112235699614,-0.0005251046737619,0.4071881606765328,1.060003614675583,1.0,4,0.4563758389261745,0.2212549873050417,-0.0005251046737619,-0.0054112235699614,2.3517863619876707,2.5211824446862536,-5.096749183895539,1,0.7718120805369127
2022-08-03,2022,LONG,PM_LONG,261.76,4.462633451957295,0.0640569395017793,35.125,True,True,0.0916329344780036,0.531115163916196,0.0734519929806969,0.6547751434544727,0.2316136114160263,0.5407608695652174,1,0.5625,0.955917822281372,2.394110582269471,3.0344557626440083,-4.076184333437124,1.0812839135401464,0.4126984126984127,0.9857212757439616,-0.0083433317170311,-0.0060785232966278,0.0841059602649006,0.6954551396575014,1.0,2,0.5407608695652174,0.0916329344780036,-0.0060785232966278,-0.0083433317170311,2.394110582269471,3.0344557626440083,-4.076184333437124,1,0.5625
2022-08-09,2022,SHORT,ORB_SHORT,9.76,0.6568466993998909,2.52809601745772,32.732142857142854,False,True,-0.1986667255308816,0.5545009050373052,0.1160252728317059,0.4918105160920047,0.005813953488372,-0.4272890484739677,3,0.4955116696588869,1.0299036576719356,2.2039203567171453,3.380848527658826,-3.2193766279634484,0.8588373826351493,0.4047619047619047,1.0560240165997086,-0.0016629714540824,0.0038761689635768,0.2595465393794749,0.8160393950052761,1.0,1,0.4272890484739677,0.1986667255308816,-0.0038761689635768,0.0016629714540824,-2.2039203567171453,-3.380848527658826,3.2193766279634484,-3,-0.4955116696588869
2022-08-10,2022,LONG,ORB_LONG,-121.24,0.6685616827743036,1.663445139283684,31.410714285714285,False,False,1.130808487778673,1.402990419912257,0.2774744837408023,0.42080759244337,0.0232126276694521,-0.3702127659574468,4,0.5063829787234042,0.9790679030367064,1.535410511236459,2.9359477124183035,-3.695183096069479,0.933929400975258,0.3928571428571428,0.533619840630316,0.0072621837613716,0.0018913736879049,0.0192502532928064,0.2781334157432343,0.0,2,-0.3702127659574468,1.130808487778673,0.0018913736879049,0.0072621837613716,1.535410511236459,2.9359477124183035,-3.695183096069479,4,0.5063829787234042
2022-08-10,2022,LONG,ORB_LONG,-31.74,0.6608122941822173,2.3205268935236005,16.267857142857142,False,False,1.130808487778673,1.402990419912257,0.2774744837408023,0.42080759244337,0.0232126276694521,-0.3702127659574468,4,0.5063829787234042,0.9790679030367064,1.535410511236459,2.9359477124183035,-3.695183096069479,0.933929400975258,0.3928571428571428,0.533619840630316,0.0072621837613716,0.0018913736879049,0.0192502532928064,0.2781334157432343,0.0,2,-0.3702127659574468,1.130808487778673,0.0018913736879049,0.0072621837613716,1.535410511236459,2.9359477124183035,-3.695183096069479,4,0.5063829787234042
2022-08-11,2022,LONG,PM_LONG,-407.24,0.4701942397856665,8.602813127930341,28.71153846153846,False,False,0.4682006319818416,0.50024478169923,0.1330166270783848,0.4263652142952512,0.4178272980501393,0.3778705636743215,1,0.6597077244258872,0.8694362297570373,2.439939472161646,4.057270016467132,-2.44576527660332,0.942403022288762,0.3928571428571428,0.541190084115893,0.0054011993374707,-0.0001118565570836,0.1290684624017957,0.33127406213627,0.0,3,0.3778705636743215,0.4682006319818416,-0.0001118565570836,0.0054011993374707,2.439939472161646,4.057270016467132,-2.44576527660332,1,0.6597077244258872
2022-08-12,2022,LONG,PM_LONG,84.26,3.282025316455696,0.3969620253164556,35.267857142857146,True,True,0.3510500156718756,0.3770205525455603,0.0953150242326332,0.3698562665114404,0.1741397288842544,0.2397094430992736,5,0.6634382566585957,0.9579757194442436,1.9925222764518848,3.8427976536963215,-2.608910580754934,0.9401631271475286,0.3849206349206349,1.0307616531590025,0.0002676353799104,-0.0010194083458101,0.3358633776091081,0.8794338866883261,1.0,4,0.2397094430992736,0.3510500156718756,-0.0010194083458101,0.0002676353799104,1.9925222764518848,3.8427976536963215,-2.608910580754934,5,0.6634382566585957
2022-08-15,2022,LONG,PM_LONG,94.26,3.2191358024691357,0.324074074074074,23.142857142857142,True,True,-0.0816109287678523,0.2882994766255655,0.0294117647058823,0.3557172003903131,0.0443458980044345,0.543640897755611,4,0.5511221945137157,0.8220441210835118,2.5937195067861274,4.656524438924867,-1.6443670717643926,0.9647013555093764,0.3968253968253968,0.7282888317218132,-0.0018775234302985,0.0002593491889897,0.4218635363169479,0.489858057582949,0.0,0,0.543640897755611,-0.0816109287678523,0.0002593491889897,-0.0018775234302985,2.5937195067861274,4.656524438924867,-1.6443670717643926,4,0.5511221945137157
2022-08-16,2022,LONG,PM_LONG,-179.74,2.9374233128834355,8.004907975460123,14.553571428571429,True,False,-0.1727646872597349,0.2225136809732712,0.0481372959397237,0.4893491927095111,0.721958925750395,-0.8595194085027726,0,0.0092421441774491,0.8487466606036492,2.803943738410747,5.138383609967888,-1.1629822260413374,0.9377569002387296,0.3571428571428571,0.5852290715028718,0.0013357896976,0.0065973917300585,0.2828344532681734,0.3778940832076643,0.0,1,-0.8595194085027726,-0.1727646872597349,0.0065973917300585,0.0013357896976,2.803943738410747,5.138383609967888,-1.1629822260413374,0,0.0092421441774491
2022-08-18,2022,LONG,ORB_LONG,72.26,2.229299363057325,0.745801968731905,30.839285714285715,False,True,-0.0634535529323939,0.546820323799748,0.0067443286327406,0.2986049549759716,0.1875,-0.175,3,0.684375,0.8352027637254716,1.7708673540801567,4.485009098119722,-1.7852983716698514,0.7439417093411049,0.3055555555555556,0.7838380068119255,-0.0003684775971747,-0.0003649788596554,0.0816618911174785,0.5055686491982069,0.0,3,-0.175,-0.0634535529323939,-0.0003649788596554,-0.0003684775971747,1.7708673540801567,4.485009098119722,-1.7852983716698514,3,0.684375
2022-08-18,2022,LONG,ORB_LONG,22.26,2.0,0.1647058823529411,21.25,False,True,-0.0634535529323939,0.546820323799748,0.0067443286327406,0.2986049549759716,0.1875,-0.175,3,0.684375,0.8352027637254716,1.7708673540801567,4.485009098119722,-1.7852983716698514,0.7439417093411049,0.3055555555555556,0.7838380068119255,-0.0003684775971747,-0.0003649788596554,0.0816618911174785,0.5055686491982069,0.0,3,-0.175,-0.0634535529323939,-0.0003649788596554,-0.0003684775971747,1.7708673540801567,4.485009098119722,-1.7852983716698514,3,0.684375
2022-08-19,2022,SHORT,ORB_SHORT,-6.24,2.231578947368421,1.326315789473684,23.75,False,False,-0.6043563223869215,0.6748963347790858,0.1675639300134589,0.5519279347981507,0.8014705882352942,-0.7772020725388601,0,0.0449050086355785,0.836475181613385,1.818597778942856,4.699775987798487,-1.581140079119203,0.7126838475054028,0.2817460317460317,0.5833849673514132,6.839042477102542e-05,0.0039933937777428,0.1213463241806908,0.3667242103298651,0.0,4,0.7772020725388601,0.6043563223869215,-0.0039933937777428,-6.839042477102542e-05,-1.818597778942856,-4.699775987798487,1.581140079119203,0,-0.0449050086355785
2022-08-19,2022,SHORT,ORB_SHORT,20.76,1.1727748691099478,1.9643979057591625,17.053571428571427,False,True,-0.6043563223869215,0.6748963347790858,0.1675639300134589,0.5519279347981507,0.8014705882352942,-0.7772020725388601,0,0.0449050086355785,0.836475181613385,1.818597778942856,4.699775987798487,-1.581140079119203,0.7126838475054028,0.2817460317460317,0.5833849673514132,6.839042477102542e-05,0.0039933937777428,0.1213463241806908,0.3667242103298651,0.0,4,0.7772020725388601,0.6043563223869215,-0.0039933937777428,-6.839042477102542e-05,-1.818597778942856,-4.699775987798487,1.581140079119203,0,-0.0449050086355785
2022-08-22,2022,SHORT,ORB_SHORT,-48.74,2.397911832946636,1.1612529002320189,33.15384615384615,False,False,-0.6920315865039484,0.6996889207944484,0.1303576707064735,0.5034697296003828,0.3466334164588528,-0.8536121673003803,2,0.0570342205323193,0.9060910303626024,0.5262502991146235,3.5150227327111745,-2.6655659248624057,0.7565976371106929,0.2698412698412698,0.7590332615458244,0.0024727150158477,0.0028981224607846,0.066079295154185,0.2287784185691816,0.0,0,0.8536121673003803,0.6920315865039484,-0.0028981224607846,-0.0024727150158477,-0.5262502991146235,-3.5150227327111745,2.6655659248624057,-2,-0.0570342205323193
2022-08-22,2022,SHORT,ORB_SHORT,71.26,3.316593886462882,0.0764192139737991,16.357142857142858,True,True,-0.6920315865039484,0.6996889207944484,0.1303576707064735,0.5034697296003828,0.3466334164588528,-0.8536121673003803,2,0.0570342205323193,0.9060910303626024,0.5262502991146235,3.5150227327111745,-2.6655659248624057,0.7565976371106929,0.2698412698412698,0.7590332615458244,0.0024727150158477,0.0028981224607846,0.066079295154185,0.2287784185691816,0.0,0,0.8536121673003803,0.6920315865039484,-0.0028981224607846,-0.0024727150158477,-0.5262502991146235,-3.5150227327111745,2.6655659248624057,-2,-0.0570342205323193
2022-08-24,2022,LONG,PM_LONG,-60.74,1.534653465346535,2.485148514851485,25.25,False,False,-0.2110177404295051,0.419234360410831,0.0196681007990165,0.3641456582633053,0.4675862068965517,0.6692307692307692,5,0.9205128205128204,0.833093502377179,-0.987441643323999,2.0097478991596662,-3.699229691876751,0.8011433930817077,0.2976190476190476,0.5714285714285714,0.0022262936232455,-0.0024028664509949,0.0068493150684931,0.3903294269631817,0.0,2,0.6692307692307692,-0.2110177404295051,-0.0024028664509949,0.0022262936232455,-0.987441643323999,2.0097478991596662,-3.699229691876751,5,0.9205128205128204
2022-08-26,2022,SHORT,ORB_SHORT,186.26,3.581026605751142,0.1676968556839559,71.5576923076923,True,True,0.3292266280153225,0.6273941401801428,0.0038095238095238,1.1585050212237291,0.3637484586929716,-0.7587131367292225,5,0.0554066130473637,1.1136166102553104,-0.6825240708147842,2.5147323739517584,-3.4246557614659903,1.1225810622489805,0.2261904761904762,0.6470649135521276,-0.000911176482734,0.0019808441976013,0.0870535714285714,0.3940639727263612,0.0,4,0.7587131367292225,-0.3292266280153225,-0.0019808441976013,0.000911176482734,0.6825240708147842,-2.5147323739517584,3.4246557614659903,-5,-0.0554066130473637
2022-09-01,2022,SHORT,ORB_SHORT,-46.74,0.7785171102661598,5.462927756653992,37.57142857142857,False,False,-0.6889404333020777,0.7126289295760746,0.0940514469453376,0.5063416078566846,0.0497131931166348,-0.2748538011695906,6,0.327485380116959,1.0797504462651597,-3.053841977989439,-0.7723041997729844,-5.809667867541828,1.0342616358997965,0.2301587301587301,0.934708582144796,-0.0079422787425414,0.0006068414003307,0.0261954261954261,0.3973638301996511,0.0,3,0.2748538011695906,0.6889404333020777,-0.0006068414003307,0.0079422787425414,3.053841977989439,0.7723041997729844,5.809667867541828,-6,-0.327485380116959
2022-09-02,2022,LONG,PM_LONG,-53.74,0.6510673234811166,7.471264367816092,46.84615384615385,False,False,0.6213017751479291,0.6890627982439397,0.0826077723508175,0.6317999618247757,0.3528945281522601,0.1601208459214501,5,0.9622356495468278,0.9495555086132804,-3.1455430425653765,-1.1904752815422766,-5.938714449322389,0.771387853918721,0.2658730158730158,0.89520900935293,-0.0025156803152353,-0.0008257829708593,0.1950732356857523,0.4717958841237724,0.0,4,0.1601208459214501,0.6213017751479291,-0.0008257829708593,-0.0025156803152353,-3.1455430425653765,-1.1904752815422766,-5.938714449322389,5,0.9622356495468278
2022-09-06,2022,SHORT,ORB_SHORT,-75.74,0.6299212598425197,3.1443569553805775,47.625,False,False,-0.0253374263021975,0.5155191736100959,0.0051568543188654,0.9316376748038784,0.4584139264990329,-0.5899581589958159,0,0.2374476987447698,1.15989169993155,-3.2284266432782713,-1.6491156263704116,-6.311850119378257,0.5046808619592489,0.2341269841269841,0.2436290990595916,-0.0025265326132758,0.0041910486247926,0.1252144082332761,0.0931575760398714,0.0,1,0.5899581589958159,0.0253374263021975,-0.0041910486247926,0.0025265326132758,3.2284266432782713,1.6491156263704116,6.311850119378257,0,-0.2374476987447698
2022-09-06,2022,SHORT,ORB_SHORT,-69.24000000000001,0.8323051037577117,2.2299495232753785,31.839285714285715,False,False,-0.0253374263021975,0.5155191736100959,0.0051568543188654,0.9316376748038784,0.4584139264990329,-0.5899581589958159,0,0.2374476987447698,1.15989169993155,-3.2284266432782713,-1.6491156263704116,-6.311850119378257,0.5046808619592489,0.2341269841269841,0.2436290990595916,-0.0025265326132758,0.0041910486247926,0.1252144082332761,0.0931575760398714,0.0,1,0.5899581589958159,0.0253374263021975,-0.0041910486247926,0.0025265326132758,3.2284266432782713,1.6491156263704116,6.311850119378257,0,-0.2374476987447698
2022-09-07,2022,LONG,PM_LONG,38.26,4.583812010443864,1.1404699738903394,34.19642857142857,True,True,-0.0038645476063958,0.6009371527945511,0.01559934318555,0.3796918023283899,0.0109890109890109,0.4452926208651399,2,0.5470737913486005,1.0935765453769155,-3.3727839234819577,-2.024269358968167,-6.538085116661033,0.3178208627522165,0.238095238095238,0.9236268779286024,0.0055353107623854,0.0024453500210703,0.0184853905784138,0.6119962968376942,1.0,2,0.4452926208651399,-0.0038645476063958,0.0024453500210703,0.0055353107623854,-3.3727839234819577,-2.024269358968167,-6.538085116661033,2,0.5470737913486005
2022-09-09,2022,LONG,PM_LONG,-17.740000000000002,1.526542324246772,1.0043041606886658,37.339285714285715,False,False,0.5739732805541811,0.6036615536862939,0.087719298245614,0.5126175160811479,0.3667117726657645,0.9092664092664092,2,0.918918918918919,0.5776708485610343,-2.1226620484908434,-1.267036120732307,-5.6183819891143,0.9080050003439428,0.2063492063492063,1.0390895596239484,-0.0015882300581122,-0.002844014241534,0.0369881109643328,0.5415784550243711,0.0,4,0.9092664092664092,0.5739732805541811,-0.002844014241534,-0.0015882300581122,-2.1226620484908434,-1.267036120732307,-5.6183819891143,2,0.918918918918919
2022-09-12,2022,LONG,PM_LONG,26.76,1.3555555555555556,3.388888888888889,22.5,False,True,0.195102916788606,0.4828797190517999,0.0250876719719449,0.4487367086137938,0.3887945670628183,0.741304347826087,0,0.8195652173913044,0.4234715661491125,-0.625548726953468,-0.0485025851136485,-4.191278899619553,1.0770851339223155,0.2261904761904762,0.7365135108769877,-0.0017262023571085,-0.0006870458278624,0.1124197002141327,0.2761009401286491,0.0,0,0.741304347826087,0.195102916788606,-0.0006870458278624,-0.0017262023571085,-0.625548726953468,-0.0485025851136485,-4.191278899619553,0,0.8195652173913044
2022-09-21,2022,LONG,PM_LONG,-407.24,6.6340378197997785,16.725250278086765,16.053571428571427,True,False,0.1835296343597748,0.4796367248474528,0.0329670329670329,0.2327231446005392,0.1706629055007052,0.1341463414634146,5,0.532520325203252,0.6914498519176161,-1.7176103306371493,-2.7337968875644503,-6.217591410056289,1.3188341543417896,0.2619047619047619,0.7360105955252827,0.0003611279604156,0.0004662801237786,0.0052482842147759,0.366997666224317,0.0,2,0.1341463414634146,0.1835296343597748,0.0004662801237786,0.0003611279604156,-1.7176103306371493,-2.7337968875644503,-6.217591410056289,5,0.532520325203252
2022-09-22,2022,SHORT,ORB_SHORT,-44.24,1.2307692307692308,2.608695652173913,37.375,False,False,-1.340051749965954,0.8915520450315493,0.0200979564262793,0.4203549866085614,0.2747252747252747,-0.4492440604751619,2,0.2008639308855291,1.039966609311913,-1.1304189931453978,-2.289981388170142,-5.539016750646872,0.5621267299204943,0.3373015873015873,1.361841209314994,-0.0102767255808781,0.0005148942304321,0.0459869848156182,0.7833120476798638,0.0,3,0.4492440604751619,1.340051749965954,-0.0005148942304321,0.0102767255808781,1.1304189931453978,2.289981388170142,5.539016750646872,-2,-0.2008639308855291
2022-09-23,2022,SHORT,ORB_SHORT,77.26,4.70887507066139,1.551158846806105,31.589285714285715,True,True,-0.6514769375454195,0.7583465139144188,0.0930481283422459,0.4548369170264609,0.4296028880866426,-0.6409774436090225,3,0.2819548872180451,0.9946493802226996,-2.0693797289787517,-3.373539092891036,-6.364194417133327,0.9054051344670808,0.4603174603174603,0.5890651049459239,-0.0054251672113857,8.052699364435867e-06,0.058009228740936,0.289618230514322,0.0,4,0.6409774436090225,0.6514769375454195,-8.052699364435867e-06,0.0054251672113857,2.0693797289787517,3.373539092891036,6.364194417133327,-3,-0.2819548872180451
2022-09-29,2022,SHORT,ORB_SHORT,-48.74,2.23463687150838,0.9720670391061452,22.375,False,False,-0.5983050847457627,0.7889830508474577,0.1044585987261146,0.823728813559322,0.7438692098092643,-0.8991769547325102,0,0.037037037037037,1.0500900040096572,-1.4820762711864397,-3.4816271186440675,-6.288381355932204,1.2282027021477986,0.4603174603174603,1.0389830508474576,-0.0029421554702586,0.0034897378335675,0.2555812163202463,0.5823115493195129,0.0,3,0.8991769547325102,0.5983050847457627,-0.0034897378335675,0.0029421554702586,1.4820762711864397,3.4816271186440675,6.288381355932204,0,-0.037037037037037
2022-10-03,2022,LONG,PM_LONG,183.76,4.857371794871795,0.2916666666666667,22.285714285714285,True,True,-0.0156798019393439,0.8095729317103363,0.0649620930578266,0.5941819682277698,0.4766187050359712,0.6041666666666666,1,0.9652777777777778,0.9338270046153716,-2.556055291933157,-4.699715287806889,-7.458997317928618,1.0358795906691616,0.4761904761904761,0.8368062719207757,-0.0020574269789925,-0.0004413080085472,0.2964980544747082,0.6373787594750998,1.0,0,0.6041666666666666,-0.0156798019393439,-0.0004413080085472,-0.0020574269789925,-2.556055291933157,-4.699715287806889,-7.458997317928618,1,0.9652777777777778
2022-10-04,2022,LONG,PM_LONG,-102.24,0.5818858560794045,4.707196029776675,28.785714285714285,False,False,0.5712141427618412,0.9006004002668445,0.1721238938053097,0.5103402268178786,0.4429447852760736,0.8398692810457516,0,0.8529411764705882,0.9785972376764288,-1.6671531020680452,-3.8930953969312863,-6.681429286190796,1.1218020715484895,0.4682539682539682,1.059873248832555,0.0010998445081207,0.0006442143741893,0.2735516372795969,0.4753455745822158,0.0,1,0.8398692810457516,0.5712141427618412,0.0006442143741893,0.0010998445081207,-1.6671531020680452,-3.8930953969312863,-6.681429286190796,0,0.8529411764705882
2022-10-04,2022,LONG,PM_LONG,-2.24,1.6744890234670704,1.3141559424678273,23.589285714285715,False,False,0.5712141427618412,0.9006004002668445,0.1721238938053097,0.5103402268178786,0.4429447852760736,0.8398692810457516,0,0.8529411764705882,0.9785972376764288,-1.6671531020680452,-3.8930953969312863,-6.681429286190796,1.1218020715484895,0.4682539682539682,1.059873248832555,0.0010998445081207,0.0006442143741893,0.2735516372795969,0.4753455745822158,0.0,1,0.8398692810457516,0.5712141427618412,0.0006442143741893,0.0010998445081207,-1.6671531020680452,-3.8930953969312863,-6.681429286190796,0,0.8529411764705882
2022-10-05,2022,SHORT,ORB_SHORT,-813.24,0.0881782945736434,7.891957364341085,39.69230769230769,False,False,-0.363941099006345,0.537930484057624,0.1438474870017331,0.5459116485095176,0.5649769585253456,-0.6505847953216374,5,0.0409356725146198,1.0412525560349943,-0.6955185761602595,-2.867999521130132,-5.5104273913564,1.171755991650074,0.5198412698412699,0.5171794564827008,-0.0014256175862443,0.003699859047612,0.0989415554532903,0.402768512341561,0.0,2,0.6505847953216374,0.363941099006345,-0.003699859047612,0.0014256175862443,0.6955185761602595,2.867999521130132,5.5104273913564,-5,-0.0409356725146198
2022-10-05,2022,LONG,PM_LONG,22.76,3.452054794520548,1.756308579668349,24.767857142857142,True,True,-0.363941099006345,0.537930484057624,0.1438474870017331,0.5459116485095176,0.5649769585253456,-0.6505847953216374,5,0.0409356725146198,1.0412525560349943,-0.6955185761602595,-2.867999521130132,-5.5104273913564,1.171755991650074,0.5198412698412699,0.5171794564827008,-0.0014256175862443,0.003699859047612,0.0989415554532903,0.402768512341561,0.0,2,-0.6505847953216374,-0.363941099006345,0.003699859047612,-0.0014256175862443,-0.6955185761602595,-2.867999521130132,-5.5104273913564,5,0.0409356725146198
2022-10-07,2022,SHORT,ORB_SHORT,112.76,3.868769716088328,0.8744479495268139,28.303571428571427,True,True,-0.66942939113803,0.882212304749761,0.1209923664122137,0.4654128147912018,0.5230769230769231,-0.8133561643835616,1,0.1541095890410959,1.084897337252157,-0.6628546381893529,-2.912862607586865,-5.497346190627988,0.7291864528901318,0.5198412698412699,0.6224099458080969,0.0017283310858569,0.0020517990369011,0.0048678720445062,0.4294043491963441,0.0,4,0.8133561643835616,0.66942939113803,-0.0020517990369011,-0.0017283310858569,0.6628546381893529,2.912862607586865,5.497346190627988,-1,-0.1541095890410959
2022-10-07,2022,SHORT,ORB_SHORT,39.26,2.049455984174086,1.620178041543027,18.053571428571427,False,True,-0.66942939113803,0.882212304749761,0.1209923664122137,0.4654128147912018,0.5230769230769231,-0.8133561643835616,1,0.1541095890410959,1.084897337252157,-0.6628546381893529,-2.912862607586865,-5.497346190627988,0.7291864528901318,0.5198412698412699,0.6224099458080969,0.0017283310858569,0.0020517990369011,0.0048678720445062,0.4294043491963441,0.0,4,0.8133561643835616,0.66942939113803,-0.0020517990369011,-0.0017283310858569,0.6628546381893529,2.912862607586865,5.497346190627988,-1,-0.1541095890410959
2022-10-10,2022,SHORT,ORB_SHORT,-21.24,1.7201743955608402,2.530321046373365,45.05357142857143,False,False,0.0308653883251668,0.4660673637100196,0.0668910391249474,0.4398317836336278,0.2957055214723926,-0.7456140350877193,2,0.1368421052631579,0.9738506226492648,-1.8705582777113323,-4.128724102010111,-6.648682433735869,1.16751156926795,0.5793650793650794,0.8117597129518885,0.0047754367670802,0.0030123106682652,0.1974865350089766,0.444692381255977,0.0,0,0.7456140350877193,-0.0308653883251668,-0.0030123106682652,-0.0047754367670802,1.8705582777113323,4.128724102010111,6.648682433735869,-2,-0.1368421052631579
2022-10-10,2022,SHORT,ORB_SHORT,-434.24,0.4412265758091993,7.238500851788756,20.964285714285715,False,False,0.0308653883251668,0.4660673637100196,0.0668910391249474,0.4398317836336278,0.2957055214723926,-0.7456140350877193,2,0.1368421052631579,0.9738506226492648,-1.8705582777113323,-4.128724102010111,-6.648682433735869,1.16751156926795,0.5793650793650794,0.8117597129518885,0.0047754367670802,0.0030123106682652,0.1974865350089766,0.444692381255977,0.0,0,0.7456140350877193,-0.0308653883251668,-0.0030123106682652,-0.0047754367670802,1.8705582777113323,4.128724102010111,6.648682433735869,-2,-0.1368421052631579
2022-10-11,2022,LONG,ORB_LONG,2.76,1.5510597302504818,5.63102119460501,37.07142857142857,False,True,-0.3189368770764119,0.5565761188196209,0.0570807821449733,0.4877858119992183,0.2578616352201258,-0.4182692307692308,1,0.4230769230769231,1.091721456247732,-1.889779167480946,-4.302302130154389,-6.891307406683605,1.1039447741101145,0.5515873015873016,0.7785811999218292,0.0016528155988877,0.0035480587265981,0.084375,0.3889038928971025,0.0,1,-0.4182692307692308,-0.3189368770764119,0.0035480587265981,0.0016528155988877,-1.889779167480946,-4.302302130154389,-6.891307406683605,1,0.4230769230769231
2022-10-13,2022,LONG,PM_LONG,156.26,4.7658629441624365,0.0488578680203045,56.285714285714285,True,True,-1.0975964133006766,1.7833866079953504,0.2714542908581716,0.7040557931005853,0.282312925170068,0.4705188679245283,2,0.6533018867924528,1.3599875220962878,-2.0357424550624743,-4.841130806592221,-7.689011582049897,0.9101684714041264,0.4484126984126984,0.464112250404749,-0.005922437128754,-0.0008687496076822,0.0284280936454849,0.1851994159686467,0.0,3,0.4705188679245283,-1.0975964133006766,-0.0008687496076822,-0.005922437128754,-2.0357424550624743,-4.841130806592221,-7.689011582049897,2,0.6533018867924528
2022-10-13,2022,LONG,PM_LONG,-34.239999999999995,1.0266666666666666,2.871794871794872,34.82142857142857,False,False,-1.0975964133006766,1.7833866079953504,0.2714542908581716,0.7040557931005853,0.282312925170068,0.4705188679245283,2,0.6533018867924528,1.3599875220962878,-2.0357424550624743,-4.841130806592221,-7.689011582049897,0.9101684714041264,0.4484126984126984,0.464112250404749,-0.005922437128754,-0.0008687496076822,0.0284280936454849,0.1851994159686467,0.0,3,0.4705188679245283,-1.0975964133006766,-0.0008687496076822,-0.005922437128754,-2.0357424550624743,-4.841130806592221,-7.689011582049897,2,0.6533018867924528
2022-10-19,2022,SHORT,ORB_SHORT,-164.24,0.2733374008541794,2.699206833435021,29.267857142857142,False,False,0.0625889046941678,0.7901849217638691,0.124092302727126,0.4957325746799431,0.2039312039312039,0.7058823529411765,4,0.8177905308464849,1.074969881412598,-0.4852418207681365,-2.921109530583216,-5.567019914651496,1.108082460619633,0.6785714285714286,0.996443812233286,-0.0088738107440813,-0.0056635301393981,0.126610644257703,0.5055096919663964,0.0,2,-0.7058823529411765,-0.0625889046941678,0.0056635301393981,0.0088738107440813,0.4852418207681365,2.921109530583216,5.567019914651496,-4,-0.8177905308464849
2022-10-25,2022,LONG,PM_LONG,11.760000000000002,1.2978303747534516,2.052596975673899,27.160714285714285,False,True,0.044390941238432,0.288917312467083,0.0543702684101858,0.4514333007298172,0.5283307810107197,0.8233333333333334,2,0.83,0.7855177199741559,0.8617861710932221,-1.4141750056429176,-4.440226469039198,0.4801822023309369,0.5952380952380952,0.8908283801068393,0.0130362411494775,-0.0009443310260406,0.2843761708505058,0.6953290870488323,1.0,1,0.8233333333333334,0.044390941238432,-0.0009443310260406,0.0130362411494775,0.8617861710932221,-1.4141750056429176,-4.440226469039198,2,0.83
2022-10-25,2022,LONG,PM_LONG,91.76,2.193548387096774,1.5225806451612902,19.375,False,True,0.044390941238432,0.288917312467083,0.0543702684101858,0.4514333007298172,0.5283307810107197,0.8233333333333334,2,0.83,0.7855177199741559,0.8617861710932221,-1.4141750056429176,-4.440226469039198,0.4801822023309369,0.5952380952380952,0.8908283801068393,0.0130362411494775,-0.0009443310260406,0.2843761708505058,0.6953290870488323,1.0,1,0.8233333333333334,0.044390941238432,-0.0009443310260406,0.0130362411494775,0.8617861710932221,-1.4141750056429176,-4.440226469039198,2,0.83
2022-10-31,2022,LONG,VWAP_LONG,97.76,1.9341510652033571,1.5726275016139446,27.660714285714285,False,True,-0.2554858934169279,0.3628526645768025,0.0920539730134932,0.4529780564263322,0.5109961190168176,-0.7058823529411765,0,0.0553633217993079,0.750041086192511,0.985148902821319,-0.7319592476489053,-4.150141065830723,1.0829283921533122,0.503968253968254,1.188871473354232,0.0082271710700587,0.0070764871609537,0.3280922431865828,0.6371667266258945,1.0,0,-0.7058823529411765,-0.2554858934169279,0.0070764871609537,0.0082271710700587,0.985148902821319,-0.7319592476489053,-4.150141065830723,0,0.0553633217993079
2022-11-03,2022,SHORT,ORB_SHORT,-81.74,0.255278310940499,2.6938579654510555,37.214285714285715,False,False,-1.0873212431093713,0.6351362147479428,0.0860958740758406,0.4481904609730766,0.0998531571218795,-0.2531194295900178,2,0.6114081996434938,1.0828020720357645,-0.1668930254853411,-1.6954861388511608,-5.32532555724215,0.96948659524544,0.4484126984126984,1.091315810497723,0.0068364755502275,0.0028092412200581,0.1039354187689202,0.63249028017155,1.0,3,0.2531194295900178,1.0873212431093713,-0.0028092412200581,-0.0068364755502275,0.1668930254853411,1.6954861388511608,5.32532555724215,-2,-0.6114081996434938
2022-11-04,2022,LONG,VWAP_LONG,-407.24,0.5081850533807829,4.354448398576512,50.17857142857143,False,False,0.4528909153607418,0.92953753017357,0.1961471103327495,0.7341277443580213,0.1538461538461538,-0.0553235908141962,1,0.8131524008350731,1.2599832257843655,-1.222000842944175,-2.673067933637305,-6.231575922449133,1.0874943377051935,0.5555555555555556,0.5532779033679451,0.0060843872811883,0.0028627201416063,0.0364341085271317,0.3027882080370696,0.0,4,-0.0553235908141962,0.4528909153607418,0.0028627201416063,0.0060843872811883,-1.222000842944175,-2.673067933637305,-6.231575922449133,1,0.8131524008350731
2022-11-08,2022,LONG,PM_LONG,152.26,3.5131211613623674,5.291457286432161,34.44230769230769,True,True,0.1850013894954146,0.4763984278851879,0.0721247563352826,0.3541228313946564,0.4513274336283185,0.3049327354260089,3,0.9327354260089686,0.789761289350991,-0.4836635039104382,-1.780507364325697,-5.60866648140061,0.986629943895202,0.4603174603174603,0.566120131803565,-0.0026849040299603,0.0002622472916375,0.2591928251121076,0.4459798994974874,0.0,1,0.3049327354260089,0.1850013894954146,0.0002622472916375,-0.0026849040299603,-0.4836635039104382,-1.780507364325697,-5.60866648140061,3,0.9327354260089686
2022-11-08,2022,LONG,PM_LONG,-407.24,0.7368421052631579,12.664473684210526,21.714285714285715,False,False,0.1850013894954146,0.4763984278851879,0.0721247563352826,0.3541228313946564,0.4513274336283185,0.3049327354260089,3,0.9327354260089686,0.789761289350991,-0.4836635039104382,-1.780507364325697,-5.60866648140061,0.986629943895202,0.4603174603174603,0.566120131803565,-0.0026849040299603,0.0002622472916375,0.2591928251121076,0.4459798994974874,0.0,1,0.3049327354260089,0.1850013894954146,0.0002622472916375,-0.0026849040299603,-0.4836635039104382,-1.780507364325697,-5.60866648140061,3,0.9327354260089686
2022-11-10,2022,LONG,PM_LONG,-39.24,2.5649948822927326,1.4974411463664277,34.892857142857146,True,False,1.5298842060119302,1.727162852352918,0.3808546370591528,0.6238059963351398,0.2475247524752475,0.22,1,0.65875,1.1189260658645723,-0.9938009279114196,-2.0342937346485224,-5.8866817419782445,1.044151582132811,0.503968253968254,0.6674724160785995,0.0065292688999252,-0.0013064593011631,0.166394779771615,0.4120456249753325,0.0,3,0.22,1.5298842060119302,-0.0013064593011631,0.0065292688999252,-0.9938009279114196,-2.0342937346485224,-5.8866817419782445,1,0.65875
2022-11-15,2022,LONG,OPEN_LONG,-813.24,0.0361010830324909,8.050541516245488,34.625,False,False,0.6436931079323797,1.160598179453836,0.248015873015873,0.3250975292587776,0.1269649334945586,0.2475,3,0.8325,0.8270666785867208,1.7202535760728206,1.0913361508452526,-2.8824569245773706,1.4118597679401963,0.3968253968253968,0.638816644993498,0.0068047531226926,-0.0003204366766966,0.050131926121372,0.3334782093326484,0.0,1,0.2475,0.6436931079323797,-0.0003204366766966,0.0068047531226926,1.7202535760728206,1.0913361508452526,-2.8824569245773706,3,0.8325
2022-11-16,2022,SHORT,ORB_SHORT,14.760000000000002,1.8621794871794872,0.6842948717948718,22.285714285714285,False,True,-0.2925869770110232,0.4876449616850387,0.0316761988561372,0.3696266852436176,0.2842105263157894,-0.4168514412416851,1,0.4700665188470067,0.9191080515478756,1.8968979223865916,1.4092201778469853,-2.5601442445600964,1.4008526712409557,0.3809523809523809,0.9802073515551366,-0.005476026714707,0.0041632664466744,0.1027107684655558,0.9175877763328998,1.0,2,0.4168514412416851,0.2925869770110232,-0.0041632664466744,0.005476026714707,-1.8968979223865916,-1.4092201778469853,2.5601442445600964,-1,-0.4700665188470067
2022-11-22,2022,LONG,PM_LONG,34.76,2.8123425692695214,0.9168765743073048,28.357142857142858,True,True,0.0641943179353719,0.4033832140533507,0.0285714285714285,0.3513337670787247,0.0610328638497652,-0.1432098765432098,1,0.7432098765432099,0.756053189294623,0.6387768379960951,0.5764129256126647,-3.589846020386033,0.4212388660754688,0.2738095238095238,0.5083495987855129,-0.0005871146316371,0.0021280936410652,0.006318207926479,0.150509449118505,0.0,1,-0.1432098765432098,0.0641943179353719,0.0021280936410652,-0.0005871146316371,0.6387768379960951,0.5764129256126647,-3.589846020386033,1,0.7432098765432099
2022-11-22,2022,LONG,PM_LONG,36.76,2.9655172413793105,0.3103448275862069,14.5,True,True,0.0641943179353719,0.4033832140533507,0.0285714285714285,0.3513337670787247,0.0610328638497652,-0.1432098765432098,1,0.7432098765432099,0.756053189294623,0.6387768379960951,0.5764129256126647,-3.589846020386033,0.4212388660754688,0.2738095238095238,0.5083495987855129,-0.0005871146316371,0.0021280936410652,0.006318207926479,0.150509449118505,0.0,1,-0.1432098765432098,0.0641943179353719,0.0021280936410652,-0.0005871146316371,0.6387768379960951,0.5764129256126647,-3.589846020386033,1,0.7432098765432099
2022-11-23,2022,LONG,PM_LONG,4.76,0.5411764705882353,6.188235294117647,21.25,False,True,0.1025551885972536,0.253780636189814,0.0090373280943025,0.468451242829828,0.6883116883116883,0.927643784786642,0,0.9647495361781075,0.6644910819782817,1.0590126890318097,1.070224230836087,-3.1178211367981907,0.4688313353542866,0.2658730158730158,0.6752998435598818,-0.0043939075141867,-0.0041478545615594,0.3678321678321678,0.4129256126653654,0.0,2,0.927643784786642,0.1025551885972536,-0.0041478545615594,-0.0043939075141867,1.0590126890318097,1.070224230836087,-3.1178211367981907,0,0.9647495361781075
2022-11-29,2022,SHORT,ORB_SHORT,-67.74000000000001,1.7531455961653686,1.249850209706411,29.803571428571427,False,False,0.1226523572249904,0.3555001916443082,0.0059568131049888,0.2970486776542737,0.0188679245283018,-0.0741935483870967,4,0.7129032258064516,0.834247270739313,0.3932062092755831,0.7508240705251032,-3.73078286699885,0.6440683270301116,0.0595238095238095,0.7713683403602913,0.0088930610272791,0.0026363380710389,0.276300578034682,0.410958904109589,0.0,1,0.0741935483870967,-0.1226523572249904,-0.0026363380710389,-0.0088930610272791,-0.3932062092755831,-0.7508240705251032,3.73078286699885,-4,-0.7129032258064516
2022-12-06,2022,SHORT,ORB_SHORT,50.76,4.793363499245853,1.2458521870286576,23.678571428571427,True,True,0.0935754892589424,0.2606027066458721,0.0154241645244215,0.7838204960507119,0.7091377091377091,-0.8510911424903723,0,0.1142490372272143,1.0932566054841462,0.3236403883885912,1.4483473361171226,-2.9440660059365085,1.0773619210851844,0.0158730158730158,0.913618755345374,0.0048700011606926,0.0048603006610729,0.2731985484707102,0.6225881142269102,1.0,1,0.8510911424903723,-0.0935754892589424,-0.0048603006610729,-0.0048700011606926,-0.3236403883885912,-1.4483473361171226,2.9440660059365085,0,-0.1142490372272143
2022-12-06,2022,SHORT,ORB_SHORT,85.26,3.021857923497268,1.3005464480874316,19.607142857142858,True,True,0.0935754892589424,0.2606027066458721,0.0154241645244215,0.7838204960507119,0.7091377091377091,-0.8510911424903723,0,0.1142490372272143,1.0932566054841462,0.3236403883885912,1.4483473361171226,-2.9440660059365085,1.0773619210851844,0.0158730158730158,0.913618755345374,0.0048700011606926,0.0048603006610729,0.2731985484707102,0.6225881142269102,1.0,1,0.8510911424903723,-0.0935754892589424,-0.0048603006610729,-0.0048700011606926,-0.3236403883885912,-1.4483473361171226,2.9440660059365085,0,-0.1142490372272143
2022-12-07,2022,SHORT,ORB_SHORT,-153.24,0.3760191846522782,2.309832134292566,37.232142857142854,False,False,-0.090547814276372,0.6952059962774787,0.0706506562412733,0.6267920921575532,0.2827868852459016,-0.1524879614767255,5,0.290529695024077,1.3335383732909667,-0.7519492932240066,0.4503043412646528,-3.885200462799939,1.1580130562304625,0.0198412698412698,1.2223954927310223,0.0051029032850157,0.0047963189332816,0.1690363349131121,0.5282487296875786,0.0,2,0.1524879614767255,0.090547814276372,-0.0047963189332816,-0.0051029032850157,0.7519492932240066,-0.4503043412646528,3.885200462799939,-5,-0.290529695024077
2022-12-12,2022,LONG,ORB_LONG,-18.74,3.438985736925515,1.5752773375594296,22.535714285714285,True,False,-0.4121411377913462,0.4391475371337991,0.0332516625831291,0.3088123055245699,0.155096011816839,-0.3536121673003802,2,0.1634980988593156,0.4296950163555897,-0.3833734515352551,1.0609522691246378,-3.7410027593495,1.067714039569816,0.0039682539682539,0.7914049198614455,0.0056206075198886,0.002515327415887,0.008342022940563,0.3325766174801362,0.0,0,-0.3536121673003802,-0.4121411377913462,0.002515327415887,0.0056206075198886,-0.3833734515352551,1.0609522691246378,-3.7410027593495,2,0.1634980988593156
2022-12-14,2022,LONG,PM_LONG,-77.74,1.0520231213872833,14.531791907514451,21.625,False,False,0.146611029660539,0.4262997631667982,0.0494450050454086,0.5120108266606518,0.3066037735849056,0.7709251101321586,0,0.7863436123348018,0.2229397027855258,0.2213826547874172,1.4960640577421875,-2.962264576519679,0.4972531571781448,0.0158730158730158,2.0367655351302583,-0.0028235989977227,-0.0015596612156256,0.1272968784591543,1.374145616641902,1.0,2,0.7709251101321586,0.146611029660539,-0.0015596612156256,-0.0028235989977227,0.2213826547874172,1.4960640577421875,-2.962264576519679,0,0.7863436123348018
2022-12-14,2022,LONG,PM_LONG,-407.24,0.2845528455284553,18.894308943089428,17.571428571428573,False,False,0.146611029660539,0.4262997631667982,0.0494450050454086,0.5120108266606518,0.3066037735849056,0.7709251101321586,0,0.7863436123348018,0.2229397027855258,0.2213826547874172,1.4960640577421875,-2.962264576519679,0.4972531571781448,0.0158730158730158,2.0367655351302583,-0.0028235989977227,-0.0015596612156256,0.1272968784591543,1.374145616641902,1.0,2,0.7709251101321586,0.146611029660539,-0.0015596612156256,-0.0028235989977227,0.2213826547874172,1.4960640577421875,-2.962264576519679,0,0.7863436123348018
2022-12-15,2022,SHORT,ORB_SHORT,205.76,3.5679879578524836,0.5870546914199698,38.32692307692308,True,True,-1.253492576562757,1.08584890155043,0.1836122907819135,0.8382183750616338,0.4846153846153846,-0.7241830065359477,2,0.1254901960784313,0.2115896203169563,0.5344326959951788,1.7857448090724837,-2.483569824138495,0.3989269423711358,0.0198412698412698,1.4770174765791926,0.0069097522602241,0.0036003839412795,0.0329818263405878,1.302582609676328,1.0,3,0.7241830065359477,1.253492576562757,-0.0036003839412795,-0.0069097522602241,-0.5344326959951788,-1.7857448090724837,2.483569824138495,-2,-0.1254901960784313
2022-12-15,2022,SHORT,ORB_SHORT,-67.74000000000001,1.037037037037037,3.4444444444444446,20.25,False,False,-1.253492576562757,1.08584890155043,0.1836122907819135,0.8382183750616338,0.4846153846153846,-0.7241830065359477,2,0.1254901960784313,0.2115896203169563,0.5344326959951788,1.7857448090724837,-2.483569824138495,0.3989269423711358,0.0198412698412698,1.4770174765791926,0.0069097522602241,0.0036003839412795,0.0329818263405878,1.302582609676328,1.0,3,0.7241830065359477,1.253492576562757,-0.0036003839412795,-0.0069097522602241,-0.5344326959951788,-1.7857448090724837,2.483569824138495,-2,-0.1254901960784313
2022-12-19,2022,SHORT,ORB_SHORT,59.260000000000005,3.8116025272831706,0.3136128661688684,31.089285714285715,True,True,-0.0102186797465767,0.8399754751686082,0.0032163333799468,0.5272838749233599,0.0764430577223088,-0.5445736434108527,4,0.4166666666666667,0.979430163262285,-1.497138769670957,-0.3733088085019412,-4.321954833435517,1.3080415981456757,0.0317460317460317,1.2425914571837318,0.0027512651100365,0.0048984507595025,0.1709796672828096,0.5993535309264231,0.0,0,0.5445736434108527,0.0102186797465767,-0.0048984507595025,-0.0027512651100365,1.497138769670957,0.3733088085019412,4.321954833435517,-4,-0.4166666666666667
2022-12-19,2022,SHORT,ORB_SHORT,114.76,3.379770992366412,0.2671755725190839,18.714285714285715,True,True,-0.0102186797465767,0.8399754751686082,0.0032163333799468,0.5272838749233599,0.0764430577223088,-0.5445736434108527,4,0.4166666666666667,0.979430163262285,-1.497138769670957,-0.3733088085019412,-4.321954833435517,1.3080415981456757,0.0317460317460317,1.2425914571837318,0.0027512651100365,0.0048984507595025,0.1709796672828096,0.5993535309264231,0.0,0,0.5445736434108527,0.0102186797465767,-0.0048984507595025,-0.0027512651100365,1.497138769670957,0.3733088085019412,4.321954833435517,-4,-0.4166666666666667
2022-12-21,2022,LONG,PM_LONG,-15.74,1.8531618435155413,0.5434083601286174,35.88461538461539,False,False,0.1731160896130346,0.3116089613034623,0.0003212335367812,0.5957230142566191,0.5683003128258602,0.7247863247863248,3,0.9726495726495726,1.091843273780036,-2.03594704684318,-1.1293890020366577,-4.956359470468429,1.317959065198374,0.0436507936507936,0.7372708757637475,-0.0005392870461,-0.0026785958242421,0.0984360625574977,0.5117423853963696,0.0,2,0.7247863247863248,0.1731160896130346,-0.0026785958242421,-0.0005392870461,-2.03594704684318,-1.1293890020366577,-4.956359470468429,3,0.9726495726495726
2022-12-21,2022,LONG,PM_LONG,-4.24,1.1490280777537798,3.129589632829374,16.535714285714285,False,False,0.1731160896130346,0.3116089613034623,0.0003212335367812,0.5957230142566191,0.5683003128258602,0.7247863247863248,3,0.9726495726495726,1.091843273780036,-2.03594704684318,-1.1293890020366577,-4.956359470468429,1.317959065198374,0.0436507936507936,0.7372708757637475,-0.0005392870461,-0.0026785958242421,0.0984360625574977,0.5117423853963696,0.0,2,0.7247863247863248,0.1731160896130346,-0.0026785958242421,-0.0005392870461,-2.03594704684318,-1.1293890020366577,-4.956359470468429,3,0.9726495726495726
2022-12-22,2022,SHORT,ORB_SHORT,169.26,5.768518518518519,0.6697530864197531,23.142857142857142,True,True,-0.5577244841048522,0.7980530345282159,0.2149801944544472,0.8497693048724839,0.6857490864799025,-0.960620525059666,0,0.0155131264916467,1.0214817309235222,-1.2780510064391812,-0.4968006895502695,-4.213932971657456,1.3543683003387632,0.0476190476190476,0.846727171322821,0.0071311691042229,0.0078929246736972,0.0026954177897574,0.2708757637474542,0.0,3,0.960620525059666,0.5577244841048522,-0.0078929246736972,-0.0071311691042229,1.2780510064391812,0.4968006895502695,4.213932971657456,0,-0.0155131264916467
2022-12-28,2022,SHORT,VWAP_SHORT,95.26,3.348891481913652,0.8576429404900817,30.607142857142858,True,True,-0.1279199110122358,0.2326659251019651,0.0228346456692913,0.5005561735261401,0.3669250645994832,0.0333333333333333,3,0.3222222222222222,1.0993757366550718,-2.193223952539862,-1.975639599555061,-5.223980348535408,0.9979734433188528,0.1666666666666666,0.5941787170930664,-0.0067750155110363,-0.0018399138387386,0.1299126637554585,0.3435594246077929,0.0,2,-0.0333333333333333,0.1279199110122358,0.0018399138387386,0.0067750155110363,2.193223952539862,1.975639599555061,5.223980348535408,-3,-0.3222222222222222
2022-12-30,2022,SHORT,MOM_SHORT,-36.239999999999995,1.039827771797632,4.023681377825619,16.589285714285715,False,False,-0.4649907811305482,0.4757836039034043,0.1704085388295914,0.3318793002653236,0.085590465872156,0.084010840108401,6,0.6910569105691057,1.0086430003621492,-1.5131087826595302,-1.5070558078877572,-4.591716508521836,1.1392535893116995,0.2619047619047619,0.7734856320546837,0.0029808247933929,-0.0005801869768327,0.0468540829986613,0.2230003685956505,0.0,4,-0.084010840108401,0.4649907811305482,0.0005801869768327,-0.0029808247933929,1.5131087826595302,1.5070558078877572,4.591716508521836,-6,-0.6910569105691057
2023-01-11,2023,LONG,PM_LONG,48.76,2.8676470588235294,1.2824754901960784,31.384615384615383,True,True,0.3170641523386948,0.3503420225550009,0.0697354860872552,0.3623590312442226,0.2540192926045016,0.3035714285714285,5,0.6403061224489796,1.047689162601522,0.1194305786651849,-0.6620262525420598,-3.537691809946383,0.8311921512140421,0.1865079365079365,0.6008504344610834,9.149956595599916e-05,-0.0024377079658255,0.1288229842446709,0.4353803849679193,0.0,2,0.3035714285714285,0.3170641523386948,-0.0024377079658255,9.149956595599916e-05,0.1194305786651849,-0.6620262525420598,-3.537691809946383,5,0.6403061224489796
2023-01-11,2023,LONG,PM_LONG,-18.24,1.736,2.5573333333333332,13.392857142857142,False,False,0.3170641523386948,0.3503420225550009,0.0697354860872552,0.3623590312442226,0.2540192926045016,0.3035714285714285,5,0.6403061224489796,1.047689162601522,0.1194305786651849,-0.6620262525420598,-3.537691809946383,0.8311921512140421,0.1865079365079365,0.6008504344610834,9.149956595599916e-05,-0.0024377079658255,0.1288229842446709,0.4353803849679193,0.0,2,0.3035714285714285,0.3170641523386948,-0.0024377079658255,9.149956595599916e-05,0.1194305786651849,-0.6620262525420598,-3.537691809946383,5,0.6403061224489796
2023-01-12,2023,LONG,MOM_LONG,-76.74,1.277981277981278,1.7663817663817665,61.425,False,False,0.1909658464928387,1.070510466397356,0.0191329619762654,0.762027175908924,0.0615796519410977,-0.1253012048192771,3,0.7385542168674699,1.5490181545670534,0.8956114579507896,0.0875321336760893,-2.7084695189129655,0.8605932272209137,0.2222222222222222,0.5609621740727139,0.0039268601615058,0.0008877020730551,0.2716216216216216,0.3327787021630616,0.0,3,-0.1253012048192771,0.1909658464928387,0.0008877020730551,0.0039268601615058,0.8956114579507896,0.0875321336760893,-2.7084695189129655,3,0.7385542168674699
2023-01-12,2023,LONG,ORB_LONG,-129.24,0.3706154864328259,2.529450694904037,26.982142857142858,False,False,0.1909658464928387,1.070510466397356,0.0191329619762654,0.762027175908924,0.0615796519410977,-0.1253012048192771,3,0.7385542168674699,1.5490181545670534,0.8956114579507896,0.0875321336760893,-2.7084695189129655,0.8605932272209137,0.2222222222222222,0.5609621740727139,0.0039268601615058,0.0008877020730551,0.2716216216216216,0.3327787021630616,0.0,3,-0.1253012048192771,0.1909658464928387,0.0008877020730551,0.0039268601615058,0.8956114579507896,0.0875321336760893,-2.7084695189129655,3,0.7385542168674699
2023-01-13,2023,LONG,PM_LONG,14.260000000000002,1.3899521531100478,0.8373205741626795,14.928571428571429,False,True,-0.2865741364595966,0.5273323451466558,0.1165109034267912,0.4303103804518707,0.3406593406593406,0.6096033402922756,2,0.7432150313152401,0.9731024027494692,1.1401428378924685,0.3177828684364173,-2.349000583928492,0.6053941879271965,0.2936507936507936,0.9495575618739612,0.0002890011587357,-0.0005307704988217,0.0091613812544045,0.4076386338597135,0.0,4,0.6096033402922756,-0.2865741364595966,-0.0005307704988217,0.0002890011587357,1.1401428378924685,0.3177828684364173,-2.349000583928492,2,0.7432150313152401
2023-01-17,2023,LONG,PM_LONG,-69.24000000000001,0.2620967741935484,2.5835253456221197,33.38461538461539,False,False,0.1390580592773041,0.3014616321559074,0.0140937397574565,0.55115712545676,0.288135593220339,0.3149171270718232,1,0.6777163904235728,1.0523358546246502,1.6341352009744183,0.5528826634185923,-2.274390986601708,0.3978601537077241,0.0476190476190476,0.2050345107592367,-0.0035277186756295,-0.0016326888598359,0.3472584856396867,0.1400479616306954,0.0,1,0.3149171270718232,0.1390580592773041,-0.0016326888598359,-0.0035277186756295,1.6341352009744183,0.5528826634185923,-2.274390986601708,1,0.6777163904235728
2023-01-19,2023,SHORT,ORB_SHORT,36.76,1.56790770844258,2.413214472994232,36.67307692307692,False,True,-0.5166739798157086,0.6230802983764809,0.0940511797939514,0.4289161913119789,0.271578947368421,-0.4245524296675191,5,0.1739130434782608,1.0724082688336003,1.4517332163229502,0.2931987713909597,-2.4798705572619584,0.4555179293798455,0.0238095238095238,1.2121544537077666,-0.0016004720671118,0.0018536087713915,0.2434944237918215,0.935451616487057,1.0,3,0.4245524296675191,0.5166739798157086,-0.0018536087713915,0.0016004720671118,-1.4517332163229502,-0.2931987713909597,2.4798705572619584,-5,-0.1739130434782608
2023-01-20,2023,LONG,PM_LONG,95.26,6.350383631713555,0.9558823529411764,30.076923076923077,True,True,0.0348299319727891,0.3613605442176871,0.0470544646165246,0.5017687074829932,0.6360424028268551,0.4902386117136659,1,0.8828633405639913,0.9520453323725316,0.9298503401360576,-0.2012299319727862,-2.848642176870751,0.5147257974659527,0.0317460317460317,0.6356462585034014,0.0005132105857119,-0.0030353706932946,0.079816980172852,0.3883282141290039,0.0,4,0.4902386117136659,0.0348299319727891,-0.0030353706932946,0.0005132105857119,0.9298503401360576,-0.2012299319727862,-2.848642176870751,1,0.8828633405639913
2023-01-20,2023,LONG,PM_LONG,255.26,10.322845417236662,2.662106703146375,13.053571428571429,True,True,0.0348299319727891,0.3613605442176871,0.0470544646165246,0.5017687074829932,0.6360424028268551,0.4902386117136659,1,0.8828633405639913,0.9520453323725316,0.9298503401360576,-0.2012299319727862,-2.848642176870751,0.5147257974659527,0.0317460317460317,0.6356462585034014,0.0005132105857119,-0.0030353706932946,0.079816980172852,0.3883282141290039,0.0,4,0.4902386117136659,0.0348299319727891,-0.0030353706932946,0.0005132105857119,0.9298503401360576,-0.2012299319727862,-2.848642176870751,1,0.8828633405639913
2023-01-23,2023,LONG,PM_LONG,51.76,3.044378698224852,2.019230769230769,24.142857142857142,True,True,0.1359306432623354,0.3136037675264904,0.056768558951965,0.834849620036391,0.8066037735849056,0.8,1,0.9653846153846154,1.0355464527726772,1.9222412501337869,0.8291341110992224,-1.6591030718184725,0.8778253885049008,0.0357142857142857,1.253344750080274,-0.007687778136397,-0.0065103103287831,0.4178705189941145,0.8315646258503402,1.0,0,0.8,0.1359306432623354,-0.0065103103287831,-0.007687778136397,1.9222412501337869,0.8291341110992224,-1.6591030718184725,1,0.9653846153846154
2023-01-23,2023,LONG,PM_LONG,-46.24,2.3194278903456493,5.840286054827175,14.982142857142858,False,False,0.1359306432623354,0.3136037675264904,0.056768558951965,0.834849620036391,0.8066037735849056,0.8,1,0.9653846153846154,1.0355464527726772,1.9222412501337869,0.8291341110992224,-1.6591030718184725,0.8778253885049008,0.0357142857142857,1.253344750080274,-0.007687778136397,-0.0065103103287831,0.4178705189941145,0.8315646258503402,1.0,0,0.8,0.1359306432623354,-0.0065103103287831,-0.007687778136397,1.9222412501337869,0.8291341110992224,-1.6591030718184725,1,0.9653846153846154
2023-01-24,2023,LONG,PM_LONG,-62.74,0.4680851063829787,2.099290780141844,17.625,False,False,-0.2060827654977563,0.4819677580189463,0.126645483431684,0.5041271951692428,0.1041456016177957,0.3252747252747253,4,0.5186813186813187,1.086326907363133,2.8247188521411526,1.8042656916514348,-0.6242701235388596,1.1531486310038637,0.0238095238095238,1.3794249626059498,-0.0010038878157541,-0.0019997700063039,0.0993698497333979,0.5265974526383389,0.0,1,0.3252747252747253,-0.2060827654977563,-0.0019997700063039,-0.0010038878157541,2.8247188521411526,1.8042656916514348,-0.6242701235388596,4,0.5186813186813187
2023-01-26,2023,LONG,PM_LONG,36.76,1.6599825632083696,0.9154315605928508,20.482142857142858,False,True,0.5974395448079659,0.6948243790349053,0.1810926949048496,0.5602363497100339,0.0058027079303675,0.130859375,3,0.68359375,1.066865437832286,2.2885983149141076,1.6346208556734845,-0.6355782908414522,1.1103436611851158,0.0396825396825396,1.3043002516686728,-0.0081325273936027,-0.0015785462876936,0.4550898203592814,1.2514079747690925,1.0,3,0.130859375,0.5974395448079659,-0.0015785462876936,-0.0081325273936027,2.2885983149141076,1.6346208556734845,-0.6355782908414522,3,0.68359375
2023-01-27,2023,LONG,PM_LONG,52.76,4.34419817470665,0.4380704041720991,13.696428571428571,True,True,-0.0463576158940397,0.2980132450331126,0.0070367474589523,0.6655629139072847,0.4174454828660436,0.681592039800995,0,0.7164179104477612,0.9863487271406434,2.801269315673286,2.4063576158940436,0.1847902869757155,0.9488901153889991,0.0317460317460317,0.7549668874172185,-0.0043792808593057,-0.0050224810306049,0.1362903225806451,0.5711784659153081,0.0,4,0.681592039800995,-0.0463576158940397,-0.0050224810306049,-0.0043792808593057,2.801269315673286,2.4063576158940436,0.1847902869757155,0,0.7164179104477612
2023-01-30,2023,SHORT,ORB_SHORT,-61.24,0.2898411169956668,2.1097737120847375,37.089285714285715,False,False,-0.8720833101297544,0.9478197917246756,0.1426116838487972,0.5334966865289302,0.1565557729941291,-0.4237995824634655,4,0.068893528183716,1.002761649396471,3.5355571643370287,3.380230550760152,1.2080581388873406,0.9219056448105992,0.0238095238095238,1.1861669543910451,0.0076178377649919,0.0054334004499977,0.2294328053142565,0.6986754966887417,1.0,0,0.4237995824634655,0.8720833101297544,-0.0054334004499977,-0.0076178377649919,-3.5355571643370287,-3.380230550760152,-1.2080581388873406,-4,-0.068893528183716
2023-01-31,2023,LONG,PM_LONG,24.76,1.840242669362993,0.4954499494438827,35.32142857142857,False,True,-0.0478260869565217,0.6326086956521739,0.0157582020149832,0.4413043478260869,0.2020860495436766,0.874384236453202,4,0.9236453201970444,1.0302826428488303,1.9504347826086972,2.001804347826091,-0.0541304347826118,1.3062905407892402,0.0555555555555555,0.7,0.0033403837486041,-0.0032623600937593,0.0483870967741935,0.2205268140557999,0.0,1,0.874384236453202,-0.0478260869565217,-0.0032623600937593,0.0033403837486041,1.9504347826086972,2.001804347826091,-0.0541304347826118,4,0.9236453201970444
2023-01-31,2023,LONG,PM_LONG,-8.24,2.110363391655451,0.6594885598923285,13.267857142857142,False,False,-0.0478260869565217,0.6326086956521739,0.0157582020149832,0.4413043478260869,0.2020860495436766,0.874384236453202,4,0.9236453201970444,1.0302826428488303,1.9504347826086972,2.001804347826091,-0.0541304347826118,1.3062905407892402,0.0555555555555555,0.7,0.0033403837486041,-0.0032623600937593,0.0483870967741935,0.2205268140557999,0.0,1,0.874384236453202,-0.0478260869565217,-0.0032623600937593,0.0033403837486041,1.9504347826086972,2.001804347826091,-0.0541304347826118,4,0.9236453201970444
2023-02-02,2023,LONG,PM_LONG,-9.74,3.1319415448851777,2.1494780793319417,46.05769230769231,True,False,1.1914570685169124,0.7881613183000867,0.1441586280814576,0.6558976582827407,0.3848039215686274,0.7206611570247934,2,0.9454545454545454,1.0835091062492728,3.2178013876843004,3.7231569817866417,1.8548514744145717,1.4151464045363784,0.0634920634920634,1.72918473547268,-0.0005810848257494,-0.0063190671509578,0.3138173302107728,1.3863739248528746,0.0,3,0.7206611570247934,1.1914570685169124,-0.0063190671509578,-0.0005810848257494,3.2178013876843004,3.7231569817866417,1.8548514744145717,2,0.9454545454545454
2023-02-02,2023,LONG,PM_LONG,-188.24,3.872852233676976,7.829896907216496,20.785714285714285,True,False,1.1914570685169124,0.7881613183000867,0.1441586280814576,0.6558976582827407,0.3848039215686274,0.7206611570247934,2,0.9454545454545454,1.0835091062492728,3.2178013876843004,3.7231569817866417,1.8548514744145717,1.4151464045363784,0.0634920634920634,1.72918473547268,-0.0005810848257494,-0.0063190671509578,0.3138173302107728,1.3863739248528746,0.0,3,0.7206611570247934,1.1914570685169124,-0.0063190671509578,-0.0005810848257494,3.2178013876843004,3.7231569817866417,1.8548514744145717,2,0.9454545454545454
2023-02-07,2023,LONG,PM_LONG,256.76,8.452830188679245,5.5911949685534585,22.714285714285715,True,True,0.0238255554980059,0.4060703371834049,0.0116354234001292,0.3180193712125136,0.022530329289428,0.0553745928338762,4,0.4071661237785016,0.8556797121397682,2.4868182524473004,3.713430362044856,2.206914590563008,1.3393957534942418,0.0714285714285714,0.6308592738385042,-0.0064218701778693,-0.0005831410523675,0.0237748665696263,0.5167297656809577,0.0,1,0.0553745928338762,0.0238255554980059,-0.0005831410523675,-0.0064218701778693,2.4868182524473004,3.713430362044856,2.206914590563008,4,0.4071661237785016
2023-02-07,2023,LONG,PM_LONG,238.26,3.2727854173329067,1.5849056603773584,55.839285714285715,True,True,0.0238255554980059,0.4060703371834049,0.0116354234001292,0.3180193712125136,0.022530329289428,0.0553745928338762,4,0.4071661237785016,0.8556797121397682,2.4868182524473004,3.713430362044856,2.206914590563008,1.3393957534942418,0.0714285714285714,0.6308592738385042,-0.0064218701778693,-0.0005831410523675,0.0237748665696263,0.5167297656809577,0.0,1,0.0553745928338762,0.0238255554980059,-0.0005831410523675,-0.0064218701778693,2.4868182524473004,3.713430362044856,2.206914590563008,4,0.4071661237785016
2023-02-08,2023,SHORT,ORB_SHORT,64.26,2.488118811881188,0.4851485148514852,36.07142857142857,False,True,0.1063562935835047,0.4414789544975668,0.0433905146316851,0.6000100336126022,0.3480565371024735,-0.677257525083612,3,0.0652173913043478,0.9445854307186182,2.8764360608036954,4.292961420759546,2.904605428184418,1.3425618183938692,0.1269841269841269,1.280288968042944,0.0056750236236786,0.0060378481916495,0.1577228184787681,1.1187652146889728,1.0,2,0.677257525083612,-0.1063562935835047,-0.0060378481916495,-0.0056750236236786,-2.8764360608036954,-4.292961420759546,-2.904605428184418,-3,-0.0652173913043478
2023-02-13,2023,LONG,PM_LONG,-82.74,1.1608040201005023,4.871859296482413,14.214285714285714,False,False,0.3120846665025843,0.6645335958651243,0.1025641025641025,0.4764952005906965,0.555921052631579,0.4524793388429752,1,0.8657024793388429,0.8844459542187191,0.8418902288949067,2.588648781688406,1.4578882599064715,0.7525438176831253,0.1547619047619047,0.7039133645089836,-0.0007795687437053,0.0006986107827515,0.1096088845968131,0.5733491498616053,0.0,0,0.4524793388429752,0.3120846665025843,0.0006986107827515,-0.0007795687437053,0.8418902288949067,2.588648781688406,1.4578882599064715,1,0.8657024793388429
2023-02-14,2023,LONG,ORB_LONG,134.76,1.5593635250917994,2.0134638922888617,29.178571428571427,False,True,-0.1706727350305788,0.8562082207367372,0.0730789897904352,1.0723936851088038,0.3882934872217642,0.3200707338638373,0,0.6136162687886826,1.261610174263879,1.3723036078319848,3.19091641776893,2.1540368842744013,0.91251575894726,0.2261904761904762,0.8182809462854975,-0.0019277033451714,-0.0035037173640504,0.1523482245131729,0.4371154319468373,0.0,1,0.3200707338638373,-0.1706727350305788,-0.0035037173640504,-0.0019277033451714,1.3723036078319848,3.19091641776893,2.1540368842744013,0,0.6136162687886826
2023-02-15,2023,LONG,MOM_LONG,35.76,3.542796384901648,0.4316852737905369,33.589285714285715,True,True,-0.2343065356763987,0.3450025367833587,0.0638660232756173,0.3957382039573821,0.0550284629981024,0.4825174825174825,6,0.752913752913753,0.9999819364814434,1.51501314515013,3.426650062266504,2.467496886674968,0.8046017474219858,0.2817460317460317,1.0433098104330982,0.0042195304995538,-0.0013325306006213,0.1816340310600945,0.5556345707106622,0.0,2,0.4825174825174825,-0.2343065356763987,-0.0013325306006213,0.0042195304995538,1.51501314515013,3.426650062266504,2.467496886674968,6,0.752913752913753
2023-02-17,2023,SHORT,ORB_SHORT,7.76,1.43342175066313,2.7851458885941645,33.660714285714285,False,True,-0.7740359776431356,0.4743788455215819,0.0451574569221628,0.4790756657742708,0.1413237924865832,-0.1176470588235294,6,0.6176470588235294,0.97061739424114,1.0247992109341948,3.2998356112911527,2.450068103893665,0.7080981175935077,0.242063492063492,0.7439763280259265,0.0061655168912387,0.0020693105029351,0.0776173285198556,0.2574183281849668,0.0,4,0.1176470588235294,0.7740359776431356,-0.0020693105029351,-0.0061655168912387,-1.0247992109341948,-3.2998356112911527,-2.450068103893665,-6,-0.6176470588235294
2023-02-24,2023,SHORT,ORB_SHORT,-52.24,1.0733210104744302,2.090573012939002,31.21153846153846,False,False,-0.8857240403843339,0.9403501926547334,0.2596314907872696,0.4262790811100814,0.3531157270029673,-0.3455377574370709,1,0.205949656750572,0.8475931688468742,-0.7368677754474968,1.7157684241330518,1.0820562844461754,0.858385480420448,0.1865079365079365,0.9062088474857336,0.0003330484981941,0.0002472115888977,0.0618279569892473,0.6634232640424591,1.0,4,0.3455377574370709,0.8857240403843339,-0.0002472115888977,-0.0003330484981941,0.7368677754474968,-1.7157684241330518,-1.0820562844461754,-1,-0.205949656750572
2023-02-24,2023,SHORT,ORB_SHORT,-129.24,1.5388291517323776,4.164874551971327,14.946428571428571,False,False,-0.8857240403843339,0.9403501926547334,0.2596314907872696,0.4262790811100814,0.3531157270029673,-0.3455377574370709,1,0.205949656750572,0.8475931688468742,-0.7368677754474968,1.7157684241330518,1.0820562844461754,0.858385480420448,0.1865079365079365,0.9062088474857336,0.0003330484981941,0.0002472115888977,0.0618279569892473,0.6634232640424591,1.0,4,0.3455377574370709,0.8857240403843339,-0.0002472115888977,-0.0003330484981941,0.7368677754474968,-1.7157684241330518,-1.0820562844461754,-1,-0.205949656750572
2023-02-27,2023,LONG,ORB_LONG,-81.74,0.0509803921568627,3.374901960784314,24.51923076923077,False,False,0.5554747709757162,0.6417527022441957,0.186637618010167,0.3218457660801706,0.1704545454545454,0.2048192771084337,1,0.5030120481927711,0.6686943160946064,-1.5794677911880208,0.7855169405263952,0.1798458630216633,0.8891376466267004,0.1944444444444444,0.4662885948330183,0.0008518568791722,0.0002195070649235,0.1028851388132825,0.2545968882602545,0.0,0,0.2048192771084337,0.5554747709757162,0.0002195070649235,0.0008518568791722,-1.5794677911880208,0.7855169405263952,0.1798458630216633,1,0.5030120481927711
2023-02-28,2023,LONG,PM_LONG,-107.74,1.1019354838709678,3.865806451612904,13.839285714285714,False,False,-0.1234385029378363,0.4838789315163185,0.0615930345049983,0.3278526638028934,0.1526104417670682,0.1777108433734939,2,0.3554216867469879,0.766120390618036,-1.237051301041818,1.1742260405865814,0.57945489557103,1.04369514798453,0.1468253968253968,0.4898039796573347,0.0056807274740295,-0.0012234571997344,0.0448979591836734,0.3208763511220978,0.0,1,0.1777108433734939,-0.1234385029378363,-0.0012234571997344,0.0056807274740295,-1.237051301041818,1.1742260405865814,0.57945489557103,2,0.3554216867469879
2023-03-01,2023,SHORT,ORB_SHORT,-69.74000000000001,0.2829204693611473,3.769230769230769,27.392857142857142,False,False,-0.2222111998412777,0.6061207281384853,0.0183038438071995,0.5039432567828976,0.2782956058588549,-0.6358267716535433,4,0.1456692913385826,0.8938618951232448,-1.1617479291701789,1.203273647140518,0.6742175487326986,0.8473016151755777,0.1388888888888889,0.5257675710530232,0.006173067862879,0.0051232041208356,0.0857988165680473,0.4068533056831087,0.0,2,0.6358267716535433,0.2222111998412777,-0.0051232041208356,-0.006173067862879,1.1617479291701789,-1.203273647140518,-0.6742175487326986,-4,-0.1456692913385826
2023-03-03,2023,LONG,PM_LONG,6.76,3.5006218905472637,1.39863184079602,30.923076923076923,True,True,0.4208071948037528,0.6339865652584245,0.1268177206628339,0.5429412091267418,0.452948557089084,0.6482617586912065,3,0.8404907975460123,0.9209792157792108,-1.3451396213845557,0.8928662632543203,0.4483650696719033,1.0536121224612716,0.0357142857142857,0.9171154166435352,-0.0066878691948386,-0.003285022857363,0.3146067415730337,0.5689413959272501,0.0,4,0.6482617586912065,0.4208071948037528,-0.003285022857363,-0.0066878691948386,-1.3451396213845557,0.8928662632543203,0.4483650696719033,3,0.8404907975460123
2023-03-03,2023,LONG,PM_LONG,37.76,4.350769230769231,1.5938461538461537,11.607142857142858,True,True,0.4208071948037528,0.6339865652584245,0.1268177206628339,0.5429412091267418,0.452948557089084,0.6482617586912065,3,0.8404907975460123,0.9209792157792108,-1.3451396213845557,0.8928662632543203,0.4483650696719033,1.0536121224612716,0.0357142857142857,0.9171154166435352,-0.0066878691948386,-0.003285022857363,0.3146067415730337,0.5689413959272501,0.0,4,0.6482617586912065,0.4208071948037528,-0.003285022857363,-0.0066878691948386,-1.3451396213845557,0.8928662632543203,0.4483650696719033,3,0.8404907975460123
2023-03-06,2023,LONG,PM_LONG,-43.239999999999995,0.5758597437626433,5.21105866486851,26.482142857142858,False,False,0.2474249888042991,0.4780564263322884,0.0957905203844879,0.4500671742051052,0.4041811846689895,0.7412935323383084,2,0.8781094527363185,0.8112542232844981,-0.0935960591132988,2.005082848186299,1.626701746529334,0.9821840637938908,0.0277777777777777,0.9449171518137036,-0.0093938494326881,-0.0016526750791454,0.2813607370659107,0.4807638927441292,0.0,0,0.7412935323383084,0.2474249888042991,-0.0016526750791454,-0.0093938494326881,-0.0935960591132988,2.005082848186299,1.626701746529334,2,0.8781094527363185
2023-03-07,2023,SHORT,ORB_SHORT,31.76,2.5395072217502124,1.4570943075615974,42.035714285714285,True,True,-0.0636551454575911,0.3093416717851359,0.0156739811912225,0.8286336478865375,0.1780821917808219,-0.1940700808625337,2,0.5727762803234502,1.1405017875301386,0.0886146630185923,2.0257747501256387,1.7611871126249374,0.9874658045001292,0.0317460317460317,0.684572002903568,0.0010280271809525,-0.0013985841799634,0.2459988144635447,0.4612628750559784,0.0,1,0.1940700808625337,0.0636551454575911,0.0013985841799634,-0.0010280271809525,-0.0886146630185923,-2.0257747501256387,-1.7611871126249374,-2,-0.5727762803234502
2023-03-07,2023,SHORT,ORB_SHORT,153.26,4.316755929609793,0.1178270849273144,23.339285714285715,True,True,-0.0636551454575911,0.3093416717851359,0.0156739811912225,0.8286336478865375,0.1780821917808219,-0.1940700808625337,2,0.5727762803234502,1.1405017875301386,0.0886146630185923,2.0257747501256387,1.7611871126249374,0.9874658045001292,0.0317460317460317,0.684572002903568,0.0010280271809525,-0.0013985841799634,0.2459988144635447,0.4612628750559784,0.0,1,0.1940700808625337,0.0636551454575911,0.0013985841799634,-0.0010280271809525,-0.0886146630185923,-2.0257747501256387,-1.7611871126249374,-2,-0.5727762803234502
2023-03-08,2023,LONG,PM_LONG,29.26,1.0306553911205074,2.068181818181818,36.38461538461539,False,True,0.1026576936238165,0.3570206456028287,0.0081709616593337,0.5224135964411999,0.2,0.2772925764192139,5,0.9475982532751092,1.1079454270693656,-0.5917075396372761,1.1668985970115169,0.9867799703433336,1.2203497005839865,0.0119047619047619,1.0277175772784304,0.0004762186020401,8.845754711495069e-05,0.2200806813088301,0.6521860517058462,1.0,2,0.2772925764192139,0.1026576936238165,8.845754711495069e-05,0.0004762186020401,-0.5917075396372761,1.1668985970115169,0.9867799703433336,5,0.9475982532751092
2023-03-09,2023,LONG,PM_LONG,-407.24,0.4869841269841269,9.88,30.28846153846154,False,False,0.3726997437689262,0.6545539249941765,0.0204638472032742,0.5753552294432798,0.323943661971831,0.6983805668016194,2,0.8279352226720648,0.9862758870229658,-0.5048334498019998,1.0930817610062855,1.0206440717446972,1.097780275006193,0.0119047619047619,0.6801770323782902,-0.0101267664686284,-0.0047943777101138,0.0897896357106208,0.3433329531196532,0.0,3,0.6983805668016194,0.3726997437689262,-0.0047943777101138,-0.0101267664686284,-0.5048334498019998,1.0930817610062855,1.0206440717446972,2,0.8279352226720648
2023-03-10,2023,SHORT,ORB_SHORT,-27.24,3.304761904761905,0.9809523809523808,26.25,True,False,-0.105678782952038,0.8849146440599234,0.0446785325099891,0.7513645337359192,0.0588235294117647,-0.4358578052550231,3,0.5054095826893354,1.5214443838498366,-0.9943676692602484,0.3883637208222021,0.4403205202647816,1.1831109291684754,0.0158730158730158,1.4887934037858552,-0.0053103670486671,0.0022249588438346,0.4306730415593968,1.3941299790356394,1.0,4,0.4358578052550231,0.105678782952038,-0.0022249588438346,0.0053103670486671,0.9943676692602484,-0.3883637208222021,-0.4403205202647816,-3,-0.5054095826893354
2023-03-13,2023,LONG,PM_LONG,74.66,1.580834967778089,0.8708321658727936,63.732142857142854,False,True,-0.4550884578189885,1.9056829171170144,0.0510452114730189,1.1081403947892372,0.3694461351186853,0.648870636550308,1,0.9188911704312116,0.6136001603721323,-1.6449741168439598,-0.4687183571306709,-0.3247340576824653,0.6613511721160367,0.0238095238095238,1.2879003356277376,-0.007554964425773,-0.0024319360688014,0.0980176211453744,0.7014284055278133,1.0,0,0.648870636550308,-0.4550884578189885,-0.0024319360688014,-0.007554964425773,-1.6449741168439598,-0.4687183571306709,-0.3247340576824653,1,0.9188911704312116
2023-03-14,2023,LONG,PM_LONG,31.76,1.213855421686747,4.377710843373494,31.923076923076923,False,True,0.120269226525433,0.8076795762992387,0.0995706399509302,0.5384530508661591,0.5780590717299579,0.8811475409836066,3,0.9344262295081968,0.2685979955890827,-0.7029129427341972,0.2373165618448656,0.490593622420832,1.030937638973605,0.0714285714285714,1.684872558755379,-0.0085120799849074,-0.0040405124221853,0.1280713198521417,0.7190397633540019,0.0,1,0.8811475409836066,0.120269226525433,-0.0040405124221853,-0.0085120799849074,-0.7029129427341972,0.2373165618448656,0.490593622420832,3,0.9344262295081968
2023-03-16,2023,LONG,PM_LONG,653.02,7.450582868727826,0.035478966041561,35.232142857142854,True,True,-0.0647176969426467,0.5646061147065387,0.0378535773710482,0.5333630885962954,0.2438764643237486,0.4309623430962343,5,0.6861924686192469,0.0961230518397083,0.3403258201294353,0.8544298147734858,1.3425518857397898,1.1066347034337876,0.0555555555555555,1.1214014728855166,-0.0052572071311748,-0.0015008708582047,0.2167519181585677,1.039019707493365,1.0,3,0.4309623430962343,-0.0647176969426467,-0.0015008708582047,-0.0052572071311748,0.3403258201294353,0.8544298147734858,1.3425518857397898,5,0.6861924686192469
2023-03-16,2023,LONG,PM_LONG,-57.24,0.9810791871058164,2.1878065872459707,25.482142857142858,False,False,-0.0647176969426467,0.5646061147065387,0.0378535773710482,0.5333630885962954,0.2438764643237486,0.4309623430962343,5,0.6861924686192469,0.0961230518397083,0.3403258201294353,0.8544298147734858,1.3425518857397898,1.1066347034337876,0.0555555555555555,1.1214014728855166,-0.0052572071311748,-0.0015008708582047,0.2167519181585677,1.039019707493365,1.0,3,0.4309623430962343,-0.0647176969426467,-0.0015008708582047,-0.0052572071311748,0.3403258201294353,0.8544298147734858,1.3425518857397898,5,0.6861924686192469
2023-03-20,2023,LONG,ORB_LONG,-86.24,1.4878892733564013,2.173010380622838,36.125,False,False,0.2418276175699534,1.070033706061741,0.0209112031518335,0.4440639880156225,0.1875,-0.0578313253012048,5,0.8506024096385543,0.9987727415577236,1.757797870632925,2.0982504948905873,2.7187790915413825,1.1466303588296174,0.1111111111111111,1.6681825477502543,0.0113609759445367,0.0049006422187927,0.4319391634980988,1.3735773264896227,1.0,0,-0.0578313253012048,0.2418276175699534,0.0049006422187927,0.0113609759445367,1.757797870632925,2.0982504948905873,2.7187790915413825,5,0.8506024096385543
2023-03-22,2023,LONG,PM_LONG,-18.74,6.945359930615785,4.893321769297485,22.173076923076923,True,False,0.0896430286537538,0.335094178539032,0.0107637109174782,0.3713782615655515,0.5137254901960784,0.6350574712643678,3,0.882183908045977,0.7063936535559896,2.8057734379168684,3.038535830531991,3.917240275332161,0.7388360949337929,0.119047619047619,0.6531134944773491,-0.0054087901365658,-0.001938134083167,0.2188591385331781,0.5397916204832631,0.0,2,0.6350574712643678,0.0896430286537538,-0.001938134083167,-0.0054087901365658,2.8057734379168684,3.038535830531991,3.917240275332161,3,0.882183908045977
2023-03-23,2023,LONG,PM_LONG,-41.24,1.4010226442658875,9.837837837837837,24.446428571428573,False,False,-0.1514747453197504,0.6912368659661848,0.1832734400522705,0.4714918128966878,0.6585365853658537,0.6809954751131222,3,0.753393665158371,1.048609214591551,2.8046295802442764,3.062627340124804,4.07760413888741,0.7285778483687797,0.123015873015873,1.120059736519281,-0.0007194046099168,-0.0022255787505236,0.0374803149606299,0.657382210127528,1.0,3,0.6809954751131222,-0.1514747453197504,-0.0022255787505236,-0.0007194046099168,2.8046295802442764,3.062627340124804,4.07760413888741,3,0.753393665158371
2023-03-28,2023,SHORT,ORB_SHORT,-93.74,1.3611111111111112,3.5176767676767677,14.142857142857142,False,False,-0.2911208151382823,0.3536578791309504,0.0580754557015684,0.547738422556472,0.4517374517374517,-0.9862204724409448,2,0.0078740157480314,1.0217184300762268,2.1549948784301054,2.5502183406113503,3.885853684834759,0.6672118673787265,0.1111111111111111,0.8604237425198124,0.0108823397486504,0.006742567740046,0.086085544125609,0.495143581081081,0.0,1,0.9862204724409448,0.2911208151382823,-0.006742567740046,-0.0108823397486504,-2.1549948784301054,-2.5502183406113503,-3.885853684834759,-2,-0.0078740157480314
2023-03-29,2023,LONG,PM_LONG,30.26,3.618586640851887,0.3117134559535334,18.446428571428573,True,True,0.8181279939716884,0.6437375531514075,0.2414965986394557,0.2389794929759405,0.1840796019900497,-0.0225225225225225,5,0.1531531531531531,0.8558085372805628,1.3893643360783696,1.817708165132674,3.219349803541631,0.5090845769221926,0.115079365079365,0.612519511276172,-0.0012490508978564,-0.0013246886760318,0.1154401154401154,0.3116070947220874,0.0,2,-0.0225225225225225,0.8181279939716884,-0.0013246886760318,-0.0012490508978564,1.3893643360783696,1.817708165132674,3.219349803541631,5,0.1531531531531531
2023-03-29,2023,LONG,PM_LONG,9.76,2.631449631449631,1.995085995085995,14.535714285714286,True,True,0.8181279939716884,0.6437375531514075,0.2414965986394557,0.2389794929759405,0.1840796019900497,-0.0225225225225225,5,0.1531531531531531,0.8558085372805628,1.3893643360783696,1.817708165132674,3.219349803541631,0.5090845769221926,0.115079365079365,0.612519511276172,-0.0012490508978564,-0.0013246886760318,0.1154401154401154,0.3116070947220874,0.0,2,-0.0225225225225225,0.8181279939716884,-0.0013246886760318,-0.0012490508978564,1.3893643360783696,1.817708165132674,3.219349803541631,5,0.1531531531531531
2023-03-30,2023,LONG,PM_LONG,-22.74,1.0945347119645494,2.7747415066469716,26.03846153846154,False,False,0.4427928399455668,0.5966712027635298,0.1774259033698741,0.3381136815660002,0.1396103896103896,0.2321981424148606,4,0.6842105263157895,1.0408105592937085,2.268920757877107,2.7520150737988067,4.190144457238565,0.9578823282394828,0.1388888888888889,0.4501203810321365,-0.0034373841881629,-0.0025367506813289,0.2236230922362309,0.3250982291834867,0.0,3,0.2321981424148606,0.4427928399455668,-0.0025367506813289,-0.0034373841881629,2.268920757877107,2.7520150737988067,4.190144457238565,4,0.6842105263157895
2023-03-31,2023,LONG,PM_LONG,92.26,5.361722488038278,0.1741626794258373,20.096153846153847,True,True,0.0979720832235975,0.3465894126942322,0.0232751454696591,0.3813537002897024,0.6806083650190115,0.8370165745856354,0,0.9917127071823204,0.743706179564512,2.5128259151962107,3.1019436397155618,4.647858835923101,0.9666137690630532,0.1388888888888889,0.4245456939689228,0.0012987052996058,-0.0024854444163147,0.0578158458244111,0.3025227677169476,0.0,4,0.8370165745856354,0.0979720832235975,-0.0024854444163147,0.0012987052996058,2.5128259151962107,3.1019436397155618,4.647858835923101,0,0.9917127071823204
2023-03-31,2023,LONG,PM_LONG,67.76,4.1844197138314785,0.3783783783783783,11.232142857142858,True,True,0.0979720832235975,0.3465894126942322,0.0232751454696591,0.3813537002897024,0.6806083650190115,0.8370165745856354,0,0.9917127071823204,0.743706179564512,2.5128259151962107,3.1019436397155618,4.647858835923101,0.9666137690630532,0.1388888888888889,0.4245456939689228,0.0012987052996058,-0.0024854444163147,0.0578158458244111,0.3025227677169476,0.0,4,0.8370165745856354,0.0979720832235975,-0.0024854444163147,0.0012987052996058,2.5128259151962107,3.1019436397155618,4.647858835923101,0,0.9917127071823204
2023-04-03,2023,SHORT,ORB_SHORT,-47.24,0.3575418994413408,3.4078212290502794,22.375,False,False,-0.2349099336353102,0.4055619930475087,0.0619674670797831,0.2970609923101233,0.1578947368421052,0.7340425531914894,6,0.9113475177304964,0.9058379856555456,3.085484040872225,3.777372801011272,5.433171810807963,1.019927901825769,0.1428571428571428,0.8321921415780049,-0.0013325806292832,0.0014667374150438,0.3031825795644891,0.454042665262049,0.0,0,-0.7340425531914894,0.2349099336353102,-0.0014667374150438,0.0013325806292832,-3.085484040872225,-3.777372801011272,-5.433171810807963,-6,-0.9113475177304964
2023-04-05,2023,SHORT,ORB_SHORT,160.76,2.954981549815498,0.2686346863468635,26.057692307692307,True,True,-0.1077692857535602,0.3299059767966129,0.088235294117647,0.4442733820861054,0.5047619047619047,-0.900990099009901,0,0.0148514851485148,1.0782478638807032,2.530708748006821,3.3953043382635912,5.300687304118327,0.8756147802452877,0.0873015873015873,0.6532138340572936,0.0034623853318933,0.0056939529317086,0.1788008565310492,0.5023753617648665,0.0,2,0.900990099009901,0.1077692857535602,-0.0056939529317086,-0.0034623853318933,-2.530708748006821,-3.3953043382635912,-5.300687304118327,0,-0.0148514851485148
2023-04-06,2023,LONG,ORB_LONG,239.76,6.084257206208426,0.1138211382113821,24.160714285714285,True,True,-0.1462117855560478,0.4264510412051396,0.0760471736478243,0.448604342046965,0.4642262895174708,0.2617283950617284,3,0.8518518518518519,1.076026595980986,1.6745680106335876,2.6395879486043388,4.629430660168362,0.8962169130611582,0.0793650793650793,0.7820115197164378,-0.0033967782630095,-0.0013670762359938,0.0792926411865373,0.3387034695111893,0.0,3,0.2617283950617284,-0.1462117855560478,-0.0013670762359938,-0.0033967782630095,1.6745680106335876,2.6395879486043388,4.629430660168362,3,0.8518518518518519
2023-04-11,2023,SHORT,ORB_SHORT,-17.240000000000002,1.269817073170732,2.2088414634146343,23.428571428571427,False,False,0.07801181321743,0.3733422489691296,0.0036363636363636,0.4134626100523794,0.496031746031746,-0.7924528301886793,1,0.1940700808625337,0.9970352726535576,1.6474423269809428,2.8756714588209036,5.031878970244069,0.6589777436283962,0.0595238095238095,0.8703889446116126,0.0076493596488134,0.0040764767781075,0.2468085106382978,0.6588158680197536,1.0,1,0.7924528301886793,-0.07801181321743,-0.0040764767781075,-0.0076493596488134,-1.6474423269809428,-2.8756714588209036,-5.031878970244069,-1,-0.1940700808625337
2023-04-12,2023,SHORT,ORB_SHORT,-80.24,2.0134680134680134,1.7306397306397303,37.125,False,False,0.1426086956521739,0.9402898550724638,0.0987341772151898,0.6840579710144927,0.3601895734597156,-0.5644067796610169,4,0.2711864406779661,1.3884939281137487,1.348637681159417,2.83888695652174,5.135855072463771,0.7069984641657656,0.0198412698412698,0.5055072463768115,-0.0030341984980954,0.0032012353402769,0.1324404761904762,0.2106318956870612,0.0,2,0.5644067796610169,-0.1426086956521739,-0.0032012353402769,0.0030341984980954,-1.348637681159417,-2.83888695652174,-5.135855072463771,-4,-0.2711864406779661
2023-04-13,2023,LONG,PM_LONG,86.76,4.186738836265223,0.5493910690121786,13.196428571428571,True,True,0.2716243133940967,0.5529063801533168,0.1134406589292399,0.5746363252248445,0.6894117647058824,0.8613445378151261,0,0.930672268907563,1.1371656088059936,0.4367115349791755,2.115796462847833,4.571805396269693,0.8035102156601946,0.0039682539682539,1.0188929800205226,-0.0032367484718813,-0.0041753991909554,0.1262975778546712,0.48,0.0,3,0.8613445378151261,0.2716243133940967,-0.0041753991909554,-0.0032367484718813,0.4367115349791755,2.115796462847833,4.571805396269693,0,0.930672268907563
2023-04-20,2023,SHORT,MOM_SHORT,-63.74,2.675,4.8625,20.0,True,False,-0.8395899980413919,0.7377423777502121,0.1689008042895442,0.5849709473134426,0.6363636363636364,0.8125,0,0.8638392857142857,0.8920126226234112,0.808448129529283,3.179813279362802,5.997225305216424,0.9393806590156746,0.0039682539682539,0.7769145394006659,-0.0005706863803587,-0.0037767199260285,0.223924142961342,0.5504469165970034,0.0,3,-0.8125,0.8395899980413919,0.0037767199260285,0.0005706863803587,-0.808448129529283,-3.179813279362802,-5.997225305216424,0,-0.8638392857142857
2023-04-21,2023,LONG,PM_LONG,-79.74,1.6,3.2363636363636363,13.75,False,False,0.0321435746333623,0.5517980312060538,0.0373079736649597,0.5317082970602023,0.0841121495327102,0.070528967254408,3,0.8261964735516373,1.0486462190052963,-0.0737962900957591,2.3626866671131035,5.262070581932637,0.6577296686905593,0.0039682539682539,0.8250184155896337,-0.0038080410639808,-0.0008368681704139,0.1578360290016731,0.48834628190899,0.0,4,0.070528967254408,0.0321435746333623,-0.0008368681704139,-0.0038080410639808,-0.0737962900957591,2.3626866671131035,5.262070581932637,3,0.8261964735516373
2023-04-25,2023,SHORT,ORB_SHORT,93.26,5.780542986425339,0.17420814479638,15.785714285714286,True,True,-0.3887269193391642,0.5122865472719701,0.086797957695113,0.4525891989448841,0.5055679287305123,-0.656441717791411,2,0.0122699386503067,1.1094593823686012,-0.1684020546994348,2.3574899347494083,5.442357351103704,0.6388133038150083,0.0079365079365079,0.9260030542829376,-0.001271504505384,0.0007965685428111,0.0800582241630276,0.5647585098203677,0.0,1,0.656441717791411,0.3887269193391642,-0.0007965685428111,0.001271504505384,0.1684020546994348,-2.3574899347494083,-5.442357351103704,-2,-0.0122699386503067
2023-04-25,2023,SHORT,ORB_SHORT,15.260000000000002,1.7224409448818898,0.4960629921259842,18.142857142857142,False,True,-0.3887269193391642,0.5122865472719701,0.086797957695113,0.4525891989448841,0.5055679287305123,-0.656441717791411,2,0.0122699386503067,1.1094593823686012,-0.1684020546994348,2.3574899347494083,5.442357351103704,0.6388133038150083,0.0079365079365079,0.9260030542829376,-0.001271504505384,0.0007965685428111,0.0800582241630276,0.5647585098203677,0.0,1,0.656441717791411,0.3887269193391642,-0.0007965685428111,0.001271504505384,0.1684020546994348,-2.3574899347494083,-5.442357351103704,-2,-0.0122699386503067
2023-04-27,2023,LONG,PM_LONG,86.26,5.665443873807777,0.6294937637564197,26.21153846153846,True,True,0.8503211393465512,0.6171460485897794,0.1348600508905852,0.4845015358838313,0.4124137931034483,0.6772334293948127,5,0.9942363112391932,1.0536675007103118,-1.1743926277576076,1.3211393465512384,4.4662524434515545,0.8545246629422784,0.0079365079365079,0.8042446244065903,-0.0045051089852961,-0.001029287288851,0.1089108910891089,0.4298704877376688,0.0,3,0.6772334293948127,0.8503211393465512,-0.001029287288851,-0.0045051089852961,-1.1743926277576076,1.3211393465512384,4.4662524434515545,5,0.9942363112391932
2023-04-28,2023,LONG,PM_LONG,-82.24,0.823876197494473,3.4679439941046426,26.096153846153847,False,False,-0.0761645698741924,0.365861951717103,0.0103756708407871,0.6569194151649099,0.4809688581314879,0.4472049689440994,1,0.8426501035196687,0.9876540414731833,0.6621557293437587,3.1007140428425743,6.193043182590952,1.4402173192726493,0.0198412698412698,1.27711662699762,0.0069644515524855,0.0032745078042222,0.38763197586727,0.8293772689192962,1.0,4,0.4472049689440994,-0.0761645698741924,0.0032745078042222,0.0069644515524855,0.6621557293437587,3.1007140428425743,6.193043182590952,1,0.8426501035196687
2023-04-28,2023,LONG,PM_LONG,3.76,1.3050847457627115,0.9788135593220338,16.857142857142858,False,True,-0.0761645698741924,0.365861951717103,0.0103756708407871,0.6569194151649099,0.4809688581314879,0.4472049689440994,1,0.8426501035196687,0.9876540414731833,0.6621557293437587,3.1007140428425743,6.193043182590952,1.4402173192726493,0.0198412698412698,1.27711662699762,0.0069644515524855,0.0032745078042222,0.38763197586727,0.8293772689192962,1.0,4,0.4472049689440994,-0.0761645698741924,0.0032745078042222,0.0069644515524855,0.6621557293437587,3.1007140428425743,6.193043182590952,1,0.8426501035196687
2023-05-01,2023,SHORT,VWAP_SHORT,-26.74,1.7396883593033914,3.2291475710357473,20.98076923076923,False,False,0.0438776909365144,0.4497463320992733,0.0159598723210214,0.283833813245578,0.0632911392405063,-0.1111111111111111,6,0.3671497584541063,0.8560528704976194,0.9282873988756344,3.38173591114768,6.524681201151786,1.45209245081292,0.0198412698412698,0.6759906759906761,0.0093477706177577,0.0024637256999054,0.080563947633434,0.4923495409724583,0.0,0,0.1111111111111111,-0.0438776909365144,-0.0024637256999054,-0.0093477706177577,-0.9282873988756344,-3.38173591114768,-6.524681201151786,-6,-0.3671497584541063
2023-05-04,2023,SHORT,ORB_SHORT,-58.74,0.0269749518304431,4.208092485549133,27.803571428571427,False,False,-0.4252108908853988,0.707770386118922,0.0361222599567767,0.4649886839037103,0.3703703703703703,-0.6637168141592921,3,0.2920353982300885,0.9810891286246968,0.2041012276249954,2.3979699609080285,5.702564981825666,1.3235387223965631,0.0277777777777777,0.8860846306837666,-0.0082155845241703,-0.0021713566645507,0.0761670761670761,0.5561291210682083,0.0,3,0.6637168141592921,0.4252108908853988,0.0021713566645507,0.0082155845241703,-0.2041012276249954,-2.3979699609080285,-5.702564981825666,-3,-0.2920353982300885
2023-05-05,2023,LONG,PM_LONG,-14.24,6.52054794520548,1.1187214611872147,15.642857142857142,True,False,0.4527518172377985,0.5219799238490828,0.1219512195121951,0.7158186223606784,0.8382978723404255,0.8800773694390716,0,0.9941972920696324,0.8562960212297688,-0.3677397023191395,1.7452682589131143,5.169740394600209,0.5421577818086285,0.0198412698412698,0.7172031844929041,-0.0058628615238076,-0.0034927705096901,0.0834141610087293,0.5747205267128456,0.0,4,0.8800773694390716,0.4527518172377985,-0.0034927705096901,-0.0058628615238076,-0.3677397023191395,1.7452682589131143,5.169740394600209,0,0.9941972920696324
2023-05-05,2023,LONG,PM_LONG,108.26,6.252225519287833,0.3946587537091988,12.035714285714286,True,True,0.4527518172377985,0.5219799238490828,0.1219512195121951,0.7158186223606784,0.8382978723404255,0.8800773694390716,0,0.9941972920696324,0.8562960212297688,-0.3677397023191395,1.7452682589131143,5.169740394600209,0.5421577818086285,0.0198412698412698,0.7172031844929041,-0.0058628615238076,-0.0034927705096901,0.0834141610087293,0.5747205267128456,0.0,4,0.8800773694390716,0.4527518172377985,-0.0034927705096901,-0.0058628615238076,-0.3677397023191395,1.7452682589131143,5.169740394600209,0,0.9941972920696324
2023-05-08,2023,SHORT,ORB_SHORT,-85.74,0.3076131687242798,5.764403292181069,18.692307692307693,False,False,-0.2191072400653239,0.2626565051714752,0.0457113507960965,0.2939575394665215,0.3653333333333333,-0.7546296296296297,2,0.074074074074074,0.7585521370153336,1.1373162765378295,3.123380511703862,6.607627925966255,1.1267360293355333,0.0396825396825396,1.2765378334240611,-0.0062989827319405,0.000295763182152,0.2461273666092943,0.5870543440636898,0.0,0,0.7546296296296297,0.2191072400653239,-0.000295763182152,0.0062989827319405,-1.1373162765378295,-3.123380511703862,-6.607627925966255,-2,-0.074074074074074
2023-05-11,2023,SHORT,ORB_SHORT,-54.74,0.5551601423487544,3.5345195729537364,27.01923076923077,False,False,0.1317560388184458,0.3655167528511723,0.0321268808458723,0.3740171424523624,0.0402930402930402,-0.7651515151515151,6,0.1363636363636363,1.0637164775248842,1.3173478784444266,3.18373592122972,7.141170220301765,1.1412431361707296,0.0039682539682539,0.9704611461358644,-0.0009208902866747,-4.189151435718408e-05,0.0319248826291079,0.8195572989632951,1.0,3,0.7651515151515151,-0.1317560388184458,4.189151435718408e-05,0.0009208902866747,-1.3173478784444266,-3.18373592122972,-7.141170220301765,-6,-0.1363636363636363
2023-05-12,2023,SHORT,ORB_SHORT,7.76,3.712653778558875,1.5764499121265378,21.884615384615383,True,True,0.0250497310837692,0.2991232594120681,0.024793388429752,0.5702497605540411,0.5668789808917197,-0.7906976744186046,1,0.0077519379844961,0.8505674253471122,1.6464304133205607,3.503750092094599,7.754144256980768,1.040538953501532,0.0039682539682539,0.6512930081780005,9.71449101392352e-05,0.0014692032134048,0.2058003346346904,0.5411914712757668,0.0,4,0.7906976744186046,-0.0250497310837692,-0.0014692032134048,-9.71449101392352e-05,-1.6464304133205607,-3.503750092094599,-7.754144256980768,-1,-0.0077519379844961
2023-05-12,2023,SHORT,ORB_SHORT,-55.24,0.6991676575505351,2.413793103448276,15.017857142857142,False,False,0.0250497310837692,0.2991232594120681,0.024793388429752,0.5702497605540411,0.5668789808917197,-0.7906976744186046,1,0.0077519379844961,0.8505674253471122,1.6464304133205607,3.503750092094599,7.754144256980768,1.040538953501532,0.0039682539682539,0.6512930081780005,9.71449101392352e-05,0.0014692032134048,0.2058003346346904,0.5411914712757668,0.0,4,0.7906976744186046,-0.0250497310837692,-0.0014692032134048,-9.71449101392352e-05,-1.6464304133205607,-3.503750092094599,-7.754144256980768,-1,-0.0077519379844961
2023-05-15,2023,LONG,ORB_LONG,15.760000000000002,3.303197353914002,0.4630650496141124,16.196428571428573,True,True,0.4285926145632508,0.5783775767462555,0.0943025540275049,0.4567699836867863,0.1578947368421052,-0.422077922077922,2,0.4285714285714285,0.7896026855513658,0.8889218448761701,2.656503040189825,7.080379652973459,0.7528157515556344,0.0039682539682539,1.0514607741361413,0.0061332381007467,0.0003103490647605,0.1360501567398119,0.4788919177779415,0.0,0,-0.422077922077922,0.4285926145632508,0.0003103490647605,0.0061332381007467,0.8889218448761701,2.656503040189825,7.080379652973459,2,0.4285714285714285
2023-05-15,2023,LONG,PM_LONG,-33.239999999999995,0.4516129032258064,4.310850439882698,12.178571428571429,False,False,0.4285926145632508,0.5783775767462555,0.0943025540275049,0.4567699836867863,0.1578947368421052,-0.422077922077922,2,0.4285714285714285,0.7896026855513658,0.8889218448761701,2.656503040189825,7.080379652973459,0.7528157515556344,0.0039682539682539,1.0514607741361413,0.0061332381007467,0.0003103490647605,0.1360501567398119,0.4788919177779415,0.0,0,-0.422077922077922,0.4285926145632508,0.0003103490647605,0.0061332381007467,0.8889218448761701,2.656503040189825,7.080379652973459,2,0.4285714285714285
2023-05-17,2023,LONG,VWAP_LONG,258.76,10.213399503722083,0.5037220843672456,14.392857142857142,True,True,-0.0494419057607311,0.3161285489549779,0.0513626834381551,0.3895422878118211,0.0230179028132992,-0.0192307692307692,1,0.75,0.8436076032544414,1.8326466401977632,3.498539216420703,8.253472170200013,0.7189981797113019,0.0039682539682539,0.717656753314855,0.0013479142226909,-0.0012952105340927,0.1405325443786982,0.3375777317145395,0.0,2,-0.0192307692307692,-0.0494419057607311,-0.0012952105340927,0.0013479142226909,1.8326466401977632,3.498539216420703,8.253472170200013,1,0.75
2023-05-18,2023,LONG,PM_LONG,73.98,4.360655737704918,0.446937014667817,20.696428571428573,True,True,-0.008868524129776,0.3281353928017146,0.0306535569693464,0.8188603946493238,0.8603773584905661,0.9783393501805054,0,0.9855595667870036,1.083733766621665,2.3983445421624396,4.017086689823372,8.84343359692558,0.6875567547402505,0.0158730158730158,1.148473874806001,-0.0029325836892197,-0.0036248954259285,0.3401797175866495,0.8719754288710764,1.0,3,0.9783393501805054,-0.008868524129776,-0.0036248954259285,-0.0029325836892197,2.3983445421624396,4.017086689823372,8.84343359692558,0,0.9855595667870036
2023-05-18,2023,LONG,PM_LONG,51.76,1.6833667334669338,2.3987975951903806,17.821428571428573,False,True,-0.008868524129776,0.3281353928017146,0.0306535569693464,0.8188603946493238,0.8603773584905661,0.9783393501805054,0,0.9855595667870036,1.083733766621665,2.3983445421624396,4.017086689823372,8.84343359692558,0.6875567547402505,0.0158730158730158,1.148473874806001,-0.0029325836892197,-0.0036248954259285,0.3401797175866495,0.8719754288710764,1.0,3,0.9783393501805054,-0.008868524129776,-0.0036248954259285,-0.0029325836892197,2.3983445421624396,4.017086689823372,8.84343359692558,0,0.9855595667870036
2023-05-19,2023,SHORT,ORB_SHORT,44.26,2.8386540120793784,1.25625539257981,20.696428571428573,True,True,0.4197133664814273,0.4855220824802574,0.0079022988505747,0.3933898800818953,0.037037037037037,0.1412639405204461,2,0.6765799256505576,0.8022394923204268,3.1452910207663063,4.7787364726528185,9.73239251243054,0.8044254682832357,0.0238095238095238,1.1860193038900264,-0.0071162151367257,0.0006198308646332,0.0775308641975308,0.3916931490651097,0.0,4,-0.1412639405204461,-0.4197133664814273,-0.0006198308646332,0.0071162151367257,-3.1452910207663063,-4.7787364726528185,-9.73239251243054,-2,-0.6765799256505576
2023-05-22,2023,LONG,PM_LONG,62.260000000000005,3.6151898734177217,0.2126582278481012,14.107142857142858,True,True,-0.0338758376905515,0.5007732528168495,0.0480634624358376,0.5876721408056558,0.1202263083451202,0.6090225563909775,4,0.6215538847117794,1.150170248862021,3.099860078061715,4.778967523381692,9.951668016790627,0.3761418567541509,0.0238095238095238,0.6760438913027469,4.1415239286246575e-05,-0.0031976338363624,0.0912820512820512,0.5440187189236619,0.0,0,0.6090225563909775,-0.0338758376905515,-0.0031976338363624,4.1415239286246575e-05,3.099860078061715,4.778967523381692,9.951668016790627,4,0.6215538847117794
2023-05-24,2023,SHORT,ORB_SHORT,-10.24,0.9408906882591094,2.7319838056680164,22.053571428571427,False,False,-0.6415578534228998,0.7713789719978866,0.1563753007217321,0.537399048984829,0.5081967213114754,-0.5,1,0.1376404494382022,1.031510689983099,2.0112461317835284,3.809917729639968,9.525322665861578,0.9674388555836516,0.0039682539682539,1.0204543739150125,-0.0038606215124823,-0.0004217691582397,0.2583518930957684,0.8579370445496207,1.0,2,0.5,0.6415578534228998,0.0004217691582397,0.0038606215124823,-2.0112461317835284,-3.809917729639968,-9.525322665861578,-1,-0.1376404494382022
2023-05-25,2023,LONG,VWAP_LONG,95.76,3.8986175115207375,0.423963133640553,27.125,True,True,1.9334033298335085,1.0319484025798709,0.0957230142566191,0.6884655767211639,0.016270337922403,-0.5381263616557734,3,0.3638344226579521,1.3988068197504713,1.0762711864406822,2.8967151642417845,8.747405129743507,0.985437844736819,0.0119047619047619,0.6494675266236688,-0.004619641427451,0.0003993000539636,0.0858895705521472,0.298890482300551,0.0,3,-0.5381263616557734,1.9334033298335085,0.0003993000539636,-0.004619641427451,1.0762711864406822,2.8967151642417845,8.747405129743507,3,0.3638344226579521
2023-05-31,2023,SHORT,ORB_SHORT,-32.239999999999995,1.3821138211382114,2.2764227642276422,30.75,False,False,-0.4608423250957187,0.6404455273233554,0.0813430252682589,0.7685346327880265,0.375609756097561,-0.2554347826086957,1,0.1503623188405797,1.2775260961119994,4.197702749738949,6.181524538809603,12.375391576749044,1.4213407027283012,0.0753968253968253,1.2446919596240864,-0.0086601049821303,-0.0017120500431893,0.04309969525468,0.5546218487394958,0.0,2,0.2554347826086957,0.4608423250957187,0.0017120500431893,0.0086601049821303,-4.197702749738949,-6.181524538809603,-12.375391576749044,-1,-0.1503623188405797
2023-06-01,2023,LONG,PM_LONG,317.26,5.310344827586206,0.5229885057471264,31.071428571428573,True,True,-0.0376018383120952,0.4943945407701414,0.0046627292508548,0.4999651834830443,0.1376811594202898,-0.0445682451253481,4,0.4707520891364902,0.9843457773960628,3.2783928695773317,5.419678295383328,11.757892904393842,1.3773434496053838,0.0753968253968253,0.8899101733862544,0.0013634871186525,0.0001604583627136,0.0181644359464627,0.3898364079359554,0.0,3,-0.0445682451253481,-0.0376018383120952,0.0001604583627136,0.0013634871186525,3.2783928695773317,5.419678295383328,11.757892904393842,4,0.4707520891364902
2023-06-02,2023,LONG,PM_LONG,-37.739999999999995,0.4176954732510288,1.2458847736625511,34.714285714285715,False,False,0.1120107962213225,0.4885290148448043,0.0886509635974304,0.8515519568151148,0.3534100974313552,-0.1537242472266244,1,0.3106180665610142,1.4306528586427412,3.9554655870445345,6.249716599190284,12.540445344129555,1.185162893506295,0.119047619047619,1.475033738191633,0.0060690448570226,0.0038414809993625,0.4811320754716981,1.2868184666805933,1.0,4,-0.1537242472266244,0.1120107962213225,0.0038414809993625,0.0060690448570226,3.9554655870445345,6.249716599190284,12.540445344129555,1,0.3106180665610142
2023-06-05,2023,LONG,PM_LONG,79.76,2.7180641530669667,2.056274620146314,31.732142857142858,True,True,-0.0884520884520884,0.4015444015444015,0.0065412919051512,0.4717444717444717,0.0694864048338368,0.5863095238095238,6,0.5952380952380952,1.1186842202104954,4.112881712881715,6.6500526500526504,13.364612144612144,0.770212146766772,0.0555555555555555,0.8859248859248859,-0.0165132763297986,-0.0033223334882825,0.1097883597883597,0.4871794871794871,0.0,0,0.5863095238095238,-0.0884520884520884,-0.0033223334882825,-0.0165132763297986,4.112881712881715,6.6500526500526504,13.364612144612144,6,0.5952380952380952
2023-06-06,2023,LONG,PM_LONG,-17.240000000000002,1.0279329608938548,3.2737430167597767,22.375,False,False,-0.1000208376745155,0.3306244356463152,0.0364169108413562,0.4278669167187608,0.3493013972055888,0.0227272727272727,3,0.7467532467532467,0.9294719135939092,3.696672917969025,6.356157532819342,13.156338125998468,0.7827654802910244,0.0873015873015873,0.8418420504271723,0.0211741076779232,0.0017509400672854,0.0464491362763915,0.4352404352404352,0.0,1,0.0227272727272727,-0.1000208376745155,0.0017509400672854,0.0211741076779232,3.696672917969025,6.356157532819342,13.156338125998468,3,0.7467532467532467
2023-06-07,2023,SHORT,ORB_SHORT,12.760000000000002,1.286034353995519,1.5892457057505602,23.910714285714285,False,True,0.0110268780151619,0.4272915230875258,0.0,0.7925568573397657,0.710455764075067,-0.3808695652173913,3,0.0382608695652173,1.171678987207295,3.3655410062026148,6.176126809097172,13.06992419021365,0.7993272310595867,0.1031746031746031,0.6560992419021364,0.013490404682356,0.0029367277514643,0.061271676300578,0.3417378620545947,0.0,2,0.3808695652173913,-0.0110268780151619,-0.0029367277514643,-0.013490404682356,-3.3655410062026148,-6.176126809097172,-13.06992419021365,-3,-0.0382608695652173
2023-06-12,2023,LONG,ORB_LONG,23.76,5.998517420311342,1.5774647887323945,24.089285714285715,True,True,0.2978177150192554,0.5147625160462131,0.1154185022026431,0.2798459563543004,0.0174672489082969,-0.0412844036697247,3,0.6880733944954128,0.3910008410428932,2.1836328626444197,5.141181001283702,11.928408215661108,0.8913929136112462,0.1547619047619047,0.9858793324775352,0.0037361828240419,-0.0008311805852763,0.1212355212355212,0.8138260140581672,1.0,0,-0.0412844036697247,0.2978177150192554,-0.0008311805852763,0.0037361828240419,2.1836328626444197,5.141181001283702,11.928408215661108,3,0.6880733944954128
2023-06-12,2023,LONG,PM_LONG,148.76,7.557324840764331,0.5573248407643312,11.214285714285714,True,True,0.2978177150192554,0.5147625160462131,0.1154185022026431,0.2798459563543004,0.0174672489082969,-0.0412844036697247,3,0.6880733944954128,0.3910008410428932,2.1836328626444197,5.141181001283702,11.928408215661108,0.8913929136112462,0.1547619047619047,0.9858793324775352,0.0037361828240419,-0.0008311805852763,0.1212355212355212,0.8138260140581672,1.0,0,-0.0412844036697247,0.2978177150192554,-0.0008311805852763,0.0037361828240419,2.1836328626444197,5.141181001283702,11.928408215661108,3,0.6880733944954128
2023-06-15,2023,LONG,PM_LONG,96.76,5.578306878306878,0.4814814814814814,36.34615384615385,True,True,0.0441717791411042,0.7938650306748466,0.094012311135982,0.7693251533742331,0.4519956850053937,0.5821371610845295,1,0.7559808612440191,0.1778492821630076,2.996932515337423,6.31710429447853,13.116110429447849,0.3826585891681529,0.1706349206349206,1.185276073619632,-0.0021912359569129,2.82297583318325e-05,0.0374064837905236,0.9198684128856062,1.0,3,0.5821371610845295,0.0441717791411042,2.82297583318325e-05,-0.0021912359569129,2.996932515337423,6.31710429447853,13.116110429447849,1,0.7559808612440191
2023-06-15,2023,LONG,PM_LONG,184.26,5.824427480916031,0.4007633587786259,18.714285714285715,True,True,0.0441717791411042,0.7938650306748466,0.094012311135982,0.7693251533742331,0.4519956850053937,0.5821371610845295,1,0.7559808612440191,0.1778492821630076,2.996932515337423,6.31710429447853,13.116110429447849,0.3826585891681529,0.1706349206349206,1.185276073619632,-0.0021912359569129,2.82297583318325e-05,0.0374064837905236,0.9198684128856062,1.0,3,0.5821371610845295,0.0441717791411042,2.82297583318325e-05,-0.0021912359569129,2.996932515337423,6.31710429447853,13.116110429447849,1,0.7559808612440191
2023-06-21,2023,SHORT,ORB_SHORT,-84.74,0.5854858548585486,4.4944649446494465,29.035714285714285,False,False,-0.2126261721316371,0.4371976348324673,0.0858818600754084,0.6856596786716838,0.5235204855842185,-0.6567944250871081,2,0.2212543554006968,1.058179329226557,3.353580600848112,6.9617392343068705,13.974287762049808,0.6835116350241364,0.1865079365079365,0.8791733858926118,0.008383699078727,0.0046169499650773,0.2200695479384004,0.6741436059978058,1.0,2,0.6567944250871081,0.2126261721316371,-0.0046169499650773,-0.008383699078727,-3.353580600848112,-6.9617392343068705,-13.974287762049808,-2,-0.2212543554006968
2023-06-27,2023,LONG,PM_LONG,290.26,5.668654738237243,0.3061630218687872,26.946428571428573,True,True,-0.1224283730910009,0.3761201565063738,0.0654645237161897,0.4606840843114982,0.0909090909090909,0.0876712328767123,1,0.410958904109589,1.2846769350767917,0.8531490596996051,5.025041019815722,12.937189196011616,0.6765961013675391,0.1626984126984127,1.3820522529344943,0.0049439214317994,0.0008908296487382,0.204778156996587,1.0309405179307376,1.0,1,0.0876712328767123,-0.1224283730910009,0.0008908296487382,0.0049439214317994,0.8531490596996051,5.025041019815722,12.937189196011616,1,0.410958904109589
2023-06-28,2023,LONG,PM_LONG,46.76,1.4583756345177663,2.7583756345177664,37.88461538461539,False,True,-0.4879514452256475,0.3437293431885103,0.0869894099848714,0.7066882999819722,0.4387527839643652,0.91156462585034,8,0.9387755102040816,1.209840657117252,1.5467820443482965,5.503371191635121,13.166895018328226,1.0440227534845188,0.1944444444444444,1.1862267892554534,-0.0066055856369879,-0.0071569336805463,0.4108858057630736,1.056418023475956,1.0,2,0.91156462585034,-0.4879514452256475,-0.0071569336805463,-0.0066055856369879,1.5467820443482965,5.503371191635121,13.166895018328226,8,0.9387755102040816
2023-06-29,2023,SHORT,ORB_SHORT,-58.24,1.1881380651434128,1.630529897909577,39.55769230769231,False,False,0.0423728813559322,0.486682808716707,0.0597806862398302,0.5302663438256658,0.2871287128712871,-0.3972602739726027,5,0.3675799086757991,1.195357636954159,1.288801452784507,5.255907990314767,13.105266343825662,0.9533876695187276,0.1865079365079365,0.9358353510895884,0.0154504296107567,0.0049727793098179,0.1084160235207644,0.5023736554293613,0.0,3,0.3972602739726027,-0.0423728813559322,-0.0049727793098179,-0.0154504296107567,-1.288801452784507,-5.255907990314767,-13.105266343825662,-5,-0.3675799086757991
2023-06-30,2023,LONG,PM_LONG,-172.24,0.440251572327044,2.749126484975542,25.553571428571427,False,False,0.851740806461482,0.8064614819800526,0.2432213678672602,0.6767423361683902,0.632258064516129,0.7811934900542495,0,0.8788426763110307,0.7986974603867365,0.954537110689592,4.971106895918742,13.015272593771034,0.9375173501678684,0.1825396825396825,0.5690509698341798,-0.0090143799729774,-0.0035003343899664,0.000568504832291,0.3123486682808716,0.0,4,0.7811934900542495,0.851740806461482,-0.0035003343899664,-0.0090143799729774,0.954537110689592,4.971106895918742,13.015272593771034,0,0.8788426763110307
2023-06-30,2023,LONG,PM_LONG,-44.24,0.6232114467408585,2.51510333863275,11.232142857142858,False,False,0.851740806461482,0.8064614819800526,0.2432213678672602,0.6767423361683902,0.632258064516129,0.7811934900542495,0,0.8788426763110307,0.7986974603867365,0.954537110689592,4.971106895918742,13.015272593771034,0.9375173501678684,0.1825396825396825,0.5690509698341798,-0.0090143799729774,-0.0035003343899664,0.000568504832291,0.3123486682808716,0.0,4,0.7811934900542495,0.851740806461482,-0.0035003343899664,-0.0090143799729774,0.954537110689592,4.971106895918742,13.015272593771034,0,0.8788426763110307
2023-07-07,2023,LONG,PM_LONG,-115.24,0.7940298507462688,5.265671641791045,11.964285714285714,False,False,-0.0465687859776211,0.710173986158722,0.0003038590094196,0.5096694909772977,0.2148148148148148,-0.3680203045685279,2,0.0507614213197969,1.1657716527421342,0.7505982795420737,4.824888428950259,14.110051096306838,1.180604174879062,0.1468253968253968,0.725696914817929,0.0112097379947345,0.0031144657260507,0.1312530955918771,0.4794302791377885,0.0,4,-0.3680203045685279,-0.0465687859776211,0.0031144657260507,0.0112097379947345,0.7505982795420737,4.824888428950259,14.110051096306838,2,0.0507614213197969
2023-07-10,2023,SHORT,ORB_SHORT,-58.24,2.176712328767123,2.780821917808219,26.071428571428573,False,False,-0.6350649350649351,0.6701298701298701,0.0137688120397054,0.6701298701298701,0.1217877094972067,-0.0910852713178294,4,0.5542635658914729,1.1683266819666942,0.8643506493506531,4.948493506493502,14.38959090909091,0.6297349437069584,0.1468253968253968,0.9363636363636364,0.0129912099619919,0.0023547543112147,0.2840646651270208,0.9067977491753444,1.0,0,0.0910852713178294,0.6350649350649351,-0.0023547543112147,-0.0129912099619919,-0.8643506493506531,-4.948493506493502,-14.38959090909091,-4,-0.5542635658914729
2023-07-11,2023,LONG,ORB_LONG,-84.24,0.6227164416203336,3.5361397934868943,22.482142857142858,False,False,0.1700154559505409,0.3284389489953632,0.0258136924803591,0.6427099433281813,0.1887254901960784,-0.2124248496993988,2,0.533066132264529,1.1637427161308445,0.073029366306024,4.085857805255026,13.542684183410614,0.6991831604085335,0.1587301587301587,0.7779495105615662,0.0022657123248699,0.0006764950762769,0.0099547511312217,0.4857142857142857,0.0,1,-0.2124248496993988,0.1700154559505409,0.0006764950762769,0.0022657123248699,0.073029366306024,4.085857805255026,13.542684183410614,2,0.533066132264529
2023-07-12,2023,LONG,PM_LONG,-66.74000000000001,0.9640905542544888,5.520686963309914,24.634615384615383,False,False,1.2030767207941622,0.955887186904214,0.2681215900233827,0.5246203405430281,0.4064516129032258,0.4962406015037593,2,0.7218045112781954,1.0051687148532653,0.1354283084609822,4.1443429097363795,13.896640589047395,0.7811888346794882,0.1428571428571428,0.7415686016698443,-0.0044339233511898,-0.0016566858043944,0.0182207931404072,0.3838227717671303,0.0,2,0.4962406015037593,1.2030767207941622,-0.0016566858043944,-0.0044339233511898,0.1354283084609822,4.1443429097363795,13.896640589047395,2,0.7218045112781954
2023-07-13,2023,LONG,PM_LONG,112.76,4.604340567612688,1.5659432387312189,21.392857142857142,True,True,0.5682394723490614,0.6380010147133435,0.1902481497605572,0.3526128868594622,0.0707456978967495,0.0647482014388489,3,0.4064748201438849,0.8808671854215175,1.3158295281582972,5.100177574835113,14.631506849315072,1.2123458568923593,0.1865079365079365,0.8307965499746321,0.0038547403995947,0.0004844037565525,0.0625686059275521,0.7152718427453817,1.0,3,0.0647482014388489,0.5682394723490614,0.0004844037565525,0.0038547403995947,1.3158295281582972,5.100177574835113,14.631506849315072,3,0.4064748201438849
2023-07-13,2023,LONG,PM_LONG,35.76,4.231197771587744,0.467966573816156,12.821428571428571,True,True,0.5682394723490614,0.6380010147133435,0.1902481497605572,0.3526128868594622,0.0707456978967495,0.0647482014388489,3,0.4064748201438849,0.8808671854215175,1.3158295281582972,5.100177574835113,14.631506849315072,1.2123458568923593,0.1865079365079365,0.8307965499746321,0.0038547403995947,0.0004844037565525,0.0625686059275521,0.7152718427453817,1.0,3,0.0647482014388489,0.5682394723490614,0.0004844037565525,0.0038547403995947,1.3158295281582972,5.100177574835113,14.631506849315072,3,0.4064748201438849
2023-07-14,2023,LONG,PM_LONG,-127.24,0.2053063802905874,5.25584333543904,30.442307692307693,False,False,0.0468176641781602,0.2948247500949006,0.0337552742616033,0.6908768821966342,0.3685636856368564,0.7655677655677655,0,0.7692307692307693,1.0234924589433652,2.37599645704163,6.086068581551309,15.747804631152723,1.1054530803752067,0.1904761904761904,0.8237378210806023,-0.0196419033462574,-0.0069215831821964,0.3809523809523809,0.6823947234906139,1.0,4,0.7655677655677655,0.0468176641781602,-0.0069215831821964,-0.0196419033462574,2.37599645704163,6.086068581551309,15.747804631152723,0,0.7692307692307693
2023-07-17,2023,LONG,PM_LONG,84.76,3.6398037841625785,0.5886475122634899,25.482142857142858,True,True,0.2224111990580231,0.3610911231765552,0.0808856755535472,0.3807156407404984,0.0726915520628683,0.415807560137457,2,0.7044673539518901,0.901104592352822,2.2084777915876272,5.886596454503825,16.033217766729898,1.2800666751059568,0.1468253968253968,1.0021586969320335,0.0059034719884207,-0.0002699416748734,0.2149200710479573,0.8098190560546629,1.0,0,0.415807560137457,0.2224111990580231,-0.0002699416748734,0.0059034719884207,2.2084777915876272,5.886596454503825,16.033217766729898,2,0.7044673539518901
2023-07-18,2023,LONG,VWAP_LONG,406.26,11.715715715715715,0.1401401401401401,17.839285714285715,True,True,-0.1402577710386656,0.2400808693454637,0.0289855072463768,0.4169825625473844,0.099273607748184,-0.6181818181818182,4,0.3696969696969697,0.9688124620675704,2.7660475107404636,6.218473591104376,16.151541571897905,0.940276205821402,0.1984126984126984,0.6899166034874905,0.0119735149775072,0.0054775338477518,0.2501732501732501,0.4461306992869758,0.0,1,-0.6181818181818182,-0.1402577710386656,0.0054775338477518,0.0119735149775072,2.7660475107404636,6.218473591104376,16.151541571897905,4,0.3696969696969697
2023-07-19,2023,LONG,PM_LONG,-13.24,1.0404040404040404,5.08080808080808,24.75,False,False,-0.0307824909191651,0.3595394939358493,0.1113434396236278,0.3299883026534507,0.0711462450592885,-0.2574626865671642,4,0.3619402985074627,1.0009616830070407,3.37314535492212,6.664458535984733,16.49184263990642,0.8230759287046976,0.2182539682539682,1.417225881918365,0.0025300267976798,0.0026549826731218,0.4906403940886699,1.3002274450341167,1.0,2,-0.2574626865671642,-0.0307824909191651,0.0026549826731218,0.0025300267976798,3.37314535492212,6.664458535984733,16.49184263990642,4,0.3619402985074627
2023-07-20,2023,SHORT,ORB_SHORT,-130.24,4.4247217340363205,2.0486233157586407,32.82692307692308,True,False,-0.7345344588635504,0.6085422703792365,0.1156558533145275,0.929822351014237,0.7562189054726368,-0.6287262872628726,1,0.0392953929539295,1.2279017665504228,3.0350888244928775,6.347032883961194,16.56578682121708,0.934933646260018,0.2063492063492063,0.7635126622149426,-0.0046822828873556,0.0049811374484184,0.0575657894736842,0.4161792772271132,0.0,3,0.6287262872628726,0.7345344588635504,-0.0049811374484184,0.0046822828873556,-3.0350888244928775,-6.347032883961194,-16.56578682121708,-1,-0.0392953929539295
2023-07-25,2023,LONG,PM_LONG,43.76,2.915068493150685,1.2082191780821918,13.035714285714286,True,True,0.1972411210286499,0.3969789651082954,0.0458054554812146,0.4269396417202422,0.0106870229007633,0.4064327485380117,3,0.4122807017543859,0.9251507181873356,0.4929155483427982,3.496560763997252,13.957849073091566,1.281752343960894,0.2142857142857142,0.6678734161413146,0.0031937668448425,-0.0008645428573328,0.0086855819339895,0.2195283758518786,0.0,1,0.4064327485380117,0.1972411210286499,-0.0008645428573328,0.0031937668448425,0.4929155483427982,3.496560763997252,13.957849073091566,3,0.4122807017543859
2023-07-26,2023,SHORT,ORB_SHORT,-46.74,1.0208333333333337,6.573717948717949,22.285714285714285,False,False,-0.4967999493061276,0.6767631962486534,0.1099060014461316,0.3713326151701413,0.2392947103274559,-0.2184300341296928,2,0.5119453924914675,0.8650496114079664,1.2034725302579032,4.171725492681069,14.902762816044614,1.2845419197672094,0.1944444444444444,0.7490019643875547,0.0066451993324834,0.0011879449332137,0.2178409825468649,0.5617626864740028,0.0,2,0.2184300341296928,0.4967999493061276,-0.0011879449332137,-0.0066451993324834,-1.2034725302579032,-4.171725492681069,-14.902762816044614,-2,-0.5119453924914675
2023-07-28,2023,LONG,PM_LONG,60.760000000000005,1.8218527315914488,1.9067695961995248,32.38461538461539,False,True,0.642207290242017,1.0180174823095676,0.1626280289782663,0.5779865612178153,0.403781979977753,0.8127572016460906,0,0.9979423868312756,0.9779327183152012,0.3558898733424511,2.993875245287508,13.215020514955103,0.7448008121776853,0.2896825396825397,1.742284592971398,-0.0049155843341317,-0.0042079443902551,0.2601941747572815,1.278371372573813,1.0,4,0.8127572016460906,0.642207290242017,-0.0042079443902551,-0.0049155843341317,0.3558898733424511,2.993875245287508,13.215020514955103,0,0.9979423868312756
2023-08-02,2023,SHORT,ORB_SHORT,-163.24,1.5862068965517242,3.0,21.75,False,False,-0.8029239426814411,0.9212740035969136,0.0645320197044335,0.6694900504728201,0.4010840108401084,-0.8076256499133448,0,0.1854419410745234,1.145743476110073,1.1064570400881806,3.4732726112432584,13.65899518477693,0.959373591635056,0.3293650793650793,0.5627429367059232,0.0072842479497744,0.0049180051228342,0.0705394190871369,0.2680742541960738,0.0,2,0.8076256499133448,0.8029239426814411,-0.0049180051228342,-0.0072842479497744,-1.1064570400881806,-3.4732726112432584,-13.65899518477693,0,-0.1854419410745234
2023-08-07,2023,SHORT,ORB_SHORT,-71.74,1.1283043197936815,3.574468085106383,27.696428571428573,False,False,0.1475974416443448,0.4427923249330345,0.0658461538461538,0.5083911878860766,0.0309523809523809,-0.1526881720430107,5,0.5075268817204301,1.2083016835666374,-0.9691685344120672,0.9155195976603044,10.659820696441258,0.866742397608943,0.4325396825396825,1.1031542119936588,-0.0030117258293843,0.0026440181800785,0.1553592934564432,0.6475978894751457,0.0,0,0.1526881720430107,-0.1475974416443448,-0.0026440181800785,0.0030117258293843,0.9691685344120672,-0.9155195976603044,-10.659820696441258,-5,-0.5075268817204301
2023-08-08,2023,SHORT,ORB_SHORT,-27.74,1.6007259528130673,2.761040532365396,29.517857142857142,False,False,-0.3144163228899543,0.799420225220203,0.1502423263327948,0.6020738097892742,0.545578231292517,-0.8574074074074074,2,0.1407407407407407,1.1030717354521595,-0.8290779351098211,1.0586018508194883,11.000897535957188,0.945612463481111,0.376984126984127,0.6187980822834207,0.0014081228951989,0.0023165981785374,0.0478723404255319,0.356420488711529,0.0,1,0.8574074074074074,0.3144163228899543,-0.0023165981785374,-0.0014081228951989,0.8290779351098211,-1.0586018508194883,-11.000897535957188,-2,-0.1407407407407407
2023-08-09,2023,SHORT,ORB_SHORT,59.760000000000005,3.2572254335260116,3.2673410404624277,24.714285714285715,True,True,0.1365523268516495,0.3899934454883111,0.0061266167460857,0.4872187022066856,0.4664804469273743,-0.8116591928251121,1,0.1143497757847533,0.9772483391408144,-1.365687131308719,0.4310683854052857,10.169472361809047,0.8973309135839648,0.4404761904761904,0.7133493554730173,0.0012290375713296,0.0040663172086038,0.0993117010816125,0.363474188872784,0.0,2,0.8116591928251121,-0.1365523268516495,-0.0040663172086038,-0.0012290375713296,1.365687131308719,-0.4310683854052857,-10.169472361809047,-1,-0.1143497757847533
2023-08-16,2023,SHORT,VWAP_SHORT,103.26,4.546333601933925,1.2409347300564062,22.160714285714285,True,True,-0.2581293999329534,0.4536819756397363,0.0471238219044523,0.4190412336573919,0.2081447963800905,0.2746666666666666,5,0.584,0.8696218406328381,-1.6326405184936896,-0.7333780310649267,9.130321823667447,0.6796351223197218,0.369047619047619,0.6760531903005923,-0.0022338483841598,0.0002594777094773,0.0136014192785334,0.3990457601387985,0.0,2,-0.2746666666666666,0.2581293999329534,-0.0002594777094773,0.0022338483841598,1.6326405184936896,0.7333780310649267,-9.130321823667447,-5,-0.584
2023-08-17,2023,SHORT,ORB_SHORT,-67.74000000000001,4.036120401337793,3.043478260869565,26.696428571428573,True,False,0.1364014416412531,0.5788744108677571,0.0633165829145728,0.6454116994732465,0.7379310344827587,-0.9037800687285223,0,0.0017182130584192,0.932990991258404,-2.166731355697254,-1.5327751594122545,8.209060160798444,0.7745921641921106,0.4087301587301587,0.8239534238979762,0.0034573790926643,0.0053863154497968,0.2404656764351666,0.6559392110850375,1.0,3,0.9037800687285223,-0.1364014416412531,-0.0053863154497968,-0.0034573790926643,2.166731355697254,1.5327751594122545,-8.209060160798444,0,-0.0017182130584192
2023-08-17,2023,SHORT,ORB_SHORT,363.76,6.163716814159292,1.0066371681415929,16.142857142857142,True,True,0.1364014416412531,0.5788744108677571,0.0633165829145728,0.6454116994732465,0.7379310344827587,-0.9037800687285223,0,0.0017182130584192,0.932990991258404,-2.166731355697254,-1.5327751594122545,8.209060160798444,0.7745921641921106,0.4087301587301587,0.8239534238979762,0.0034573790926643,0.0053863154497968,0.2404656764351666,0.6559392110850375,1.0,3,0.9037800687285223,-0.1364014416412531,-0.0053863154497968,-0.0034573790926643,2.166731355697254,1.5327751594122545,-8.209060160798444,0,-0.0017182130584192
2023-08-21,2023,LONG,PM_LONG,77.76,5.442384105960265,2.34569536423841,26.964285714285715,True,True,0.366313104967252,0.6398887150060859,0.0467075038284839,0.5877238741088506,0.0122249388753056,0.2761341222879684,1,0.2998027613412228,1.0070875232916592,-2.9777430012171795,-2.748322030951135,7.321080391815915,0.9260712956875884,0.3373015873015873,0.7859502695183447,-0.0078306243448716,-0.0044681718364023,0.0742857142857142,0.5229209859479382,0.0,0,0.2761341222879684,0.366313104967252,-0.0044681718364023,-0.0078306243448716,-2.9777430012171795,-2.748322030951135,7.321080391815915,1,0.2998027613412228
2023-08-21,2023,LONG,PM_LONG,214.76,3.9958027282266526,0.1028331584470094,17.017857142857142,True,True,0.366313104967252,0.6398887150060859,0.0467075038284839,0.5877238741088506,0.0122249388753056,0.2761341222879684,1,0.2998027613412228,1.0070875232916592,-2.9777430012171795,-2.748322030951135,7.321080391815915,0.9260712956875884,0.3373015873015873,0.7859502695183447,-0.0078306243448716,-0.0044681718364023,0.0742857142857142,0.5229209859479382,0.0,0,0.2761341222879684,0.366313104967252,-0.0044681718364023,-0.0078306243448716,-2.9777430012171795,-2.748322030951135,7.321080391815915,1,0.2998027613412228
2023-08-22,2023,SHORT,ORB_SHORT,-76.74,0.9447852760736196,2.773006134969325,20.375,False,False,0.4350025290844714,0.7890743550834598,0.1677530017152658,0.5530264710841343,0.4794841735052755,-0.9390243902439024,3,0.056910569105691,1.127665414895442,-1.5690440060698043,-1.5098746698139742,8.19943798122857,1.2179582401682154,0.373015873015873,0.9441915359973024,-0.0001066321861693,0.0022368034367623,0.3063524590163934,0.7175563670086362,1.0,1,0.9390243902439024,-0.4350025290844714,-0.0022368034367623,0.0001066321861693,1.5690440060698043,1.5098746698139742,-8.19943798122857,-3,-0.056910569105691
2023-08-23,2023,LONG,PM_LONG,34.26,2.7009132420091326,2.077625570776256,15.642857142857142,True,True,0.0158272567972415,0.5776948730993161,0.0461538461538461,0.6590921937708439,0.7382039573820396,0.915951972555746,2,0.981132075471698,0.9303901584912512,-1.370753490475383,-1.49275903001526,8.202916737324063,1.2671316326658089,0.3611111111111111,0.7291843310157707,-0.0051807409541835,-0.0047569585088893,0.0212381382738364,0.3551958635418423,0.0,2,0.915951972555746,0.0158272567972415,-0.0047569585088893,-0.0051807409541835,-1.370753490475383,-1.49275903001526,8.202916737324063,2,0.981132075471698
2023-08-24,2023,SHORT,ORB_SHORT,-71.74,1.6773816481589714,2.2255990648743427,30.553571428571427,False,False,0.5063007560907309,0.5477457294875385,0.0027173913043478,1.3004760571268552,0.8082191780821918,-0.9319552110249784,0,0.053402239448751,1.564476177150183,-0.3120694483337984,-0.5364547745729468,9.006748809857184,1.2377435019026757,0.3809523809523809,1.0898907868944274,0.016355608364613,0.0110299362476681,0.2398671096345515,0.453337855406704,0.0,3,0.9319552110249784,-0.5063007560907309,-0.0110299362476681,-0.016355608364613,0.3120694483337984,0.5364547745729468,-9.006748809857184,0,-0.053402239448751
2023-08-25,2023,SHORT,ORB_SHORT,-87.24,1.2794299876084263,3.296158612143742,57.642857142857146,False,False,-0.1926163723916532,0.5889190236342503,0.053274139844617,0.8092101621741296,0.15137956748695,-0.1422708618331053,3,0.0259917920656634,1.602009072752786,-1.4093097913322616,-1.7769856644711328,7.563281120274534,1.3447763202688212,0.4444444444444444,1.8564233132230032,-0.0037988742058875,-0.0016052415238164,0.2180634662327095,0.6474376925231028,1.0,4,0.1422708618331053,0.1926163723916532,0.0016052415238164,0.0037988742058875,1.4093097913322616,1.7769856644711328,-7.563281120274534,-3,-0.0259917920656634
2023-08-29,2023,LONG,PM_LONG,18.26,1.7321428571428572,2.4642857142857144,14.0,False,True,0.0887330886783151,0.434901681546804,0.0492285084496693,1.1316207482061675,0.7906755470980019,0.9351403678606002,2,0.9912875121006776,1.0942117045091142,-0.5246206934326576,-1.212619817056474,7.8464150736703715,1.1847170436080152,0.4801587301587302,0.627704442131785,-0.0080060764897265,-0.007123647868735,0.0037214247740563,0.4745312759250041,0.0,1,0.9351403678606002,0.0887330886783151,-0.007123647868735,-0.0080060764897265,-0.5246206934326576,-1.212619817056474,7.8464150736703715,2,0.9912875121006776
2023-08-30,2023,LONG,PM_LONG,65.26,1.495850622406639,1.1690871369294604,34.42857142857143,False,True,0.0041638473949929,0.4455316712642482,0.0273423259205249,0.5548326653828137,0.0312796208530805,0.223264540337711,4,0.5440900562851783,1.2036334319490092,1.0868162181856065,0.3304845677405956,8.878103367511581,1.347798261507711,0.5634920634920635,1.4760839015250091,0.0036669329013849,-0.0006545313842476,0.3083497698882314,0.4316152708550145,0.0,2,0.223264540337711,0.0041638473949929,-0.0006545313842476,0.0036669329013849,1.0868162181856065,0.3304845677405956,8.878103367511581,4,0.5440900562851783
2023-09-01,2023,SHORT,ORB_SHORT,-15.74,1.156735102653981,0.8903355032548823,35.660714285714285,False,False,0.2661448140900195,0.7123287671232876,0.1619264315510049,0.6877271456527817,0.3398247322297955,-0.6731707317073171,2,0.2065040650406504,1.1350595012610103,1.8303047246295776,0.9917584568073776,10.077696393625947,0.8263317349423123,0.3888888888888889,0.5278166060944925,0.0117879525276427,0.003648630301134,0.0622448979591836,0.4761378700839593,0.0,4,0.6731707317073171,-0.2661448140900195,-0.003648630301134,-0.0117879525276427,-1.8303047246295776,-0.9917584568073776,-10.077696393625947,-2,-0.2065040650406504
2023-09-05,2023,LONG,PM_LONG,-30.24,1.0271979759645793,1.96584440227704,28.232142857142858,False,False,-0.1916566247776439,0.5313593848625696,0.0563701531443466,0.3683938715785849,0.0904255319148936,0.0,3,0.4766355140186916,0.960678440505906,1.6054972169621815,0.6916394101107517,9.933103804441382,1.0103432106132777,0.3452380952380952,0.3064210707522809,-0.0117714764047295,-0.0029883785279468,0.1421686746987951,0.1437464629315223,0.0,1,0.0,-0.1916566247776439,-0.0029883785279468,-0.0117714764047295,1.6054972169621815,0.6916394101107517,9.933103804441382,3,0.4766355140186916
2023-09-08,2023,LONG,PM_LONG,-47.74,0.4415971394517283,3.0989272943980932,32.26923076923077,False,False,-0.0466061185468451,0.5807839388145316,0.0203389830508474,0.5736137667304015,0.1130434782608695,0.6895833333333333,2,0.7083333333333334,0.884418196501036,0.4280592734225587,-0.514579349904396,8.929421606118547,0.5077813555116111,0.2817460317460317,0.6680210325047802,-0.0077313426753015,-0.0016024236757872,0.080168776371308,0.5012267788293026,0.0,4,0.6895833333333333,-0.0466061185468451,-0.0016024236757872,-0.0077313426753015,0.4280592734225587,-0.514579349904396,8.929421606118547,2,0.7083333333333334
2023-09-12,2023,SHORT,ORB_SHORT,80.76,2.5144995322731525,0.2881197380729653,19.089285714285715,True,True,-0.3193491591281647,0.4104183109707972,0.1022983325822442,0.4407746949183413,0.174721189591078,-0.1184573002754821,1,0.2589531680440771,0.2440069662326539,1.2455224333677373,0.3869588974561354,9.814959626009353,0.8403733946782451,0.2579365079365079,0.70791087365673,0.0042052832851011,0.0005860861334889,0.3162983425414364,0.6212838247785463,1.0,1,0.1184573002754821,0.3193491591281647,-0.0005860861334889,-0.0042052832851011,-1.2455224333677373,-0.3869588974561354,-9.814959626009353,-1,-0.2589531680440771
2023-09-13,2023,LONG,PM_LONG,0.2599999999999998,1.9444444444444444,1.425925925925926,32.785714285714285,False,True,0.0302096550057398,0.5921092381125008,0.0003007518796992,0.5099389764968885,0.0607621009268795,0.3009478672985782,5,0.7559241706161137,0.1912038668323366,0.3910337743942946,-0.4193100114796689,8.86937345175518,0.9049239164230376,0.2698412698412698,0.7830342577487766,-0.0058960117876739,-0.001738023473075,0.1777522935779816,0.4602027806447696,0.0,2,0.3009478672985782,0.0302096550057398,-0.001738023473075,-0.0058960117876739,0.3910337743942946,-0.4193100114796689,8.86937345175518,5,0.7559241706161137
2023-09-14,2023,LONG,ORB_LONG,54.26,2.116006692693809,0.5934188510875626,32.017857142857146,False,True,0.520080199283067,0.4082872592502582,0.0787257414866349,0.5152196366729449,0.0349819059107358,-0.1533018867924528,3,0.6768867924528302,0.1199938632413212,0.3776049577738623,-0.3450270368795216,8.89709581384045,0.8297165118862472,0.2579365079365079,0.7910565647973753,0.0039077210754201,0.0003301542481642,0.1027624309392265,0.401184218476225,0.0,3,-0.1533018867924528,0.520080199283067,0.0003301542481642,0.0039077210754201,0.3776049577738623,-0.3450270368795216,8.89709581384045,3,0.6768867924528302
2023-09-19,2023,SHORT,ORB_SHORT,-38.74,0.2148098732488325,5.743829219479653,26.767857142857142,False,False,-0.2515028830818304,0.4784688995215311,0.135813953488372,0.4907373328425959,0.4892205638474295,-0.74,3,0.0775,0.9828794548400313,0.4682247576984437,0.0468654152864643,9.247331615752667,1.0350379651654702,0.248015873015873,0.5766163660900503,0.0010434531697099,0.001311872587779,0.0800850460666194,0.3214329530119004,0.0,1,0.74,0.2515028830818304,-0.001311872587779,-0.0010434531697099,-0.4682247576984437,-0.0468654152864643,-9.247331615752667,-3,-0.0775
2023-09-22,2023,LONG,PM_LONG,-37.739999999999995,1.1218274111675128,4.182106598984772,30.307692307692307,False,False,0.1606816798539257,0.6670724284844796,0.1242469879518072,0.5149117468046257,0.3671199011124845,0.5295508274231678,3,0.9952718676122932,0.861309210209227,-2.0475958612294565,-2.365331710286066,6.483633597078515,1.1643187473489198,0.2698412698412698,0.6037735849056604,-0.0010850140559426,-0.001467083922866,0.2521942656524283,0.3667772422857858,0.0,4,0.5295508274231678,0.1606816798539257,-0.001467083922866,-0.0010850140559426,-2.0475958612294565,-2.365331710286066,6.483633597078515,3,0.9952718676122932
2023-09-25,2023,LONG,PM_LONG,-60.74,0.8569527611443779,2.6360612109115102,26.839285714285715,False,False,-0.659911665367628,0.8495713172252534,0.0763943959820248,0.5923616523772409,0.2883787661406026,0.2302631578947368,5,0.6052631578947368,0.9720919332543108,-1.9387503247596745,-2.195791114575214,7.078598337230454,0.9498956575261815,0.1547619047619047,0.8352818914003638,0.0040635469868193,0.0001266871977527,0.0924002186987424,0.6171637248934875,1.0,0,0.2302631578947368,-0.659911665367628,0.0001266871977527,0.0040635469868193,-1.9387503247596745,-2.195791114575214,7.078598337230454,5,0.6052631578947368
2023-09-26,2023,SHORT,ORB_SHORT,-49.24,2.9299474605954465,1.7530647985989491,20.392857142857142,True,False,-0.1840161182001343,0.8448623237071861,0.1471652593486128,0.6514439220953661,0.3081232492997199,-0.4927835051546392,2,0.334020618556701,1.0842360353810736,-2.4688381464069886,-2.681101410342514,6.732679650772335,0.9451146013757828,0.1349206349206349,0.8247145735392881,0.0067694675531901,0.000809186458253,0.0218503021850302,0.4390750844375162,0.0,1,0.4927835051546392,0.1840161182001343,-0.000809186458253,-0.0067694675531901,2.4688381464069886,2.681101410342514,-6.732679650772335,-2,-0.334020618556701
2023-09-26,2023,SHORT,ORB_SHORT,16.26,1.6,1.4285714285714286,17.5,False,True,-0.1840161182001343,0.8448623237071861,0.1471652593486128,0.6514439220953661,0.3081232492997199,-0.4927835051546392,2,0.334020618556701,1.0842360353810736,-2.4688381464069886,-2.681101410342514,6.732679650772335,0.9451146013757828,0.1349206349206349,0.8247145735392881,0.0067694675531901,0.000809186458253,0.0218503021850302,0.4390750844375162,0.0,1,0.4927835051546392,0.1840161182001343,-0.000809186458253,-0.0067694675531901,2.4688381464069886,2.681101410342514,-6.732679650772335,-2,-0.334020618556701
2023-09-27,2023,SHORT,ORB_SHORT,-313.74,2.378578024007387,9.721144967682363,19.339285714285715,False,False,0.309292094387415,0.4426076523130249,0.041598427775958,0.538594854019464,0.0238095238095238,0.1658415841584158,5,0.6410891089108911,0.9429194578594796,-3.228636181842425,-3.413251566457804,5.727063058258902,0.9202857050367768,0.1428571428571428,0.8425543260898547,0.0051852744587344,-0.0016555141384916,0.1559167089893346,0.4150436534586971,0.0,2,-0.1658415841584158,-0.309292094387415,0.0016555141384916,-0.0051852744587344,3.228636181842425,3.413251566457804,-5.727063058258902,-5,-0.6410891089108911
2023-09-28,2023,SHORT,MOM_SHORT,-407.24,0.0509055310817425,6.369554576603035,39.28846153846154,False,False,-0.503552459129475,0.6415120369731668,0.062730627306273,0.6470304200869145,0.0475086906141367,0.021321961620469,3,0.3539445628997867,1.0810721388344369,-2.663861488583847,-2.8925708767331173,6.343643512450855,1.340558593080619,0.0992063492063492,1.2913016486169553,0.0003874770902878,0.0005263770881343,0.0574214517876489,0.9745367284362084,1.0,3,-0.021321961620469,0.503552459129475,-0.0005263770881343,-0.0003874770902878,2.663861488583847,2.8925708767331173,-6.343643512450855,-3,-0.3539445628997867
2023-09-29,2023,LONG,MOM_LONG,-518.24,-0.0093023255813953,7.255813953488372,26.875,False,False,0.6784837017858328,0.9825399986722432,0.1372907153729071,0.4846312155613091,0.0224887556221889,-0.0301369863013698,3,0.3260273972602739,0.9738333517146182,-1.929031401447253,-2.2004381597291403,6.489158866095728,0.8993690894143285,0.1507936507936507,1.5494921330412268,-0.0038223978681685,-0.0021623630570485,0.2078928823114869,1.3809753742153548,1.0,4,-0.0301369863013698,0.6784837017858328,-0.0021623630570485,-0.0038223978681685,-1.929031401447253,-2.2004381597291403,6.489158866095728,3,0.3260273972602739
2023-10-02,2023,LONG,PM_LONG,-235.74,1.153659718856035,3.7799321376635966,36.839285714285715,False,False,-0.0295060936497754,0.9557408595253368,0.0888094583447896,0.7466324567030147,0.1173617846750727,0.4381443298969072,5,0.6219931271477663,1.2088160384223547,-1.6574727389352149,-2.0261449647209715,6.220532392559331,0.8835153228930517,0.2023809523809523,1.281590763309814,-0.0110837959234233,-0.0035911156289705,0.1670266378689704,0.9998008364867556,1.0,0,0.4381443298969072,-0.0295060936497754,-0.0035911156289705,-0.0110837959234233,-1.6574727389352149,-2.0261449647209715,6.220532392559331,5,0.6219931271477663
2023-10-03,2023,SHORT,ORB_SHORT,-75.74,1.8264669163545568,2.237203495630462,28.607142857142858,False,False,-0.0513083632632119,0.9427911749615188,0.116206357477853,1.0672139558748075,0.4331450094161959,-0.4230769230769231,1,0.1225961538461538,1.4036166496870908,-1.4504874294510042,-1.910056439199592,6.179130323242688,0.8139488423931364,0.2063492063492063,1.0210364289379168,-0.0015260454150263,0.0003340795719881,0.0662358642972536,0.5567671584348942,0.0,1,0.4230769230769231,0.0513083632632119,-0.0003340795719881,0.0015260454150263,1.4504874294510042,1.910056439199592,-6.179130323242688,-1,-0.1225961538461538
2023-10-04,2023,LONG,PM_LONG,-4.74,1.410016510731976,1.918547055586131,32.44642857142857,False,False,0.3914914247621356,1.020544209441852,0.0465674507921267,0.4860311496272953,0.0378378378378378,0.5361596009975063,2,0.7256857855361596,1.120711675910674,-2.21641112659839,-2.7718804920913915,4.701115083934305,0.9416623133414572,0.3174603174603174,1.4799103084661536,-0.0118032466546046,-0.0040531491046611,0.2023809523809523,0.6298101590559261,1.0,2,0.5361596009975063,0.3914914247621356,-0.0040531491046611,-0.0118032466546046,-2.21641112659839,-2.7718804920913915,4.701115083934305,2,0.7256857855361596
2023-10-05,2023,SHORT,ORB_SHORT,-297.24,0.4544049459041731,5.048943843379702,34.660714285714285,False,False,0.011846937566639,0.510603009122142,0.0122408193854609,0.7724203293448644,0.5175097276264592,-0.7806748466257669,1,0.1134969325153374,0.9826383479600492,-0.904632152588554,-1.522449946688779,5.61665087074991,1.118790847661315,0.3849206349206349,0.8399478734747068,0.0096284950810918,0.0052721370631538,0.1216032608695652,0.5066359614568814,0.0,3,0.7806748466257669,-0.011846937566639,-0.0052721370631538,-0.0096284950810918,0.904632152588554,1.522449946688779,-5.61665087074991,-1,-0.1134969325153374
2023-10-09,2023,LONG,PM_LONG,246.76,8.541622760800843,0.2360379346680716,16.946428571428573,True,True,-0.537185419252906,0.4717300530414174,0.0010952902519167,0.531542715269157,0.2150866462793068,0.1528662420382165,3,0.6878980891719745,0.8903437218228448,0.2966369484256839,-0.3333258097280223,6.19054847082722,1.272635568581747,0.4642857142857143,2.0144453221983976,0.0023484987975046,7.361181442289144e-05,0.4670903313663186,1.3183931338657766,1.0,0,0.1528662420382165,-0.537185419252906,7.361181442289144e-05,0.0023484987975046,0.2966369484256839,-0.3333258097280223,6.19054847082722,3,0.6878980891719745
2023-10-10,2023,LONG,PM_LONG,171.76,2.9910641754670997,2.843216896831844,21.982142857142858,True,True,0.0230313665277473,0.2906339109453827,0.0144184556231976,0.5889449440666813,0.6201780415430267,0.7988826815642458,3,0.9497206703910616,0.9053212502675184,0.5854902390875176,0.0148716823864857,6.205099802588284,1.257702809379511,0.5833333333333334,1.155955253345032,0.0056916708837575,-0.0015713443085088,0.3633349123638086,0.8238347816273558,1.0,1,0.7988826815642458,0.0230313665277473,-0.0015713443085088,0.0056916708837575,0.5854902390875176,0.0148716823864857,6.205099802588284,3,0.9497206703910616
2023-10-11,2023,LONG,PM_LONG,-63.74,1.005420054200542,3.926829268292683,26.357142857142858,False,False,0.1910828025477706,0.3195695146057544,0.0764917901481778,0.383263782121678,0.2724077328646748,0.0458452722063037,1,0.332378223495702,0.9131520873461112,1.0087854162090912,0.444102789369648,6.4988743685482095,0.8042859759198789,0.5753968253968254,0.8939160992752031,-0.0039450707952103,-0.0014535114203277,0.0492923377257198,0.3334064487826277,0.0,2,0.0458452722063037,0.1910828025477706,-0.0014535114203277,-0.0039450707952103,1.0087854162090912,0.444102789369648,6.4988743685482095,1,0.332378223495702
2023-10-12,2023,LONG,ORB_LONG,37.76,1.4179278230500585,6.837019790454017,30.678571428571427,False,True,0.3177414890672571,0.3830611680044284,0.0148321623731459,0.4229172432881262,0.2195892575039494,0.3193717277486911,3,0.6073298429319371,1.027193914962442,1.1879324660946582,0.6686520896761684,6.625784666482145,0.7191438600645144,0.5476190476190477,0.5956269028508165,-0.0148471134750272,-0.0043603496077645,0.0346464167062173,0.334943992971667,0.0,3,0.3193717277486911,0.3177414890672571,-0.0043603496077645,-0.0148471134750272,1.1879324660946582,0.6686520896761684,6.625784666482145,3,0.6073298429319371
2023-10-12,2023,SHORT,ORB_SHORT,189.76,6.359723289777095,0.1614142966948501,23.232142857142858,True,True,0.3177414890672571,0.3830611680044284,0.0148321623731459,0.4229172432881262,0.2195892575039494,0.3193717277486911,3,0.6073298429319371,1.027193914962442,1.1879324660946582,0.6686520896761684,6.625784666482145,0.7191438600645144,0.5476190476190477,0.5956269028508165,-0.0148471134750272,-0.0043603496077645,0.0346464167062173,0.334943992971667,0.0,3,-0.3193717277486911,-0.3177414890672571,0.0043603496077645,0.0148471134750272,-1.1879324660946582,-0.6686520896761684,-6.625784666482145,-3,-0.6073298429319371
2023-10-16,2023,LONG,PM_LONG,-60.74,0.6625141562853908,2.8414496036240093,33.96153846153846,False,False,0.1177906298084575,0.4456942749509205,0.0283159463487332,0.6642967050458959,0.4249649368863955,0.8466453674121406,2,0.8913738019169329,1.097002433789626,0.4844272297978458,-0.0572186554889353,5.43598450681806,0.6514915570196664,0.6706349206349206,1.294635751047912,-0.0016254247162847,-0.0029094491840411,0.200322450624748,1.010473761328485,1.0,0,0.8466453674121406,0.1177906298084575,-0.0029094491840411,-0.0016254247162847,0.4844272297978458,-0.0572186554889353,5.43598450681806,2,0.8913738019169329
2023-10-16,2023,LONG,PM_LONG,-2.74,1.6189427312775329,5.720264317180616,16.214285714285715,False,False,0.1177906298084575,0.4456942749509205,0.0283159463487332,0.6642967050458959,0.4249649368863955,0.8466453674121406,2,0.8913738019169329,1.097002433789626,0.4844272297978458,-0.0572186554889353,5.43598450681806,0.6514915570196664,0.6706349206349206,1.294635751047912,-0.0016254247162847,-0.0029094491840411,0.200322450624748,1.010473761328485,1.0,0,0.8466453674121406,0.1177906298084575,-0.0029094491840411,-0.0016254247162847,0.4844272297978458,-0.0572186554889353,5.43598450681806,2,0.8913738019169329
2023-10-19,2023,LONG,VWAP_LONG,-407.24,0.2656699252443933,3.493962047153537,62.107142857142854,False,False,0.2201550387596899,0.7007751937984497,0.049510193275086,0.4651162790697674,0.2484725050916497,-0.6311111111111111,4,0.1777777777777777,1.0487091552759025,0.0949870801033606,-0.4734677002583997,4.561695090439279,0.887689843042522,0.7142857142857143,0.8175710594315245,0.0017656452632304,0.00022072588885,0.1249539255436785,0.4359080554980327,0.0,3,-0.6311111111111111,0.2201550387596899,0.00022072588885,0.0017656452632304,0.0949870801033606,-0.4734677002583997,4.561695090439279,4,0.1777777777777777
2023-10-20,2023,SHORT,ORB_SHORT,184.76,2.905027932960894,0.8847130523108178,37.86538461538461,True,True,-0.1531231849622472,0.3865040392840171,0.0119722747321991,0.6241089814668145,0.2652005174644243,-0.622673434856176,2,0.2165820642978003,1.1245933033053572,-0.4772163260995843,-1.030128306668782,4.006140767727967,1.0203621630647517,0.6785714285714286,1.0718622947357304,0.0009907746858328,0.0009534632776475,0.1427831044311998,0.5478036175710594,0.0,4,0.622673434856176,0.1531231849622472,-0.0009534632776475,-0.0009907746858328,0.4772163260995843,1.030128306668782,-4.006140767727967,-2,-0.2165820642978003
2023-10-23,2023,LONG,PM_LONG,-84.24,0.3633741888968997,3.3208363374188896,24.767857142857142,False,False,-0.4208010805756143,0.8114707257519871,0.0915531335149863,0.7210764195542625,0.2531041069723018,0.2622478386167147,1,0.7680115273775217,1.0991418167818932,-1.228219647773909,-1.7797080367811289,3.0585225206504263,1.027025749362964,0.7023809523809523,0.9382305574315548,-0.0013316779538548,-0.0014025698509159,0.0530755711775043,0.464649664713026,0.0,0,0.2622478386167147,-0.4208010805756143,-0.0014025698509159,-0.0013316779538548,-1.228219647773909,-1.7797080367811289,3.0585225206504263,1,0.7680115273775217
2023-10-24,2023,LONG,PM_LONG,-86.74,-0.0066603235014272,4.089438629876309,37.535714285714285,False,False,0.0441545408931259,0.4144505770195685,0.0480535279805352,0.3793276467636728,0.1059602649006622,0.6984126984126984,6,0.902116402116402,1.1724323463865012,-0.9108881083793248,-1.4354039136979402,3.1400802809834385,0.730826575102134,0.7738095238095238,1.364776718514802,0.0005659450931239,-0.0008290191239399,0.1406015037593985,0.8592654163852668,1.0,1,0.6984126984126984,0.0441545408931259,-0.0008290191239399,0.0005659450931239,-0.9108881083793248,-1.4354039136979402,3.1400802809834385,6,0.902116402116402
2023-10-25,2023,SHORT,VWAP_SHORT,201.76,5.306849315068493,1.3391780821917807,35.09615384615385,True,True,-0.3852907239251492,0.5679024732855065,0.085212298682284,0.6100436462148197,0.1615925058548009,-0.680921052631579,0,0.2697368421052631,1.0241766957047185,-0.6573521296342762,-1.1221592334319987,3.3533386845933912,0.9580456473334776,0.7797619047619048,0.6903125470325591,0.0022425935250907,0.0017312337767603,0.0548690064260998,0.5559458103361766,0.0,2,0.680921052631579,0.3852907239251492,-0.0017312337767603,-0.0022425935250907,0.6573521296342762,1.1221592334319987,-3.3533386845933912,0,-0.2697368421052631
2023-10-25,2023,SHORT,ORB_SHORT,134.76,3.393939393939394,1.309090909090909,20.625,True,True,-0.3852907239251492,0.5679024732855065,0.085212298682284,0.6100436462148197,0.1615925058548009,-0.680921052631579,0,0.2697368421052631,1.0241766957047185,-0.6573521296342762,-1.1221592334319987,3.3533386845933912,0.9580456473334776,0.7797619047619048,0.6903125470325591,0.0022425935250907,0.0017312337767603,0.0548690064260998,0.5559458103361766,0.0,2,0.680921052631579,0.3852907239251492,-0.0017312337767603,-0.0022425935250907,0.6573521296342762,1.1221592334319987,-3.3533386845933912,0,-0.2697368421052631
2023-10-26,2023,SHORT,ORB_SHORT,98.28,3.229742612011439,2.001906577693041,37.464285714285715,True,True,-0.1285296981499513,0.6757546251217137,0.0360174351915576,0.7370983446932814,0.4047244094488189,-0.6459709379128138,3,0.1505944517833553,1.2197709493554645,-2.067770204479064,-2.53037974683544,1.7021567672833475,1.1961816324741903,0.8214285714285714,1.1577409931840312,0.0102789530771336,0.0046048624689982,0.3358116480793061,0.7475041388651984,1.0,3,0.6459709379128138,0.1285296981499513,-0.0046048624689982,-0.0102789530771336,2.067770204479064,2.53037974683544,-1.7021567672833475,-3,-0.1505944517833553
2023-10-26,2023,SHORT,ORB_SHORT,-525.24,0.4005085823267641,6.577240940877305,28.089285714285715,False,False,-0.1285296981499513,0.6757546251217137,0.0360174351915576,0.7370983446932814,0.4047244094488189,-0.6459709379128138,3,0.1505944517833553,1.2197709493554645,-2.067770204479064,-2.53037974683544,1.7021567672833475,1.1961816324741903,0.8214285714285714,1.1577409931840312,0.0102789530771336,0.0046048624689982,0.3358116480793061,0.7475041388651984,1.0,3,0.6459709379128138,0.1285296981499513,-0.0046048624689982,-0.0102789530771336,2.067770204479064,2.53037974683544,-1.7021567672833475,-3,-0.1505944517833553
2023-10-27,2023,LONG,PM_LONG,-278.74,0.8670795616960458,4.342067651262506,37.482142857142854,False,False,0.1200154858691444,0.3852109949670925,0.0493537015276145,0.3068137824235385,0.0162368672397325,0.2839116719242902,7,0.4826498422712933,0.968669724486701,-2.6286295005807214,-3.151064653503678,0.9504742547425462,1.1949833545135142,0.8293650793650794,1.2495160665892373,-0.0103251570958112,-0.0044484855525405,0.0002735978112175,0.6309639727361246,1.0,4,0.2839116719242902,0.1200154858691444,-0.0044484855525405,-0.0103251570958112,-2.6286295005807214,-3.151064653503678,0.9504742547425462,7,0.4826498422712933
2023-10-30,2023,LONG,PM_LONG,-5.24,2.0839160839160837,1.986013986013986,35.75,False,False,0.4930059669372982,0.3501907463562555,0.0756938603868797,0.5976719162672406,0.2519083969465648,-0.176759410801964,3,0.0965630114566284,0.9647731704146628,-2.674166096057911,-3.285630441162087,0.765460236721118,1.1882075750818586,0.8174603174603174,0.7639636114643451,-0.007576017193751,0.0001391528008388,0.0924308588064046,0.4529616724738676,0.0,0,-0.176759410801964,0.4930059669372982,0.0001391528008388,-0.007576017193751,-2.674166096057911,-3.285630441162087,0.765460236721118,3,0.0965630114566284
2023-10-30,2023,LONG,PM_LONG,69.26,2.454268292682927,0.8109756097560976,23.428571428571427,False,True,0.4930059669372982,0.3501907463562555,0.0756938603868797,0.5976719162672406,0.2519083969465648,-0.176759410801964,3,0.0965630114566284,0.9647731704146628,-2.674166096057911,-3.285630441162087,0.765460236721118,1.1882075750818586,0.8174603174603174,0.7639636114643451,-0.007576017193751,0.0001391528008388,0.0924308588064046,0.4529616724738676,0.0,0,-0.176759410801964,0.4930059669372982,0.0001391528008388,-0.007576017193751,-2.674166096057911,-3.285630441162087,0.765460236721118,3,0.0965630114566284
2023-10-31,2023,LONG,VWAP_LONG,-69.24000000000001,2.2795929298339583,1.8371719335832888,33.339285714285715,False,False,-0.0922419652393436,0.5233517817263812,0.0046974302293451,0.4573259539761141,0.0219619326500732,-0.3121019108280254,1,0.6050955414012739,0.8658257559013693,-1.776386056898728,-2.4477910476745346,1.4964656762792494,1.3501257957872423,0.8293650793650794,0.6602582775026701,0.0033940358285001,0.0006400516513651,0.1655930276619932,0.4607258143402132,0.0,1,-0.3121019108280254,-0.0922419652393436,0.0006400516513651,0.0033940358285001,-1.776386056898728,-2.4477910476745346,1.4964656762792494,1,0.6050955414012739
2023-10-31,2023,LONG,PM_LONG,50.26,1.7472,1.0304,22.321428571428573,False,True,-0.0922419652393436,0.5233517817263812,0.0046974302293451,0.4573259539761141,0.0219619326500732,-0.3121019108280254,1,0.6050955414012739,0.8658257559013693,-1.776386056898728,-2.4477910476745346,1.4964656762792494,1.3501257957872423,0.8293650793650794,0.6602582775026701,0.0033940358285001,0.0006400516513651,0.1655930276619932,0.4607258143402132,0.0,1,-0.3121019108280254,-0.0922419652393436,0.0006400516513651,0.0033940358285001,-1.776386056898728,-2.4477910476745346,1.4964656762792494,1,0.6050955414012739
2023-11-01,2023,LONG,PM_LONG,-56.74,3.2895579756566304,2.356822549647662,30.01923076923077,True,False,0.1052318078030378,0.4904199344783084,0.0772213247172859,0.4983619577087263,0.4884353741496599,0.8705179282868526,4,0.9063745019920318,0.821777909260285,-1.5811079122406448,-2.263317780204504,1.6706542241636042,1.3806004686617956,0.7896825396825397,0.7634269830239254,-0.004824126228363,-0.0025496991148339,0.2358803986710963,0.4699485386930769,0.0,2,0.8705179282868526,0.1052318078030378,-0.0025496991148339,-0.004824126228363,-1.5811079122406448,-2.263317780204504,1.6706542241636042,4,0.9063745019920318
2023-11-01,2023,LONG,PM_LONG,-64.24000000000001,6.544544544544544,2.9569569569569567,17.839285714285715,True,False,0.1052318078030378,0.4904199344783084,0.0772213247172859,0.4983619577087263,0.4884353741496599,0.8705179282868526,4,0.9063745019920318,0.821777909260285,-1.5811079122406448,-2.263317780204504,1.6706542241636042,1.3806004686617956,0.7896825396825397,0.7634269830239254,-0.004824126228363,-0.0025496991148339,0.2358803986710963,0.4699485386930769,0.0,2,0.8705179282868526,0.1052318078030378,-0.0025496991148339,-0.004824126228363,-1.5811079122406448,-2.263317780204504,1.6706542241636042,4,0.9063745019920318
2023-11-02,2023,LONG,VWAP_LONG,-17.740000000000002,2.453145057766367,0.6020539152759948,27.821428571428573,False,False,0.910174880763116,0.7680842607313195,0.2435749904104334,0.3318759936406995,0.0329341317365269,-0.0329341317365269,3,0.5838323353293413,0.8565492897713819,-0.7517885532591401,-1.452444356120825,2.3950963831478567,1.0304013766474205,0.7896825396825397,0.8445945945945946,0.0017736673705858,0.0043762058456472,0.0884955752212389,0.3921373970018862,0.0,3,-0.0329341317365269,0.910174880763116,0.0043762058456472,0.0017736673705858,-0.7517885532591401,-1.452444356120825,2.3950963831478567,3,0.5838323353293413
2023-11-02,2023,LONG,PM_LONG,46.26,2.097560975609756,0.7642276422764228,15.375,False,True,0.910174880763116,0.7680842607313195,0.2435749904104334,0.3318759936406995,0.0329341317365269,-0.0329341317365269,3,0.5838323353293413,0.8565492897713819,-0.7517885532591401,-1.452444356120825,2.3950963831478567,1.0304013766474205,0.7896825396825397,0.8445945945945946,0.0017736673705858,0.0043762058456472,0.0884955752212389,0.3921373970018862,0.0,3,-0.0329341317365269,0.910174880763116,0.0043762058456472,0.0017736673705858,-0.7517885532591401,-1.452444356120825,2.3950963831478567,3,0.5838323353293413
2023-11-03,2023,LONG,PM_LONG,84.76,2.47255369928401,1.4534606205250598,14.964285714285714,False,True,0.1771289537712895,0.5527980535279805,0.1728247914183552,0.4788321167883211,0.0606860158311345,0.1382113821138211,4,0.2256097560975609,0.9184507891604494,0.4609732360097338,-0.183357664233578,3.5034160583941625,0.7938938136180449,0.8373015873015873,0.5391727493917275,0.0044120974366617,-9.72645903722924e-05,0.2411282984531392,0.3567170111287758,0.0,4,0.1382113821138211,0.1771289537712895,-9.72645903722924e-05,0.0044120974366617,0.4609732360097338,-0.183357664233578,3.5034160583941625,4,0.2256097560975609
2023-11-06,2023,SHORT,ORB_SHORT,-86.24,1.1697127937336815,4.368146214099217,13.678571428571429,False,False,-0.0478201149717657,0.2533448644248868,0.0238206445586174,0.2970951823777789,0.0329289428076256,0.1027397260273972,2,0.3732876712328767,0.7635899709783946,1.3213613471028105,0.6425802513099635,4.45192043546828,0.5428368132453743,0.75,0.7661392888029709,-0.0110190032344618,-0.001063733784091,0.3022700119474313,0.6248175182481752,1.0,0,-0.1027397260273972,0.0478201149717657,0.001063733784091,0.0110190032344618,-1.3213613471028105,-0.6425802513099635,-4.45192043546828,-2,-0.3732876712328767
2023-11-09,2023,LONG,PM_LONG,-72.24,1.5847076461769114,7.377811094452773,23.821428571428573,False,False,0.1645098758317179,0.2776759050662755,0.1104734576757532,0.3625504269921936,0.1846381093057607,-0.5751445086705202,2,0.0924855491329479,0.8646869652493089,1.9511185623722984,1.2439461413527568,4.996332582385917,0.8265374087364367,0.6984126984126984,0.5501126421124325,-0.0053815428848156,-0.0018735174016416,0.0533584431889516,0.2848167539267016,0.0,3,-0.5751445086705202,0.1645098758317179,-0.0018735174016416,-0.0053815428848156,1.9511185623722984,1.2439461413527568,4.996332582385917,2,0.0924855491329479
2023-11-10,2023,LONG,PM_LONG,331.26,6.631081081081081,0.0567567567567567,26.428571428571427,True,True,0.268385460693153,0.5240912933220626,0.1246312684365781,0.352916314454776,0.043859649122807,0.0119760479041916,3,0.281437125748503,0.9153859329253554,1.5512996618765866,0.851394759087069,4.551489856297548,0.7486204500058283,0.6785714285714286,0.9023668639053256,-0.0064698466996422,-0.0034299392565896,0.1386811692726036,0.4799077906428459,0.0,4,0.0119760479041916,0.268385460693153,-0.0034299392565896,-0.0064698466996422,1.5512996618765866,0.851394759087069,4.551489856297548,3,0.281437125748503
2023-11-14,2023,LONG,PM_LONG,-64.74000000000001,2.013071895424837,2.093137254901961,21.857142857142858,False,False,1.0172929120409906,1.2297181895815543,0.3806734992679356,0.4558070025619129,0.420534458509142,0.7845433255269321,0,0.9929742388758782,0.884053738317757,2.742154141759179,2.175362937660117,5.768787361229715,0.8820008188765461,0.6626984126984127,0.5305294619982921,0.008827927597323,0.0010001413538258,0.1446808510638297,0.2467053241960991,0.0,1,0.7845433255269321,1.0172929120409906,0.0010001413538258,0.008827927597323,2.742154141759179,2.175362937660117,5.768787361229715,0,0.9929742388758782
2023-11-15,2023,LONG,VWAP_LONG,-124.74,0.2954545454545454,6.034090909090909,22.0,False,False,0.1933483948930804,0.6504492197761782,0.0850340136054421,0.2868701728576682,0.277511961722488,-0.326007326007326,3,0.4249084249084249,0.8511816429274788,3.968160563232284,3.5253086744076088,7.021609835548782,1.0038699250750482,0.7063492063492064,0.5117427625702727,0.0181330931384249,0.00288649727214,0.0611664295874822,0.3159692570452604,0.0,2,-0.326007326007326,0.1933483948930804,0.00288649727214,0.0181330931384249,3.968160563232284,3.5253086744076088,7.021609835548782,3,0.4249084249084249
2023-11-20,2023,LONG,PM_LONG,-1.7400000000000002,5.054512957998212,0.7381590705987489,19.982142857142858,True,False,-0.0597183098591549,0.4247887323943662,0.0284090909090909,0.4878873239436619,0.0562770562770562,0.5473441108545035,1,0.5496535796766744,0.8669607906346999,3.555999999999997,3.6338253521126727,7.296005633802819,0.8288961532346378,0.4722222222222222,0.5205633802816901,-0.0010115515951318,-0.0004675585591444,0.1483771251931993,0.3640151307494106,0.0,0,0.5473441108545035,-0.0597183098591549,-0.0004675585591444,-0.0010115515951318,3.555999999999997,3.6338253521126727,7.296005633802819,1,0.5496535796766744
2023-11-20,2023,LONG,PM_LONG,39.76,5.178362573099416,0.5116959064327485,12.214285714285714,True,True,-0.0597183098591549,0.4247887323943662,0.0284090909090909,0.4878873239436619,0.0562770562770562,0.5473441108545035,1,0.5496535796766744,0.8669607906346999,3.555999999999997,3.6338253521126727,7.296005633802819,0.8288961532346378,0.4722222222222222,0.5205633802816901,-0.0010115515951318,-0.0004675585591444,0.1483771251931993,0.3640151307494106,0.0,0,0.5473441108545035,-0.0597183098591549,-0.0004675585591444,-0.0010115515951318,3.555999999999997,3.6338253521126727,7.296005633802819,1,0.5496535796766744
2023-11-21,2023,SHORT,ORB_SHORT,-77.74,0.1703521703521703,3.2153972153972155,23.48076923076923,False,False,-0.4699618011343905,0.567195277231161,0.1561590688651794,0.482694756337539,0.6317829457364341,-0.841726618705036,3,0.079136690647482,0.8725336269030001,4.296214839680519,4.6103252691283725,8.370945711309183,0.8413383681678059,0.4285714285714285,1.0278967473087164,0.0012042826051187,0.0030623401453352,0.5064308681672026,0.7323943661971831,1.0,1,0.841726618705036,0.4699618011343905,-0.0030623401453352,-0.0012042826051187,-4.296214839680519,-4.6103252691283725,-8.370945711309183,-3,-0.079136690647482
2023-11-24,2023,SHORT,ORB_SHORT,-40.74,0.5227537922987164,1.943990665110852,15.303571428571429,False,False,-0.1767611125552378,0.2690408110215753,0.0913294797687861,0.3288276579152586,0.5686274509803921,-0.525691699604743,3,0.0790513833992094,0.5741102691799481,3.372693007538338,4.695606966467381,8.846126852092539,0.801004224641503,0.1706349206349206,0.1195736937873667,0.0105848638794991,0.0019649632356578,0.0157068062827225,0.0699342858865376,0.0,4,0.525691699604743,0.1767611125552378,-0.0019649632356578,-0.0105848638794991,-3.372693007538338,-4.695606966467381,-8.846126852092539,-3,-0.0790513833992094
2023-11-27,2023,LONG,PM_LONG,56.26,3.211840888066605,1.515263644773358,19.303571428571427,True,True,-0.0629646995780025,0.4447719204233371,0.008015087223008,0.4273561524549534,0.364963503649635,0.4921630094043887,5,0.8526645768025078,0.9440085434461511,2.7257686382209143,4.510630316833008,8.748563199142605,0.841756215118394,0.1428571428571428,0.383146895304441,-0.0018429132205848,-0.0019051829613014,0.0518867924528301,0.1611645438003639,0.0,0,0.4921630094043887,-0.0629646995780025,-0.0019051829613014,-0.0018429132205848,2.7257686382209143,4.510630316833008,8.748563199142605,5,0.8526645768025078
2023-11-27,2023,LONG,PM_LONG,-132.24,0.5292096219931272,8.25085910652921,10.392857142857142,False,False,-0.0629646995780025,0.4447719204233371,0.008015087223008,0.4273561524549534,0.364963503649635,0.4921630094043887,5,0.8526645768025078,0.9440085434461511,2.7257686382209143,4.510630316833008,8.748563199142605,0.841756215118394,0.1428571428571428,0.383146895304441,-0.0018429132205848,-0.0019051829613014,0.0518867924528301,0.1611645438003639,0.0,0,0.4921630094043887,-0.0629646995780025,-0.0019051829613014,-0.0018429132205848,2.7257686382209143,4.510630316833008,8.748563199142605,5,0.8526645768025078
2023-11-28,2023,LONG,PM_LONG,64.26,2.6859827721221614,1.8198903680501175,22.803571428571427,True,True,-0.2587161040398451,0.3818483674598782,0.0570032573289902,0.2711676812396237,0.0845986984815618,0.2857142857142857,2,0.6122448979591837,0.8728934313248434,2.4350442722744923,4.646900940785832,8.997343663530712,0.5028823487071913,0.0992063492063492,0.6571665744327615,-0.0051482551332993,-0.0007666470133609,0.0573012939001848,0.2719539151986067,0.0,1,0.2857142857142857,-0.2587161040398451,-0.0007666470133609,-0.0051482551332993,2.4350442722744923,4.646900940785832,8.997343663530712,2,0.6122448979591837
2023-11-30,2023,SHORT,ORB_SHORT,29.76,1.567726161369193,0.4860635696821515,36.517857142857146,False,True,-0.0800057146939067,0.4100292878062718,0.0142977291841883,0.7586256161154368,0.3005780346820809,-0.527306967984934,1,0.3295668549905838,1.212687979284932,1.840131437959854,4.777684120294306,9.243274519608546,0.2240875290758514,0.0476190476190476,1.0043574541038645,0.005632441927309,0.0038733856073301,0.1343283582089552,0.4243281471004243,0.0,3,0.527306967984934,0.0800057146939067,-0.0038733856073301,-0.005632441927309,-1.840131437959854,-4.777684120294306,-9.243274519608546,-1,-0.3295668549905838
2023-11-30,2023,SHORT,ORB_SHORT,-65.24000000000001,1.7281795511221945,3.264339152119701,14.321428571428571,False,False,-0.0800057146939067,0.4100292878062718,0.0142977291841883,0.7586256161154368,0.3005780346820809,-0.527306967984934,1,0.3295668549905838,1.212687979284932,1.840131437959854,4.777684120294306,9.243274519608546,0.2240875290758514,0.0476190476190476,1.0043574541038645,0.005632441927309,0.0038733856073301,0.1343283582089552,0.4243281471004243,0.0,3,0.527306967984934,0.0800057146939067,-0.0038733856073301,-0.005632441927309,-1.840131437959854,-4.777684120294306,-9.243274519608546,-1,-0.3295668549905838
2023-12-01,2023,SHORT,VWAP_SHORT,-242.24,0.5590596330275229,4.4202981651376145,33.53846153846154,False,False,0.2352418996893031,0.4823198698032253,0.0511307767944936,0.5873649948217192,0.0489510489510489,-0.3198992443324937,4,0.3753148614609571,1.2500667264216712,0.7387927208166867,3.9265867731913056,8.564343837845835,0.526247267960318,0.0317460317460317,1.158455392809587,0.0116740024109804,0.0025398526030104,0.0460801915020945,0.6100435745410386,1.0,4,0.3198992443324937,-0.2352418996893031,-0.0025398526030104,-0.0116740024109804,-0.7387927208166867,-3.9265867731913056,-8.564343837845835,-4,-0.3753148614609571
2023-12-04,2023,SHORT,ORB_SHORT,-162.74,0.4779987944544906,4.12959614225437,31.903846153846153,False,False,-0.9395571514063435,1.0682226211849193,0.2246661429693637,0.8557749850388989,0.631638418079096,-0.8793706293706294,5,0.0227272727272727,1.2201414201772731,1.2577797725912585,4.593985637342913,9.30219928186714,0.7446992998730193,0.0198412698412698,1.1101137043686415,0.0127172082282048,0.0059017837241669,0.2233549582947173,0.8773487202248854,1.0,0,0.8793706293706294,0.9395571514063435,-0.0059017837241669,-0.0127172082282048,-1.2577797725912585,-4.593985637342913,-9.30219928186714,-5,-0.0227272727272727
2023-12-05,2023,LONG,PM_LONG,-109.24,0.3223684210526316,3.799342105263158,32.57142857142857,False,False,-0.1320835108649339,0.5752023860247124,0.0836363636363636,0.872035222269564,0.504524886877828,0.7214983713355049,1,0.7719869706840391,1.24479718975548,-0.1438005965061781,3.0879420536855577,7.560744212469815,0.932273875660466,0.0595238095238095,0.8805567390995597,-0.014742287800618,-0.0048762681787757,0.2115523465703971,0.7884500299222023,1.0,1,0.7214983713355049,-0.1320835108649339,-0.0048762681787757,-0.014742287800618,-0.1438005965061781,3.0879420536855577,7.560744212469815,1,0.7719869706840391
2023-12-08,2023,LONG,PM_LONG,-73.74,1.6362666666666668,1.9482666666666668,36.05769230769231,False,False,-0.4808162694807463,0.8316444195960584,0.1150585385547032,0.9308826612621428,0.3401109057301293,0.6246246246246246,3,0.6801801801801802,1.1824406669408918,0.6388287092040015,3.929443007897127,8.392710881263543,1.1302553196836138,0.0992063492063492,0.9937801383744496,0.003557642458827,-0.0026432244446075,0.0884109916367981,0.4350877192982456,0.0,4,0.6246246246246246,-0.4808162694807463,-0.0026432244446075,0.003557642458827,0.6388287092040015,3.929443007897127,8.392710881263543,3,0.6801801801801802
2023-12-11,2023,LONG,PM_LONG,-50.24,2.4273381294964027,2.5985611510791364,24.821428571428573,False,False,-0.1587070471753058,0.4047757716948165,0.0164293537787513,0.6188118811881188,0.4617169373549884,0.7788235294117647,0,0.8635294117647059,0.5173020079015086,0.8763832265579521,4.316132789749563,8.991285672684912,1.2166913689999477,0.0555555555555555,1.003203261502621,-0.0058380662313912,-0.0033000217867851,0.1717963066592053,0.3927598015235166,0.0,0,0.7788235294117647,-0.1587070471753058,-0.0033000217867851,-0.0058380662313912,0.8763832265579521,4.316132789749563,8.991285672684912,0,0.8635294117647059
2023-12-11,2023,LONG,PM_LONG,-2.24,1.9099859353023911,0.9451476793248944,12.696428571428571,False,False,-0.1587070471753058,0.4047757716948165,0.0164293537787513,0.6188118811881188,0.4617169373549884,0.7788235294117647,0,0.8635294117647059,0.5173020079015086,0.8763832265579521,4.316132789749563,8.991285672684912,1.2166913689999477,0.0555555555555555,1.003203261502621,-0.0058380662313912,-0.0033000217867851,0.1717963066592053,0.3927598015235166,0.0,0,0.7788235294117647,-0.1587070471753058,-0.0033000217867851,-0.0058380662313912,0.8763832265579521,4.316132789749563,8.991285672684912,0,0.8635294117647059
2023-12-12,2023,LONG,ORB_LONG,118.76,3.0869565217391304,0.2826086956521739,11.5,True,True,0.0243727598566308,0.8802867383512545,0.0012053033346725,0.5448028673835126,0.3920552677029361,0.2973684210526315,1,0.7947368421052632,0.3185015831715087,1.3822222222222202,4.803211469534047,9.442035842293906,0.7528552871019709,0.0595238095238095,1.0193548387096774,-0.0048723298500001,-0.0007124465143719,0.1827814569536424,0.5008736167734421,0.0,1,0.2973684210526315,0.0243727598566308,-0.0007124465143719,-0.0048723298500001,1.3822222222222202,4.803211469534047,9.442035842293906,1,0.7947368421052632
2023-12-18,2023,LONG,PM_LONG,26.26,4.986807387862797,0.5356200527704486,13.535714285714286,True,True,1.8289251547552057,1.910523353967361,0.2291928815387381,0.4192459200900394,0.3171912832929782,0.6845637583892618,2,0.8791946308724832,0.8286673527995884,2.5231429375351677,5.807568936409675,10.548410241980864,0.6706059083191616,0.0952380952380952,1.382948790095667,-0.0037225381533786,-0.0013021154813588,0.0632492765605622,1.0213637693883524,1.0,0,0.6845637583892618,1.8289251547552057,-0.0013021154813588,-0.0037225381533786,2.5231429375351677,5.807568936409675,10.548410241980864,2,0.8791946308724832
2023-12-18,2023,LONG,PM_LONG,17.76,2.8385826771653546,0.7165354330708662,9.071428571428571,True,True,1.8289251547552057,1.910523353967361,0.2291928815387381,0.4192459200900394,0.3171912832929782,0.6845637583892618,2,0.8791946308724832,0.8286673527995884,2.5231429375351677,5.807568936409675,10.548410241980864,0.6706059083191616,0.0952380952380952,1.382948790095667,-0.0037225381533786,-0.0013021154813588,0.0632492765605622,1.0213637693883524,1.0,0,0.6845637583892618,1.8289251547552057,-0.0013021154813588,-0.0037225381533786,2.5231429375351677,5.807568936409675,10.548410241980864,2,0.8791946308724832
2023-12-20,2023,LONG,PM_LONG,-14.24,1.070283600493218,18.091245376078913,14.482142857142858,False,False,-0.0775919732441471,0.4521739130434782,0.0767579173376274,0.5498327759197325,0.90625,0.754257907542579,0,0.902676399026764,0.7663485489938803,4.444280936454848,7.696802675585285,12.340662207357855,1.2259343798396496,0.2063492063492063,0.3652173913043478,0.0055824886451802,-0.0013924323158185,0.0785525154457193,0.1670414391262447,0.0,2,0.754257907542579,-0.0775919732441471,-0.0013924323158185,0.0055824886451802,4.444280936454848,7.696802675585285,12.340662207357855,0,0.902676399026764
2023-12-20,2023,LONG,PM_LONG,-407.24,0.4704,24.3936,11.160714285714286,False,False,-0.0775919732441471,0.4521739130434782,0.0767579173376274,0.5498327759197325,0.90625,0.754257907542579,0,0.902676399026764,0.7663485489938803,4.444280936454848,7.696802675585285,12.340662207357855,1.2259343798396496,0.2063492063492063,0.3652173913043478,0.0055824886451802,-0.0013924323158185,0.0785525154457193,0.1670414391262447,0.0,2,0.754257907542579,-0.0775919732441471,-0.0013924323158185,0.0055824886451802,4.444280936454848,7.696802675585285,12.340662207357855,0,0.902676399026764
2023-12-21,2023,SHORT,ORB_SHORT,-169.74,0.1065989847715736,4.2994923857868015,21.107142857142858,False,False,0.5319566069794798,0.9475885505162724,0.2091254752851711,0.6025356162593125,0.1099476439790576,-0.1388286334056399,5,0.544468546637744,1.2086968109642964,3.182786563847865,6.417801594562805,10.99406613514573,1.573236460751156,0.2301587301587301,1.4926153443994248,0.0019330575305741,0.00167752688985,0.4843348741653826,1.474247491638796,1.0,3,0.1388286334056399,-0.5319566069794798,-0.00167752688985,-0.0019330575305741,-3.182786563847865,-6.417801594562805,-10.99406613514573,-5,-0.544468546637744
2023-12-27,2023,LONG,PM_LONG,-69.74000000000001,1.2164948453608246,3.938144329896907,12.125,False,False,0.0522093467464663,0.1731822233541322,0.0158127767235926,0.3514580415127977,0.3921113689095127,-0.3405797101449275,3,0.1884057971014492,0.7297694586532449,3.7103017954921658,7.054425060486435,11.659926142875335,0.7741652468658259,0.2976190476190476,0.4049407869603973,0.0018063806705375,0.0014785982783191,0.0930009587727708,0.1779997438852606,0.0,2,-0.3405797101449275,0.0522093467464663,0.0014785982783191,0.0018063806705375,3.7103017954921658,7.054425060486435,11.659926142875335,3,0.1884057971014492
2023-12-28,2023,SHORT,ORB_SHORT,-20.74,1.9804878048780488,2.2991869918699184,10.982142857142858,False,False,0.3260519363361041,0.246149880791288,0.0670470756062767,0.2899671370578001,0.0224215246636771,-0.3333333333333333,1,0.4844444444444444,0.6079609551433678,3.4999677814292194,6.976068045621498,11.689947805915333,0.7726840871228307,0.2619047619047619,0.3711579354339841,0.0064345347724023,0.0021798807751515,0.0326359832635983,0.3005220934674646,0.0,3,0.3333333333333333,-0.3260519363361041,-0.0021798807751515,-0.0064345347724023,-3.4999677814292194,-6.976068045621498,-11.689947805915333,-1,-0.4844444444444444
2023-12-29,2023,SHORT,ORB_SHORT,81.64,5.927116827438371,0.7952840300107181,16.660714285714285,True,True,-0.046875,0.3359375,0.0096092248558616,0.2122395833333333,0.2056737588652482,-0.3374233128834356,6,0.2085889570552147,0.5966995922599575,3.3175781249999923,6.9165364583333355,11.749394531250005,0.2952871065257536,0.242063492063492,0.3567708333333333,-0.0050295257800884,0.0006492834118388,0.1310861423220973,0.203621367356144,0.0,4,0.3374233128834356,0.046875,-0.0006492834118388,0.0050295257800884,-3.3175781249999923,-6.9165364583333355,-11.749394531250005,-6,-0.2085889570552147
2024-01-02,2024,SHORT,ORB_SHORT,153.26,5.265486725663717,0.1548672566371681,16.142857142857142,True,True,-0.9250754494160872,1.1691379084109697,0.2101300479123887,0.900144338013384,0.490272373540856,-0.9096209912536444,0,0.0233236151603498,1.647755433573561,2.7693872195250004,6.446135677732579,11.409408214145126,0.4257836472380925,0.2301587301587301,0.890959191707125,0.0117117172216917,0.0075791559857943,0.0465237846314689,0.7161458333333334,1.0,1,0.9096209912536444,0.9250754494160872,-0.0075791559857943,-0.0117117172216917,-2.7693872195250004,-6.446135677732579,-11.409408214145126,0,-0.0233236151603498
2024-01-04,2024,LONG,PM_LONG,-78.24,0.9509433962264152,4.820754716981132,18.928571428571427,False,False,-0.5566750629722922,0.7229219143576826,0.1437699680511182,0.4534005037783375,0.1975867269984917,0.6638888888888889,4,0.7777777777777778,1.2955367351478873,-0.0540931989924396,3.4351133501259485,8.367103274559199,0.9811665583203988,0.3492063492063492,0.6272040302267002,0.00051976678669,-0.0003611142034656,0.0319959370238699,0.2679235921607541,0.0,3,0.6638888888888889,-0.5566750629722922,-0.0003611142034656,0.00051976678669,-0.0540931989924396,3.4351133501259485,8.367103274559199,4,0.7777777777777778
2024-01-08,2024,LONG,PM_LONG,104.26,8.95056179775281,0.5191011235955056,15.892857142857142,True,True,0.4306881791241356,0.7178136318735594,0.0313178294573643,0.7928877181429042,0.6723338485316847,0.9485049833887044,0,0.9933554817275748,1.108314492806109,-1.0782351004280464,2.539374382614418,7.856608495225548,0.900125791860544,0.2261904761904762,0.8521567336187027,-0.0013745342008741,-0.0044251506967727,0.2297734627831715,0.7526881720430108,1.0,0,0.9485049833887044,0.4306881791241356,-0.0044251506967727,-0.0013745342008741,-1.0782351004280464,2.539374382614418,7.856608495225548,0,0.9933554817275748
2024-01-08,2024,LONG,PM_LONG,84.26,6.449725776965265,0.5118829981718465,9.767857142857142,True,True,0.4306881791241356,0.7178136318735594,0.0313178294573643,0.7928877181429042,0.6723338485316847,0.9485049833887044,0,0.9933554817275748,1.108314492806109,-1.0782351004280464,2.539374382614418,7.856608495225548,0.900125791860544,0.2261904761904762,0.8521567336187027,-0.0013745342008741,-0.0044251506967727,0.2297734627831715,0.7526881720430108,1.0,0,0.9485049833887044,0.4306881791241356,-0.0044251506967727,-0.0013745342008741,-1.0782351004280464,2.539374382614418,7.856608495225548,0,0.9933554817275748
2024-01-09,2024,LONG,PM_LONG,150.76,5.026425591098748,0.1446453407510431,27.653846153846153,True,True,-0.5421458359661318,0.6950587640591432,0.207158836689038,0.4347276633388096,0.1233333333333333,0.7034883720930233,2,0.7994186046511628,1.2744129257226229,0.4771894351067937,3.950739289776319,9.187950208517634,1.4742937729413117,0.3412698412698413,1.4570959181094405,-0.0030731214295822,-0.0020057751311424,0.424118129614438,0.7309845242015146,1.0,1,0.7034883720930233,-0.5421458359661318,-0.0020057751311424,-0.0030731214295822,0.4771894351067937,3.950739289776319,9.187950208517634,2,0.7994186046511628
2024-01-09,2024,LONG,PM_LONG,-152.24,0.1421975992613111,2.727608494921514,19.339285714285715,False,False,-0.5421458359661318,0.6950587640591432,0.207158836689038,0.4347276633388096,0.1233333333333333,0.7034883720930233,2,0.7994186046511628,1.2744129257226229,0.4771894351067937,3.950739289776319,9.187950208517634,1.4742937729413117,0.3412698412698413,1.4570959181094405,-0.0030731214295822,-0.0020057751311424,0.424118129614438,0.7309845242015146,1.0,1,0.7034883720930233,-0.5421458359661318,-0.0020057751311424,-0.0030731214295822,0.4771894351067937,3.950739289776319,9.187950208517634,2,0.7994186046511628
2024-01-10,2024,LONG,PM_LONG,54.76,6.076707202993451,0.6417212347988774,19.089285714285715,True,True,0.1079776422764227,0.510670731707317,0.0291697830964846,0.3671239837398374,0.0387858347386172,0.3217993079584775,4,0.8512110726643599,1.213943887132739,0.4982850609756097,3.9288363821138192,9.35076854674797,1.0197863399133198,0.3253968253968254,1.055640243902439,-0.0030974662140281,2.7001649866020827e-05,0.1365967365967366,0.7026412233034248,1.0,2,0.3217993079584775,0.1079776422764227,2.7001649866020827e-05,-0.0030974662140281,0.4982850609756097,3.9288363821138192,9.35076854674797,4,0.8512110726643599
2024-01-10,2024,LONG,PM_LONG,162.76,5.372693726937269,1.3603936039360394,14.517857142857142,True,True,0.1079776422764227,0.510670731707317,0.0291697830964846,0.3671239837398374,0.0387858347386172,0.3217993079584775,4,0.8512110726643599,1.213943887132739,0.4982850609756097,3.9288363821138192,9.35076854674797,1.0197863399133198,0.3253968253968254,1.055640243902439,-0.0030974662140281,2.7001649866020827e-05,0.1365967365967366,0.7026412233034248,1.0,2,0.3217993079584775,0.1079776422764227,2.7001649866020827e-05,-0.0030974662140281,0.4982850609756097,3.9288363821138192,9.35076854674797,4,0.8512110726643599
2024-01-11,2024,SHORT,ORB_SHORT,-81.74,1.2324431256181998,5.158259149357073,36.107142857142854,False,False,0.1051897851847158,0.8301121601926368,0.0481430536451169,1.107661111463152,0.5172413793103449,-0.5308924485125858,1,0.2013729977116704,1.8967504617438136,1.0144477536277765,4.378455104239275,9.955763259615996,0.9797436441794852,0.3353174603174603,0.9200937836638996,-0.005158710248711,9.679611182067394e-05,0.2808988764044944,0.6097560975609756,1.0,3,0.5308924485125858,-0.1051897851847158,-9.679611182067394e-05,0.005158710248711,-1.0144477536277765,-4.378455104239275,-9.955763259615996,-1,-0.2013729977116704
2024-01-16,2024,LONG,PM_LONG,-182.24,0.1323529411764706,4.492647058823529,34.0,False,False,-0.2671031096563011,0.8065466448445172,0.0416447021613073,0.7869067103109656,0.3386004514672686,0.5557404326123128,4,0.9650582362728786,1.4676195844203297,0.6081178396071975,3.78451063829787,10.002049099836336,0.3626541740598743,0.242063492063492,0.2304418985270049,-0.0032422248969696,-0.0030097285053973,0.0759878419452887,0.1006899123624836,0.0,1,0.5557404326123128,-0.2671031096563011,-0.0030097285053973,-0.0032422248969696,0.6081178396071975,3.78451063829787,10.002049099836336,4,0.9650582362728786
2024-01-18,2024,LONG,MOM_LONG,-78.24,2.3333333333333335,3.0155038759689923,32.25,False,False,1.1053003533568904,1.1929328621908126,0.1885895404120443,0.3886925795053003,0.0669456066945606,0.6254545454545455,4,0.7818181818181819,1.240133182076936,-0.3535689045936313,2.748918727915195,9.65110247349823,0.3834543844331704,0.0912698412698412,0.8734982332155476,-0.0048020358807755,-0.0018508314847021,0.0527325023969319,0.5050639658848615,0.0,3,0.6254545454545455,1.1053003533568904,-0.0018508314847021,-0.0048020358807755,-0.3535689045936313,2.748918727915195,9.65110247349823,4,0.7818181818181819
2024-01-19,2024,LONG,ORB_LONG,56.76,7.82093316519546,0.7503152585119798,28.321428571428573,True,True,0.4546656093047845,0.7837694951097013,0.0987151363209025,0.3528945281522601,0.0513950073421439,0.1123595505617977,4,0.4756554307116105,1.1317763914136687,1.245109701295272,3.972852233676977,10.520711075865716,1.004902674021529,0.2301587301587301,0.9119746233148296,-0.0093446293999174,-0.0007992074345944,0.0745417515274949,0.5498233215547703,0.0,4,0.1123595505617977,0.4546656093047845,-0.0007992074345944,-0.0093446293999174,1.245109701295272,3.972852233676977,10.520711075865716,4,0.4756554307116105
2024-01-24,2024,LONG,PM_LONG,52.760000000000005,1.96078431372549,4.392156862745098,25.5,False,True,0.9180199057097956,0.7464641173389209,0.2316126084970306,0.4544264012572027,0.4047619047619047,0.3170028818443804,3,0.956772334293948,1.0525024433378325,2.94624148768989,5.4287323205867,12.247564169722365,1.1346299588164264,0.2539682539682539,0.5945521215295966,-0.0126268015204977,-0.00221440849106,0.1375579598145286,0.3610624066497824,0.0,2,0.3170028818443804,0.9180199057097956,-0.00221440849106,-0.0126268015204977,2.94624148768989,5.4287323205867,12.247564169722365,3,0.956772334293948
2024-01-25,2024,LONG,PM_LONG,-292.24,0.0461285008237232,9.12191103789127,21.678571428571427,False,False,0.3920340681362725,0.6938877755511023,0.1273764258555133,0.4433867735470942,0.0457256461232604,-0.1497175141242938,2,0.672316384180791,1.0543579329683148,3.311936372745491,5.619689378757509,12.231700901803608,0.8150664613101557,0.4047619047619047,0.811623246492986,-0.0045018378681246,0.0005951671701395,0.1649441918147995,0.4622839182818229,0.0,3,-0.1497175141242938,0.3920340681362725,0.0005951671701395,-0.0045018378681246,3.311936372745491,5.619689378757509,12.231700901803608,2,0.672316384180791
2024-01-30,2024,SHORT,ORB_SHORT,41.76,3.4183333333333334,1.5516666666666667,21.428571428571427,True,True,-0.0454708627497905,0.4355630010769414,0.1024096385542168,0.3290654541103266,0.1009174311926605,0.0,2,0.6545454545454545,0.8141639899351307,2.905947110207012,4.975038889553667,11.493418690917796,0.4467807900984409,0.5238095238095238,0.7718080650951298,-0.0036766532518508,0.0006065200909779,0.3607169529499626,0.6663482206830666,1.0,1,-0.0,0.0454708627497905,-0.0006065200909779,0.0036766532518508,-2.905947110207012,-4.975038889553667,-11.493418690917796,-2,-0.6545454545454545
2024-01-31,2024,SHORT,ORB_SHORT,-151.24,1.545964125560538,6.0347533632287,31.857142857142858,False,False,-0.9489612721210569,0.6937676327263401,0.0513380666302566,0.6424724288279047,0.5280898876404494,-0.7225548902195609,1,0.0658682634730539,0.8798404544718421,2.4274172864837062,4.714413952295464,11.763125160297516,0.6665372798872817,0.3373015873015873,0.7014619133111054,0.0025510916488941,0.0017501482318491,0.1875,0.540863946392246,0.0,2,0.7225548902195609,0.9489612721210569,-0.0017501482318491,-0.0025510916488941,-2.4274172864837062,-4.714413952295464,-11.763125160297516,-1,-0.0658682634730539
2024-02-02,2024,LONG,PM_LONG,83.26,3.179153094462541,1.237785016286645,38.375,True,True,0.355534202150021,0.7723259864272416,0.1044776119402985,0.7603146958140653,0.3723958333333333,0.4881516587677725,0,0.7567140600315956,1.244490401441356,1.14924028586872,3.432778812083366,10.091435949792803,1.0733624877634131,0.5317460317460317,0.8972434088042761,-0.0049228526642037,-0.0019796088773869,0.1136941518343625,0.456643186786495,0.0,4,0.4881516587677725,0.355534202150021,-0.0019796088773869,-0.0049228526642037,1.14924028586872,3.432778812083366,10.091435949792803,0,0.7567140600315956
2024-02-05,2024,SHORT,ORB_SHORT,-211.24,0.3305875892366831,4.997254255903349,32.517857142857146,False,False,-0.1658126547296908,0.3500489377626806,0.0193771626297577,0.6287063158500777,0.6425755584756899,-0.8241758241758241,1,0.0677655677655677,0.9354448368788906,2.289308538200235,4.621037480568829,11.059617709712704,1.3843055663651798,0.623015873015873,1.426679716736715,-0.0039587723307392,0.0013709877604829,0.2342715231788079,0.9128580866014052,1.0,0,0.8241758241758241,0.1658126547296908,-0.0013709877604829,0.0039587723307392,-2.289308538200235,-4.621037480568829,-11.059617709712704,-1,-0.0677655677655677
2024-02-06,2024,SHORT,ORB_SHORT,-10.24,1.4162162162162162,2.5837837837837836,23.125,False,False,0.2724828204362115,0.4660890349566776,0.0608840700583819,0.8102778607708395,0.4215686274509804,-0.5796460176991151,0,0.2669616519174041,1.2150061594618249,1.8051986853899016,4.286728413504629,11.01428742157156,1.5023419443659758,0.5396825396825397,0.9142515685688676,0.014703671646999,0.0041294124978714,0.162293488824101,0.6217974552363406,1.0,1,0.5796460176991151,-0.2724828204362115,-0.0041294124978714,-0.014703671646999,-1.8051986853899016,-4.286728413504629,-11.01428742157156,0,-0.2669616519174041
2024-02-07,2024,LONG,PM_LONG,-32.739999999999995,0.4273356401384083,2.466551326412918,33.34615384615385,False,False,0.6096467634929174,0.7148407148407149,0.1688311688311688,0.7244038013268783,0.4895489548954895,0.5825082508250825,5,0.9471947194719472,1.088903356092277,1.4237642699181197,3.9522084752854,10.718205725898036,1.4692065030654056,0.5396825396825397,0.9885840655071424,-0.0085259673723593,-0.0019637565146541,0.0215686274509803,0.3943830295787272,0.0,2,0.5825082508250825,0.6096467634929174,-0.0019637565146541,-0.0085259673723593,1.4237642699181197,3.9522084752854,10.718205725898036,5,0.9471947194719472
2024-02-08,2024,LONG,PM_LONG,49.26,1.8432956381260095,1.3344103392568658,22.107142857142858,False,True,-0.1051698670605613,0.3355982274741507,0.0161211529066927,0.2765140324963072,0.1704545454545454,0.235042735042735,5,0.7136752136752137,0.7981163199063481,2.197045790251108,4.733187592319062,11.478794682422452,1.0427084375837707,0.5912698412698413,0.745642540620384,0.0088302095936303,-0.0011698771740351,0.0209863588667366,0.3932819317434702,0.0,3,0.235042735042735,-0.1051698670605613,-0.0011698771740351,0.0088302095936303,2.197045790251108,4.733187592319062,11.478794682422452,5,0.7136752136752137
2024-02-09,2024,LONG,PM_LONG,7.76,3.945857260049221,0.490566037735849,23.442307692307693,True,True,0.2022207059115439,0.59425593945785,0.0904183535762483,0.5371875193846536,0.6487025948103793,0.6420323325635104,1,0.953810623556582,0.8202438022680032,2.131443458842507,4.838012530240051,11.98840022331121,1.0734413093275126,0.4285714285714285,0.4416599466534334,-0.0027771437024033,-0.0019384992833402,0.0493601462522851,0.2233382570162481,0.0,4,0.6420323325635104,0.2022207059115439,-0.0019384992833402,-0.0027771437024033,2.131443458842507,4.838012530240051,11.98840022331121,1,0.953810623556582
2024-02-12,2024,LONG,PM_LONG,-16.240000000000002,2.5772727272727276,9.211363636363636,15.714285714285714,True,False,-0.0791958574474566,0.2741395065488882,0.0439560439560439,0.2132196162046908,0.0362116991643454,0.2857142857142857,8,0.7942857142857143,0.6907972139016204,2.6914407554066404,5.417849527870846,12.522930246725556,0.784284364318483,0.4722222222222222,0.954005482790131,0.0103255671935866,-9.84241917358908e-05,0.238454288407163,0.459028596240928,0.0,0,0.2857142857142857,-0.0791958574474566,-9.84241917358908e-05,0.0103255671935866,2.6914407554066404,5.417849527870846,12.522930246725556,8,0.7942857142857143
2024-02-14,2024,LONG,PM_LONG,-3.24,0.2663043478260869,3.994565217391304,19.714285714285715,False,False,0.9805125914344742,0.6365514545759116,0.1460258780036968,0.4645708861466301,0.2061459667093469,0.3701923076923077,1,0.8100961538461539,1.0426612292035078,-0.0300407616282251,2.515360991680166,9.148255067284603,1.259631660559517,0.7083333333333334,1.019599084259311,-0.0030640642839782,-0.0004633537132092,0.3491864831038798,0.8657243816254417,1.0,2,0.3701923076923077,0.9805125914344742,-0.0004633537132092,-0.0030640642839782,-0.0300407616282251,2.515360991680166,9.148255067284603,1,0.8100961538461539
2024-02-15,2024,SHORT,ORB_SHORT,-214.74,0.8578648136449779,4.536955148452305,28.267857142857142,False,False,0.370841866386229,0.3996236231803841,0.0309523809523809,0.4682570432279847,0.2805755395683453,-0.5933806146572104,2,0.2671394799054373,1.1048179291926812,0.7897824763380717,3.3769413848452956,10.007106879946862,1.2836339274182342,0.7559523809523809,0.6929761443515802,0.0091656674720084,0.0040558071688492,0.0082273747195213,0.6108660450053046,1.0,3,0.5933806146572104,-0.370841866386229,-0.0040558071688492,-0.0091656674720084,-0.7897824763380717,-3.3769413848452956,-10.007106879946862,-2,-0.2671394799054373
2024-02-16,2024,SHORT,ORB_SHORT,-85.74,3.3495327102803736,4.095327102803738,19.107142857142858,True,False,0.0849500631385604,0.565951096315004,0.040880503144654,0.9952933073125932,0.639511201629328,-0.8073817762399077,0,0.1753171856978085,1.3345122523367858,1.1108942716106038,3.786063597749964,10.742624268166686,1.3796497483334345,0.6547619047619048,0.7002640339800252,0.0103001083966478,0.0063909386071312,0.1455919395465995,0.474898987103559,0.0,4,0.8073817762399077,-0.0849500631385604,-0.0063909386071312,-0.0103001083966478,-1.1108942716106038,-3.786063597749964,-10.742624268166686,0,-0.1753171856978085
2024-02-20,2024,SHORT,ORB_SHORT,75.26,3.1558988764044944,2.3497191011235956,25.428571428571427,True,True,-0.6166757890895822,0.8575077540594782,0.1201588877855014,1.1774007176306027,0.8725490196078431,-0.643595041322314,0,0.0991735537190082,1.405962242093074,0.4338016177096566,3.056449553001278,10.583670862981206,1.3905675618609958,0.4801587301587302,0.1702852277564921,0.0080736314759876,0.0051697689918256,0.0389610389610389,0.0591226203145323,0.0,1,0.643595041322314,0.6166757890895822,-0.0051697689918256,-0.0080736314759876,-0.4338016177096566,-3.056449553001278,-10.583670862981206,0,-0.0991735537190082
2024-02-20,2024,SHORT,ORB_SHORT,-175.74,0.2748815165876777,3.924170616113744,26.375,False,False,-0.6166757890895822,0.8575077540594782,0.1201588877855014,1.1774007176306027,0.8725490196078431,-0.643595041322314,0,0.0991735537190082,1.405962242093074,0.4338016177096566,3.056449553001278,10.583670862981206,1.3905675618609958,0.4801587301587302,0.1702852277564921,0.0080736314759876,0.0051697689918256,0.0389610389610389,0.0591226203145323,0.0,1,0.643595041322314,0.6166757890895822,-0.0051697689918256,-0.0080736314759876,-0.4338016177096566,-3.056449553001278,-10.583670862981206,0,-0.0991735537190082
2024-02-21,2024,SHORT,OPEN_SHORT,-31.74,2.9696969696969697,1.4545454545454546,33.0,True,False,-0.3611607915536837,0.5077020711936768,0.1016682404784387,0.3565453181791957,0.1925465838509316,-0.3106796116504854,3,0.2912621359223301,1.164649262466104,-0.5948191311371372,1.7646800900017314,8.947400911555992,0.98769666712178,0.6507936507936508,1.253101021173484,0.0008712949683191,0.0009198317696463,0.0814765547056867,0.4476068843884936,0.0,2,0.3106796116504854,0.3611607915536837,-0.0009198317696463,-0.0008712949683191,0.5948191311371372,-1.7646800900017314,-8.947400911555992,-3,-0.2912621359223301
2024-02-22,2024,LONG,PM_LONG,53.26,3.868332532436329,1.264776549735704,37.160714285714285,True,True,2.339675828047921,1.1757105943152455,0.2458320703243407,0.4991778247592201,0.4378499440089585,0.6823529411764706,3,0.983529411764706,1.2030573257565138,-1.37097721400047,0.8514211886304841,8.190486257928116,0.7277447297687163,0.6150793650793651,0.71764153159502,-0.0047488822201887,-0.0008411495588021,0.1448140900195694,0.4523163906998211,0.0,3,0.6823529411764706,2.339675828047921,-0.0008411495588021,-0.0047488822201887,-1.37097721400047,0.8514211886304841,8.190486257928116,3,0.983529411764706
2024-03-01,2024,LONG,PM_LONG,359.26,6.430028328611898,0.0441926345609065,33.94230769230769,True,True,0.3225448902682332,0.5874528929283972,0.0204211869814933,0.4577698958102416,0.1308562197092084,0.559322033898305,4,0.5883777239709443,1.0290439866954142,0.8436045222788803,2.8312569275105304,9.910840168477051,0.4179040594710085,0.7559523809523809,0.7725559742850808,0.0007322433296155,-0.0013795419159525,0.0183823529411764,0.5449320216646402,0.0,4,0.559322033898305,0.3225448902682332,-0.0013795419159525,0.0007322433296155,0.8436045222788803,2.8312569275105304,9.910840168477051,4,0.5883777239709443
2024-03-05,2024,SHORT,ORB_SHORT,-42.74,3.2050561797752812,2.212078651685393,25.428571428571427,True,False,-0.9566108643662452,0.6684887825987929,0.1476659256906954,0.9452226397904566,0.6216867469879518,-0.9048192771084336,2,0.0891566265060241,1.267043274318467,2.042250313176179,4.096663250199293,11.437706411570431,0.7094024377029772,0.6785714285714286,0.349618494476711,0.01045064383093,0.0059072234836896,0.047556142668428,0.1715170963815425,0.0,1,0.9048192771084336,0.9566108643662452,-0.0059072234836896,-0.01045064383093,-2.042250313176179,-4.096663250199293,-11.437706411570431,-2,-0.0891566265060241
2024-03-05,2024,SHORT,ORB_SHORT,92.26,3.269534679543459,0.1843722563652326,20.339285714285715,True,True,-0.9566108643662452,0.6684887825987929,0.1476659256906954,0.9452226397904566,0.6216867469879518,-0.9048192771084336,2,0.0891566265060241,1.267043274318467,2.042250313176179,4.096663250199293,11.437706411570431,0.7094024377029772,0.6785714285714286,0.349618494476711,0.01045064383093,0.0059072234836896,0.047556142668428,0.1715170963815425,0.0,1,0.9048192771084336,0.9566108643662452,-0.0059072234836896,-0.01045064383093,-2.042250313176179,-4.096663250199293,-11.437706411570431,-2,-0.0891566265060241
2024-03-06,2024,LONG,VWAP_LONG,87.26,2.790923824959481,2.5791464073473795,33.05357142857143,True,True,1.1170978927714057,0.6977860762870098,0.1813059330460722,0.6945852227260603,0.2660300136425648,-0.3517665130568356,3,0.511520737327189,1.2060163158410953,-0.268818351560413,1.624411843158171,8.488220858895705,1.166204391883082,0.8650793650793651,1.2536676447052548,-0.0022269946059152,0.0019902378914674,0.1698464402047464,0.4771666097255437,0.0,2,-0.3517665130568356,1.1170978927714057,0.0019902378914674,-0.0022269946059152,-0.268818351560413,1.624411843158171,8.488220858895705,3,0.511520737327189
2024-03-07,2024,LONG,PM_LONG,43.76,2.9647058823529413,0.7601809954751131,19.732142857142858,True,True,0.7413982143789485,1.1392471153344124,0.1432806324110672,0.5137576358794967,0.2658610271903323,0.4247967479674797,2,0.9390243902439024,1.131939437635184,0.3849527489166127,2.1914478149637127,8.894836318070276,1.2011587673594486,0.9365079365079364,0.8802798517203572,-0.0016262605534937,-0.0009779010772994,0.0310716550412175,0.5441451053614297,0.0,3,0.4247967479674797,0.7413982143789485,-0.0009779010772994,-0.0016262605534937,0.3849527489166127,2.1914478149637127,8.894836318070276,2,0.9390243902439024
2024-03-07,2024,LONG,PM_LONG,-48.74,1.7029239766081872,2.9801169590643277,15.267857142857142,False,False,0.7413982143789485,1.1392471153344124,0.1432806324110672,0.5137576358794967,0.2658610271903323,0.4247967479674797,2,0.9390243902439024,1.131939437635184,0.3849527489166127,2.1914478149637127,8.894836318070276,1.2011587673594486,0.9365079365079364,0.8802798517203572,-0.0016262605534937,-0.0009779010772994,0.0310716550412175,0.5441451053614297,0.0,3,0.4247967479674797,0.7413982143789485,-0.0009779010772994,-0.0016262605534937,0.3849527489166127,2.1914478149637127,8.894836318070276,2,0.9390243902439024
2024-03-08,2024,LONG,PM_LONG,-407.24,0.1389983117613956,11.792909397861566,34.17307692307692,False,False,0.0069245227025422,0.6509051340389752,0.0643578643578643,0.5866059946582254,0.3241379310344827,0.6526138279932546,2,0.8583473861720068,0.9767949407692386,1.510485705806704,3.2131170244336724,9.575279453951923,1.2589810092954064,0.98015873015873,0.9536056978929668,-0.0024305124784658,-0.0008768993178964,0.1668806161745828,0.5241998642510312,0.0,4,0.6526138279932546,0.0069245227025422,-0.0008768993178964,-0.0024305124784658,1.510485705806704,3.2131170244336724,9.575279453951923,2,0.8583473861720068
2024-03-11,2024,SHORT,VWAP_SHORT,-139.24,0.2163833075734157,2.574961360123648,34.660714285714285,False,False,-0.501350518883571,0.5278870302800549,0.0215272136474411,0.4236364497938681,0.1772831926323868,-0.0335570469798657,5,0.7337807606263982,0.4519978750689418,0.643984267639672,2.2104345353741137,8.311382267923989,1.1807796216572222,1.0,1.6073544045870254,-0.001910846117697,-0.001013461189887,0.2549568462794495,1.5946186566425955,1.0,0,0.0335570469798657,0.501350518883571,0.001013461189887,0.001910846117697,-0.643984267639672,-2.2104345353741137,-8.311382267923989,-5,-0.7337807606263982
2024-03-12,2024,LONG,PM_LONG,-77.74,0.7800586510263929,5.0498533724340176,24.357142857142858,False,False,0.3720448337571818,0.6564943015917867,0.0594227504244482,0.8514646321936516,0.4672645739910314,0.375,1,0.9723451327433628,0.348762769042326,0.1067156447207336,1.591899783366295,7.658057831779219,1.17846414144901,1.0,0.5086182537439955,-0.0049816486459358,-0.0006088325751785,0.0478828650573802,0.2018670331232526,0.0,1,0.375,0.3720448337571818,-0.0006088325751785,-0.0049816486459358,0.1067156447207336,1.591899783366295,7.658057831779219,1,0.9723451327433628
2024-03-13,2024,SHORT,ORB_SHORT,-10.24,1.9453883495145632,2.1237864077669903,29.428571428571427,False,False,-0.1147264401060496,0.3518920221740178,0.0548102721349175,0.4820438659918052,0.2689075630252101,-0.546,0,0.444,0.1985879794133386,0.9293805736322004,2.451096649795126,8.709187756085807,0.9116847375177938,0.992063492063492,1.1144854181730537,0.0104389937701242,0.0027403075739045,0.0931580981832238,0.2740887256287087,0.0,2,0.546,0.1147264401060496,-0.0027403075739045,-0.0104389937701242,-0.9293805736322004,-2.451096649795126,-8.709187756085807,0,-0.444
2024-03-14,2024,SHORT,ORB_SHORT,6.76,2.821526633717738,1.7067545304777594,32.517857142857146,True,True,0.0285124373217972,0.3470651853308426,0.0420869565217391,0.7491888703175695,0.1172741679873217,-0.1955380577427821,4,0.6824146981627297,0.1562789833314118,0.5241864123488292,2.01553436240291,8.44492183659424,0.937781517155526,0.9682539682539684,0.5840133713499164,-0.0086455655753688,-0.0008430716744689,0.0401218892839004,0.3046517233068209,0.0,3,0.1955380577427821,-0.0285124373217972,0.0008430716744689,0.0086455655753688,-0.5241864123488292,-2.01553436240291,-8.44492183659424,-4,-0.6824146981627297
2024-03-18,2024,LONG,PM_LONG,-142.24,0.8109161793372319,4.088369070825211,29.596153846153847,False,False,1.3475831916444012,1.7099829973281515,0.1463858554342173,0.4012630556230265,0.2508038585209003,0.6924939467312349,2,0.7602905569007264,1.294479483256371,-0.1911586106388146,1.1760019431624913,7.575443283944621,0.7189151149870877,0.98015873015873,0.8287588049550644,-0.0082624468738332,-0.0019967234564375,0.1993888464476699,0.6007275587454527,1.0,0,0.6924939467312349,1.3475831916444012,-0.0019967234564375,-0.0082624468738332,-0.1911586106388146,1.1760019431624913,7.575443283944621,2,0.7602905569007264
2024-03-21,2024,LONG,VWAP_LONG,-61.24,0.9745331069609507,6.393887945670628,21.035714285714285,False,False,0.9411549707602338,0.6195175438596491,0.2179620034542314,0.3143274853801169,0.1192930780559646,-0.5668604651162791,6,0.191860465116279,1.1721371059864445,1.288103070175436,2.5456323099415226,8.719814510233915,0.8411034101850263,0.996031746031746,0.8315058479532164,0.0084350072081572,0.002561624065085,0.2098686318487664,0.6727965911639381,1.0,3,-0.5668604651162791,0.9411549707602338,0.002561624065085,0.0084350072081572,1.288103070175436,2.5456323099415226,8.719814510233915,6,0.191860465116279
2024-04-02,2024,SHORT,ORB_SHORT,-33.739999999999995,0.555765595463138,3.2287334593572776,28.339285714285715,False,False,-0.7526236881559221,0.9805097451274364,0.2265317594154019,0.3648175912043978,0.1976744186046511,-0.5917808219178082,2,0.3561643835616438,1.0103267500089332,0.7535732133933004,2.092073963018486,9.193663168415794,0.3250895142495063,0.9325396825396826,0.7706146926536732,-0.0022940033343337,0.0006685364419298,0.0255885363357216,0.4614767255216693,0.0,1,0.5917808219178082,0.7526236881559221,-0.0006685364419298,0.0022940033343337,-0.7535732133933004,-2.092073963018486,-9.193663168415794,-2,-0.3561643835616438
2024-04-05,2024,LONG,PM_LONG,144.76,3.396005845104725,1.343399902581588,36.660714285714285,True,True,-0.1943800987007755,0.5922046530365596,0.0338064516129032,0.6073119145936147,0.3339517625231911,0.5339966832504146,1,0.7711442786069652,1.271393155030779,-0.4647497230335352,0.7499244636922207,7.913133246046931,0.7067366740162858,0.9047619047619048,1.6205055896867762,0.0001552313314572,-0.00141568237639,0.4085326438267614,1.2863418727479143,1.0,4,0.5339966832504146,-0.1943800987007755,-0.00141568237639,0.0001552313314572,-0.4647497230335352,0.7499244636922207,7.913133246046931,1,0.7711442786069652
2024-04-08,2024,LONG,ORB_LONG,-110.74,0.5750279955207167,3.0716685330347144,34.34615384615385,False,False,0.1336641182724925,0.5113665130879449,0.0004666355576294,0.5538960052655562,0.3713490959666203,0.2010968921389396,1,0.8775137111517367,1.2085005357480514,-0.0779201053111205,1.149673434256494,8.341542200394919,0.7703265400787305,0.8968253968253969,1.236393094020556,-0.0040753596112995,-0.0003117004467585,0.1050049067713444,0.7614059824755766,1.0,0,0.2010968921389396,0.1336641182724925,-0.0003117004467585,-0.0040753596112995,-0.0779201053111205,1.149673434256494,8.341542200394919,1,0.8775137111517367
2024-04-11,2024,LONG,PM_LONG,346.26,7.897694524495677,1.180115273775216,24.785714285714285,True,True,0.3831460674157303,0.904494382022472,0.0982862903225806,0.4730337078651685,0.3014925373134328,-0.4679334916864608,3,0.4465558194774346,1.3195135830611826,-0.6870224719101091,0.5790337078651646,8.51361235955056,0.6908438162067503,0.6825396825396826,0.5617977528089888,-0.0048037447551821,-0.0028605092275038,0.0472874963736582,0.3543913713405239,0.0,3,-0.4679334916864608,0.3831460674157303,-0.0028605092275038,-0.0048037447551821,-0.6870224719101091,0.5790337078651646,8.51361235955056,3,0.4465558194774346
2024-04-16,2024,LONG,ORB_LONG,12.760000000000002,3.502250803858521,2.619935691318328,27.767857142857142,True,True,0.0070411909671578,0.509983402907006,0.0088458298230834,0.4385656088115475,0.1157556270096463,-0.0412844036697247,3,0.378440366972477,1.0292941886816125,-1.9232510184579792,-0.92030377709601,6.1783181612432765,1.46497569108928,0.9047619047619048,1.9433687069355732,-0.0032899427584176,-0.0034195809678477,0.4007735792918774,1.5432886619868111,1.0,1,-0.0412844036697247,0.0070411909671578,-0.0034195809678477,-0.0032899427584176,-1.9232510184579792,-0.92030377709601,6.1783181612432765,3,0.378440366972477
2024-04-18,2024,LONG,PM_LONG,-60.74,1.0583657587548638,5.914396887159533,32.125,False,False,0.0499479708636836,0.4484911550468262,0.0076133730552797,0.5379812695109261,0.1499118165784832,0.02321083172147,3,0.9671179883945842,1.0806056756608404,-2.6480228928199794,-1.8175234131113416,5.436430801248703,1.7068315116792323,0.8650793650793651,1.429760665972945,0.0050655855096015,0.0007171674932748,0.1756046267087276,0.93236123676228,1.0,3,0.02321083172147,0.0499479708636836,0.0007171674932748,0.0050655855096015,-2.6480228928199794,-1.8175234131113416,5.436430801248703,3,0.9671179883945842
2024-04-18,2024,SHORT,ORB_SHORT,-26.24,0.6023255813953489,1.8395348837209304,30.714285714285715,False,False,0.0499479708636836,0.4484911550468262,0.0076133730552797,0.5379812695109261,0.1499118165784832,0.02321083172147,3,0.9671179883945842,1.0806056756608404,-2.6480228928199794,-1.8175234131113416,5.436430801248703,1.7068315116792323,0.8650793650793651,1.429760665972945,0.0050655855096015,0.0007171674932748,0.1756046267087276,0.93236123676228,1.0,3,-0.02321083172147,-0.0499479708636836,-0.0007171674932748,-0.0050655855096015,2.6480228928199794,1.8175234131113416,-5.436430801248703,-3,-0.9671179883945842
2024-04-19,2024,SHORT,ORB_SHORT,243.26,5.970245795601552,0.7736093143596378,44.59615384615385,True,True,-0.2888576046717764,1.5527399760154337,0.0256839754327191,0.7289222587204754,0.3421052631578947,-0.6065808297567954,5,0.2689556509298998,1.1649829470410458,-2.878617237603626,-2.2201991761822804,4.996876792324936,1.0610023341755213,0.8531746031746031,0.9343552844256738,0.0127790635444048,0.0039787063494651,0.1608108108108108,0.6409989594172737,1.0,4,0.6065808297567954,0.2888576046717764,-0.0039787063494651,-0.0127790635444048,2.878617237603626,2.2201991761822804,-4.996876792324936,-5,-0.2689556509298998
2024-04-22,2024,LONG,PM_LONG,86.36,5.352941176470589,0.1286764705882353,19.428571428571427,True,True,0.390278338039532,0.4780153287615974,0.0608345902463549,0.600040338846309,0.3263646922183507,-0.5865546218487395,2,0.1243697478991596,1.0520250099790247,-4.003075837031058,-3.593969342476804,3.2921692214602656,1.0410230171461383,0.8968253968253969,1.5893505445744252,0.0042859811088319,0.00251204207373,0.1698508243915205,1.11058970749257,1.0,0,-0.5865546218487395,0.390278338039532,0.00251204207373,0.0042859811088319,-4.003075837031058,-3.593969342476804,3.2921692214602656,2,0.1243697478991596
2024-04-23,2024,LONG,PM_LONG,66.26,2.5115820601281422,0.6761951700344998,36.232142857142854,True,True,0.0740524213193023,0.5914449965896912,0.0703864857947274,0.7220111078631979,0.7679180887372014,0.902834008097166,1,0.9851551956815114,1.0714469182636557,-2.7931404072883232,-2.5870603137484225,3.989223423950112,1.3708415286116915,0.9523809523809524,1.166325635779012,0.0076529924751342,-0.0031853245057582,0.3155770782889427,0.9953610326744656,1.0,1,0.902834008097166,0.0740524213193023,-0.0031853245057582,0.0076529924751342,-2.7931404072883232,-2.5870603137484225,3.989223423950112,1,0.9851551956815114
2024-04-23,2024,LONG,PM_LONG,21.26,2.1377245508982035,0.4471057884231537,17.892857142857142,False,True,0.0740524213193023,0.5914449965896912,0.0703864857947274,0.7220111078631979,0.7679180887372014,0.902834008097166,1,0.9851551956815114,1.0714469182636557,-2.7931404072883232,-2.5870603137484225,3.989223423950112,1.3708415286116915,0.9523809523809524,1.166325635779012,0.0076529924751342,-0.0031853245057582,0.3155770782889427,0.9953610326744656,1.0,1,0.902834008097166,0.0740524213193023,-0.0031853245057582,0.0076529924751342,-2.7931404072883232,-2.5870603137484225,3.989223423950112,1,0.9851551956815114
2024-04-25,2024,LONG,PM_LONG,27.76,1.50253807106599,2.213197969543147,24.625,False,True,-1.089385474860335,0.7197392923649907,0.1060752169720347,0.5204841713221602,0.2808988764044944,0.2021466905187835,1,0.5313059033989267,1.2726074435898371,-1.4535381750465604,-1.5351582867783935,4.602397579143394,1.3387135725675818,0.984126984126984,0.851024208566108,-0.0037459766133551,-0.0021239477346434,0.0982658959537572,0.606147658718759,1.0,3,0.2021466905187835,-1.089385474860335,-0.0021239477346434,-0.0037459766133551,-1.4535381750465604,-1.5351582867783935,4.602397579143394,1,0.5313059033989267
2024-04-26,2024,LONG,ORB_LONG,44.76,2.215983813859383,0.1841173495194739,38.01923076923077,False,True,0.4650951949229374,0.5258386219401632,0.0881557598702001,0.6246600181323663,0.4238578680203045,0.6952104499274311,0,0.8635703918722787,1.0423650348120876,-1.5432003626473203,-1.775829555757031,4.162171350861287,1.3333054071807913,0.992063492063492,0.99909338168631,0.0001896726053574,-0.0023154043078283,0.2417061611374407,0.749534450651769,1.0,4,0.6952104499274311,0.4650951949229374,-0.0023154043078283,0.0001896726053574,-1.5432003626473203,-1.775829555757031,4.162171350861287,0,0.8635703918722787
2024-04-26,2024,LONG,PM_LONG,-34.239999999999995,1.0495767835550185,3.0979443772672313,14.767857142857142,False,False,0.4650951949229374,0.5258386219401632,0.0881557598702001,0.6246600181323663,0.4238578680203045,0.6952104499274311,0,0.8635703918722787,1.0423650348120876,-1.5432003626473203,-1.775829555757031,4.162171350861287,1.3333054071807913,0.992063492063492,0.99909338168631,0.0001896726053574,-0.0023154043078283,0.2417061611374407,0.749534450651769,1.0,4,0.6952104499274311,0.4650951949229374,-0.0023154043078283,0.0001896726053574,-1.5432003626473203,-1.775829555757031,4.162171350861287,0,0.8635703918722787
2024-05-01,2024,SHORT,ORB_SHORT,-83.24,0.8681397006414826,14.808267997148969,25.053571428571427,False,False,-0.6854356018621148,0.414985590778098,0.0043898156277436,0.3263134559964531,0.05175983436853,-0.2635869565217391,3,0.5625,0.8101884745998649,-0.7343826202615802,-1.284291731323432,4.407696741299046,0.8582648581478757,0.992063492063492,0.804256262469519,-0.0003264745737798,0.0004464891542313,0.2383252818035426,0.5943640919681716,0.0,2,0.2635869565217391,0.6854356018621148,-0.0004464891542313,0.0003264745737798,0.7343826202615802,1.284291731323432,-4.407696741299046,-3,-0.5625
2024-05-03,2024,LONG,PM_LONG,63.760000000000005,2.6029411764705883,0.5147058823529411,17.0,True,True,1.023360248715402,0.860140766008895,0.2173703256936067,0.5406105617686429,0.0306748466257668,-0.15814696485623,2,0.2539936102236422,0.9409500094668174,-0.6375922967312948,-1.3689019387711,4.119629517682108,0.8871401614449365,0.996031746031746,1.035450580767736,-0.0080804570384837,-0.002551343179202,0.2689041649818035,0.5766090916902982,0.0,4,-0.15814696485623,1.023360248715402,-0.002551343179202,-0.0080804570384837,-0.6375922967312948,-1.3689019387711,4.119629517682108,2,0.2539936102236422
2024-05-06,2024,LONG,PM_LONG,40.76,2.8293963254593173,1.727034120734908,13.607142857142858,True,True,0.202630794772466,0.3209739900387383,0.0550070521861777,0.2528627985185816,0.2285012285012285,0.2424242424242424,0,0.67003367003367,0.6498647124160072,0.6216849006002274,-0.189400195819681,5.222080796900942,0.9203131093114922,1.0,0.5329700736452259,0.0041447482094651,1.7915141270474777e-05,0.1278038601982264,0.3273025605596096,0.0,0,0.2424242424242424,0.202630794772466,1.7915141270474777e-05,0.0041447482094651,0.6216849006002274,-0.189400195819681,5.222080796900942,0,0.67003367003367
2024-05-07,2024,LONG,PM_LONG,39.76,1.695067264573991,3.42780269058296,19.910714285714285,False,True,0.2460412055167717,0.2136897667290992,0.0638930163447251,0.187297803507577,0.2791208791208791,-0.3045454545454545,5,0.2409090909090909,0.6609032916560347,1.0732164140984215,0.2287927805210329,5.60057040694704,0.90948540146818,1.0,0.3822577898859186,0.0033779478624518,0.0005842710815437,0.1211361737677527,0.2128474735004895,0.0,1,-0.3045454545454545,0.2460412055167717,0.0005842710815437,0.0033779478624518,1.0732164140984215,0.2287927805210329,5.60057040694704,5,0.2409090909090909
2024-05-08,2024,LONG,PM_LONG,-77.24,0.1102362204724409,3.6745406824146984,20.410714285714285,False,False,-0.4116727462219905,0.5002605523710265,0.2017085904129093,0.4672572520409935,0.7338262476894639,0.8717472118959108,0,0.9070631970260224,0.740520541372564,1.3197846100399564,0.4376063922181696,5.887067917318043,0.7568321265146372,0.984126984126984,0.3543512245961438,-0.0026858834195693,-0.0033540571695571,0.0026595744680851,0.2494466201260003,0.0,2,0.8717472118959108,-0.4116727462219905,-0.0033540571695571,-0.0026858834195693,1.3197846100399564,0.4376063922181696,5.887067917318043,0,0.9070631970260224
2024-05-09,2024,LONG,ORB_LONG,-34.239999999999995,1.1779661016949152,1.1610169491525424,29.5,False,False,0.0638453906216297,0.3675423838488417,0.0427350427350427,0.3313058107933221,0.0312862108922363,-0.1588541666666666,5,0.6614583333333334,0.8388785285360594,1.1957637720546974,0.3075794831974462,5.688581165609772,0.8081694337911406,0.988095238095238,0.5633924334584358,0.0042270403162727,0.0027574479525331,0.1089108910891089,0.2179954837589021,0.0,3,-0.1588541666666666,0.0638453906216297,0.0027574479525331,0.0042270403162727,1.1957637720546974,0.3075794831974462,5.688581165609772,5,0.6614583333333334
2024-05-09,2024,LONG,PM_LONG,-37.739999999999995,0.6764705882352942,2.3088235294117645,17.0,False,False,0.0638453906216297,0.3675423838488417,0.0427350427350427,0.3313058107933221,0.0312862108922363,-0.1588541666666666,5,0.6614583333333334,0.8388785285360594,1.1957637720546974,0.3075794831974462,5.688581165609772,0.8081694337911406,0.988095238095238,0.5633924334584358,0.0042270403162727,0.0027574479525331,0.1089108910891089,0.2179954837589021,0.0,3,-0.1588541666666666,0.0638453906216297,0.0027574479525331,0.0042270403162727,1.1957637720546974,0.3075794831974462,5.688581165609772,5,0.6614583333333334
2024-05-14,2024,LONG,PM_LONG,-2.74,3.800942285041225,0.6760895170789163,30.321428571428573,True,False,-0.0631515637530072,0.5653568564554932,0.0205307961942914,0.4260224538893344,0.3657858136300417,0.7388235294117647,4,0.8211764705882353,0.8892722648016715,1.8232257417802784,0.779450681635928,6.941374298315955,0.2069325317035634,0.8611111111111112,0.408981555733761,-0.0062985819263999,-0.002485076011266,0.0145423438836612,0.209536226485379,0.0,1,0.7388235294117647,-0.0631515637530072,-0.002485076011266,-0.0062985819263999,1.8232257417802784,0.779450681635928,6.941374298315955,4,0.8211764705882353
2024-05-15,2024,LONG,PM_LONG,71.26,5.474598930481283,0.1871657754010695,26.714285714285715,True,True,0.4022728415547845,0.6205058580982551,0.1727659574468085,0.4163523910092019,0.1612903225806451,0.359903381642512,2,0.9589371980676328,1.0173002206427777,2.213204606024033,1.257002061648307,7.392894855936039,0.2967397892218404,0.8412698412698413,0.6184944938904812,-0.0071123797630708,-0.0002178534391599,0.3093841642228739,0.2776663993584603,0.0,2,0.359903381642512,0.4022728415547845,-0.0002178534391599,-0.0071123797630708,2.213204606024033,1.257002061648307,7.392894855936039,2,0.9589371980676328
2024-05-22,2024,SHORT,ORB_SHORT,78.72,7.168900804289544,0.35656836461126,13.321428571428571,True,True,0.1334908446544595,0.3248670998227997,0.015712682379349,0.2138216184288245,0.0661764705882353,0.1270718232044199,7,0.5469613259668509,0.6726177089844684,2.9112817483756577,2.94993502658003,10.05749556999409,0.9957672900222688,0.4880952380952381,0.4961606615475487,0.0005040727709706,0.0003967893336844,0.1302644466209598,0.1840315482654169,0.0,2,-0.1270718232044199,-0.1334908446544595,-0.0003967893336844,-0.0005040727709706,-2.9112817483756577,-2.94993502658003,-10.05749556999409,-7,-0.5469613259668509
2024-05-24,2024,LONG,PM_LONG,-30.24,1.925318761384335,2.6903460837887065,19.607142857142858,False,False,0.5560870605118392,0.4520449653193015,0.1057153530070975,0.5214063621143267,0.3333333333333333,0.6903669724770642,4,0.970183486238532,0.9627851616028292,1.791198277923945,2.231977995694815,9.378922506577371,0.6729783082625445,0.4285714285714285,1.7268596029657977,-0.002609001946656,-0.0025025595462255,0.3356401384083045,1.3093663580618011,1.0,4,0.6903669724770642,0.5560870605118392,-0.0025025595462255,-0.002609001946656,1.791198277923945,2.231977995694815,9.378922506577371,4,0.970183486238532
2024-05-30,2024,SHORT,ORB_SHORT,-62.24,1.300959232613909,2.2326139088729016,29.785714285714285,False,False,-0.3729225780299959,0.7012565869477098,0.0144131777625257,0.4593973787326036,0.24,-0.9029411764705882,2,0.0441176470588235,1.1270797798732015,1.860491825428992,3.219429806782863,11.211012025401978,1.0103866850899836,0.0793650793650793,0.6431563302256451,0.0061821659847948,0.0022873737100269,0.0824972129319955,0.2730074856891237,0.0,3,0.9029411764705882,0.3729225780299959,-0.0022873737100269,-0.0061821659847948,-1.860491825428992,-3.219429806782863,-11.211012025401978,-2,-0.0441176470588235
2024-06-05,2024,LONG,PM_LONG,147.76,3.662298987492555,0.6813579511614055,32.28846153846154,True,True,1.0166190599844196,0.8192677226694365,0.1831889637471928,0.6881329524798753,0.4793491864831039,0.6075471698113207,3,0.9773584905660376,1.028451625569051,0.2623993767852581,2.1393663983381006,9.45062321474941,1.396232143886261,0.1706349206349206,0.9633861334718254,-0.0035394686917491,-0.0040830782932719,0.033295922184811,0.6931541147789418,1.0,2,0.6075471698113207,1.0166190599844196,-0.0040830782932719,-0.0035394686917491,0.2623993767852581,2.1393663983381006,9.45062321474941,3,0.9773584905660376
2024-06-05,2024,LONG,PM_LONG,67.26,3.9779310344827583,1.4482758620689655,12.946428571428571,True,True,1.0166190599844196,0.8192677226694365,0.1831889637471928,0.6881329524798753,0.4793491864831039,0.6075471698113207,3,0.9773584905660376,1.028451625569051,0.2623993767852581,2.1393663983381006,9.45062321474941,1.396232143886261,0.1706349206349206,0.9633861334718254,-0.0035394686917491,-0.0040830782932719,0.033295922184811,0.6931541147789418,1.0,2,0.6075471698113207,1.0166190599844196,-0.0040830782932719,-0.0035394686917491,0.2623993767852581,2.1393663983381006,9.45062321474941,3,0.9773584905660376
2024-06-06,2024,SHORT,ORB_SHORT,-34.739999999999995,2.3650485436893205,1.5766990291262135,18.392857142857142,False,False,0.2780329475166881,0.3294751668810092,0.0338922582946842,0.40908812542103,0.1114369501466275,-0.2215568862275449,2,0.625748502994012,1.1028804033767858,1.9578663727111272,3.893245146671565,10.741686569906305,1.7392536447549165,0.3373015873015873,1.213791414048625,-0.0006335852381719,0.0004096970235322,0.3333333333333333,0.6141262009867566,1.0,3,0.2215568862275449,-0.2780329475166881,-0.0004096970235322,0.0006335852381719,-1.9578663727111272,-3.893245146671565,-10.741686569906305,-2,-0.625748502994012
2024-06-07,2024,LONG,ORB_LONG,-28.24,2.4279720279720283,3.769230769230769,25.535714285714285,False,False,-0.045687472988825,1.037229116503056,0.0300429184549356,0.3556214113724764,0.4208333333333333,0.0868055555555555,1,0.7569444444444444,0.7593140497670124,1.7854540964376082,3.8794344631721858,10.751991109464717,1.5809009122033928,0.3055555555555556,0.4840402543680928,0.0040022478639076,0.0014933310189699,0.1194029850746268,0.3270255373874701,0.0,4,0.0868055555555555,-0.045687472988825,0.0014933310189699,0.0040022478639076,1.7854540964376082,3.8794344631721858,10.751991109464717,1,0.7569444444444444
2024-06-11,2024,LONG,PM_LONG,-24.74,4.5515898767034395,1.598961713173264,27.517857142857142,True,False,-0.3076171875,0.41259765625,0.0711920529801324,0.4833984375,0.0267983074753173,0.2373737373737373,2,0.8762626262626263,0.9883763571103136,1.7200317382812536,4.067651367187501,10.77658081054688,1.0688395117325713,0.3412698412698413,0.71044921875,-0.0039092599528794,-0.0019332927050229,0.1664137582195245,0.4811844540407156,0.0,1,0.2373737373737373,-0.3076171875,-0.0019332927050229,-0.0039092599528794,1.7200317382812536,4.067651367187501,10.77658081054688,2,0.8762626262626263
2024-06-11,2024,LONG,PM_LONG,134.76,6.691525423728813,1.233898305084746,15.803571428571429,True,True,-0.3076171875,0.41259765625,0.0711920529801324,0.4833984375,0.0267983074753173,0.2373737373737373,2,0.8762626262626263,0.9883763571103136,1.7200317382812536,4.067651367187501,10.77658081054688,1.0688395117325713,0.3412698412698413,0.71044921875,-0.0039092599528794,-0.0019332927050229,0.1664137582195245,0.4811844540407156,0.0,1,0.2373737373737373,-0.3076171875,-0.0019332927050229,-0.0039092599528794,1.7200317382812536,4.067651367187501,10.77658081054688,2,0.8762626262626263
2024-06-12,2024,LONG,PM_LONG,6.26,1.6693017127799736,2.4347826086956523,27.107142857142858,False,True,0.9773311800945031,1.0837968778036964,0.2611615962070328,0.8230157306058974,0.7166947723440135,0.8168604651162791,0,0.9752906976744186,0.9459251507487358,1.8630300855314244,4.264920150726712,10.827627250433633,1.0774551676669537,0.4246031746031746,1.1364316047610503,-0.0007524780983085,-0.0030058873626412,0.2017249640632487,0.736083984375,1.0,2,0.8168604651162791,0.9773311800945031,-0.0030058873626412,-0.0007524780983085,1.8630300855314244,4.264920150726712,10.827627250433633,0,0.9752906976744186
2024-06-13,2024,SHORT,ORB_SHORT,15.760000000000002,2.282621767889357,1.422730006013229,31.98076923076923,False,True,0.3802460415563011,0.5062099005238684,0.0618846694796061,0.6074518806286421,0.2803738317757009,-0.4941860465116279,4,0.2965116279069767,1.1963732265578375,3.3159102948966943,5.771169580316683,12.24622402731178,0.9157092205748296,0.492063492063492,0.865265760197775,-0.0067832356952962,-0.0010240967826951,0.0701468189233279,0.4557688856989054,0.0,3,0.4941860465116279,-0.3802460415563011,0.0010240967826951,0.0067832356952962,-3.3159102948966943,-5.771169580316683,-12.24622402731178,-4,-0.2965116279069767
2024-06-14,2024,LONG,PM_LONG,0.7599999999999998,1.5587044534412955,1.1194331983805668,17.642857142857142,False,True,-0.0823427080313134,0.7318063206726587,0.0193473866589662,0.4267903740214555,0.1391417425227568,0.3505434782608695,3,0.5760869565217391,0.9939176325006972,3.240475500144976,5.738011017686293,12.152896491736742,0.8864960997460588,0.5119047619047619,0.759640475500145,-0.0079977445225296,-0.0024776896751959,0.0063856960408684,0.3437518394255106,0.0,4,0.3505434782608695,-0.0823427080313134,-0.0024776896751959,-0.0079977445225296,3.240475500144976,5.738011017686293,12.152896491736742,3,0.5760869565217391
2024-06-17,2024,LONG,PM_LONG,461.76,13.420774647887324,-0.0369718309859154,20.285714285714285,True,True,0.155265001167406,0.3689003035255662,0.018754688672168,0.3735699276208265,0.1358778625954198,0.05,5,0.71875,0.3961233097514448,3.3234298388979755,5.952066308662145,12.441168573429836,0.8055105973431017,0.503968253968254,0.5568526733597945,-0.0027018607484579,0.0006256573148779,0.1733333333333333,0.3073354595534938,0.0,0,0.05,0.155265001167406,0.0006256573148779,-0.0027018607484579,3.3234298388979755,5.952066308662145,12.441168573429836,5,0.71875
2024-06-18,2024,SHORT,ORB_SHORT,-119.74,0.0352941176470588,4.3882352941176475,21.25,False,False,-0.2458924779255616,0.4828434111992846,0.0148514851485148,0.2425393986811221,0.1106796116504854,0.0460829493087557,4,0.5483870967741935,0.1980167251065678,4.305074326589918,6.94118699005253,13.2029507097351,0.8794041495968035,0.5833333333333334,1.6128311165753884,0.0027892092585213,0.0010607712572283,0.4477166026461801,1.4160635068876954,1.0,1,-0.0460829493087557,0.2458924779255616,-0.0010607712572283,-0.0027892092585213,-4.305074326589918,-6.94118699005253,-13.2029507097351,-4,-0.5483870967741935
2024-06-24,2024,SHORT,ORB_SHORT,37.76,2.347368421052632,1.305263157894737,23.75,False,True,0.7623888182973316,1.5906203072657965,0.0610214459429582,0.5948943051865542,0.1278982797307404,-0.0485436893203883,3,0.3805825242718446,1.218208939521462,2.655192329906441,5.745431442763089,12.348342381887496,1.0191395761842788,0.5079365079365079,1.363058796349775,0.0062265460393264,0.0035229081176486,0.1978122151321786,0.9750824894754808,1.0,0,0.0485436893203883,-0.7623888182973316,-0.0035229081176486,-0.0062265460393264,-2.655192329906441,-5.745431442763089,-12.348342381887496,-3,-0.3805825242718446
2024-06-25,2024,LONG,PM_LONG,110.76,2.7449874686716793,1.506892230576441,30.692307692307693,True,True,-0.046652670865407,0.5866573361324936,0.0784027980180705,0.5108467459762072,0.4451827242524916,0.4885844748858447,1,0.8356164383561644,1.120776722375857,2.840331233963148,6.029904362024719,12.74994751574527,1.0481833107527556,0.4880952380952381,1.066013529274551,-0.0048924850989526,-0.0027431288619169,0.1197882197220383,0.6873050710407762,1.0,1,0.4885844748858447,-0.046652670865407,-0.0027431288619169,-0.0048924850989526,2.840331233963148,6.029904362024719,12.74994751574527,1,0.8356164383561644
2024-06-26,2024,SHORT,VWAP_SHORT,-86.24,0.1395348837209302,3.0852713178294575,32.25,False,False,-0.0561379389356705,0.7767657673139714,0.0663659793814433,0.4834736781806725,0.339572192513369,0.5308056872037915,3,0.6303317535545023,1.0407229920748946,3.026006759466117,6.195818296385409,12.880197055622382,0.6766426170823101,0.5317460317460317,0.8054075728933952,-0.0019733200655032,-0.0020857313424633,0.0972346119536128,0.3930487520410544,0.0,2,-0.5308056872037915,0.0561379389356705,0.0020857313424633,0.0019733200655032,-3.026006759466117,-6.195818296385409,-12.880197055622382,-3,-0.6303317535545023
2024-07-01,2024,SHORT,ORB_SHORT,-352.74,0.0457516339869281,3.751633986928105,49.17857142857143,False,False,-0.1102756892230576,0.531328320802005,0.0079617834394904,0.7763854079643553,0.0467732386027235,-0.3299856527977044,5,0.5853658536585366,1.438360580573983,2.379281537176274,5.657878028404345,12.456229462545254,0.4534568905737083,0.5952380952380952,1.2832080200501252,-0.0090847404842961,-0.0010037943133852,0.3014568546880837,1.1335940599671257,1.0,0,0.3299856527977044,0.1102756892230576,0.0010037943133852,0.0090847404842961,-2.379281537176274,-5.657878028404345,-12.456229462545254,-5,-0.5853658536585366
2024-07-02,2024,LONG,PM_LONG,-3.24,4.082771896053898,0.6333012512030799,37.107142857142854,True,False,-0.2648083623693379,0.6713124274099884,0.0821397252265419,0.5574912891986062,0.2955665024630542,0.8354166666666667,4,0.88125,1.4421754330663534,2.299419279907088,5.835749128919863,13.083687572590003,0.5038506124068706,0.4722222222222222,1.1114982578397212,-0.0044323339651175,-0.0016178129932604,0.2149019607843137,0.6115288220551378,1.0,1,0.8354166666666667,-0.2648083623693379,-0.0016178129932604,-0.0044323339651175,2.299419279907088,5.835749128919863,13.083687572590003,4,0.88125
2024-07-02,2024,LONG,PM_LONG,212.76,4.641630901287554,0.0901287553648068,16.642857142857142,True,True,-0.2648083623693379,0.6713124274099884,0.0821397252265419,0.5574912891986062,0.2955665024630542,0.8354166666666667,4,0.88125,1.4421754330663534,2.299419279907088,5.835749128919863,13.083687572590003,0.5038506124068706,0.4722222222222222,1.1114982578397212,-0.0044323339651175,-0.0016178129932604,0.2149019607843137,0.6115288220551378,1.0,1,0.8354166666666667,-0.2648083623693379,-0.0016178129932604,-0.0044323339651175,2.299419279907088,5.835749128919863,13.083687572590003,4,0.88125
2024-07-05,2024,LONG,PM_LONG,103.76,3.0850951374207187,0.9963002114164904,36.38461538461539,True,True,0.3080872913992298,0.686777920410783,0.1042611060743427,0.5982028241335045,0.308235294117647,0.7296137339055794,4,0.8454935622317596,1.2209479255883429,3.0801026957637925,7.352811296534013,15.83396662387677,0.917475458256214,0.1825396825396825,0.1887034659820282,-0.0092398063170826,-0.003219408336859,0.1078066914498141,0.0778301886792452,0.0,4,0.7296137339055794,0.3080872913992298,-0.003219408336859,-0.0092398063170826,3.0801026957637925,7.352811296534013,15.83396662387677,4,0.8454935622317596
2024-07-08,2024,LONG,PM_LONG,-56.74,0.6467391304347826,2.510869565217391,19.714285714285715,False,False,0.0320651168526854,0.3095517050009249,0.0680313064419024,0.2836529567737559,0.0655270655270655,-0.2260869565217391,6,0.391304347826087,1.1410035132438705,3.774125917247333,7.96610963803417,16.27456989578837,0.8647147264658522,0.2817460317460317,1.0396497502620707,0.0025722138662581,0.0004524377339941,0.2703917790622993,0.576379974326059,0.0,0,-0.2260869565217391,0.0320651168526854,0.0004524377339941,0.0025722138662581,3.774125917247333,7.96610963803417,16.27456989578837,6,0.391304347826087
2024-07-11,2024,SHORT,ORB_SHORT,73.76,3.566237698713096,0.3285389856169568,47.17857142857143,True,True,0.1462615054848064,0.6556550245870634,0.004720692368214,1.240701046526289,0.5975274725274725,-0.9004065040650406,3,0.0680894308943089,1.694256425138916,3.8508384819064503,8.469272475097712,17.40366284201236,0.8720624047491794,0.2222222222222222,0.9683520363132012,0.0209549962011265,0.0073915203374919,0.2836012861736334,0.7102076667294058,1.0,3,0.9004065040650406,-0.1462615054848064,-0.0073915203374919,-0.0209549962011265,-3.8508384819064503,-8.469272475097712,-17.40366284201236,-3,-0.0680894308943089
2024-07-11,2024,SHORT,ORB_SHORT,-70.74,1.5597826086956523,2.023913043478261,32.857142857142854,False,False,0.1462615054848064,0.6556550245870634,0.004720692368214,1.240701046526289,0.5975274725274725,-0.9004065040650406,3,0.0680894308943089,1.694256425138916,3.8508384819064503,8.469272475097712,17.40366284201236,0.8720624047491794,0.2222222222222222,0.9683520363132012,0.0209549962011265,0.0073915203374919,0.2836012861736334,0.7102076667294058,1.0,3,0.9004065040650406,-0.1462615054848064,-0.0073915203374919,-0.0209549962011265,-3.8508384819064503,-8.469272475097712,-17.40366284201236,-3,-0.0680894308943089
2024-07-15,2024,LONG,PM_LONG,83.44,2.7429319371727745,4.042931937172774,36.73076923076923,True,True,-0.3362325608545911,0.6806374408966201,0.1003484320557491,0.5825696106473645,0.3705722070844686,0.687374749498998,2,0.9158316633266532,1.1937623893220564,2.241842274239682,6.449851147043367,14.989253400268518,1.4873473503921724,0.4603174603174603,1.474519876247738,0.0053618998382061,-0.002403286826734,0.0853614239011986,0.6947890818858561,1.0,0,0.687374749498998,-0.3362325608545911,-0.002403286826734,0.0053618998382061,2.241842274239682,6.449851147043367,14.989253400268518,2,0.9158316633266532
2024-07-15,2024,LONG,PM_LONG,-229.24,0.3032844164919637,7.425576519916143,25.553571428571427,False,False,-0.3362325608545911,0.6806374408966201,0.1003484320557491,0.5825696106473645,0.3705722070844686,0.687374749498998,2,0.9158316633266532,1.1937623893220564,2.241842274239682,6.449851147043367,14.989253400268518,1.4873473503921724,0.4603174603174603,1.474519876247738,0.0053618998382061,-0.002403286826734,0.0853614239011986,0.6947890818858561,1.0,0,0.687374749498998,-0.3362325608545911,-0.002403286826734,0.0053618998382061,2.241842274239682,6.449851147043367,14.989253400268518,2,0.9158316633266532
2024-07-23,2024,LONG,PM_LONG,-189.74,0.1607588617074388,4.4663005491762355,35.767857142857146,False,False,-0.2122584100092498,0.5744608344287035,0.0246687985381452,0.4459373935056716,0.1375137513751375,0.4432314410480349,6,0.6572052401746725,1.0271978264522357,-1.0668906090258508,1.852198042938516,9.280507278126672,1.4341488726048413,0.9007936507936508,0.9162163477922204,0.0141582146518153,8.753388992999156e-05,0.0080745341614906,0.6236189540878959,1.0,1,0.4432314410480349,-0.2122584100092498,8.753388992999156e-05,0.0141582146518153,-1.0668906090258508,1.852198042938516,9.280507278126672,6,0.6572052401746725
2024-07-24,2024,SHORT,ORB_SHORT,145.26,6.103125,0.3572916666666667,34.285714285714285,True,True,-1.341392084226945,1.088906219535972,0.1639549436795995,0.7369857672060831,0.5639686684073107,-0.8756613756613757,0,0.0449735449735449,1.0565782006249749,-1.1866835640475757,1.6121661142522858,9.088287190485474,1.446947152197302,0.8888888888888888,0.660947553129265,0.0121224679369807,0.0025692412969359,0.0097416349004659,0.3622024244194538,0.0,2,0.8756613756613757,1.341392084226945,-0.0025692412969359,-0.0121224679369807,1.1866835640475757,-1.6121661142522858,-9.088287190485474,0,-0.0449735449735449
2024-07-25,2024,SHORT,ORB_SHORT,-813.24,0.3143479614067849,4.7899159663865545,80.325,False,False,-0.070995670995671,0.8406926406926407,0.0247086247086247,1.187878787878788,0.1694915254237288,-0.3731778425655976,1,0.5998542274052479,1.5839303942194627,-3.5175324675324675,-1.2099740259740297,5.418740259740264,1.416661386576573,0.98015873015873,1.4995670995670995,0.0156286860649967,0.0054727626900429,0.3066004258339248,0.9845973874049524,1.0,3,0.3731778425655976,0.070995670995671,-0.0054727626900429,-0.0156286860649967,3.5175324675324675,1.2099740259740297,-5.418740259740264,-1,-0.5998542274052479
2024-07-31,2024,LONG,PM_LONG,-74.24,2.258600237247924,5.355871886120997,30.107142857142858,False,False,1.4481455232695486,1.6339869281045751,0.2648837949697548,0.5378376250098432,0.5097885669537979,0.6032210834553441,3,0.9575402635431918,1.0925578663027389,-3.615324041263096,-2.233104968895194,3.6584101110323664,1.2692024840369764,1.0,1.6276872194660996,-0.0057576390081467,-0.0013484359105224,0.2366492146596858,1.1408652860364978,1.0,2,0.6032210834553441,1.4481455232695486,-0.0013484359105224,-0.0057576390081467,-3.615324041263096,-2.233104968895194,3.6584101110323664,3,0.9575402635431918
2024-08-01,2024,SHORT,ORB_SHORT,348.26,9.564371719666564,0.0240815066378511,62.28846153846154,True,True,-0.023556258971622,0.6242408627479848,0.0611694152923538,0.7707313482277596,0.2678821879382889,-0.2349570200573066,1,0.1671442215854823,1.2257060014305354,-1.417755530199858,-0.3004159151974719,5.1877617873311515,1.204540244629408,1.0,0.7744120136920755,-0.0128798254863351,-0.0015562202006411,0.0544342507645259,0.4086935979210961,0.0,3,0.2349570200573066,0.023556258971622,0.0015562202006411,0.0128798254863351,1.417755530199858,0.3004159151974719,-5.1877617873311515,-1,-0.1671442215854823
2024-08-02,2024,SHORT,ORB_SHORT,-47.24,1.169331158238173,1.4570962479608485,54.732142857142854,False,False,-0.7503473830477073,1.2532256997287103,0.109124701301,0.993846357440614,0.1174761311747613,-0.4780292942743009,2,0.2290279627163781,1.257762463934096,-2.666975451597966,-1.8650698074505347,3.0274002514391567,1.446816048314515,1.0,2.153774895785086,0.0048549198283684,-0.0006452002565533,0.4001594260661618,1.754205160292981,1.0,4,0.4780292942743009,0.7503473830477073,0.0006452002565533,-0.0048549198283684,2.666975451597966,1.8650698074505347,-3.0274002514391567,-2,-0.2290279627163781
2024-08-07,2024,LONG,PM_LONG,-407.24,0.2614191324332088,8.578569376615915,62.160714285714285,False,False,0.311787072243346,0.9451385116784357,0.1665232358003442,0.3329712112982075,0.112267657992565,0.0146818923327895,3,0.3295269168026101,1.0169926027832652,-2.768087995654537,-2.8151548071700145,1.0148370450841946,1.6568134094674023,1.0,1.133623030961434,-0.0106652411594311,0.0009573267553932,0.0809932699002088,0.6809913597089586,1.0,2,0.0146818923327895,0.311787072243346,0.0009573267553932,-0.0106652411594311,-2.768087995654537,-2.8151548071700145,1.0148370450841946,3,0.3295269168026101
2024-08-09,2024,LONG,PM_LONG,-83.24,2.814498933901919,1.0106609808102345,58.625,True,False,-0.0736047948266344,0.566756920165085,0.0573503631354871,0.3396335532714702,0.0795805058605799,0.0603715170278637,5,0.3498452012383901,0.8428767134410804,-1.8082857969033397,-2.306942509397754,1.275841854840828,1.3115599429806255,0.996031746031746,1.0325701217107857,-0.0065858529528048,-0.0003879114210598,0.0915593705293276,0.3740080144574527,0.0,4,0.0603715170278637,-0.0736047948266344,-0.0003879114210598,-0.0065858529528048,-1.8082857969033397,-2.306942509397754,1.275841854840828,5,0.3498452012383901
2024-08-12,2024,LONG,PM_LONG,-285.24,0.0928792569659442,4.520123839009288,40.375,False,False,0.0697305863708399,0.3803486529318542,0.0066869300911854,0.4305335446381405,0.1261199172984148,0.3619631901840491,2,0.9374233128834356,0.8676238079716407,-1.3395139989434743,-2.0572847332276822,1.4944875858425792,1.2438996786193812,0.992063492063492,0.5715795034337031,-0.0099331373632619,-0.0031200039707475,0.170745428973277,0.4500407455114219,0.0,0,0.3619631901840491,0.0697305863708399,-0.0031200039707475,-0.0099331373632619,-1.3395139989434743,-2.0572847332276822,1.4944875858425792,2,0.9374233128834356
2024-08-13,2024,LONG,PM_LONG,309.76,4.079710144927536,0.5217391304347826,34.5,True,True,0.4271854926114885,0.4604932723571863,0.1583590648434054,0.2246953395543101,0.1160572337042925,0.5694117647058824,3,0.6258823529411764,0.6756534478778676,-1.1041528985698787,-2.044241190620953,1.4737132887467297,0.761775250648638,0.988095238095238,0.5107192894340321,-0.0073370892727389,-0.0026129043427092,0.1175836030204962,0.2931854199683043,0.0,1,0.5694117647058824,0.4271854926114885,-0.0026129043427092,-0.0073370892727389,-1.1041528985698787,-2.044241190620953,1.4737132887467297,3,0.6258823529411764
2024-08-14,2024,LONG,VWAP_LONG,-55.74,1.9569138276553104,3.2404809619238475,35.642857142857146,False,False,0.1767039307609087,0.326618927412292,0.0229612034837688,0.5110504353201794,0.5645161290322581,-0.8215725806451613,0,0.0252016129032258,0.8567802793473003,-0.0292875173870515,-1.1225387666786908,2.2777239709443067,0.7400964928983266,1.0,0.5610221008706404,-0.002848681819488,0.0058447190651169,0.3022794846382557,0.4351159163604642,0.0,2,-0.8215725806451613,0.1767039307609087,0.0058447190651169,-0.002848681819488,-0.0292875173870515,-1.1225387666786908,2.2777239709443067,0,0.0252016129032258
2024-08-15,2024,LONG,PM_LONG,78.76,2.6808510638297873,0.7827808015833746,36.089285714285715,True,True,0.6519716025419448,0.574330612353426,0.1801109688433632,0.3270493764790342,0.5583815028901734,0.865040650406504,0,0.9691056910569106,0.7111991871822004,0.0622989178122227,-1.187141375734532,2.291068627190303,0.5879037975764867,0.98015873015873,0.5918796032864474,-0.0067322612574121,-0.0047487720476437,0.091026468689477,0.5574158982020504,0.0,3,0.865040650406504,0.6519716025419448,-0.0047487720476437,-0.0067322612574121,0.0622989178122227,-1.187141375734532,2.291068627190303,0,0.9691056910569106
2024-08-21,2024,LONG,PM_LONG,-83.74,1.3368171021377673,4.269833729216152,37.589285714285715,False,False,0.0063677368002122,0.1703369594056779,0.0439306358381502,0.2159724064738657,0.2819807427785419,0.2899262899262899,1,0.5724815724815725,0.6972692848219862,1.824542318917488,0.3909153621650268,3.771674184133723,0.5653434166637633,0.9722222222222222,0.3857787211461926,-0.0031483348751452,-0.000643238073567,0.1297320289238621,0.1663080151961956,0.0,2,0.2899262899262899,0.0063677368002122,-0.000643238073567,-0.0031483348751452,1.824542318917488,0.3909153621650268,3.771674184133723,1,0.5724815724815725
2024-08-23,2024,LONG,PM_LONG,-407.24,0.025064267352185,4.352827763496144,59.84615384615385,False,False,0.2667953339199046,0.3808929128941617,0.1656327543424317,0.4467402719041807,0.4357762017336485,0.4917407878017789,3,0.7420584498094028,0.9706469599148728,1.368376238185795,-0.071887151250248,3.4794681122810975,0.3957432457288394,0.9523809523809524,1.0081457724292566,0.014920605912396,-0.0005869635509869,0.2494719549401549,0.7050866563336621,1.0,4,0.4917407878017789,0.2667953339199046,-0.0005869635509869,0.014920605912396,1.368376238185795,-0.071887151250248,3.4794681122810975,3,0.7420584498094028
2024-08-26,2024,SHORT,ORB_SHORT,10.260000000000002,2.8402154398563733,1.4913225613405146,29.839285714285715,True,True,-0.0344195232049654,0.2934123289603611,0.0354547456507377,0.5749753138665538,0.8941398865784499,-0.8155053974484789,1,0.0343473994111874,0.8455092900156441,1.6036394413880677,0.2368288898293137,3.724262942587105,0.4260674234260246,0.9523809523809524,0.7024968260685569,0.0108240727282442,0.0069348285126455,0.0406158747013538,0.5914909317968949,0.0,0,0.8155053974484789,0.0344195232049654,-0.0069348285126455,-0.0108240727282442,-1.6036394413880677,-0.2368288898293137,-3.724262942587105,-1,-0.0343473994111874
2024-08-26,2024,SHORT,ORB_SHORT,-103.24,1.6863863150392018,2.7141838916607273,25.053571428571427,False,False,-0.0344195232049654,0.2934123289603611,0.0354547456507377,0.5749753138665538,0.8941398865784499,-0.8155053974484789,1,0.0343473994111874,0.8455092900156441,1.6036394413880677,0.2368288898293137,3.724262942587105,0.4260674234260246,0.9523809523809524,0.7024968260685569,0.0108240727282442,0.0069348285126455,0.0406158747013538,0.5914909317968949,0.0,0,0.8155053974484789,0.0344195232049654,-0.0069348285126455,-0.0108240727282442,-1.6036394413880677,-0.2368288898293137,-3.724262942587105,-1,-0.0343473994111874
2024-08-28,2024,SHORT,ORB_SHORT,202.76,6.151309408341416,0.061105722599418,36.82142857142857,True,True,-0.0463606861381548,0.3013444598980065,0.0197815175671685,0.332637923041261,0.4290030211480362,-0.4756097560975609,2,0.3066202090592334,0.8048172247314778,1.210941121928608,-0.047334260547052,3.4227457116365287,0.4346683298454876,0.9365079365079364,0.5858831710709319,0.0071570951012741,0.0028127247876054,0.0033964095099466,0.1383265856950067,0.0,2,0.4756097560975609,0.0463606861381548,-0.0028127247876054,-0.0071570951012741,-1.210941121928608,0.047334260547052,-3.4227457116365287,-2,-0.3066202090592334
2024-08-28,2024,SHORT,ORB_SHORT,-506.24,0.7106598984771574,5.916243654822335,28.142857142857142,False,False,-0.0463606861381548,0.3013444598980065,0.0197815175671685,0.332637923041261,0.4290030211480362,-0.4756097560975609,2,0.3066202090592334,0.8048172247314778,1.210941121928608,-0.047334260547052,3.4227457116365287,0.4346683298454876,0.9365079365079364,0.5858831710709319,0.0071570951012741,0.0028127247876054,0.0033964095099466,0.1383265856950067,0.0,2,0.4756097560975609,0.0463606861381548,-0.0028127247876054,-0.0071570951012741,-1.210941121928608,0.047334260547052,-3.4227457116365287,-2,-0.3066202090592334
2024-08-29,2024,LONG,PM_LONG,34.26,1.8917999319496428,2.9397754338210276,73.475,False,True,0.1833488121273854,0.9047604781449414,0.1598644942732698,0.4967194942928188,0.0699638118214716,0.5802171290711701,6,0.6743063932448733,1.2388823253099512,0.7274334162197806,-0.56327631145331,2.95880044339255,0.5076217331232378,0.9325396825396826,0.9083555528925372,-0.0036335207147453,-0.003592197620303,0.1386822529224229,0.647890588780714,1.0,3,0.5802171290711701,0.1833488121273854,-0.003592197620303,-0.0036335207147453,0.7274334162197806,-0.56327631145331,2.95880044339255,6,0.6743063932448733
2024-09-03,2024,SHORT,ORB_SHORT,90.42,4.200427960057062,0.1576319543509272,53.92307692307692,True,True,-0.5022101704988671,0.7065116451840571,0.1426553672316384,0.7035399873704543,0.4973584905660377,-0.9324181626187962,2,0.0443505807814149,1.2094084976573136,1.1081683444151362,0.0335500167155778,4.178403476839639,0.6729009404292756,0.9087301587301588,0.2436759407154266,0.0020661934016065,0.0039128713654156,0.0336633663366336,0.0946838938751356,0.0,1,0.9324181626187962,0.5022101704988671,-0.0039128713654156,-0.0020661934016065,-1.1081683444151362,-0.0335500167155778,-4.178403476839639,-2,-0.0443505807814149
2024-09-03,2024,SHORT,ORB_SHORT,166.76,4.240337315530569,1.111735769501054,25.410714285714285,True,True,-0.5022101704988671,0.7065116451840571,0.1426553672316384,0.7035399873704543,0.4973584905660377,-0.9324181626187962,2,0.0443505807814149,1.2094084976573136,1.1081683444151362,0.0335500167155778,4.178403476839639,0.6729009404292756,0.9087301587301588,0.2436759407154266,0.0020661934016065,0.0039128713654156,0.0336633663366336,0.0946838938751356,0.0,1,0.9324181626187962,0.5022101704988671,-0.0039128713654156,-0.0020661934016065,-1.1081683444151362,-0.0335500167155778,-4.178403476839639,-2,-0.0443505807814149
2024-09-04,2024,LONG,PM_LONG,-61.74,1.151099685804056,1.930876892316481,67.32692307692308,False,False,-0.5109300696722823,0.5389464371290597,0.0539171105625568,0.5971909905260442,0.2964630225080386,0.7876543209876543,4,0.9950617283950616,1.2008855658839583,-0.7657315589633987,-1.670394809599292,2.3471854609798326,1.1668641086623597,0.9087301587301588,1.3352010911637853,-0.0019285653442804,-0.0032885156496318,0.2491068528743098,0.6730804947810259,1.0,2,0.7876543209876543,-0.5109300696722823,-0.0032885156496318,-0.0019285653442804,-0.7657315589633987,-1.670394809599292,2.3471854609798326,4,0.9950617283950616
2024-09-05,2024,LONG,PM_LONG,-407.24,0.3193033381712627,4.601959361393324,62.63636363636363,False,False,-0.1161136529662809,0.5544234687992617,0.0582945238477597,0.8166403937098696,0.5492558469170801,0.827683615819209,1,0.8342749529190208,1.150157485479183,-1.3183128916913331,-2.0706217078703566,2.0122534507285987,1.169473600970984,0.9007936507936508,0.8581644815256257,-0.0140022138806285,-0.0077914023192398,0.1304849884526558,0.3833818704611642,0.0,3,0.827683615819209,-0.1161136529662809,-0.0077914023192398,-0.0140022138806285,-1.3183128916913331,-2.0706217078703566,2.0122534507285987,1,0.8342749529190208
2024-09-11,2024,LONG,PM_LONG,96.26,3.191278493557978,1.4568880079286424,36.035714285714285,True,True,0.1915829145728643,0.7050879396984925,0.0456682337139019,0.941425879396985,0.7892074198988196,-0.969140950792327,0,0.018348623853211,1.341584150533628,-1.6268451633165808,-2.0335898241206,1.6267195351758743,1.1130627940248925,0.8888888888888888,0.8087311557788945,0.0013536893434251,0.0005967498465799,0.1217452498240675,0.4772943188295649,0.0,2,-0.969140950792327,0.1915829145728643,0.0005967498465799,0.0013536893434251,-1.6268451633165808,-2.0335898241206,1.6267195351758743,0,0.018348623853211
2024-09-12,2024,LONG,ORB_LONG,-36.239999999999995,3.3256187720990034,0.931533269045323,55.55357142857143,True,False,0.2930675394227908,0.3406724189229396,0.0219730941704035,0.5377863731032431,0.3204903677758319,0.5518672199170125,4,0.9626556016597512,1.1801980387192923,-0.6084498661112764,-0.9017703064564092,2.4440196370127976,1.206412241466332,0.9007936507936508,1.881136566498066,6.871663666863093e-05,-0.0031119393653475,0.4761698440207972,1.783134422110553,1.0,3,0.5518672199170125,0.2930675394227908,-0.0031119393653475,6.871663666863093e-05,-0.6084498661112764,-0.9017703064564092,2.4440196370127976,4,0.9626556016597512
2024-09-13,2024,LONG,PM_LONG,-23.24,1.6054254007398274,0.6732429099876696,43.44642857142857,False,False,-0.1246633320507887,0.253943824547903,0.0186588921282798,0.4101577529819161,0.0343392299687825,0.3470919324577861,1,0.4465290806754221,0.8247349003127443,0.2792612543285834,0.0132358599461308,3.364890342439402,1.3920313700418296,0.8849206349206349,0.917275875336668,0.0051324245132771,-0.0001092452893338,0.1859821703043344,0.3689378161261529,0.0,4,0.3470919324577861,-0.1246633320507887,-0.0001092452893338,0.0051324245132771,0.2792612543285834,0.0132358599461308,3.364890342439402,1,0.4465290806754221
2024-09-13,2024,LONG,PM_LONG,-112.74,0.6255585344057194,3.640750670241286,19.982142857142858,False,False,-0.1246633320507887,0.253943824547903,0.0186588921282798,0.4101577529819161,0.0343392299687825,0.3470919324577861,1,0.4465290806754221,0.8247349003127443,0.2792612543285834,0.0132358599461308,3.364890342439402,1.3920313700418296,0.8849206349206349,0.917275875336668,0.0051324245132771,-0.0001092452893338,0.1859821703043344,0.3689378161261529,0.0,4,0.3470919324577861,-0.1246633320507887,-0.0001092452893338,0.0051324245132771,0.2792612543285834,0.0132358599461308,3.364890342439402,1,0.4465290806754221
2024-09-17,2024,LONG,PM_LONG,-407.24,0.0631199278629395,6.627592425608657,39.607142857142854,False,False,0.4491587986167774,0.6162334382406652,0.1586419753086419,0.368341298519641,0.0304709141274238,-0.1497890295358649,4,0.5759493670886076,0.2376643129397967,0.248863503904884,0.0557019077592516,3.186358161401877,0.7592054606411764,0.876984126984127,0.5128802890779811,0.0052941645453133,0.0015256988531083,0.1158765989465763,0.3951531990429883,0.0,1,-0.1497890295358649,0.4491587986167774,0.0015256988531083,0.0052941645453133,0.248863503904884,0.0557019077592516,3.186358161401877,4,0.5759493670886076
2024-09-19,2024,LONG,PM_LONG,-32.739999999999995,1.3930802498798656,2.4363286881307067,40.01923076923077,False,False,1.033975640107093,1.2738036879218673,0.2757827702105077,0.5882574757720879,0.5545657015590201,0.4897435897435897,3,0.946153846153846,0.0986152511727912,0.5331649006372767,0.3831818696029275,3.153708661714245,0.600795708054125,0.8968253968253969,0.9464911949922696,-0.0078706059273899,-0.0037263591863123,0.008957654723127,0.6703183054353239,1.0,3,0.4897435897435897,1.033975640107093,-0.0037263591863123,-0.0078706059273899,0.5331649006372767,0.3831818696029275,3.153708661714245,3,0.946153846153846
2024-09-23,2024,LONG,ORB_LONG,-68.24000000000001,0.7873345935727788,2.05765595463138,37.785714285714285,False,False,0.6325087016729668,1.2492982521800966,0.1066887783305693,0.2649799767955387,0.1693851944792973,0.1129943502824858,5,0.6186440677966102,0.788976983971853,1.6696358396646602,1.5908978629439727,4.244249410531828,0.7375528393490763,0.8968253968253969,0.719338298589019,-0.0051831776603661,-0.000195038245746,0.0578054690204222,0.2941287378860439,0.0,0,0.1129943502824858,0.6325087016729668,-0.000195038245746,-0.0051831776603661,1.6696358396646602,1.5908978629439727,4.244249410531828,5,0.6186440677966102
2024-09-25,2024,LONG,PM_LONG,-137.24,0.2726711906230721,3.3843306600863663,31.173076923076923,False,False,-0.0265241938539653,0.3902845667083475,0.050314465408805,0.4077147512409533,0.3572593800978793,0.7453531598513011,0,0.7639405204460966,0.8711514392991239,2.42666060399379,2.5388958357015627,5.036444242355346,0.6237355803777964,0.8849206349206349,0.7964836497290744,-0.0090311037260188,-0.0048479485537635,0.3043478260869565,0.6621417797888386,1.0,2,0.7453531598513011,-0.0265241938539653,-0.0048479485537635,-0.0090311037260188,2.42666060399379,2.5388958357015627,5.036444242355346,0,0.7639405204460966
2024-09-30,2024,LONG,PM_LONG,-8.74,1.7286956521739132,4.666666666666667,30.803571428571427,False,False,-0.1921702533153339,0.5352179782418804,0.0032599837000814,0.433574207893274,0.143979057591623,0.1391941391941392,1,0.5164835164835165,0.8731567894856554,2.456166124037166,2.9214007782101152,5.378142618915276,0.4968742993707274,0.8333333333333334,0.6670372429127294,0.006218224813369,0.0005289517089426,0.1238317757009345,0.3353256229139176,0.0,0,0.1391941391941392,-0.1921702533153339,0.0005289517089426,0.006218224813369,2.456166124037166,2.9214007782101152,5.378142618915276,1,0.5164835164835165
2024-10-01,2024,SHORT,ORB_SHORT,-161.24,0.4302600472813239,4.534278959810875,52.875,False,False,0.3616245038688209,0.379264723569739,0.0107728337236533,1.2797177564847853,0.6275071633237822,-0.8803258145363408,0,0.0839598997493734,1.649448927914306,2.058092450787796,2.6041133785029875,5.050988253217333,0.4879851708575988,0.8293650793650794,0.662310066952652,0.0028020800435697,0.0067990749201874,0.0788231020704685,0.4462796791868498,0.0,1,0.8803258145363408,-0.3616245038688209,-0.0067990749201874,-0.0028020800435697,-2.058092450787796,-2.6041133785029875,-5.050988253217333,0,-0.0839598997493734
2024-10-01,2024,SHORT,ORB_SHORT,-251.24,0.905850445563735,3.628826036419992,46.089285714285715,False,False,0.3616245038688209,0.379264723569739,0.0107728337236533,1.2797177564847853,0.6275071633237822,-0.8803258145363408,0,0.0839598997493734,1.649448927914306,2.058092450787796,2.6041133785029875,5.050988253217333,0.4879851708575988,0.8293650793650794,0.662310066952652,0.0028020800435697,0.0067990749201874,0.0788231020704685,0.4462796791868498,0.0,1,0.8803258145363408,-0.3616245038688209,-0.0067990749201874,-0.0028020800435697,-2.058092450787796,-2.6041133785029875,-5.050988253217333,0,-0.0839598997493734
2024-10-08,2024,LONG,PM_LONG,26.76,2.167887323943662,1.2816901408450705,34.13461538461539,False,True,0.3679821167569427,0.7058722379846961,0.0608203677510608,0.4866305562720316,0.7108433734939759,0.7385159010600707,1,0.9770318021201412,0.9881440570871032,0.8425758748172987,2.11823574929069,4.6576648611469365,0.938828694525409,0.7857142857142857,0.7858309689622561,-0.0079994114826252,-0.0038555919336671,0.2766132346896835,0.6987184719614726,1.0,1,0.7385159010600707,0.3679821167569427,-0.0038555919336671,-0.0079994114826252,0.8425758748172987,2.11823574929069,4.6576648611469365,1,0.9770318021201412
2024-10-09,2024,LONG,PM_LONG,93.26,3.5867117117117115,1.0326576576576576,31.714285714285715,True,True,0.0357857964469816,0.3587100072423635,0.0008462623413258,0.3979039747795339,0.7049808429118773,0.588865096359743,3,0.9700214132762311,0.9548295310197652,1.4900950027691438,2.969232735483318,5.5020832445788805,1.1396237763274049,0.7896825396825397,0.7233843138925573,-0.0026663179041404,-0.001535971745699,0.1365853658536585,0.2544923050468575,0.0,2,0.588865096359743,0.0357857964469816,-0.001535971745699,-0.0026663179041404,1.4900950027691438,2.969232735483318,5.5020832445788805,3,0.9700214132762311
2024-10-09,2024,LONG,PM_LONG,29.26,2.625,3.6334745762711864,16.857142857142858,True,True,0.0357857964469816,0.3587100072423635,0.0008462623413258,0.3979039747795339,0.7049808429118773,0.588865096359743,3,0.9700214132762311,0.9548295310197652,1.4900950027691438,2.969232735483318,5.5020832445788805,1.1396237763274049,0.7896825396825397,0.7233843138925573,-0.0026663179041404,-0.001535971745699,0.1365853658536585,0.2544923050468575,0.0,2,0.588865096359743,0.0357857964469816,-0.001535971745699,-0.0026663179041404,1.4900950027691438,2.969232735483318,5.5020832445788805,3,0.9700214132762311
2024-10-10,2024,LONG,PM_LONG,-38.74,1.4107692307692308,4.447692307692307,23.214285714285715,False,False,-0.2237078940601697,0.521985086140396,0.10129525074726,0.3951315676694951,0.0187845303867403,0.175704989154013,2,0.6832971800433839,1.028815638682378,1.7512642495928663,3.4068226622096556,6.0013113911031075,1.181325274936402,0.7857142857142857,0.7636924659295449,0.0003265750479535,-0.0010375242335612,0.1447184737087017,0.3731947343756656,0.0,3,0.175704989154013,-0.2237078940601697,-0.0010375242335612,0.0003265750479535,1.7512642495928663,3.4068226622096556,6.0013113911031075,2,0.6832971800433839
2024-10-18,2024,LONG,ORB_LONG,-13.74,0.8972972972972973,2.637837837837838,23.125,False,False,0.1682989445659408,0.7178853285157364,0.0986651189785258,0.3432537795949415,0.2694610778443114,0.296398891966759,3,0.6620498614958449,0.9676688832803484,0.7628601312161291,2.9107159836455234,6.220552438908433,1.1133542335898408,0.6865079365079365,0.8015593800513454,-0.0033481280399547,-0.0024931849492854,0.0026207412953949,0.3267211201866978,0.0,4,0.296398891966759,0.1682989445659408,-0.0024931849492854,-0.0033481280399547,0.7628601312161291,2.9107159836455234,6.220552438908433,3,0.6620498614958449
2024-10-21,2024,SHORT,ORB_SHORT,-192.24,1.1661176470588237,2.846117647058824,37.94642857142857,False,False,-0.2492435509513308,0.7528591209805631,0.0919717010150722,0.5384891532899123,0.306547619047619,0.5161904761904762,0,0.5523809523809524,0.9633160636685376,0.9689214831529762,3.2493974049951277,6.907954254064315,1.2581935171153615,0.5476190476190477,0.4061746756243909,-0.0140969440198658,-0.0037827871503748,0.0035885167464114,0.1920699819340116,0.0,0,-0.5161904761904762,0.2492435509513308,0.0037827871503748,0.0140969440198658,-0.9689214831529762,-3.2493974049951277,-6.907954254064315,0,-0.5523809523809524
2024-10-22,2024,LONG,PM_LONG,10.260000000000002,3.3147982062780272,1.1551569506726458,19.910714285714285,True,True,-0.3276308968377397,0.7610160705028512,0.1172601496938081,0.6251944012441679,0.6288,0.6301824212271974,0,0.8557213930348259,1.0763525603868214,0.8640746500777544,3.1012130637636033,6.878849144634519,1.1954868580827918,0.5476190476190477,0.8678071539657853,-0.0078141766221936,-0.0042302862653971,0.0597826086956521,0.6174675624390994,1.0,1,0.6301824212271974,-0.3276308968377397,-0.0042302862653971,-0.0078141766221936,0.8640746500777544,3.1012130637636033,6.878849144634519,0,0.8557213930348259
2024-10-23,2024,SHORT,ORB_SHORT,384.26,6.6953367875647665,1.516062176165803,34.464285714285715,True,True,-0.4590027122887544,0.4955142916753599,0.0835913312693498,0.4871687878155643,0.0959752321981424,0.0513918629550321,5,0.8115631691648822,1.0552413046094595,1.0498122261631606,3.222532860421443,7.109357396202794,0.2282171192663235,0.5317460317460317,0.9732943876486544,-0.001010078174035,-0.0003787927378881,0.1262626262626262,0.432348367029549,0.0,2,-0.0513918629550321,0.4590027122887544,0.0003787927378881,0.001010078174035,-1.0498122261631606,-3.222532860421443,-7.109357396202794,-5,-0.8115631691648822
2024-10-24,2024,SHORT,ORB_SHORT,-233.24,0.3904382470119522,4.51792828685259,26.892857142857142,False,False,0.8405740505711218,0.6248169481597189,0.0981432360742705,0.3260763448208533,0.1412429378531073,-0.0988023952095808,7,0.8173652694610778,0.9899036816114996,-0.5263594650004825,1.4162257151225222,5.0775456409255035,1.119273377581237,0.6507936507936508,1.4985843991018255,0.0009860671356014,0.0001061698882054,0.3248670998227997,1.509493010640517,1.0,3,0.0988023952095808,-0.8405740505711218,-0.0001061698882054,-0.0009860671356014,0.5263594650004825,-1.4162257151225222,-5.0775456409255035,-7,-0.8173652694610778
2024-10-25,2024,LONG,PM_LONG,-57.24,0.4333683105981112,5.942287513116474,34.035714285714285,False,False,0.4264222377204343,0.5918103018830327,0.1503939705378554,0.8667928663943409,0.7664596273291926,0.9149425287356322,0,0.9195402298850576,1.0200836137018583,0.3603666434193455,2.242283550861813,6.01699711069044,1.2869175444135232,0.6190476190476191,0.5260536016738069,-0.0072178151079282,-0.0050693319716463,0.0278279725334297,0.4051547398223177,0.0,4,0.9149425287356322,0.4264222377204343,-0.0050693319716463,-0.0072178151079282,0.3603666434193455,2.242283550861813,6.01699711069044,0,0.9195402298850576
2024-10-28,2024,SHORT,MOM_SHORT,37.76,1.8267898383371823,0.3799076212471132,30.928571428571427,False,True,0.4569368667186281,0.6030787217459079,0.0359746061603573,0.3858144972720186,0.0974842767295597,-0.5454545454545454,4,0.4368686868686868,0.8721487102413459,0.7833203429462198,2.603546375681994,6.298178098207323,1.3221654669587974,0.6626984126984127,0.9645362431800468,0.0095365575102743,0.0014701420894922,0.2171428571428571,0.9166085483710272,1.0,0,0.5454545454545454,-0.4569368667186281,-0.0014701420894922,-0.0095365575102743,-0.7833203429462198,-2.603546375681994,-6.298178098207323,-4,-0.4368686868686868
2024-10-28,2024,SHORT,ORB_SHORT,-23.74,0.3777596075224856,2.2436631234668845,21.839285714285715,False,False,0.4569368667186281,0.6030787217459079,0.0359746061603573,0.3858144972720186,0.0974842767295597,-0.5454545454545454,4,0.4368686868686868,0.8721487102413459,0.7833203429462198,2.603546375681994,6.298178098207323,1.3221654669587974,0.6626984126984127,0.9645362431800468,0.0095365575102743,0.0014701420894922,0.2171428571428571,0.9166085483710272,1.0,0,0.5454545454545454,-0.4569368667186281,-0.0014701420894922,-0.0095365575102743,-0.7833203429462198,-2.603546375681994,-6.298178098207323,-4,-0.4368686868686868
2024-10-29,2024,LONG,PM_LONG,48.76,2.00145878920496,0.5922684172137126,24.482142857142858,False,True,-0.0425847982173805,0.4119831641495419,0.0007315288953913,0.6773953948997277,0.4714038128249567,0.3947368421052631,3,0.8567251461988304,1.106677036585494,0.7749442931418667,2.6285912354543215,6.385303292894278,1.3374152587856067,0.626984126984127,0.4882396632829908,-0.0022636727633964,-0.0010694543211113,0.1357340720221606,0.2630553390491036,0.0,1,0.3947368421052631,-0.0425847982173805,-0.0010694543211113,-0.0022636727633964,0.7749442931418667,2.6285912354543215,6.385303292894278,3,0.8567251461988304
2024-10-30,2024,SHORT,MOM_SHORT,-37.739999999999995,2.4996900185988844,1.935523868567886,28.803571428571427,False,False,-0.2332242225859247,0.613747954173486,0.0669434353918007,0.6403436988543372,0.3151927437641723,0.1613418530351437,1,0.9201277955271564,1.0450215631251292,1.4666530278232437,3.443187397708672,7.321204991816701,1.4084908867667565,0.5595238095238095,1.1763502454991817,0.0111313222203888,0.0013775515232952,0.3382084095063985,0.5585540975488983,0.0,2,-0.1613418530351437,0.2332242225859247,-0.0013775515232952,-0.0111313222203888,-1.4666530278232437,-3.443187397708672,-7.321204991816701,-1,-0.9201277955271564
2024-10-30,2024,SHORT,VWAP_SHORT,34.26,2.1994355597365947,1.211665098777046,18.982142857142858,False,True,-0.2332242225859247,0.613747954173486,0.0669434353918007,0.6403436988543372,0.3151927437641723,0.1613418530351437,1,0.9201277955271564,1.0450215631251292,1.4666530278232437,3.443187397708672,7.321204991816701,1.4084908867667565,0.5595238095238095,1.1763502454991817,0.0111313222203888,0.0013775515232952,0.3382084095063985,0.5585540975488983,0.0,2,-0.1613418530351437,0.2332242225859247,-0.0013775515232952,-0.0111313222203888,-1.4666530278232437,-3.443187397708672,-7.321204991816701,-1,-0.9201277955271564
2024-10-31,2024,SHORT,ORB_SHORT,140.76,3.262056414922657,0.2229299363057324,54.95,True,True,-0.9609484686183766,0.8715095418854975,0.0858536585365853,1.039987520149758,0.571825764596849,-0.948,0,0.039,1.3157289947835105,0.866777598668813,2.9301024387707373,6.863257240913115,0.793758334665447,0.5515873015873016,0.6510321876137487,0.0062438263881975,0.0054380373624813,0.1390520955738347,0.5268003273322422,0.0,3,0.948,0.9609484686183766,-0.0054380373624813,-0.0062438263881975,-0.866777598668813,-2.9301024387707373,-6.863257240913115,0,-0.039
2024-11-05,2024,LONG,PM_LONG,102.26,2.3296237413884473,0.5861155272919979,33.69642857142857,False,True,0.1411439569658984,0.5112767112471006,0.0325006715014773,0.7007846814390761,0.2948255114320096,0.6690140845070423,0,0.6985915492957746,0.9862108106403776,-1.134777673592259,0.7967428317623266,4.460134234812223,1.3269856907173831,0.6349206349206349,0.8429156590830578,0.002205252286628,0.0004953292323444,0.0761115297663903,0.6180189932588692,1.0,1,0.6690140845070423,0.1411439569658984,0.0004953292323444,0.002205252286628,-1.134777673592259,0.7967428317623266,4.460134234812223,0,0.6985915492957746
2024-11-06,2024,LONG,PM_LONG,-14.74,2.0979068197164077,1.8784604996623904,56.96153846153846,False,False,1.4304859284260685,1.6200923214374348,0.1633651259476644,0.7087903906288777,0.2194777699364855,0.6414565826330533,2,0.8725490196078431,1.4145304984217404,-0.3257556956370617,1.57006005856952,5.258529805926433,1.3745095262277658,0.6150793650793651,0.8974040800119124,-0.0100801755007978,-0.0068404125269749,0.0692810457516339,0.402704436657948,0.0,2,0.6414565826330533,1.4304859284260685,-0.0068404125269749,-0.0100801755007978,-0.3257556956370617,1.57006005856952,5.258529805926433,2,0.8725490196078431
2024-11-07,2024,LONG,PM_LONG,81.76,3.2837209302325583,1.013953488372093,26.875,True,True,0.3439190126196089,0.5907641103869088,0.0902474526928675,0.4650302778162991,0.4401544401544401,0.7216699801192843,0,0.7415506958250497,0.7928260596497688,1.7835713955530874,3.5456755882216915,7.013225165256779,1.6842676052629282,0.7222222222222222,1.0178893357370682,-0.0004051074127224,-0.002312446645992,0.2814538676607642,0.474512334342582,0.0,3,0.7216699801192843,0.3439190126196089,-0.002312446645992,-0.0004051074127224,1.7835713955530874,3.5456755882216915,7.013225165256779,0,0.7415506958250497
2024-11-11,2024,SHORT,ORB_SHORT,-75.24,1.6375,3.425,20.0,False,False,0.1952874300907673,0.36123590354818,0.0130494505494505,0.503346474740992,0.2838196286472148,-0.482695810564663,1,0.4462659380692167,0.9741051932431573,2.639405886128177,4.405867791326667,7.982227010176947,1.086070891992184,0.7182539682539683,0.3850738058127808,0.0061090735452069,0.0021198009488665,0.0994300189993666,0.2234283129805518,0.0,0,0.482695810564663,-0.1952874300907673,-0.0021198009488665,-0.0061090735452069,-2.639405886128177,-4.405867791326667,-7.982227010176947,-1,-0.4462659380692167
2024-11-12,2024,SHORT,ORB_SHORT,-227.74,0.3520710059171598,5.788461538461538,24.142857142857142,False,False,0.0714973188505431,0.4409001329116824,0.0098486668268075,0.2685732618360145,0.11620294599018,0.1843003412969283,6,0.6689419795221843,0.9645071314390726,2.408222191667812,4.1550025207388,7.787717127274389,1.0340462580435454,0.7182539682539683,0.712223291626564,0.0010911847460772,-0.0015069317877353,0.0946502057613168,0.4336664527367745,0.0,1,-0.1843003412969283,-0.0714973188505431,0.0015069317877353,-0.0010911847460772,-2.408222191667812,-4.1550025207388,-7.787717127274389,-6,-0.6689419795221843
2024-11-13,2024,SHORT,ORB_SHORT,-160.74,0.695364238410596,4.145695364238411,37.75,False,False,-0.0865019011406844,0.5408745247148289,0.0005571030640668,0.4838403041825095,0.1910377358490566,-0.2337917485265226,4,0.5618860510805501,1.0775431700421454,2.2748574144486637,4.140798479087448,7.950793726235742,1.1889373757051591,0.6706349206349206,0.7509505703422054,0.0029347106378828,0.0008242557763687,0.0547112462006079,0.6352261790182868,1.0,2,0.2337917485265226,0.0865019011406844,-0.0008242557763687,-0.0029347106378828,-2.2748574144486637,-4.140798479087448,-7.950793726235742,-4,-0.5618860510805501
2024-11-14,2024,SHORT,OPEN_SHORT,49.26,3.0399579390115665,1.4721345951629865,33.964285714285715,True,True,-0.1944496885029261,0.3832357938455729,0.0136761487964989,0.5068906928450065,0.2807775377969762,-0.3016759776536313,1,0.4227188081936685,1.130464789571225,2.130781574476124,3.978761563148957,7.852690202001131,0.6321227336642508,0.6825396825396826,0.7976212950726825,-0.0057434415841124,0.0002951457574407,0.1186702744491689,0.5313688212927756,0.0,3,0.3016759776536313,0.1944496885029261,-0.0002951457574407,0.0057434415841124,-2.130781574476124,-3.978761563148957,-7.852690202001131,-1,-0.4227188081936685
2024-11-14,2024,SHORT,ORB_SHORT,48.26,1.6592592592592592,2.6237037037037036,24.107142857142858,False,True,-0.1944496885029261,0.3832357938455729,0.0136761487964989,0.5068906928450065,0.2807775377969762,-0.3016759776536313,1,0.4227188081936685,1.130464789571225,2.130781574476124,3.978761563148957,7.852690202001131,0.6321227336642508,0.6825396825396826,0.7976212950726825,-0.0057434415841124,0.0002951457574407,0.1186702744491689,0.5313688212927756,0.0,3,0.3016759776536313,0.1944496885029261,-0.0002951457574407,0.0057434415841124,-2.130781574476124,-3.978761563148957,-7.852690202001131,-1,-0.4227188081936685
2024-11-15,2024,SHORT,ORB_SHORT,112.76,4.407565588773642,0.1537522879804759,29.267857142857142,True,True,-0.9124035776820784,0.8669726941460414,0.1963205035100459,0.7250011830959254,0.5910064239828694,-0.8524804177545692,2,0.0665796344647519,1.226838470997509,1.309734513274339,3.1149306705787723,7.095092518101374,0.3285567485859278,0.6785714285714286,0.7089110785102456,-0.0045113576417626,0.0029373102406271,0.151166723030098,0.4143855012271096,0.0,4,0.8524804177545692,0.9124035776820784,-0.0029373102406271,0.0045113576417626,-1.309734513274339,-3.1149306705787723,-7.095092518101374,-2,-0.0665796344647519
2024-11-18,2024,LONG,PM_LONG,-64.24000000000001,0.9737283398546674,2.9211850195640023,34.40384615384615,False,False,0.2861230329041488,0.6294706723891274,0.0281035627351183,0.6632852126414359,0.5891402714932127,0.7006535947712418,3,0.996078431372549,0.9639599489984668,-0.6185459747691457,0.927888325313212,4.630441756622018,0.8151875180798087,0.7619047619047619,1.2788832531321803,-0.0024667367269812,-0.0034677426750051,0.1759787153173698,0.7193223226539208,1.0,0,0.7006535947712418,0.2861230329041488,-0.0034677426750051,-0.0024667367269812,-0.6185459747691457,0.927888325313212,4.630441756622018,3,0.996078431372549
2024-11-19,2024,LONG,PM_LONG,100.76,5.93239901071723,0.9810387469084914,21.660714285714285,True,True,-0.4072320275505811,1.0839431769263883,0.0666024715134007,0.3874300473525613,0.465954606141522,0.8066666666666666,5,0.9311111111111112,0.9287406716578424,-0.0706844597503278,1.3448816185966437,5.117206198880753,0.9577636271776409,0.7738095238095238,0.7714162720619888,0.0044753343866055,-0.0008954211999054,0.0594643667725828,0.3485498764468722,0.0,1,0.8066666666666666,-0.4072320275505811,-0.0008954211999054,0.0044753343866055,-0.0706844597503278,1.3448816185966437,5.117206198880753,5,0.9311111111111112
2024-11-19,2024,LONG,PM_LONG,-15.74,2.399164054336468,2.4723092998955067,17.089285714285715,False,False,-0.4072320275505811,1.0839431769263883,0.0666024715134007,0.3874300473525613,0.465954606141522,0.8066666666666666,5,0.9311111111111112,0.9287406716578424,-0.0706844597503278,1.3448816185966437,5.117206198880753,0.9577636271776409,0.7738095238095238,0.7714162720619888,0.0044753343866055,-0.0008954211999054,0.0594643667725828,0.3485498764468722,0.0,1,0.8066666666666666,-0.4072320275505811,-0.0008954211999054,0.0044753343866055,-0.0706844597503278,1.3448816185966437,5.117206198880753,5,0.9311111111111112
2024-11-27,2024,SHORT,ORB_SHORT,68.26,2.2169042769857437,2.2026476578411405,35.07142857142857,False,True,-0.0270128964796096,0.3999651446497038,0.0555718906204057,0.6073544789125132,0.6170212765957447,-0.951219512195122,0,0.0286944045911047,0.9658748844133443,0.6409027535726735,1.733670268386195,5.929430986406419,0.5879648928706546,0.7380952380952381,0.4226211223422795,0.0042360595107756,0.0059278303915604,0.0428441203281677,0.1660319226325473,0.0,2,0.951219512195122,0.0270128964796096,-0.0059278303915604,-0.0042360595107756,-0.6409027535726735,-1.733670268386195,-5.929430986406419,0,-0.0286944045911047
2024-11-29,2024,LONG,PM_LONG,-4.24,1.1839080459770115,1.103448275862069,21.75,False,False,-0.2173302107728337,0.4711943793911007,0.0522133938706015,0.6295081967213115,0.6129729729729729,0.7991071428571429,1,0.9523809523809524,0.6998137091316031,0.2928805620608845,1.4494051522248292,6.05736299765808,0.4289377388252217,0.6507936507936508,0.1339578454332552,-0.0084461193460805,-0.0029155461138521,0.0130548302872062,0.0574490889603429,0.0,4,0.7991071428571429,-0.2173302107728337,-0.0029155461138521,-0.0084461193460805,0.2928805620608845,1.4494051522248292,6.05736299765808,1,0.9523809523809524
2024-12-02,2024,LONG,PM_LONG,104.26,2.0640569395017794,1.309608540925267,35.125,False,True,0.1926782273603083,0.4022745429766436,0.0714985308521057,0.6522862916490436,0.4170854271356783,0.8861671469740634,0,0.9798270893371758,1.0112220271669317,0.5289252314488463,1.7530335072136842,6.400841204943844,0.4289422160672427,0.6468253968253969,0.7979698294092767,-0.0102496545794272,-0.006563397749234,0.1121951219512195,0.1957845433255269,0.0,0,0.8861671469740634,0.1926782273603083,-0.006563397749234,-0.0102496545794272,0.5289252314488463,1.7530335072136842,6.400841204943844,0,0.9798270893371758
2024-12-04,2024,LONG,PM_LONG,-17.240000000000002,1.5688135593220338,1.3484745762711865,28.365384615384617,False,False,0.6319702602230484,0.576684777428272,0.1800927878532265,0.3412448765608617,0.4767641996557659,0.6620111731843575,1,0.994413407821229,0.9127132816348936,1.1430273567819982,2.599389953293303,7.342598417691351,0.5772439820713265,0.6071428571428571,0.4870841673815652,-0.0009941189335664,-0.0022729436873067,0.102550189907759,0.2567800158161604,0.0,2,0.6620111731843575,0.6319702602230484,-0.0022729436873067,-0.0009941189335664,1.1430273567819982,2.599389953293303,7.342598417691351,1,0.994413407821229
2024-12-04,2024,LONG,PM_LONG,60.760000000000005,2.964234620886981,1.7224606580829755,12.482142857142858,True,True,0.6319702602230484,0.576684777428272,0.1800927878532265,0.3412448765608617,0.4767641996557659,0.6620111731843575,1,0.994413407821229,0.9127132816348936,1.1430273567819982,2.599389953293303,7.342598417691351,0.5772439820713265,0.6071428571428571,0.4870841673815652,-0.0009941189335664,-0.0022729436873067,0.102550189907759,0.2567800158161604,0.0,2,0.6620111731843575,0.6319702602230484,-0.0022729436873067,-0.0009941189335664,1.1430273567819982,2.599389953293303,7.342598417691351,1,0.994413407821229
2024-12-05,2024,SHORT,ORB_SHORT,-54.74,1.2845117845117844,3.146464646464646,21.214285714285715,False,False,0.0670629477213839,0.1991566326271401,0.0505149583128984,0.2204948432657623,0.1784946236559139,-0.2857142857142857,5,0.4055299539170507,0.8075249129286406,2.1785805009399004,3.7452624091855857,8.840192043895744,0.5281629578326865,0.4722222222222222,0.5426002133821064,-0.0057884674775348,-0.0001000899541391,0.1485870556061987,0.1696692403012105,0.0,3,0.2857142857142857,-0.0670629477213839,0.0001000899541391,0.0057884674775348,-2.1785805009399004,-3.7452624091855857,-8.840192043895744,-5,-0.4055299539170507
2024-12-05,2024,SHORT,ORB_SHORT,-9.74,1.07311320754717,2.2617924528301887,15.142857142857142,False,False,0.0670629477213839,0.1991566326271401,0.0505149583128984,0.2204948432657623,0.1784946236559139,-0.2857142857142857,5,0.4055299539170507,0.8075249129286406,2.1785805009399004,3.7452624091855857,8.840192043895744,0.5281629578326865,0.4722222222222222,0.5426002133821064,-0.0057884674775348,-0.0001000899541391,0.1485870556061987,0.1696692403012105,0.0,3,0.2857142857142857,-0.0670629477213839,0.0001000899541391,0.0057884674775348,-2.1785805009399004,-3.7452624091855857,-8.840192043895744,-5,-0.4055299539170507
2024-12-06,2024,LONG,PM_LONG,-44.24,1.1501014198782962,2.1156186612576064,17.607142857142858,False,False,-0.0085310583844308,0.4521460943748334,0.0667634252539912,0.6846174353505732,0.5810616929698709,0.8161993769470405,0,0.8535825545171339,0.8724732786996416,2.121727539322841,3.7235083977605985,9.0928179152226,0.6967372101174413,0.4007936507936508,0.4009597440682484,-0.0093611172198574,-0.0040445452749475,0.0517241379310344,0.1950922115531169,0.0,4,0.8161993769470405,-0.0085310583844308,-0.0040445452749475,-0.0093611172198574,2.121727539322841,3.7235083977605985,9.0928179152226,0,0.8535825545171339
2024-12-09,2024,SHORT,ORB_SHORT,75.12,3.0337477797513324,1.2930728241563056,30.160714285714285,True,True,-0.1205893147381114,0.505426519163215,0.0349699752737548,0.4362187385309076,0.2624584717607973,-0.6201923076923077,2,0.0528846153846153,0.9200925747213976,2.631783148954022,4.175934567189225,9.497656372883135,0.6876411956221592,0.4285714285714285,0.7738688197976197,-0.000517938725442,0.0006054299380169,0.0199335548172757,0.2100773127166089,0.0,0,0.6201923076923077,0.1205893147381114,-0.0006054299380169,0.000517938725442,-2.631783148954022,-4.175934567189225,-9.497656372883135,-2,-0.0528846153846153
2024-12-10,2024,LONG,PM_LONG,-385.74,0.1403174603174603,6.520634920634921,30.28846153846154,False,False,0.3290848307563727,0.3771416631842875,0.1024096385542168,0.4241537818637693,0.2108229988726042,0.3990147783251231,2,0.6699507389162561,1.1397869001981429,1.7749686585875468,3.257626410363557,8.597701629753448,0.9110270391602197,0.4285714285714285,0.885917258671124,-0.0033413800250517,-0.0015514615793563,0.1374538745387453,0.476065642531327,0.0,1,0.3990147783251231,0.3290848307563727,-0.0015514615793563,-0.0033413800250517,1.7749686585875468,3.257626410363557,8.597701629753448,2,0.6699507389162561
2024-12-11,2024,LONG,PM_LONG,28.76,2.015525758645025,0.8595624558927312,25.303571428571427,False,True,0.8558979147214442,0.7666770411868451,0.2309360318033971,0.6774561676522461,0.5599078341013825,0.8422664624808576,0,0.9479326186830016,1.1324822240443773,1.430127606598195,2.8325552443199533,8.17521008403362,0.949062749097889,0.4563492063492063,0.9586056644880174,-0.0124745344661134,-0.0046815115209359,0.3146853146853147,0.8253238612620142,1.0,2,0.8422664624808576,0.8558979147214442,-0.0046815115209359,-0.0124745344661134,1.430127606598195,2.8325552443199533,8.17521008403362,0,0.9479326186830016
2024-12-16,2024,LONG,PM_LONG,118.76,3.950837988826816,0.9005586592178771,34.42307692307692,True,True,0.4179136383069687,0.6487815305686191,0.1665086887835703,0.5215904232578025,0.4661654135338345,0.9528688524590164,2,0.9815573770491804,0.5853493054123118,2.70104745617786,4.264258230012826,9.982578024796918,1.5626075517715563,0.373015873015873,1.0314236853356136,0.0021034844693244,-0.003743910566563,0.0090391697355205,0.5741579183043932,0.0,0,0.9528688524590164,0.4179136383069687,-0.003743910566563,0.0021034844693244,2.70104745617786,4.264258230012826,9.982578024796918,2,0.9815573770491804
2024-12-23,2024,LONG,PM_LONG,81.76,2.7822698490014615,0.8865075499269363,36.660714285714285,True,True,1.7056382224921551,4.031784593582347,0.1191135734072022,0.8077740662010325,0.2815829528158295,-0.3421052631578947,3,0.3759398496240601,1.4683264012602193,-0.6963255390221623,1.1264095556230376,6.714009515133115,1.4765189156963845,0.4761904761904761,1.0375544083409252,-0.0018362422141521,0.000573037133506,0.0302502720348204,0.5766803009645003,0.0,0,-0.3421052631578947,1.7056382224921551,0.000573037133506,-0.0018362422141521,-0.6963255390221623,1.1264095556230376,6.714009515133115,3,0.3759398496240601
2024-12-24,2024,LONG,PM_LONG,297.76,4.261437908496732,1.411764705882353,19.125,True,True,0.435634328358209,0.5167910447761194,0.0937038131835648,0.5298507462686567,0.6626865671641791,0.7711267605633803,0,0.9595070422535212,0.755173047951122,1.0968750000000054,2.853563432835825,8.024169776119406,1.7200143941684556,0.6507936507936508,1.123134328358209,-0.0027206970729523,-0.0007594039046459,0.1881638846737481,0.9150723757465332,1.0,1,0.7711267605633803,0.435634328358209,-0.0007594039046459,-0.0027206970729523,1.0968750000000054,2.853563432835825,8.024169776119406,0,0.9595070422535212
2024-12-26,2024,LONG,PM_LONG,-52.24,1.9193548387096775,2.6870967741935483,22.142857142857142,False,False,-0.3138888888888889,0.8027777777777778,0.0905940594059405,0.5111111111111111,0.0383673469387755,0.2391304347826087,4,0.8985507246376812,0.9795031149253396,2.114768518518516,3.9763888888888888,9.142777777777775,1.666172920060933,0.6666666666666666,0.9296296296296296,0.004978851879678,-0.0004745422555023,0.3413173652694611,0.4281716417910448,0.0,3,0.2391304347826087,-0.3138888888888889,-0.0004745422555023,0.004978851879678,2.114768518518516,3.9763888888888888,9.142777777777775,4,0.8985507246376812
2024-12-26,2024,LONG,PM_LONG,52.76,1.246928746928747,0.9975429975429976,29.071428571428573,False,True,-0.3138888888888889,0.8027777777777778,0.0905940594059405,0.5111111111111111,0.0383673469387755,0.2391304347826087,4,0.8985507246376812,0.9795031149253396,2.114768518518516,3.9763888888888888,9.142777777777775,1.666172920060933,0.6666666666666666,0.9296296296296296,0.004978851879678,-0.0004745422555023,0.3413173652694611,0.4281716417910448,0.0,3,0.2391304347826087,-0.3138888888888889,-0.0004745422555023,0.004978851879678,2.114768518518516,3.9763888888888888,9.142777777777775,4,0.8985507246376812
2025-01-15,2025,LONG,PM_LONG,-57.24,1.212514307516215,2.900419687142312,46.80357142857143,False,False,1.2629716579905417,1.1438875846347525,0.2721357192656286,0.6042666122282332,0.437204910292729,0.5765765765765766,0,0.8727477477477478,1.021518346804524,-1.9752645367629549,-1.085910652920964,2.810816236262798,0.3981629111918763,0.9087301587301588,0.969004116906536,-0.008162910036835,-0.0027955980100955,0.1534221405604042,0.5928321207221773,0.0,2,0.5765765765765766,1.2629716579905417,-0.0027955980100955,-0.008162910036835,-1.9752645367629549,-1.085910652920964,2.810816236262798,0,0.8727477477477478
2025-01-22,2025,LONG,PM_LONG,1.7599999999999998,1.7003636363636363,1.883636363636364,24.553571428571427,False,True,0.5082523782312011,0.4450569767050993,0.1683765841882921,0.3616928300110928,0.5650319829424307,0.8364312267657993,0,0.9237918215613384,0.8305393572238963,0.7451679048035189,1.1146458704494242,5.076264748394905,0.9819492708803848,0.8968253968253969,0.6628794245184711,-0.0071960331285284,-0.0037847801887809,0.1947931194793119,0.389278670503411,0.0,2,0.8364312267657993,0.5082523782312011,-0.0037847801887809,-0.0071960331285284,0.7451679048035189,1.1146458704494242,5.076264748394905,0,0.9237918215613384
2025-01-23,2025,LONG,PM_LONG,-3.24,0.8970482361411087,2.4895608351331897,24.803571428571427,False,False,-0.3650200356938411,0.3488567868808297,0.1074960127591706,0.156244738525777,0.1675874769797421,0.5431034482758621,4,0.9396551724137931,0.6351377386359487,1.4412903660302427,1.8802572650436031,5.840216183452875,0.5145920086955436,0.8928571428571429,0.5158770246152811,0.0006465173607597,-0.0008256824081103,0.0235101148168398,0.1808464150055464,0.0,3,0.5431034482758621,-0.3650200356938411,-0.0008256824081103,0.0006465173607597,1.4412903660302427,1.8802572650436031,5.840216183452875,4,0.9396551724137931
2025-01-28,2025,LONG,PM_LONG,4.26,2.660614525139665,1.340782122905028,59.666666666666664,True,True,0.3848852360428987,0.5485951020680899,0.0092896955838216,0.8566369316093683,0.3519200420831141,0.3868954758190328,1,0.8291731669266771,1.1248460061348162,-0.781397213591256,-0.5243125856135803,3.343466639938521,1.2419516106210793,0.8968253968253969,0.8586415422137583,-0.0045160546155145,-0.003633542010724,0.1868309432437891,0.8865530989488946,1.0,1,0.3868954758190328,0.3848852360428987,-0.003633542010724,-0.0045160546155145,-0.781397213591256,-0.5243125856135803,3.343466639938521,1,0.8291731669266771
2025-01-29,2025,SHORT,ORB_SHORT,-262.24,0.2375658279695728,6.373317729666471,30.517857142857142,False,False,-0.0121322414316044,0.4482189195564992,0.0497089117778772,0.3390287466720587,0.1138613861386138,-0.6759443339960238,4,0.272365805168986,0.8476794932541959,0.4181579213426307,0.6505038250261148,4.52391062582145,1.458186401201632,0.8809523809523809,1.2543389613453306,0.0072002170188947,0.0029906334177791,0.237956204379562,0.5332264207677658,0.0,2,0.6759443339960238,0.0121322414316044,-0.0029906334177791,-0.0072002170188947,-0.4181579213426307,-0.6505038250261148,-4.52391062582145,-4,-0.272365805168986
2025-01-31,2025,LONG,PM_LONG,0.2599999999999998,1.5326035221323178,9.388862446454068,37.517857142857146,False,True,0.2660142655318562,0.422452706660694,0.058560794044665,0.4624237621033045,0.6609195402298851,0.9150521609538004,2,0.9761549925484352,0.7564341825441604,0.5698632025085243,0.7731366941180529,4.72340374211778,1.4282219848193811,0.8650793650793651,0.908996933255229,-0.0037272088675297,-0.0037013059220714,0.1184014315538323,0.3933434190620272,0.0,4,0.9150521609538004,0.2660142655318562,-0.0037013059220714,-0.0037272088675297,0.5698632025085243,0.7731366941180529,4.72340374211778,2,0.9761549925484352
2025-02-03,2025,LONG,PM_LONG,83.22,1.8753894080996885,0.4922118380062305,80.25,False,True,-0.9799770968525524,0.9438872887531666,0.0947963800904977,0.7509456223756811,0.2272907576358588,0.5693160813308688,2,0.9473197781885396,1.2750692037207911,0.2148037616684596,0.4237776312593301,4.397959537772845,1.425955079305703,0.8611111111111112,1.1375229899017942,0.0078028736223878,-0.0003937594214404,0.390101117615753,1.0247751628131354,1.0,0,0.5693160813308688,-0.9799770968525524,-0.0003937594214404,0.0078028736223878,0.2148037616684596,0.4237776312593301,4.397959537772845,2,0.9473197781885396
2025-02-04,2025,LONG,PM_LONG,77.36,3.253399258343634,0.0086526576019777,28.892857142857142,True,True,-0.1231637251866377,0.988750129012282,0.094770206022187,0.711459730966388,0.7330791229742613,0.8607350096711799,0,0.925531914893617,0.7873937005910372,-0.0595864726321985,0.0997282141259864,4.02057659889221,0.8413237638360024,0.8650793650793651,1.1194825747411157,-0.0029239531798217,-0.0055721631137992,0.1039716670882873,0.4178089322275046,0.0,1,0.8607350096711799,-0.1231637251866377,-0.0055721631137992,-0.0029239531798217,-0.0595864726321985,0.0997282141259864,4.02057659889221,0,0.925531914893617
2025-02-05,2025,LONG,PM_LONG,-21.74,1.288393903868699,1.0339976553341148,30.464285714285715,False,False,-0.2866884698350845,0.5441514160462042,0.0274877477093543,0.3006053858464964,0.1333333333333333,0.261574074074074,6,0.7199074074074074,0.8483503329260081,0.4655556328717576,0.5634263447220076,4.5274719922065225,0.5178272531971917,0.8531746031746031,0.8064852828613179,7.42870002135021e-05,-0.0016000828529756,0.0205894226887363,0.2587126294423229,0.0,2,0.261574074074074,-0.2866884698350845,-0.0016000828529756,7.42870002135021e-05,0.4655556328717576,0.5634263447220076,4.5274719922065225,6,0.7199074074074074
2025-02-06,2025,LONG,PM_LONG,-67.74000000000001,1.128523111612176,2.6820744081172494,34.11538461538461,False,False,0.1719690455717971,0.3640011464603038,0.0275674038170251,0.3195758096875896,0.2251023192360163,0.2376681614349775,4,0.5852017937219731,0.7731848809228495,0.6107050730868465,0.712883347664083,4.784855975924331,0.4982408738073443,0.8373015873015873,0.6907423330467183,-0.0061858382640268,-0.0027323559709145,0.2476426799007444,0.4543873077725976,0.0,3,0.2376681614349775,0.1719690455717971,-0.0027323559709145,-0.0061858382640268,0.6107050730868465,0.712883347664083,4.784855975924331,4,0.5852017937219731
2025-02-06,2025,LONG,PM_LONG,-116.24,1.3852065321805955,5.608069164265129,18.589285714285715,False,False,0.1719690455717971,0.3640011464603038,0.0275674038170251,0.3195758096875896,0.2251023192360163,0.2376681614349775,4,0.5852017937219731,0.7731848809228495,0.6107050730868465,0.712883347664083,4.784855975924331,0.4982408738073443,0.8373015873015873,0.6907423330467183,-0.0061858382640268,-0.0027323559709145,0.2476426799007444,0.4543873077725976,0.0,3,0.2376681614349775,0.1719690455717971,-0.0027323559709145,-0.0061858382640268,0.6107050730868465,0.712883347664083,4.784855975924331,4,0.5852017937219731
2025-02-11,2025,LONG,PM_LONG,49.76,2.224864864864865,0.7113513513513514,16.517857142857142,False,True,-0.4881087617721426,0.476382425152992,0.1150013466199838,0.4368060390633588,0.54337899543379,0.8540268456375839,0,0.8942953020134228,0.711376292314634,0.7931400930777948,1.0335299937703817,5.173798966616585,0.6536940298677288,0.8214285714285714,0.4441349994503279,-0.0032719207462332,-0.0033891599048507,0.00599600266489,0.1522693997071742,0.0,1,0.8540268456375839,-0.4881087617721426,-0.0033891599048507,-0.0032719207462332,0.7931400930777948,1.0335299937703817,5.173798966616585,0,0.8942953020134228
2025-02-13,2025,LONG,PM_LONG,210.26,3.7306590257879657,1.4441260744985671,31.160714285714285,True,True,0.1573551617261384,0.5539219581975682,0.0147168870042404,0.5133910832075022,0.1682098765432098,0.7554179566563467,2,0.9674922600619196,1.1289489200709906,0.4656679647142948,0.8287371850909981,5.3127433839306955,0.749930318895439,0.7142857142857143,0.9639990463323532,-0.0086964732779896,-0.0025375966594294,0.1222896790980052,0.387121069478441,0.0,3,0.7554179566563467,0.1573551617261384,-0.0025375966594294,-0.0086964732779896,0.4656679647142948,0.8287371850909981,5.3127433839306955,2,0.9674922600619196
2025-02-14,2025,LONG,PM_LONG,-86.74,2.0408719346049047,2.346049046321526,26.214285714285715,False,False,0.092523031908584,0.3780000790795144,0.0427921092564491,0.22774900162113,0.0687830687830687,0.1979166666666666,2,0.4826388888888889,0.7903118847330725,1.171879324660942,1.5766715432367238,6.039009924479068,0.854772380729858,0.7261904761904762,0.7963307105294374,-0.003733519544918,-0.0001555110654682,0.0758839888756456,0.3202733847254232,0.0,4,0.1979166666666666,0.092523031908584,-0.0001555110654682,-0.003733519544918,1.171879324660942,1.5766715432367238,6.039009924479068,2,0.4826388888888889
2025-02-14,2025,LONG,PM_LONG,18.76,2.7419689119170982,0.8559585492227979,17.232142857142858,True,True,0.092523031908584,0.3780000790795144,0.0427921092564491,0.22774900162113,0.0687830687830687,0.1979166666666666,2,0.4826388888888889,0.7903118847330725,1.171879324660942,1.5766715432367238,6.039009924479068,0.854772380729858,0.7261904761904762,0.7963307105294374,-0.003733519544918,-0.0001555110654682,0.0758839888756456,0.3202733847254232,0.0,4,0.1979166666666666,0.092523031908584,-0.0001555110654682,-0.003733519544918,1.171879324660942,1.5766715432367238,6.039009924479068,2,0.4826388888888889
2025-02-19,2025,SHORT,ORB_SHORT,-215.74,0.0438871473354232,4.88025078369906,28.482142857142858,False,False,0.1098486436627395,0.3773426690704792,0.0481457384515289,0.3471552555448409,0.1468315301391035,-0.3309178743961353,4,0.533816425120773,0.8395371515376444,1.2981426355289136,1.817953125655109,6.509697706595111,0.4969546007156094,0.6626984126984127,0.5534359146367028,0.0049648255066832,0.0022351029895,0.028393966282165,0.2357612607023204,0.0,2,0.3309178743961353,-0.1098486436627395,-0.0022351029895,-0.0049648255066832,-1.2981426355289136,-1.817953125655109,-6.509697706595111,-4,-0.533816425120773
2025-02-24,2025,SHORT,ORB_SHORT,129.26,1.8565022421524664,1.3281695882592743,68.13888888888889,False,True,0.1929880990672242,0.4350273399807012,0.0346178967994774,1.1740109359922806,0.5053763440860215,-0.6835616438356165,0,0.1828767123287671,1.3979129263583845,-0.3334271469925974,0.0994210357027978,4.508471373431973,0.768738186273437,0.7023809523809523,1.6765841106465105,-0.0010625531004871,0.0045688558963844,0.3425414364640884,1.0941583073421564,1.0,0,0.6835616438356165,-0.1929880990672242,-0.0045688558963844,0.0010625531004871,0.3334271469925974,-0.0994210357027978,-4.508471373431973,0,-0.1828767123287671
2025-02-25,2025,SHORT,ORB_SHORT,93.78,2.170289855072464,2.050724637681159,69.0,False,True,-0.5644500064730504,0.5791222543477322,0.0308008213552361,1.2756224916929184,0.6030534351145038,-0.8694181326116374,2,0.1136671177266576,1.687150690128233,-0.9035515470590724,-0.3823587796142096,4.304677857851814,0.9065505811236084,0.6031746031746031,1.2600871704138437,0.0055014206398956,0.0049769927770437,0.063720781300032,0.5073978771309103,0.0,1,0.8694181326116374,0.5644500064730504,-0.0049769927770437,-0.0055014206398956,0.9035515470590724,0.3823587796142096,-4.304677857851814,-2,-0.1136671177266576
2025-02-25,2025,SHORT,ORB_SHORT,216.28,1.8686207799005496,2.3998953153624702,68.23214285714286,False,True,-0.5644500064730504,0.5791222543477322,0.0308008213552361,1.2756224916929184,0.6030534351145038,-0.8694181326116374,2,0.1136671177266576,1.687150690128233,-0.9035515470590724,-0.3823587796142096,4.304677857851814,0.9065505811236084,0.6031746031746031,1.2600871704138437,0.0055014206398956,0.0049769927770437,0.063720781300032,0.5073978771309103,0.0,1,0.8694181326116374,0.5644500064730504,-0.0049769927770437,-0.0055014206398956,0.9035515470590724,0.3823587796142096,-4.304677857851814,-2,-0.1136671177266576
2025-02-26,2025,LONG,ORB_LONG,99.26,1.5453120100344937,4.513013483850737,56.94642857142857,False,True,0.1171477079796264,0.4550084889643463,0.0040281973816717,0.6230899830220713,0.315669947009841,0.3978201634877384,1,0.670299727520436,1.3022786656491558,-2.0117572156196992,-1.5257385398981385,2.9934889643463514,1.0547014753618162,0.6507936507936508,1.3820033955857385,0.003115865663547,0.0005296084794403,0.0895833333333333,0.7310231735209078,1.0,2,0.3978201634877384,0.1171477079796264,0.0005296084794403,0.003115865663547,-2.0117572156196992,-1.5257385398981385,2.9934889643463514,1,0.670299727520436
2025-02-28,2025,LONG,MOM_LONG,181.26,2.126086956521739,1.8608695652173912,57.5,False,True,-0.4825271470878578,0.5409674234945706,0.0458081244598098,1.0029615004935837,0.637901861252115,0.4968503937007874,1,0.9078740157480316,1.4873396867415485,-3.1160908193484698,-2.7728173741362303,1.2548706811451102,0.7486960990687725,0.7261904761904762,2.0983218163869695,0.0023088359676777,-0.0029416186775439,0.3207301173402868,1.1698003085004378,1.0,4,0.4968503937007874,-0.4825271470878578,-0.0029416186775439,0.0023088359676777,-3.1160908193484698,-2.7728173741362303,1.2548706811451102,1,0.9078740157480316
2025-03-03,2025,SHORT,ORB_SHORT,89.52,5.099367088607595,1.869620253164557,56.42857142857143,True,True,1.0169899022279212,0.8478922904311589,0.043024359379943,1.1572367366565155,0.310038824181919,-0.2977839335180055,2,0.5221606648199446,1.4605342401022894,-3.0451594806860074,-2.740166693380344,1.224603301811186,0.8501212345200325,0.7023809523809523,1.0177913127103704,0.0011031015142995,0.001554802408248,0.0281348984535122,0.8363277393879566,1.0,0,0.2977839335180055,-1.0169899022279212,-0.001554802408248,-0.0011031015142995,3.0451594806860074,2.740166693380344,-1.224603301811186,-2,-0.5221606648199446
2025-03-04,2025,SHORT,ORB_SHORT,94.68,1.0808231434536235,4.700268416343573,104.78125,False,True,-0.3666255016980549,1.0196048163013276,0.0754716981132075,1.093701759802408,0.2186621697582911,-0.3712067748764996,2,0.3817925194071983,1.5933411250517866,-3.633606051250384,-3.4010497066995944,0.2950910774930588,0.8247106750264631,0.7420634920634921,2.14340845940105,0.0004004844536233,-0.0009252869578396,0.2922933788184214,1.6725436768712936,1.0,1,0.3712067748764996,0.3666255016980549,0.0009252869578396,-0.0004004844536233,3.633606051250384,3.4010497066995944,-0.2950910774930588,-2,-0.3817925194071983
2025-03-05,2025,SHORT,MOM_SHORT,93.78,1.32571566033197,4.077700264613904,94.47727272727272,False,True,-0.7234324403885782,0.7418310273770975,0.069297736506094,0.6667647924639388,0.0977068793619142,-0.2472406181015452,4,0.4194260485651214,1.383867196267048,-2.7137179864586356,-2.5852222549308235,0.8591440977332933,1.160528228648886,0.8174603174603174,1.7831910509272888,0.002742241537614,0.0025262774740342,0.3203916272788656,1.4526088298857671,1.0,2,0.2472406181015452,0.7234324403885782,-0.0025262774740342,-0.002742241537614,2.7137179864586356,2.5852222549308235,-0.8591440977332933,-4,-0.4194260485651214
2025-03-05,2025,SHORT,VWAP_SHORT,-407.24,0.1139489194499017,6.086444007858546,63.625,False,False,-0.7234324403885782,0.7418310273770975,0.069297736506094,0.6667647924639388,0.0977068793619142,-0.2472406181015452,4,0.4194260485651214,1.383867196267048,-2.7137179864586356,-2.5852222549308235,0.8591440977332933,1.160528228648886,0.8174603174603174,1.7831910509272888,0.002742241537614,0.0025262774740342,0.3203916272788656,1.4526088298857671,1.0,2,0.2472406181015452,0.7234324403885782,-0.0025262774740342,-0.002742241537614,2.7137179864586356,2.5852222549308235,-0.8591440977332933,-4,-0.4194260485651214
2025-03-07,2025,SHORT,ORB_SHORT,534.02,2.230769230769231,4.018461538461539,81.25,False,True,-0.2390307793058284,0.6385068762278978,0.1031916416201517,0.8277668631303209,0.2809839167455061,-0.2681962025316455,1,0.0830696202531645,1.224324236466369,-3.479927963326789,-3.6028028814669257,-0.6897576948264537,1.369936817141754,0.9047619047619048,1.3372626064178128,-0.0012361801287794,0.002701571684449,0.2269690849774739,1.2076166206554824,1.0,4,0.2681962025316455,0.2390307793058284,-0.002701571684449,0.0012361801287794,3.479927963326789,3.6028028814669257,0.6897576948264537,-1,-0.0830696202531645
2025-03-10,2025,SHORT,ORB_SHORT,237.26,5.177001127395716,0.5652010522360015,83.15625,True,True,-0.8785880527540729,0.7641582622187743,0.1085398063136712,0.7247220067235584,0.4207777132907719,-0.8715432649420161,2,0.0561998215878679,1.2095698424198305,-3.020784846133956,-3.2218127747607967,-0.4608029480217249,1.413614401648997,0.9087301587301588,1.313033359193173,0.0056545474010804,0.0072774486266236,0.1721240220226021,0.8415193189259987,0.0,0,0.8715432649420161,0.8785880527540729,-0.0072774486266236,-0.0056545474010804,3.020784846133956,3.2218127747607967,0.4608029480217249,-2,-0.0561998215878679
2025-03-10,2025,SHORT,ORB_SHORT,85.68,4.695811903012491,1.080088170462895,48.607142857142854,True,True,-0.8785880527540729,0.7641582622187743,0.1085398063136712,0.7247220067235584,0.4207777132907719,-0.8715432649420161,2,0.0561998215878679,1.2095698424198305,-3.020784846133956,-3.2218127747607967,-0.4608029480217249,1.413614401648997,0.9087301587301588,1.313033359193173,0.0056545474010804,0.0072774486266236,0.1721240220226021,0.8415193189259987,0.0,0,0.8715432649420161,0.8785880527540729,-0.0072774486266236,-0.0056545474010804,3.020784846133956,3.2218127747607967,0.4608029480217249,-2,-0.0561998215878679
2025-03-11,2025,LONG,MOM_LONG,-813.24,1.8822269807280512,2.284796573875803,116.75,False,False,0.1776740847092606,1.0618569035654464,0.0143408714837286,0.7178750897343863,0.1201588877855014,-0.2925,4,0.0625,1.3459552945584128,-4.588508016271832,-4.94839674563293,-2.527823642019619,1.7347222395001114,0.9325396825396826,1.5081359176836564,-0.0029290579709223,-0.001409435310582,0.2271062271062271,0.9458236358934576,1.0,1,-0.2925,0.1776740847092606,-0.001409435310582,-0.0029290579709223,-4.588508016271832,-4.94839674563293,-2.527823642019619,4,0.0625
2025-03-12,2025,SHORT,ORB_SHORT,-407.24,0.6640461215932915,4.219077568134172,68.14285714285714,False,False,0.273869926199262,0.9265452029520296,0.1777538792441235,0.546010147601476,0.456575682382134,-0.6114044350580782,3,0.0496304118268215,1.1008657239849025,-3.627998154981546,-4.139125922509222,-1.9084669049815488,1.6959885311424203,0.9365079365079364,1.12200184501845,-0.0034499035941509,-0.0009466045429437,0.1612540418951216,0.8500837520938024,1.0,2,0.6114044350580782,-0.273869926199262,0.0009466045429437,0.0034499035941509,3.627998154981546,4.139125922509222,1.9084669049815488,-3,-0.0496304118268215
2025-03-13,2025,SHORT,ORB_SHORT,120.76,2.289391086001255,1.7664783427495292,56.892857142857146,False,True,-0.1645620250271413,0.670247414433461,0.0075187969924812,0.5782526712759272,0.1597695128339444,-0.3458498023715415,2,0.6413043478260869,1.1763325971290997,-3.1915890520541716,-3.860567967544714,-1.7447660133706644,1.6971188480815014,0.9365079365079364,0.8725215701959889,0.001660868576032,0.002192673544083,0.0800527406291203,0.4059040590405904,0.0,3,0.3458498023715415,0.1645620250271413,-0.002192673544083,-0.001660868576032,3.1915890520541716,3.860567967544714,1.7447660133706644,-2,-0.6413043478260869
2025-03-14,2025,LONG,PM_LONG,183.26,2.456336528221512,0.5218317358892439,67.07142857142857,False,True,0.3302189373866964,0.5254497280713987,0.1028260129383724,0.4339701575791382,0.1232227488151658,0.1722365038560411,1,0.37146529562982,0.9762095592209504,-3.5410124111002617,-4.417091061218801,-2.4421586947427096,1.6239549147315453,0.9563492063492064,0.9181425184772,0.00011264248573,0.0009709938264217,0.0911675848587169,0.7331009656591052,1.0,4,0.1722365038560411,0.3302189373866964,0.0009709938264217,0.00011264248573,-3.5410124111002617,-4.417091061218801,-2.4421586947427096,1,0.37146529562982
2025-03-14,2025,LONG,PM_LONG,-27.24,1.15702479338843,1.9360881542699728,32.410714285714285,False,False,0.3302189373866964,0.5254497280713987,0.1028260129383724,0.4339701575791382,0.1232227488151658,0.1722365038560411,1,0.37146529562982,0.9762095592209504,-3.5410124111002617,-4.417091061218801,-2.4421586947427096,1.6239549147315453,0.9563492063492064,0.9181425184772,0.00011264248573,0.0009709938264217,0.0911675848587169,0.7331009656591052,1.0,4,0.1722365038560411,0.3302189373866964,0.0009709938264217,0.00011264248573,-3.5410124111002617,-4.417091061218801,-2.4421586947427096,1,0.37146529562982
2025-03-17,2025,LONG,MOM_LONG,309.76,5.927116827438371,0.390139335476956,33.32142857142857,True,True,-0.0173314918623229,0.4928642998348092,0.0353343465045592,0.3552955831776207,0.1129807692307692,0.048780487804878,5,0.1631097560975609,0.4522043821779613,-2.3177079102012095,-3.372751645137704,-1.5295637338532784,1.7146588286577844,0.9603174603174603,0.6201424431987435,0.0043934168006689,0.0029200551581847,0.2022332506203474,0.4774787337888718,0.0,0,0.048780487804878,-0.0173314918623229,0.0029200551581847,0.0043934168006689,-2.3177079102012095,-3.372751645137704,-1.5295637338532784,5,0.1631097560975609
2025-03-18,2025,SHORT,ORB_SHORT,-146.24,0.4683823529411764,3.2014705882352943,48.57142857142857,False,False,-0.4810199942045784,0.3756486920787124,0.1357806280406899,0.5463502015226154,0.3874643874643874,-0.7319189971070396,0,0.2622950819672131,0.3419750477435163,-1.5691367456073355,-2.771697268248996,-1.062487816443191,0.9205127469153443,0.984126984126984,0.6970311635626038,0.0077889911687372,0.0037142877282172,0.2070635146681857,0.538359465973407,0.0,1,0.7319189971070396,0.4810199942045784,-0.0037142877282172,-0.0077889911687372,1.5691367456073355,2.771697268248996,1.062487816443191,0,-0.2622950819672131
2025-03-19,2025,LONG,PM_LONG,-68.74000000000001,7.213134328358209,5.349253731343284,29.910714285714285,True,False,0.1300218396058713,0.2773122047843974,0.0705565901096627,0.3885418253847326,0.2858399296394019,0.3294117647058823,1,0.7568627450980392,0.1322405318837093,-2.0542180913200276,-3.394870232109301,-1.8450124434963704,1.1220561318047422,1.0,0.5942404388237087,0.0033618792617242,-6.790947643464662e-05,0.0026731470230862,0.2133768868048787,0.0,2,0.3294117647058823,0.1300218396058713,-6.790947643464662e-05,0.0033618792617242,-2.0542180913200276,-3.394870232109301,-1.8450124434963704,1,0.7568627450980392
2025-03-24,2025,LONG,PM_LONG,119.76,1.6347695390781565,0.534068136272545,38.38461538461539,False,True,1.1920104683603685,1.7914722366244475,0.1815613142811011,0.2439325482063057,0.3281519861830743,0.5870445344129555,5,0.8097165991902834,0.6444600478555103,-1.260894254746562,-2.916811100412313,-1.5517591289534098,1.1228744708582334,1.0,0.6809372145273189,0.0008378608471035,0.0002686744482343,0.1795891318754141,0.4586315346326242,0.0,0,0.5870445344129555,1.1920104683603685,0.0002686744482343,0.0008378608471035,-1.260894254746562,-2.916811100412313,-1.5517591289534098,5,0.8097165991902834
2025-03-25,2025,LONG,PM_LONG,-32.239999999999995,0.9098671726755218,1.6005692599620491,37.642857142857146,False,False,0.0531747758199792,0.3001957798564281,0.0521029504080351,0.1812776448408382,0.1703296703296703,0.3413333333333333,3,0.7573333333333333,0.6205439790581015,0.2877722185966707,-1.4352838807918236,-0.1373021052377148,1.233898530327882,1.0,0.3146979914436951,-0.0033593599442693,-0.000967756884054,0.1161534305780659,0.1239414364368071,0.0,1,0.3413333333333333,0.0531747758199792,-0.000967756884054,-0.0033593599442693,0.2877722185966707,-1.4352838807918236,-0.1373021052377148,3,0.7573333333333333
2025-03-26,2025,SHORT,ORB_SHORT,325.26,7.997532387415175,0.8291178285009253,28.946428571428573,True,True,0.010383445820663,0.2150856634280204,0.1008119079837618,0.4924720017800192,0.4770258980785296,-0.6164658634538153,2,0.2399598393574297,0.7928413454468608,0.5238448416524498,-1.3312467551731832,-0.0356844421370111,1.229018986413829,0.992063492063492,0.2650250933273999,0.0046250811103331,0.0044623267841635,0.0639501980758347,0.1218185773330432,0.0,2,0.6164658634538153,-0.010383445820663,-0.0044623267841635,-0.0046250811103331,-0.5238448416524498,1.3312467551731832,0.0356844421370111,-2,-0.2399598393574297
2025-04-01,2025,LONG,MOM_LONG,559.02,3.5787164015359294,0.3916620954470652,65.10714285714286,True,True,-0.0739380706629614,0.4520643112346169,0.0105827992249217,0.3989678443826915,0.0476190476190476,-0.1318407960199005,2,0.4614427860696517,1.0364961214376816,-1.0203205637157573,-3.109279475982536,-2.068710301707029,0.7435147320241742,0.984126984126984,0.9135569670504168,-0.0061518151505178,-0.0017805070013062,0.2304625199362041,0.5661712668082095,0.0,1,-0.1318407960199005,-0.0739380706629614,-0.0017805070013062,-0.0061518151505178,-1.0203205637157573,-3.109279475982536,-2.068710301707029,2,0.4614427860696517
2025-04-02,2025,LONG,PM_LONG,333.76,4.795863909272849,1.027351567711808,53.535714285714285,True,True,-0.2816540775828959,0.7707079759313789,0.1892253638949305,0.6385866086288567,0.4005830903790087,0.8412189254210104,0,0.8765036086607859,1.0297846926426226,-0.8531558059147356,-3.0201613109717043,-2.03506081167584,0.7427359320422404,0.9642857142857144,0.7824862373575726,0.0029448123896467,-0.0027007694597629,0.0474962389856006,0.5741365621278285,0.0,2,0.8412189254210104,-0.2816540775828959,-0.0027007694597629,0.0029448123896467,-0.8531558059147356,-3.0201613109717043,-2.03506081167584,0,0.8765036086607859
2025-04-03,2025,SHORT,ORB_SHORT,279.76,1.871582643591673,1.8926511161274144,71.19642857142857,False,True,-1.4751824067413422,0.7383619360805672,0.0106001304631441,0.4480526153529955,0.4070739549839228,-0.1410550458715596,3,0.1697247706422018,0.9035657182281563,-0.3889117254136235,-2.582941116020963,-1.6767855307779265,0.7965138706131258,0.9603174603174603,1.1776795807214058,-0.0117362694862513,-0.0030466833420079,0.0441835645677694,0.6140058891307131,1.0,3,0.1410550458715596,1.4751824067413422,0.0030466833420079,0.0117362694862513,0.3889117254136235,2.582941116020963,1.6767855307779265,-3,-0.1697247706422018
2025-04-04,2025,SHORT,ORB_SHORT,-813.24,1.5728482398517771,4.067710965133906,106.01785714285714,False,False,-1.314861833509996,1.762516331007962,0.133955223880597,0.7350802376315725,0.4345509893455099,-0.7370892018779343,2,0.0060362173038229,0.9992373363059924,-1.807109226711365,-3.972460374195772,-3.2185939310276814,1.0406235386598113,0.996031746031746,0.6976113589863683,-0.0069958196977663,-0.0002653653319423,0.0489913544668587,0.3550508683588531,0.0,4,0.7370892018779343,1.314861833509996,0.0002653653319423,0.0069958196977663,1.807109226711365,3.972460374195772,3.2185939310276814,-2,-0.0060362173038229
2025-04-07,2025,LONG,PM_LONG,-407.24,0.245691699604743,1.7345981554677206,338.8392857142857,False,False,-1.4864643916567395,1.542989278957326,0.0360696517412935,3.1518464017938475,0.2262877442273534,0.2710834444938491,1,0.4219653179190751,1.6198890159435804,-3.5360521336977073,-5.653880830588838,-5.077376030644895,1.2446156863301758,1.0,1.3075467731763717,-0.0026860657219289,-0.007129839419167,0.0620602561789644,0.6492962259964996,0.0,0,0.2710834444938491,-1.4864643916567395,-0.007129839419167,-0.0026860657219289,-3.5360521336977073,-5.653880830588838,-5.077376030644895,1,0.4219653179190751
2025-04-07,2025,LONG,PM_LONG,38.46,0.8047798742138365,1.8860377358490563,141.96428571428572,False,True,-1.4864643916567395,1.542989278957326,0.0360696517412935,3.1518464017938475,0.2262877442273534,0.2710834444938491,1,0.4219653179190751,1.6198890159435804,-3.5360521336977073,-5.653880830588838,-5.077376030644895,1.2446156863301758,1.0,1.3075467731763717,-0.0026860657219289,-0.007129839419167,0.0620602561789644,0.6492962259964996,0.0,0,0.2710834444938491,-1.4864643916567395,-0.007129839419167,-0.0026860657219289,-3.5360521336977073,-5.653880830588838,-5.077376030644895,1,0.4219653179190751
2025-04-08,2025,LONG,PM_LONG,-407.24,0.6340508806262231,10.804025719876991,99.36111111111111,False,False,1.1483515327484273,0.8861957962507102,0.1445224929009116,0.4965389551642156,0.31859410430839,0.5491525423728814,2,0.8432203389830508,1.1088133030320808,-3.385512003198048,-5.376254497254306,-4.986463001535905,1.2050278153226448,1.0,2.839108754655053,-0.0116329743245578,-0.0051324849243628,0.0726933230313566,0.8156401093125919,0.0,1,0.5491525423728814,1.1483515327484273,-0.0051324849243628,-0.0116329743245578,-3.385512003198048,-5.376254497254306,-4.986463001535905,2,0.8432203389830508
2025-04-09,2025,LONG,PM_LONG,51.26,17.962119832453105,0.900018211619013,98.05357142857144,True,True,-0.0294142016737095,1.1450824426215924,0.0158456228427988,0.6645123871074654,0.3276983094928478,0.8029925187032418,3,0.8316708229426434,0.8712724422802098,-3.5572334079045476,-5.562498964288671,-5.287424393073164,1.176295076170593,1.0,1.8833374761786392,-0.0050732816997229,-0.0031086655041456,0.3972254964185329,1.8350901554840204,1.0,2,0.8029925187032418,-0.0294142016737095,-0.0031086655041456,-0.0050732816997229,-3.5572334079045476,-5.562498964288671,-5.287424393073164,3,0.8316708229426434
2025-04-09,2025,LONG,PM_LONG,593.76,19.211542730299666,1.849056603773585,80.44642857142857,True,True,-0.0294142016737095,1.1450824426215924,0.0158456228427988,0.6645123871074654,0.3276983094928478,0.8029925187032418,3,0.8316708229426434,0.8712724422802098,-3.5572334079045476,-5.562498964288671,-5.287424393073164,1.176295076170593,1.0,1.8833374761786392,-0.0050732816997229,-0.0031086655041456,0.3972254964185329,1.8350901554840204,1.0,2,0.8029925187032418,-0.0294142016737095,-0.0031086655041456,-0.0050732816997229,-3.5572334079045476,-5.562498964288671,-5.287424393073164,3,0.8316708229426434
2025-04-10,2025,SHORT,ORB_SHORT,199.76,6.319983569521463,2.3318956664612855,86.94642857142857,True,True,-0.3510786038329784,1.0050921210998982,0.115929203539823,0.4566243866308675,0.0914826498422713,-0.1127331711273317,4,0.6253041362530414,0.924361734438648,-0.4690306453106194,-2.225964262568282,-2.049632441440609,1.9277370565774423,1.0,2.8423294139431534,-0.0016257171291954,-0.0006155974337472,0.3929167439273132,2.6269782086336892,0.0,3,0.1127331711273317,0.3510786038329784,0.0006155974337472,0.0016257171291954,0.4690306453106194,2.225964262568282,2.049632441440609,-4,-0.6253041362530414
2025-04-11,2025,LONG,PM_LONG,75.96,2.055754899254761,2.2489649461772014,64.69642857142857,False,True,-0.1026055484301702,1.0141082629091485,0.0218362532001405,0.5312999631041693,0.0051468362095065,0.0112433862433862,4,0.3948412698412698,0.9734043895489553,-1.1226698525923704,-2.786070945411742,-2.693595937944729,1.8469098702190607,1.0,1.3401971291529773,-0.0087773333938349,0.0012840027826557,0.0759549896357714,1.2413665401351728,1.0,4,0.0112433862433862,-0.1026055484301702,0.0012840027826557,-0.0087773333938349,-1.1226698525923704,-2.786070945411742,-2.693595937944729,4,0.3948412698412698
2025-04-11,2025,LONG,PM_LONG,-11.74,0.0994956441999083,1.762035763411279,77.89285714285714,False,False,-0.1026055484301702,1.0141082629091485,0.0218362532001405,0.5312999631041693,0.0051468362095065,0.0112433862433862,4,0.3948412698412698,0.9734043895489553,-1.1226698525923704,-2.786070945411742,-2.693595937944729,1.8469098702190607,1.0,1.3401971291529773,-0.0087773333938349,0.0012840027826557,0.0759549896357714,1.2413665401351728,1.0,4,0.0112433862433862,-0.1026055484301702,0.0012840027826557,-0.0087773333938349,-1.1226698525923704,-2.786070945411742,-2.693595937944729,4,0.3948412698412698
2025-04-15,2025,LONG,PM_LONG,-34.739999999999995,0.2874103388572842,2.569379173880782,72.19642857142857,False,False,-0.1395654126507064,0.3188586036549556,0.0502431118314424,0.3026220333713338,0.0585618977020014,0.2146118721461187,1,0.4942922374429224,0.9682667785018084,-0.1990361695512468,-1.7631326216879144,-1.8044097833972457,1.5345967494269372,1.0,0.7140636335371542,0.004671260542898,-0.0003649957274525,0.0462390100944317,0.5514814750300476,0.0,1,0.2146118721461187,-0.1395654126507064,-0.0003649957274525,0.004671260542898,-0.1990361695512468,-1.7631326216879144,-1.8044097833972457,1,0.4942922374429224
2025-04-16,2025,SHORT,ORB_SHORT,327.26,12.20921802175039,1.2252718798549975,34.482142857142854,True,True,-0.5609942373116712,0.4950357564396306,0.073015873015873,0.2350204818440602,0.0159189580318379,0.2673559822747415,2,0.7104874446085672,0.8508187342658411,-0.2731548982850815,-1.840769284176909,-1.9437686593070893,1.5025750521061922,0.996031746031746,0.3613830451989169,-0.0041880594195122,-0.0018292677222726,0.0084269662921348,0.2065844474384219,0.0,2,-0.2673559822747415,0.5609942373116712,0.0018292677222726,0.0041880594195122,0.2731548982850815,1.840769284176909,1.9437686593070893,-2,-0.7104874446085672
2025-04-21,2025,SHORT,ORB_SHORT,-52.24,1.724578733294596,0.8948285880302149,30.732142857142858,False,False,-0.345121867959309,0.4239776063357684,0.1091362644215778,0.3659452447600191,0.6826119969627942,-0.7518656716417911,1,0.1100746268656716,0.7436860616622707,-0.903495596367856,-2.453492182699527,-2.7127500512050235,0.7231432295389687,0.996031746031746,0.3615074759336383,0.0016699043829374,-0.0002027623866853,0.0714563106796116,0.2998846597462514,0.0,0,0.7518656716417911,0.345121867959309,0.0002027623866853,-0.0016699043829374,0.903495596367856,2.453492182699527,2.7127500512050235,-1,-0.1100746268656716
2025-04-22,2025,LONG,PM_LONG,250.76,4.821867881548975,2.9084282460136675,39.19642857142857,True,True,0.5222324184533245,0.4097772586969216,0.1549861068230935,0.2742971552515225,0.5852225020990764,0.648418491484185,1,0.9014598540145984,0.8046540483676703,-1.5851672645365833,-3.119786435304914,-3.46252440143489,0.7251626560789641,1.0,0.6216734796029031,-0.00696737437024,-0.0015738400192415,0.2653968253968254,0.3103024510138595,0.0,1,0.648418491484185,0.5222324184533245,-0.0015738400192415,-0.00696737437024,-1.5851672645365833,-3.119786435304914,-3.46252440143489,1,0.9014598540145984
2025-04-23,2025,LONG,PM_LONG,-407.24,0.3026283468435274,4.608204372390076,72.69642857142857,False,False,0.8168028004667445,0.4720786797799633,0.1096843231674692,0.3080513418903151,0.4090592334494773,0.8051948051948052,4,0.9437229437229436,0.9672736569650642,-0.6803967327888001,-2.2632772128688106,-2.676626104350723,0.8914134347732496,1.0,0.5510918486414402,-0.0009096433941875,-0.0017424269199652,0.0226724553786782,0.3043296904980395,0.0,2,0.8051948051948052,0.8168028004667445,-0.0017424269199652,-0.0009096433941875,-0.6803967327888001,-2.2632772128688106,-2.676626104350723,4,0.9437229437229436
2025-04-24,2025,LONG,PM_LONG,87.26,2.4787644787644787,0.7876447876447876,32.375,False,True,0.0595816539484793,0.3603574899236909,0.0559597830400846,0.392537955425276,0.8892561983471075,0.9025974025974026,0,0.9967532467532468,0.866264716885761,0.0793997228019298,-1.458055471475679,-1.919177645728122,0.979316597474169,1.0,0.5336859377738127,-0.0060274807381446,-0.0034563169129566,0.235671264814455,0.5174195699283214,0.0,3,0.9025974025974026,0.0595816539484793,-0.0034563169129566,-0.0060274807381446,0.0793997228019298,-1.458055471475679,-1.919177645728122,0,0.9967532467532468
2025-04-25,2025,LONG,PM_LONG,-21.24,0.3468685478320715,5.75223675154852,25.946428571428573,False,False,0.073623915078622,0.3579645526236453,0.0320378151260504,0.2173809561588626,0.0720961281708945,-0.0160583941605839,3,0.3795620437956204,1.039899047353218,0.6583469526998089,-0.8592418640813689,-1.3749853228186546,0.7461154545737466,1.0,0.6080319883217238,-0.003088298793385,-0.0026703414671616,0.1126195618636223,0.2192095075751541,0.0,4,-0.0160583941605839,0.073623915078622,-0.0026703414671616,-0.003088298793385,0.6583469526998089,-0.8592418640813689,-1.3749853228186546,3,0.3795620437956204
2025-05-01,2025,LONG,PM_LONG,161.8,1.7653160453808752,2.1555915721231766,55.089285714285715,False,True,0.5845403607356812,0.2890406756123949,0.0749641319942611,0.1902178300957548,0.2069249793899422,0.198641765704584,3,0.969439728353141,0.8986666957120537,1.0449708537195812,-0.2568554312196213,-1.0153272295693467,0.3299183263359636,0.984126984126984,0.6200649130455845,0.0030333156268376,0.0007940489245004,0.2074001947419669,0.3406659807620074,0.0,3,0.198641765704584,0.5845403607356812,0.0007940489245004,0.0030333156268376,1.0449708537195812,-0.2568554312196213,-1.0153272295693467,3,0.969439728353141
2025-05-07,2025,SHORT,ORB_SHORT,57.26,4.542517814726841,2.0285035629453683,37.589285714285715,True,True,-0.0675459632294164,0.5355715427657873,0.088879095049214,0.1914468425259792,0.323394495412844,0.5553235908141962,4,0.9039665970772442,0.6637882847285134,1.440227817745802,0.6128856914468435,-0.5813349320543565,0.4645966157769642,0.9285714285714286,0.4616306954436451,-0.0055395527223063,-0.0008588206672726,0.0306616460462614,0.1716831467999565,0.0,2,-0.5553235908141962,0.0675459632294164,0.0008588206672726,0.0055395527223063,-1.440227817745802,-0.6128856914468435,0.5813349320543565,-4,-0.9039665970772442
2025-05-07,2025,SHORT,ORB_SHORT,172.76,5.687203791469194,2.853080568720379,26.375,True,True,-0.0675459632294164,0.5355715427657873,0.088879095049214,0.1914468425259792,0.323394495412844,0.5553235908141962,4,0.9039665970772442,0.6637882847285134,1.440227817745802,0.6128856914468435,-0.5813349320543565,0.4645966157769642,0.9285714285714286,0.4616306954436451,-0.0055395527223063,-0.0008588206672726,0.0306616460462614,0.1716831467999565,0.0,2,-0.5553235908141962,0.0675459632294164,0.0008588206672726,0.0055395527223063,-1.440227817745802,-0.6128856914468435,0.5813349320543565,-4,-0.9039665970772442
2025-05-08,2025,LONG,VWAP_LONG,204.76,3.7891304347826087,0.1521739130434782,49.285714285714285,True,True,0.5195862157589257,0.6031140905099484,0.1753419790371291,0.2561521492364695,0.0652431791221826,-0.4280936454849498,3,0.4916387959866221,0.8531815427922863,1.176115311301963,0.5731639930607618,-0.7635047439549387,0.4535357803936662,0.9166666666666666,0.5127326465485853,0.0027779345325669,0.0022073890684115,0.0884843353090601,0.4600319744204636,0.0,3,-0.4280936454849498,0.5195862157589257,0.0022073890684115,0.0027779345325669,1.176115311301963,0.5731639930607618,-0.7635047439549387,3,0.4916387959866221
2025-05-13,2025,LONG,PM_LONG,171.26,3.8419243986254297,0.0274914089347079,36.375,True,True,0.2132464940385524,0.5163086296549189,0.0395314787701317,0.5646304952991228,0.8247663551401869,0.7823255813953488,0,0.8976744186046511,0.905113520622651,3.1107201008456324,2.967235674142553,1.224833237039764,0.9849566973084508,0.8452380952380952,0.538368611796838,-0.0128996416135455,-0.0039193299518338,0.2361581920903954,0.4869044115679927,0.0,1,0.7823255813953488,0.2132464940385524,-0.0039193299518338,-0.0128996416135455,3.1107201008456324,2.967235674142553,1.224833237039764,0,0.8976744186046511
2025-05-15,2025,LONG,PM_LONG,183.26,4.544715447154472,0.5934959349593496,30.75,True,True,-0.1419579483058792,0.4719432168206776,0.0553759965524671,0.2115976965314048,0.2229417206290471,-0.3063291139240506,9,0.2455696202531645,0.7539630634469897,3.676255524306947,3.9610124548011254,2.201837417972411,0.8180932585500146,0.8015873015873016,0.3149859381277621,-0.003373170059966,0.0015898125763461,0.057471264367816,0.1815391129459087,0.0,3,-0.3063291139240506,-0.1419579483058792,0.0015898125763461,-0.003373170059966,3.676255524306947,3.9610124548011254,2.201837417972411,9,0.2455696202531645
2025-05-19,2025,LONG,PM_LONG,105.76,3.378712871287129,1.256188118811881,28.857142857142858,True,True,-0.6838649700772762,0.7094300156876416,0.0850860420650095,0.6071698332461798,0.5231143552311436,0.7894736842105263,0,0.7923444976076555,0.8596940509259594,3.549764685375632,4.522642496078089,2.632917901342165,0.9012085043306448,0.75,0.4322816803207251,-0.0047940821089167,-0.0022855660147202,0.2248714352501168,0.2585616438356164,0.0,0,0.7894736842105263,-0.6838649700772762,-0.0022855660147202,-0.0047940821089167,3.549764685375632,4.522642496078089,2.632917901342165,0,0.7923444976076555
2025-05-21,2025,LONG,PM_LONG,110.76,2.834567901234568,10.114567901234569,36.160714285714285,True,True,-0.1963269949618072,0.5577766942954656,0.0991876062724353,0.4251584592881521,0.3794212218649517,0.6100917431192661,0,0.6223241590214067,0.7786573992150128,2.7273525109702623,4.562106289614825,2.5070372176174205,0.2926552222514661,0.7063492063492064,0.457012839265399,-0.0056469529015162,-0.0033351122903126,0.1437024513947591,0.2545960328979197,0.0,2,0.6100917431192661,-0.1963269949618072,-0.0033351122903126,-0.0056469529015162,2.7273525109702623,4.562106289614825,2.5070372176174205,0,0.6223241590214067
2025-05-27,2025,LONG,PM_LONG,147.76,5.072088724584103,1.1386321626617375,19.321428571428573,True,True,-0.0701779009789817,0.6119512965367205,0.0065109153581003,0.5438787325871083,0.8436578171091446,0.6103225806451613,1,0.952258064516129,0.7573147773185487,1.6579178216779515,4.339703147478859,2.341320748096424,0.8149866311683043,0.6349206349206349,0.2589564546124425,-0.00266856117709,-0.0022494139766509,0.3666666666666666,0.1332964983769597,0.0,1,0.6103225806451613,-0.0701779009789817,-0.0022494139766509,-0.00266856117709,1.6579178216779515,4.339703147478859,2.341320748096424,1,0.952258064516129
2025-05-27,2025,LONG,PM_LONG,-90.74,0.869220607661823,3.439894319682959,13.517857142857142,False,False,-0.0701779009789817,0.6119512965367205,0.0065109153581003,0.5438787325871083,0.8436578171091446,0.6103225806451613,1,0.952258064516129,0.7573147773185487,1.6579178216779515,4.339703147478859,2.341320748096424,0.8149866311683043,0.6349206349206349,0.2589564546124425,-0.00266856117709,-0.0022494139766509,0.3666666666666666,0.1332964983769597,0.0,1,0.6103225806451613,-0.0701779009789817,-0.0022494139766509,-0.00266856117709,1.6579178216779515,4.339703147478859,2.341320748096424,1,0.952258064516129
2025-05-30,2025,SHORT,VWAP_SHORT,368.26,6.421314741035857,1.554780876494024,35.857142857142854,True,True,0.1105905844405191,0.6005683127255972,0.0077027639329406,0.4915137086245296,0.1344262295081967,-0.0625,1,0.8625,0.8326178301865299,1.224713923661775,4.626142385377466,2.63076568619922,0.7897875964043599,0.5198412698412699,1.161969126795177,0.0021126422612219,0.0014405116309238,0.1373820754716981,0.3858425465608073,0.0,4,0.0625,-0.1105905844405191,-0.0014405116309238,-0.0021126422612219,-1.224713923661775,-4.626142385377466,-2.63076568619922,-1,-0.8625
2025-05-30,2025,SHORT,ORB_SHORT,-407.24,0.0742311770943796,4.369741958289148,50.517857142857146,False,False,0.1105905844405191,0.6005683127255972,0.0077027639329406,0.4915137086245296,0.1344262295081967,-0.0625,1,0.8625,0.8326178301865299,1.224713923661775,4.626142385377466,2.63076568619922,0.7897875964043599,0.5198412698412699,1.161969126795177,0.0021126422612219,0.0014405116309238,0.1373820754716981,0.3858425465608073,0.0,4,0.0625,-0.1105905844405191,-0.0014405116309238,-0.0021126422612219,-1.224713923661775,-4.626142385377466,-2.63076568619922,-1,-0.8625
2025-06-02,2025,LONG,PM_LONG,7.26,2.7271151178918167,0.0343273231622746,65.54545454545455,True,True,-0.1614131262372468,0.564945941830364,0.0230660042583392,0.6806761078117861,0.0006901311249137,0.5246085011185683,2,0.7639821029082774,1.0641414304205692,1.022118166590526,4.480554286584433,2.5556684939850807,0.549971544617027,0.5317460317460317,0.9989340642606972,-0.0078762061532989,-0.0028795655185456,0.0487417819088642,0.9254281545196222,1.0,0,0.5246085011185683,-0.1614131262372468,-0.0028795655185456,-0.0078762061532989,1.022118166590526,4.480554286584433,2.5556684939850807,2,0.7639821029082774
2025-06-02,2025,LONG,PM_LONG,25.26,2.7595072308516335,1.1098018211033744,33.339285714285715,True,True,-0.1614131262372468,0.564945941830364,0.0230660042583392,0.6806761078117861,0.0006901311249137,0.5246085011185683,2,0.7639821029082774,1.0641414304205692,1.022118166590526,4.480554286584433,2.5556684939850807,0.549971544617027,0.5317460317460317,0.9989340642606972,-0.0078762061532989,-0.0028795655185456,0.0487417819088642,0.9254281545196222,1.0,0,0.5246085011185683,-0.1614131262372468,-0.0028795655185456,-0.0078762061532989,1.022118166590526,4.480554286584433,2.5556684939850807,2,0.7639821029082774
2025-06-03,2025,LONG,PM_LONG,88.76,2.9262599469496022,0.7798408488063661,33.660714285714285,True,True,0.0886817976852547,0.4719675334435593,0.009020618556701,0.3870434390500526,0.3125,0.3941747572815534,1,0.6757281553398058,0.9080977092709804,1.32887419209379,4.838899744476176,3.021843529234936,0.4920143044492543,0.5555555555555556,0.888321058169247,0.0025479764043512,-0.0005887624505165,0.2497972424979724,0.3799299527942744,0.0,1,0.3941747572815534,0.0886817976852547,-0.0005887624505165,0.0025479764043512,1.32887419209379,4.838899744476176,3.021843529234936,1,0.6757281553398058
2025-06-05,2025,LONG,VWAP_LONG,150.26,2.0688427299703265,3.410682492581602,60.17857142857143,False,True,0.0619802290914796,0.5868507767142633,0.0666666666666666,0.4652439981170563,0.1570469798657718,-0.4688026981450253,3,0.3440134907251265,1.0518377886564465,1.6735054134630496,5.748407343480307,3.955382080652753,0.5457714340278622,0.4761904761904761,0.5076102306605994,-0.0013810133184283,-0.0011923659367214,0.143526654950205,0.1774057292066661,0.0,3,-0.4688026981450253,0.0619802290914796,-0.0011923659367214,-0.0013810133184283,1.6735054134630496,5.748407343480307,3.955382080652753,3,0.3440134907251265
2025-06-06,2025,LONG,PM_LONG,-77.74,0.9942726231386024,4.089347079037801,31.178571428571427,False,False,0.580769539722066,1.0916539481082816,0.2641964481473361,0.3205076712988995,0.0675381263616557,-0.0300751879699248,6,0.3082706766917293,0.9076110889311164,0.9334484697566092,5.220869146116159,3.4564824483894334,0.6167836240641419,0.4325396825396825,1.0595228532412242,-0.0012241915617403,0.0009289344478822,0.2106682649086005,0.6072493331241174,1.0,4,-0.0300751879699248,0.580769539722066,0.0009289344478822,-0.0012241915617403,0.9334484697566092,5.220869146116159,3.4564824483894334,6,0.3082706766917293
2025-06-09,2025,LONG,PM_LONG,-86.24,0.1785480706344015,2.236102027468934,29.403846153846153,False,False,-0.096560529885883,0.3431489905035512,0.0042826552462526,0.4540738967360945,0.4889434889434889,0.5694200351493849,3,0.905096660808436,0.8260459499916045,1.3375229431011115,5.751288803766661,4.077723246349053,0.6610148009083711,0.4404761904761904,0.5059452557657012,-0.006084835007753,-0.003216997488924,0.0183609493954321,0.2747208611133424,0.0,0,0.5694200351493849,-0.096560529885883,-0.003216997488924,-0.006084835007753,1.3375229431011115,5.751288803766661,4.077723246349053,3,0.905096660808436
2025-06-09,2025,LONG,PM_LONG,30.26,1.995837669094693,0.218522372528616,17.160714285714285,False,True,-0.096560529885883,0.3431489905035512,0.0042826552462526,0.4540738967360945,0.4889434889434889,0.5694200351493849,3,0.905096660808436,0.8260459499916045,1.3375229431011115,5.751288803766661,4.077723246349053,0.6610148009083711,0.4404761904761904,0.5059452557657012,-0.006084835007753,-0.003216997488924,0.0183609493954321,0.2747208611133424,0.0,0,0.5694200351493849,-0.096560529885883,-0.003216997488924,-0.006084835007753,1.3375229431011115,5.751288803766661,4.077723246349053,3,0.905096660808436
2025-06-12,2025,LONG,PM_LONG,-64.74000000000001,0.0190217391304347,3.347826086956522,26.285714285714285,False,False,-0.1240059307184256,0.6415959024127241,0.0139324277255311,0.4133531023947522,0.542649727767695,0.8,2,0.915217391304348,0.9219602150115744,1.2564586422249182,6.076038998966618,4.599146335984188,1.044365196842023,0.2976190476190476,0.9938446331491216,-9.39068320970904e-05,6.714741773250488e-05,0.2055911473500291,0.9374856249137494,1.0,3,0.8,-0.1240059307184256,6.714741773250488e-05,-9.39068320970904e-05,1.2564586422249182,6.076038998966618,4.599146335984188,2,0.915217391304348
2025-06-16,2025,LONG,PM_LONG,-79.74,0.4003466204506066,3.772963604852686,20.607142857142858,False,False,0.3987661495820108,1.2070275828155037,0.1356870889581169,0.6732531628593142,0.6598984771573604,0.9827357237715804,0,0.9893758300132802,0.3441194110162603,0.4685949304841573,5.026724484778041,3.844713666234517,0.9247924558216152,0.2976190476190476,0.9057177343645224,-0.0042488864195984,-0.001879466681663,0.0454703228045817,0.7025761124121781,1.0,0,0.9827357237715804,0.3987661495820108,-0.001879466681663,-0.0042488864195984,0.4685949304841573,5.026724484778041,3.844713666234517,0,0.9893758300132802
2025-06-16,2025,LONG,PM_LONG,-67.24000000000001,0.6037735849056604,3.006289308176101,19.875,False,False,0.3987661495820108,1.2070275828155037,0.1356870889581169,0.6732531628593142,0.6598984771573604,0.9827357237715804,0,0.9893758300132802,0.3441194110162603,0.4685949304841573,5.026724484778041,3.844713666234517,0.9247924558216152,0.2976190476190476,0.9057177343645224,-0.0042488864195984,-0.001879466681663,0.0454703228045817,0.7025761124121781,1.0,0,0.9827357237715804,0.3987661495820108,-0.001879466681663,-0.0042488864195984,0.4685949304841573,5.026724484778041,3.844713666234517,0,0.9893758300132802
2025-06-17,2025,LONG,PM_LONG,-407.24,0.6804860614724804,8.215868477483918,24.982142857142858,False,False,-0.3109972585501775,0.643566581277246,0.0621468926553672,0.3784099591029616,0.0809399477806788,0.344418052256532,2,0.6959619952494062,0.1757386458613105,1.267044177789757,5.628457147993351,4.696251853849268,1.1400121467189148,0.2896825396825397,0.734349018021662,0.0034151018071513,-0.0001627060348439,0.1014492753623188,0.2431937055746792,0.0,1,0.344418052256532,-0.3109972585501775,-0.0001627060348439,0.0034151018071513,1.267044177789757,5.628457147993351,4.696251853849268,2,0.6959619952494062
2025-06-23,2025,LONG,PM_LONG,231.76,3.3596256684491976,0.1216577540106951,53.42857142857143,True,True,1.3047445255474452,1.572080291970803,0.0890446976336546,0.9242700729927008,0.8474226804123711,0.4787759131293188,1,0.91609081934847,1.0543384625111634,-0.4440237226277319,3.376952554744525,3.131090328467156,1.2349776248307378,0.2777777777777778,0.4972627737226277,0.002391443642796,-0.0009385053768964,0.0490045941807044,0.200976971388695,0.0,0,0.4787759131293188,1.3047445255474452,-0.0009385053768964,0.002391443642796,-0.4440237226277319,3.376952554744525,3.131090328467156,1,0.91609081934847
2025-06-24,2025,LONG,PM_LONG,64.26,3.798780487804878,1.246341463414634,29.285714285714285,True,True,0.8638920134983127,1.1473565804274466,0.110546378653113,0.2636670416197975,0.2759381898454746,0.5358361774744027,4,0.8907849829351536,0.8828745524812102,1.3072215973003325,4.997525309336333,4.954996625421827,1.6374034981171055,0.2817460317460317,1.2652418447694038,0.0016557137132235,-0.0005762644221627,0.0680142037694618,0.9197080291970804,1.0,1,0.5358361774744027,0.8638920134983127,-0.0005762644221627,0.0016557137132235,1.3072215973003325,4.997525309336333,4.954996625421827,4,0.8907849829351536
2025-06-24,2025,LONG,PM_LONG,36.26,2.234375,0.3125,16.0,False,True,0.8638920134983127,1.1473565804274466,0.110546378653113,0.2636670416197975,0.2759381898454746,0.5358361774744027,4,0.8907849829351536,0.8828745524812102,1.3072215973003325,4.997525309336333,4.954996625421827,1.6374034981171055,0.2817460317460317,1.2652418447694038,0.0016557137132235,-0.0005762644221627,0.0680142037694618,0.9197080291970804,1.0,1,0.5358361774744027,0.8638920134983127,-0.0005762644221627,0.0016557137132235,1.3072215973003325,4.997525309336333,4.954996625421827,4,0.8907849829351536
2025-06-26,2025,LONG,ORB_LONG,89.26,3.1247165532879824,0.9064625850340136,33.92307692307692,True,True,0.3597864609035037,0.5275671795792024,0.1173451932945603,0.4414337625050469,0.2517580872011252,0.2256097560975609,1,0.8475609756097561,1.033512303811384,2.373379390785519,5.942577721950566,6.266035619756851,1.5314884085497884,0.2857142857142857,0.5742227804943699,0.0045531075781179,0.001080799459046,0.0912124582869855,0.3933248653147037,0.0,3,0.2256097560975609,0.3597864609035037,0.001080799459046,0.0045531075781179,2.373379390785519,5.942577721950566,6.266035619756851,1,0.8475609756097561
2025-06-27,2025,LONG,PM_LONG,41.26,1.583159359777314,6.377870563674322,27.634615384615383,False,True,0.1683352529458669,0.451847257907327,0.0311720698254364,0.502347833791087,0.494692144373673,0.4867724867724867,0,0.6649029982363316,0.9021575494806692,2.8699388677239326,6.342358465491269,6.849955701249223,1.478529735344812,0.2976190476190476,0.7451049880393372,-0.001260696677876,-5.6850101056937774e-05,0.2204515272244356,0.3804225920775201,0.0,4,0.4867724867724867,0.1683352529458669,-5.6850101056937774e-05,-0.001260696677876,2.8699388677239326,6.342358465491269,6.849955701249223,0,0.6649029982363316
2025-07-01,2025,SHORT,ORB_SHORT,133.26,3.525374577090382,1.042049299178347,36.94642857142857,True,True,-0.233705772811918,0.5921787709497207,0.0844907407407407,0.4152700186219739,0.2653884964682139,-0.5852017937219731,6,0.0381165919282511,0.945681128999307,3.253631284916196,6.764804469273738,7.8258426443203,0.7522030278452022,0.2103174603174603,0.3556797020484171,0.0082777880055185,0.0039039258027183,0.1133412042502951,0.1685188558936054,0.0,1,0.5852017937219731,0.233705772811918,-0.0039039258027183,-0.0082777880055185,-3.253631284916196,-6.764804469273738,-7.8258426443203,-6,-0.0381165919282511
2025-07-02,2025,LONG,PM_LONG,80.26,3.1743625086147484,0.0385940730530668,25.910714285714285,True,True,-0.1197044795660712,0.7341251285887964,0.048358807316462,0.5770129991583279,0.7,0.9546191247974068,1,0.9773095623987034,0.8803528633997191,2.3777237445057517,5.754587113064626,7.1282380996913925,0.7264241672052736,0.1984126984126984,0.9398672028429814,-0.0024416255715407,-0.0040979625904726,0.0504847876964226,0.5363128491620112,0.0,2,0.9546191247974068,-0.1197044795660712,-0.0040979625904726,-0.0024416255715407,2.3777237445057517,5.754587113064626,7.1282380996913925,1,0.9773095623987034
2025-07-03,2025,LONG,PM_LONG,-27.74,2.053533190578159,2.338329764453962,16.678571428571427,False,False,0.3911588670531127,0.4241481690937367,0.0945157526254375,0.5306564871106084,0.6282527881040892,0.8312611012433393,2,0.8472468916518651,0.8513016806509671,2.719025401762571,5.996550261558031,7.6571893114661425,0.7453988564436498,0.1865079365079365,0.7842028370799755,-0.0027938021799629,-0.0010500803825284,0.0666666666666666,0.2141587954736743,0.0,3,0.8312611012433393,0.3911588670531127,-0.0010500803825284,-0.0027938021799629,2.719025401762571,5.996550261558031,7.6571893114661425,2,0.8472468916518651
2025-07-07,2025,SHORT,VWAP_SHORT,-28.74,4.483355525965379,2.3209054593874834,26.821428571428573,True,False,0.1474014549950073,0.4526651134040226,0.0418625475710767,0.2957538871190148,0.0530035335689045,-0.3118971061093247,4,0.2411575562700964,1.0140105947975444,2.547572630878222,5.73990775521849,7.880267224573245,0.8943952029934922,0.1547619047619047,0.2225286481860111,7.826452659309702e-05,-0.0002521524701004,0.3275862068965517,0.1661742983751846,0.0,0,0.3118971061093247,-0.1474014549950073,0.0002521524701004,-7.826452659309702e-05,-2.547572630878222,-5.73990775521849,-7.880267224573245,-4,-0.2411575562700964
2025-07-08,2025,LONG,VWAP_LONG,-24.24,1.1909424724602204,2.981640146878825,29.178571428571427,False,False,0.3004477827531417,0.6259328807357118,0.1091633466135458,0.3649670181520535,0.1105121293800539,-0.1319261213720316,3,0.7730870712401056,1.044612513081662,2.198613317925749,5.370638933025181,7.731537387452455,0.8229942393260198,0.1468253968253968,0.7617121671722278,0.0033606609887307,0.00026640047618,0.0967024824008892,0.5277923065950264,0.0,1,-0.1319261213720316,0.3004477827531417,0.00026640047618,0.0033606609887307,2.198613317925749,5.370638933025181,7.731537387452455,3,0.7730870712401056
2025-07-11,2025,LONG,PM_LONG,9.26,0.9098966026587888,3.1225997045790255,24.178571428571427,False,True,-0.469868219732491,0.8607669907704457,0.0861138861138861,0.5587088495138444,0.3162193698949825,0.5918727915194346,1,0.96113074204947,1.0652703267868402,2.313409999506447,5.392112926311629,8.450135728739948,0.5062449806096195,0.1031746031746031,0.7452741720546864,-0.0038315435265781,-0.0011907383201334,0.1807838179519595,0.4162623714341161,0.0,4,0.5918727915194346,-0.469868219732491,-0.0011907383201334,-0.0038315435265781,2.313409999506447,5.392112926311629,8.450135728739948,1,0.96113074204947
2025-07-14,2025,LONG,PM_LONG,-5.74,2.0907372400756143,0.6969124133585382,28.339285714285715,False,False,-0.1251231527093596,0.5615763546798029,0.0977855187857676,0.5733990147783251,0.0212765957446808,-0.0927835051546391,3,0.5962199312714777,1.180024668765564,1.8689655172413793,4.912275862068972,8.143364532019703,0.3798127761939524,0.1071428571428571,0.625615763546798,0.0031736674457972,-0.0003648298042363,0.0317919075144508,0.3563496372340951,0.0,0,-0.0927835051546391,-0.1251231527093596,-0.0003648298042363,0.0031736674457972,1.8689655172413793,4.912275862068972,8.143364532019703,3,0.5962199312714777
2025-07-14,2025,LONG,PM_LONG,-14.74,0.7832167832167832,1.1356643356643357,12.767857142857142,False,False,-0.1251231527093596,0.5615763546798029,0.0977855187857676,0.5733990147783251,0.0212765957446808,-0.0927835051546391,3,0.5962199312714777,1.180024668765564,1.8689655172413793,4.912275862068972,8.143364532019703,0.3798127761939524,0.1071428571428571,0.625615763546798,0.0031736674457972,-0.0003648298042363,0.0317919075144508,0.3563496372340951,0.0,0,-0.0927835051546391,-0.1251231527093596,-0.0003648298042363,0.0031736674457972,1.8689655172413793,4.912275862068972,8.143364532019703,3,0.5962199312714777
2025-07-15,2025,LONG,VWAP_LONG,-47.24,0.4060312331717824,2.3521809369951536,35.71153846153846,False,False,0.6201862572363454,0.8990687138182734,0.1594202898550724,0.4178202869368235,0.037593984962406,-0.3253012048192771,1,0.4578313253012048,1.2730144509713592,1.9241379310344768,5.079124087591238,8.55641077271583,0.3793274833540015,0.0714285714285714,0.9071230807953689,-0.009070199433129,-0.0019375115954456,0.3152746425884123,0.5458128078817734,0.0,1,-0.3253012048192771,0.6201862572363454,-0.0019375115954456,-0.009070199433129,1.9241379310344768,5.079124087591238,8.55641077271583,1,0.4578313253012048
2025-07-16,2025,LONG,VWAP_LONG,-74.74,1.8853883758826724,5.0418250950570345,35.40384615384615,False,False,-0.1159840521928234,0.6451612903225806,0.0466946484784889,0.5871692642261689,0.0874125874125874,-0.4250440917107583,3,0.4656084656084656,1.2999907052988249,1.968466835810082,5.2110806192719945,8.97467508931808,0.3875980042272153,0.0476190476190476,0.5809558328586962,0.0016252235650476,0.0009043519228961,0.0979202772963604,0.3382834130380065,0.0,2,-0.4250440917107583,-0.1159840521928234,0.0009043519228961,0.0016252235650476,1.968466835810082,5.2110806192719945,8.97467508931808,3,0.4656084656084656
2025-07-17,2025,LONG,PM_LONG,99.76,3.2421052631578946,0.4328947368421053,27.142857142857142,True,True,0.1380660450260162,0.5821441450723817,0.0547203848466626,0.4657153160579053,0.4481865284974093,0.6305309734513275,1,0.9358407079646016,1.0636882882807708,1.5382515068775406,4.779867085673078,8.721699036628717,0.2910324501926488,0.0476190476190476,1.047859461130287,0.0051291701577407,-0.0009827087957723,0.0763052208835341,0.7393983327292497,1.0,3,0.6305309734513275,0.1380660450260162,-0.0009827087957723,0.0051291701577407,1.5382515068775406,4.779867085673078,8.721699036628717,1,0.9358407079646016
2025-07-23,2025,LONG,VWAP_LONG,60.760000000000005,4.506508875739645,0.0331360946745562,15.089285714285714,True,True,0.1379724055188962,0.5422915416916617,0.0708944062219563,0.5842831433713257,0.3691275167785235,-0.9055441478439424,4,0.0718685831622176,1.176685954677458,1.3113977204559124,5.223371325734845,10.64263947210558,1.1228405439893172,0.0039682539682539,1.1745650869826034,0.0061455665653894,0.0023858192504578,0.0442194992008524,0.2522669146710067,0.0,2,-0.9055441478439424,0.1379724055188962,0.0023858192504578,0.0061455665653894,1.3113977204559124,5.223371325734845,10.64263947210558,4,0.0718685831622176
2025-07-24,2025,LONG,PM_LONG,-24.24,0.9,2.316666666666667,15.0,False,False,0.4010503700167104,0.4571496777273812,0.0274825943569072,0.4881833373120077,0.1627906976744186,-0.3863080684596577,2,0.3520782396088019,1.0885554947107885,1.3780735259011734,5.282931487228448,10.782722606827406,1.0911580708255126,0.0079365079365079,0.8665552637861065,0.0002008390347072,0.0021194483589647,0.3122284295468653,0.8290341931613677,1.0,3,-0.3863080684596577,0.4010503700167104,0.0021194483589647,0.0002008390347072,1.3780735259011734,5.282931487228448,10.782722606827406,2,0.3520782396088019
2025-07-29,2025,SHORT,ORB_SHORT,-54.74,1.94,1.51,25.0,False,False,0.6996597984466268,0.5751331921175942,0.1710914454277286,0.5828358687977405,0.6178343949044586,-0.3281938325991189,1,0.171806167400881,1.090227957006253,1.807368894024014,5.928929969831178,12.229963412285768,0.8155195972812309,0.0039682539682539,0.4660119391488542,-0.0038075414127756,0.0002581486529781,0.1430667644900953,0.323947171692001,0.0,1,0.3281938325991189,-0.6996597984466268,-0.0002581486529781,0.0038075414127756,-1.807368894024014,-5.928929969831178,-12.229963412285768,-1,-0.171806167400881
2025-07-29,2025,SHORT,ORB_SHORT,10.260000000000002,1.539858728557013,0.9465186680121088,17.696428571428573,False,True,0.6996597984466268,0.5751331921175942,0.1710914454277286,0.5828358687977405,0.6178343949044586,-0.3281938325991189,1,0.171806167400881,1.090227957006253,1.807368894024014,5.928929969831178,12.229963412285768,0.8155195972812309,0.0039682539682539,0.4660119391488542,-0.0038075414127756,0.0002581486529781,0.1430667644900953,0.323947171692001,0.0,1,0.3281938325991189,-0.6996597984466268,-0.0002581486529781,0.0038075414127756,-1.807368894024014,-5.928929969831178,-12.229963412285768,-1,-0.171806167400881
2025-07-30,2025,LONG,PM_LONG,8.26,2.797111913357401,6.016606498194946,26.634615384615383,True,True,0.0247589262444618,0.381808704717227,0.0299921073401736,0.4104769351055512,0.2326530612244897,0.3555555555555555,2,0.8253968253968254,0.8077711018361388,1.7482408131352696,5.929945269741985,12.457154026583265,0.3774580734348303,0.0039682539682539,1.1167578837633567,0.0021660892839965,-0.0002563906817496,0.1602373887240356,0.6174979138583991,1.0,2,0.3555555555555555,0.0247589262444618,-0.0002563906817496,0.0021660892839965,1.7482408131352696,5.929945269741985,12.457154026583265,2,0.8253968253968254
2025-08-01,2025,SHORT,ORB_SHORT,-147.24,2.430188679245283,2.2264150943396226,33.125,False,False,-1.559229673664004,1.566660474332776,0.1421904623012979,1.4675831320824817,0.014318010550113,-0.2691983122362869,1,0.7063291139240506,1.6455866176638303,1.0310235927921232,4.811492971701026,11.29844572419344,0.4028906040153748,0.0198412698412698,2.2119016657378165,-0.0018066123014276,-0.0005468127936627,0.2588099364529174,1.635716596570689,1.0,4,0.2691983122362869,1.559229673664004,0.0005468127936627,0.0018066123014276,-1.0310235927921232,-4.811492971701026,-11.29844572419344,-1,-0.7063291139240506
2025-08-04,2025,LONG,PM_LONG,65.76,1.209486166007905,1.9209486166007903,31.625,False,True,0.9798013614551948,1.228657515902243,0.1887229118451504,0.7811628166499275,0.6383265856950068,0.8785714285714286,0,0.91,0.980624579219285,-1.4223300970873818,1.8390135029572616,7.766582970650591,1.553623785103744,0.0396825396825396,1.3714987166610868,-0.0026836283986679,-0.0011048102540216,0.1263126312631263,1.091089231531364,1.0,0,0.8785714285714286,0.9798013614551948,-0.0011048102540216,-0.0026836283986679,-1.4223300970873818,1.8390135029572616,7.766582970650591,0,0.91
2025-08-14,2025,LONG,ORB_LONG,-84.24,0.7962085308056872,3.085308056872038,30.142857142857142,False,False,-0.3104276790004805,0.6602594906295051,0.0701025214740925,0.5333974050937049,0.4366197183098591,0.827027027027027,2,0.9495495495495496,0.9203092201824044,2.00730418068237,4.345276309466597,10.300389235944252,0.7976324331915253,0.2023809523809523,0.703507928880346,-0.005676471061925,-0.0019492009100863,0.0401159980666988,0.2572712225112319,0.0,3,0.827027027027027,-0.3104276790004805,-0.0019492009100863,-0.005676471061925,2.00730418068237,4.345276309466597,10.300389235944252,2,0.9495495495495496
2025-08-15,2025,SHORT,ORB_SHORT,-139.24,0.0094658553076402,4.013522650439486,26.410714285714285,False,False,-0.0708531495680869,0.3542657478404348,0.0319046084434418,0.5619722410948268,0.0854922279792746,-0.4784110535405872,2,0.5112262521588946,1.0895203676389211,1.852567213432978,4.177870523148604,10.295428515966227,0.7992069701040574,0.1825396825396825,0.6376783461127827,-0.0071118633187493,-0.0003360168631956,0.0990359333917616,0.4238346948582412,0.0,4,0.4784110535405872,0.0708531495680869,0.0003360168631956,0.0071118633187493,-1.852567213432978,-4.177870523148604,-10.295428515966227,-2,-0.5112262521588946
2025-08-19,2025,SHORT,ORB_SHORT,7.76,2.7525423728813556,1.1567796610169492,42.142857142857146,True,True,-0.1049894519943089,0.427807486631016,0.0716766656141458,0.6201246136486288,0.0891438658428949,-0.7642405063291139,4,0.1835443037974683,1.3243475169920256,1.1314330569592366,3.3550507776087946,9.729706127655398,0.657001385365058,0.1746031746031746,0.4150517588186234,0.0072103973101143,0.0054681588830769,0.063138905592303,0.230580775327857,0.0,1,0.7642405063291139,0.1049894519943089,-0.0054681588830769,-0.0072103973101143,-1.1314330569592366,-3.3550507776087946,-9.729706127655398,-4,-0.1835443037974683
2025-08-19,2025,SHORT,ORB_SHORT,10.760000000000002,1.1826923076923077,2.3076923076923075,26.0,False,True,-0.1049894519943089,0.427807486631016,0.0716766656141458,0.6201246136486288,0.0891438658428949,-0.7642405063291139,4,0.1835443037974683,1.3243475169920256,1.1314330569592366,3.3550507776087946,9.729706127655398,0.657001385365058,0.1746031746031746,0.4150517588186234,0.0072103973101143,0.0054681588830769,0.063138905592303,0.230580775327857,0.0,1,0.7642405063291139,0.1049894519943089,-0.0054681588830769,-0.0072103973101143,-1.1314330569592366,-3.3550507776087946,-9.729706127655398,-4,-0.1835443037974683
2025-08-22,2025,LONG,PM_LONG,159.12,1.1623672230652504,0.5735963581183612,82.375,False,True,0.0617480136208853,0.7509648127128263,0.0300114547537227,1.5518728717366628,0.6069757549978733,0.7618490345231129,3,0.8987712112346401,1.786000588080536,-0.9325766174801362,0.8260976163450672,6.867600454029518,0.5979068439944417,0.3492063492063492,0.8308740068104427,0.0140882307874223,-0.0026766999708769,0.0124703087885985,0.6475750577367205,1.0,4,0.7618490345231129,0.0617480136208853,-0.0026766999708769,0.0140882307874223,-0.9325766174801362,0.8260976163450672,6.867600454029518,3,0.8987712112346401
2025-08-22,2025,LONG,PM_LONG,25.26,1.838183108587651,0.2782114975159688,25.160714285714285,False,True,0.0617480136208853,0.7509648127128263,0.0300114547537227,1.5518728717366628,0.6069757549978733,0.7618490345231129,3,0.8987712112346401,1.786000588080536,-0.9325766174801362,0.8260976163450672,6.867600454029518,0.5979068439944417,0.3492063492063492,0.8308740068104427,0.0140882307874223,-0.0026766999708769,0.0124703087885985,0.6475750577367205,1.0,4,0.7618490345231129,0.0617480136208853,-0.0026766999708769,0.0140882307874223,-0.9325766174801362,0.8260976163450672,6.867600454029518,3,0.8987712112346401
2025-08-25,2025,LONG,PM_LONG,-42.24,0.4692028985507246,2.9039855072463765,19.714285714285715,False,False,-0.2946624736139232,0.5100590186533408,0.095505617977528,0.3997759875931589,0.4592933947772657,0.4267241379310345,3,0.8663793103448276,0.9959401417892544,0.2422349545513239,1.8206522207383784,7.620367897298928,1.1002969777285203,0.4206349206349206,1.5293154697798643,-0.0022337579581476,-0.0019908219439765,0.0063694267515923,0.3023836549375709,0.0,0,0.4267241379310345,-0.2946624736139232,-0.0019908219439765,-0.0022337579581476,0.2422349545513239,1.8206522207383784,7.620367897298928,3,0.8663793103448276
2025-08-28,2025,LONG,PM_LONG,27.26,2.2241379310344827,2.3706896551724137,29.0,False,True,0.2515997040003482,0.6102816349627823,0.1411042944785276,0.5946110651634527,0.2338568935427574,0.1229868228404099,4,0.5212298682284041,1.288074602434618,0.146389239542066,1.4222260914987153,7.531589256953818,0.7221987513426588,0.4087301587301587,0.5885169546859356,-0.0065375507599605,-0.0022729214695121,0.1153846153846153,0.2074367360991565,0.0,3,0.1229868228404099,0.2515997040003482,-0.0022729214695121,-0.0065375507599605,0.146389239542066,1.4222260914987153,7.531589256953818,4,0.5212298682284041
2025-08-29,2025,SHORT,ORB_SHORT,-62.24,1.430232558139535,2.058139534883721,21.5,False,False,-0.4885551433999819,0.5455532434633131,0.1513828238719068,0.8685424771555235,0.5959390862944163,-0.66875,0,0.2645833333333333,1.2977111970676156,0.8742875237492137,2.123206369311498,8.571473808015925,0.7014414911268866,0.3531746031746032,0.8160680358273772,0.0003323900577141,0.0027083450921575,0.2404400209533787,0.4753406172463326,0.0,4,0.66875,0.4885551433999819,-0.0027083450921575,-0.0003323900577141,-0.8742875237492137,-2.123206369311498,-8.571473808015925,0,-0.2645833333333333
2025-09-03,2025,LONG,PM_LONG,-349.74,0.4338358458961474,4.438023450586265,42.642857142857146,False,False,0.7835512565012395,0.6173139551839789,0.0525337052533705,0.416079327273611,0.2940057088487155,0.4859813084112149,5,0.9883177570093458,1.032694562384037,-1.4308073688815466,-0.2422981577796191,6.866742818256943,1.1654913880942297,0.1904761904761904,0.9925630680989646,0.0024181077640299,-0.0013283470745664,0.00418410041841,0.9072081628529576,1.0,2,0.4859813084112149,0.7835512565012395,-0.0013283470745664,0.0024181077640299,-1.4308073688815466,-0.2422981577796191,6.866742818256943,5,0.9883177570093458
2025-09-04,2025,LONG,PM_LONG,67.26,2.1304347826086953,1.092885375494071,18.071428571428573,False,True,0.5581395348837209,0.4079457364341085,0.0359533845772377,0.5358527131782945,0.1968085106382978,0.132007233273056,2,0.6401446654611211,1.0641641780978195,-0.967732558139532,0.1328100775193776,7.2350339147286755,1.281692022375602,0.2063492063492063,0.8052325581395349,-0.0002687097434677,0.0003827092769481,0.2494632889652211,0.6114810674184611,1.0,3,0.132007233273056,0.5581395348837209,0.0003827092769481,-0.0002687097434677,-0.967732558139532,0.1328100775193776,7.2350339147286755,2,0.6401446654611211
2025-09-08,2025,LONG,PM_LONG,-11.74,0.8553561718325178,2.7003806416530725,35.36538461538461,False,False,0.4365423532812951,0.5656740869230028,0.1541526202880784,0.4191962995085284,0.1861042183622828,0.6758620689655173,4,0.7954022988505747,0.9127710487727216,0.2886190613857569,1.269692589380358,8.37099354341332,1.1297710520032496,0.2222222222222222,1.532234749927725,-0.0091708267487988,-0.0028596707545884,0.0630524454920447,0.5527073873346028,0.0,0,0.6758620689655173,0.4365423532812951,-0.0028596707545884,-0.0091708267487988,0.2886190613857569,1.269692589380358,8.37099354341332,4,0.7954022988505747
2025-09-09,2025,SHORT,ORB_SHORT,-176.74,0.8214492753623189,3.059710144927537,33.17307692307692,False,False,0.2465844718427191,0.3598800399866711,0.0283080974325213,0.3989146474984529,0.4420921544209215,-0.7756563245823389,5,0.0071599045346062,0.8326142719896794,0.6441186271242947,1.5634788403865352,8.592907126196028,1.130931006651457,0.25,0.4788879897177132,-0.0059026009775704,0.0012958247510845,0.2218614718614718,0.3681218078442709,0.0,1,0.7756563245823389,-0.2465844718427191,-0.0012958247510845,0.0059026009775704,-0.6441186271242947,-1.5634788403865352,-8.592907126196028,-5,-0.0071599045346062
2025-09-11,2025,LONG,PM_LONG,74.26,1.976672805402087,0.5500306936771024,29.089285714285715,False,True,0.6695835996263704,0.5240646969175558,0.1311053984575835,0.3677302000884912,0.0619684082624544,0.2219251336898395,4,0.9411764705882352,0.9043629000664416,0.8479917408190326,1.5906199301902613,8.899901676417093,0.6981077611443727,0.1825396825396825,0.769873654195959,0.0090351620495954,0.0028325019939439,0.3303212851405622,0.6466239526860522,1.0,3,0.2219251336898395,0.6695835996263704,0.0028325019939439,0.0090351620495954,0.8479917408190326,1.5906199301902613,8.899901676417093,4,0.9411764705882352
2025-09-12,2025,LONG,PM_LONG,-5.74,3.1172465960665656,0.3343419062027231,25.423076923076923,True,False,0.0658531861320937,0.3292659306604688,0.0379188712522045,0.3195816385822196,0.3021702838063439,0.4757575757575757,5,0.9424242424242424,0.7647638741599735,1.6562560526825492,2.331570792175094,9.545859965136543,0.484975465546093,0.2261904761904762,0.5384466395506489,-0.0063920043471387,-0.0011774090748652,0.0306748466257668,0.200580109139177,0.0,4,0.4757575757575757,0.0658531861320937,-0.0011774090748652,-0.0063920043471387,1.6562560526825492,2.331570792175094,9.545859965136543,5,0.9424242424242424
2025-09-12,2025,LONG,PM_LONG,22.26,3.344709897610922,1.0511945392491469,10.464285714285714,True,True,0.0658531861320937,0.3292659306604688,0.0379188712522045,0.3195816385822196,0.3021702838063439,0.4757575757575757,5,0.9424242424242424,0.7647638741599735,1.6562560526825492,2.331570792175094,9.545859965136543,0.484975465546093,0.2261904761904762,0.5384466395506489,-0.0063920043471387,-0.0011774090748652,0.0306748466257668,0.200580109139177,0.0,4,0.4757575757575757,0.0658531861320937,-0.0011774090748652,-0.0063920043471387,1.6562560526825492,2.331570792175094,9.545859965136543,5,0.9424242424242424
2025-09-15,2025,LONG,PM_LONG,62.760000000000005,1.4929840972871842,1.3227315247895228,19.089285714285715,False,True,0.1521283339021892,0.4203032814861768,0.0942528735632183,0.364717928714223,0.2844364937388193,0.6737967914438503,2,0.7352941176470589,0.362526960492385,2.052806085133359,2.701097079331022,9.99713784192306,0.4744148058877805,0.1984126984126984,0.6124140621190697,-0.0001950614565939,-0.0012817994161988,0.1793265465935787,0.3069920588804958,0.0,0,0.6737967914438503,0.1521283339021892,-0.0012817994161988,-0.0001950614565939,2.052806085133359,2.701097079331022,9.99713784192306,2,0.7352941176470589
2025-09-18,2025,LONG,PM_LONG,-120.24,0.8578680203045684,1.62994923857868,37.88461538461539,False,False,1.025321710253217,1.1280614362806145,0.1758717230847543,0.8603154836031548,0.3422680412371134,0.4873341375150784,2,0.873341375150784,0.12262581043764,1.928497301784976,2.749584889995849,10.645672478206723,0.7571968716185333,0.0833333333333333,1.2349522623495226,0.0068625110402269,-0.0003621226500141,0.0115521949170342,0.8337999490964622,1.0,3,0.4873341375150784,1.025321710253217,-0.0003621226500141,0.0068625110402269,1.928497301784976,2.749584889995849,10.645672478206723,2,0.873341375150784
2025-09-22,2025,LONG,PM_LONG,64.76,4.953664700926706,0.9907329401853412,21.196428571428573,True,True,1.2716937471703806,1.8713214950450223,0.1621322171611473,0.3682277780572463,0.3470149253731343,0.8879781420765027,2,0.8989071038251366,0.7388869195320809,2.8673474520851148,3.7972735047034583,11.504834247195529,0.8831401926359145,0.1468253968253968,0.8591981488002414,-0.0031522202993519,-0.0004409126841333,0.0351947442515251,0.2563304275633042,0.0,0,0.8879781420765027,1.2716937471703806,-0.0004409126841333,-0.0031522202993519,2.8673474520851148,3.7972735047034583,11.504834247195529,2,0.8989071038251366
2025-09-22,2025,LONG,PM_LONG,60.260000000000005,3.263803680981595,0.0687116564417177,14.553571428571429,True,True,1.2716937471703806,1.8713214950450223,0.1621322171611473,0.3682277780572463,0.3470149253731343,0.8879781420765027,2,0.8989071038251366,0.7388869195320809,2.8673474520851148,3.7972735047034583,11.504834247195529,0.8831401926359145,0.1468253968253968,0.8591981488002414,-0.0031522202993519,-0.0004409126841333,0.0351947442515251,0.2563304275633042,0.0,0,0.8879781420765027,1.2716937471703806,-0.0004409126841333,-0.0031522202993519,2.8673474520851148,3.7972735047034583,11.504834247195529,2,0.8989071038251366
2025-09-23,2025,SHORT,ORB_SHORT,143.26,8.066027689030884,0.7305644302449414,16.767857142857142,True,True,-0.0861343497846641,0.2108806494727984,0.0061967467079783,0.3178060492054849,0.3636363636363636,-0.6105919003115264,0,0.2803738317757009,0.8381871549308242,4.609425275976437,5.647680807880801,13.325231424186915,1.2637699540891894,0.1706349206349206,0.8286718479283204,0.0065415468744163,0.0012932796269127,0.3501529051987767,0.5110921072488556,0.0,1,0.6105919003115264,0.0861343497846641,-0.0012932796269127,-0.0065415468744163,-4.609425275976437,-5.647680807880801,-13.325231424186915,0,-0.2803738317757009
2025-09-23,2025,SHORT,ORB_SHORT,16.76,1.2140921409214092,1.1382113821138211,26.357142857142858,False,True,-0.0861343497846641,0.2108806494727984,0.0061967467079783,0.3178060492054849,0.3636363636363636,-0.6105919003115264,0,0.2803738317757009,0.8381871549308242,4.609425275976437,5.647680807880801,13.325231424186915,1.2637699540891894,0.1706349206349206,0.8286718479283204,0.0065415468744163,0.0012932796269127,0.3501529051987767,0.5110921072488556,0.0,1,0.6105919003115264,0.0861343497846641,-0.0012932796269127,-0.0065415468744163,-4.609425275976437,-5.647680807880801,-13.325231424186915,0,-0.2803738317757009
2025-09-24,2025,SHORT,ORB_SHORT,173.26,6.801940177849636,1.4260307194826192,22.089285714285715,True,True,0.3162827020695041,0.4002342834830144,0.0519328387348691,0.446114798906677,0.2564102564102564,-0.7417943107221007,4,0.1334792122538293,0.9237365123367643,3.4489457243264403,4.577137836782513,12.219767668879337,1.4820768536474485,0.2142857142857142,0.900039047247169,0.0032441803957469,0.0010272796504262,0.2674315975286849,0.6841245482896886,1.0,2,0.7417943107221007,-0.3162827020695041,-0.0010272796504262,-0.0032441803957469,-3.4489457243264403,-4.577137836782513,-12.219767668879337,-4,-0.1334792122538293
2025-09-25,2025,SHORT,VWAP_SHORT,-204.74,2.2270742358078603,4.296943231441048,28.625,False,False,-0.543369653137936,0.9601750963505734,0.1824034334763948,0.8364657182281011,0.2841565105837075,0.2434584755403868,1,0.9465301478953356,1.4688251899601654,2.8165294761383644,4.016253509064088,11.531065328067754,1.5248478297365502,0.2936507936507936,1.0324975020221727,0.0004195628848839,-0.0009381375455166,0.1615150195907705,0.6725888324873096,1.0,3,-0.2434584755403868,0.543369653137936,0.0009381375455166,-0.0004195628848839,-2.8165294761383644,-4.016253509064088,-11.531065328067754,-1,-0.9465301478953356
2025-10-01,2025,LONG,PM_LONG,91.76,5.128133704735376,0.5654596100278552,12.821428571428571,True,True,-0.249847367679519,0.9139153712487672,0.0895761741122565,0.6452824872023669,0.2915921288014311,0.777292576419214,2,0.9956331877729258,1.0779158121319987,2.3236744470013564,3.924895505565208,11.55991170807307,0.50344731723984,0.3452380952380952,0.5316301131827361,0.0001795754115574,-0.0015515833348918,0.1152296535052377,0.2754742159946621,0.0,2,0.777292576419214,-0.249847367679519,-0.0015515833348918,0.0001795754115574,2.3236744470013564,3.924895505565208,11.55991170807307,2,0.9956331877729258
2025-10-06,2025,LONG,VWAP_LONG,-12.24,2.6610486891385765,1.048689138576779,19.071428571428573,True,False,0.8192189777353369,0.99512489319998,0.2380079437824625,0.421169020455345,0.1903225806451612,-0.7756563245823389,6,0.152744630071599,0.94523075121037,2.2160124641905874,4.5058853093431095,12.91117756445695,0.6525613083755908,0.1507936507936507,0.9971352465195756,0.0029037098528326,0.0015651697609656,0.1346153846153846,0.679230271990453,1.0,0,-0.7756563245823389,0.8192189777353369,0.0015651697609656,0.0029037098528326,2.2160124641905874,4.5058853093431095,12.91117756445695,6,0.152744630071599
2025-10-06,2025,LONG,PM_LONG,27.26,2.2664756446991405,1.7249283667621778,12.464285714285714,False,True,0.8192189777353369,0.99512489319998,0.2380079437824625,0.421169020455345,0.1903225806451612,-0.7756563245823389,6,0.152744630071599,0.94523075121037,2.2160124641905874,4.5058853093431095,12.91117756445695,0.6525613083755908,0.1507936507936507,0.9971352465195756,0.0029037098528326,0.0015651697609656,0.1346153846153846,0.679230271990453,1.0,0,-0.7756563245823389,0.8192189777353369,0.0015651697609656,0.0029037098528326,2.2160124641905874,4.5058853093431095,12.91117756445695,6,0.152744630071599
2025-10-07,2025,SHORT,ORB_SHORT,74.66,6.117808219178082,0.0863013698630136,26.071428571428573,True,True,0.0083000466877626,0.630803548269959,0.0657937806873977,0.2407013539451159,0.1481481481481481,-0.2543103448275862,5,0.2586206896551724,0.8769499613536311,2.895419411734191,5.4351195725475945,14.182673652539297,0.7728718463878896,0.0873015873015873,0.5924158323390569,-0.0042828913673075,-0.0010706275630298,0.2624821683309558,0.4824847967030205,0.0,1,0.2543103448275862,-0.0083000466877626,0.0010706275630298,0.0042828913673075,-2.895419411734191,-5.4351195725475945,-14.182673652539297,-5,-0.2586206896551724
2025-10-07,2025,SHORT,ORB_SHORT,76.68,3.467539552645936,0.8325150027277688,32.732142857142854,True,True,0.0083000466877626,0.630803548269959,0.0657937806873977,0.2407013539451159,0.1481481481481481,-0.2543103448275862,5,0.2586206896551724,0.8769499613536311,2.895419411734191,5.4351195725475945,14.182673652539297,0.7728718463878896,0.0873015873015873,0.5924158323390569,-0.0042828913673075,-0.0010706275630298,0.2624821683309558,0.4824847967030205,0.0,1,0.2543103448275862,-0.0083000466877626,0.0010706275630298,0.0042828913673075,-2.895419411734191,-5.4351195725475945,-14.182673652539297,-5,-0.2586206896551724
2025-10-08,2025,LONG,PM_LONG,21.76,3.0625,0.3625,20.0,True,True,0.1679467485919099,0.3481822836661546,0.0149439601494396,0.6461853558627753,0.5707472178060413,0.8431061806656102,0,0.8874801901743264,1.0163810023145194,1.7951356886840728,4.432401433691761,13.11740399385561,1.005306798088755,0.119047619047619,1.1479774705581156,-0.0041360693464818,-0.002682374334596,0.192621711521016,0.9845930383358408,1.0,2,0.8431061806656102,0.1679467485919099,-0.002682374334596,-0.0041360693464818,1.7951356886840728,4.432401433691761,13.11740399385561,0,0.8874801901743264
2025-10-09,2025,SHORT,ORB_SHORT,-153.24,0.5191932335718933,3.1242680546519193,27.446428571428573,False,False,0.1377245508982036,0.3942115768463073,0.0287407407407407,0.4341317365269461,0.4593023255813953,-0.9264367816091954,2,0.0206896551724137,1.1412029291950232,2.4777944111776447,5.193892215568861,13.730973053892214,1.0506361209432489,0.1626984126984127,0.8972055888223552,-6.979323063038834e-05,-0.0003203401969338,0.2392099487929773,0.34715821812596,0.0,3,0.9264367816091954,-0.1377245508982036,0.0003203401969338,6.979323063038834e-05,-2.4777944111776447,-5.193892215568861,-13.730973053892214,-2,-0.0206896551724137
2025-10-10,2025,SHORT,ORB_SHORT,60.260000000000005,1.532817426196618,1.6130696474634565,62.30357142857143,False,True,0.2616147947677041,0.4209893249135468,0.009295352323838,0.3778880368866837,0.0580110497237569,0.2785145888594164,5,0.4854111405835544,1.0270084750732127,2.0132310930687116,4.885099984964662,13.54021951586227,1.0653600132695684,0.1626984126984127,0.6976394527138776,0.0001281670588375,-0.0002267529225918,0.0649836372136512,0.2694610778443114,0.0,4,-0.2785145888594164,-0.2616147947677041,0.0002267529225918,-0.0001281670588375,-2.0132310930687116,-4.885099984964662,-13.54021951586227,-5,-0.4854111405835544
2025-10-16,2025,LONG,PM_LONG,-407.24,1.0599369085173502,9.470732562215211,50.94642857142857,False,False,0.3684029502808881,0.6871250047770092,0.0586080586080586,0.3424160201780869,0.091533180778032,0.5736607142857143,4,0.8571428571428571,1.5304163554338777,0.1571444949745907,2.3337027553789147,9.139683570909924,1.4384461472606906,0.6468253968253969,1.3887721175526428,-0.0097652622793737,-0.0018225802058136,0.1729287090558766,1.433940912581336,1.0,3,0.5736607142857143,0.3684029502808881,-0.0018225802058136,-0.0097652622793737,0.1571444949745907,2.3337027553789147,9.139683570909924,4,0.8571428571428571
2025-10-16,2025,SHORT,ORB_SHORT,272.26,3.176010430247718,1.5076923076923077,68.48214285714286,True,True,0.3684029502808881,0.6871250047770092,0.0586080586080586,0.3424160201780869,0.091533180778032,0.5736607142857143,4,0.8571428571428571,1.5304163554338777,0.1571444949745907,2.3337027553789147,9.139683570909924,1.4384461472606906,0.6468253968253969,1.3887721175526428,-0.0097652622793737,-0.0018225802058136,0.1729287090558766,1.433940912581336,1.0,3,-0.5736607142857143,-0.3684029502808881,0.0018225802058136,0.0097652622793737,-0.1571444949745907,-2.3337027553789147,-9.139683570909924,-4,-0.8571428571428571
2025-10-20,2025,LONG,PM_LONG,1.7599999999999998,1.933609958506224,0.2489626556016597,30.125,False,True,0.2126873938409275,0.5811978435861458,0.0466159547493661,0.5029170666863599,0.3990610328638497,0.8942731277533039,0,0.9177679882525698,0.9004008392807454,0.3475371095192422,2.4385348201757657,9.08625286167935,0.8378876070634321,0.6706349206349206,1.1284247839893655,-0.0042588301155686,-0.0021627909000525,0.2011796924373288,0.5805879745900429,0.0,0,0.8942731277533039,0.2126873938409275,-0.0021627909000525,-0.0042588301155686,0.3475371095192422,2.4385348201757657,9.08625286167935,0,0.9177679882525698
2025-10-22,2025,SHORT,ORB_SHORT,203.76,4.323108384458077,1.8991138377641443,52.392857142857146,True,True,-0.1471613352954844,0.4081790721090543,0.0019510080208107,0.6219502749593371,0.2052267486548808,-0.7334993773349938,2,0.1457036114570361,1.1720168595331093,1.063860274184806,3.180048021067303,10.236426303152353,0.8592185819246372,0.6190476190476191,0.447680272635737,-0.000558404934824,0.0018821534526199,0.1199616122840691,0.3524296284995041,0.0,2,0.7334993773349938,0.1471613352954844,-0.0018821534526199,0.000558404934824,-1.063860274184806,-3.180048021067303,-10.236426303152353,-2,-0.1457036114570361
2025-10-22,2025,SHORT,ORB_SHORT,87.26,1.800918836140888,1.7108728943338438,58.30357142857143,False,True,-0.1471613352954844,0.4081790721090543,0.0019510080208107,0.6219502749593371,0.2052267486548808,-0.7334993773349938,2,0.1457036114570361,1.1720168595331093,1.063860274184806,3.180048021067303,10.236426303152353,0.8592185819246372,0.6190476190476191,0.447680272635737,-0.000558404934824,0.0018821534526199,0.1199616122840691,0.3524296284995041,0.0,2,0.7334993773349938,0.1471613352954844,-0.0018821534526199,0.000558404934824,-1.063860274184806,-3.180048021067303,-10.236426303152353,-2,-0.1457036114570361
2025-10-23,2025,LONG,PM_LONG,39.76,2.277365896205844,1.8438726559092893,40.94642857142857,False,True,0.1038592296484477,0.5828071879553182,0.0024313997915943,0.5409646206149363,0.4269293924466338,0.8052486187845304,2,0.9019337016574586,1.098813820668981,-0.0029140359397722,2.013449396645121,8.830048193671317,1.1269990507524028,0.6587301587301587,1.4473045167557068,-0.0022266174105132,-0.0037488304635224,0.0888536295120983,0.9689412129192162,1.0,3,0.8052486187845304,0.1038592296484477,-0.0037488304635224,-0.0022266174105132,-0.0029140359397722,2.013449396645121,8.830048193671317,2,0.9019337016574586
2025-10-23,2025,LONG,PM_LONG,184.76,3.883303411131059,0.6157989228007181,19.892857142857142,True,True,0.1038592296484477,0.5828071879553182,0.0024313997915943,0.5409646206149363,0.4269293924466338,0.8052486187845304,2,0.9019337016574586,1.098813820668981,-0.0029140359397722,2.013449396645121,8.830048193671317,1.1269990507524028,0.6587301587301587,1.4473045167557068,-0.0022266174105132,-0.0037488304635224,0.0888536295120983,0.9689412129192162,1.0,3,0.8052486187845304,0.1038592296484477,-0.0037488304635224,-0.0022266174105132,-0.0029140359397722,2.013449396645121,8.830048193671317,2,0.9019337016574586
2025-10-24,2025,LONG,PM_LONG,17.76,0.9477911646586346,1.1164658634538152,31.125,False,True,0.566312255176273,0.7371759000186532,0.2129186602870813,0.3596343965678045,0.0567081604426002,0.2821576763485477,3,0.5850622406639004,0.9035522208918024,0.7796679723932081,2.8119231486662883,9.63541130386122,1.1062706518985344,0.6587301587301587,0.8640179071068831,-0.0005832075722655,-0.0007852943601769,0.13271719038817,0.3773302947659431,0.0,4,0.2821576763485477,0.566312255176273,-0.0007852943601769,-0.0005832075722655,0.7796679723932081,2.8119231486662883,9.63541130386122,3,0.5850622406639004
2025-10-27,2025,LONG,PM_LONG,113.76,2.366603892027621,0.7752667922159447,30.634615384615383,False,True,0.7644064044860917,0.4545119161809193,0.0918790752815649,0.2508669667232347,0.3957115009746588,0.6823529411764706,3,0.9117647058823528,0.7295655416578145,1.472994908876268,3.5109127130524582,10.285977274404196,1.07095798892814,0.6706349206349206,0.4102412749944661,-0.0062903462682273,-0.0017018699169082,0.1233062330623306,0.204439470248088,0.0,0,0.6823529411764706,0.7644064044860917,-0.0017018699169082,-0.0062903462682273,1.472994908876268,3.5109127130524582,10.285977274404196,3,0.9117647058823528
2025-10-27,2025,LONG,PM_LONG,23.76,2.035541195476575,0.3844911147011308,11.053571428571429,False,True,0.7644064044860917,0.4545119161809193,0.0918790752815649,0.2508669667232347,0.3957115009746588,0.6823529411764706,3,0.9117647058823528,0.7295655416578145,1.472994908876268,3.5109127130524582,10.285977274404196,1.07095798892814,0.6706349206349206,0.4102412749944661,-0.0062903462682273,-0.0017018699169082,0.1233062330623306,0.204439470248088,0.0,0,0.6823529411764706,0.7644064044860917,-0.0017018699169082,-0.0062903462682273,1.472994908876268,3.5109127130524582,10.285977274404196,3,0.9117647058823528
2025-10-28,2025,LONG,PM_LONG,200.76,3.6818181818181817,0.6704545454545454,22.0,True,True,0.3432419711068467,0.3468626670045983,0.0785508175697339,0.2042072486331873,0.2448275862068965,-0.2375886524822695,4,0.1595744680851064,0.7006392894868598,2.3727506426735174,4.412411745537497,11.11024294869474,1.0978533567557938,0.6904761904761905,0.4344835077301857,0.0025446251405932,-0.0008370268978896,0.1665312753858651,0.2139747657345237,0.0,1,-0.2375886524822695,0.3432419711068467,-0.0008370268978896,0.0025446251405932,2.3727506426735174,4.412411745537497,11.11024294869474,4,0.1595744680851064
2025-10-31,2025,SHORT,ORB_SHORT,159.26,8.326990838618745,2.328400281888654,25.339285714285715,True,True,0.7038329983426778,0.4111569519376564,0.0318419991938734,0.4019887866285835,0.1974358974358974,-0.543859649122807,1,0.4543859649122807,1.0967766921707716,1.8809548996791183,3.903621425297083,10.670926337317956,0.9141343259983,0.7103174603174603,0.6713917980182658,0.0071986395037852,0.0008572596094746,0.1069108092144122,0.2895656515227159,0.0,4,0.543859649122807,-0.7038329983426778,-0.0008572596094746,-0.0071986395037852,-1.8809548996791183,-3.903621425297083,-10.670926337317956,-1,-0.4543859649122807
2025-10-31,2025,SHORT,ORB_SHORT,-234.24,0.8499271491015055,3.2841185041282173,36.767857142857146,False,False,0.7038329983426778,0.4111569519376564,0.0318419991938734,0.4019887866285835,0.1974358974358974,-0.543859649122807,1,0.4543859649122807,1.0967766921707716,1.8809548996791183,3.903621425297083,10.670926337317956,0.9141343259983,0.7103174603174603,0.6713917980182658,0.0071986395037852,0.0008572596094746,0.1069108092144122,0.2895656515227159,0.0,4,0.543859649122807,-0.7038329983426778,-0.0008572596094746,-0.0071986395037852,-1.8809548996791183,-3.903621425297083,-10.670926337317956,-1,-0.4543859649122807
2025-11-04,2025,SHORT,MOM_SHORT,200.76,6.116760828625235,0.4416195856873823,37.92857142857143,True,True,-1.018285873813512,1.2862925739810165,0.1916902738432483,0.6441931881630374,0.7557557557557557,0.5384615384615384,1,0.8786565547128927,1.0334297902635916,2.0341289782244556,4.003615298715805,10.875335008375204,0.6752780929070497,0.7222222222222222,0.7063093243997767,0.0038503086852597,0.0001656385357942,0.0516962843295638,0.3788355350527713,0.0,1,-0.5384615384615384,1.018285873813512,-0.0001656385357942,-0.0038503086852597,-2.0341289782244556,-4.003615298715805,-10.875335008375204,-1,-0.8786565547128927
2025-11-04,2025,SHORT,ORB_SHORT,147.76,1.38422131147541,1.89344262295082,34.857142857142854,False,True,-1.018285873813512,1.2862925739810165,0.1916902738432483,0.6441931881630374,0.7557557557557557,0.5384615384615384,1,0.8786565547128927,1.0334297902635916,2.0341289782244556,4.003615298715805,10.875335008375204,0.6752780929070497,0.7222222222222222,0.7063093243997767,0.0038503086852597,0.0001656385357942,0.0516962843295638,0.3788355350527713,0.0,1,-0.5384615384615384,1.018285873813512,-0.0001656385357942,-0.0038503086852597,-2.0341289782244556,-4.003615298715805,-10.875335008375204,-1,-0.8786565547128927
2025-11-06,2025,SHORT,ORB_SHORT,296.76,1.9815277084373435,1.3944083874188715,71.53571428571429,False,True,-0.4968368056705641,0.5485078334603027,0.0251112067728511,0.7432678612831639,0.3949329359165425,-0.8092691622103387,0,0.1515151515151515,1.358452694904576,1.1290782021132086,2.9192143353979643,9.573942565665266,0.9815246412759544,0.7777777777777778,1.0354079030174557,0.0012653443154834,0.0044745830214448,0.2982954545454545,0.4921956646327073,0.0,3,0.8092691622103387,0.4968368056705641,-0.0044745830214448,-0.0012653443154834,-1.1290782021132086,-2.9192143353979643,-9.573942565665266,0,-0.1515151515151515
2025-11-07,2025,SHORT,VWAP_SHORT,169.76,2.646574679254418,2.615105301379811,79.4423076923077,True,True,-0.6985785823147025,0.7284376846754378,0.0834925272502528,0.5716773972815776,0.2389910218041898,-0.8313384113166485,4,0.1632208922742111,1.363101064954266,-0.1276476625921415,1.4804391776305588,7.776588597555289,1.0721675920896132,0.8055555555555556,1.2130260334048708,0.0078141398509415,0.0035906899328331,0.0256519880290722,0.6611241760789639,1.0,4,0.8313384113166485,0.6985785823147025,-0.0035906899328331,-0.0078141398509415,0.1276476625921415,-1.4804391776305588,-7.776588597555289,-4,-0.1632208922742111
2025-11-07,2025,SHORT,ORB_SHORT,-407.24,0.8135725429017161,8.31591263650546,45.785714285714285,False,False,-0.6985785823147025,0.7284376846754378,0.0834925272502528,0.5716773972815776,0.2389910218041898,-0.8313384113166485,4,0.1632208922742111,1.363101064954266,-0.1276476625921415,1.4804391776305588,7.776588597555289,1.0721675920896132,0.8055555555555556,1.2130260334048708,0.0078141398509415,0.0035906899328331,0.0256519880290722,0.6611241760789639,1.0,4,0.8313384113166485,0.6985785823147025,-0.0035906899328331,-0.0078141398509415,0.1276476625921415,-1.4804391776305588,-7.776588597555289,-4,-0.1632208922742111
2025-11-12,2025,SHORT,ORB_SHORT,-108.74,0.5011933174224343,2.806682577565632,44.892857142857146,False,False,0.2641485356983347,0.5136221527467619,0.0989864136295018,0.5589229885790851,0.3232963549920761,-0.9235159817351598,2,0.0673515981735159,1.1165552501435685,0.3214126204300389,1.949811778217318,8.545032859056981,1.4465314219712333,0.7936507936507936,0.5544567089899828,0.0064298850262516,0.0045443974929071,0.2172364672364672,0.4418289376386493,0.0,2,0.9235159817351598,-0.2641485356983347,-0.0045443974929071,-0.0064298850262516,-0.3214126204300389,-1.949811778217318,-8.545032859056981,-2,-0.0673515981735159
2025-11-13,2025,SHORT,ORB_SHORT,166.76,3.4299640841457157,0.5315546434068753,69.60714285714286,True,True,-0.2208756841282251,0.7486317435496482,0.0337662337662337,0.5753192598384155,0.2058823529411764,-0.7214043035107588,4,0.1687429218573046,1.3850755755281363,-0.0493223872817286,1.5746286161063363,8.380860698462346,1.379687728957261,0.7658730158730159,0.7603596559812353,0.0004350543569062,0.0021614417177555,0.0301068306895435,0.2233139794551139,0.0,3,0.7214043035107588,0.2208756841282251,-0.0021614417177555,-0.0004350543569062,0.0493223872817286,-1.5746286161063363,-8.380860698462346,-4,-0.1687429218573046
2025-11-13,2025,SHORT,ORB_SHORT,146.26,3.597964376590331,0.1543681085665818,42.107142857142854,True,True,-0.2208756841282251,0.7486317435496482,0.0337662337662337,0.5753192598384155,0.2058823529411764,-0.7214043035107588,4,0.1687429218573046,1.3850755755281363,-0.0493223872817286,1.5746286161063363,8.380860698462346,1.379687728957261,0.7658730158730159,0.7603596559812353,0.0004350543569062,0.0021614417177555,0.0301068306895435,0.2233139794551139,0.0,3,0.7214043035107588,0.2208756841282251,-0.0021614417177555,-0.0004350543569062,0.0493223872817286,-1.5746286161063363,-8.380860698462346,-4,-0.1687429218573046
2025-11-14,2025,LONG,PM_LONG,-78.24,1.2858524009023526,2.4228166290686435,55.410714285714285,False,False,-0.8898993179603768,1.2945761610912634,0.1667848101265822,1.0451445274439752,0.6709440879926672,0.714108141702921,1,0.9546302050963332,1.628500699721784,-1.3799935043845404,0.189295225722636,7.019168561221172,1.319973682824833,0.7698412698412699,1.2978239688210458,-0.0004081859610414,-0.0050064800979985,0.2164290274526495,0.8235600729736774,1.0,4,0.714108141702921,-0.8898993179603768,-0.0050064800979985,-0.0004081859610414,-1.3799935043845404,0.189295225722636,7.019168561221172,1,0.9546302050963332
2025-11-18,2025,SHORT,ORB_SHORT,38.16,1.2457859662877302,3.476675813406507,91.10714285714286,False,True,-0.0853918877706617,0.8685574870387314,0.0785922201640645,0.9807868252516012,0.4207089552238806,-0.4975124378109453,0,0.2195273631840796,1.7878197454827978,-2.0051845074717902,-0.7119609637084445,5.746623970722779,0.8178162335939706,0.8055555555555556,1.2753888380603842,0.0109195570873978,0.00287092254081,0.2671345995045417,0.8906426155580609,1.0,1,0.4975124378109453,0.0853918877706617,-0.00287092254081,-0.0109195570873978,2.0051845074717902,0.7119609637084445,-5.746623970722779,0,-0.2195273631840796
2025-11-18,2025,SHORT,ORB_SHORT,-813.24,0.481002425222312,3.160468876313662,88.35714285714286,False,False,-0.0853918877706617,0.8685574870387314,0.0785922201640645,0.9807868252516012,0.4207089552238806,-0.4975124378109453,0,0.2195273631840796,1.7878197454827978,-2.0051845074717902,-0.7119609637084445,5.746623970722779,0.8178162335939706,0.8055555555555556,1.2753888380603842,0.0109195570873978,0.00287092254081,0.2671345995045417,0.8906426155580609,1.0,1,0.4975124378109453,0.0853918877706617,-0.00287092254081,-0.0109195570873978,2.0051845074717902,0.7119609637084445,-5.746623970722779,0,-0.2195273631840796
2025-11-20,2025,LONG,PM_LONG,-407.24,0.2111500134661998,16.39806086722327,66.30357142857143,False,False,1.1925685638454733,0.7419640224122678,0.0973633440514469,0.3662636390445296,0.2718631178707224,0.3204508856682769,3,0.7471819645732689,1.2422626169065905,-1.948274845178415,-0.8861220878796805,5.374632851666177,0.8794160086497629,0.8095238095238095,1.1324093187850193,0.00416907807615,0.0005396088198843,0.1436512072259857,1.0,1.0,3,0.3204508856682769,1.1925685638454733,0.0005396088198843,0.00416907807615,-1.948274845178415,-0.8861220878796805,5.374632851666177,3,0.7471819645732689
2025-11-21,2025,SHORT,ORB_SHORT,224.76,1.5252768415984594,4.2746750120365915,115.38888888888889,False,True,-0.2059021695189327,0.8360059291200647,0.0347897040278911,0.6236356286214796,0.357481673134972,-0.6266205704407951,3,0.0432152117545375,1.3840161975904826,-2.553618110766746,-1.7096024794502116,4.003818892332573,0.8052848846415054,0.8373015873015873,2.3835062660018864,0.0093002563560805,0.0039941743412967,0.4080082135523614,2.492480094367443,1.0,4,0.6266205704407951,0.2059021695189327,-0.0039941743412967,-0.0093002563560805,2.553618110766746,1.7096024794502116,-4.003818892332573,-3,-0.0432152117545375
2025-11-21,2025,LONG,PM_LONG,-73.74,1.3250551876379693,1.2980132450331128,64.71428571428571,False,False,-0.2059021695189327,0.8360059291200647,0.0347897040278911,0.6236356286214796,0.357481673134972,-0.6266205704407951,3,0.0432152117545375,1.3840161975904826,-2.553618110766746,-1.7096024794502116,4.003818892332573,0.8052848846415054,0.8373015873015873,2.3835062660018864,0.0093002563560805,0.0039941743412967,0.4080082135523614,2.492480094367443,1.0,4,-0.6266205704407951,-0.2059021695189327,0.0039941743412967,0.0093002563560805,-2.553618110766746,-1.7096024794502116,4.003818892332573,3,0.0432152117545375
2025-11-26,2025,LONG,PM_LONG,-67.24000000000001,0.7130434782608696,1.8869565217391304,28.75,False,False,0.3863298662704309,0.3510715994660891,0.1236749116607773,0.2956657516306948,0.0538573508005822,-0.0017035775127768,4,0.5928449744463373,0.8913268461633612,-0.5840783740902138,-0.2039338151963153,5.126307703931297,1.0381709042896814,0.876984126984127,0.9252776588510844,0.0053144147350857,0.0018100589323749,0.2797850104508808,0.5186344166004053,0.0,2,-0.0017035775127768,0.3863298662704309,0.0018100589323749,0.0053144147350857,-0.5840783740902138,-0.2039338151963153,5.126307703931297,4,0.5928449744463373
2025-11-28,2025,LONG,VWAP_LONG,3.76,2.8873929008567933,1.6621787025703796,29.178571428571427,True,True,0.1218424205347811,0.2385868318421656,0.1542461005199306,0.1876067395681986,0.0821705426356589,0.2527173913043478,6,0.5788043478260869,0.2048468230734342,0.1104228798654155,0.2553388901633915,5.672863296882565,0.6410431317608535,0.8571428571428571,0.0657643190334174,0.000844451929757,0.00102194812882,0.0555555555555555,0.0235164615230661,0.0,4,0.2527173913043478,0.1218424205347811,0.00102194812882,0.000844451929757,0.1104228798654155,0.2553388901633915,5.672863296882565,6,0.5788043478260869
2025-11-28,2025,LONG,PM_LONG,1.7599999999999998,0.4976303317535545,0.5750394944707741,22.607142857142858,False,True,0.1218424205347811,0.2385868318421656,0.1542461005199306,0.1876067395681986,0.0821705426356589,0.2527173913043478,6,0.5788043478260869,0.2048468230734342,0.1104228798654155,0.2553388901633915,5.672863296882565,0.6410431317608535,0.8571428571428571,0.0657643190334174,0.000844451929757,0.00102194812882,0.0555555555555555,0.0235164615230661,0.0,4,0.2527173913043478,0.1218424205347811,0.00102194812882,0.000844451929757,0.1104228798654155,0.2553388901633915,5.672863296882565,6,0.5788043478260869
2025-12-02,2025,LONG,PM_LONG,-407.24,1.005611672278339,4.362888140665919,47.732142857142854,False,False,0.1690604044089309,0.4090336836155289,0.0699375941467613,0.3761465532745818,0.0879419764279238,0.319672131147541,1,0.4344262295081967,0.8254834453469674,0.4657639834536595,0.4275532488887714,5.878014439505667,0.5202301686219198,0.8412698412698413,0.5893990390791604,-0.0082741882599288,-0.0033906254426161,0.0982443033246171,0.4279894807404734,0.0,1,0.319672131147541,0.1690604044089309,-0.0033906254426161,-0.0082741882599288,0.4657639834536595,0.4275532488887714,5.878014439505667,1,0.4344262295081967
2025-12-09,2025,LONG,PM_LONG,22.26,1.2373485388453316,1.6165359942979332,25.053571428571427,False,True,0.038016985007818,0.3446055737805439,0.1047769860121404,0.2697979581199988,0.4918032786885246,0.3340909090909091,1,0.8681818181818182,0.7043612069358722,0.9664592083882604,0.7604868626789744,7.250078180090133,0.5839886247223471,0.746031746031746,0.7284544869239967,0.0047194720983989,9.823861828328616e-05,0.1663244353182751,0.3602806769267055,0.0,1,0.3340909090909091,0.038016985007818,9.823861828328616e-05,0.0047194720983989,0.9664592083882604,0.7604868626789744,7.250078180090133,1,0.8681818181818182
2025-12-09,2025,LONG,PM_LONG,-66.74000000000001,0.2212855637513171,2.847207586933614,16.946428571428573,False,False,0.038016985007818,0.3446055737805439,0.1047769860121404,0.2697979581199988,0.4918032786885246,0.3340909090909091,1,0.8681818181818182,0.7043612069358722,0.9664592083882604,0.7604868626789744,7.250078180090133,0.5839886247223471,0.746031746031746,0.7284544869239967,0.0047194720983989,9.823861828328616e-05,0.1663244353182751,0.3602806769267055,0.0,1,0.3340909090909091,0.038016985007818,9.823861828328616e-05,0.0047194720983989,0.9664592083882604,0.7604868626789744,7.250078180090133,1,0.8681818181818182
2025-12-10,2025,SHORT,ORB_SHORT,-407.24,0.2212643678160919,8.334291187739463,37.285714285714285,False,False,-0.1335600556500231,0.322770134487556,0.0377358490566037,0.2621734425722677,0.046692607003891,-0.3584905660377358,8,0.3985849056603773,0.7187889350608198,1.213727005719582,0.9661709692379,7.496725923635803,0.4562873376303483,0.7380952380952381,0.4414901839542433,0.0019965733905118,0.001335516272483,0.1012526096033402,0.20357482294509,0.0,2,0.3584905660377358,0.1335600556500231,-0.001335516272483,-0.0019965733905118,-1.213727005719582,-0.9661709692379,-7.496725923635803,-8,-0.3985849056603773
2025-12-12,2025,SHORT,ORB_SHORT,141.76,3.5580980683506684,0.8267459138187221,64.71153846153847,True,True,-0.3303882528621204,0.5014932802389248,0.1233990648505793,0.8094823295171727,0.4735186156266387,-0.6510376633358954,3,0.1621829362029208,1.1749644108037516,1.0846814335490311,0.8802762568442003,7.396537456445991,0.6744033268592745,0.7261904761904762,0.8281483325037332,0.0021947044675307,0.0025567592359295,0.1154331901995453,0.355539152365135,0.0,4,0.6510376633358954,0.3303882528621204,-0.0025567592359295,-0.0021947044675307,-1.0846814335490311,-0.8802762568442003,-7.396537456445991,-3,-0.1621829362029208
2025-12-12,2025,SHORT,ORB_SHORT,-173.24,1.0884146341463414,2.475609756097561,70.28571428571429,False,False,-0.3303882528621204,0.5014932802389248,0.1233990648505793,0.8094823295171727,0.4735186156266387,-0.6510376633358954,3,0.1621829362029208,1.1749644108037516,1.0846814335490311,0.8802762568442003,7.396537456445991,0.6744033268592745,0.7261904761904762,0.8281483325037332,0.0021947044675307,0.0025567592359295,0.1154331901995453,0.355539152365135,0.0,4,0.6510376633358954,0.3303882528621204,-0.0025567592359295,-0.0021947044675307,-1.0846814335490311,-0.8802762568442003,-7.396537456445991,-3,-0.1621829362029208
2025-12-17,2025,SHORT,ORB_SHORT,78.48,3.2596778751059623,0.189884148064425,63.19642857142857,True,True,0.2281644630551617,0.6343763394770682,0.0664296104735736,0.515018629034917,0.4274385408406027,-0.7976952624839949,0,0.0768245838668373,0.150187474928471,-0.5321969072504882,-0.6527350060997702,6.082900853968145,0.9954257792042784,0.6666666666666666,0.6284414256981766,0.0085996604572516,0.0033584322035288,0.0860262008733624,0.2757824525397639,0.0,2,0.7976952624839949,-0.2281644630551617,-0.0033584322035288,-0.0085996604572516,0.5321969072504882,0.6527350060997702,-6.082900853968145,0,-0.0768245838668373
2025-12-17,2025,SHORT,ORB_SHORT,77.58,2.9663120567375887,0.3061465721040189,60.42857142857143,True,True,0.2281644630551617,0.6343763394770682,0.0664296104735736,0.515018629034917,0.4274385408406027,-0.7976952624839949,0,0.0768245838668373,0.150187474928471,-0.5321969072504882,-0.6527350060997702,6.082900853968145,0.9954257792042784,0.6666666666666666,0.6284414256981766,0.0085996604572516,0.0033584322035288,0.0860262008733624,0.2757824525397639,0.0,2,0.7976952624839949,-0.2281644630551617,-0.0033584322035288,-0.0085996604572516,0.5321969072504882,0.6527350060997702,-6.082900853968145,0,-0.0768245838668373
2025-12-18,2025,LONG,PM_LONG,-29.74,0.7516877017904314,2.678602876430878,65.51923076923077,False,False,0.8367541295852353,0.9970115923943385,0.1957636935297038,0.5306886473350629,0.2242424242424242,0.4034653465346535,3,0.9938118811881188,0.1678776100325828,-1.494006764966666,-1.5812945387672035,5.0372106006370885,0.7553241226238625,0.6666666666666666,1.3411710617056911,-0.0009948711287572,-0.0003439499795134,0.2464454976303317,0.8711134557684065,1.0,3,0.4034653465346535,0.8367541295852353,-0.0003439499795134,-0.0009948711287572,-1.494006764966666,-1.5812945387672035,5.0372106006370885,3,0.9938118811881188
2025-12-31,2025,SHORT,ORB_SHORT,-71.74,2.7745098039215685,3.1372549019607843,25.5,True,False,-0.0451176281018369,0.5349661617789236,0.0051457975986277,0.3996132774734128,0.4084507042253521,-0.6854838709677419,0,0.2076612903225806,0.7798183578504451,0.4948839832420238,0.8205607476635481,8.609224943602968,0.3913014725945907,0.3968253968253968,0.3883338704479536,0.0003719575085998,0.0005744150844279,0.0169067000626174,0.3269169583200763,0.0,2,0.6854838709677419,0.0451176281018369,-0.0005744150844279,-0.0003719575085998,-0.4948839832420238,-0.8205607476635481,-8.609224943602968,0,-0.2076612903225806
2026-01-07,2026,LONG,PM_LONG,96.72,3.1862068965517243,2.027586206896552,36.25,True,True,-0.0644860539196643,0.3659389324838785,0.0591293047433398,0.3643850516665372,0.4275618374558304,0.7846481876332623,2,0.953091684434968,1.1493803596688934,0.8405329811203527,1.069163235179858,8.313973273249937,0.7183104007344208,0.4484126984126984,0.6603993473700568,-0.0109164681283714,-0.0037102869645553,0.1315042573320719,0.3633399324560382,0.0,2,0.7846481876332623,-0.0644860539196643,-0.0037102869645553,-0.0109164681283714,0.8405329811203527,1.069163235179858,8.313973273249937,2,0.953091684434968
2026-01-09,2026,LONG,PM_LONG,220.76,1.5387473460721868,1.4317940552016983,72.46153846153847,False,True,0.1871280927027873,0.6193235202004385,0.0,0.8244597557156279,0.3940655908381051,0.5707502374169041,5,0.945868945868946,1.801694789065091,0.3260648293141223,0.5851550266207333,7.715573128719074,0.7203631852959184,0.4484126984126984,0.7305042279987473,-0.0033715239740979,-0.0020052679018145,0.0103217972070431,0.2569324768917437,0.0,4,0.5707502374169041,0.1871280927027873,-0.0020052679018145,-0.0033715239740979,0.3260648293141223,0.5851550266207333,7.715573128719074,5,0.945868945868946
2026-01-12,2026,LONG,PM_LONG,18.76,2.6150943396226416,0.8981132075471698,28.392857142857142,True,True,-0.6714372716199757,0.9835566382460414,0.1098484848484848,0.5770401948842875,0.1714975845410628,0.7691292875989446,0,0.7796833773087071,1.1498832491901143,1.2252207673568798,1.532186358099873,8.36094701583435,0.7888299858736201,0.492063492063492,1.0977466504263094,-0.0045951522156801,-0.0020023294827609,0.2082456878418174,0.3492013780144065,0.0,0,0.7691292875989446,-0.6714372716199757,-0.0020023294827609,-0.0045951522156801,1.2252207673568798,1.532186358099873,8.36094701583435,0,0.7796833773087071
2026-01-12,2026,LONG,PM_LONG,75.76,2.15748031496063,1.5275590551181102,15.875,False,True,-0.6714372716199757,0.9835566382460414,0.1098484848484848,0.5770401948842875,0.1714975845410628,0.7691292875989446,0,0.7796833773087071,1.1498832491901143,1.2252207673568798,1.532186358099873,8.36094701583435,0.7888299858736201,0.492063492063492,1.0977466504263094,-0.0045951522156801,-0.0020023294827609,0.2082456878418174,0.3492013780144065,0.0,0,0.7691292875989446,-0.6714372716199757,-0.0020023294827609,-0.0045951522156801,1.2252207673568798,1.532186358099873,8.36094701583435,0,0.7796833773087071
2026-01-14,2026,SHORT,ORB_SHORT,-60.74,0.7113578138343297,3.4133219470538005,41.82142857142857,False,False,-0.3200509533856136,0.7165319851916724,0.1443919209282337,0.8224194896699972,0.3798370672097759,-0.5682478218780251,3,0.2333010648596321,1.8279034026422485,0.8342820747581658,1.221209346761669,8.137430834759765,0.8188772597108176,0.4206349206349206,0.7547470244018949,0.0030924489179053,0.0015418972225419,0.0034108527131782,0.5583074146603694,0.0,2,0.5682478218780251,0.3200509533856136,-0.0015418972225419,-0.0030924489179053,-0.8342820747581658,-1.221209346761669,-8.137430834759765,-3,-0.2333010648596321
2026-01-14,2026,SHORT,ORB_SHORT,-220.24,0.7561615102254851,4.309386470896696,34.05357142857143,False,False,-0.3200509533856136,0.7165319851916724,0.1443919209282337,0.8224194896699972,0.3798370672097759,-0.5682478218780251,3,0.2333010648596321,1.8279034026422485,0.8342820747581658,1.221209346761669,8.137430834759765,0.8188772597108176,0.4206349206349206,0.7547470244018949,0.0030924489179053,0.0015418972225419,0.0034108527131782,0.5583074146603694,0.0,2,0.5682478218780251,0.3200509533856136,-0.0015418972225419,-0.0030924489179053,-0.8342820747581658,-1.221209346761669,-8.137430834759765,-3,-0.2333010648596321
2026-01-21,2026,LONG,PM_LONG,169.76,5.55,3.731818181818182,55.0,True,True,0.2478519497686715,0.7633840052875082,0.0200741198270537,0.9823198942498348,0.9305816135084428,0.7224558452481077,1,0.951219512195122,1.317127600892655,-1.8913995373430317,-1.011748182419031,5.499380370125576,0.9556463158559322,0.3849206349206349,1.0351949768671511,-0.0018033316926138,-0.0023940828046571,0.2790002716653083,0.867808661926309,1.0,2,0.7224558452481077,0.2478519497686715,-0.0023940828046571,-0.0018033316926138,-1.8913995373430317,-1.011748182419031,5.499380370125576,1,0.951219512195122
2026-01-26,2026,LONG,PM_LONG,101.76,1.9419917864476384,0.7207392197125257,37.46153846153846,False,True,0.0762251957413314,1.160777165582667,0.1831793564829563,0.6048303575127387,0.4182242990654206,0.6109589041095891,0,0.8534246575342466,0.8363507462421146,0.1680682712622775,0.95690790836406,7.148639131695599,1.5305866082931554,0.3888888888888889,0.9379013215129044,-0.0045540546462824,-0.0008090960620203,0.0667084246789852,0.3053435114503817,0.0,0,0.6109589041095891,0.0762251957413314,-0.0008090960620203,-0.0045540546462824,0.1680682712622775,0.95690790836406,7.148639131695599,0,0.8534246575342466
2026-01-26,2026,LONG,PM_LONG,-159.24,0.056338028169014,2.9014084507042255,17.75,False,False,0.0762251957413314,1.160777165582667,0.1831793564829563,0.6048303575127387,0.4182242990654206,0.6109589041095891,0,0.8534246575342466,0.8363507462421146,0.1680682712622775,0.95690790836406,7.148639131695599,1.5305866082931554,0.3888888888888889,0.9379013215129044,-0.0045540546462824,-0.0008090960620203,0.0667084246789852,0.3053435114503817,0.0,0,0.6109589041095891,0.0762251957413314,-0.0008090960620203,-0.0045540546462824,0.1680682712622775,0.95690790836406,7.148639131695599,0,0.8534246575342466
2026-01-27,2026,LONG,PM_LONG,-17.240000000000002,0.8400000000000001,1.2087804878048782,36.607142857142854,False,False,0.327789046653144,0.6612576064908722,0.1583788444955447,0.5200811359026369,0.4735729386892177,0.5678627145085804,1,0.9765990639625584,0.9115594320284816,0.6702636916835747,1.4234158215010146,7.393371196754566,1.2566146951591657,0.4206349206349206,0.7415821501014199,-0.005711068790315,-0.0018223722684009,0.0396093326098752,0.2411036082687766,0.0,1,0.5678627145085804,0.327789046653144,-0.0018223722684009,-0.005711068790315,0.6702636916835747,1.4234158215010146,7.393371196754566,1,0.9765990639625584
2026-01-30,2026,LONG,PM_LONG,-407.24,0.7602424242424242,4.201696969696969,73.66071428571429,False,False,-0.1036733171732239,1.1038597799738952,0.0451723808614267,0.5041954130151035,0.2364633310486634,-0.1760355029585799,5,0.2026627218934911,1.1374605644051985,0.394965504381878,1.0812754055565923,6.431504754801412,0.9426996541436162,0.5634920634920635,1.91310833488719,-0.004229254029489,0.0010797974133229,0.2107241292909045,0.6390721855628875,0.0,4,-0.1760355029585799,-0.1036733171732239,0.0010797974133229,-0.004229254029489,0.394965504381878,1.0812754055565923,6.431504754801412,5,0.2026627218934911
2026-01-30,2026,SHORT,ORB_SHORT,-72.74,0.1063903281519862,3.3948186528497413,51.69642857142857,False,False,-0.1036733171732239,1.1038597799738952,0.0451723808614267,0.5041954130151035,0.2364633310486634,-0.1760355029585799,5,0.2026627218934911,1.1374605644051985,0.394965504381878,1.0812754055565923,6.431504754801412,0.9426996541436162,0.5634920634920635,1.91310833488719,-0.004229254029489,0.0010797974133229,0.2107241292909045,0.6390721855628875,0.0,4,0.1760355029585799,0.1036733171732239,-0.0010797974133229,0.004229254029489,-0.394965504381878,-1.0812754055565923,-6.431504754801412,-5,-0.2026627218934911
2026-02-04,2026,SHORT,ORB_SHORT,148.76,3.4330434782608696,0.9221739130434784,82.14285714285714,True,True,0.2105409927495816,0.5284439486893474,0.0084168336673346,0.7773284997211377,0.1904150620453573,-0.7524663677130045,4,0.242152466367713,1.2996338672265524,-1.185861684327942,-0.7210262130507565,4.140197992191855,1.2324987478090026,0.6587301587301587,2.0482431678750697,-0.002712262324749,0.0053487700712406,0.2010984368398817,0.8492266106021925,0.0,2,0.7524663677130045,-0.2105409927495816,-0.0053487700712406,0.002712262324749,1.185861684327942,0.7210262130507565,-4.140197992191855,-4,-0.242152466367713
2026-02-05,2026,SHORT,ORB_SHORT,-407.24,0.6064077322355468,2.909253624485413,99.76785714285714,False,False,-0.7327172148795918,1.222962006028686,0.1135363790186125,1.087813441982179,0.3893069306930693,-0.4963459196102314,1,0.0401948842874543,1.2963859884802118,-1.7122793070323663,-1.4096790221603872,3.1576567623968974,1.103353636666647,0.6706349206349206,1.596608036039617,0.0024441120991418,0.0011121902894466,0.0875497441728254,1.0910485220301172,1.0,3,0.4963459196102314,0.7327172148795918,-0.0011121902894466,-0.0024441120991418,1.7122793070323663,1.4096790221603872,-3.1576567623968974,-1,-0.0401948842874543
2026-02-06,2026,LONG,PM_LONG,394.26,2.8899954730647353,0.1964689904934359,78.89285714285714,True,True,0.0302922883568044,1.631271953852599,0.1085874028129641,0.7308820212046019,0.163375224416517,0.5837742504409171,2,0.7936507936507936,1.1523185240160934,-2.3204537398085803,-2.133041152395994,2.229541426315617,1.0832348467182589,0.7023809523809523,1.0937449647127069,0.0029187585932797,0.000207354320713,0.0541199414919551,0.8493159760177548,1.0,4,0.5837742504409171,0.0302922883568044,0.000207354320713,0.0029187585932797,-2.3204537398085803,-2.133041152395994,2.229541426315617,2,0.7936507936507936
2026-02-09,2026,LONG,PM_LONG,69.26,2.472852233676976,0.2982817869415807,25.982142857142858,False,True,-0.0990985231123329,0.9698868358800588,0.0946639302206259,0.7640176459305671,0.4584050487664945,0.6242677824267783,0,0.9665271966527196,0.8829531502218599,-1.300012786906212,-1.228706604437061,3.030682181446195,1.421145239447918,0.7063492063492064,1.082411610510837,-0.0030317570613593,-0.0018916572345162,0.2047045645477457,0.5111018014243821,0.0,0,0.6242677824267783,-0.0990985231123329,-0.0018916572345162,-0.0030317570613593,-1.300012786906212,-1.228706604437061,3.030682181446195,0,0.9665271966527196
2026-02-10,2026,LONG,PM_LONG,-55.24,0.3789968652037617,2.6203761755485893,61.34615384615385,False,False,-0.0617418690947644,0.3573544544575758,0.0114341718392682,0.4883220555676821,0.1206064782908339,0.1519795657726692,1,0.7905491698595147,1.081069953199841,-0.4334715769122847,-0.441236084692382,3.6419719978795726,1.4146329478096045,0.7222222222222222,1.1812030309644828,0.0005689006270681,0.0002583102912701,0.2978723404255319,0.4724761843871875,0.0,1,0.1519795657726692,-0.0617418690947644,0.0002583102912701,0.0005689006270681,-0.4334715769122847,-0.441236084692382,3.6419719978795726,1,0.7905491698595147
2026-02-10,2026,SHORT,VWAP_SHORT,76.76,3.3804100227790435,0.0531511009870918,23.517857142857142,True,True,-0.0617418690947644,0.3573544544575758,0.0114341718392682,0.4883220555676821,0.1206064782908339,0.1519795657726692,1,0.7905491698595147,1.081069953199841,-0.4334715769122847,-0.441236084692382,3.6419719978795726,1.4146329478096045,0.7222222222222222,1.1812030309644828,0.0005689006270681,0.0002583102912701,0.2978723404255319,0.4724761843871875,0.0,1,-0.1519795657726692,0.0617418690947644,-0.0002583102912701,-0.0005689006270681,0.4334715769122847,0.441236084692382,-3.6419719978795726,-1,-0.7905491698595147
2026-02-12,2026,SHORT,ORB_SHORT,569.26,5.028248587570621,0.1054613935969868,66.375,True,True,0.0991185972836485,0.5382516232238638,0.0523004325599685,0.5614629403092751,0.4864864864864865,-0.7575418994413408,1,0.0324022346368715,1.0737630447104325,-0.5664502368181658,-0.6677456792446901,3.28540196355196,1.0266041898530611,0.7103174603174603,1.0225526175465012,-0.0045512076748858,0.0033570179787256,0.1231483528631439,0.5694061638687046,0.0,3,0.7575418994413408,-0.0991185972836485,-0.0033570179787256,0.0045512076748858,0.5664502368181658,0.6677456792446901,-3.28540196355196,-1,-0.0324022346368715
2026-02-12,2026,SHORT,ORB_SHORT,29.26,1.2133048519987792,1.2303936527311563,58.517857142857146,False,True,0.0991185972836485,0.5382516232238638,0.0523004325599685,0.5614629403092751,0.4864864864864865,-0.7575418994413408,1,0.0324022346368715,1.0737630447104325,-0.5664502368181658,-0.6677456792446901,3.28540196355196,1.0266041898530611,0.7103174603174603,1.0225526175465012,-0.0045512076748858,0.0033570179787256,0.1231483528631439,0.5694061638687046,0.0,3,0.7575418994413408,-0.0991185972836485,-0.0033570179787256,0.0045512076748858,0.5664502368181658,0.6677456792446901,-3.28540196355196,-1,-0.0324022346368715
2026-02-13,2026,LONG,ORB_LONG,235.76,1.8933232456969924,0.5719689805182523,94.41071428571428,False,True,-0.3154767374192165,0.5990995130019297,0.0283269961977186,0.8588318172072651,0.3498134328358209,0.4700427960057061,3,0.9379457917261056,1.1680299696154957,-1.513124444852832,-1.6933688627523027,2.080783484945937,1.1418813797856953,0.746031746031746,1.452418144506723,0.0027722174127624,-0.0031191451903178,0.2045851952593743,0.9441360057714626,1.0,4,0.4700427960057061,-0.3154767374192165,-0.0031191451903178,0.0027722174127624,-1.513124444852832,-1.6933688627523027,2.080783484945937,3,0.9379457917261056
2026-02-17,2026,LONG,PM_LONG,-24.74,2.0493995014729207,1.5164287332880126,78.80357142857143,False,False,-0.2196073496098665,0.8155046564309086,0.0431325301204819,0.9218474704253712,0.3755598208573256,-0.5310580204778157,3,0.0409556313993174,1.1296059928655404,-1.6751824817518228,-1.9678957966272368,1.705181852504405,0.6606335073341715,0.6984126984126984,0.3196576894034734,-0.0029531583105691,0.0019257061523296,0.1211340206185567,0.184223242329065,0.0,1,-0.5310580204778157,-0.2196073496098665,0.0019257061523296,-0.0029531583105691,-1.6751824817518228,-1.9678957966272368,1.705181852504405,3,0.0409556313993174
2026-02-17,2026,LONG,PM_LONG,260.76,2.091321439371031,0.5249470819473843,59.05357142857143,False,True,-0.2196073496098665,0.8155046564309086,0.0431325301204819,0.9218474704253712,0.3755598208573256,-0.5310580204778157,3,0.0409556313993174,1.1296059928655404,-1.6751824817518228,-1.9678957966272368,1.705181852504405,0.6606335073341715,0.6984126984126984,0.3196576894034734,-0.0029531583105691,0.0019257061523296,0.1211340206185567,0.184223242329065,0.0,1,-0.5310580204778157,-0.2196073496098665,0.0019257061523296,-0.0029531583105691,-1.6751824817518228,-1.9678957966272368,1.705181852504405,3,0.0409556313993174
2026-02-20,2026,LONG,PM_LONG,-16.740000000000002,0.6561307901907357,1.993823796548592,98.30357142857144,False,False,-0.201663725737333,0.7285102092261154,0.0803059273422562,1.0215528106881775,0.2782653588022715,0.5533621221468229,0,0.6477483035163479,1.090037273521551,-1.3175258381648565,-1.724187043105623,1.6503277035543265,0.3040994448269913,0.6865079365079365,0.5388202672044367,-0.0028481048834969,-0.0034551629226677,0.1115573404730031,0.4811973098418111,0.0,4,0.5533621221468229,-0.201663725737333,-0.0034551629226677,-0.0028481048834969,-1.3175258381648565,-1.724187043105623,1.6503277035543265,0,0.6477483035163479
2026-02-20,2026,LONG,PM_LONG,-41.74,0.5889967637540453,1.1244483671668135,60.69642857142857,False,False,-0.201663725737333,0.7285102092261154,0.0803059273422562,1.0215528106881775,0.2782653588022715,0.5533621221468229,0,0.6477483035163479,1.090037273521551,-1.3175258381648565,-1.724187043105623,1.6503277035543265,0.3040994448269913,0.6865079365079365,0.5388202672044367,-0.0028481048834969,-0.0034551629226677,0.1115573404730031,0.4811973098418111,0.0,4,0.5533621221468229,-0.201663725737333,-0.0034551629226677,-0.0028481048834969,-1.3175258381648565,-1.724187043105623,1.6503277035543265,0,0.6477483035163479
2026-02-23,2026,SHORT,ORB_SHORT,89.74,2.0241529688024156,0.8453539080845355,53.232142857142854,False,True,-0.2113695886612232,0.6217840086273302,0.0424360220278587,0.4942227699892158,0.4779240898528272,-0.6508728179551122,0,0.0561097256857855,0.934469395721368,-0.5373286088430116,-0.9848713603450914,2.2232414111847167,0.5665503888594489,0.7261904761904762,1.140656293329225,-0.0071984423099933,-0.0003493304691893,0.0484688704116812,0.5047895134862617,0.0,0,0.6508728179551122,0.2113695886612232,0.0003493304691893,0.0071984423099933,0.5373286088430116,0.9848713603450914,-2.2232414111847167,0,-0.0561097256857855
2026-02-23,2026,SHORT,ORB_SHORT,76.76,1.6935483870967742,0.955334987593052,28.785714285714285,False,True,-0.2113695886612232,0.6217840086273302,0.0424360220278587,0.4942227699892158,0.4779240898528272,-0.6508728179551122,0,0.0561097256857855,0.934469395721368,-0.5373286088430116,-0.9848713603450914,2.2232414111847167,0.5665503888594489,0.7261904761904762,1.140656293329225,-0.0071984423099933,-0.0003493304691893,0.0484688704116812,0.5047895134862617,0.0,0,0.6508728179551122,0.2113695886612232,0.0003493304691893,0.0071984423099933,0.5373286088430116,0.9848713603450914,-2.2232414111847167,0,-0.0561097256857855
2026-02-25,2026,LONG,PM_LONG,89.76,1.8928363424577752,0.7687827606290041,42.925,False,True,0.3686390532544378,0.4384615384615384,0.1353149033464976,0.4834319526627219,0.3145833333333333,0.6719706242350061,0,0.6891064871481029,0.7657485379841381,-0.3914201183431953,-1.005538461538462,1.8986183431952623,1.0558422822908229,0.7579365079365079,0.9153846153846154,-0.0154389542630142,-0.005130381335934,0.0061619718309859,0.171404429959563,0.0,2,0.6719706242350061,0.3686390532544378,-0.005130381335934,-0.0154389542630142,-0.3914201183431953,-1.005538461538462,1.8986183431952623,0,0.6891064871481029
2026-02-26,2026,SHORT,ORB_SHORT,-69.24000000000001,1.1109078435856392,1.5815229819345988,78.08928571428571,False,False,-0.0690255220417633,0.3567285382830626,0.0308079829490408,1.1136890951276102,0.9091940976163452,-0.978125,0,0.0203125,1.3209611370030203,0.5625290023201873,-0.1421577726218107,2.6650957076566124,1.1287100355669315,0.7738095238095238,0.515661252900232,0.0093194844004372,0.0059211575951769,0.2579810181190681,0.1928994082840236,0.0,3,0.978125,0.0690255220417633,-0.0059211575951769,-0.0093194844004372,-0.5625290023201873,0.1421577726218107,-2.6650957076566124,0,-0.0203125
2026-03-02,2026,LONG,PM_LONG,202.76,2.7637285271754437,1.1433399042523231,63.410714285714285,True,True,-0.7768501062333544,1.0156507167010804,0.0404794448533277,0.8199419457162522,0.1105807478122514,0.6525547445255474,0,0.7671532846715329,0.8960533818394304,-0.2049555615405315,-1.09831522877577,1.7022204267289098,1.245931068268903,0.7420634920634921,0.6146572104018913,0.0018248726234968,-0.0027556439264329,0.0049677098857426,0.1942722173014467,0.0,0,0.6525547445255474,-0.7768501062333544,-0.0027556439264329,0.0018248726234968,-0.2049555615405315,-1.09831522877577,1.7022204267289098,0,0.7671532846715329
2026-03-03,2026,SHORT,ORB_SHORT,-813.24,0.3555225779096883,4.900148399406402,90.71153846153848,False,False,-1.026035958650514,1.5206895530345663,0.1902992776057791,0.7351677971624063,0.2618025751072961,-0.4157937147461724,2,0.177276390008058,1.133327364318802,-0.0988714789253838,-1.1014010248511603,1.6405171647759216,1.0525499107398126,0.746031746031746,1.1723586386659164,-0.0040193064440643,-0.0006481718878619,0.0503160556257901,0.5554059311129066,0.0,1,0.4157937147461724,1.026035958650514,0.0006481718878619,0.0040193064440643,0.0988714789253838,1.1014010248511603,-1.6405171647759216,-2,-0.177276390008058
2026-03-04,2026,LONG,PM_LONG,99.76,1.329618623080733,0.9883605745418524,77.65384615384616,False,True,0.1892403352257367,1.0321107806914782,0.0535324989907145,0.8032200895136824,0.3077720207253886,0.7808526551982049,2,0.8982797307404637,0.8833092216562131,-0.5015169264966525,-1.569036676579259,1.1570003904959267,1.041426406782801,0.7341269841269841,1.200324412003244,-0.0078032622408243,-0.0049818413088809,0.2465099191770756,1.0532863363052043,1.0,2,0.7808526551982049,0.1892403352257367,-0.0049818413088809,-0.0078032622408243,-0.5015169264966525,-1.569036676579259,1.1570003904959267,2,0.8982797307404637
2026-03-04,2026,LONG,PM_LONG,3.76,1.1575520833333337,1.39453125,27.428571428571427,False,True,0.1892403352257367,1.0321107806914782,0.0535324989907145,0.8032200895136824,0.3077720207253886,0.7808526551982049,2,0.8982797307404637,0.8833092216562131,-0.5015169264966525,-1.569036676579259,1.1570003904959267,1.041426406782801,0.7341269841269841,1.200324412003244,-0.0078032622408243,-0.0049818413088809,0.2465099191770756,1.0532863363052043,1.0,2,0.7808526551982049,0.1892403352257367,-0.0049818413088809,-0.0078032622408243,-0.5015169264966525,-1.569036676579259,1.1570003904959267,2,0.8982797307404637
2026-03-05,2026,SHORT,VWAP_SHORT,83.66,3.8152753108348136,1.1438721136767318,70.375,True,True,-0.3969007441888953,0.6878387896977306,0.0682814783879724,0.6804887759164548,0.2735685367264314,-0.0459045904590459,3,0.1602160216021602,0.9327775674078718,0.3967476189017854,-0.6530364744433853,2.051116283343034,1.0241481153294616,0.7142857142857143,0.9885768535816004,-0.0045116007786849,-0.002266614313051,0.1010479041916167,0.2481151061848547,0.0,3,0.0459045904590459,0.3969007441888953,0.002266614313051,0.0045116007786849,-0.3967476189017854,0.6530364744433853,-2.051116283343034,-3,-0.1602160216021602
2026-03-10,2026,LONG,PM_LONG,134.76,2.5857880352262375,1.0501062860613422,63.32692307692308,True,True,0.8146164750354387,0.7919357379114821,0.0315703989442696,0.4750354386517562,0.0844250363901018,0.3315649867374005,3,0.8567639257294429,0.9038972861984512,-0.6908174515671759,-1.7240132304299904,0.7618995117341295,1.06779243463888,0.6507936507936508,1.100645770987557,0.0046453724217545,-0.0006612623567949,0.2307211988760537,0.8052176094318325,1.0,1,0.3315649867374005,0.8146164750354387,-0.0006612623567949,0.0046453724217545,-0.6908174515671759,-1.7240132304299904,0.7618995117341295,3,0.8567639257294429
2026-03-10,2026,LONG,PM_LONG,-813.24,0.6033824331696672,6.430987452264048,32.732142857142854,False,False,0.8146164750354387,0.7919357379114821,0.0315703989442696,0.4750354386517562,0.0844250363901018,0.3315649867374005,3,0.8567639257294429,0.9038972861984512,-0.6908174515671759,-1.7240132304299904,0.7618995117341295,1.06779243463888,0.6507936507936508,1.100645770987557,0.0046453724217545,-0.0006612623567949,0.2307211988760537,0.8052176094318325,1.0,1,0.3315649867374005,0.8146164750354387,-0.0006612623567949,0.0046453724217545,-0.6908174515671759,-1.7240132304299904,0.7618995117341295,3,0.8567639257294429
2026-03-11,2026,SHORT,ORB_SHORT,66.26,1.4398496240601504,1.81203007518797,66.5,False,True,-0.0283679381941091,0.5510622887493964,0.0202665186007773,0.5347658136166104,0.3124544792425346,-0.2957110609480812,3,0.0496613995485327,0.8630564002415015,0.2766779333655204,-0.7035369386769649,1.6001237324963824,1.1996409288472385,0.7380952380952381,0.7852486721390632,0.0033249706463862,-0.0004385027689243,0.0437332030295626,0.4126634115608757,0.0,2,0.2957110609480812,0.0283679381941091,0.0004385027689243,-0.0033249706463862,-0.2766779333655204,0.7035369386769649,-1.6001237324963824,-3,-0.0496613995485327
2026-03-11,2026,SHORT,ORB_SHORT,18.76,1.1727401798390915,1.331755797444392,37.732142857142854,False,True,-0.0283679381941091,0.5510622887493964,0.0202665186007773,0.5347658136166104,0.3124544792425346,-0.2957110609480812,3,0.0496613995485327,0.8630564002415015,0.2766779333655204,-0.7035369386769649,1.6001237324963824,1.1996409288472385,0.7380952380952381,0.7852486721390632,0.0033249706463862,-0.0004385027689243,0.0437332030295626,0.4126634115608757,0.0,2,0.2957110609480812,0.0283679381941091,0.0004385027689243,-0.0033249706463862,-0.2766779333655204,0.7035369386769649,-1.6001237324963824,-3,-0.0496613995485327
2026-03-12,2026,SHORT,ORB_SHORT,20.76,0.6919856459330144,2.0176435406698565,64.3076923076923,False,True,-0.3562372063181693,0.6195961015551007,0.0666666666666666,0.5963765237847912,0.5189558732131759,-0.6977459016393442,3,0.0604508196721311,0.9380389105855016,0.0211114845253752,-0.9806605358834096,1.271794323424274,0.9740304347318904,0.7261904761904762,0.7485258623323455,0.0003669895699327,0.002226007349852,0.0868375217715849,0.2909222597778851,0.0,3,0.6977459016393442,0.3562372063181693,-0.002226007349852,-0.0003669895699327,-0.0211114845253752,0.9806605358834096,-1.271794323424274,-3,-0.0604508196721311
2026-03-17,2026,LONG,PM_LONG,-75.74,0.8160484481453444,2.437547312641938,23.589285714285715,False,False,0.7063896987366375,0.7215743440233235,0.0933007035790761,0.3650388726919339,0.0711785297549591,0.4742096505823627,2,0.7171381031613977,0.6090463064529816,-0.4052478134110769,-1.3525631681243928,0.6347394314868825,1.2221836690931716,0.7420634920634921,0.5199222546161322,0.001914637232526,-0.0018850575611613,0.0876033057851239,0.3656513164073505,0.0,1,0.4742096505823627,0.7063896987366375,-0.0018850575611613,0.001914637232526,-0.4052478134110769,-1.3525631681243928,0.6347394314868825,2,0.7171381031613977
2026-03-20,2026,SHORT,ORB_SHORT,23.26,3.1508862948551664,0.909641158668396,72.28125,True,True,-0.4089610584874455,0.8221320102240265,0.0664633371457618,0.602014734626372,0.2285143237841439,-0.6913086913086913,2,0.2957042957042957,0.88109843273718,-0.5199819576003644,-1.3250097729664734,0.3907231995188711,0.978152936267716,0.7698412698412699,0.8834761689971433,,,0.1637912673056443,0.4346213292117465,0.0,4,0.6913086913086913,0.4089610584874455,,,0.5199819576003644,1.3250097729664734,-0.3907231995188711,-2,-0.2957042957042957
2026-03-23,2026,LONG,ORB_LONG,-407.24,0.9354746200172068,5.231431029538284,62.267857142857146,False,False,0.96645249163533,2.346845112960057,0.1213899703643442,0.6099546975394545,0.3818181818181818,0.5466019417475728,2,0.7873786407766991,0.7971585717221268,-1.7490302904687176,-2.5687857164006744,-0.9951677375418264,1.28957103385058,0.7857142857142857,1.0079057235069433,0.0017555079423594,-0.0012403303048378,0.2327660801845976,0.5996090813411518,0.0,0,0.5466019417475728,0.96645249163533,-0.0012403303048378,0.0017555079423594,-1.7490302904687176,-2.5687857164006744,-0.9951677375418264,2,0.7873786407766991
2026-03-24,2026,SHORT,OPEN_SHORT,-39.74,0.6221441124780316,2.5342706502636205,71.125,False,False,-0.5510263081815554,0.7250650477016479,0.0506140677335318,0.4215091066782307,0.1892247043363994,-0.1275720164609053,4,0.5349794238683128,0.8504200314405644,-0.7436831454177492,-1.4964324949407353,-0.0602312807169692,1.3676094779453212,0.8174603174603174,0.8904307603353571,0.0071856958601669,0.0039179111179473,0.0925684485006518,0.7822817043200189,1.0,1,0.1275720164609053,0.5510263081815554,-0.0039179111179473,-0.0071856958601669,0.7436831454177492,1.4964324949407353,0.0602312807169692,-4,-0.5349794238683128
2026-03-24,2026,SHORT,MOM_SHORT,-251.24,0.8249889233495791,3.858218874612317,40.30357142857143,False,False,-0.5510263081815554,0.7250650477016479,0.0506140677335318,0.4215091066782307,0.1892247043363994,-0.1275720164609053,4,0.5349794238683128,0.8504200314405644,-0.7436831454177492,-1.4964324949407353,-0.0602312807169692,1.3676094779453212,0.8174603174603174,0.8904307603353571,0.0071856958601669,0.0039179111179473,0.0925684485006518,0.7822817043200189,1.0,1,0.1275720164609053,0.5510263081815554,-0.0039179111179473,-0.0071856958601669,0.7436831454177492,1.4964324949407353,0.0602312807169692,-4,-0.5349794238683128
2026-03-25,2026,LONG,VWAP_LONG,-241.24,0.0445151033386327,4.644409114997351,33.69642857142857,False,False,0.2665195679944257,0.510393682499129,0.0052959868188772,0.4587155963302752,0.1089285714285714,0.3354430379746835,2,0.850632911392405,0.9206671118844102,-1.0808268493786983,-1.8459412379514584,-0.5016229241667658,1.2477390075195838,0.8134920634920635,0.5806526535826269,0.0015196755240665,-0.0025616912601778,0.0911330049261083,0.3527030933795895,0.0,2,0.3354430379746835,0.2665195679944257,-0.0025616912601778,0.0015196755240665,-1.0808268493786983,-1.8459412379514584,-0.5016229241667658,2,0.850632911392405
2026-03-26,2026,SHORT,VWAP_SHORT,723.52,4.714457831325301,0.4765060240963855,59.285714285714285,True,True,-0.4613433232058052,0.821804666529011,0.1012198287049052,0.4135571222087844,0.1812169312169312,0.1997146932952924,4,0.7132667617689016,0.864797496655283,-0.8928940149258134,-1.7338249609156062,-0.4540574024365029,1.3210912678202664,0.7976190476190477,0.5634052092858618,0.0100895461551198,0.0020775520821521,0.1268731268731268,0.4860062710486587,0.0,3,-0.1997146932952924,0.4613433232058052,-0.0020775520821521,-0.0100895461551198,0.8928940149258134,1.7338249609156062,0.4540574024365029,-4,-0.7132667617689016
2026-03-27,2026,SHORT,ORB_SHORT,177.26,5.136446331109763,2.2922983626440265,29.446428571428573,True,True,-0.4308543512169281,0.9429353424173754,0.1058695946861868,0.5185555784455105,0.1718452758402029,-0.713961407491487,2,0.2395005675368899,0.863298754052971,-1.9608876070514123,-2.8510668353983384,-1.6867241531534205,1.4390609079512608,0.8095238095238095,0.9847258600900556,0.0028372543654913,0.0020288088017498,0.3951990632318501,0.8684109613285744,1.0,4,0.713961407491487,0.4308543512169281,-0.0020288088017498,-0.0028372543654913,1.9608876070514123,2.8510668353983384,1.6867241531534205,-2,-0.2395005675368899
2026-03-31,2026,LONG,PM_LONG,-77.24,4.940773707634372,2.7264635398836012,66.38636363636364,True,False,0.7633544267715638,1.0848868365543585,0.0839074368486133,0.4783079641981643,0.292507204610951,0.8510131108462455,2,0.8617401668653158,0.8762001610906646,-3.296961404708966,-4.348486403283731,-3.4685080668148913,0.7748174803948804,0.8412698412698413,1.1407559432187446,-0.0017066735931816,-0.0024851531611738,0.2484848484848484,0.6611523103251569,1.0,1,0.8510131108462455,0.7633544267715638,-0.0024851531611738,-0.0017066735931816,-3.296961404708966,-4.348486403283731,-3.4685080668148913,2,0.8617401668653158
2026-03-31,2026,LONG,PM_LONG,172.16,1.4450574712643678,0.3475862068965517,77.67857142857143,False,True,0.7633544267715638,1.0848868365543585,0.0839074368486133,0.4783079641981643,0.292507204610951,0.8510131108462455,2,0.8617401668653158,0.8762001610906646,-3.296961404708966,-4.348486403283731,-3.4685080668148913,0.7748174803948804,0.8412698412698413,1.1407559432187446,-0.0017066735931816,-0.0024851531611738,0.2484848484848484,0.6611523103251569,1.0,1,0.8510131108462455,0.7633544267715638,-0.0024851531611738,-0.0017066735931816,-3.296961404708966,-4.348486403283731,-3.4685080668148913,2,0.8617401668653158
2026-03-31,2026,LONG,PM_LONG,14.260000000000002,0.3507829977628635,1.3937360178970917,79.82142857142857,False,True,0.7633544267715638,1.0848868365543585,0.0839074368486133,0.4783079641981643,0.292507204610951,0.8510131108462455,2,0.8617401668653158,0.8762001610906646,-3.296961404708966,-4.348486403283731,-3.4685080668148913,0.7748174803948804,0.8412698412698413,1.1407559432187446,-0.0017066735931816,-0.0024851531611738,0.2484848484848484,0.6611523103251569,1.0,1,0.8510131108462455,0.7633544267715638,-0.0024851531611738,-0.0017066735931816,-3.296961404708966,-4.348486403283731,-3.4685080668148913,2,0.8617401668653158
2026-04-01,2026,LONG,VWAP_LONG,554.52,3.041539401343922,0.5201588271227856,62.96153846153846,True,True,0.4647671994440583,0.8111188325225851,0.0920910075839653,0.3858234885337039,0.0025974025974025,0.3976945244956772,2,0.6570605187319885,0.9910492728752992,-1.2627102154273817,-2.332353022932596,-1.5532202918693514,1.5701038821680589,0.8492063492063492,1.1318971507991662,0.0008882783940225,-0.0018048347381283,0.2312379730596536,0.7456815460920131,0.0,2,0.3976945244956772,0.4647671994440583,-0.0018048347381283,0.0008882783940225,-1.2627102154273817,-2.332353022932596,-1.5532202918693514,2,0.6570605187319885
2026-04-06,2026,LONG,PM_LONG,-131.24,0.4195402298850574,1.75,87.0,False,False,0.2228700651172928,0.9094624417622538,0.0212975098296199,0.4528240198348908,0.0252930289944478,0.4765342960288808,4,0.5716004813477737,1.0121762649963677,-0.433561289267904,-1.5431218156553963,-0.9603847096967534,1.499200038459943,0.8571428571428571,1.2854535051630656,-0.001836386033734,-2.478578673859033e-06,0.0546075085324232,0.5554169784651202,0.0,0,0.4765342960288808,0.2228700651172928,-2.478578673859033e-06,-0.001836386033734,-0.433561289267904,-1.5431218156553963,-0.9603847096967534,4,0.5716004813477737
2026-04-07,2026,SHORT,ORB_SHORT,-407.24,0.4573590096286107,4.83837689133425,51.92857142857143,False,False,-0.2222404237311273,0.6274060119583914,0.0658130601792573,0.6754579954678244,0.2859007832898172,-0.4260307194826192,0,0.3815683104284559,1.1538342594592472,0.0088732355912305,-1.0868812624566613,-0.5883310126409492,1.1996711093409544,0.8571428571428571,0.5471373576869523,0.0058669162583372,0.002342151073052,0.057277628032345,0.3520148216767021,0.0,1,0.4260307194826192,0.2222404237311273,-0.002342151073052,-0.0058669162583372,-0.0088732355912305,1.0868812624566613,0.5883310126409492,0,-0.3815683104284559
2026-04-09,2026,LONG,MOM_LONG,95.58,6.36105476673428,0.7667342799188641,35.214285714285715,True,True,0.1521559727666598,0.2707860532288013,0.0212943632567849,0.3110171239942232,0.2101522842639594,-0.6965174129353234,2,0.0928689883913764,0.9013945885448368,1.4330255828347462,0.456333814730764,0.7656772230245489,1.010196307756252,0.9007936507936508,0.6710336290488962,0.0062101863770994,0.0030488630144266,0.0514851485148514,0.2718106093818501,0.0,3,-0.6965174129353234,0.1521559727666598,0.0030488630144266,0.0062101863770994,1.4330255828347462,0.456333814730764,0.7656772230245489,2,0.0928689883913764
2026-04-10,2026,LONG,VWAP_LONG,-130.74,0.9426540284360188,3.28388625592417,40.57692307692308,False,False,0.1944903012794057,0.3580272389599669,0.0576798444588464,0.2233801073049938,0.1013698630136986,0.371824480369515,3,0.7990762124711316,0.8006808086050983,1.843014857614527,0.9373091209244762,1.1799809120924445,0.9994051322024818,0.9007936507936508,0.6278373916632274,-0.0026068389750428,-0.001226330059433,0.2543741588156124,0.5952135341448319,0.0,4,0.371824480369515,0.1944903012794057,-0.001226330059433,-0.0026068389750428,1.843014857614527,0.9373091209244762,1.1799809120924445,3,0.7990762124711316
2026-04-14,2026,LONG,PM_LONG,531.52,5.41768131286395,0.7930121757543674,33.732142857142854,True,True,0.4685368919316449,0.3353568849784719,0.0764617691154422,0.3278688524590163,0.4181326116373478,0.9086460032626428,4,0.9119086460032626,0.8757742957073408,2.1899553392346145,1.4672371834300544,1.6309496429813028,0.999184488047284,0.8849206349206349,0.6332736073596662,-0.0010238712608374,-0.000706976794814,0.2438923395445134,0.3182786648078491,0.0,1,0.9086460032626428,0.4685368919316449,-0.000706976794814,-0.0010238712608374,2.1899553392346145,1.4672371834300544,1.6309496429813028,4,0.9119086460032626
2026-04-15,2026,LONG,PM_LONG,97.38,4.567089755213056,0.7896645512239348,42.42307692307692,True,True,0.134451123062322,0.2609933565327428,0.0313289540171803,0.3585363281661921,0.4010238907849829,0.6676470588235294,2,0.9044117647058824,0.9028894985095292,3.128018559527579,2.54356216387219,2.674177475482443,0.8086438098619603,0.8968253968253969,0.6669830222503428,-0.004214413432924,-0.0025794398752465,0.2861952861952861,0.377610782766828,0.0,2,0.6676470588235294,0.134451123062322,-0.0025794398752465,-0.004214413432924,3.128018559527579,2.54356216387219,2.674177475482443,2,0.9044117647058824
2026-04-15,2026,LONG,PM_LONG,234.76,5.350260416666667,0.3919270833333333,27.428571428571427,True,True,0.134451123062322,0.2609933565327428,0.0313289540171803,0.3585363281661921,0.4010238907849829,0.6676470588235294,2,0.9044117647058824,0.9028894985095292,3.128018559527579,2.54356216387219,2.674177475482443,0.8086438098619603,0.8968253968253969,0.6669830222503428,-0.004214413432924,-0.0025794398752465,0.2861952861952861,0.377610782766828,0.0,2,0.6676470588235294,0.134451123062322,-0.0025794398752465,-0.004214413432924,3.128018559527579,2.54356216387219,2.674177475482443,2,0.9044117647058824
2026-04-16,2026,LONG,PM_LONG,87.26,2.9224652087475147,2.859840954274354,35.92857142857143,True,True,0.2857294036721519,0.3031906450076723,0.0742609949531362,0.3762103815016667,0.0566318926974664,-0.3656821378340366,5,0.5555555555555556,1.1930534244664528,3.73228742261495,3.2411873644108176,3.3775966982380057,0.4069624004254806,0.8928571428571429,0.7354886501931319,-0.0011006677291567,1.9073560814653057e-05,0.2850812407680945,0.4086259622482337,0.0,3,-0.3656821378340366,0.2857294036721519,1.9073560814653057e-05,-0.0011006677291567,3.73228742261495,3.2411873644108176,3.3775966982380057,5,0.5555555555555556
2026-04-17,2026,LONG,ORB_LONG,66.26,1.809304113802384,1.1295655517108805,50.01923076923077,False,True,0.525940594059406,0.7799339933993399,0.1917277035760448,0.3537953795379538,0.62002567394095,0.5955223880597015,1,0.9731343283582088,1.0951076171089826,3.8414521452145216,3.469739933993403,3.6291089108910897,0.432772964767774,0.9007936507936508,0.6062046204620462,0.0061618741541984,0.002020446407519,0.0827805018748197,0.3984337795650563,0.0,4,0.5955223880597015,0.525940594059406,0.002020446407519,0.0061618741541984,3.8414521452145216,3.469739933993403,3.6291089108910897,1,0.9731343283582088
2026-04-22,2026,LONG,PM_LONG,50.26,1.9390026714158504,0.6019590382902938,43.19230769230769,False,True,0.3312817312874039,0.3914116345690218,0.1125388601036269,0.4282837450719006,0.6494845360824743,0.4503311258278146,3,0.8397350993377484,0.9547408337337198,3.993589925404887,4.162112488300192,4.428422724565337,0.434459607115714,0.8452380952380952,0.6466800918966447,-0.0076160015322983,-0.0020432133374368,0.0928705440900562,0.5310558156086611,0.0,2,0.4503311258278146,0.3312817312874039,-0.0020432133374368,-0.0076160015322983,3.993589925404887,4.162112488300192,4.428422724565337,3,0.8397350993377484
2026-04-22,2026,LONG,PM_LONG,29.76,2.0659025787965617,0.832378223495702,24.928571428571427,False,True,0.3312817312874039,0.3914116345690218,0.1125388601036269,0.4282837450719006,0.6494845360824743,0.4503311258278146,3,0.8397350993377484,0.9547408337337198,3.993589925404887,4.162112488300192,4.428422724565337,0.434459607115714,0.8452380952380952,0.6466800918966447,-0.0076160015322983,-0.0020432133374368,0.0928705440900562,0.5310558156086611,0.0,2,0.4503311258278146,0.3312817312874039,-0.0020432133374368,-0.0076160015322983,3.993589925404887,4.162112488300192,4.428422724565337,3,0.8397350993377484
2026-04-24,2026,LONG,ORB_LONG,508.52,3.6166666666666663,0.2602564102564103,55.714285714285715,True,True,0.6822282050570374,0.8332176857531433,0.1161688003793267,0.3053096117016847,0.0918544194107452,-0.1181818181818181,5,0.4654545454545454,1.0995367914854497,3.69568958339116,4.295484193288742,4.61864053956535,0.4989067481032762,0.8611111111111112,1.0569263648727414,-0.0009767004234995,-0.0002055908988587,0.1060668592653735,0.8164196123147093,1.0,4,-0.1181818181818181,0.6822282050570374,-0.0002055908988587,-0.0009767004234995,3.69568958339116,4.295484193288742,4.61864053956535,5,0.4654545454545454
2026-04-24,2026,LONG,PM_LONG,11.760000000000002,0.4416403785488959,2.2965299684542586,22.642857142857142,False,True,0.6822282050570374,0.8332176857531433,0.1161688003793267,0.3053096117016847,0.0918544194107452,-0.1181818181818181,5,0.4654545454545454,1.0995367914854497,3.69568958339116,4.295484193288742,4.61864053956535,0.4989067481032762,0.8611111111111112,1.0569263648727414,-0.0009767004234995,-0.0002055908988587,0.1060668592653735,0.8164196123147093,1.0,4,-0.1181818181818181,0.6822282050570374,-0.0002055908988587,-0.0009767004234995,3.69568958339116,4.295484193288742,4.61864053956535,5,0.4654545454545454
2026-04-28,2026,SHORT,ORB_SHORT,-78.24,0.9817483189241114,2.936279218699968,55.767857142857146,False,False,-0.5834777585210861,1.101097631426921,0.1808684296441397,0.4194107452339688,0.0177935943060498,-0.0922865013774104,1,0.4146005509641873,1.1130495365751514,4.13847487001733,5.412073945696131,5.884777585210863,0.7925194561162164,0.8333333333333334,0.3281340265742345,-0.0084924791708064,-0.0006730504931751,0.0712871287128712,0.1875311168888642,0.0,1,0.0922865013774104,0.5834777585210861,0.0006730504931751,0.0084924791708064,-4.13847487001733,-5.412073945696131,-5.884777585210863,-1,-0.4146005509641873
2026-04-30,2026,LONG,VWAP_LONG,445.76,4.031094527363184,0.11318407960199,28.714285714285715,True,True,0.426190175527213,1.1049374921075894,0.0699980926950219,0.8277560298017427,0.299939649969825,-0.8176964149504196,0,0.1739130434782608,1.3406023530701126,3.3246306351812116,5.425470387675212,6.087514206339184,1.011456451615381,0.6468253968253969,0.4975375678747317,0.0135930737209818,0.0057913756305781,0.0192916786639792,0.3100820461911296,0.0,3,-0.8176964149504196,0.426190175527213,0.0057913756305781,0.0135930737209818,3.3246306351812116,5.425470387675212,6.087514206339184,0,0.1739130434782608
2026-05-01,2026,LONG,PM_LONG,-40.239999999999995,0.539553752535497,2.55578093306288,35.214285714285715,False,False,0.08941310758109,0.3519452106915248,0.0209944751381215,0.7438409588128982,0.2861136999068033,0.6155157715260017,0,0.6751918158567775,1.009236247635298,3.6124163733789945,6.016195821046961,6.764082564444019,0.9873015878924988,0.6388888888888888,1.1040299311962969,-0.0068520722172682,-0.0037790487528732,0.4911208151382824,0.9552973860335902,1.0,4,0.6155157715260017,0.08941310758109,-0.0037790487528732,-0.0068520722172682,3.6124163733789945,6.016195821046961,6.764082564444019,0,0.6751918158567775
2026-05-05,2026,LONG,PM_LONG,-47.74,1.893851132686084,1.658252427184466,27.589285714285715,False,False,0.558042277910282,0.7298983892573595,0.1729292929292929,0.4299670010128402,0.4746760895170789,0.837386018237082,2,0.9437689969604864,0.9628965557870794,3.2532427222530833,6.3604796288430725,7.314950828241904,0.7312047415705061,0.6150793650793651,0.8540529944130428,0.0017982025492204,-0.0032705653889999,0.1246671508109416,0.727487607104166,1.0,1,0.837386018237082,0.558042277910282,-0.0032705653889999,0.0017982025492204,3.2532427222530833,6.3604796288430725,7.314950828241904,2,0.9437689969604864
2026-05-05,2026,LONG,PM_LONG,14.260000000000002,1.627556512378902,0.4671689989235737,16.589285714285715,False,True,0.558042277910282,0.7298983892573595,0.1729292929292929,0.4299670010128402,0.4746760895170789,0.837386018237082,2,0.9437689969604864,0.9628965557870794,3.2532427222530833,6.3604796288430725,7.314950828241904,0.7312047415705061,0.6150793650793651,0.8540529944130428,0.0017982025492204,-0.0032705653889999,0.1246671508109416,0.727487607104166,1.0,1,0.837386018237082,0.558042277910282,-0.0032705653889999,0.0017982025492204,3.2532427222530833,6.3604796288430725,7.314950828241904,2,0.9437689969604864
2026-05-06,2026,LONG,ORB_LONG,83.88,2.9167626728110596,0.1497695852534562,66.76923076923077,True,True,0.5657607099742242,1.0166726483735196,0.0649613777383816,0.4424287904988743,0.0990338164251207,0.5648967551622419,4,0.8775811209439528,1.148156867180544,3.760970994159679,7.209214003719531,8.279966719958233,0.665052850173316,0.6190476190476191,0.5703285588436817,-0.0067061749098265,0.0004807730088065,0.1785714285714285,0.1653216584441467,0.0,2,0.5648967551622419,0.5657607099742242,0.0004807730088065,-0.0067061749098265,3.760970994159679,7.209214003719531,8.279966719958233,4,0.8775811209439528
2026-05-07,2026,LONG,PM_LONG,-813.24,0.3827338129496403,8.836450839328538,37.232142857142854,False,False,0.2070921985815602,0.5028368794326241,0.0472005208333333,0.5375886524822695,0.5058275058275058,0.6240105540897097,2,0.8469656992084432,1.0675059149379966,4.99822695035461,9.058113475177306,10.35382269503546,0.9765439090398288,0.5555555555555556,0.9744680851063828,-0.0125899201871322,-0.0045522414190953,0.3440702781844802,0.5083363241867598,0.0,3,0.6240105540897097,0.2070921985815602,-0.0045522414190953,-0.0125899201871322,4.99822695035461,9.058113475177306,10.35382269503546,2,0.8469656992084432
2026-05-08,2026,LONG,PM_LONG,230.26,4.7736585365853665,0.1229268292682927,36.607142857142854,True,True,0.6311954884584399,1.2182563312200076,0.182311080989495,0.8483659672843181,0.5652968036529681,0.7952105697770437,0,0.8422791081750619,1.0159230651996565,4.386948754772492,8.694118883323407,10.084360222774876,1.1081878262005451,0.5753968253968254,1.0970611930365337,-0.0116164720066093,-0.0061058572965546,0.2011976047904191,0.8936170212765957,1.0,4,0.7952105697770437,0.6311954884584399,-0.0061058572965546,-0.0116164720066093,4.386948754772492,8.694118883323407,10.084360222774876,0,0.8422791081750619
2026-05-11,2026,LONG,PM_LONG,210.84,1.879751954704772,0.1623078997034241,66.23214285714286,False,True,0.0288231633421768,0.4723068356752153,0.0240605569072722,0.4985097114408306,0.2637889688249401,0.0565045992115637,5,0.3613666228646517,1.1836943664707025,5.258949919753695,9.587553634011336,11.03402115882218,1.2675777298245343,0.623015873015873,1.1981264943827583,0.0040845681578607,0.0023997001151967,0.2654900488171235,0.5667448947423728,0.0,0,0.0565045992115637,0.0288231633421768,0.0023997001151967,0.0040845681578607,5.258949919753695,9.587553634011336,11.03402115882218,5,0.3613666228646517
2026-05-12,2026,SHORT,ORB_SHORT,133.76,4.934841982052283,1.1330472103004292,80.09375,True,True,-0.5382913378025825,0.9068392721508536,0.1081773904127147,0.7654965159671081,0.2783783783783783,-0.5858498705780846,5,0.1276962899050906,1.4737205456645786,5.100359961692148,9.755344935768305,11.37006043393547,1.0605138986713811,0.6111111111111112,0.6168884779234504,-0.0078691671347022,0.0019330201470239,0.0844382414515003,0.4316923782385117,0.0,1,0.5858498705780846,0.5382913378025825,-0.0019330201470239,0.0078691671347022,-5.100359961692148,-9.755344935768305,-11.37006043393547,-5,-0.1276962899050906
2026-05-12,2026,SHORT,ORB_SHORT,375.76,4.333333333333333,0.0253968253968253,78.75,True,True,-0.5382913378025825,0.9068392721508536,0.1081773904127147,0.7654965159671081,0.2783783783783783,-0.5858498705780846,5,0.1276962899050906,1.4737205456645786,5.100359961692148,9.755344935768305,11.37006043393547,1.0605138986713811,0.6111111111111112,0.6168884779234504,-0.0078691671347022,0.0019330201470239,0.0844382414515003,0.4316923782385117,0.0,1,0.5858498705780846,0.5382913378025825,-0.0019330201470239,0.0078691671347022,-5.100359961692148,-9.755344935768305,-11.37006043393547,-5,-0.1276962899050906
2026-05-14,2026,LONG,PM_LONG,84.26,1.3954692556634305,2.020711974110032,55.17857142857143,False,True,-0.1252383979656706,0.6236490781945327,0.0373820012586532,0.5867768595041323,0.1824324324324324,0.6738894907908992,4,0.7703141928494042,1.2501360390047156,4.385155753337576,9.218169103623644,11.073092816274638,1.4338592885807049,0.6706349206349206,1.246026700572155,-0.0089777143564535,-0.0022009783250798,0.342925659472422,0.7534934993353435,1.0,3,0.6738894907908992,-0.1252383979656706,-0.0022009783250798,-0.0089777143564535,4.385155753337576,9.218169103623644,11.073092816274638,4,0.7703141928494042
2026-05-18,2026,SHORT,ORB_SHORT,-30.24,1.996845978622744,1.064657438233748,101.91071428571428,False,False,0.0408163265306122,1.2263450834879406,0.0302473498233215,0.852195423623995,0.3822141560798548,-0.9107402031930334,4,0.0355587808417997,1.2910192442169788,3.0428571428571445,8.020667903525045,10.110680272108844,1.2262050371255315,0.746031746031746,0.9833024118738404,0.001443774422661,0.0074676821535342,0.0004336513443191,0.3667288419588378,0.0,0,0.9107402031930334,-0.0408163265306122,-0.0074676821535342,-0.001443774422661,-3.0428571428571445,-8.020667903525045,-10.110680272108844,-4,-0.0355587808417997
2026-05-19,2026,SHORT,ORB_SHORT,-407.24,0.2213720989543484,4.7523590920683505,70.01785714285714,False,False,-0.2598333482662843,0.9264402831287518,0.0977668366449797,0.9676552280261624,0.4101640656262505,-0.3685185185185185,3,0.0938271604938271,1.467678927160026,1.8065286861989631,6.678433832093896,8.830298957680013,1.2344375667782366,0.8214285714285714,1.296777469163456,-0.0046427299673491,0.0017888270438582,0.0610571081409477,0.520717377860235,0.0,1,0.3685185185185185,0.2598333482662843,-0.0017888270438582,0.0046427299673491,-1.8065286861989631,-6.678433832093896,-8.830298957680013,-3,-0.0938271604938271
2026-05-19,2026,LONG,PM_LONG,-32.239999999999995,0.9748549323017408,3.357833655705996,36.92857142857143,False,False,-0.2598333482662843,0.9264402831287518,0.0977668366449797,0.9676552280261624,0.4101640656262505,-0.3685185185185185,3,0.0938271604938271,1.467678927160026,1.8065286861989631,6.678433832093896,8.830298957680013,1.2344375667782366,0.8214285714285714,1.296777469163456,-0.0046427299673491,0.0017888270438582,0.0610571081409477,0.520717377860235,0.0,1,-0.3685185185185185,-0.2598333482662843,0.0017888270438582,-0.0046427299673491,1.8065286861989631,6.678433832093896,8.830298957680013,3,0.0938271604938271
2026-05-20,2026,LONG,PM_LONG,533.52,1.9785579146520915,0.4809754046668068,91.48076923076924,False,True,0.047373961866885,0.8767107264007487,0.0546582717401222,0.5971458650134519,0.1845444059976932,0.5523996082272282,4,0.8090107737512243,1.3798932509305428,1.7182126564510487,6.554509299333252,8.79766639373026,1.1481521977195437,0.8571428571428571,1.0837524856708387,0.0060103756916318,-0.0014015014265271,0.2200947867298578,1.0160379894274707,1.0,2,0.5523996082272282,0.047373961866885,-0.0014015014265271,0.0060103756916318,1.7182126564510487,6.554509299333252,8.79766639373026,4,0.8090107737512243
2026-05-22,2026,LONG,PM_LONG,-53.74,2.169135802469136,3.344444444444445,28.928571428571427,False,False,0.3942955466767768,0.5319490215521012,0.0452103263006159,0.5319490215521012,0.1656441717791411,0.0625,3,0.4583333333333333,1.0037114558356626,1.9877220099740476,6.962827729009302,9.47038700457873,0.9374919739796498,0.8571428571428571,0.9950713056665402,0.0011954711706287,-0.0008819096874445,0.1273540928584747,0.828138139008902,1.0,4,0.0625,0.3942955466767768,-0.0008819096874445,0.0011954711706287,1.9877220099740476,6.962827729009302,9.47038700457873,3,0.4583333333333333
2026-06-03,2026,SHORT,ORB_SHORT,80.26,2.2343434343434345,1.7591919191919192,44.19642857142857,False,True,0.1939686938065619,0.5488901335377178,0.0206455364931666,0.7351944108716799,0.0155857214680744,-0.1547714514835605,3,0.6752205292702486,0.3180161668080608,2.5283141231612736,7.894702709076441,11.939961088347136,0.43137035668981,0.8134920634920635,0.6809539250655897,-0.0007951720000435,-0.000468331895851,0.1111111111111111,0.2713065706152326,0.0,2,0.1547714514835605,-0.1939686938065619,0.000468331895851,0.0007951720000435,-2.5283141231612736,-7.894702709076441,-11.939961088347136,-3,-0.6752205292702486
2026-06-05,2026,SHORT,ORB_SHORT,438.76,9.839896373056996,0.544041450777202,68.92857142857143,True,True,-1.2399307834596336,0.5871472044871412,0.099932478055368,0.8174712094993735,0.2054305108967488,-0.3948905109489051,3,0.4160583941605839,0.3666966052001126,1.81809773852855,7.112357539232654,11.629760128885971,0.482928208585139,0.7817460317460317,1.0680828211707143,-0.001306555680953,0.0018863801218933,0.3266264252179745,0.6559850336441266,1.0,4,0.3948905109489051,1.2399307834596336,-0.0018863801218933,0.001306555680953,-1.81809773852855,-7.112357539232654,-11.629760128885971,-3,-0.4160583941605839
2026-06-05,2026,SHORT,ORB_SHORT,1048.02,6.877494626957323,0.9542523794903286,58.160714285714285,True,True,-1.2399307834596336,0.5871472044871412,0.099932478055368,0.8174712094993735,0.2054305108967488,-0.3948905109489051,3,0.4160583941605839,0.3666966052001126,1.81809773852855,7.112357539232654,11.629760128885971,0.482928208585139,0.7817460317460317,1.0680828211707143,-0.001306555680953,0.0018863801218933,0.3266264252179745,0.6559850336441266,1.0,4,0.3948905109489051,1.2399307834596336,-0.0018863801218933,0.001306555680953,-1.81809773852855,-7.112357539232654,-11.629760128885971,-3,-0.4160583941605839
2026-06-08,2026,LONG,ORB_LONG,186.26,1.5435203094777563,1.5681378582732548,101.55357142857144,False,True,0.9867635890202886,1.5883693175653684,0.141863885546196,0.5479006184224802,0.2218430034129692,0.0881188118811881,5,0.8584158415841584,0.3016176383284723,-1.5430725832700445,3.0188022133015084,7.293327546924163,1.6485660020045825,0.9285714285714286,2.2805685147010957,0.0001863118041383,-0.0015246089919236,0.511887891670603,2.0311474431648664,1.0,0,0.0881188118811881,0.9867635890202886,-0.0015246089919236,0.0001863118041383,-1.5430725832700445,3.0188022133015084,7.293327546924163,5,0.8584158415841584
2026-06-11,2026,LONG,PM_LONG,378.32,3.050131926121372,0.1767810026385224,94.75,True,True,0.2971954792800335,1.246918747965211,0.1046221779075564,0.7418259615831823,0.1608241905271608,0.2094043887147335,3,0.4664576802507837,0.2593872361818762,-2.119273522161757,1.076991767824752,5.212499418631694,1.6078215340233029,1.0,1.257615924840705,0.0022681100465991,-0.0035540144140779,0.2416980118216012,1.265595886695441,1.0,3,0.2094043887147335,0.2971954792800335,-0.0035540144140779,0.0022681100465991,-2.119273522161757,1.076991767824752,5.212499418631694,3,0.4664576802507837
2026-06-11,2026,LONG,PM_LONG,285.76,1.4190385831752057,1.28842504743833,112.92857142857144,False,True,0.2971954792800335,1.246918747965211,0.1046221779075564,0.7418259615831823,0.1608241905271608,0.2094043887147335,3,0.4664576802507837,0.2593872361818762,-2.119273522161757,1.076991767824752,5.212499418631694,1.6078215340233029,1.0,1.257615924840705,0.0022681100465991,-0.0035540144140779,0.2416980118216012,1.265595886695441,1.0,3,0.2094043887147335,0.2971954792800335,-0.0035540144140779,0.0022681100465991,-2.119273522161757,1.076991767824752,5.212499418631694,3,0.4664576802507837
2026-06-12,2026,LONG,PM_LONG,355.52,1.3717085119412125,1.6374770361298223,116.64285714285714,False,True,0.241586806329396,0.7399153108981502,0.0037794060933281,0.7082683307332294,0.2439974042829331,0.0780365009439899,3,0.7476400251730648,0.2098829809194622,-0.6327390238466695,2.21537775796746,6.313316246935593,1.8957274629795384,1.0,1.4205482505014486,0.0062796386676302,-0.0022633152720318,0.1893508247323237,0.999953490535324,0.0,4,0.0780365009439899,0.241586806329396,-0.0022633152720318,0.0062796386676302,-0.6327390238466695,2.21537775796746,6.313316246935593,3,0.7476400251730648
2026-06-15,2026,LONG,PM_LONG,239.76,2.7395923054837787,0.4852138960666092,66.98076923076923,True,True,1.7410834606055163,1.4679723295301412,0.2943749240675495,0.3508220285688617,0.199447895100069,0.5032010243277849,4,0.649167733674776,0.2553798636297095,-0.1226304914203575,2.580666606773876,6.85247506962537,1.190824164595456,0.996031746031746,0.9522953912496632,-0.0077936281941103,-0.0014308081570635,0.0645867542419266,0.4154223311789614,0.0,0,0.5032010243277849,1.7410834606055163,-0.0014308081570635,-0.0077936281941103,-0.1226304914203575,2.580666606773876,6.85247506962537,4,0.649167733674776
2026-06-16,2026,SHORT,ORB_SHORT,89.74,3.065440778799351,1.4975662520281234,71.11538461538461,True,True,-0.0777092659853028,0.7623110059971281,0.0139791297499507,0.5034208970352225,0.4073251942286348,-0.6854026845637584,5,0.0578859060402684,0.2810555516348456,1.7417433904890638,4.223768899400284,8.398034040037167,1.4188601819799709,1.0,0.5241152124334825,0.0005597253224225,0.0038756978080528,0.1770872332459752,0.3297098194232324,0.0,1,0.6854026845637584,0.0777092659853028,-0.0038756978080528,-0.0005597253224225,-1.7417433904890638,-4.223768899400284,-8.398034040037167,-5,-0.0578859060402684
2026-06-23,2026,SHORT,VWAP_SHORT,-44.24,2.9772065955383127,1.6193016488845782,73.64285714285714,True,False,-1.460065668841414,1.7491791394823248,0.2988613320854781,0.7342970449021364,0.4266083697688944,0.5127758420441347,0,0.7491289198606271,0.9174529686828758,0.8245490597415864,2.8402712037866196,7.696019359515585,0.5023016071393155,0.984126984126984,0.7931431495458616,0.0039030466857155,-0.0011692625000376,0.103154305200341,0.3243104113937626,0.0,1,-0.5127758420441347,1.460065668841414,0.0011692625000376,-0.0039030466857155,-0.8245490597415864,-2.8402712037866196,-7.696019359515585,0,-0.7491289198606271
2026-06-24,2026,LONG,ORB_LONG,-407.24,0.0827260193027378,6.551900728776836,90.66071428571428,False,False,0.0611423974255832,0.4927594529364441,0.0130684788290642,0.5092518101367659,0.0743083003952569,0.1579778830963665,4,0.7464454976303317,0.8046024352373948,-0.6414119066773946,1.1100563153660523,5.763169750603381,0.7809278012349684,1.0,0.7558326629123089,0.0056110249719831,0.0007677047670529,0.1650099403578528,0.6170312566628289,1.0,2,0.1579778830963665,0.0611423974255832,0.0007677047670529,0.0056110249719831,-0.6414119066773946,1.1100563153660523,5.763169750603381,4,0.7464454976303317
2026-06-26,2026,LONG,PM_LONG,140.26,1.6024818142918271,2.318356867779204,83.46428571428571,False,True,-0.468183192261185,1.1067865779927448,0.0833794843394252,0.7311819830713422,0.5272591486183719,0.4583979328165374,3,0.8325581395348837,0.7333727208461257,-0.502361698911728,0.8527509068923825,5.328053204353084,0.8145620080385721,1.0,1.3561819830713422,0.0006243617215373,-0.0012860612451204,0.0106043446926799,0.3464900246932936,0.0,4,0.4583979328165374,-0.468183192261185,-0.0012860612451204,0.0006243617215373,-0.502361698911728,0.8527509068923825,5.328053204353084,3,0.8325581395348837
2026-06-26,2026,LONG,PM_LONG,74.22,1.6654056326187474,1.9978982765868016,84.96428571428571,False,True,-0.468183192261185,1.1067865779927448,0.0833794843394252,0.7311819830713422,0.5272591486183719,0.4583979328165374,3,0.8325581395348837,0.7333727208461257,-0.502361698911728,0.8527509068923825,5.328053204353084,0.8145620080385721,1.0,1.3561819830713422,0.0006243617215373,-0.0012860612451204,0.0106043446926799,0.3464900246932936,0.0,4,0.4583979328165374,-0.468183192261185,-0.0012860612451204,0.0006243617215373,-0.502361698911728,0.8527509068923825,5.328053204353084,3,0.8325581395348837
2026-06-29,2026,LONG,VWAP_LONG,615.26,3.3137697516930023,0.3905191873589165,110.75,True,True,0.2088811525499055,0.7107144179845191,0.048441247002398,0.8388578200807377,0.1459977452085682,-0.0181015452538631,2,0.6339955849889625,0.9363960254229702,-0.6806599755564631,0.502529535943115,4.930148883374692,0.7946118654907953,1.0,0.7918225250916633,-0.0027979361641866,0.0011503945813071,0.0085629768021173,0.2954957678355501,0.0,0,-0.0181015452538631,0.2088811525499055,0.0011503945813071,-0.0027979361641866,-0.6806599755564631,0.502529535943115,4.930148883374692,2,0.6339955849889625
2026-06-30,2026,LONG,PM_LONG,101.26,2.880327868852459,0.3442622950819672,43.57142857142857,True,True,0.0478443081461229,0.4061370217817508,0.0243749346165916,0.5867223051603504,0.6805736636245111,0.9638258736971184,0,0.998160637645616,0.8240047578336989,0.1196107703653074,1.1302552295987205,5.483763512419733,0.9745059053127052,1.0,1.145025810745184,-0.00931418244642,-0.0075795087695942,0.3890029660050194,0.647013073589867,1.0,1,0.9638258736971184,0.0478443081461229,-0.0075795087695942,-0.00931418244642,0.1196107703653074,1.1302552295987205,5.483763512419733,0,0.998160637645616
2026-07-02,2026,SHORT,ORB_SHORT,213.56,5.072847682119205,0.7350993377483444,113.25,True,True,-0.1543622994420011,0.6866341022476402,0.0008595988538681,0.5639091209345177,0.327689594356261,-0.4260172626387176,3,0.0369913686806411,0.9613251622150936,0.3931023693222303,1.13790741738662,5.455005475689678,0.7225997426912505,1.0,0.3737375493246649,0.0018677178740085,0.0068689128888449,0.0740210124164278,0.1923923959195898,0.0,3,0.4260172626387176,0.1543622994420011,-0.0068689128888449,-0.0018677178740085,-0.3931023693222303,-1.13790741738662,-5.455005475689678,-3,-0.0369913686806411
2026-07-02,2026,SHORT,ORB_SHORT,148.76,3.903353997774599,0.7566364647909712,112.33928571428572,True,True,-0.1543622994420011,0.6866341022476402,0.0008595988538681,0.5639091209345177,0.327689594356261,-0.4260172626387176,3,0.0369913686806411,0.9613251622150936,0.3931023693222303,1.13790741738662,5.455005475689678,0.7225997426912505,1.0,0.3737375493246649,0.0018677178740085,0.0068689128888449,0.0740210124164278,0.1923923959195898,0.0,3,0.4260172626387176,0.1543622994420011,-0.0068689128888449,-0.0018677178740085,-0.3931023693222303,-1.13790741738662,-5.455005475689678,-3,-0.0369913686806411
2026-07-02,2026,SHORT,ORB_SHORT,75.34,1.8074315161377816,1.2226742609167345,65.83928571428571,False,True,-0.1543622994420011,0.6866341022476402,0.0008595988538681,0.5639091209345177,0.327689594356261,-0.4260172626387176,3,0.0369913686806411,0.9613251622150936,0.3931023693222303,1.13790741738662,5.455005475689678,0.7225997426912505,1.0,0.3737375493246649,0.0018677178740085,0.0068689128888449,0.0740210124164278,0.1923923959195898,0.0,3,0.4260172626387176,0.1543622994420011,-0.0068689128888449,-0.0018677178740085,-0.3931023693222303,-1.13790741738662,-5.455005475689678,-3,-0.0369913686806411
2026-07-07,2026,SHORT,ORB_SHORT,76.68,1.0680028632784535,3.1782390837508947,87.3125,False,True,-0.6176052568433099,0.6131753327057607,0.1438800193517174,0.6290492275319786,0.5334403424291064,-0.7282863849765259,2,0.0539906103286385,1.1310605999823486,0.1381398010225731,0.7255772744891729,5.422398803920482,1.0735354745777383,0.98015873015873,0.4692027982354135,-0.0006070731147924,0.0052403537150017,0.019047619047619,0.2334826327055564,0.0,1,0.7282863849765259,0.6176052568433099,-0.0052403537150017,0.0006070731147924,-0.1381398010225731,-0.7255772744891729,-5.422398803920482,-2,-0.0539906103286385
2026-07-08,2026,SHORT,ORB_SHORT,-407.24,0.3373493975903614,4.768072289156627,83.0,False,False,-0.2074533917450838,1.0199791760799952,0.0444137529984735,0.3111800876176256,0.0185597624350408,0.5404040404040404,5,0.5492424242424242,0.8299140704606176,-0.9452095161385368,-0.3578256684281874,4.671691255918118,0.9774384467970116,0.9642857142857144,0.7476965994145728,-0.0056794225220357,-0.0035308294845972,0.0729653882132834,0.4400391309965483,0.0,2,-0.5404040404040404,0.2074533917450838,0.0035308294845972,0.0056794225220357,0.9452095161385368,0.3578256684281874,-4.671691255918118,-5,-0.5492424242424242
2026-07-09,2026,LONG,PM_LONG,4.760000000000002,2.05,1.48,25.0,False,True,0.5619914218142462,0.6277307892732593,0.1181518151815181,0.5078766986010342,0.0829831932773109,-0.0220994475138121,1,0.393843725335438,0.9636931430256656,-0.9308333667374812,-0.333843748747343,4.8256543873010775,1.005677815839161,0.9603174603174603,0.6794404136769953,0.0059584397531148,0.0007322264205177,0.1159657002858309,0.4333732785886883,0.0,3,-0.0220994475138121,0.5619914218142462,0.0007322264205177,0.0059584397531148,-0.9308333667374812,-0.333843748747343,4.8256543873010775,1,0.393843725335438
2026-07-10,2026,LONG,PM_LONG,502.76,1.9413420929141247,1.2613796339746597,76.10714285714286,False,True,-0.1323882846551794,0.4024603853517455,0.0535736795663683,0.4782272190313251,0.1647150663544106,0.0519591141396933,5,0.596252129471891,0.8186088359142913,-0.143488533137806,0.4328730294513029,5.709199967412114,0.925639789594993,0.9523809523809524,0.6175404293453908,-0.0098382820387036,-0.0019599947744803,0.1813186813186813,0.4076642482061972,0.0,4,0.0519591141396933,-0.1323882846551794,-0.0019599947744803,-0.0098382820387036,-0.143488533137806,0.4328730294513029,5.709199967412114,5,0.596252129471891
2026-07-14,2026,LONG,VWAP_LONG,74.88,1.082856537401992,1.186692095783005,84.26785714285714,False,True,0.6032422095701682,1.0747968186361858,0.1082735961768219,0.4732930592376896,0.178066037735849,-0.1505968778696051,3,0.743801652892562,0.8189182062395965,-0.8519709678821343,-0.4588291538093794,5.219629275500891,1.118927954474499,0.9206349206349206,0.5241427267590942,-0.0001629784216207,0.0028925817318278,0.2079905992949471,0.4095577188252485,0.0,1,-0.1505968778696051,0.6032422095701682,0.0028925817318278,-0.0001629784216207,-0.8519709678821343,-0.4588291538093794,5.219629275500891,3,0.743801652892562
2026-07-15,2026,SHORT,ORB_SHORT,37.86,3.211647727272727,1.3721590909090908,75.42857142857143,True,True,0.2434972677595628,0.5543169398907104,0.0806509945750452,0.5914754098360656,0.5096711798839458,-0.7856614929785661,3,0.1485587583148558,0.925899416085892,-0.1902513661202173,0.0965333333333363,5.823842622950817,0.9328380663244692,0.9166666666666666,0.5739890710382514,0.0135248766159233,0.0093641775911793,0.0325605626465225,0.2186101090877482,0.0,2,0.7856614929785661,-0.2434972677595628,-0.0093641775911793,-0.0135248766159233,0.1902513661202173,-0.0965333333333363,-5.823842622950817,-3,-0.1485587583148558
2026-07-16,2026,SHORT,VWAP_SHORT,148.26,3.579946603381786,1.2708395134974786,60.19642857142857,True,True,-0.3088585661685077,0.7554689192116093,0.0948442723913426,0.4790989820229586,0.0586466165413533,-0.0072332730560578,1,0.7495479204339964,0.8818484334777422,-0.4268356075373644,-0.237574182369505,5.431873510937836,0.9691749029748375,0.9206349206349206,1.0058479532163742,0.0075491070737758,0.0019107710608383,0.0316991533766489,0.5114754098360655,0.0,3,0.0072332730560578,0.3088585661685077,-0.0019107710608383,-0.0075491070737758,0.4268356075373644,0.237574182369505,-5.431873510937836,-1,-0.7495479204339964
2026-07-16,2026,SHORT,ORB_SHORT,226.76,1.55046996322027,1.3788312219043728,43.69642857142857,False,True,-0.3088585661685077,0.7554689192116093,0.0948442723913426,0.4790989820229586,0.0586466165413533,-0.0072332730560578,1,0.7495479204339964,0.8818484334777422,-0.4268356075373644,-0.237574182369505,5.431873510937836,0.9691749029748375,0.9206349206349206,1.0058479532163742,0.0075491070737758,0.0019107710608383,0.0316991533766489,0.5114754098360655,0.0,3,0.0072332730560578,0.3088585661685077,-0.0019107710608383,-0.0075491070737758,0.4268356075373644,0.237574182369505,-5.431873510937836,-1,-0.7495479204339964
2026-07-21,2026,LONG,PM_LONG,76.0,2.107485604606526,0.7140115163147792,65.125,False,True,0.6745684835423994,0.8522577103706264,0.2345000597300203,0.2960131742126985,0.2118959107806691,-0.0219780219780219,3,0.8475274725274725,0.955360823371408,-1.3421839103828224,-1.5615996096529587,3.6469595624860207,0.7325862438747517,0.9484126984126984,0.6257751031776689,0.0054295574156975,0.0008344625448444,0.1364057005367388,0.3155098647525194,0.0,1,-0.0219780219780219,0.6745684835423994,0.0008344625448444,0.0054295574156975,-1.3421839103828224,-1.5615996096529587,3.6469595624860207,3,0.8475274725274725
2026-07-23,2026,SHORT,ORB_SHORT,104.26,1.5951386251424229,1.6562856057728823,94.03571428571428,False,True,-0.8838983974708383,1.0212580398997058,0.1294646873594242,0.423852610923362,0.1685393258426966,-0.1995884773662551,3,0.1224279835390946,1.252680160041907,-0.6722773356589979,-0.945827973400198,4.569198735419166,0.910897812682809,0.8968253968253969,0.4399869181292924,0.0042057951544761,0.0011857022282592,0.0066622251832111,0.2108503594998629,0.0,3,0.1995884773662551,0.8838983974708383,-0.0011857022282592,-0.0042057951544761,0.6722773356589979,0.945827973400198,-4.569198735419166,-3,-0.1224279835390946
2026-07-24,2026,SHORT,ORB_SHORT,-407.24,0.7876640966868098,4.0083350698062095,85.69642857142857,False,False,0.0602913347709369,0.4748492716630726,0.0471538231482404,0.5685868943361352,0.4498113207547169,-0.7267801857585139,1,0.0193498452012383,1.1663008823980998,-1.8419222813888985,-2.1784095409937065,3.3105663864806605,1.0353467103861058,0.8888888888888888,0.7930290894688201,2.8089121629881753e-05,0.0079566250710279,0.1796439489300485,0.4138231767142701,0.0,4,0.7267801857585139,-0.0602913347709369,-0.0079566250710279,-2.8089121629881753e-05,1.8419222813888985,2.1784095409937065,-3.3105663864806605,-1,-0.0193498452012383
2026-07-27,2026,SHORT,ORB_SHORT,205.92,1.4254651892117916,1.524984319464771,85.41071428571429,False,True,0.6562555614878093,0.4658302189001602,0.0104074402125775,1.0228688378715074,0.9171764705882351,-0.9391039582427142,0,0.0169638973466724,1.2594863691659897,-2.253670581954087,-2.6686154119950154,2.8120061398825413,0.9919451285976196,0.8849206349206349,0.7314468766684463,0.0115727594951192,0.0095216507331528,0.0423685553854007,0.572987721691678,0.0,0,0.9391039582427142,-0.6562555614878093,-0.0095216507331528,-0.0115727594951192,2.253670581954087,2.6686154119950154,-2.8120061398825413,0,-0.0169638973466724
2026-07-29,2026,SHORT,ORB_SHORT,211.76,1.6513530522341096,5.298930144745123,99.3125,False,True,-0.1306397306397306,0.9665544332211,0.0207395192490645,0.8210998877665544,0.5332007952286282,-0.6396938217605249,3,0.1820667031164571,1.2060777717201,-2.298540965207632,-3.048296296296297,2.3591043771043765,0.6735654732498877,0.876984126984127,0.8556677890011223,0.0019166489380363,0.0040746164337489,0.2033930981299402,0.7199388434211709,1.0,2,0.6396938217605249,0.1306397306397306,-0.0040746164337489,-0.0019166489380363,2.298540965207632,3.048296296296297,-2.3591043771043765,-3,-0.1820667031164571
2026-07-30,2026,LONG,PM_LONG,4.26,1.711947626841244,2.2193126022913257,76.375,False,True,-0.0516601907453196,1.203196750264924,0.1539823008849557,0.7651889791593076,0.7105134474327628,0.8280438545874207,0,0.9723023658395844,1.4431605122136084,-2.2044551395266665,-3.092749911691984,2.147178558813137,0.6804221302595405,0.8849206349206349,1.2190921935711765,-0.0140260819248668,-0.0098686310427327,0.1692727724000992,0.8574635241301908,0.0,3,0.8280438545874207,-0.0516601907453196,-0.0098686310427327,-0.0140260819248668,-2.2044551395266665,-3.092749911691984,2.147178558813137,0,0.9723023658395844
2026-08-03,2026,LONG,PM_LONG,202.76,2.848568281938326,0.8865638766519823,64.85714285714286,True,True,-0.026495511751673,0.5751353326785591,0.0797807551766138,0.6916242205522943,0.5996055226824457,0.7034346103038309,0,0.9808454425363275,1.131888699056466,-1.0775678947488665,-2.1507868710171043,3.1283410611909277,0.6384982613762117,0.8611111111111112,1.1804207304538497,-0.0001700075726174,-0.0026105733506092,0.1388355726167626,0.4906730614033066,0.0,0,0.7034346103038309,-0.026495511751673,-0.0026105733506092,-0.0001700075726174,-1.0775678947488665,-2.1507868710171043,3.1283410611909277,0,0.9808454425363275
2026-08-04,2026,LONG,PM_LONG,675.76,7.810236220472442,0.4078740157480315,45.357142857142854,True,True,0.5927338017866247,0.7988828053997739,0.141534544612892,0.6388402456054796,0.4916030534351145,0.8591256072172103,0,0.931297709923664,1.1229564622290211,-0.1190787577860066,-1.221439496375767,3.832309977168446,0.770344496118959,0.8809523809523809,1.1539910890430696,-0.0067914843891869,-0.0048080601683053,0.2517099863201094,0.5107238299719056,0.0,1,0.8591256072172103,0.5927338017866247,-0.0048080601683053,-0.0067914843891869,-0.1190787577860066,-1.221439496375767,3.832309977168446,0,0.931297709923664
2026-08-06,2026,LONG,PM_LONG,-158.74,1.1342062193126023,2.497545008183306,65.46428571428571,False,False,-0.7662785119281259,0.6162501635483448,0.0950029626703535,0.742727550263858,0.6223404255319149,0.6987668819729889,0,0.9189665296535524,1.058875822403084,1.3233677875179928,0.3372672161891085,5.212830912817829,1.0100398133751212,0.8888888888888888,0.6489598325264948,-0.0047158078229516,-0.009335199682666,0.0715823466092572,0.3182459568001736,0.0,3,0.6987668819729889,-0.7662785119281259,-0.009335199682666,-0.0047158078229516,1.3233677875179928,0.3372672161891085,5.212830912817829,0,0.9189665296535524
2026-08-11,2026,SHORT,ORB_SHORT,72.76,3.850512945774303,0.5813385442110405,36.55357142857143,True,True,0.0913745207429345,0.4054457377689005,0.0375553334285306,0.3870789999311247,0.1175979983319432,-0.3155397390272835,1,0.6690391459074733,0.8321093781382491,1.4500539522923983,0.4623550749592499,5.411270289505705,1.2762549424131937,0.8373015873015873,0.3328971233096862,0.0044695207423073,0.0010735404325319,0.0957230142566191,0.2332979851537646,0.0,1,0.3155397390272835,-0.0913745207429345,-0.0010735404325319,-0.0044695207423073,-1.4500539522923983,-0.4623550749592499,-5.411270289505705,-1,-0.6690391459074733
2026-08-13,2026,LONG,PM_LONG,-72.24,1.2315875613747953,2.6350245499181666,43.642857142857146,False,False,0.0505671077504725,0.2712665406427221,0.0739242368517837,0.7613421550094518,0.8288700195950359,0.8733705772811918,0,0.9913097454996896,0.870241273156855,1.6684310018903563,0.7236862003780752,5.679116257088844,0.5945945062551687,0.8174603174603174,0.3464083175803402,-0.0103900852995337,-0.0061781342262672,0.0617696160267111,0.110992430223378,0.0,3,0.8733705772811918,0.0505671077504725,-0.0061781342262672,-0.0103900852995337,1.6684310018903563,0.7236862003780752,5.679116257088844,0,0.9913097454996896
