date,year,gap_atr,on_range_atr,on_er,ib_range_atr,ib_er,ib_dir,ib_vwap_x,open_loc,rvol_1h,d_ma20,d_ma50,d_ma200,vol_expand,atr_rank,prev_range_atr,breadth_rty,breadth_es,dow,ib_vol,pm_er,net_pm,abs_net_pm,room_atr,mfe_up,mfe_dn,clean_run,atr,px1030,prev_pm_er,prev_room_atr,prev_clean_run
2021-01-18,2021,-0.20950947183540333,0.4503826370593401,0.0161090458488228,0.1543093714715845,0.2375,0.056910569105691054,3,0.5772357723577236,,,,,,,0.9409108016560029,0.003395188794264703,0.00046137004463786546,0,21718.0,0.010452961672473868,10.0,10.0,0.06649102998369087,13.25,2.5,0,199.275,12802.0,,,
2021-01-19,2021,0.4519629358693002,0.7456717873689345,0.13446421183285065,0.39161180199951234,0.22327044025157233,-0.2226027397260274,3,0.3082191780821918,,,,,,,0.16630090221897098,-0.002420010861810762,-0.000653756228487401,1,196562.0,0.40854149879129736,120.0,120.0,0.6745915630334065,125.75,31.25,1,186.4090909090909,12880.0,0.010452961672473868,0.06649102998369087,0.0
2021-01-20,2021,0.7312019605658906,0.6443132449593405,0.15546038543897217,0.6523337417845605,0.6454849498327759,0.8483606557377049,2,0.9774590163934426,,,,,,,0.8394786677063607,-0.0018967458679666205,-0.0032921061661488338,2,148577.0,0.20494972931167826,65.0,65.0,0.4290965801492703,80.25,35.0,0,187.02083333333334,13240.25,0.40854149879129736,0.6745915630334065,1.0
2021-01-21,2021,0.1748708451116093,0.5334827955941125,0.06225542511561722,0.47899405400136463,0.6642685851318945,0.30687830687830686,1,0.9074074074074074,,,,,,,1.0112096695584365,-0.01171054931272597,-0.00145952889677603,3,186711.0,0.09498878085265519,28.5,28.5,0.26737498781557656,40.5,52.75,0,197.28846153846155,13368.75,0.20494972931167826,0.4290965801492703,0.0
2021-01-22,2021,-0.2562244518766258,0.5228539576365663,0.060539752005835154,0.3342623560014864,0.0047169811320754715,0.0038910505836575876,1,0.31906614785992216,,,,,,,0.6568190263842437,0.0028618901716610523,4.6608727133357064e-05,4,163206.0,0.11696869851729819,24.75,24.75,0.21980676328502413,42.25,25.0,0,192.21428571428572,13348.25,0.09498878085265519,0.26737498781557656,0.0
2021-01-25,2021,0.6767631103074141,0.7730560578661844,0.19621109607577808,0.3187160940325497,0.20496894409937888,0.2170212765957447,5,0.2425531914893617,,,,,,,0.3729656419529837,0.011772749213289302,0.0010731018448979501,0,175641.0,0.10367577756833177,-117.5,117.5,1.7441229656419528,4.75,321.5,1,184.33333333333334,13510.5,0.11696869851729819,0.21980676328502413,0.0
2021-01-26,2021,0.5135739380389652,0.594059405940594,0.040877367896311065,0.422868093260939,0.0340632603406326,0.021148036253776436,4,0.8308157099697885,,,,,,,1.870328968380709,-0.007024658748289281,-0.002267967198694265,1,242404.0,0.02631578947368421,4.75,4.75,0.20440753752794635,37.75,40.0,0,195.6875,13495.25,0.10367577756833177,1.7441229656419528,1.0
2021-01-27,2021,-0.5729899113420972,1.220039743197799,0.19031324032640168,1.1355854478752676,0.21422523285351397,-0.2437070938215103,1,0.7562929061784897,,,,,,,0.5535004585753592,0.011573542150374538,0.0006269489203576395,2,330684.0,0.2172243554580362,-204.0,204.0,1.269413023540202,47.0,244.25,1,192.41176470588235,13336.5,0.02631578947368421,0.20440753752794635,0.0
2021-01-28,2021,0.11009174311926606,1.384709480122324,0.04966625183844326,0.7363914373088685,0.2505818463925524,0.5946843853820598,2,0.7724252491694352,,,,,,,1.45565749235474,-0.003455545621083189,0.0006953419061372923,3,231777.0,0.1152317880794702,63.25,63.25,0.7314984709480122,149.5,40.5,1,204.375,13244.5,0.2172243554580362,1.269413023540202,1.0
2021-01-29,2021,-0.950120420839143,1.2246799340854353,0.013176410387616733,0.7646723285587527,0.01934398654331371,0.09133858267716535,2,0.7984251968503937,,,,,,,1.2800735200912663,0.003256066410096903,2.4335395456098752e-05,4,283977.0,0.09479189365874918,-131.75,131.75,1.4209659018887058,5.75,295.0,1,207.60526315789474,13125.0,0.1152317880794702,0.7314984709480122,1.0
2021-02-01,2021,0.2634405562779128,1.6156933687602464,0.21021980086417433,0.5992424670699305,0.03697875688434304,0.360377358490566,2,0.9735849056603774,1.2063411719583692,-0.22454632822657983,,,,,1.478885182882017,-0.006715664747161343,-0.003725414822344786,0,231179.0,0.2766848053578903,151.0,151.0,0.7801458533551925,172.5,58.0,1,221.1125,13099.25,0.09479189365874918,1.4209659018887058,1.0
2021-02-02,2021,0.47392263909861776,0.6899756069229875,0.10706033376123235,0.4297827854570798,0.15346534653465346,0.5540540540540541,4,0.6324324324324324,1.009137066167418,0.8279126495527936,,,1.603305057842527,,1.4008595655709142,-0.012470256626602505,0.002347126929507448,1,198358.0,0.17542561065877127,62.5,62.5,0.41816703449878034,90.0,18.75,0,215.225,13403.5,0.2766848053578903,0.7801458533551925,1.0
2021-02-03,2021,0.296843901052033,0.49246516917827693,0.04501607717041801,0.6994597668467444,0.39275220372184133,-0.7723577235772358,3,0.11869918699186992,1.255950572267801,1.6367927210690947,,,1.6591447599869238,,0.6755757748080751,0.0003988232424976257,0.004856718345726985,2,248000.0,0.09202453987730061,36.5,36.5,0.38214387261870914,84.0,21.5,0,219.8125,13412.5,0.17542561065877127,0.41816703449878034,0.0
2021-02-04,2021,0.0,0.5453701554885124,0.0031308703819661866,0.41076815966581576,0.08716707021791767,-0.3587570621468927,6,0.288135593220339,0.9600066546345497,1.412682757020187,,,1.3003084611374125,,0.728707356695289,0.011191915129776131,0.004448316798022711,3,190425.0,0.3569377990430622,87.75,87.75,0.4513808308192156,97.25,13.0,0,215.45,13417.25,0.09202453987730061,0.38214387261870914,0.0
2021-02-05,2021,0.4083587809113227,0.4335069756302018,0.0447886144830473,0.35327225914615895,0.1934156378600823,-0.7220338983050848,2,0.24067796610169492,0.8177554947837536,1.5865517034908072,,,1.3042317011623779,,0.5879887431890306,0.0009021342532411492,0.0019879967095203233,4,161474.0,0.1354642313546423,51.25,51.25,0.4861984312316628,101.5,5.5,0,208.7625,13537.0,0.3569377990430622,0.4513808308192156,0.0
2021-02-08,2021,0.37692815557289483,0.39493427765440253,0.07079181961195595,0.2880979533041234,0.058823529411764705,-0.24583333333333332,4,0.325,0.8698324192875531,1.862493247704223,,,0.6675049449986834,,0.5725946821919453,0.008277022408491042,0.001977619001346631,0,170976.0,0.026979982593559618,-3.0,3.0,0.2688914230838485,24.75,56.0,0,208.2625,13652.0,0.1354642313546423,0.4861984312316628,0.0
2021-02-09,2021,-0.01705237515225335,0.3118148599269184,0.07437070938215103,0.43118148599269185,0.584,0.9096045197740112,2,0.9152542372881356,0.888975598663521,2.0051157125456727,,,0.5038899466717603,,0.4701583434835566,-0.006862223761055386,-0.004489033931128317,1,172011.0,0.08888888888888889,-18.0,18.0,0.3118148599269184,9.25,64.0,0,205.25,13726.0,0.026979982593559618,0.2688914230838485,0.0
2021-02-10,2021,0.17311165078772028,0.44959212902422313,0.10073452256033578,0.9988168628183572,0.500441306266549,-0.7793017456359103,6,0.12468827930174564,1.399821452015229,2.1366212092907384,,,0.2228508969601158,,0.44959212902422313,-0.004412105163263957,0.0028972143917280757,2,266561.0,0.1488120050020842,102.0,102.0,0.539261473317143,108.25,69.25,0,200.7375,13586.5,0.08888888888888889,0.3118148599269184,0.0
2021-02-11,2021,0.1395461715811188,0.5411964567406868,0.12143202709240446,0.2754520082514258,0.23161764705882354,-0.5374449339207048,4,0.08370044052863436,1.0201014504363195,1.8156777090158995,,,0.2286228424196677,,1.1879626258949156,0.0025720919962078925,0.0005636207409491778,3,197383.0,0.015495867768595042,16.75,16.75,0.302147797597379,57.25,62.25,0,206.025,13686.75,0.1488120050020842,0.539261473317143,0.0
2021-02-12,2021,-0.04838221953432114,0.383429089809495,0.02304147465437788,0.30843664953129724,0.11061946902654868,-0.23529411764705882,4,0.5098039215686274,0.8353089610402824,1.6949501058361087,,,0.2427963774647703,,0.5781675234351376,0.0032078073617920477,0.002376886491783914,4,164190.0,0.12712712712712712,61.75,61.75,0.36891442394919866,76.25,0.25,0,206.6875,13678.5,0.015495867768595042,0.302147797597379,0.0
2021-02-15,2021,0.5462392108508015,0.23551171393341552,0.06245181187355436,0.0690505548705302,0.46987951807228917,0.5357142857142857,5,0.7321428571428571,0.08226632935990098,1.687607891491987,,,0.1995662775301778,,0.5363748458692972,-0.000671465450717279,-0.00022484109115006312,0,15918.0,0.19457013574660634,13.0,13.0,0.10234278668310727,20.75,4.75,0,202.75,13858.5,0.12712712712712712,0.36891442394919866,0.0
2021-02-16,2021,-0.17165306739196132,0.33605318827440317,0.07391763463569166,0.2973708068902992,0.25462962962962965,0.5121951219512195,4,0.9105691056910569,0.9295454369268218,2.032940465397401,,,0.3336870643268649,,0.14989422786340284,-0.005397064807740826,-0.0019596520583098354,1,179861.0,0.17824497257769653,-94.0,94.0,0.733756421879722,8.0,151.75,1,206.8125,13867.5,0.19457013574660634,0.10234278668310727,0.0
2021-02-17,2021,-0.6606130781887988,0.7751843500518008,0.1528117359413203,0.5606679261380949,0.23547400611620795,-0.3739130434782609,4,0.15,1.3086684909422595,1.3834481077457528,,,0.49273338239213194,,0.7788408800048753,0.0007966663556085996,0.0030249959256328784,2,246773.0,0.1396957123098202,75.25,75.25,0.46194161740508255,94.75,52.0,0,205.1125,13595.0,0.17824497257769653,0.733756421879722,1.0
2021-02-18,2021,-0.6305688827964359,0.9907159324568509,0.16714773025452637,0.5695058882173344,0.34355828220858897,-0.41575492341356673,3,0.24070021881838075,1.232290205462497,0.8088354414605308,,,0.6229851681488409,,0.7464639541404449,-0.006418627456360904,0.00017275069379174557,3,238946.0,0.3082474226804124,165.25,165.25,0.8424200884790329,169.0,3.75,1,200.6125,13496.25,0.1396957123098202,0.46194161740508255,0.0
2021-02-19,2021,0.1688073394495413,0.8733944954128441,0.051587301587301584,0.3486238532110092,0.18672199170124482,-0.624561403508772,4,0.3087719298245614,1.0116869366580667,0.686483180428131,,,0.6231504149944241,,0.9614678899082569,0.012542305853042834,0.002165976332572095,4,200183.0,0.14856557377049182,-57.5,57.5,0.5737003058103975,48.25,117.25,0,204.375,13651.5,0.3082474226804124,0.8424200884790329,1.0
2021-02-22,2021,-0.9700956937799043,1.2679425837320575,0.1800284148569109,0.6136363636363636,0.17272727272727273,-0.47173489278752434,2,0.09941520467836257,1.3652547667617636,0.29545454545454547,,,0.6144931552363714,,0.7966507177033493,0.010121860534430649,0.005486054656083983,0,272055.0,0.09946524064171124,-39.5,39.5,0.2631578947368421,55.0,51.75,0,209.0,13330.75,0.14856557377049182,0.5737003058103975,0.0
2021-02-23,2021,-1.4059094211673528,1.884233470573989,0.1605718085106383,1.3199321869702108,0.09714285714285714,-0.02018348623853211,1,0.8733944954128441,1.5310435318827342,-1.1427100992976527,,,0.648199053943622,,0.8101235165899734,-0.0065951308932273855,-0.0011357008289044623,1,330217.0,0.15080826683036627,201.25,201.25,0.9796560910632115,202.25,110.75,0,206.45,12995.5,0.09946524064171124,0.2631578947368421,0.0
2021-02-24,2021,-0.5406002984909624,1.1851196727654636,0.04705737805627227,0.717483831739539,0.024279210925644917,0.10323574730354391,5,0.8212634822804314,1.1904108382286802,-1.3940633464153447,,,0.651713222980074,,1.9468243878171467,0.0018004755469269718,0.0024048606045457,2,256749.0,0.2849862798902391,163.5,163.5,0.7771820242109336,175.75,50.75,1,226.1375,13091.25,0.15080826683036627,0.9796560910632115,0.0
2021-02-25,2021,-0.33340867992766726,0.9414556962025317,0.08123569794050343,0.7617540687160941,0.4497354497354497,-0.24183976261127596,1,0.11127596439169139,1.533899601726624,-1.1906080470162717,,,0.9168965461753705,,1.3969258589511755,-0.005105150110504386,-0.0003635442894632801,3,330833.0,0.23482245131729668,-289.5,289.5,1.5359403254972877,27.5,339.75,1,221.2,13140.25,0.2849862798902391,0.7771820242109336,1.0
2021-02-26,2021,0.43569469097950625,1.3684040664837824,0.05234419130107324,1.2059598730568555,0.44037780401416765,-0.6280107047279215,1,0.08742194469223907,1.9213746227066826,-2.77343876069066,,,1.1213974266364664,,2.106395567747835,-0.00520495257750897,6.985165034956164e-05,4,414404.0,0.13220940550133098,243.25,243.25,1.3501156473562477,313.75,17.75,1,232.3875,12776.0,0.23482245131729668,1.5359403254972877,1.0
2021-03-01,2021,0.3515776631730716,0.8251538845450008,0.10711150131694469,0.48133976598458383,0.2388758782201405,0.41244239631336405,3,0.9493087557603687,1.2140893263662538,-2.117506793101536,,,1.5309767234995,,1.5005822658459491,-0.0007471451016443087,0.003580662820426239,0,261856.0,0.29907120743034055,129.0,129.0,0.6155381800033273,138.75,7.0,1,225.4125,13143.25,0.13220940550133098,1.3501156473562477,1.0
2021-03-02,2021,0.11298802998098222,0.742812395122497,0.018375027673234446,0.6700973263228549,0.35311004784688993,-0.7963272120200334,2,0.1652754590984975,1.0975362592768867,-1.0086698735876514,,,1.669942767681916,,1.0817764850654437,0.0005574592019884639,0.004353353887756151,1,240980.0,0.014731369150779897,-20.25,20.25,0.3557444904351717,34.5,79.5,0,223.475,13178.25,0.29907120743034055,0.6155381800033273,1.0
2021-03-03,2021,-0.6556452067934323,1.0235287479546353,0.05374855824682814,1.0415843818766575,0.5415959252971138,-0.6208017334777898,1,0.20910075839653305,1.3566008092914323,-1.4636912486599367,,,1.7550553227886936,,0.9230942842633866,0.005154208715207775,0.007575791548802835,2,325534.0,0.16143753565316601,-131.5,131.5,0.8745697680979518,100.75,193.75,0,221.5375,12869.5,0.014731369150779897,0.3557444904351717,0.0
2021-03-04,2021,-0.31013456686290997,0.832632464255677,0.012054507337526206,1.0765349032800673,0.27751196172248804,-0.1318359375,2,0.474609375,1.4788196513629184,-2.980288057190915,,,1.8028044099515927,,1.5822119428090833,-0.0037505242807571726,0.0006986715887705719,3,354862.0,0.129143171503232,-187.25,187.25,1.3635407905803196,166.5,324.25,1,237.8,12630.5,0.16143753565316601,0.8745697680979518,0.0
2021-03-05,2021,0.545472287275566,1.2763466042154568,0.07477820025348543,1.1124121779859486,0.4721676489849378,-0.8491228070175438,0,0.07017543859649122,1.5928143958109946,-3.7095042935206872,,,1.604040377265128,,1.9154957064793132,-0.008910893545211462,0.00688499687439903,4,388450.0,0.21924208340543347,306.5,306.5,1.3427010148321625,344.0,133.5,0,256.2,12341.0,0.129143171503232,1.3635407905803196,1.0
2021-03-08,2021,-0.04389173372348208,1.4081931236283833,0.06424911312573907,0.692209217264082,0.3620972146368105,0.380449141347424,3,0.9564068692206077,1.3563816476737858,-2.5570135332845636,,,1.5926584111646866,,1.7465252377468912,0.0029126911010233236,0.001057208903874507,0,341484.0,0.30185233498565095,-335.75,335.75,1.3076079005120704,7.75,357.5,1,273.4,12707.5,0.21924208340543347,1.3427010148321625,0.0
2021-03-09,2021,0.8272973208831486,1.0184134741251418,0.18338727076591155,0.6309451086482241,0.4166666666666667,0.6791147994467497,2,0.7994467496542186,0.955756307787237,-3.179945894057074,,,1.265641888644446,,1.2767257177764202,-0.005937268906182069,-0.0031951228482378635,1,247830.0,0.2469758064516129,131.75,131.75,0.4738633388602845,135.75,47.75,0,286.475,12731.5,0.30185233498565095,1.3076079005120704,1.0
2021-03-10,2021,0.3406821793879131,0.9413586535718652,0.10595294489183642,0.6226822608908268,0.25,-0.7081151832460733,4,0.23036649214659685,1.0532370493921193,-1.2298382167162452,,,1.7259739884180292,,0.9136476629039488,0.02100520238840431,0.009019101774808025,2,273107.0,0.02356902356902357,-40.5,40.5,0.3659480826439545,26.5,112.25,0,306.7375,12832.5,0.2469758064516129,0.4738633388602845,0.0
2021-03-11,2021,0.5179493434158637,0.952148636012522,0.13045218087234894,0.30654144814408263,0.0718562874251497,0.2864721485411141,4,0.6976127320954907,1.0951070660714801,-1.3128836850022374,,,1.50462749041358,,0.843192259218604,0.004886766895801031,0.00046367912448275206,3,283964.0,0.18053927315357562,80.5,80.5,0.4594056185713705,141.25,11.0,0,307.4625,12978.25,0.02356902356902357,0.3659480826439545,0.0
2021-03-12,2021,-0.5930237130834873,0.9752644618349129,0.13806921675774134,0.413700892681584,0.11409395973154363,-0.3840304182509506,2,0.344106463878327,0.5450721187613666,-0.3293090565889316,,,1.2862802650069307,,0.6512249793542805,0.004180836099494489,0.0034139312956263934,4,145510.0,0.15307150050352467,76.75,76.75,0.3350505328561878,106.5,52.0,0,317.8625,12819.75,0.18053927315357562,0.4594056185713705,0.0
2021-03-15,2021,0.1651502408441012,0.41746310880036697,0.017408123791102514,0.3043046104442235,0.09736842105263158,-0.0728643216080402,2,0.46984924623115576,0.23224095401668068,-0.6873231898463162,-0.8689043504855128,,1.3584848727074752,,0.48474654025537117,0.0035850913190039746,-0.0014044391395052758,0,61998.0,0.25578406169665807,78.5,78.5,0.2798379080969493,91.5,62.5,0,326.975,12943.25,0.15307150050352467,0.3350505328561878,0.0
2021-03-16,2021,0.45007246929590355,0.3692119917613853,0.10952084629744867,0.42947593256541305,0.5566037735849056,0.7673179396092362,2,0.9591474245115453,0.16547701770519807,-0.17392631016858645,-0.5063849263864518,,1.1153520142358209,,0.46990617133267215,-0.0157631623862724,-0.0065017407283995965,1,44175.0,0.23007654209815398,-126.25,126.25,0.5797543672286215,19.5,190.0,0,327.725,13277.25,0.25578406169665807,0.2798379080969493,0.0
2021-03-17,2021,-0.39881554780913825,0.6109674275647513,0.19835234474017743,0.4138086135162487,0.4626038781163435,0.3532608695652174,1,0.8731884057971014,0.18231877597577123,0.3099816334945088,-0.13213388807676602,,0.7049579287535838,,0.6282094531279283,-0.006523316217552755,-0.003934808538593848,2,48671.0,0.18929633300297324,182.5,182.5,0.6484500918325274,216.25,115.25,1,333.4875,13066.75,0.23007654209815398,0.5797543672286215,0.0
2021-03-18,2021,-0.751918536009445,0.9437721369539551,0.18264088852324145,0.31360684769775676,0.27525252525252525,-0.32235294117647056,3,0.2776470588235294,0.09783278486489322,0.657246162927979,0.12635773317591348,,0.6370478408482371,,0.9939492325855962,0.004530730286025131,0.003649222615130565,3,26117.0,0.19957835558678846,-104.25,104.25,0.39108618654073196,64.0,132.5,0,338.8,12960.25,0.18929633300297324,0.6484500918325274,1.0
2021-03-22,2021,0.20797598627787306,0.6660949113779302,0.043573702118318514,0.29516866781017725,0.41568627450980394,0.9394673123486683,2,0.9491525423728814,0.8993184257301311,-0.37249857061177605,-0.9980560320182984,,0.879517882566433,,0.5981989708404802,-0.020186353694587655,-0.00321218749157981,0,240078.0,0.27848101265822783,103.25,103.25,0.3752144082332761,131.25,13.75,0,349.8,13025.75,0.19957835558678846,0.39108618654073196,0.0
2021-03-23,2021,-0.04347521211696235,0.33167379566650307,0.043478260869565216,0.23490638805132882,0.18275862068965518,-0.5552238805970149,2,0.19701492537313434,0.959339665225103,0.4654652548909634,-0.21755837599046493,,0.9384354269925588,,0.6430124114718463,-0.005514109111864451,0.003673425685007614,1,256101.0,0.06074766355140187,-41.5,41.5,0.2945095014374869,105.0,44.0,0,356.525,13067.0,0.27848101265822783,0.3752144082332761,0.0
2021-03-24,2021,0.13066264627755042,0.36973221336779377,0.0345217883418223,0.4623447483667169,0.46716232961586124,-0.8027950310559007,0,0.18788819875776397,1.0282430751728193,0.2174958719218875,-0.5267571254217827,,0.9741457919958711,,0.4278842702275827,0.006899442643974019,0.009249610389842622,2,266626.0,0.12574375247917494,-60.75,60.75,0.3065546701127145,106.75,84.25,0,348.225,12941.75,0.06074766355140187,0.2945095014374869,0.0
2021-03-25,2021,-0.49430086897641345,0.5018244742880789,0.08114794656110837,0.4476545160440883,0.046766169154228855,0.10756302521008404,3,0.2991596638655462,1.2407207797842288,-0.15942519655418985,-0.987247488996725,,0.9527361751406584,,0.64703005680322,0.0022095856471182618,-0.0015816820697633904,3,321722.0,0.046890424481737414,45.25,45.25,0.37016138133393517,79.25,123.0,0,332.2875,12732.75,0.12574375247917494,0.3065546701127145,0.0
2021-03-26,2021,-0.043129539951573856,0.6197033898305085,0.010320781032078103,0.30871670702179177,0.20754716981132076,0.7254901960784313,2,0.821078431372549,0.8699217759545264,-0.3999319007263945,-1.2922820823244534,,0.8985045132476182,,0.6878026634382567,0.0012874430006470927,-0.0027952416857255358,4,229869.0,0.05719237435008666,-33.25,33.25,0.41464891041162233,34.5,137.0,0,330.4,12837.75,0.046890424481737414,0.37016138133393517,0.0
2021-03-29,2021,0.43481717011128773,0.5699523052464229,0.0004411116012351125,0.5127186009538951,0.37439846005774785,-0.5457364341085271,1,0.22945736434108527,1.1905737348853282,-0.3285373608903044,-1.2654689984101741,,0.6922735185402779,,0.5453100158982512,-0.0027791914940004103,0.003696927990415322,0,308333.0,0.07480916030534351,88.0,88.0,0.4753577106518283,149.5,23.0,0,314.5,12853.25,0.05719237435008666,0.41464891041162233,0.0
2021-03-30,2021,-0.22032520325203253,0.4821138211382114,0.11479028697571744,0.3617886178861789,0.05396825396825397,-0.3865168539325843,3,0.48314606741573035,1.0953032780713456,0.12138211382114057,-0.8560162601626028,,0.47462379937914634,,0.6065040650406504,0.010483383433747773,0.003276867762468827,1,283660.0,0.15583729529846804,65.75,65.75,0.2788617886178862,85.75,16.25,0,307.5,12830.5,0.07480916030534351,0.4753577106518283,0.0
2021-03-31,2021,0.23794770107820054,0.4031891601602842,0.12581868321268527,0.49241954806460947,0.7306397306397306,0.7567114093959731,0,0.8590604026845637,0.7325353387140897,0.03676622464576362,-1.0241996116825707,,0.4668463523169212,,0.4610236708390135,-0.004521029182631864,-0.006356681588659097,2,191458.0,0.14368231046931407,63.25,63.25,0.2362952864873797,71.5,2.5,0,302.5875,13081.0,0.15583729529846804,0.2788617886178862,0.0
2021-04-01,2021,0.3563529122634554,0.5595150323584828,0.23011909335382252,0.2539526501187843,0.36324786324786323,0.7225806451612903,2,0.8709677419354839,0.7254991611299971,0.8513557794707954,-0.21232079954124705,,0.5779393413202514,,0.6537232735315802,-0.0010522740292386867,-0.002344816461003152,3,189619.0,0.0199203187250996,-21.75,21.75,0.16056361104284425,12.5,49.0,0,305.175,13309.0,0.14368231046931407,0.2362952864873797,0.0
2021-04-05,2021,0.4570147451927222,0.44408036561179615,0.08598646277262471,0.4018280589807709,0.9253333333333333,0.8905579399141631,0,0.98068669527897,0.6828593597139291,1.2946451668534977,0.2709838751401242,,0.5014654052242798,,0.2759334310597568,-0.012647520215618435,-0.002345146123125863,0,172057.0,0.20952380952380953,61.25,61.25,0.3147365698025351,91.25,16.5,0,289.925,13523.5,0.0199203187250996,0.16056361104284425,0.0
2021-04-06,2021,-0.059447229492924004,0.3478106561377046,0.04339681548548236,0.26263253626724636,0.19827586206896552,0.0945945945945946,2,0.48986486486486486,0.8673807357124704,2.1854398651346423,1.321378820815405,,0.5907779212813361,,0.729337651390799,0.00558002506013433,0.0019462247165631386,1,211601.0,0.02068126520681265,13.0,13.0,0.2812652499889091,79.25,29.0,0,281.7625,13575.0,0.20952380952380953,0.3147365698025351,0.0
2021-04-07,2021,-0.1336936424406201,0.296780922580951,0.04138449962377728,0.40771820035082723,0.812206572769953,0.5093023255813953,1,0.8790697674418605,0.7169914905297832,2.1694400986109135,1.4081069549139502,,0.6773194244419564,,0.43806001991181903,-0.009181614497908108,-0.002009376137548591,2,168474.0,0.0018259281801582471,-2.25,2.25,0.1811027355046698,33.75,47.75,0,263.6625,13607.5,0.02068126520681265,0.2812652499889091,0.0
2021-04-08,2021,0.4825497691505734,0.515315494216353,0.18225315354501959,0.2521967929305466,0.07496012759170653,-0.09055118110236221,3,0.46062992125984253,1.061725598568419,2.0953184729186347,1.526167899518445,,0.6437842856641612,,0.5093580896589386,-0.00755887968666813,-0.00019344225071316057,3,234360.0,0.040421792618629174,11.5,11.5,0.11616938886958249,29.25,24.75,0,251.7875,13721.0,0.0018259281801582471,0.1811027355046698,0.0
2021-04-09,2021,-0.1844251372528117,0.8208517669633815,0.12236842105263158,0.3773786045519962,0.4056603773584906,0.4011299435028249,1,0.751412429378531,0.821881441547557,2.606950588987791,2.161377325302493,,0.6647036507556976,,0.27077447897233625,-0.005676523433130964,-0.001614742322534335,4,181418.0,0.131175468483816,35.5,35.5,0.28356697404189546,66.5,30.0,0,234.5125,13724.75,0.040421792618629174,0.11616938886958249,0.0
2021-04-12,2021,0.10626643295354953,0.27936021034180547,0.03494060097833683,0.29360210341805437,0.12142857142857143,-0.2574626865671642,4,0.3694029850746269,0.9162777657861504,2.5885188431200734,2.287751971954428,,0.699871643025631,,0.5828220858895706,-0.0067382391420818255,0.0006435397809856358,0,184657.0,0.0529446757882213,12.75,12.75,0.2695004382120947,61.5,35.5,0,228.2,13767.25,0.131175468483816,0.28356697404189546,0.0
2021-04-13,2021,0.44882889119649244,0.5676704742125303,0.07531055900621118,0.380754586362063,0.2838283828382838,0.6212121212121212,2,0.7515151515151515,0.9621625025913398,2.650917272412603,2.4569978077766277,,0.29096620119478284,0.43333333333333335,0.4476750894196377,-0.005308603698752523,-0.0024794289356697696,1,183329.0,0.22641509433962265,54.5,54.5,0.26883581400715356,58.25,44.5,0,216.675,13928.5,0.0529446757882213,0.2695004382120947,0.0
2021-04-14,2021,0.0011766782373360005,0.3329999411660881,0.008831168831168832,0.33888333235276813,0.10965630114566285,-0.5034722222222222,6,0.4236111111111111,1.1434224579284502,3.4032476319350473,3.3680061187268375,,0.48762653254456895,0.39344262295081966,0.5659822321586162,0.01769095362878792,0.004891376975090678,2,217866.0,0.18796992481203006,-132.5,132.5,0.7954344884391363,7.25,169.0,1,212.4625,13947.0,0.22641509433962265,0.26883581400715356,0.0
2021-04-15,2021,0.5318469488474714,0.722289961098531,0.15343099460292983,0.36230621842884514,0.36486486486486486,0.8493589743589743,2,0.9230769230769231,0.9632783289791321,2.3918016605701644,2.488718573999888,,0.786954977535142,0.41935483870967744,0.97776229460605,-0.014560618456487595,-0.0016778550246954183,3,194129.0,0.014028056112224449,-9.25,9.25,0.24153747895256344,29.0,52.0,0,215.2875,13995.25,0.18796992481203006,0.7954344884391363,1.0
2021-04-16,2021,0.2487914161065912,0.4999410446881264,0.07420189818809318,0.4032543332154227,0.06878306878306878,-0.543859649122807,4,0.45321637426900585,1.0350676558302319,3.0405612545690333,3.286829383327435,,0.8246838988560583,0.38095238095238093,0.47635891993868645,-0.00480204516708016,0.001217581192937467,4,209979.0,0.13322091062394603,35.0,35.0,0.21106001650748732,44.75,12.75,0,212.025,13992.25,0.014028056112224449,0.24153747895256344,0.0
2021-04-19,2021,-0.31083537005702827,0.533934950178605,0.04516129032258064,0.61540389797581,0.3879598662207358,-0.19959266802443992,3,0.4093686354378819,1.1895013994971297,3.243842827599171,3.642664661277186,,0.8250040006753186,0.140625,0.42865200225606315,-0.008424327990923408,0.0009143713583006363,0,250735.0,0.0989867498051442,-73.75,73.75,0.6003634768440183,8.0,119.75,1,199.4625,13940.75,0.13322091062394603,0.21106001650748732,0.0
2021-04-20,2021,0.03577106518282989,0.6346051934287229,0.03413654618473896,0.4120296767355591,0.001594896331738437,-0.13183279742765272,2,0.14790996784565916,1.3181967415424236,2.3117382087970344,2.962824589295173,,1.16218942657497,0.06153846153846154,1.0188129305776366,-0.007591901236201237,-0.0004679768177144883,1,283061.0,0.13296749683410722,-79.0,79.0,0.7657657657657658,16.0,144.5,1,188.7,13863.5,0.0989867498051442,0.6003634768440183,1.0
2021-04-21,2021,-0.20359687818120123,0.42483881913810656,0.0010834236186348862,0.656939260264676,0.22026431718061673,0.3760330578512397,1,0.762396694214876,1.2524408161744673,1.7425178147268447,2.5661893450967077,,1.007854315791503,0.015151515151515152,1.1442144553783509,0.011170986143354433,0.0017275117055999267,2,268941.0,0.2314410480349345,70.5,70.5,0.4574143196470987,84.25,24.25,0,184.1875,13792.5,0.13296749683410722,0.7657657657657658,1.0
2021-04-22,2021,0.20343550016840686,0.3206466823846413,0.0022471910112359553,0.42573256988885144,0.31640625,0.3860759493670886,3,0.9620253164556962,1.1095241310740989,1.9269787807342578,2.94714718760525,,0.940503057572804,0.04477611940298507,0.9511620074099023,-0.003619071667518181,-0.0022541754565883476,3,238252.0,0.25413005272407735,-183.0,183.0,1.2367800606264736,12.75,229.5,1,185.5625,13931.25,0.2314410480349345,0.4574143196470987,0.0
2021-04-23,2021,0.1497926976059917,0.28219874281128793,0.02179379715004191,0.4614150060184566,0.4436781609195402,0.9797101449275363,2,0.9855072463768116,0.9402212509925093,1.0670723552226808,2.3074762605323027,,0.7472379188629554,0.07352941176470588,1.2959743212518389,0.0053779454967148865,-0.000991889972032256,4,201897.0,0.33952702702702703,95.5,95.5,0.5804467032232178,108.5,11.5,0,186.925,13860.75,0.25413005272407735,1.2367800606264736,1.0
2021-04-26,2021,-0.12472039585169119,0.4270317901443774,0.016998542982030112,0.35111502745204365,0.23369565217391305,0.23938223938223938,3,0.7181467181467182,0.8733668580103421,1.8900562597437771,3.4377821460041993,,1.126808482290039,0.043478260869565216,1.0492781129261846,0.002434894838676538,-0.0003346092333376127,0,184097.0,0.2613009922822492,70.0,70.0,0.40805259947129396,75.25,4.25,0,184.4125,13948.75,0.33952702702702703,0.5804467032232178,0.0
2021-04-27,2021,0.03160643122165727,0.2336127525079016,0.006582884500299222,0.6417479730658238,0.5277207392197125,-0.5738758029978587,0,0.33832976445396146,1.2060960094785809,1.9257248866291032,3.793678713755673,,0.967362764034417,0.014285714285714285,0.6692318263020475,0.005733750908057278,0.002864850928074758,1,248381.0,0.13236549957301452,3.5,3.5,0.24598048646420226,26.25,44.75,0,181.925,13957.5,0.2613009922822492,0.40805259947129396,0.0
2021-04-28,2021,-0.11930661800828128,0.41967857393501296,0.043246129204484784,0.5347743701312373,0.13153153153153152,-0.18110236220472442,2,0.3884514435695538,0.9477561207742136,1.356446066390626,3.525861463962383,,0.9232228999730063,0.014084507042253521,0.684960348094603,0.000757852083798749,0.0015363684385770737,2,195179.0,0.012295081967213115,3.75,3.75,0.33405853042318756,59.5,44.5,0,178.1125,13922.5,0.13236549957301452,0.24598048646420226,0.0
2021-04-29,2021,0.6625258799171843,0.6368244449203969,0.1626746506986028,0.8238737773970157,0.663093415007657,-0.8682842287694974,0,0.0017331022530329288,1.4380320140225045,0.8872706503890933,3.382051831227247,,0.9302315289670389,0.013888888888888888,0.5939887199257514,-0.0038717377842850675,0.004403496738752177,3,285504.0,0.13105413105413105,49.0,49.0,0.5640037124294995,63.5,98.75,0,175.0875,13917.0,0.012295081967213115,0.33405853042318756,0.0
2021-04-30,2021,-0.6507561097971762,0.7596932559306243,0.13421828908554573,0.6464559592919086,0.5269168026101142,0.8226164079822617,0,0.9312638580931264,0.9529712826190406,0.8830359062567232,3.6009747007811956,,0.8268782636372863,0.0136986301369863,1.391815380204974,-0.001013473871777304,-0.005200327009875938,4,196253.0,0.18265895953757225,-105.75,105.75,0.6880240808428295,11.75,120.0,1,174.4125,13945.25,0.13105413105413105,0.5640037124294995,0.0
2021-05-03,2021,0.4374592597957558,0.4113855290794524,0.06193895870736086,0.5591366698051713,0.2202852614896989,0.12694300518134716,3,0.7901554404145078,0.9223261369926872,-0.0005794162381421818,2.886477873542406,,0.5840504736104469,0.013513513513513514,0.7633808937495473,-0.007268164342460692,-0.0006421504656934918,0,189942.0,0.2059800664451827,-121.5,121.5,0.902440790903165,9.5,155.75,1,172.5875,13927.25,0.18265895953757225,0.6880240808428295,1.0
2021-05-04,2021,-0.7469131126429817,0.85751079463677,0.1514705882352941,1.2347549428073632,0.6517285531370038,-0.8319018404907975,0,0.09938650306748466,1.4766240324757938,-0.27210059843950996,2.7969699265207173,,0.5277349724349257,0.013333333333333334,1.0665858647072193,0.004463174412087878,0.006385325702225719,1,304093.0,0.12968036529680366,-49.75,49.75,0.8014544352700553,31.25,132.25,1,165.0125,13513.0,0.2059800664451827,0.902440790903165,1.0
2021-05-05,2021,0.9155758709051873,0.806150010388531,0.14148219441770934,0.7562850612923332,0.1744186046511628,-0.2271062271062271,3,0.5018315018315018,1.255271003894376,-2.1118498510977233,0.6740078952836048,,1.0810639457829803,0.07894736842105263,1.749428630791606,-0.009208905544386359,-0.001076441065635425,2,258508.0,0.1596977329974811,-84.0,84.0,0.48895352863771724,34.0,88.25,0,180.4875,13597.5,0.12968036529680366,0.8014544352700553,1.0
2021-05-06,2021,-0.15609093993892093,0.6474380726162199,0.007159904534606206,0.6515100101798439,0.015356820234869015,-0.41458333333333336,2,0.38333333333333336,1.4584814594070283,-1.771700033932817,0.9091550729555476,,1.1771795952905413,0.11038961038961038,0.848320325755005,-0.010199536101480833,0.0008663604154938165,3,312002.0,0.08912510220768602,86.5,86.5,0.848320325755005,156.25,27.5,1,184.1875,13435.0,0.1596977329974811,0.48895352863771724,0.0
2021-05-07,2021,1.0331905781584583,1.2299250535331905,0.11541749786263893,0.796306209850107,0.55,0.5008403361344538,1,0.8554621848739495,1.2913742126237306,-1.6476177730192698,0.9044967880085606,,1.1684608054583236,0.1794871794871795,1.0827087794432548,0.004391414555614315,0.0005159254980264816,4,276254.0,0.09022957821676456,-52.75,52.75,0.6798715203426123,12.5,127.0,1,186.8,13789.0,0.08912510220768602,0.848320325755005,1.0
2021-05-10,2021,-0.4432168550873587,0.5845323741007195,0.129261895841139,0.8491778006166496,0.41297935103244837,-0.9183055975794251,0,0.03479576399394856,1.2301641241959318,-0.47186536485098013,1.922302158273381,,1.428367755833006,0.25316455696202533,0.7643884892086331,0.002640769161232015,0.008634066064005852,0,280550.0,0.2919954904171364,-103.25,103.25,0.697584789311408,45.25,135.75,1,194.6,13498.25,0.09022957821676456,0.6798715203426123,1.0
2021-05-11,2021,-1.3493253373313343,1.3385307346326836,0.16041470311027334,0.9379310344827586,0.12777777777777777,0.2071611253196931,2,0.36061381074168797,1.7809067613581488,-1.9853673163418326,0.10528335832083818,,1.549498958197087,0.475,1.4164917541229385,0.0019079375850761249,-0.007018941364386855,1,433324.0,0.20599700149925038,160.25,160.25,1.0626686656671664,221.5,28.0,1,208.4375,13154.25,0.2919954904171364,0.697584789311408,1.0
2021-05-12,2021,-0.8494705434973381,1.2262329608611713,0.12403987579669881,0.6821505879599836,0.3564463705308776,-0.30360205831903947,1,0.022298456260720412,1.5514149015459333,-2.1571403498508146,-0.3016907505996566,,1.3424969106827265,0.5308641975308642,1.366641315158252,0.0004837024497547082,2.8549977195813092e-05,2,387168.0,0.1362555215766225,-87.25,87.25,0.5101503539460598,29.75,109.0,0,213.6625,13088.75,0.20599700149925038,1.0626686656671664,1.0
2021-05-13,2021,0.5446276293348493,1.0028425241614554,0.10385418644389596,0.5787379192723138,0.21923937360178972,0.5265225933202358,1,0.8035363457760314,1.2987944851475621,-3.334849346219443,-1.6920750426378628,,1.4327577220842789,0.5975609756097561,1.143831722569642,0.010233204762469583,0.005449164262452566,3,330701.0,0.06335939606362902,-64.5,64.5,0.8709494030699261,36.75,191.5,1,219.875,13188.25,0.1362555215766225,0.5101503539460598,0.0
2021-05-14,2021,0.48799818840579706,0.8582427536231884,0.12026515151515152,0.47214673913043476,0.36046511627906974,0.762589928057554,2,0.9856115107913669,1.1157818101844919,-2.57195425724638,-1.1282155797101474,,1.5783144659347055,0.6024096385542169,1.0337409420289854,0.0031190296944390017,-0.001715765129574942,4,294259.0,0.29885931558935364,92.25,92.25,0.5208333333333333,115.0,24.75,0,220.8,13311.0,0.06335939606362902,0.8709494030699261,1.0
2021-05-17,2021,-0.3874588527332578,0.6529599050240138,0.07262845849802371,0.453294479520803,0.11875693673695893,-0.46904761904761905,4,0.25,0.9495134768293914,-1.1103016566833954,0.0737574874534526,,1.5659698371679962,0.6904761904761905,0.9400464087205224,-0.0029529330798651054,0.00039137990118520705,0,258835.0,0.07221259387637204,17.5,17.5,0.35292213048405374,64.0,81.75,0,231.6375,13264.25,0.29885931558935364,0.5208333333333333,0.0
2021-05-18,2021,0.2743558018182796,0.6143418150519124,0.04310679611650486,0.3905535531766098,0.4391891891891892,0.4765840220385675,3,0.9752066115702479,0.7917313988572896,-1.50379256549572,-0.5215342406799698,,1.3496321185808888,0.6941176470588235,0.6907310775189628,0.001655223034395359,-0.0034811196210999817,1,215824.0,0.2764423076923077,-117.25,117.25,0.639087632470816,7.75,148.5,1,232.3625,13388.75,0.07221259387637204,0.35292213048405374,0.0
2021-05-19,2021,-1.2508845462957923,1.1714114637199935,0.18771626297577854,0.5813510424037887,0.16527196652719664,0.6367041198501873,4,0.7471910112359551,1.1896069544655308,-1.4545751456099272,-0.6267051330902004,,1.3389304281457803,0.6744186046511628,0.6804202275325241,-0.011058155555240035,-0.00746737266769415,2,313923.0,0.17126319373510385,105.5,105.5,0.7555386206521147,173.5,25.25,1,229.6375,13069.25,0.2764423076923077,0.639087632470816,1.0
2021-05-20,2021,0.4970063053038733,0.620992952895671,0.07925344874222343,0.6527844009961321,0.8391752577319588,0.9042207792207793,0,0.9724025974025974,0.7774482375829068,-1.6801250463625255,-1.0882212684787809,,0.9941403067210507,0.7241379310344828,1.1582684257934617,-0.01038511427930322,-0.005865415162785714,3,208002.0,0.24468085106382978,69.0,69.0,0.34228792454829654,80.75,16.0,0,235.9125,13431.25,0.17126319373510385,0.7555386206521147,1.0
2021-05-21,2021,0.21503142367423259,0.31787253934451776,0.0825242718446602,0.3895496805692619,0.24111675126903553,-0.5626666666666666,2,0.248,0.7634430907755533,-0.24292318080299025,0.23283644107411772,,1.1468348181659822,0.7386363636363636,0.957772814626292,0.005105679434783572,0.004731441132772463,4,204255.0,0.06481481481481481,-55.5,55.5,0.4248688516075417,6.0,102.25,0,240.6625,13499.25,0.24468085106382978,0.34228792454829654,0.0
2021-05-24,2021,0.2738719832109129,0.6915005246589717,0.18873826903023982,0.6159496327387198,0.9424778761061947,0.8620102214650767,0,0.9710391822827938,0.5723384334194872,-0.37497376705141505,-0.05666316894018888,,1.0210611489486856,0.7303370786516854,0.7250786988457503,-0.009364127618624707,-0.004814591551578928,0,153126.0,0.11958762886597939,39.0,39.0,0.2130115424973767,50.75,6.75,0,238.25,13635.5,0.06481481481481481,0.4248688516075417,0.0
2021-05-25,2021,0.10847873919050299,0.4359617254259837,0.08349821923229125,0.391956199150591,0.421259842519685,-0.6475195822454308,0,0.02610966057441253,0.7100650545983939,0.6493373586450392,0.838909072302101,,1.0029434629389455,0.7444444444444445,0.7910760886250832,0.0019306031980954597,0.0013751428432301482,1,189974.0,0.06291997556505803,-16.75,16.75,0.1944430230773167,47.5,32.5,0,244.2875,13639.0,0.11958762886597939,0.2130115424973767,0.0
2021-05-26,2021,0.26076285918805603,0.2648532569792412,0.025076990761108666,0.21576848348501892,0.12359550561797752,0.3412322274881517,3,0.909952606635071,0.5663693329520884,0.504397177625524,0.5651702628080584,,1.0329649278031732,0.7472527472527473,0.514367522241538,0.007266927488688513,-0.0014941461820473512,2,151529.0,0.009857612267250822,-7.25,7.25,0.1155537376009817,21.0,28.25,0,244.475,13704.0,0.06291997556505803,0.1944430230773167,0.0
2021-05-27,2021,-0.04602874239247175,0.395847184575257,0.03239145416953825,0.29356109036976424,0.3903345724907063,0.397212543554007,3,0.9790940766550522,0.716460252406609,0.8562880376412841,0.81489285531632,,0.9044895722080999,0.7391304347826086,0.28230962000716003,-0.00031524326697152105,-0.001309514742957596,3,191685.0,0.20872865275142316,-52.5,52.5,0.27514959341277556,6.75,67.25,0,244.4125,13714.0,0.009857612267250822,0.1155537376009817,0.0
2021-05-28,2021,0.17787188988883007,0.26892535733192163,0.0184194890077243,0.19163578613022764,0.1598360655737705,0.39226519337016574,7,0.5911602209944752,0.5254386354894142,0.8015352038115435,0.6509687665431408,,0.6457219129477505,0.6881720430107527,0.3260984647961885,-0.008519457650668527,-0.002482233144751933,4,135916.0,0.024704618689581095,-3.5,3.5,0.17787188988883007,42.0,15.25,0,236.125,13721.25,0.20872865275142316,0.27514959341277556,0.0
2021-05-31,2021,-0.17081242660403542,0.2765026155652824,0.09255663430420712,0.07046012597416462,0.2,-0.5757575757575758,2,0.2727272727272727,0.03719389263989268,1.0744101633393845,0.8565816163125873,,0.594559020648762,0.6595744680851063,0.2935838582256859,-0.000672947605047991,-0.00019867064067158324,0,9621.0,0.23008849557522124,-14.25,14.25,0.07152770364043984,9.5,16.75,0,234.175,13668.25,0.024704618689581095,0.17787188988883007,0.0
2021-06-01,2021,0.4285323858977863,0.44602350368953264,0.1616580310880829,0.6351462148127904,0.4578313253012048,-0.5576592082616179,2,0.2977624784853701,0.8717272679827504,0.8546050833561082,0.528581579666572,,0.3351841920109287,0.6105263157894737,0.1257174091281771,0.004753390644033573,0.0012196414781019405,1,225491.0,0.08465608465608465,11.25,11.25,0.3421699918010385,22.25,78.25,0,228.6875,13671.0,0.23008849557522124,0.07152770364043984,0.0
2021-06-02,2021,-0.06930006930006931,0.27835527835527835,0.05687203791469194,0.26680526680526684,0.1224105461393597,0.4675324675324675,6,0.7445887445887446,0.6373153663540627,0.9828482328482295,0.6378609378609402,,0.33720040054696415,0.4895833333333333,0.8327558327558328,-0.009186646199442428,-0.0010840479595541908,2,154230.0,0.18211920529801323,-52.5,52.5,0.4215754215754216,18.25,91.25,0,216.45,13694.25,0.08465608465608465,0.3421699918010385,0.0
2021-06-03,2021,-0.40719976394216584,0.9288875774564769,0.21011831905344758,0.5122455001475361,0.17894736842105263,-0.315668202764977,4,0.543778801843318,0.9953933131663324,0.782885807022724,0.40243139569194347,,0.28779677638200263,0.422680412371134,0.5169666568309236,-0.002252165680509899,0.0022276781614744,3,219641.0,0.11794871794871795,29.75,29.75,0.41782236647978754,88.5,41.25,0,211.8125,13521.25,0.18211920529801323,0.4215754215754216,0.0
2021-06-04,2021,0.2800522131244808,0.713183813931411,0.09297912713472485,0.6882639136110121,0.6506024096385542,0.7844827586206896,0,0.8155172413793104,0.7805173779752678,0.34935326925359134,-0.08975910763023545,,0.3503376220608883,0.41836734693877553,0.7001305328112021,-0.010805698538556952,-0.006813973813339258,4,169944.0,0.15056179775280898,44.0,44.0,0.2859855227245758,60.25,2.0,0,210.675,13723.75,0.11794871794871795,0.41782236647978754,0.0
2021-06-07,2021,-0.13950691521346964,0.4582080577269994,0.05821917808219178,0.25015033072760073,0.05791505791505792,-0.0625,5,0.4375,0.7217443007271852,1.3891761876127462,0.8565003006614555,,0.7009186683393621,0.37373737373737376,0.8586891160553217,0.003901478649118384,-0.00230571549037506,0,152947.0,0.24634420697412823,55.0,55.0,0.28021647624774504,58.25,18.75,0,207.875,13735.5,0.15056179775280898,0.2859855227245758,0.0
2021-06-08,2021,0.45798563943333975,0.5783039006404036,0.08092691622103387,0.5433727925480303,0.41836734693877553,-0.5761904761904761,1,0.06428571428571428,0.9343200964446935,1.509800116437027,0.9370593181965235,,0.7420678146293672,0.2,0.41917329710848045,0.008403158061446425,0.0010525377866867913,1,192590.0,0.06292749658002736,15.25,15.25,0.39588589171356486,20.5,76.5,0,193.2375,13818.5,0.24634420697412823,0.28021647624774504,0.0
2021-06-09,2021,0.2011667672500503,0.39294575202843157,0.1139689578713969,0.42513243478843965,0.10526315789473684,-0.17981072555205047,4,0.4069400630914827,0.8957502299386411,1.6578153289076665,1.107624220478779,,0.7519845297576839,0.13861386138613863,0.9374371353852344,-0.0026771875521426347,0.0002597996586376494,2,177737.0,0.08102564102564103,-19.5,19.5,0.21726010863005432,19.0,40.5,0,186.4125,13857.0,0.06292749658002736,0.39588589171356486,0.0
2021-06-10,2021,-0.038781959207124385,0.7196207986210859,0.016454749439042633,0.8833668486067221,0.46691176470588236,0.6617886178861788,0,0.7886178861788617,0.868601912692733,1.5569520252800877,1.0996839988509028,,0.8424434215911824,0.029411764705882353,0.5027291008330939,-0.01357276845308808,-0.005761993419753475,3,166891.0,0.10973084886128365,16.75,16.75,0.6118931341568514,27.25,106.5,1,174.05,13932.5,0.08102564102564103,0.21726010863005432,0.0
2021-06-11,2021,0.06458241596947013,0.2994275649493615,0.023346303501945526,0.25979744605900484,0.17026378896882494,0.22598870056497175,3,0.655367231638418,0.380329037177166,2.004770292088652,1.6853075003669413,,0.6577218776387288,0.019417475728155338,0.9026860413914576,0.0025606725160784993,-0.002424311775841903,4,72578.0,0.012805587892898719,-8.0,8.0,0.22603845589314547,13.5,38.5,0,170.325,13970.25,0.10973084886128365,0.6118931341568514,1.0
2021-06-14,2021,0.33407219759341356,0.35940468651044966,0.0,0.5050664977834072,0.1553784860557769,-0.18808777429467086,2,0.438871473354232,0.2633916309275491,2.067843571880942,1.814756174794169,,0.35770031671013447,0.009615384615384616,0.3404053198226726,-0.0027762007644661635,-0.0011668546244396616,0,48426.0,0.21674876847290642,54.0,54.0,0.46073464217859406,72.75,10.75,0,157.9,14000.0,0.012805587892898719,0.22603845589314547,0.0
2021-06-15,2021,0.41341973587072434,0.38060864572225417,0.006464445549477871,0.43474694446722995,0.011494252873563218,-0.569811320754717,2,0.23018867924528302,0.19780776056212448,2.4913460749733387,2.4209006644245816,,0.4089784465692818,0.009523809523809525,0.7070789926995324,-0.005445870986392265,0.0003250087788603251,1,34387.0,0.1698744769874477,-49.25,49.25,0.4429497170043475,4.25,67.5,0,152.3875,14079.25,0.21674876847290642,0.46073464217859406,0.0
2021-06-16,2021,0.19601328903654486,0.24086378737541528,0.028037383177570093,0.3521594684385382,0.21052631578947367,0.3490566037735849,1,0.5094339622641509,0.1152077426633218,2.111129568106315,2.2330564784053206,,0.5052140104938,0.009433962264150943,0.7873754152823921,-0.0039959901599999625,-0.002316012769028042,2,19403.0,0.10945112049366677,-87.25,87.25,1.6212624584717608,1.5,244.0,1,150.5,14078.0,0.1698744769874477,0.4429497170043475,0.0
2021-06-17,2021,-0.3139691067830759,0.6682337139019476,0.0035169988276670576,1.2256548018804567,0.6860759493670886,0.9780821917808219,0,0.9863013698630136,0.1207457625007396,1.5962055070517076,1.941672263263934,,0.5968856815187075,0.009345794392523364,1.8132975151108126,-0.016222895740968135,-0.010727253646013457,3,19387.0,0.13031423290203328,82.5,82.5,0.5557421087978509,82.75,53.0,0,148.9,14122.5,0.10945112049366677,1.6212624584717608,1.0
2021-06-21,2021,-1.0573445841226106,1.5808506974341312,0.07744107744107744,0.8317547787153435,0.3056768558951965,0.13250517598343686,3,0.9006211180124224,1.4707505303296504,2.8702428104012396,3.4022042362665808,,1.0541907007190745,0.009259259259259259,1.8098846220079214,0.008144031952382447,0.0050312129249545645,0,226022.0,0.10339840925524223,49.75,49.75,0.5269502324780437,76.5,5.0,0,145.175,14067.5,0.13031423290203328,0.5557421087978509,0.0
2021-06-22,2021,0.018474974806852538,0.752435337588176,0.028151774785801713,0.5206583809203896,0.20105820105820105,0.635483870967742,2,0.8,1.2259920092661278,1.9836244541484767,2.680718844474301,,1.2084941109332705,0.01834862385321101,1.2445414847161573,-0.007795273982699968,-0.002360698399866301,1,188408.0,0.3427230046948357,88.0,88.0,0.5979173664763184,89.0,22.75,0,148.85,14169.25,0.10339840925524223,0.5269502324780437,0.0
2021-06-23,2021,0.006931207762952694,0.5146421763992376,0.02040816326530612,0.4366660890660197,0.019230769230769232,0.5595238095238095,2,0.6309523809523809,0.9235210403555046,2.814936752729163,3.6699358863281897,,1.4043385957889707,0.00909090909090909,1.046612372205857,0.0029829273329429196,-0.0015871927221196014,2,148281.0,0.011419249592169658,-10.75,10.75,0.42800207936232887,1.0,61.75,0,144.275,14293.5,0.3427230046948357,0.5979173664763184,0.0
2021-06-24,2021,0.4710431496616574,0.6309869057034888,0.1940700808625337,0.4464364179629141,0.6917293233082706,0.8740157480314961,0,0.9645669291338582,0.9459432184050238,2.8023552157483107,3.859636171895601,,1.3884475200617719,0.009009009009009009,0.5975920555409087,-0.00330571973986471,-0.0024573088481762984,3,145286.0,0.11313591495823842,-34.75,34.75,0.5466209684506547,16.75,77.75,0,142.2375,14405.25,0.011419249592169658,0.42800207936232887,0.0
2021-06-25,2021,0.06594360086767896,0.4303687635574837,0.053069719042663895,0.5379609544468547,0.16083916083916083,-0.12580645161290321,2,0.7354838709677419,1.1139050124195495,3.1421258134490264,4.342663774403469,,1.2690530286729615,0.017857142857142856,0.6559652928416486,0.0028194443675043646,0.001616056341565364,4,171083.0,0.03319502074688797,-24.0,24.0,0.3626898047722343,2.5,52.25,0,144.0625,14370.25,0.11313591495823842,0.5466209684506547,0.0
2021-06-28,2021,0.3296607963910818,0.43896937624707205,0.1183533447684391,0.6315606836123883,0.5587188612099644,0.9285714285714286,0,0.9587912087912088,0.9420301650188654,2.7356640929990403,4.123605448078424,,0.9898839033415929,0.02654867256637168,0.5378676151643966,-0.012936379511241158,-0.006981130183987716,0,144685.0,0.08004509582863585,17.75,17.75,0.2758740348746421,39.75,23.25,0,144.0875,14478.25,0.03319502074688797,0.3626898047722343,0.0
2021-06-29,2021,0.06606250529346998,0.30320996019310575,0.027777777777777776,0.40315067332938087,0.18466898954703834,0.10084033613445378,2,0.7016806722689075,1.0482165005843536,3.4217836876429284,4.97694587956297,,0.7889876071365723,0.05263157894736842,0.8605064792072499,0.0004470301868726434,0.0009284961479947285,1,160994.0,0.1553072625698324,38.0,38.0,0.34386380960447194,50.75,19.25,0,147.5875,14511.75,0.08004509582863585,0.2758740348746421,0.0
2021-06-30,2021,0.06212222968435191,0.4869039623908663,0.0421179302045728,0.35762256548018806,0.2712765957446808,-0.004694835680751174,3,0.7417840375586855,0.944268202928711,3.451813297515113,5.202350570852916,,0.7131719029705424,0.07391304347826087,0.6212222968435192,0.003629636690090754,0.002354985652807784,2,148828.0,0.013452914798206279,-9.75,9.75,0.27367360644728006,17.5,40.75,0,148.9,14558.75,0.1553072625698324,0.34386380960447194,0.0
2021-07-01,2021,-0.1488095238095238,0.7598039215686274,0.0672225117248567,0.4359243697478991,0.15942028985507245,0.15261044176706828,3,0.4738955823293173,0.9639719119595542,3.2905287114845985,5.3122549019607845,,0.7549345531072299,0.017241379310344827,0.40791316526610644,0.0010703656320296684,0.0005687152922098093,3,148055.0,0.0045871559633027525,4.25,4.25,0.4656862745098039,14.25,66.5,0,142.8,14537.25,0.013452914798206279,0.27367360644728006,0.0
2021-07-02,2021,0.6184661337081613,0.947026267240622,0.18772018117765477,0.323289115347448,0.03015075376884422,0.17391304347826086,3,0.3967391304347826,0.840023196089802,2.9334973205657535,5.18330844241413,,0.7790106374580376,0.017094017094017096,0.6975314064833524,-0.011522659187446438,-8.411832651722406e-05,4,126749.0,0.25970873786407767,60.0,60.0,0.4515505578494246,64.25,10.75,0,142.2875,14637.5,0.0045871559633027525,0.4656862745098039,0.0
2021-07-05,2021,0.04599327790553689,0.33433575092871043,0.01867816091954023,0.08491066690252964,0.034482758620689655,-0.3333333333333333,5,0.6458333333333334,0.08625117381163142,3.6516893684769203,6.1881125066336455,,0.8972908431741857,0.00847457627118644,0.5837608349548913,0.000488644446588804,0.0006173983155355334,0,12813.0,0.2116788321167883,-7.75,7.75,0.07960375022112154,2.5,11.25,0,141.325,14700.0,0.25970873786407767,0.4515505578494246,0.0
2021-07-06,2021,0.36795707167497127,0.5960137983901879,0.08093126385809313,0.49444231506324265,0.23076923076923078,-0.19767441860465115,7,0.03488372093023256,1.1965809081583068,3.5615178229206625,6.550900728248376,,0.8775439140252034,0.008403361344537815,0.11881947106170948,-0.017832691837923575,-0.004487847516791654,1,177295.0,0.06618531889290012,34.0,34.0,0.7838252203909545,35.75,102.25,1,130.45,14727.5,0.2116788321167883,0.07960375022112154,0.0
2021-07-07,2021,0.8152274837511606,0.9080779944289693,0.23420479302832245,0.7576601671309192,0.27416798732171155,-0.8480392156862745,4,0.029411764705882353,1.6792829760812051,3.6048282265552407,6.7517920148560755,,0.8916164400167929,0.016666666666666666,1.221912720519963,-0.008034311860525833,0.002534883626731599,2,248816.0,0.08697788697788698,28.25,28.25,0.43454038997214484,43.75,58.5,0,134.625,14784.75,0.06618531889290012,0.7838252203909545,1.0
2021-07-08,2021,-1.635361181198019,2.0839173908980473,0.22488795148958607,0.8784225773292217,0.04184100418410042,0.2425531914893617,4,0.7042553191489361,1.7880918956859781,3.647042332492288,7.052948322586675,,0.8393031826656575,0.01652892561983471,1.1774600504625736,0.003809688024584146,-0.0026517173048731246,3,264938.0,0.16945107398568018,70.0,70.0,0.999906550789646,133.75,57.0,0,133.7625,14622.75,0.08697788697788698,0.43454038997214484,0.0
2021-07-09,2021,0.006991173643275365,0.7165952984357249,0.012129760225669958,0.4649130472778118,0.1571753986332574,0.37218045112781956,1,0.7556390977443609,1.2764429566438098,2.2709079786769255,5.647749715983572,,1.1538604298205648,0.06557377049180328,1.5135890937691165,0.0026661386569963863,0.0015481201915386045,4,189128.0,0.35119617224880384,98.5,98.5,0.7934982085117539,113.5,3.5,1,143.0375,14718.5,0.16945107398568018,0.999906550789646,0.0
2021-07-12,2021,0.37272489767482364,0.681006705564748,0.06441297396071266,0.6026299747452757,0.23017408123791103,-0.3901734104046243,1,0.3988439306358382,1.2346255601749365,2.826351998606636,6.3751284507532855,,1.0410349663038598,0.07317073170731707,1.1408168597056518,0.0031077062052868865,0.005079710582048813,0,182932.0,0.11543134872417983,20.25,20.25,0.1759122180614822,25.25,14.5,0,143.5375,14836.75,0.35119617224880384,0.7934982085117539,1.0
2021-07-13,2021,-0.025830893748923712,0.9178577578784225,0.04389312977099236,0.8506974341312209,0.6724738675958188,0.8765182186234818,1,0.9676113360323887,1.2485114890494735,2.761839159634928,6.438574134665054,,1.0287608742921943,0.10887096774193548,0.5958326158085069,-0.012810388309267506,-0.004712122975366162,1,185472.0,0.1749502982107356,-83.25,83.25,0.8799724470466678,33.0,127.75,1,145.175,14961.5,0.11543134872417983,0.1759122180614822,0.0
2021-07-14,2021,0.6161658908167583,0.9039356749894202,0.15173674588665448,0.41472704189589504,0.2,-0.3142857142857143,3,0.24897959183673468,1.1952605044186662,2.5796868387642777,6.327685146000849,,1.0107127273498517,0.128,1.0884468895471857,-0.008988003031785818,-0.00019830285012278903,2,185159.0,0.051341890315052506,-20.0,20.0,0.5958527295810411,40.5,88.0,0,147.6875,14950.0,0.1749502982107356,0.8799724470466678,1.0
2021-07-15,2021,-0.24922118380062305,0.6634672055232803,0.0007541478129713424,0.7847099435884483,0.04830053667262969,-0.6223175965665236,2,0.30042918454935624,1.4560418216257074,2.6116864528079433,6.445634419466192,,1.0272789319585691,0.1349206349206349,0.9025848278184726,0.0028578249014509227,0.005327485684565647,3,241759.0,0.12108731466227347,-54.25,54.25,0.756083185989728,22.5,112.25,1,148.4625,14820.5,0.051341890315052506,0.5958527295810411,0.0
2021-07-16,2021,0.43307086614173224,0.8010955152345086,0.07043235704323571,0.8952413557001027,0.7054794520547946,-0.5219885277246654,1,0.17208413001912046,1.2695175929593716,1.2681444710715482,5.259363231769936,,1.0988572409059831,0.11811023622047244,1.326600479287915,-0.005900176857114525,-0.0008383834518592703,4,221136.0,0.168141592920354,-59.75,59.75,0.5340636768230058,25.5,78.0,0,146.05,14761.25,0.12108731466227347,0.756083185989728,1.0
2021-07-19,2021,-1.2163824925294429,1.2603269467393214,0.1507399046902433,0.8226401828089296,0.10183299389002037,-0.45726495726495725,4,0.15598290598290598,1.744561068437402,0.6724380383195692,4.779609773246621,,1.0119522174959095,0.0390625,1.3095447354543857,0.005998654613833532,-0.002469806271697128,0,314219.0,0.02632554690396737,27.0,27.0,0.7031112673580594,100.0,30.75,1,142.225,14475.0,0.168141592920354,0.5340636768230058,0.0
2021-07-20,2021,0.6251094379268078,0.5112939940465767,0.0049597024178549285,0.6933987042549465,0.2314709236031927,0.10606060606060606,3,0.8585858585858586,1.3226493294505963,-0.8621957625634765,3.2566275608474884,,1.1085932043132312,0.06201550387596899,0.9157765715286289,0.01654603763766538,0.007259270081863445,1,238227.0,0.416969696969697,175.5,175.5,1.2554718963403957,179.25,9.75,1,142.775,14601.75,0.02632554690396737,0.7031112673580594,1.0
2021-07-21,2021,-0.5044410926763867,0.661974191385956,0.03753753753753754,0.5077928607340372,0.2278719397363465,0.6105610561056105,4,0.7425742574257426,1.1829984981692099,0.8456510809451961,4.776738729679904,,1.7288049552433107,0.18461538461538463,1.7714094184682418,0.0024329068011834654,-0.0015284552681982255,2,213074.0,0.16147308781869688,46.5,46.5,0.3770739064856712,56.25,13.0,0,149.175,14748.25,0.416969696969697,1.2554718963403957,1.0
2021-07-22,2021,0.29890401859847227,0.36698771172367983,0.015455065827132226,0.45499833942211887,0.34988713318284426,0.9781021897810219,2,0.9781021897810219,1.3061118038745854,0.784124875456654,4.652706741946198,,1.7061355734279253,0.1984732824427481,0.7472600464961806,-0.014985399217266049,-0.004227676592788443,3,240384.0,0.014729950900163666,12.5,12.5,0.3736300232480903,20.0,56.25,0,150.55,14906.75,0.16147308781869688,0.3770739064856712,0.0
2021-07-23,2021,0.44111527257594674,0.3429047024552643,0.016331658291457288,0.4827299209321681,0.583596214511041,0.15862068965517243,1,0.8655172413793103,1.1035612239666945,1.4322929671244229,5.237519766957973,,1.6142091718457174,0.1893939393939394,0.5792759051186017,-0.007738888802710009,-0.00076740849487833,4,204507.0,0.25365853658536586,91.25,91.25,0.7790262172284644,117.0,3.75,1,150.1875,14997.0,0.014729950900163666,0.3736300232480903,0.0
2021-07-26,2021,-0.0849086831143864,0.5703300224287087,0.03170731707317073,0.493431592438321,0.49707602339181284,0.487012987012987,1,0.9383116883116883,1.016940736785905,2.2237263697532885,5.871964114066002,,1.5585532947729037,0.21804511278195488,1.1518743992310156,0.0011694877906283097,-0.0019759660089728737,0,190473.0,0.010387157695939566,9.75,9.75,0.19384812560076897,21.75,30.25,0,156.05,15112.5,0.25365853658536586,0.7790262172284644,1.0
2021-07-27,2021,-0.11172266491415428,0.5191817957775404,0.024390243902439025,1.1632300994003122,0.6666666666666666,-0.963276836158192,0,0.026836158192090395,1.3575254016717553,2.2982009364988136,6.019485747145326,,0.9445324041264699,0.208955223880597,0.6177606177606177,0.0008826318923476073,0.007937858012128762,1,257659.0,0.012199372603694667,-26.25,26.25,1.0531504148525426,8.5,160.25,1,152.1625,14934.75,0.010387157695939566,0.19384812560076897,0.0
2021-07-28,2021,0.5441867515537365,0.9261785660148552,0.13945682026243517,1.0504774897680764,0.29780564263322884,0.3564213564213564,1,0.9148629148629148,1.3524887336067648,0.7155525238744928,4.060360770046994,,1.162827458029222,0.23703703703703705,2.016067909655904,-0.007845436533992722,-0.0044579592697251424,2,267103.0,0.03852201257861635,-34.5,34.5,0.8382598150674548,4.0,138.25,1,164.925,15060.0,0.012199372603694667,1.0531504148525426,1.0
2021-07-29,2021,-0.2475465065182364,0.4701918851618573,0.004128819157720892,0.5697963966603193,0.20300751879699247,0.7223650385604113,2,0.7326478149100257,0.9211194953793396,1.2373663395342023,4.403544748791567,,1.1861182556876502,0.25735294117647056,1.015087153947561,-0.00044522425302151447,-0.002190130425987924,3,192321.0,0.06905370843989769,-6.75,6.75,0.17870221180606413,30.5,12.5,0,170.675,15053.5,0.03852201257861635,0.8382598150674548,1.0
2021-07-30,2021,-1.0421545667447305,0.7333138173302107,0.055856832971800434,0.665983606557377,0.23703703703703705,0.5164835164835165,3,0.5406593406593406,0.9677356009971718,1.212968384074937,4.305532786885247,,1.137661126838378,0.26277372262773724,0.5957259953161592,0.000267601148304486,-0.0024115502357919816,4,202054.0,0.05765870704717531,31.25,31.25,0.30005854800936765,51.25,17.25,0,170.8,14927.5,0.06905370843989769,0.17870221180606413,0.0
2021-08-02,2021,0.4001163974974538,0.5005092390513605,0.07955596669750231,0.6300014549687182,0.1590594744121715,-0.3140877598152425,1,0.5311778290993071,1.0011518723313562,0.6175614724283386,3.597933944420196,,1.0021339133142275,0.26811594202898553,0.6620107667685146,0.004811713706743381,0.0024893789697715274,0,209031.0,0.057707509881422925,-12.0,12.0,0.3360977738978612,57.75,32.25,0,171.825,14993.5,0.05765870704717531,0.30005854800936765,0.0
2021-08-03,2021,0.02545068928950159,0.2912689996465182,0.052947052947052944,0.8257334747260516,0.2855813953488372,-0.6455479452054794,4,0.19863013698630136,1.2874900794825932,0.6470130788264383,3.4511700247437207,,0.993307482788649,0.302158273381295,0.6518204312477908,-0.004625956186142255,0.003326915458719659,1,271728.0,0.24875621890547264,131.75,131.75,0.8328031106398021,147.25,43.0,1,176.8125,14891.75,0.057707509881422925,0.3360977738978612,0.0
2021-08-04,2021,0.1193149915777653,0.32004491858506456,0.004856988667026443,0.40707467714766987,0.17422434367541767,-0.27241379310344827,6,0.3896551724137931,1.0246102116487414,0.8046041549691144,3.510555867490172,,0.5808141392749654,0.30714285714285716,1.0682201010668164,0.003129280721838046,0.0005176119976851856,2,222448.0,0.1309987029831388,45.5,45.5,0.4660303200449186,83.0,12.75,0,178.1,15025.0,0.24875621890547264,0.8328031106398021,1.0
2021-08-05,2021,0.1749271137026239,0.2716347863187087,0.062458908612754764,0.3640759439664368,0.326007326007326,0.328125,0,0.7734375,0.8156882614403169,1.0093152243475747,3.6593330014932772,,0.437287754224526,0.2978723404255319,0.6328663869729076,0.005103777847772051,-0.0006529828559627138,3,177090.0,0.1288056206088993,24.5,24.5,0.2517243831330442,44.25,7.75,0,175.7875,15122.25,0.1309987029831388,0.4660303200449186,0.0
2021-08-06,2021,-0.22613253463122426,0.5211531261699738,0.15991471215351813,0.32796705353800076,0.33544303797468356,0.1278538812785388,3,0.3789954337899543,0.8578055223226448,1.383601647323102,4.136368401347807,,0.5134178147465193,0.23943661971830985,0.5615874204417821,-0.005665612158583966,0.0005536491326867399,4,181042.0,0.09391304347826086,-30.5,30.5,0.4103332085361288,4.0,68.5,0,166.9375,15116.0,0.1288056206088993,0.2517243831330442,0.0
2021-08-09,2021,0.18306636155606407,0.7459954233409611,0.05601558694593278,0.425629290617849,0.06645569620253164,0.17921146953405018,3,0.8458781362007168,0.9207329929756815,0.9537757437070894,3.6661174675819974,,0.4246168202739474,0.22377622377622378,0.6254767353165522,-0.005290255141783384,-0.0024640888768689972,0,194323.0,0.029768467475192944,3.5,3.5,0.2318840579710145,18.0,38.0,0,163.875,15128.0,0.09391304347826086,0.4103332085361288,0.0
2021-08-10,2021,0.07802937576499387,0.3518971848225214,0.049819494584837545,0.6655446756425948,0.5074380165289256,-0.7977011494252874,2,0.08275862068965517,0.9735681880100923,1.154069767441865,3.7852509179926574,,0.43032590514869923,0.2222222222222222,0.4712362301101591,0.003806630749346618,0.005728246694289951,1,205474.0,0.0423728813559322,-12.0,12.0,0.3840269277845777,28.75,62.75,0,163.4,15057.5,0.029768467475192944,0.2318840579710145,0.0
2021-08-11,2021,0.32418380610138386,0.8410428931875525,0.11186113789778207,0.5703799984708311,0.52428810720268,-0.7184986595174263,1,0.06166219839142091,0.9622013480058279,0.5762672987231418,3.0869638351555944,,0.5835230144231406,0.22758620689655173,0.9939597828580166,-0.0024331789022231654,0.003536980950660573,2,203075.0,0.023672424824056303,-15.0,15.0,0.4189922776970716,12.5,68.5,0,163.4875,15031.5,0.0423728813559322,0.3840269277845777,0.0
2021-08-12,2021,-0.10176957545378598,0.31897926634768736,0.0026246719160104987,0.5680868838763575,0.27439024390243905,0.3235294117647059,5,0.9518716577540107,1.0535198588029044,0.3699400015189533,2.7280018227386695,,0.558141981920784,0.23972602739726026,0.9478241057188426,-0.009308181693952311,-0.0024671760934177334,3,222348.0,0.20912547528517111,49.0,49.0,0.32353611300979723,53.25,7.0,0,164.5875,15030.0,0.023672424824056303,0.4189922776970716,0.0
2021-08-13,2021,0.0607051132383843,0.2552727838742314,0.051926298157453935,0.45762316133551245,0.3598233995584989,0.43537414965986393,1,0.717687074829932,0.7935229386053233,0.6708693283524009,3.0056813759825665,,0.5523973979626507,0.21768707482993196,0.8856720367343761,-0.007965607554727194,-0.002345025739019513,4,167475.0,0.04176904176904177,-10.5,10.5,0.17744571561989259,6.25,28.5,0,160.6125,15120.75,0.20912547528517111,0.32353611300979723,0.0
2021-08-16,2021,-0.1984190998548153,0.4000645265365382,0.0849002849002849,1.2582674624939507,0.672090112640801,-0.6205128205128205,1,0.2128205128205128,1.1855297282300576,0.7650427488304565,3.115437973866756,,0.5265340185400496,0.20270270270270271,0.4742700435554122,0.003452141085290128,0.0047651624994411446,0,245704.0,0.4366998577524893,143.5,143.5,0.9356347798031941,145.0,37.25,1,154.975,14958.5,0.04176904176904177,0.17744571561989259,0.0
2021-08-17,2021,-0.5597168491233846,0.7934809449337393,0.22030556924593395,0.6173347600625565,0.06881405563689605,-0.21066666666666667,2,0.5173333333333333,1.2660160914826117,0.5288501111202568,2.949246851592718,,0.5468730448990565,0.18791946308724833,1.2840563009301176,0.0015906961777985007,0.0013714096151300481,1,262385.0,0.08051341890315053,-27.5,27.5,0.6601366367602272,60.5,100.25,0,151.8625,14997.25,0.4366998577524893,0.9356347798031941,1.0
2021-08-18,2021,0.060744115413819286,0.5163249810174639,0.011764705882352941,0.49101493292837256,0.316,0.6288659793814433,3,0.8281786941580757,0.9002448703875707,-0.41550662279591666,1.9711127984476509,,0.8125596496091789,0.13333333333333333,1.0849573947523834,0.0018726887387867652,0.0002729908802490133,2,186578.0,0.0753045404208195,-49.75,49.75,0.6715599426305577,4.75,99.5,1,148.1625,15024.5,0.08051341890315053,0.6601366367602272,0.0
2021-08-19,2021,-1.3517846595224032,1.1053919500464098,0.0813986013986014,0.8286220572103621,0.1927877947295423,0.6130346232179226,6,0.7026476578411406,1.303899448998856,-0.44257868534300904,1.851151801535738,,0.8122265087577029,0.13245033112582782,0.7560543414057886,-0.004858999043229284,3.254755474468851e-06,3,267287.0,0.20418410041841004,105.75,105.75,1.0075099147751245,149.25,26.25,1,148.1375,14849.75,0.0753045404208195,0.6715599426305577,1.0
2021-08-20,2021,0.11740725642070933,0.8887077048512027,0.046781789638932494,0.8626172034243783,0.6660929432013769,0.8393194706994329,0,0.947069943289225,0.9333066654308371,-0.5650224215246636,1.517260497350182,,0.7200203365082308,0.21710526315789475,1.5360782715042804,-0.001921943328271114,-0.0014546354557902763,4,191319.0,0.020634920634920634,-8.75,8.75,0.5397472482674276,13.5,82.75,0,153.3125,15084.5,0.20418410041841004,1.0075099147751245,1.0
2021-08-23,2021,0.34173855341738557,0.4396151293961513,0.04875,0.8842070338420704,0.8732106339468303,0.9681050656660413,0,0.9868667917448405,0.9084197978700229,0.2272727272727273,2.1920039814200343,,1.0847685995263205,0.19607843137254902,0.9207033842070339,-0.006285401974799987,-0.004318902833999827,0,185567.0,0.2703296703296703,69.75,69.75,0.5424684804246849,81.75,5.5,0,150.7,15256.25,0.020634920634920634,0.5397472482674276,0.0
2021-08-24,2021,0.043994029381726765,0.4697933851834394,0.022326674500587545,0.3849477570901092,0.5120643431635389,0.6244897959183674,3,0.9551020408163265,0.8082017089749333,1.7240160263964175,3.4774766281718876,,1.4579824186019292,0.24675324675324675,1.3402466808076046,-0.000868529742300117,-0.0018253873920335284,1,165095.0,0.07399103139013453,-8.25,8.25,0.25767931495011387,9.0,41.0,0,159.1125,15371.25,0.2703296703296703,0.5424684804246849,0.0
2021-08-25,2021,0.01722949689869056,0.3911095796002757,0.015209125475285171,0.3945554789800138,0.22838137472283815,-0.21397379912663755,3,0.23580786026200873,0.8936758415220831,1.9888869745003421,3.8878704341833163,,1.2883049018244912,0.0967741935483871,0.4651964162646451,0.005687764620225244,0.0010202060117666667,2,181027.0,0.03611971104231166,3.75,3.75,0.13955892487939353,17.75,20.25,0,145.1,15353.25,0.07399103139013453,0.25767931495011387,0.0
2021-08-26,2021,-0.1557604511682034,0.5227822039208666,0.06635071090047394,0.6910751051830634,0.44421906693711966,-0.38341968911917096,5,0.31088082901554404,1.0096145840954445,1.9050219317876698,3.806928654551966,,1.3563222405225237,0.02564102564102564,0.4583296034374721,0.0031294272158722825,-0.0004272180209231591,3,200094.0,0.04896907216494845,-22.5,22.5,0.37955420284665653,53.0,42.75,0,139.6375,15298.25,0.03611971104231166,0.13955892487939353,0.0
2021-08-27,2021,0.18034104097848408,0.5106686902955093,0.03888888888888889,1.0820462458709044,0.40346205059920104,0.5808580858085809,1,0.7376237623762376,1.10629420014522,1.2378359075082583,3.032872064994193,,1.4912166271557366,0.03184713375796178,0.7802874743326489,0.009042842313718769,-0.0006668911193301597,4,222447.0,0.3254437869822485,50.75,50.75,0.374966520846353,52.5,30.0,0,140.0125,15389.0,0.04896907216494845,0.37955420284665653,0.0
2021-08-30,2021,0.11489094336235528,0.28543218741585136,0.08224442736356649,0.938874427789247,0.8231578947368421,0.9636711281070746,0,0.9674952198852772,0.9090480666916355,2.249439009065619,4.049510815905213,,1.5073328812166824,0.02531645569620253,1.1794273404541784,-0.013755282357476362,-0.005382682998789745,0,183250.0,0.12378902045209902,30.75,30.75,0.2585046225652994,36.0,22.25,0,139.2625,15581.75,0.3254437869822485,0.374966520846353,0.0
2021-08-31,2021,-0.03686797752808989,0.8040730337078651,0.007532956685499058,0.6671348314606741,0.011111111111111112,-0.5447368421052632,1,0.4368421052631579,1.1010732296021724,3.1914501404494353,4.96341292134832,,1.15193725615579,0.06918238993710692,1.1411516853932584,0.0022997758990743744,0.002431788810431157,1,217141.0,0.06666666666666667,30.25,30.25,0.33883426966292135,48.25,18.75,0,142.4,15555.5,0.12378902045209902,0.2585046225652994,0.0
2021-09-01,2021,0.32108843537414966,0.5133786848072562,0.06260032102728733,0.5514739229024943,0.13023255813953488,0.5592105263157895,4,0.6644736842105263,0.9194887644295251,2.8995918367346967,4.74173242630385,,1.2083403851997474,0.025,0.6893424036281179,-0.004780623803611106,-0.0034366483683383464,2,181331.0,0.16683937823834197,-28.25,28.25,0.35918367346938773,16.5,49.5,0,137.8125,15672.5,0.06666666666666667,0.33883426966292135,0.0
2021-09-02,2021,0.17589990026294314,0.4950584821833348,0.12575574365175332,0.48417807598150325,0.3524355300859599,-0.44569288389513106,4,0.34831460674157305,0.9577587503435829,3.114788285429325,4.966832895094748,,1.170467407378275,0.031055900621118012,0.551273914226131,0.004425726876758462,0.002339533905339364,3,184676.0,0.11426437640029873,-47.25,47.25,0.6346903617735061,18.0,87.5,1,137.8625,15638.75,0.16683937823834197,0.35918367346938773,0.0
2021-09-03,2021,-0.256065896678306,0.898916644283284,0.08238776517020227,0.812964455188468,0.4798657718120805,0.7070484581497798,1,0.7180616740088106,1.0802142920117621,2.538633718327508,4.351830960694778,,1.0710521411737233,0.043209876543209874,0.938311397618408,-0.005202452264513324,-0.003500764268018486,4,208288.0,0.25080731969860065,29.75,29.75,0.234577849404602,32.75,31.5,0,139.6125,15636.0,0.11426437640029873,0.6346903617735061,1.0
2021-09-06,2021,0.16048502139800286,0.47610556348074184,0.09623430962343096,0.14978601997146934,0.4690265486725664,0.6428571428571429,1,0.7261904761904762,0.0650783308021713,2.850659771754639,4.674964336661914,,0.9266222004303939,0.06134969325153374,0.8149072753209701,-0.0016446253584307957,-0.00020023270660063375,0,12834.0,0.037037037037037035,0.25,0.25,0.05884450784593438,3.5,8.25,0,140.2,15701.75,0.25080731969860065,0.234577849404602,0.0
2021-09-07,2021,-0.3376975169300226,0.5959367945823928,0.09149623250807319,0.44785553047404064,0.0978441127694859,-0.11693548387096774,7,0.6612903225806451,1.112753025576565,2.9427539503386058,4.822103837471779,,0.5665167951637001,0.036585365853658534,0.15169300225733634,-0.0004981409427795569,-0.0029579637204812936,1,217773.0,0.14636642784032752,44.0,44.0,0.38645598194130926,53.5,15.75,0,138.4375,15648.0,0.037037037037037035,0.05884450784593438,0.0
2021-09-08,2021,-0.1925034706154558,0.6367422489588154,0.015252621544327931,0.5886163813049514,0.28316831683168314,-0.9182389937106918,4,0.06918238993710692,0.9917963889804375,2.702915316982878,4.699416936603425,,0.5559058673151759,0.024242424242424242,0.6996760758907913,-0.002396767774717201,0.0031639278809412197,2,194101.0,0.06917542888765911,19.25,19.25,0.5145765849143915,32.75,69.5,0,135.0625,15593.0,0.14636642784032752,0.38645598194130926,0.0
2021-09-09,2021,0.13265776140027638,0.6522339935513588,0.04029605263157895,0.4035006909258406,0.13372093023255813,0.4931506849315068,2,0.6484018264840182,0.9277100306159515,1.8831874712114207,3.9333026255181998,,0.6537767678090088,0.030120481927710843,1.0575771533855367,0.007440767693233985,0.0019863435081532987,3,178779.0,0.1657492354740061,-68.0,68.0,0.7314601566098572,6.75,99.25,1,135.6875,15657.25,0.06917542888765911,0.5145765849143915,0.0
2021-09-10,2021,0.3587360594795539,0.654275092936803,0.19166106254203094,0.7286245353159851,0.6846846846846847,-0.5306122448979592,3,0.16326530612244897,0.6041910891062908,1.53912639405205,3.6412267657992623,,0.6077276677489684,0.017964071856287425,0.8810408921933085,-0.007367012147362573,-0.0026006682469708053,4,114161.0,0.1699561403508772,-77.25,77.25,0.6672862453531598,21.5,89.75,1,134.5,15585.5,0.1657492354740061,0.7314601566098572,1.0
2021-09-13,2021,0.272572402044293,0.9898681968976957,0.14461791290057519,1.4310051107325383,0.7945205479452054,-0.7719298245614035,0,0.13408521303258145,0.5064978023112118,0.7611405003138118,2.815601183538066,,0.4994699176646242,0.06547619047619048,1.231955527660719,0.0037108017410379945,0.003669845688192841,0,95702.0,0.01764425369575584,3.5,3.5,0.4249977584506411,59.25,41.75,0,139.4125,15392.25,0.1699561403508772,0.6672862453531598,1.0
2021-09-14,2021,0.7408066957528271,0.7568337636897873,0.07828655834564253,0.8494346006588906,0.3772893772893773,-0.44654088050314467,0,0.29350104821802936,0.3113195125555899,-0.1501202030095324,1.8944706615617426,,0.41821163167400605,0.09467455621301775,1.5279138099902059,-0.008658187096548975,-0.002139218215157168,1,57928.0,0.0633879781420765,-70.5,70.5,0.6446442881310659,49.0,90.5,1,140.3875,15446.5,0.01764425369575584,0.4249977584506411,0.0
2021-09-15,2021,0.2664266426642664,0.45184518451845185,0.02403846153846154,0.9108910891089109,0.11210762331838565,-0.3695652173913043,5,0.4090909090909091,0.251921035644158,-0.44023402340234546,1.684392439243925,,0.41430273895364017,0.058823529411764705,1.2583258325832583,0.00954663311469861,0.003763614021101147,2,46636.0,0.3308317698561601,136.5,136.5,0.9846984698469847,136.75,25.0,1,138.875,15366.25,0.0633879781420765,0.6446442881310659,1.0
2021-09-16,2021,-0.3591450595655221,0.6096706377014717,0.12265512265512266,0.7603363700070078,0.30193905817174516,-0.30414746543778803,1,0.41013824884792627,0.21670118447731337,0.27478976874561767,2.4307988787666437,,0.9237137164785577,0.13450292397660818,1.3209530483531886,-0.0020266624992767435,-0.0017740258609074688,3,39865.0,0.2980946527350953,121.0,121.0,0.8584442887175894,122.5,49.75,1,142.7,15418.5,0.3308317698561601,0.9846984698469847,1.0
2021-09-20,2021,-3.3234793514288277,3.538475320254412,0.20819531345847136,0.9925647227447819,0.2729624838292367,-0.2851985559566787,3,0.16787003610108303,1.3248852792657873,0.3351249664068851,2.6278957269551233,,0.9653709275352932,0.0755813953488372,1.2344351876735644,-0.0010511386012104218,0.002218195635532938,0,241514.0,0.291354663036079,-211.75,211.75,1.608886500044791,16.25,224.5,1,139.5375,15036.25,0.2980946527350953,0.8584442887175894,1.0
2021-09-21,2021,1.5239928909952605,1.0781990521327014,0.07699574870099198,0.7686611374407583,0.07829181494661921,-0.3892100192678227,2,0.2254335260115607,1.3425548780655054,-3.8843305687203746,-2.0643364928909897,,1.7464196839839006,0.37572254335260113,2.012736966824644,-0.002853415399215131,-0.000597821844259272,1,244735.0,0.07083181983290955,56.25,56.25,0.5228080568720379,88.25,56.75,0,168.8,15031.25,0.291354663036079,1.608886500044791,1.0
2021-09-22,2021,-0.15054077755042383,1.0230926629640456,0.07565337001375516,0.7117801812335574,0.7281191806331471,0.5462012320328542,1,0.9322381930184805,0.9710105573247098,-2.225957322420345,-0.5265711780181216,,1.9849761134683748,0.39655172413793105,0.9193218357205495,0.0005060125436928686,-0.0006363874191404051,2,177006.0,0.08459076360310928,46.5,46.5,0.57731657410114,98.75,38.25,0,171.05,15128.25,0.07083181983290955,0.5228080568720379,0.0
2021-09-23,2021,0.20332328402159433,0.7487905770174578,0.0342156229825694,0.886209072425156,0.7788018433179723,0.694620253164557,1,0.8781645569620253,0.9525290676146042,-1.5934235434340582,-0.04907803407417794,,2.0046117193371287,0.4514285714285714,1.1904928836850592,-0.0023228931580860923,0.0006749329175717023,3,173637.0,0.013580246913580247,-5.5,5.5,0.3084904998948328,26.0,55.0,0,178.2875,15320.75,0.08459076360310928,0.57731657410114,0.0
2021-09-24,2021,-0.5933991153453556,0.8506294658046955,0.11648745519713262,0.3974140864239537,0.00646830530401035,0.23972602739726026,5,0.4657534246575342,0.9865023136148071,-0.7703300442327322,0.6753045253487585,,1.983237906754916,0.4659090909090909,0.8969037087444709,0.0016585219673195262,0.001959841203678314,4,179830.0,0.13328956007879186,63.0,63.0,0.43416127934671656,79.75,18.75,0,183.6875,15223.75,0.013580246913580247,0.3084904998948328,0.0
2021-09-27,2021,-0.551490514905149,1.3279132791327912,0.1715071843472944,0.7086720867208672,0.20433017591339647,0.040152963671128104,1,0.8126195028680688,1.210352169807925,-0.9243902439024351,0.4614363143631448,,1.9817975306960591,0.4915254237288136,0.6165311653116531,0.012636080641544867,0.0023045403817933963,0,218566.0,0.06685236768802229,39.0,39.0,0.3807588075880759,40.5,70.25,0,184.5,15190.25,0.13328956007879186,0.43416127934671656,0.0
2021-09-28,2021,-1.2235041588408908,1.436812449691441,0.1325390915860015,1.094714247383955,0.49949545913218973,-0.7083333333333334,0,0.14460784313725492,1.6122560298592594,-1.1672927287362471,0.0916554869868523,,0.7024817840089613,0.5,0.7874966460960559,-0.0021850899790158973,3.625556708508615e-05,1,291142.0,0.031578947368421054,-6.25,6.25,0.6224845720418567,26.25,116.0,1,186.35,14856.75,0.06685236768802229,0.3807588075880759,0.0
2021-09-29,2021,-0.16222910216718267,0.8383900928792569,0.03697617091207888,0.5894736842105263,0.00528169014084507,0.13865546218487396,3,0.3907563025210084,1.551928364358278,-2.7649535603715134,-1.8260804953560343,,1.007622258582474,0.5921787709497207,1.4390092879256966,-0.0050049280490753745,9.115166436024502e-05,2,280248.0,0.013562686073436983,3.5,3.5,0.6105263157894737,54.75,123.25,1,201.875,14834.25,0.031578947368421054,0.6224845720418567,1.0
2021-09-30,2021,-0.1342281879194631,0.6263982102908277,0.044193216855087356,0.43896245238527115,0.14776632302405499,0.05234159779614325,7,0.29476584022038566,1.4436663980883873,-2.5806880706209547,-1.8506560251526711,,0.9467320081773828,0.6388888888888888,0.9468528931616179,-0.005287616654220728,-0.002324852003836586,3,260698.0,0.02021563342318059,-13.25,13.25,0.6409093657415804,25.75,132.5,1,206.7375,14814.75,0.013562686073436983,0.6105263157894737,1.0
2021-10-01,2021,-0.434937188907324,0.9054278264991704,0.00589159465828751,0.9137236311922257,0.7061224489795919,-0.8300907911802854,0,0.03761348897535668,1.7137495679083472,-2.501244370703962,-1.986181559611285,,0.7755664407284781,0.6850828729281768,0.9315003555344868,0.0028341227292875137,0.0033452737271928434,4,312336.0,0.39705882352941174,260.0,260.0,1.234889784309078,260.5,12.75,1,210.95,14549.75,0.02021563342318059,0.6409093657415804,1.0
2021-10-04,2021,-0.4826597879048438,0.9274863857838922,0.05478912100906583,1.1842934938377758,0.8303747534516766,-0.9380445304937076,0,0.001936108422071636,1.7390962503777434,-2.2025795356835736,-1.8735224992834627,,0.8005412110650644,0.7362637362637363,1.2530811120664946,0.007344989422068959,0.007016102330390517,0,325151.0,0.002730748225013654,-12.0,12.0,0.43336199484092863,33.25,94.5,0,218.0625,14462.25,0.39705882352941174,1.234889784309078,1.0
2021-10-05,2021,0.24205587545318832,0.5939432714864576,0.01818916734033953,0.6248667093196844,0.573373676248109,0.7986348122866894,1,0.8703071672354948,1.2245949118955102,-3.3227767114523337,-3.2215184474301553,,0.9366025659536343,0.825136612021858,1.5024525485178077,-0.0009569201536794303,2.252399936120142e-06,1,228957.0,0.30097087378640774,121.75,121.75,0.5566218809980806,130.5,13.25,0,234.45,14624.0,0.002730748225013654,0.43336199484092863,0.0
2021-10-06,2021,-0.9047763304049279,1.019892961728769,0.11254752851711027,0.8048066242552763,0.21525215252152521,0.6185696361355082,2,0.8105395232120451,1.7429505139921433,-1.7599212359890928,-1.8267393719074996,,1.066402894946646,0.875,1.0421084519842472,-0.011396227780051782,-0.00511282180754935,2,358938.0,0.07665135994348286,67.75,67.75,0.4231041098656973,104.75,77.5,0,247.575,14645.0,0.30097087378640774,0.5566218809980806,0.0
2021-10-07,2021,0.6607779024937778,0.730076619003465,0.12137426077161363,0.5309648138207018,0.45018450184501846,0.8235294117647058,2,0.9908088235294118,1.0918537222506282,-1.638768239714997,-1.879225025621005,,1.067208181094421,0.8810810810810811,1.0394807476453078,0.004814822695071275,-0.00029063973380138997,3,225286.0,0.13292788879235448,-50.25,50.25,0.3152603582060417,7.25,80.75,0,256.1375,14994.0,0.07665135994348286,0.4231041098656973,0.0
2021-10-08,2021,-0.041962710409613274,0.6199036765056507,0.03376244838474617,0.3709885079395356,0.023923444976076555,-0.6246786632390745,6,0.26735218508997427,1.277556482791561,-0.5925325449430193,-0.9487578084020788,,1.1402877662676798,0.8870967741935484,0.5417004434695533,0.00455765019995058,0.0027611982998463347,4,283523.0,0.011866235167206042,-16.25,16.25,0.3089981402889705,11.5,81.0,0,262.1375,14872.0,0.13292788879235448,0.3152603582060417,0.0
2021-10-11,2021,-0.4064809550881182,0.5590297517528898,0.060363959165557035,0.6642031457267387,0.8608349900596421,0.7617689015691869,0,0.9158345221112696,0.814233791164641,-0.7832101572863355,-1.2616448739814297,,1.162435221385317,0.893048128342246,0.5770324047754405,-0.002015511085802668,-0.0024818411025469,0,184930.0,0.22338461538461538,-90.0,90.0,0.46996399469395483,4.5,124.0,0,263.85,14882.0,0.011866235167206042,0.3089981402889705,0.0
2021-10-12,2021,-0.12214752390872077,0.7433008237856265,0.06685301653855114,0.481961935422782,0.3133561643835616,-0.6797642436149313,1,0.17092337917485265,1.3380679504142057,-0.8885048764321547,-1.4896316636682105,,0.799591588491185,0.8936170212765957,0.6637629012404129,0.00932697144011152,0.003223371829291999,1,303904.0,0.0059931506849315065,-8.0,8.0,0.22535744721143833,59.5,41.25,0,264.025,14673.25,0.22338461538461538,0.46996399469395483,0.0
2021-10-13,2021,0.31190202831993874,0.6305013394565633,0.1517948717948718,0.42671259089169533,0.1715145436308927,-0.3542600896860987,1,0.35874439461883406,1.2244325367557192,-1.2430635285112897,-1.9660352085725232,,0.623698471627151,0.873015873015873,0.5616150019135093,-9.934594369898075e-05,-0.001803172046248691,2,288030.0,0.08185404339250493,39.25,39.25,0.3396479142747799,88.75,46.0,0,261.3,14707.25,0.0059931506849315065,0.22535744721143833,0.0
2021-10-14,2021,0.6681450057848052,0.7009255688391823,0.22294455066921606,0.40300809872734283,0.6749435665914221,0.5167464114832536,1,0.7966507177033493,0.8169312430462582,-0.8179232549170831,-1.6464905514847648,,0.644243144119915,0.868421052631579,0.5196683378326262,-0.00039084650178433655,-0.0004909863698205896,3,198616.0,0.2,54.5,54.5,0.27188584650983416,70.5,4.0,0,259.3,14973.75,0.08185404339250493,0.3396479142747799,0.0
2021-10-15,2021,0.22945092299702566,0.34559274821774233,0.03877423389618512,0.2096218308861716,0.08928571428571429,-0.3783783783783784,9,0.42342342342342343,0.6463067276230903,0.35272177895283785,-0.5451678391010817,3.633903026297154,0.7038933855202778,0.8952879581151832,0.5807091261035834,-0.0020521741452782516,0.0017848240898551415,4,157133.0,0.06902654867256637,34.75,34.75,0.20017940607147916,53.0,9.5,0,264.7625,15068.0,0.2,0.27188584650983416,0.0
2021-10-18,2021,-0.09873939510137564,0.49177970569908447,0.09328471589182619,0.41796481809902697,0.4631083202511774,0.5321100917431193,1,0.7637614678899083,0.6723674495988681,0.7275080285673214,-0.26442985189090396,3.928265350141395,0.6604789109065321,0.8645833333333334,0.29334228059243633,0.00010424622343752077,-0.0005276505126472486,0,163469.0,0.530791788856305,138.5,138.5,0.546421895221205,142.5,9.25,0,260.7875,15135.0,0.06902654867256637,0.20017940607147916,0.0
2021-10-19,2021,0.24078493768231238,0.42641209228321403,0.0664179104477612,0.2524529302572262,0.1487603305785124,0.19327731092436976,5,0.6638655462184874,0.8930908691723736,1.4342084327764504,0.4159321134977487,5.018255104746751,0.8132732552236472,0.7927461139896373,0.9578361177406524,-0.005983910796291458,0.0003625675254297356,1,211525.0,0.24429967426710097,51.75,51.75,0.24078493768231238,56.75,14.0,0,235.6875,15341.75,0.530791788856305,0.546421895221205,0.0
2021-10-20,2021,0.11254551473022179,0.24384861524881388,0.029659141212926073,0.2946044356173453,0.225130890052356,0.3895131086142322,3,0.9737827715355806,0.8018835733296936,1.9539887454485287,0.9391592188017251,5.689837802052297,0.4828716615487623,0.7422680412371134,0.4248041487366214,0.00605377488371861,0.0019122850309423178,2,182125.0,0.14010378057820608,-66.25,66.25,0.5550038618558977,0.5,125.75,0,226.575,15445.0,0.24429967426710097,0.24078493768231238,0.0
2021-10-21,2021,-0.14280092202170125,0.29909484454939,0.02035830618892508,0.43739809973576205,0.7100737100737101,0.7917737789203085,0,0.922879177377892,0.7126317851898654,1.8790127621296435,0.8607409906111204,5.676690841625909,0.6243856169171904,0.7230769230769231,0.5734525215044696,0.0015861350644168493,-0.003303423786239046,3,161854.0,0.1051693404634581,33.0,33.0,0.15629392252768876,34.75,28.25,0,222.3375,15424.0,0.14010378057820608,0.5550038618558977,0.0
2021-10-22,2021,-0.1568449167471728,0.39324884923566517,0.06566769501983252,0.35574245610047167,0.004207573632538569,0.1597444089456869,4,0.6325878594249201,0.8490741739553499,2.222822071944081,1.185724839461274,6.039165766892081,0.3810954631759415,0.6989795918367347,0.5660055691311019,0.00032362890895876184,0.0014491960427958084,4,192843.0,0.14954128440366973,-94.0,94.0,0.7330795021878729,3.5,161.25,1,219.9625,15435.0,0.1051693404634581,0.15629392252768876,0.0
2021-10-25,2021,0.28787454494539344,0.4962195463455615,0.16635859519408502,0.4939792775133016,0.08256880733944955,0.061224489795918366,2,0.8140589569160998,0.9182574084796024,1.6588070568468232,0.6253710445253463,5.377636516381968,0.6241534713694866,0.7258883248730964,0.851302156258751,0.006934988943875897,-0.0010428569440075197,0,208556.0,0.38489208633093525,100.5,100.5,0.5858302996359563,130.75,19.25,0,223.1875,15412.0,0.14954128440366973,0.7330795021878729,1.0
2021-10-26,2021,0.38156867120383803,0.39941983710811113,0.15547905909351692,0.5299564877831083,0.539906103286385,0.7221052631578947,0,0.871578947368421,0.8966654411845643,2.3544014280932726,1.3523597009929742,6.06285283945108,0.6109777118466059,0.7323232323232324,0.9840455204730559,-0.005022337692405232,-0.0031485430532034453,1,203652.0,0.16625133499466002,-111.25,111.25,0.8077652571683589,17.25,181.0,1,224.075,15683.75,0.38489208633093525,0.5858302996359563,0.0
2021-10-27,2021,-0.009543692215926037,0.4091858037578288,0.04010785305021908,0.4282731881896809,0.26735218508997427,0.6239554317548747,3,0.7604456824512534,1.0590942077923862,2.631494184312554,1.6874202206978863,6.707217417238291,0.6643470302906308,0.6180904522613065,0.9460184909036684,-0.008670910452368119,-0.004034277293496036,2,231312.0,0.002554278416347382,4.5,4.5,0.4330450342976439,90.75,16.0,0,209.5625,15626.5,0.16625133499466002,0.8077652571683589,1.0
2021-10-28,2021,0.18293416776988808,0.4705740763028042,0.11493288590604027,0.37068239258635216,0.31620553359683795,0.5032467532467533,1,0.935064935064935,1.0479131706848042,2.7454567336622904,1.9203032855939364,6.983120712480445,0.6429945333157953,0.59,0.7654350704055843,0.006323710599107857,0.0015842040494433718,3,228870.0,0.03498349834983498,19.75,19.75,0.25755205199181613,53.5,20.5,0,207.725,15707.75,0.002554278416347382,0.4330450342976439,0.0
2021-10-29,2021,-0.4696385984223079,0.4769767015226564,0.0650216738912971,0.4439552375710879,0.3939393939393939,0.5950413223140496,0,0.7658402203856749,0.9306175897584996,3.035528649177521,2.349856295480952,7.497786338898065,0.6542416532983018,0.5472636815920398,0.6139546260624962,-0.0033236728494767664,-0.001537279965651006,4,203252.0,0.33024691358024694,100.25,100.25,0.6029474714119734,123.25,17.0,1,204.4125,15685.5,0.03498349834983498,0.25755205199181613,0.0
2021-11-01,2021,0.36055143160127257,0.3193811989270788,0.032059727711901624,0.4977855405152517,0.1582089552238806,-0.47117794486215536,4,0.42355889724310775,0.9072345571449316,3.1436591603767736,2.604878048780491,7.864874306032059,0.3078157096141167,0.5148514851485149,0.9618863452061631,0.016534736814199813,-2.0137213866844306e-05,0,190556.0,0.07891156462585033,26.75,26.75,0.304410205227372,61.0,23.5,0,200.3875,15811.0,0.33024691358024694,0.6029474714119734,1.0
2021-11-02,2021,0.15263014445352957,0.25756336876533115,0.02804642166344294,0.5669119651131099,0.40720961281708945,0.8341346153846154,3,0.8485576923076923,1.0615320420758452,3.3391932406650353,3.045761787953125,8.797131370945761,0.1398395110467527,0.4039408866995074,0.5628236576723903,-0.008901702329703554,-0.0031343471768752185,1,218786.0,0.000643915003219575,2.25,2.25,0.2562005996184247,27.75,47.0,0,183.45,15952.5,0.07891156462585033,0.304410205227372,0.0
2021-11-03,2021,0.1454130729203792,0.2936773825646874,0.08164598301763554,0.3564045904911255,0.12709832134292565,-0.4,6,0.324,0.9493217016651787,3.81566754579799,3.7817093164159954,9.794489985031008,0.246385793106319,0.36764705882352944,0.661486919951529,0.014125432579885966,0.001402023125814722,2,195659.0,0.328077622801698,135.75,135.75,0.8653503457124527,151.75,15.75,1,175.3625,15955.25,0.000643915003219575,0.2562005996184247,0.0
2021-11-04,2021,0.5200703193671257,0.514210372106651,0.08542199488491048,0.9449164957515382,0.9136212624584718,0.8062015503875969,0,0.9472868217054263,1.0771779092857283,4.315631409317314,4.599238206856142,10.784456489891593,0.31413338080022973,0.32682926829268294,1.0079109288016408,-0.0038443850275013958,-0.004760797464344213,3,219154.0,0.047895500725689405,24.25,24.25,0.4028713741576326,68.75,66.5,0,170.65,16309.75,0.328077622801698,0.8653503457124527,1.0
2021-11-05,2021,0.44841735052754983,0.7151230949589684,0.12942989214175654,0.4308323563892146,0.03933253873659118,0.1870748299319728,4,0.6700680272108843,1.1805831350883746,5.333821805392736,5.9104337631887445,12.12521981242673,0.6605020204743526,0.32524271844660196,1.2983587338804221,-0.00046711111186192866,0.0006521968481758567,4,240192.0,0.15784313725490196,-71.0,71.0,0.7737397420867527,23.75,132.0,1,170.6,16424.25,0.047895500725689405,0.4028713741576326,0.0
2021-11-08,2021,-0.019030888596105987,0.6411945542380325,0.05797623334533669,0.4523495827843654,0.31203931203931207,-0.10679611650485436,3,0.32038834951456313,1.1743851129504748,5.002635046113311,5.890909090909093,12.138844971453665,0.7855453520748755,0.33816425120772947,0.9149465671204802,0.0007899054897041458,7.921362483132022e-05,0,238931.0,0.10363036303630363,19.75,19.75,0.24008197921241398,41.0,39.25,0,170.775,16341.75,0.15784313725490196,0.7737397420867527,1.0
2021-11-09,2021,0.08703481392557023,0.6362545018007203,0.1043212570929725,1.2169867947178872,0.3044982698961938,-0.4907521578298397,1,0.4315659679408138,1.8335743119978263,4.706482593037217,5.9774009603841485,12.406685174069631,0.9079052374145954,0.3076923076923077,0.5507202881152461,0.0033249896674706347,0.0028832867017417607,1,377907.0,0.11444356748224152,-84.0,84.0,0.6992797118847539,10.0,116.5,1,166.6,16276.5,0.10363036303630363,0.24008197921241398,0.0
2021-11-10,2021,-0.5347043701799485,0.9562982005141388,0.1001131221719457,1.0459052515607785,0.6559766763848397,0.42134831460674155,1,0.7584269662921348,1.4175804448239724,3.1655526992287877,4.790216672787371,11.062232831435914,1.405475318414194,0.32057416267942584,1.361733382298935,-0.0027128284142932113,-0.001975835469739229,2,292169.0,0.30156569094622193,-215.5,215.5,1.6378993756885787,19.0,278.75,1,170.1875,16176.5,0.11444356748224152,0.6992797118847539,1.0
2021-11-11,2021,0.7867437164937687,0.7658567151709254,0.14466245427336216,0.40242289215344984,0.2717948717948718,-0.7508650519031141,2,0.13494809688581316,1.0580435120133524,1.3730418436259875,3.2095244726032144,9.122815567778323,1.4297599178435143,0.4095238095238095,1.7921047134999653,0.004870157634357608,0.0010606174391466494,3,218067.0,0.13549337260677466,-32.25,32.25,0.27292348395182064,49.0,41.75,0,179.5375,16048.0,0.30156569094622193,1.6378993756885787,1.0
2021-11-12,2021,0.3137254901960784,0.35294117647058826,0.04217791411042945,0.4429920116194626,0.056451612903225805,-0.3114754098360656,1,0.580327868852459,1.0039635213208882,1.4633986928104616,3.6226579520697126,9.745969498910673,1.092848819135751,0.36018957345971564,0.6056644880174292,-0.0023317494207341083,-0.0006161400253694715,4,210873.0,0.338865836791148,137.25,137.25,0.8946986201888163,154.0,1.0,1,172.125,16046.0,0.13549337260677466,0.27292348395182064,0.0
2021-11-15,2021,0.32553551296505073,0.39740698985343853,0.04668304668304668,0.5496054114994363,0.5034965034965035,-0.7230769230769231,3,0.14615384615384616,1.0980165625784213,2.059540586245768,4.392418263810598,10.317700112739574,1.3738637209894593,0.39622641509433965,1.117531003382187,-0.003175447166608669,0.0024225027133302213,0,231900.0,0.04054054054054054,7.5,7.5,0.49464487034949267,23.5,87.75,0,177.4,16170.5,0.338865836791148,0.8946986201888163,1.0
2021-11-16,2021,-0.12023187576039505,0.4809275030415802,0.056037884767166535,0.6369426751592356,0.11859838274932614,0.5640449438202247,3,0.6359550561797753,1.0067738691595747,1.8028340370714993,4.3725470550347065,10.371716882559218,1.4043745519316169,0.3755868544600939,0.9790309883346454,-0.003424091501224913,-0.0012106834869158867,1,216251.0,0.23076923076923078,76.0,76.0,0.5954340513848135,104.0,10.25,0,174.6625,16219.75,0.04054054054054054,0.49464487034949267,0.0
2021-11-17,2021,0.11007620660457239,0.3330510866497319,0.03880914407230197,0.3231724527236805,0.0811965811965812,0.021834061135371178,3,0.8165938864628821,0.9161766263429101,2.187552921253173,4.9088060965283615,10.810421958791983,1.341389293622092,0.397196261682243,0.9864521591871295,-0.006420786729103178,-0.0015676426477247984,2,198956.0,0.060880048221820374,2.75,2.75,0.46429579452441433,82.25,28.5,0,177.15,16316.5,0.23076923076923078,0.5954340513848135,0.0
2021-11-18,2021,0.44435040203131615,0.5092396670898576,0.15990730011587487,0.6658202849485118,0.0591016548463357,-0.413135593220339,4,0.3855932203389831,1.2160352552737856,2.053886302722528,4.968542812808573,10.859049231203278,0.6159085661969419,0.4,0.7278882776132036,-0.009818554412683533,-0.0012848868937316293,3,264073.0,0.22139830508474576,117.0,117.0,0.7998307236563691,141.75,16.5,1,177.225,16349.25,0.060880048221820374,0.46429579452441433,0.0
2021-11-19,2021,0.4629565458451729,0.5530528796174371,0.07323313079629037,0.5599833668306882,0.2348804500703235,0.2202970297029703,2,0.551980198019802,0.9874946492298324,2.5533994039781014,5.60243953149906,11.405391919051906,0.6570099262900583,0.42592592592592593,1.0381869845450133,-0.0004499768019345929,-0.002142176225445991,4,215695.0,0.03508771929824561,-2.25,2.25,0.3132580220389493,56.5,38.25,0,180.3625,16572.0,0.22139830508474576,0.7998307236563691,1.0
2021-11-22,2021,0.3841318619918983,0.44419611677608606,0.047080979284369114,0.7221679005447689,0.6164948453608248,0.8239845261121856,0,0.8259187620889749,0.9343875399734006,2.808213437630956,6.114597010755696,11.990508450900961,0.5855847538208868,0.41935483870967744,0.6271825673976813,5.3597006328676144e-06,-0.0007774752063083312,0,204095.0,0.22233712512926576,-166.25,166.25,1.617544349769521,1.75,289.5,1,178.975,16745.0,0.03508771929824561,0.3132580220389493,0.0
2021-11-23,2021,-1.3511304821574501,0.7640969763007355,0.07032127611772636,1.0010896213565785,0.13584288052373159,-0.4557823129251701,2,0.0653061224489796,1.507651315202139,2.4967992372650523,5.894579133751025,11.66247616453282,0.5620585624206865,0.44495412844036697,1.6998093162625987,0.0019083724428767823,0.0028832132641569697,1,329311.0,0.02959830866807611,26.5,26.5,0.7000817216017433,28.75,128.5,1,183.55,16247.0,0.22233712512926576,1.617544349769521,1.0
2021-11-24,2021,-0.3826595474192728,0.9344012204424104,0.09513742071881606,0.8021866259852529,0.41149943630214203,0.2694136291600634,1,0.8795562599049128,1.3184180481344476,0.5999872870582216,3.860386473429954,9.267594711416221,1.308367459306326,0.5342465753424658,1.5268243071446732,0.005866253716867886,-0.0003729363603297564,2,288694.0,0.14250614250614252,110.25,110.25,0.5631833206203916,110.75,31.75,0,196.65,16240.75,0.02959830866807611,0.7000817216017433,1.0
2021-11-25,2021,0.18143407481048837,0.4150615136075556,0.04957436154231347,0.1913756679507891,0.5544554455445545,0.6493506493506493,1,0.8636363636363636,0.11398821756404987,0.7927799179818529,4.0618615633155235,9.378575866782654,1.3341724329706668,0.5636363636363636,1.2402137442525163,-0.0012686047024024205,-0.0011005410595059661,3,24960.0,0.11042944785276074,-7.25,7.25,0.09693053311793215,3.25,19.5,0,201.175,16412.5,0.14250614250614252,0.5631833206203916,0.0
2021-11-26,2021,-0.7828282828282829,1.4696969696969697,0.09523809523809523,0.9671717171717171,0.40930232558139534,-0.45039164490861616,1,0.2506527415143603,1.421576594415055,0.9083333333333352,4.309823232323229,9.735656565656566,1.2379591168439537,0.5384615384615384,0.19444444444444445,-0.006617657666393328,0.0019045965539424836,4,310510.0,0.18807724601175482,-119.25,119.25,0.8888888888888888,23.0,176.0,1,198.0,16164.0,0.11042944785276074,0.09693053311793215,0.0
2021-11-29,2021,0.929621221173378,1.0562791253435297,0.11465721040189125,0.5078265025690046,0.19640179910044978,0.2211764705882353,4,0.5152941176470588,1.4116271635383844,-0.9253196319751481,2.3072768550603406,7.438373760305894,1.307573680074327,0.6531531531531531,1.527064165372207,-0.0185362470442475,-0.004568747333770773,0,309104.0,0.41676234213547647,164.25,164.25,0.789819572230852,165.25,36.75,1,209.225,16262.75,0.18807724601175482,0.8888888888888888,1.0
2021-11-30,2021,-0.3203046253779819,0.9093963489752492,0.04960432348967381,0.6170903796617763,0.3138500635324015,0.49727767695099817,2,0.764065335753176,1.1362497616693346,0.7131257699630418,3.73139209317953,8.624823608466798,1.6992330953495955,0.7533632286995515,0.9855526934707134,-0.0008099673680004305,-0.0008361174494595502,1,256255.0,0.2295864262990456,-286.5,286.5,1.5936835031918468,13.0,355.75,1,223.225,16424.0,0.41676234213547647,0.789819572230852,1.0
2021-12-01,2021,0.8534578844010403,0.9405020964916937,0.07115135834411385,0.4532668117403535,0.23369565217391305,-0.08430913348946135,5,0.550351288056206,0.9493342621874941,-0.5921129451727647,2.2183111299824874,6.893222228119529,1.578402515003512,0.8169642857142857,1.6485324558144474,-0.00042893472445748593,0.002119940414776922,2,223488.0,0.2099093120990931,-264.0,264.0,1.2164959397059605,98.25,286.5,0,235.5125,16329.5,0.2295864262990456,1.5936835031918468,1.0
2021-12-02,2021,-0.9800934389599837,0.8216534633353646,0.04904507257448434,0.9750152346130408,0.001563314226159458,0.07395833333333333,1,0.22916666666666666,1.591853552548579,-0.8538492788949797,1.757566524476945,6.2539914686166975,1.5640522134053476,0.8577777777777778,1.563071297989031,0.0055551713054227125,0.005529819860414564,3,374747.0,0.14705298670371106,160.0,160.0,0.8907170424537884,219.25,78.75,1,246.15,15842.0,0.2099093120990931,1.2164959397059605,0.0
2021-12-03,2021,0.18226925218976256,1.0531112348741836,0.017733990147783252,1.4530909827350516,0.6563321071991592,-0.8550522648083624,1,0.022996515679442508,1.3831020426904992,-1.041263733481852,1.4394815452382135,5.929340286567766,1.6046180407352924,0.8584070796460177,1.207027492278872,-0.0006460532877687886,0.00763585314167925,4,331338.0,0.1484593837535014,-163.0,163.0,0.8191990278973217,37.0,202.25,1,246.8875,15740.25,0.14705298670371106,0.8907170424537884,1.0
2021-12-06,2021,0.5886488259830343,0.8145474996484979,0.011298509906664483,0.8576650888128604,0.29303547963206306,0.014207650273224045,3,0.7792349726775957,1.4634783697438942,-2.41092937151427,-0.2818390589117498,3.8532127290621956,1.5239055000534114,0.9118942731277533,2.0724562965740265,0.007596262432224776,0.003627170071724084,0,362347.0,0.1684958037443512,119.25,119.25,0.5980222149318086,159.5,81.5,0,266.7125,15737.5,0.1484593837535014,0.8191990278973217,1.0
2021-12-07,2021,0.9408180637068232,1.2266475516329913,0.2617314930991217,0.5402983737287756,0.5246753246753246,0.9237147595356551,2,0.9253731343283582,0.8554373395243,-1.2124456789570373,0.6873527171721721,4.63742663859146,1.2653510126669032,0.9166666666666666,1.210519241969446,0.005007793043035447,-0.0012695822764070552,1,222554.0,0.006310958118187034,20.0,20.0,0.30733390081089557,85.75,2.5,0,279.0125,16258.5,0.1684958037443512,0.5980222149318086,0.0
2021-12-08,2021,0.1773474982864976,0.4129540781357094,0.01607050285121825,0.36154900616860863,0.008792965627498001,-0.34834123222748814,5,0.3981042654028436,0.975235324845592,0.27129026730637545,2.0046949965729928,5.827728752570254,1.4416273102159105,0.9301310043668122,0.771932830705963,0.004994880581811856,0.00033155056466060984,2,238033.0,0.1500306184935701,61.5,61.5,0.29300891021247427,85.5,39.0,0,291.8,16293.5,0.006310958118187034,0.30733390081089557,0.0
2021-12-09,2021,-0.06558248770328357,0.4147649222315771,0.05547652916073969,0.5326361501307219,0.632088520055325,-0.40765391014975044,1,0.07487520798668885,1.0182855853919601,0.48198697212744146,2.2373377054991805,6.237461780475917,1.4606420607281747,0.9173913043478261,0.4519874152523597,0.00019797909736096742,0.0022550631636171214,3,239263.0,0.15353007097497198,-111.75,111.75,0.43957991757876547,69.25,124.0,0,282.0875,16275.25,0.1500306184935701,0.29300891021247427,0.0
2021-12-10,2021,0.3527214282611529,0.6333347812866513,0.11403258073735353,0.44828634724816474,0.23809523809523808,-0.24806201550387597,3,0.2558139534883721,0.6052177265260971,-0.21866991008209644,1.4330741496894148,5.394339950479996,1.5007529361503766,0.922077922077922,0.9139481343121498,-0.006624342588728127,0.00015736358680318308,4,144434.0,0.03913529631010063,12.25,12.25,0.34577125233482475,49.0,99.5,0,287.7625,16233.0,0.15353007097497198,0.43957991757876547,0.0
2021-12-13,2021,0.2790091264667536,0.3155149934810952,0.035175879396984924,0.5345501955671447,0.38058887677208286,-0.8341463414634146,4,0.08780487804878048,0.4627526733934498,0.05467188179052712,1.6181660147761818,5.629461103867883,1.0232433381553794,0.9181034482758621,0.6797044763146458,-0.0005391636944849232,0.002224400014544381,0,110435.0,0.005115089514066497,-7.25,7.25,0.30160799652325077,37.25,86.75,0,287.625,16197.25,0.03913529631010063,0.34577125233482475,0.0
2021-12-14,2021,-1.0519066884737884,0.8659722820005165,0.20697167755991286,0.5009899285529826,0.025556471558120363,0.211340206185567,3,0.4175257731958763,0.42373705205993767,-0.13815959369888955,1.2925195833691976,5.33274941895498,0.9985672139239918,0.927038626609442,0.7816131531376431,0.007485477885807779,-0.00042551983746030864,1,101124.0,0.014809590973201692,-12.25,12.25,0.6077300507876388,8.5,176.5,1,290.425,15915.25,0.005115089514066497,0.30160799652325077,0.0
2021-12-15,2021,0.02875924404272802,0.40016433853738703,0.02596766291033807,0.3952341824157765,0.005037783375314861,-0.30561330561330563,5,0.525987525987526,0.22862961348932317,-1.0106409202958069,0.21441248972884333,4.095115036976169,0.6831866928688312,0.9358974358974359,0.8586688578471652,-0.006803162425522369,-0.00033161070128107095,2,54562.0,0.2126611957796014,259.5,259.5,0.8611339359079704,262.0,130.5,0,304.25,15875.0,0.014809590973201692,0.6077300507876388,1.0
2021-12-16,2021,0.6048672914861778,0.562337560053556,0.021193666260657735,0.7907379695991179,0.3797549967762734,-0.6334661354581673,1,0.2898406374501992,0.2582003620394891,-0.21028589430574152,0.8452390328424014,4.596306214066315,0.8531677418058582,0.9574468085106383,1.236512562022525,0.008745226283041863,0.008417135779750673,3,61619.0,0.3090546270890496,-337.5,337.5,1.1569662124911395,14.5,367.25,1,317.425,16167.5,0.2126611957796014,0.8611339359079704,0.0
2021-12-20,2021,-0.7544637864837664,1.1883550154694897,0.08496346054477005,0.3451746374920789,0.011691348402182385,0.05183585313174946,5,0.34773218142548595,1.3031389687576513,-1.0122264882394603,-0.16080814105192315,3.3952957840981095,0.9341127463668346,0.9830508474576272,1.6267193499086743,-0.007875819987165356,-0.0045035732671210305,0,300713.0,0.01759618252311363,15.5,15.5,0.27211391508554816,49.0,91.25,0,335.3375,15583.0,0.3090546270890496,1.1569662124911395,1.0
2021-12-21,2021,0.47437434165122955,0.45403363481166686,0.07246376811594203,0.5557371690094802,0.5803212851405622,-0.796078431372549,0,0.01045751633986928,1.148654084677014,-1.5179252479023646,-0.8725582071119848,2.588896153427048,0.8985780714966278,0.9873417721518988,0.4845446950710109,0.016891727440109028,0.005578716074791434,1,274124.0,0.5478478896782282,344.75,344.75,1.083869093022411,373.0,4.25,1,344.1375,15609.5,0.01759618252311363,0.27211391508554816,0.0
2021-12-22,2021,0.02300585930479169,0.32423882957690786,0.0109151973131822,0.31848736475070993,0.29774127310061604,0.5304740406320542,3,0.7878103837471784,0.9313042109469283,-0.38937416873359826,0.09267047701211506,3.540691613645352,1.1946083173312736,0.9873949579831933,1.084870052841583,-0.0025874137490020654,-6.86989801874649e-05,2,230739.0,0.11907066795740562,106.0,106.0,0.3443689564686006,119.75,12.75,0,347.7375,16021.0,0.5478478896782282,1.083869093022411,1.0
2021-12-23,2021,0.168618965903156,0.22532268895023502,0.007664380798709157,0.2909796314258002,0.5076923076923077,0.7871794871794872,2,0.8589743589743589,0.799713385404445,0.13332835932253756,0.5244795941207187,4.1402857569200915,1.1330123532341783,0.9707112970711297,0.6177721405655451,-0.0038894721484870054,-0.0010163055598866322,3,190850.0,0.2243861134631668,66.5,66.5,0.23576811161680222,79.0,7.5,0,335.075,16260.25,0.11907066795740562,0.3443689564686006,0.0
2021-12-27,2021,0.060772029860824556,0.2423378474697078,0.0228270412642669,0.541696364932288,0.6888888888888889,0.9778393351800554,2,0.9916897506925207,0.7643630592270869,0.7371797276512758,1.032029110552576,4.713857523352214,1.0993909793542345,0.9625,0.4884270548073677,-0.008654517959238994,-0.004982827354705899,0,179156.0,0.029649595687331536,11.0,11.0,0.107288892223431,35.75,32.75,0,333.2125,16523.5,0.2243861134631668,0.23576811161680222,0.0
2021-12-28,2021,0.19399707174231332,0.36676427525622257,0.04903078677309008,0.35212298682284043,0.02184235517568851,-0.2910602910602911,5,0.6195426195426196,0.9712312168815543,1.3087115666178601,1.5271156661786243,5.154542459736459,0.8291461168841064,0.979253112033195,0.6288433382137628,0.008315387913398253,0.003048335345360198,1,227643.0,0.11047070124879924,-61.25,61.25,0.3294289897510981,19.0,112.5,0,341.5,16565.75,0.029649595687331536,0.107288892223431,0.0
2021-12-29,2021,-0.025110333282605386,0.286105615583625,0.02571327932370553,0.49155379698676,0.4563380281690141,-0.3544891640866873,3,0.3173374613003096,1.0179937257571197,1.1990184142444071,1.4106680870491564,5.213399786942625,0.5490885184817484,0.9462809917355371,0.48166184751179425,0.002891369536835553,0.0033658886765469687,2,233315.0,0.15583508036338226,44.75,44.75,0.19555623192816923,64.25,24.25,0,328.55,16439.0,0.11047070124879924,0.3294289897510981,0.0
2021-12-30,2021,-0.02598732133716581,0.32051029649171164,0.012356199403493822,0.37169744458006854,0.302491103202847,0.6377118644067796,2,0.8580508474576272,0.7075016034661047,1.1665944796629535,1.318328936488563,5.277627278812457,0.49290139508726316,0.9300411522633745,0.5087215025396701,0.004379465082676948,-0.0029489270437714765,3,162153.0,0.1559633027522936,-54.75,54.75,0.18899870063393315,11.0,60.0,0,317.4625,16550.75,0.15583508036338226,0.19555623192816923,0.0
2021-12-31,2021,-0.2878762954433295,0.3125514064813292,0.04594400574300072,0.3627241322585952,0.2908366533864542,-0.23356009070294784,3,0.26303854875283444,0.7223134743566725,1.1997861490376682,1.344694851126828,5.499144596150684,0.5081163647494595,0.8975409836065574,0.3882217469978615,0.004289850914562909,0.0010972393532385771,4,162929.0,0.027247956403269755,-13.25,13.25,0.11679552557986511,23.0,35.5,0,303.95,16382.75,0.1559633027522936,0.18899870063393315,0.0
2022-01-03,2022,0.04535341434194763,0.3337326715728222,0.004315417810906237,0.6614752695533117,0.09294871794871795,0.1384217335058215,2,0.610608020698577,1.4006223941963185,0.7632209481430785,0.8981858634263244,5.228127674139994,0.514106193622218,0.889795918367347,0.399623481088482,0.008524197326760907,-0.0024184843939065725,0,315278.0,0.20783460282916214,83.0,83.0,0.302926578812254,88.5,36.25,0,292.15,16409.5,0.027247956403269755,0.11679552557986511,0.0
2022-01-04,2022,0.06002870938274827,0.3018835095045456,0.014570552147239263,0.5541780851711688,0.6133828996282528,-0.9277864992150706,2,0.0565149136577708,1.08170423170301,1.1186219496280856,1.2691113141067456,5.684736178172169,0.37440335994629,0.8658536585365854,0.7186045500021749,0.0052610025918723435,0.00868890838959302,1,243490.0,0.07583115427717595,-102.75,102.75,0.7734133716125103,4.25,222.25,1,287.3625,16362.0,0.20783460282916214,0.302926578812254,0.0
2022-01-05,2022,-0.21196335548769532,0.35297287587569603,0.07515846664654392,0.5200287407939644,0.1336206896551724,-0.37305699481865284,4,0.2987910189982729,1.4018129840936302,0.19435961918448127,0.40625112268726393,4.972736662475298,0.6096669812221256,0.8461538461538461,1.338243218968924,0.0027595077842512694,0.0032286848538941593,2,315546.0,0.3725766654917166,-272.5,272.5,1.1909466499012034,41.5,331.5,1,278.35,16146.25,0.07583115427717595,0.7734133716125103,1.0
2022-01-06,2022,-0.6424322538003966,0.6768010575016523,0.028784943260448382,0.8883013879709187,0.04772599663110612,0.4791666666666667,2,0.8482142857142857,1.5347192451304652,-1.1711830799735625,-0.9857501652346348,3.4675391055298532,0.8622454408234124,0.8588709677419355,1.5263273848865389,-0.0055536286793334,-0.005935155148496962,3,345463.0,0.018502704241389126,16.0,16.0,0.29433795990306233,83.5,48.75,0,283.6875,15812.25,0.3725766654917166,1.1909466499012034,1.0
2022-01-07,2022,-0.25804686787635633,0.8343211452539436,0.03369175627240143,0.6774870064739673,0.1614497528830313,-0.5329744279946165,2,0.08748317631224764,1.3715067345576397,-1.2956597063919002,-1.2045591319412792,3.366266982766484,0.9190905412824688,0.8393574297188755,1.0841615756359988,0.003739464417807703,0.004042483554266729,4,314337.0,0.015438596491228071,-33.75,33.75,0.540713048235616,14.5,148.25,0,274.175,15658.5,0.018502704241389126,0.29433795990306233,0.0
2022-01-10,2022,-0.8715192104335566,1.1032781106802962,0.1274940818397024,0.7763482551991541,0.48918640576725025,-0.775255391600454,0,0.05448354143019296,1.6814011021375186,-1.8407648924920705,-1.8809834332040896,2.486235459992948,0.9205678441765278,0.86,1.1200211491011633,0.0006578490321591524,0.0011767207237582955,0,385362.0,0.2484472049689441,215.0,215.0,1.066267183644695,302.5,54.25,1,283.7,15206.75,0.015438596491228071,0.540713048235616,0.0
2022-01-11,2022,0.48697573620022944,0.6552500743636595,0.03296315882249251,0.6051077210725364,0.07538461538461538,-0.042134831460674156,4,0.46629213483146065,1.7889053235074677,-2.339310755109848,-2.4833892831343234,1.665550503548206,0.5683826538545828,0.8924302788844621,1.2127650533293672,-0.004632885663863218,-0.0037029235560868123,1,410001.0,0.31485849056603776,269.0,269.0,0.9603535460842221,282.5,53.25,1,294.1625,15557.5,0.2484472049689441,1.066267183644695,1.0
2022-01-12,2022,0.36849000982640023,0.7107762856207009,0.09205658324265506,0.4094333442515558,0.1963377416073245,-0.022,3,0.414,1.430635227796765,-0.859646249590569,-1.069718309859152,2.882545856534557,1.3240815844341454,0.9087301587301587,1.1971830985915493,-0.005326467400556645,0.0008606547376120988,2,331946.0,0.00502092050209205,-47.25,47.25,0.4552898788077301,16.75,139.0,0,305.3,15936.25,0.31485849056603776,0.9603535460842221,1.0
2022-01-13,2022,0.2002872973527601,0.46542171147137285,0.06591448931116389,0.5483275189821465,0.625615763546798,-0.7739520958083832,2,0.05089820359281437,1.2548190560082213,-0.60710034886107,-0.8704617278883664,3.0496778165401164,1.1196521191890094,0.9007936507936508,0.6969012928380874,0.004210259066866562,0.0047732865251484125,3,299152.0,0.26189283925888834,-263.0,263.0,0.9111430330391955,19.75,277.5,1,304.5625,15820.75,0.00502092050209205,0.4552898788077301,0.0
2022-01-14,2022,-0.554641211323239,0.7973996050032917,0.07561436672967864,0.728275181040158,0.1771674744211093,0.5423728813559322,1,0.5853107344632769,1.3958702817157187,-1.642157669519423,-1.9368663594470048,1.929608294930876,1.2853086283216382,0.8888888888888888,1.435154707044108,-0.002035987101550063,-0.0033050934475000737,4,361261.0,0.04477611940298507,20.25,20.25,0.3464450296247531,63.25,105.25,0,303.8,15509.25,0.26189283925888834,0.9111430330391955,1.0
2022-01-17,2022,0.22947626910538124,0.49536390194335067,0.01617317740731525,0.21508107879249755,0.17455138662316477,-0.4645669291338583,2,0.31496062992125984,0.2306498091669632,-1.683009441551296,-2.0506880054193672,1.8569499132054672,1.2731950148317757,0.8809523809523809,0.74939667217071,0.002817542252716132,0.00215987309696386,0,66113.0,0.2982456140350877,-12.75,12.75,0.08891146957957576,26.25,24.5,0,295.2375,15567.75,0.04477611940298507,0.3464450296247531,0.0
2022-01-18,2022,-0.7627274398088586,1.2231207498621577,0.15502793296089384,0.597316669729829,0.2491638795986622,0.12,3,0.5815384615384616,1.1815704826296582,-1.6821815842676004,-2.0744716044844718,2.0728037125528394,1.2331081290454025,0.8095238095238095,0.24995405256386694,-0.007773793459841638,-0.004311399295979679,1,338683.0,0.08311345646437995,-89.5,89.5,0.5274765668075722,19.75,143.5,0,272.05,15367.0,0.2982456140350877,0.08891146957957576,0.0
2022-01-19,2022,-0.03772369692229839,1.0001380135253255,0.01588310038119441,0.4646455352624558,0.022988505747126436,-0.06534653465346535,2,0.10297029702970296,1.3921601462471829,-2.646501357132998,-3.019165478216863,1.02330588397663,0.8341200322849097,0.8055555555555556,0.7783962828357179,-0.013211709480615563,-0.0036008656465210676,2,399046.0,0.004226096143687269,-49.5,49.5,0.567695634172149,58.5,154.25,0,271.7125,15259.0,0.08311345646437995,0.5274765668075722,0.0
2022-01-20,2022,-0.15326030746086222,0.8010906868506418,0.08808290155440414,0.5942362841427296,0.44880174291938996,0.8481012658227848,2,0.9003164556962026,0.9444700719980309,-2.820177706736873,-3.254402707912182,0.7622020591415537,0.7948103118797551,0.7976190476190477,1.006064594988482,0.0018568380933794426,-0.001076042164348756,3,289711.0,0.32496350364963505,-289.25,289.25,1.1038503126322223,37.75,293.5,1,265.8875,15302.75,0.004226096143687269,0.567695634172149,0.0
2022-01-21,2022,-0.9830944505696434,0.7855567805953693,0.0009954651034177636,1.0529217199558984,0.14489311163895488,-0.05148342059336824,2,0.6945898778359512,1.6215775669979413,-3.2714994487320808,-3.813763322307976,0.0014470782800414274,0.6478067766448086,0.8095238095238095,1.217383314957736,0.006965671936081441,-0.00023229078829134497,4,497410.0,0.17059483726150393,-256.0,256.0,1.041896361631753,127.25,283.5,0,272.1,14731.25,0.32496350364963505,1.1038503126322223,1.0
2022-01-24,2022,-0.9809334828746442,1.636614614787335,0.12726808075645285,0.9930118195151412,0.1339031339031339,-0.2528236316246742,2,0.4943527367506516,1.6640423115713572,-4.609956000345097,-5.336071089638514,-1.8681131912690898,1.042651382182367,0.8571428571428571,1.417479078595462,0.005484526571570503,-0.0008255483639831862,0,523853.0,0.05584562996594779,114.5,114.5,1.4217927702527824,129.75,412.0,1,289.775,14118.25,0.17059483726150393,1.041896361631753,0.0
2022-01-25,2022,-0.04185091598231206,1.1655085281111812,0.08539614561027838,0.8472836386607706,0.06394316163410302,-0.13327120223671948,3,0.548928238583411,1.6618359479030602,-4.621801958307014,-5.537271004421984,-2.479725994946302,0.8660340561456545,0.9246031746031746,1.760897030953885,-0.0020881480509585826,3.505249425495016e-05,1,524163.0,0.0946542422756253,104.75,104.75,0.6869867340492735,217.5,169.0,0,316.6,14183.75,0.05584562996594779,1.4217927702527824,1.0
2022-01-26,2022,0.5708623909149804,1.715635837048893,0.1967575534266765,0.5030296101520522,0.06796116504854369,-0.4681818181818182,2,0.29393939393939394,1.3383516707542333,-3.953241111238138,-5.059121222514386,-2.230711482031935,1.1110472030929548,0.9444444444444444,1.1783087534773828,0.0005598330687927033,0.001427605555144873,2,433286.0,0.16082064857710127,-325.25,325.25,1.2148927251248047,243.75,398.5,1,328.0125,14398.5,0.0946542422756253,0.6869867340492735,0.0
2022-01-27,2022,0.7385314585996308,1.4003692657292999,0.03337131694611753,0.5744922596222127,0.1111111111111111,-0.4783683559950556,2,0.1433868974042027,1.3753356923127393,-3.9523860247123985,-5.205538985939499,-2.6910595085925313,1.046975416783885,0.996031746031746,1.824314728021588,-0.003901621309271186,0.00452781702219196,3,461170.0,0.14198885699814284,-254.0,254.0,0.7669365146996165,115.5,270.0,1,352.05,14236.5,0.16082064857710127,1.2148927251248047,1.0
2022-01-28,2022,0.2314610554895639,0.9577464788732394,0.029316563395912328,0.6563719667402003,0.10857142857142857,-0.5563598759048604,2,0.30093071354705275,1.255957061796751,-3.6830476836925183,-5.0964737824537565,-2.818024775156965,1.1001800228958654,1.0,1.2034617342609877,-0.004638223254344043,0.002231696842412423,4,429629.0,0.17130418322922583,284.0,284.0,1.0269811640929918,378.25,6.0,1,368.3125,13933.25,0.14198885699814284,0.7669365146996165,1.0
2022-01-31,2022,0.7054834713438091,0.507270000652018,0.045454545454545456,0.8026341527026146,0.46410066617320506,0.6173842404549147,0,0.8497156783103168,0.8861847057691545,-2.644976201343156,-4.173710634413511,-2.0992762600247787,0.9673684324556743,1.0,1.176240464236813,0.0012478540135225646,-0.005020799015532873,0,313144.0,0.08597580908793724,61.5,61.5,0.38990676142661534,149.5,27.5,0,383.425,14677.75,0.17130418322922583,1.0269811640929918,1.0
2022-02-01,2022,0.5060703666997026,0.36855797819623387,0.06303307676305388,0.5519078295341923,0.21320973348783315,-0.5959595959595959,2,0.3658810325476992,1.0577453150027452,-1.0021989593657068,-2.5861372646184324,-0.7128066154608507,1.1813056086527074,1.0,1.0183349851337957,0.005582155296240954,0.00450600217914332,1,373767.0,0.13798754506719108,109.5,109.5,0.3264370664023786,131.75,53.25,0,403.6,14810.75,0.08597580908793724,0.38990676142661534,0.0
2022-02-02,2022,0.6241913597778409,0.3982454479472372,0.056353591160221,0.38436050364479785,0.20076972418216807,-0.7881773399014779,4,0.14285714285714285,0.9542874557159727,-0.3951844488623822,-2.094796301555744,-0.2826848433210271,1.1609043425815218,0.996031746031746,0.5623402442487929,-0.009216146530627634,0.004512344033215876,2,350714.0,0.027695617101371337,56.5,56.5,0.26823187856985076,80.25,106.25,0,396.1125,15047.5,0.13798754506719108,0.3264370664023786,0.0
2022-02-03,2022,-1.0329002650119579,0.5041690905565251,0.10917838638045892,0.4285437269730464,0.24922600619195046,0.5279034690799397,2,0.6923076923076923,0.9697780220617446,0.16986620127981575,-1.5940275353887938,0.1680466679594083,0.8912453423759384,0.9920634920634921,0.612112985585935,0.0017432855714818452,-0.003070789734148427,3,356407.0,0.21418439716312057,-192.0,192.0,0.5849654191713529,22.5,226.25,0,386.775,14792.0,0.027695617101371337,0.26823187856985076,0.0
2022-02-04,2022,-0.20497712029085438,1.1596564909421425,0.12386156648451731,0.5842161348962578,0.28077141236528647,0.296137339055794,3,0.6620171673819742,1.039720935801085,-0.944994671848557,-2.7256566163104106,-1.10881338933116,1.381979548094581,0.996031746031746,0.6951670532188303,-0.005105746264612909,-0.004416899453805856,4,382112.0,0.2711910602343963,220.5,220.5,0.5829624522033473,232.5,145.25,0,398.825,14587.25,0.21418439716312057,0.5849654191713529,0.0
2022-02-07,2022,-0.24983686025915913,0.39712874056120073,0.03711100016641704,0.33870917622199437,0.21176470588235294,0.3871559633027523,3,0.6587155963302752,0.8641488915553944,-0.3189148876666365,-2.109182436841614,-0.592691339610328,1.351443934201981,0.996031746031746,0.9614368726888537,0.0046769685577252584,-0.0008085799859705034,0,326596.0,0.027675276752767528,-35.75,35.75,0.5089959914235108,9.25,204.75,0,402.2625,14760.0,0.2711910602343963,0.5829624522033473,0.0
2022-02-08,2022,-0.5335122356398952,0.3533320554597151,0.06813460739509763,0.30796754201009524,0.08375378405650857,-0.1950207468879668,4,0.2012448132780083,0.8203741898267821,-0.4521436329946978,-2.29589163631717,-0.8324931314293001,1.0826648845984497,0.9841269841269841,0.642131493195323,0.006302799793195257,0.0007802205065406964,1,301499.0,0.24658901830282862,220.0,220.0,0.6817455753625967,266.75,19.5,1,391.275,14492.0,0.027675276752767528,0.5089959914235108,0.0
2022-02-09,2022,0.5377845614262982,0.537135063163706,0.19084406294706724,0.25720131198649043,0.07535641547861507,0.06818181818181818,5,0.73989898989899,0.7230585730449177,-0.34666969765855876,-2.2964180170818045,-0.8882862988341516,1.0909101449335057,0.9761904761904762,0.7560159776572597,0.005666735088529995,0.0025650583155072404,2,259458.0,0.08370044052863436,36.0,36.0,0.25590231546130615,98.5,30.75,0,384.9125,14925.75,0.24658901830282862,0.6817455753625967,1.0
2022-02-10,2022,-0.5616644760042316,0.8732728496778123,0.27153762268266085,0.6552752220049369,0.5736885928393006,0.8561643835616438,0,0.8855185909980431,0.9740994443112971,0.4172089891962921,-1.5512839419100433,-0.24913602410797442,1.1145085594632482,0.9801587301587301,0.4404834417978392,0.009949109312159976,-0.0041571154110555675,3,349540.0,0.257185332011893,-211.5,211.5,0.6898983746353348,67.5,269.0,1,389.9125,14961.5,0.08370044052863436,0.25590231546130615,0.0
2022-02-11,2022,-0.12924176002597823,0.5487903880500081,0.007555789843612722,0.4591654489365157,0.18820224719101122,-0.2857142857142857,2,0.33804809052333806,0.9583595757369703,-0.02256859879850625,-2.0493326838772523,-0.8142717973697038,0.7447936629695879,0.9722222222222222,0.8741678843968177,0.012313364506410851,0.0036575996936918376,4,343892.0,0.34391976598412033,-377.0,377.0,1.1469394382204903,46.75,441.5,1,384.9375,14649.75,0.257185332011893,0.6898983746353348,1.0
2022-02-14,2022,-0.1599054255848681,0.6613987058237929,0.0041928721174004195,0.3826530612244898,0.003762227238525207,0.16910569105691056,5,0.33983739837398375,0.9006039984670233,-1.0530114484818327,-3.0618715778994527,-1.9736902687904416,0.9528320215536102,0.9920634920634921,1.3899950223992035,-0.007645276690251168,-0.006372248042002537,0,318418.0,0.009850972467794898,11.25,11.25,0.39696366351418616,159.5,132.25,0,401.8,14234.5,0.34391976598412033,1.1469394382204903,1.0
2022-02-15,2022,0.5487509095318942,0.850715498423478,0.1323915900131406,0.18736357021586222,0.06946688206785137,0.2524271844660194,4,0.6019417475728155,0.686830118183451,-0.9329068639340303,-2.9641886975503278,-1.9984022556390972,0.9631382104543059,1.0,0.7076158137278681,0.004826922418989188,0.0011292112554417422,1,242836.0,0.1487676056338028,95.0,95.0,0.24557361144797477,101.25,63.5,0,412.3,14491.5,0.009850972467794898,0.39696366351418616,0.0
2022-02-16,2022,-0.17551292138231556,0.4163892755552866,0.07243510506798517,0.32681716395327726,0.3006451612903226,-0.5888888888888889,0,0.3962962962962963,0.7109476313106243,-0.022604853840100796,-2.085747140349815,-1.1827301337529497,1.165944118961754,1.0,0.398837983417055,0.006106583462928916,0.003958397225967025,2,251363.0,0.24490477781490144,179.5,179.5,0.5005144344247413,206.75,49.5,0,413.075,14434.5,0.1487676056338028,0.24557361144797477,0.0
2022-02-17,2022,-0.36647787503407336,0.4300814731804828,0.1032234697573343,0.3894963200775358,0.52453653217012,-0.6920684292379471,1,0.10108864696734059,0.7530895932047514,0.11615228518641912,-1.9607232637732082,-1.1303722324862933,1.0559463961038262,0.996031746031746,0.6305842444801163,-0.0014865926979364952,0.001098396546184599,3,263677.0,0.2886734244160423,-153.25,153.25,0.38707332586243454,57.25,159.75,0,412.7125,14351.5,0.24490477781490144,0.5005144344247413,0.0
2022-02-18,2022,0.01497858062969953,0.40861567957820316,0.050314465408805034,0.40561996345226325,0.29238754325259514,-0.8183161004431314,2,0.0827178729689808,0.9620109274634633,-0.7837991671909152,-2.836008507833799,-2.119957460831013,1.139009145563507,1.0,0.7291573050537731,0.009651568126738175,0.007123060856394692,4,336826.0,0.02495201535508637,11.0,11.0,0.38345166412030796,77.75,160.0,0,417.2625,14066.0,0.2886734244160423,0.38707332586243454,0.0
2022-02-21,2022,-0.5299731307328824,0.9450569813768183,0.006010418057967143,0.2007473980048797,0.06769825918762089,-0.10461538461538461,1,0.6307692307692307,0.308188834665836,-1.0584329349269606,-3.110781679483614,-2.4935637295778137,0.997612256489633,0.9841269841269841,0.7788999042589332,-0.0022348413819974766,0.00038184417151787553,0,106854.0,0.393526405451448,-119.75,119.75,0.3366379443466444,6.0,136.25,0,404.7375,13854.0,0.02495201535508637,0.38345166412030796,0.0
2022-02-22,2022,0.38126219908913467,0.973975276512687,0.11937196952205033,0.6421600520494469,0.38004750593824227,0.6798378926038501,1,0.7558257345491388,0.8364902940718477,-1.9419973975276503,-4.042199089134678,-3.523975276512686,1.096612487203567,0.9404761904761905,0.43266102797657774,-0.005378375151261938,-0.006590258559918016,1,284707.0,0.03511303511303511,-68.75,68.75,0.8796356538711776,4.25,338.0,1,384.25,14048.5,0.393526405451448,0.3366379443466444,0.0
2022-02-23,2022,0.03962711534089064,0.4079644005586774,0.044062438253309626,0.6392308441874818,0.6082317073170732,-0.75,1,0.10264227642276423,1.1217505599754003,-1.2609867801344714,-3.2803585929125947,-2.8933738266151305,0.9628196887116145,0.9404761904761905,1.0348523727547343,0.0026057782388551054,0.0035995374646057288,2,372097.0,0.3142857142857143,-265.5,265.5,0.7438204436937669,54.0,286.25,1,384.8375,13810.5,0.03511303511303511,0.8796356538711776,1.0
2022-02-24,2022,-1.2464458110163328,1.301329101368776,0.13353068245459637,1.1221318521457384,0.3279383429672447,0.7719505008839128,0,0.807307012374779,1.5236606564147708,-2.363585267473383,-4.349018051973813,-4.100601732460489,0.9811762272354217,0.9285714285714286,1.3410037690934338,-0.00799994262506365,-0.012162658009520877,3,505415.0,0.26710563985113084,419.75,419.75,1.1465978972426105,433.5,93.25,1,378.075,13401.25,0.3142857142857143,0.7438204436937669,1.0
2022-02-25,2022,0.441460556734332,0.8822877410773665,0.0526439759745613,0.4667954523862305,0.009027081243731194,-0.048846675712347354,4,0.8371777476255088,1.1029601068399901,-1.5442568958419112,-3.360965259524337,-3.233806251385502,1.1130520156013253,0.9603174603174603,1.9659879025873264,-0.0004571447148791208,0.0054119034768469465,4,365864.0,0.14008459815874597,117.0,117.0,0.48199638977736964,190.25,46.75,0,394.7125,13986.25,0.26710563985113084,1.1465978972426105,1.0
2022-02-28,2022,-0.1551530694021478,0.9706683763423626,0.12084726867335563,0.3346690174707485,0.08931419457735247,0.6091954022988506,4,0.7298850574712644,0.9821471099842936,-0.8247154992787297,-2.574104824491104,-2.560105786183683,1.215822616849203,0.9523809523809523,0.8834749158518993,0.005093002554454662,-0.0022496964586755652,0,325789.0,0.11964873765093303,-78.0,78.0,0.4366084308382754,170.25,127.0,0,389.9375,14122.25,0.14008459815874597,0.48199638977736964,0.0
2022-03-01,2022,0.3499866417312316,0.687282928132514,0.02499650886747661,0.336628372962864,0.044802867383512544,0.42658730158730157,6,0.6507936507936508,0.9681771180334688,-0.9239580550360663,-2.7438551963665496,-2.8350120224418927,1.1501982271099531,0.9166666666666666,0.7941490782794549,-0.007812807843865954,-0.005916669500643623,1,321155.0,0.1575040593829738,-172.75,172.75,0.7086561581619022,19.25,265.25,1,374.3,14229.0,0.11964873765093303,0.4366084308382754,0.0
2022-03-02,2022,0.029052492571805876,0.6140640475404424,0.03071867409629947,0.472763288213932,0.04608294930875576,-0.11871508379888268,4,0.5321229050279329,0.9387708178452907,-0.7676130736216592,-2.599352921756356,-2.782575107296137,1.1025802227009225,0.9206349206349206,0.8167712116209971,0.007696576020832069,0.004919232211561875,2,306220.0,0.17099697885196374,199.75,199.75,0.6266094420600858,237.25,33.25,1,378.625,14046.0,0.1575040593829738,0.7086561581619022,1.0
2022-03-03,2022,0.2765700088267024,0.6093693811500867,0.13068058273537725,0.5943312955637647,0.7521739130434782,-0.8998899889988999,0,0.08690869086908691,0.7125469901567988,-0.1522769623067125,-1.9889764294354184,-2.2695217234953757,0.5855819470711134,0.9206349206349206,0.8695936447742653,5.2269474474564426e-05,0.007329358909143435,3,230489.0,0.10510344827586207,-137.0,137.0,0.389682565628167,67.75,149.0,0,382.3625,14147.0,0.17099697885196374,0.6266094420600858,1.0
2022-03-04,2022,-0.2029334940727346,0.9088473645435672,0.052998310810810814,0.5445047217199116,0.4253393665158371,-0.6063960639606396,2,0.09225092250922509,0.8505049462688388,-0.7085258857410767,-2.555542160605452,-2.963930748107963,0.7984184772914805,0.9047619047619048,0.9550599424017147,0.0030227679980165956,0.0030002044572426945,4,271980.0,0.07284427284427285,-46.0,46.0,0.33085526756412836,123.5,77.5,0,373.275,13811.0,0.10510344827586207,0.389682565628167,0.0
2022-03-07,2022,0.17946364841439788,0.8721661398320928,0.09494255909150931,0.8626491281737535,0.7177814029363785,-0.7501970055161544,2,0.09613869188337273,0.9435416993522648,-1.2435675197987823,-3.1207232928860327,-3.675779205329525,0.709653431029568,0.8968253968253969,0.7124163012813977,0.010820496235495192,0.005108613297654219,0,294686.0,0.2361304711458043,-215.25,215.25,0.5995717344753747,50.5,220.5,0,367.7625,13593.0,0.07284427284427285,0.33085526756412836,0.0
2022-03-08,2022,-0.23850197109067017,0.8337713534822602,0.005881723879798952,0.6563731931668857,0.19328493647912887,-0.6076076076076076,4,0.04504504504504504,1.280549069553527,-2.0427398160315393,-3.8680683311432307,-4.5672568988173445,0.8714595068921718,0.9166666666666666,1.3331143232588698,0.007124921802080908,0.0017775066020950803,1,389107.0,0.16632499658329916,320.5,320.5,1.3955321944809462,531.0,16.25,1,380.5,13135.25,0.2361304711458043,0.5995717344753747,0.0
2022-03-09,2022,0.37629111711425395,1.1498490386143334,0.1794812143771083,0.38518989353249644,0.2990936555891239,0.18976897689768976,3,0.8976897689768977,0.872771109026348,-1.6181789289686972,-3.3887176227554443,-4.21709518512633,0.9131142136825761,0.9563492063492064,1.3913872556809153,0.0061100489422512005,-0.0007031992398873754,2,272583.0,0.147396293027361,136.75,136.75,0.3864611473065311,152.0,52.0,0,393.3125,13632.5,0.16632499658329916,1.3955321944809462,1.0
2022-03-10,2022,-0.519488757096191,0.6882116012812788,0.11566661678886728,0.3678919158922965,0.12418300653594772,-0.6155172413793103,6,0.0603448275862069,0.9358348355367428,-0.6681044051885465,-2.4484729314008433,-3.4142272684025228,1.064197044303875,0.9563492063492064,0.7307094605309061,0.0065796748866526755,0.006165743126260059,3,292279.0,0.12472035794183445,118.5,118.5,0.4065839967016587,160.25,79.0,0,394.1375,13475.25,0.147396293027361,0.3864611473065311,0.0
2022-03-11,2022,0.29737664551567383,1.0272437415159263,0.0705596107055961,0.5543454241247593,0.6876310272536688,-0.9191343963553531,0,0.023917995444191344,0.42219914595627267,-0.9622438993591583,-2.7338194904820527,-3.840149004009219,1.0462443103953645,0.9603174603174603,0.6042238848375794,0.0028321499407122364,0.00736227214409535,4,126851.0,0.17661241711874623,-114.25,114.25,0.2992707642769202,71.25,118.5,0,395.9625,13509.75,0.12472035794183445,0.4065839967016587,0.0
2022-03-14,2022,-0.378241372587249,0.5738610515370117,0.07127856701667697,0.48872424774160006,0.22641509433962265,0.3324468085106383,3,0.5718085106382979,0.3335803668021092,-1.391824267238577,-3.174783908494184,-4.464840449730294,1.0815835795542192,0.9166666666666666,0.8650159225320075,-0.008746801805055604,-0.000918310666738309,0,97900.0,0.2506122448979592,-217.5,217.5,0.7558328459088841,70.5,290.75,1,384.675,13312.5,0.17661241711874623,0.2992707642769202,0.0
2022-03-15,2022,0.16011832036524984,0.6301845540479712,0.04038349796629866,0.5375860073307183,0.3048973143759874,0.5741626794258373,1,0.8911483253588517,0.4182735802948425,-2.0020898977557695,-3.739463700083595,-5.183142563179217,0.9731989537630374,0.9325396825396826,0.9549225130216706,-0.003625094839857068,-0.0037639417239432316,1,120669.0,0.10621009866511898,112.0,112.0,0.34338627740981287,133.5,15.75,0,388.775,13277.25,0.2506122448979592,0.7558328459088841,1.0
2022-03-16,2022,0.5962636724421643,0.8530958603555641,0.12657290895632864,0.6504694608459974,0.7293906810035843,0.9206349206349206,2,0.9454365079365079,0.24940986436412668,-1.0950859871583905,-2.8449262736747003,-4.438586132352465,1.159648661267166,0.9285714285714286,0.82534765914884,-0.0012450460819608544,-0.00761978231770577,2,71953.0,0.06298533218291631,-69.75,69.75,0.9931274803987997,15.75,384.75,1,387.4125,13852.25,0.10621009866511898,0.34338627740981287,0.0
2022-03-17,2022,0.2334703611886905,0.47761006684030505,0.0712372790573112,0.4889070198010481,0.20293847566574838,0.30937098844672656,0,0.582798459563543,0.1942473474226411,0.026547839457748086,-1.6746728590705098,-3.3325289484419636,1.1663591693710358,0.9642857142857143,1.0054288135061349,0.005698868690869219,0.001190317590638701,3,56039.0,0.11072862880091795,90.5,90.5,0.40292465559983687,160.5,89.5,0,398.3375,13935.75,0.06298533218291631,0.9931274803987997,1.0
2022-03-21,2022,0.8786943657939108,1.1802882321127477,0.12141280353200883,0.607641650494703,0.5951265229615745,-0.5287958115183246,1,0.07225130890052356,0.8282038039051207,0.6691693443196621,-0.9857029236789363,-2.7614640664270036,1.1772935250286742,0.9404761904761905,0.6973562816148633,0.0024404238379542864,0.005471257755830683,0,238931.0,0.010526315789473684,51.5,51.5,0.5344701428435084,210.0,61.5,0,392.9125,14245.25,0.11072862880091795,0.40292465559983687,0.0
2022-03-22,2022,0.23423310578067263,0.39017974572555897,0.012827365045430252,0.6068766831590154,0.6720751494449189,0.9318885448916409,2,0.9969040247678018,0.9369197365823898,1.3087931358426754,-0.22605373583015115,-2.046834095321601,1.011590958312745,0.9682539682539683,0.7089622346088807,-0.007141522029395997,-0.008468498770154875,1,261068.0,0.10037799244015119,52.0,52.0,0.1709776413853573,68.25,44.0,0,399.175,14616.0,0.010526315789473684,0.5344701428435084,0.0
2022-03-23,2022,-0.3407495241364246,0.3925484444721815,0.12619718309859154,0.36009610884014104,0.324577861163227,0.42980935875216636,5,0.9202772963604853,1.075063252525615,2.114394483102943,0.7391393890223737,-1.1232658283146617,0.238952772320438,0.9682539682539683,0.7732393047711175,-0.005716008665365924,-0.002256543011655232,2,299561.0,0.12013165112452003,-110.25,110.25,0.31516210565731584,89.25,126.25,0,400.5875,14593.5,0.10037799244015119,0.1709776413853573,0.0
2022-03-24,2022,0.10209941930955269,0.3165081998596133,0.07481501781309947,0.3126794716355051,0.007069913589945012,-0.1836734693877551,7,0.5510204081632653,1.0520764363685289,1.6261246889158338,0.35276625614191803,-1.628345351285814,0.8308532906579293,0.9285714285714286,0.5666517771680174,-7.104524066048334e-06,0.002724262393084098,3,297139.0,0.29568627450980395,189.25,189.25,0.4990109118754387,195.5,14.25,0,391.775,14500.75,0.12013165112452003,0.31516210565731584,0.0
2022-03-25,2022,0.19232035829546204,0.38925113613910295,0.009915356711003628,0.24764539287360865,0.10740740740740741,0.10372340425531915,3,0.8324468085106383,0.8222114427948773,2.0722518606336053,0.971968649147071,-1.145751827702036,0.7993100974090236,0.8690476190476191,0.6928801949548837,-0.0006122142132314323,0.0021048989048255695,4,232218.0,0.08359522313010685,-61.5,61.5,0.5275637225844695,34.75,200.25,0,379.575,14772.75,0.29568627450980395,0.4990109118754387,0.0
2022-03-28,2022,0.11984965605276222,0.43543011133962134,0.015932521087160263,0.46025104602510464,0.0612668743509865,0.39599383667180277,1,0.41756548536209553,0.9514564889645459,2.1652719665271967,1.1548542656549174,-1.1840117722147345,0.8417901551445757,0.8412698412698413,0.6666193886958373,-0.007448031117299081,-0.0033614116977029873,0,259064.0,0.15364412344057782,117.75,117.75,0.35458478122119,125.0,116.75,0,352.525,14817.75,0.08359522313010685,0.5275637225844695,0.0
2022-03-29,2022,0.6126788481637655,0.6263740224168379,0.17747611865258925,0.5377157890943165,0.45706371191135736,-0.36193029490616624,1,0.2546916890080429,1.0424727229067552,2.727357912567127,1.8546004973510675,-0.5695786931920581,0.8223818474112121,0.8293650793650794,0.6970122896168955,0.014582616078322452,0.001527617313941354,1,277844.0,0.2815158546017015,158.25,158.25,0.4887014812412153,169.5,46.5,0,346.8375,15080.5,0.15364412344057782,0.35458478122119,0.0
2022-03-30,2022,-0.2099511072763877,0.3882657463330457,0.05685251304586652,0.2530917457578372,0.061262959472196045,0.4914772727272727,6,0.7670454545454546,0.8219635004727529,3.4209807305148128,2.7403508771929816,0.2866120218579254,0.7268601682686876,0.8293650793650794,0.6241012366983032,-0.004919392727032235,-0.003393649929870124,2,219073.0,0.28844404003639673,-141.0,141.0,0.4651998849582974,26.0,161.75,0,347.7,15209.0,0.2815158546017015,0.4887014812412153,0.0
2022-03-31,2022,0.03583836167489486,0.31742548912049734,0.026953258273626747,0.3627719875662827,0.06484641638225255,-0.26411290322580644,5,0.657258064516129,0.9722147454876839,2.832364234777841,2.3002669592247216,-0.22375205704882276,0.6864148253274477,0.8174603174603174,0.5492777473029804,0.004042756686385318,0.0017359136030853373,3,252840.0,0.019455252918287938,-18.75,18.75,0.2552569025415981,48.25,87.25,0,341.8125,15047.5,0.28844404003639673,0.4651998849582974,0.0
2022-04-01,2022,-0.39085740106186695,0.2507813382535678,0.02268041237113402,0.3795609443837783,0.09702970297029703,-0.30158730158730157,3,0.4365079365079365,0.9800314121397762,2.6802349662989022,2.2611740783974095,-0.36103475543171404,0.6987682778232164,0.7976190476190477,0.4081786346349362,0.005105585567190096,-0.0015212441074475835,4,250841.0,0.05953735305271141,-51.0,51.0,0.4081786346349362,37.75,135.5,0,331.9625,14861.0,0.019455252918287938,0.2552569025415981,0.0
2022-04-04,2022,0.26040085028849075,0.4160340115396295,0.05810575246949448,0.5602793805040995,0.640625,0.7506775067750677,0,0.8143631436314364,0.8683620366318685,1.916147889462494,1.6275280898876394,-1.038760249013056,0.8482691556446466,0.7936507936507936,0.6270877619192226,-0.013361828660230946,-0.006105000632457891,0,222259.0,0.18409236690186018,99.0,99.0,0.33783783783783783,111.25,10.25,0,329.3,15034.25,0.05953735305271141,0.4081786346349362,0.0
2022-04-05,2022,-0.08427389014296463,0.29721595184349137,0.08566853482786228,0.6027088036117382,0.5912129894937918,-0.7528089887640449,2,0.09612983770287141,1.1183983513374536,2.6661399548532754,2.546380737396538,-0.06980812641083631,0.9475852419705628,0.7976190476190477,0.7870579382994732,-0.0032106206824426,0.00767847787776943,1,281658.0,0.15172413793103448,-131.5,131.5,0.41008276899924756,30.75,136.25,0,332.25,14954.5,0.18409236690186018,0.33783783783783783,0.0
2022-04-06,2022,-0.6847405112316034,0.876839659178931,0.26727370112479915,0.5840433772269559,0.6601466992665037,-0.7108753315649867,0,0.06896551724137931,1.1221904340247102,1.559450038729667,1.6234856700232365,-1.0415027110766861,0.9409827675169167,0.7777777777777778,0.9829589465530596,0.002262903417308615,0.005156949038631398,2,282613.0,0.09368376430690971,125.25,125.25,0.5716498838109992,184.5,72.5,0,322.75,14468.0,0.15172413793103448,0.41008276899924756,0.0
2022-04-07,2022,-0.39856359259697727,0.5374689238783,0.03904606032265607,0.46959472791129003,0.03225806451612903,0.40672268907563025,5,0.45714285714285713,1.229595716336332,0.6840692948186733,0.9096247188350901,-1.7900122331399737,0.9362623036241805,0.7658730158730159,0.8113334122568171,-0.00840238809428917,-0.0028944256940552915,3,309662.0,0.15244755244755245,99.25,99.25,0.6605895584231088,100.75,209.25,1,316.7625,14527.5,0.09368376430690971,0.5716498838109992,0.0
2022-04-08,2022,-0.5026517850075201,0.5738937702841764,0.07782898105478751,0.5208580701337766,0.02001906577693041,-0.3434650455927052,3,0.6033434650455927,1.0772929691610365,0.65641573656297,0.9833452069975478,-1.6936950843030134,0.988814791512522,0.7579365079365079,0.9815562415894878,0.0019595476806987255,0.0032925955469236268,4,271306.0,0.02711750920656177,-21.75,21.75,0.27388585450803454,86.5,73.5,0,315.825,14411.5,0.15244755244755245,0.6605895584231088,1.0
2022-04-11,2022,-0.7406519654841803,0.8045701502077341,0.14056224899598393,0.4306487695749441,0.07282051282051281,-0.3821892393320965,4,0.32838589981447125,1.1067004711315296,-0.2220757430488951,0.2090763822307449,-2.465260466602746,0.9918906457666907,0.753968253968254,0.5936401406200065,0.01200909640685388,0.0003232850679570909,0,278712.0,0.008748906386701663,-35.0,35.0,0.23170341962288274,25.0,72.5,0,312.9,14106.5,0.02711750920656177,0.27388585450803454,0.0
2022-04-12,2022,0.40757841108103804,1.2147747174016876,0.13711886069015886,0.524597993950008,0.15625,-0.05614567526555387,2,0.46889226100151743,1.0687081952866162,-1.3422623786021346,-0.7957809266040466,-3.4619925171151102,0.5335774017348901,0.753968253968254,0.5190256328610093,0.008253331863548041,0.0019462577128113168,1,273538.0,0.29590017825311943,-300.0,300.0,0.9879000159210316,11.75,310.25,1,314.05,14190.25,0.008748906386701663,0.23170341962288274,0.0
2022-04-13,2022,0.1998413957176844,0.5511498810467883,0.00761787111385629,0.6233148295003965,0.46883005977796754,0.6819338422391857,0,0.8435114503816794,1.0089400382979705,-2.0382236320380627,-1.3138302934179207,-4.01330689928628,0.5161079878296346,0.753968253968254,1.2616970658207771,-0.00563324912692309,-0.0061290997169398675,2,262391.0,0.3532870122928915,134.0,134.0,0.4417129262490087,139.25,45.0,0,315.25,14087.25,0.29590017825311943,0.9879000159210316,1.0
2022-04-14,2022,0.008700466661393657,0.378074824013288,0.011469142545057346,0.6794273511033774,0.7045203969128997,-0.729918509895227,1,0.16414435389988358,0.9620849006321412,-1.1172981096258787,-0.2189511982915445,-2.950545756545124,1.0393578900886091,0.7579365079365079,0.9649608479000238,0.009043529305680531,0.0066884236933255625,3,251806.0,0.181073703366697,-127.0,127.0,0.44293284821640433,19.0,140.0,0,316.075,14067.25,0.3532870122928915,0.4417129262490087,0.0
2022-04-18,2022,-0.2929124913789606,0.5363300742423628,0.02464604090194022,0.568785751957483,0.21959183673469387,0.7375178316690443,4,0.8687589158345221,0.9653096039995491,-2.0837762181021553,-1.0610734715404284,-3.9265122317335415,1.0903185299218647,0.7380952380952381,1.0369589029980932,-0.011936166220095967,-0.0039051091127135784,0,252650.0,0.08989157047918853,-66.75,66.75,0.6272059718446995,17.75,193.25,1,308.1125,13979.25,0.181073703366697,0.44293284821640433,0.0
2022-04-19,2022,-0.12366544375283399,0.631518199431139,0.07868383404864092,0.8796735232284925,0.6003184713375797,0.8219306466729147,2,0.9765698219306467,1.0229760114927817,-2.1900325652335226,-1.1243002596974327,-4.068292180221775,1.1078898020238652,0.7142857142857143,0.7131373923080093,-0.0009319133259653167,-0.004403842036599714,1,267743.0,0.14794404408647732,112.0,112.0,0.37182076755018756,112.75,13.25,0,303.2375,14094.25,0.08989157047918853,0.6272059718446995,1.0
2022-04-20,2022,0.1492288453522301,0.8461859107961651,0.13453650533223954,0.7761567319716548,0.34922089825847846,-0.5596133190118152,0,0.359828141783029,1.1572885345969133,-1.2199249687369762,-0.11721550646102422,-3.125077115464776,1.1585412006636335,0.7103174603174603,1.2446852855356398,0.009384375769271314,0.007632171805628363,2,306759.0,0.1136586963642319,-88.25,88.25,0.5418924551896623,28.0,162.5,0,299.875,14120.75,0.14794404408647732,0.37182076755018756,0.0
2022-04-21,2022,0.4745419234991134,0.47032002026513553,0.10337496678182301,0.56489065270624,0.3946360153256705,0.05530642750373692,1,0.3976083707025411,1.0187719483757507,-1.7151059697711704,-0.6588364434687174,-3.738849953559063,1.2213563724055185,0.7063492063492064,1.0520982859072872,-0.006246850892339895,1.4833074788889178e-05,3,274584.0,0.49956659924877206,-458.25,458.25,1.5984125643840243,10.25,473.25,1,296.075,14182.25,0.1136586963642319,0.5418924551896623,0.0
2022-04-22,2022,0.0047820196062803855,0.5316011795648362,0.018842530282637954,0.6216625488164501,0.26406926406926406,-0.5076923076923077,5,0.22564102564102564,1.289099877747663,-2.4813501235355053,-1.5423766637443221,-4.497126803219891,1.0637104765077523,0.7420634920634921,1.8299195026699608,0.0014578921240927523,-0.0007259223538027548,4,347444.0,0.2053544265287496,-178.0,178.0,0.8001912807842512,46.0,251.0,1,313.675,13626.5,0.49956659924877206,1.5984125643840243,1.0
2022-04-25,2022,-0.4982456140350877,0.5497076023391813,0.006048127654098572,0.6814814814814815,0.36585365853658536,0.7231121281464531,4,0.9668192219679634,1.3787614855050283,-3.093216374269008,-2.2738089668616013,-5.237563352826513,1.0709270319791662,0.7738095238095238,1.2538011695906432,-0.009547957871622659,-0.010947249304068762,0,371610.0,0.02611238771673282,-55.5,55.5,0.6432748538011696,46.25,206.25,1,320.625,13446.75,0.2053544265287496,0.8001912807842512,1.0
2022-04-26,2022,0.16394716394716394,0.4887334887334887,0.0653113087674714,0.8811188811188811,0.6468619246861924,-0.9294532627865961,0,0.04673721340388007,1.2581142492162893,-3.0552059052059075,-2.3593317793317787,-5.374405594405595,1.0663706780904894,0.7738095238095238,0.8003108003108003,0.007560344398045649,0.009460924453043362,1,342738.0,0.05471847739888977,-71.75,71.75,0.26262626262626265,49.5,84.5,0,321.75,13180.5,0.02611238771673282,0.6432748538011696,1.0
2022-04-27,2022,-0.2657299938912645,0.9896151496640196,0.0591745400298359,0.9911423335369579,0.2440347071583514,-0.11787365177195686,1,0.1633281972265023,1.4377966948963916,-3.586362248014659,-3.1103695784972487,-6.11749389126451,0.4722115299175474,0.7777777777777778,1.0835369578497251,-0.0018300609719499317,6.245274276617252e-06,2,394044.0,0.0015334063526834612,56.75,56.75,0.7567196090409286,247.75,8.25,1,327.4,12983.5,0.05471847739888977,0.26262626262626265,0.0
2022-04-28,2022,0.5237877401646844,0.6534004269594389,0.02420929324482624,0.7250686184812444,0.4486414844267727,-0.6971608832807571,2,0.014721345951629864,1.4720263007140746,-3.454559316864898,-3.2410033546813066,-6.28825480329369,0.6054685395629903,0.7777777777777778,0.9896309850564197,-0.00994775470232967,0.002320222646569614,3,403425.0,0.5238095238095238,453.25,453.25,1.4600487953644405,478.75,12.75,1,327.9,13046.25,0.0015334063526834612,0.7567196090409286,1.0
2022-04-29,2022,-0.6182560513269175,0.8858267716535434,0.041189931350114416,0.6342957130358705,0.26964173475801384,-0.2747126436781609,3,0.054022988505747126,1.2973778953760735,-1.7354184893554994,-1.6965150189559657,-4.655395158938464,1.2977158611905273,0.8174603174603174,1.4333624963546225,0.0030282786505926307,-0.0016317545599533467,4,358917.0,0.35398230088495575,-286.5,286.5,0.8493729950422865,29.5,291.25,1,342.9,13227.75,0.5238095238095238,1.4600487953644405,1.0
2022-05-02,2022,-0.2765767620616293,0.5806053119209389,0.04118526573331521,0.8283576967950038,0.37711250603573154,0.5791217895608948,3,0.903893951946976,1.401581098202973,-2.8795552810376797,-3.037622675176723,-5.890560016471074,1.4567102034989614,0.8412698412698413,1.3643538535447122,0.0007447838580418864,-0.006158350246576738,0,392702.0,0.05903723887375113,-101.5,101.5,0.839338411914076,18.0,305.75,1,364.275,13015.25,0.35398230088495575,0.8493729950422865,1.0
2022-05-03,2022,0.43460434604346043,0.4619379527128604,0.021406727828746176,0.5029383627169605,0.09532710280373832,0.12364130434782608,4,0.6929347826086957,1.262779763624216,-2.683169331693319,-3.029492961596283,-5.918662019953534,1.464101365334473,0.8412698412698413,0.9149924832581658,0.003312930258939639,0.0015682084519648143,1,356275.0,0.08562367864693446,28.0,28.0,0.3245865791991253,88.5,118.75,0,365.85,13095.5,0.05903723887375113,0.839338411914076,1.0
2022-05-04,2022,-0.04550625711035268,0.20339917950839453,0.006660323501427212,0.5178060468162857,0.6497584541062802,-0.9001331557922769,2,0.06125166444740346,0.8854305939203084,-1.8516909711448952,-2.4256765608301456,-5.370631226945219,1.5081104514869932,0.8333333333333334,0.5957182748991623,0.00037941351743131513,0.006608706496842309,2,260924.0,0.3146198830409357,487.75,487.75,1.3603612921019066,493.25,56.0,1,362.5875,12938.0,0.08562367864693446,0.3245865791991253,0.0
2022-05-05,2022,-0.22248204442959746,0.5745782528812426,0.15900735294117646,0.9787873726407216,0.9936507936507937,-0.9726962457337884,0,0.016382252559726963,1.1228765533483098,-0.7998329714381169,-1.5262401870719904,-4.378095874394522,1.5115195827796988,0.8531746031746031,1.4678470018373142,0.006615278262542823,0.010880586375272006,3,330896.0,0.17478278440088907,-263.0,263.0,0.7108735593786537,15.5,266.0,1,374.1875,12986.25,0.3146198830409357,1.3603612921019066,1.0
2022-05-06,2022,0.09340677038039102,0.48120591361484205,0.06949977866312528,0.8271330563339454,0.003952569169960474,-0.22819314641744548,1,0.5202492211838006,1.4002767589034117,-2.3404193641897777,-3.2169807066705305,-6.00315328373112,1.5198696324290228,0.9087301587301587,1.613682481399169,-0.008398964381167384,0.00039647464013292666,4,431580.0,0.044559250887956085,-82.5,82.5,0.6261474538602764,243.0,93.5,1,388.0875,12686.25,0.17478278440088907,0.7108735593786537,1.0
2022-05-09,2022,-0.39431424301205203,0.7479250802938278,0.08937763219466542,0.6258148631029987,0.35700697526949904,-0.4684959349593496,3,0.0975609756097561,1.0832064360822076,-2.3573313829618106,-3.4321747702483556,-6.199195471746113,1.330927079794609,0.9325396825396826,1.0430247718383312,-0.0030153727585178203,0.003093489619856671,0,345356.0,0.021687883074021686,-13.75,13.75,0.31545139440964165,85.25,124.0,0,393.0875,12333.5,0.044559250887956085,0.6261474538602764,1.0
2022-05-10,2022,0.4476484291380722,1.0495498331549455,0.1548939755652296,0.5294969464207014,0.1396713615023474,-0.3816884661117717,2,0.3816884661117717,1.1702675340021436,-2.788232701630676,-4.037322923880881,-6.816882830699488,1.3609682796830993,0.9523809523809523,0.8713719070704528,0.001381526165239788,6.325956549335654e-05,1,394166.0,0.06305418719211822,48.75,48.75,0.6226783353270793,102.0,247.25,1,397.075,12417.25,0.021687883074021686,0.31545139440964165,0.0
2022-05-11,2022,-0.5494160492276781,1.1390179580560091,0.050872743547665224,0.8344844907698105,0.2587532023911187,0.3152746425884123,3,0.6192626034612491,1.2885187198260704,-2.211760642973752,-3.576855456486249,-6.400480346603039,1.315793448223469,0.9523809523809523,0.9475072208966471,0.001837702287563081,0.0012964949266642822,2,443311.0,0.2540037885310832,-333.0,333.0,0.8784377747080246,62.75,349.75,1,398.15,12352.0,0.06305418719211822,0.6226783353270793,1.0
2022-05-12,2022,-0.5676801591742834,0.7846794752222844,0.090427293805896,0.8798109805384567,0.3825315273236805,0.4367491166077738,1,0.7137809187279152,1.225695727482679,-3.0692035068084293,-4.552931666977556,-7.412345333582044,1.046792072711027,0.9722222222222222,1.1844805073680285,0.0007797015760788728,-0.00809964302956212,3,424581.0,0.1745447857274232,-195.5,195.5,0.6366971336193497,187.5,256.0,0,402.075,11945.25,0.2540037885310832,0.8784377747080246,1.0
2022-05-13,2022,0.9394078846448842,0.7804878048780488,0.14957193218062784,0.6724957815615892,0.688034188034188,0.7308394160583942,1,0.9781021897810219,0.8874451307979463,-3.3863475993250507,-5.040625862862401,-7.935164902592422,0.79868592928558,0.9841269841269841,1.0885105077465869,-0.0003065503780921297,-0.004920541266376421,4,312256.0,0.06829394962347442,67.75,67.75,0.28102469703942323,97.75,114.5,0,407.4375,12332.75,0.1745447857274232,0.6366971336193497,0.0
2022-05-16,2022,-0.2097532314923619,0.6304347826086957,0.10032362459546926,0.40481786133960046,0.024198086662915026,-0.1320754716981132,4,0.4949201741654572,1.0708080924346224,-1.5322855464159795,-3.2105405405405385,-6.038877790834311,1.3894969338001026,1.0,0.8595769682726204,0.008125930246270174,0.002160149640321851,0,376774.0,0.0029239766081871343,12.0,12.0,0.26380728554641597,112.25,98.75,0,425.5,12288.5,0.06829394962347442,0.28102469703942323,0.0
2022-05-17,2022,0.44739704282900733,0.7384108880331579,0.21438142027690935,0.3157059290396543,0.3693181818181818,-0.6163873370577281,3,0.0521415270018622,0.7861497332184924,-1.5788529939151668,-3.3672829889179585,-6.246244745583352,1.3372541420861277,0.996031746031746,0.4961933037420265,0.004200660003554124,0.0012802654945123226,1,281124.0,0.2294723696534499,143.25,143.25,0.39037008730415357,166.0,76.0,0,425.2375,12408.0,0.0029239766081871343,0.26380728554641597,0.0
2022-05-18,2022,-0.43545508625817964,0.561570493753718,0.20603015075376885,0.28494943486020224,0.42488262910798125,-0.6889352818371608,3,0.04801670146137787,0.9017774248034094,-0.8040154669839399,-2.7528138013087466,-5.694292088042833,1.3727627630325918,0.9920634920634921,0.5758477096966091,0.0050730368941251935,-0.001068195573269537,2,322472.0,0.38873239436619716,-351.75,351.75,0.8762641284949435,31.5,368.25,1,420.25,12285.75,0.2294723696534499,0.39037008730415357,0.0
2022-05-19,2022,-0.1581254117849265,0.5700535678478329,0.018323901913230935,0.4886991893208055,0.06850618458610847,0.41735052754982416,4,0.7432590855803048,1.1512460989496527,-1.9484087198143736,-3.999530207109916,-6.862628548511845,1.422676358181223,1.0,1.1051591280185624,0.0013127756635513688,-0.00287172155707327,3,411681.0,0.06295884315906562,23.25,23.25,0.28187573405139077,123.0,103.0,0,436.3625,11954.0,0.38873239436619716,0.8762641284949435,1.0
2022-05-20,2022,0.11500044458934763,0.5062390705118706,0.09815950920245399,0.42028512996828593,0.2872531418312388,-0.6050775740479548,4,0.2397743300423131,0.9662503918404111,-1.706333916239367,-3.965559145202879,-6.960481934852841,1.361833235730827,0.9880952380952381,0.6674768072556981,-0.003782879590543242,0.0017401134106120875,4,352936.0,0.29125,-355.25,355.25,1.0130709268205933,19.5,427.25,1,421.7375,11918.5,0.06295884315906562,0.28187573405139077,0.0
2022-05-23,2022,0.7492946275342506,0.43922161784810493,0.020598648213710977,0.4502748771052096,0.06841505131128849,0.15762273901808785,6,0.6821705426356589,1.1929743869836433,-2.4185985630762947,-4.752447715174962,-7.753302888391169,0.9833236695158236,0.996031746031746,1.3077750952616423,-0.005417119981131702,0.0008044375904836532,0,435750.0,0.09213483146067415,77.0,77.0,0.3217080194304663,138.25,79.0,0,429.7375,11915.75,0.29125,1.0130709268205933,1.0
2022-05-24,2022,-0.3987313094698686,0.4128908019936566,0.015484922575387123,0.6150883552333485,0.5480607082630692,-0.6767955801104972,0,0.20902394106813996,0.9801886933508769,-1.2232385591300408,-3.581298142274581,-6.539853307657453,1.2007342086530184,1.0,0.6122564567285909,-0.0030884759882789936,0.004539268396284268,1,360558.0,0.0852510460251046,82.5,82.5,0.3942002718622565,174.0,43.75,0,441.4,11633.0,0.09213483146067415,0.3217080194304663,0.0
2022-05-25,2022,0.003937118591636435,0.4972018335723727,0.07864741641337386,0.4825782502320088,0.43956043956043955,0.9463869463869464,4,0.9895104895104895,1.0528255928130068,-1.681768328693157,-4.104581118704124,-7.080719367811244,1.1224566640658413,1.0,0.6108158272167383,0.004288129057215206,-0.004777113551214018,2,388141.0,0.12453900709219858,106.75,106.75,0.3357799713152788,113.0,149.25,0,444.4875,11920.25,0.0852510460251046,0.3942002718622565,0.0
2022-05-26,2022,-0.25532872166919746,0.3869298689612508,0.003436426116838488,0.6675665035712277,0.5746268656716418,0.7464195450716091,0,0.7952822240943556,0.7828820666945148,-0.8669084978347659,-3.355435577301616,-6.34574827062595,0.9877085929327706,1.0,0.7316798830212025,-0.00670141797685897,-0.007625379470810545,3,288622.0,0.21449641803624103,147.5,147.5,0.46903998650244644,208.5,3.5,0,444.525,12135.0,0.12453900709219858,0.3357799713152788,0.0
2022-05-27,2022,0.28325889071069144,0.48623282636965004,0.11136493432324386,0.41216712839938935,0.6082474226804123,0.9423868312757202,2,0.9753086419753086,0.7608575697557246,-0.15607508339458523,-2.7453836150845263,-5.770026007802341,1.0526507317048148,0.9920634920634921,1.005258099168881,-0.003554646306145326,-0.004286844557079839,4,273709.0,0.1456548347613219,62.0,62.0,0.16226607112568553,65.75,71.75,0,442.175,12579.5,0.21449641803624103,0.46903998650244644,0.0
2022-05-30,2022,0.26668209296271655,0.4847713533682353,0.07202216066481995,0.091979290197553,0.04310344827586207,0.11949685534591195,8,0.6163522012578616,0.12127789875745118,0.7056951956729247,-1.9254794203569277,-5.0444393023457605,0.7924180511968375,0.9801587301587301,0.563445463222746,0.00047313531987036583,0.00040716480751079587,0,43468.0,0.2017167381974249,40.5,40.5,0.17412431666329214,75.25,11.0,0,432.1625,12761.5,0.1456548347613219,0.16226607112568553,0.0
2022-05-31,2022,-0.2922240188152286,0.5421137733352932,0.07697025452315241,0.49095987064530355,0.03394762366634336,-0.4251497005988024,1,0.5221556886227545,0.8462700099124238,1.107893576363369,-1.521999118036161,-4.722663530795237,0.7065272431728733,0.9642857142857143,0.2346023813023666,0.0008795252984359347,0.003798423584344457,1,300092.0,0.07283414260158447,81.5,81.5,0.4215787152726738,179.25,24.0,0,425.1875,12589.0,0.2017167381974249,0.17412431666329214,0.0
2022-06-01,2022,0.14610484483665478,0.3751972415405295,0.0564755838641189,0.5534451522412484,0.592619926199262,-0.6156282998944034,5,0.0031678986272439284,0.8652569412222967,0.8467360177663483,-1.7441645724972255,-4.974627432645666,0.5307685885957765,0.9722222222222222,0.6738355443866519,-0.003615054103260129,-0.001792818842985655,2,302101.0,0.04251968503937008,54.0,54.0,0.30974227105370816,78.25,132.5,0,427.775,12587.25,0.07283414260158447,0.4215787152726738,0.0
2022-06-02,2022,-0.33135317472163345,0.40180303889668345,0.0382031905961377,0.4531478551598555,0.10301331464611072,0.22661396574440051,2,0.544137022397892,0.7685581390020221,0.88883250246276,-1.7548583539807174,-5.12398280545688,0.5538991231896204,0.9484126984126984,0.8800262694408788,0.002057562188791051,-0.005819392694145109,3,268339.0,0.4135618479880775,303.5,303.5,0.7677841129585957,321.5,13.5,1,418.7375,12545.5,0.04251968503937008,0.30974227105370816,0.0
2022-06-03,2022,-0.4348900420064245,0.6788979490980974,0.22137767220902613,0.30145787002718066,0.3486766398158803,-0.35040983606557374,3,0.17008196721311475,0.8097013856667411,1.417469730664689,-1.2216209537929317,-4.762345564615767,0.5727016908766097,0.9206349206349206,1.0495428712626638,0.004010628123720106,0.0037975043504790973,4,282704.0,0.07786752827140549,-110.0,110.0,0.3144304423029405,16.5,127.25,0,404.7,12630.25,0.4135618479880775,0.7677841129585957,1.0
2022-06-06,2022,0.5510585305105853,0.5952677459526775,0.16529351184346036,0.34184308841843086,0.22491349480968859,0.36065573770491804,1,0.8579234972677595,0.7119108512970406,0.6203611457036132,-1.942079701120799,-5.5872820672478225,0.6168838702117355,0.9007936507936508,0.5691158156911582,-0.008142722549873915,-0.0006317348785320753,0,237717.0,0.3039832285115304,-211.5,211.5,0.6425902864259029,16.75,258.0,1,401.5,12791.0,0.07786752827140549,0.3144304423029405,0.0
2022-06-07,2022,-0.3072167549835983,0.4762805955084532,0.11420828493999226,0.5570275044158466,0.6757990867579908,0.7746319365798414,0,0.9818799546998868,0.7575307848401205,0.7452371940449145,-1.710471864748929,-5.476435150138785,0.5782135892492826,0.873015873015873,0.700227100681302,-0.0003802495826883412,-0.0038672402862520716,1,240413.0,0.04257167680278019,56.75,56.75,0.19492808478425436,77.25,67.0,0,396.3,12628.75,0.3039832285115304,0.6425902864259029,1.0
2022-06-08,2022,-0.031239042427719868,0.2505498708998757,0.02275132275132275,0.3978196423448408,0.25229681978798585,0.5048076923076923,2,0.7980769230769231,0.8810903106825511,0.9954735265053694,-1.3435593382423272,-5.230113799368844,0.5859986002986252,0.8412698412698413,0.7497370182652768,-0.007523118940430451,-0.0036178843765855007,2,270652.0,0.18632855567805953,-132.25,132.25,0.44117178285677855,22.5,173.0,0,392.1375,12752.0,0.04257167680278019,0.19492808478425436,0.0
2022-06-09,2022,-0.20406815480121515,0.5230484744419496,0.059668012561686856,0.44115704662528066,0.1796157059314954,0.5898203592814372,4,0.8068862275449101,1.0231470641472087,0.7781666886804932,-1.4271034209483544,-5.555375775987318,0.6234315775990528,0.7658730158730159,0.5402192576938317,-0.00636354086979507,-0.004983595523662565,3,308066.0,0.3622516556291391,-254.75,254.75,0.6769251089684322,24.25,256.25,1,378.55,12641.0,0.18632855567805953,0.44117178285677855,0.0
2022-06-10,2022,-0.9290722761596548,0.9155879180151024,0.16658556366585564,0.6405070118662352,0.3197625106022053,-0.6431578947368422,2,0.15368421052631578,0.6543051812292737,0.07888349514563106,-1.9420037756202786,-6.262243797195255,0.5685247453372256,0.746031746031746,0.7780474649406688,0.003014172285247918,0.00306356224928106,4,197009.0,0.009244501115715651,24.0,24.0,0.1786677454153182,61.0,66.25,0,370.8,11889.0,0.3622516556291391,0.6769251089684322,1.0
2022-06-13,2022,-1.2234971741736598,1.0131871895872582,0.14365947383978717,0.528857681109779,0.5439814814814815,-0.2966321243523316,3,0.1411917098445596,0.5973970382902394,-1.149854427127933,-3.0992430210652526,-7.61132043158075,0.7872497407706497,0.7301587301587301,0.7323171775989039,-0.01146810022181266,-0.0009979782821567529,0,175848.0,0.07339449541284404,-78.0,78.0,0.3295084774790204,120.25,91.5,0,364.9375,11409.25,0.009244501115715651,0.1786677454153182,0.0
2022-06-14,2022,0.1412208772614864,0.4952492515944293,0.023634131368937997,0.41715475725628015,0.2631578947368421,-0.6661466458658346,2,0.16380655226209048,0.5507503596895643,-2.4805739945333865,-4.277508785630613,-8.68931407002473,0.8884257033012313,0.7857142857142857,0.6696602889496291,0.0005377236474032321,0.003072882095442875,1,157329.0,0.07741007194244605,-58.25,58.25,0.3761551477287518,144.5,58.75,0,384.15,11278.75,0.07339449541284404,0.3295084774790204,0.0
2022-06-15,2022,0.6206692719450921,0.41903385767298285,0.08108108108108109,0.2988407605661555,0.014084507042253521,0.06813186813186813,4,0.3208791208791209,0.25408260782810516,-2.6196184033365078,-4.40235131851171,-9.003116482217333,0.7279139829190407,0.7738095238095238,0.5339726117368888,0.004307605480116328,0.0007810756840507249,2,72582.0,0.09787588504789671,111.0,111.0,0.6712423237332108,255.5,125.75,1,380.6375,11464.5,0.07741007194244605,0.3761551477287518,0.0
2022-06-16,2022,-0.7468075148759777,1.349869626261951,0.1932551319648094,0.3924583806913151,0.34139784946236557,-0.7342419080068143,2,0.131175468483816,0.3137058264274918,-1.6693187136457865,-3.358293775489737,-8.16094136524704,1.2552989388936577,0.7420634920634921,1.0195894898709634,-0.004992714006534449,0.00447646865024065,3,87275.0,0.05984827198651307,-86.0,86.0,0.4051614628601992,19.25,151.5,0,373.925,11188.5,0.09787588504789671,0.6712423237332108,1.0
2022-06-20,2022,0.6819210135091461,0.810548768663952,0.0586145648312611,0.13444509081507336,0.2907801418439716,0.3076923076923077,2,0.9471153846153846,0.19105703751738276,-2.723708874668734,-4.289147437140455,-9.054708810031673,1.2550880609804573,0.8075396825396826,0.7213496218731821,0.0006190285819382968,0.00028014445146418154,0,52002.0,0.5127610208816705,47.75,47.75,0.13121323767048026,50.75,13.5,0,386.775,11382.25,0.05984827198651307,0.4051614628601992,0.0
2022-06-21,2022,0.13526119402985076,0.3951226012793177,0.07153885743695317,0.5163912579957356,0.5286195286195287,0.8490322580645161,0,0.8748387096774194,1.1140705503431412,-1.9171108742004246,-3.3781982942430706,-8.404734141791042,1.4429501520860826,0.746031746031746,0.26652452025586354,-0.008184301960728169,-0.005094474730844567,1,300237.0,0.039153439153439155,-18.75,18.75,0.1832356076759062,33.25,68.75,0,375.2,11645.25,0.5127610208816705,0.13121323767048026,0.0
2022-06-22,2022,-0.4296485007057528,0.7160808345095879,0.07918504515858013,0.7649671222501464,0.7781919850885368,0.8622862286228623,2,0.9486948694869487,1.0848789682944613,-1.3894378076909817,-2.797493717079218,-8.08779908424278,1.2254498384194121,0.7023809523809523,0.5584053430646883,-0.005093950590536078,-0.0036938260950625246,2,292370.0,0.10577547047371837,-51.25,51.25,0.39315591971632186,36.5,142.75,0,363.0875,11710.0,0.039153439153439155,0.1832356076759062,0.0
2022-06-23,2022,0.008397186942374305,0.688569329274693,0.0724821570182395,0.40446450439102904,0.08647450110864745,-0.03806228373702422,3,0.7837370242214533,1.1659860739789718,-1.3138798502501652,-2.617767048038906,-8.072950561561878,1.2081364500434415,0.6944444444444444,0.8397186942374305,0.0003536471493300608,-0.0006515969858429393,3,314228.0,0.014357501794687724,37.0,37.0,0.30579755781813095,87.5,109.25,0,357.2625,11656.25,0.10577547047371837,0.39315591971632186,0.0
2022-06-24,2022,0.4436847915108784,0.5433892390414129,0.13908872901678657,0.6957946088380871,0.5927889713679746,0.7993858751279427,0,0.842374616171955,1.2842960272063912,-1.1913613217961032,-2.440736388562478,-8.062009044617737,1.118209131216079,0.6825396825396826,0.571876224050137,0.0017805687954133287,-0.0031030941020122604,4,346112.0,0.05784204671857619,5.0,5.0,0.21365238756543103,13.25,75.0,0,351.0375,12044.25,0.014357501794687724,0.30579755781813095,0.0
2022-06-27,2022,0.3998133725729462,0.5476797186232638,0.04038772213247173,0.5548576965868715,0.10283400809716599,-0.5459249676584734,3,0.32470892626131953,1.4056783879508192,-0.1451387144241446,-1.3131392886623847,-7.052700714208807,0.5579471873570421,0.6785714285714286,0.7012884470444676,0.0065084434479611986,0.0035650223486561883,0,378824.0,0.03680501174628034,-28.5,28.5,0.22538850805728025,68.75,78.5,0,348.2875,12083.0,0.05784204671857619,0.21365238756543103,0.0
2022-06-28,2022,0.025689958896065766,0.5534351145038168,0.0006606474344857961,0.6378449794480329,0.7624602332979852,-0.45109321058688145,1,0.0379746835443038,1.3460224753289016,-0.04682912507340201,-1.2166324133881392,-7.145768496770402,0.5520033063337448,0.6468253968253969,0.6136230182031709,0.0049257324264453395,0.004042474860477818,1,362747.0,0.388671875,-274.5,274.5,0.843364650616559,26.25,287.25,1,340.6,11965.25,0.03680501174628034,0.22538850805728025,0.0
2022-06-29,2022,-0.06185856881765781,0.30226346126810066,0.013513513513513514,0.51455082243779,0.2889210716871832,0.12295081967213115,3,0.6953551912568307,1.4343641344812381,-0.9113946295515275,-2.06298327006889,-7.814069309714606,0.9024274506921314,0.6904761904761905,1.395332489807395,-0.014061637108053526,-0.0017324046479949562,2,396857.0,0.01680672268907563,-17.5,17.5,0.24532546042457473,57.75,87.25,0,355.65,11691.25,0.388671875,0.843364650616559,1.0
2022-06-30,2022,-0.338302752293578,0.6751720183486238,0.10687326181962654,0.6801892201834863,0.20059880239520958,-0.41938883034773444,1,0.4446786090621707,1.2056614548319708,-0.8351490825688053,-2.007024082568805,-7.963195240825688,0.9042035970647234,0.6746031746031746,0.5303899082568807,0.0082565332510518,0.005301803131817273,3,333580.0,0.07319347319347319,43.75,43.75,0.6565366972477064,229.0,47.5,1,348.8,11456.25,0.01680672268907563,0.24532546042457473,0.0
2022-07-01,2022,-0.05762028233938346,0.5027369634111207,0.011738578680203046,0.5834053586862575,0.09527073337902674,-0.24320987654320989,2,0.07530864197530865,1.4141637571472976,-1.1754177470469584,-2.371506770383174,-8.44511307980409,0.9387894061552475,0.6587301587301587,0.9636992221261883,-0.00017133330742502562,-0.000933416163893086,4,391268.0,0.21875,152.0,152.0,0.4595217516565831,159.5,29.5,0,347.1,11430.75,0.07319347319347319,0.6565366972477064,1.0
2022-07-04,2022,-0.042322542322542324,0.43881793881793885,0.02835741037988229,0.11805761805761807,0.2767857142857143,-0.5849056603773585,0,0.3522012578616352,0.11167606255890546,-0.7779180279180258,-2.071799821799824,-8.40144045144045,0.6310691017911285,0.6309523809523809,0.6437481437481438,-0.001008048821446006,-0.0007398229304744763,0,32111.0,0.08438818565400844,5.25,5.25,0.08761508761508761,29.5,12.0,0,336.7,11545.25,0.21875,0.4595217516565831,0.0
2022-07-05,2022,-0.2997127106141781,0.9845484897895799,0.10978282526399681,0.4200636695395605,0.335016835016835,0.4288354898336414,3,0.911275415896488,1.4042399764129998,-0.7630639024769004,-2.148815901855733,-8.83498718844631,0.62847448026734,0.5833333333333334,0.13510365711623573,-0.00641691316658044,-0.009170237366382117,1,395309.0,0.23318385650224216,259.25,259.25,0.8409037968786396,270.75,44.25,1,321.975,11512.0,0.08438818565400844,0.08761508761508761,0.0
2022-07-06,2022,0.16658388415542733,0.4454972681771291,0.0014084507042253522,0.39735605394872575,0.07519181585677749,-0.1423076923076923,9,0.4115384615384615,1.46588548565913,0.047300653345051354,-1.3409697016008868,-7.969476177740417,0.5364295283513096,0.5873015873015873,1.2042945019676765,-0.005568613049559246,0.0005218337763170933,2,434347.0,0.16213560432361612,142.0,142.0,0.44396897566194166,145.25,54.0,0,327.1625,11807.25,0.23318385650224216,0.8409037968786396,1.0
2022-07-07,2022,-0.09382026827944483,0.3915639295960301,0.013026819923371647,0.41637590137241215,0.27212020033388984,0.8286778398510242,0,0.8342644320297952,0.9168259896794854,0.7142358688067003,-0.7366829495231437,-7.484488640769173,0.5808358287682561,0.5793650793650794,0.6179731720555167,0.003412330806193964,-0.004161868797470714,3,278854.0,0.3485793485793486,126.75,126.75,0.3993176707761495,128.75,17.5,0,322.425,12030.25,0.16213560432361612,0.44396897566194166,0.0
2022-07-08,2022,-0.43101121862832026,0.5482092601873626,0.09462315097440714,0.4818998419368518,0.3177083333333333,0.7088,4,0.9568,1.0804582584665865,1.4223370214734548,-0.037349165349475556,-6.753213308146036,0.3745213195409879,0.5833333333333334,0.7425112764563013,-0.003321897814302366,-0.004006915567981384,4,328623.0,0.038000684697021565,47.25,47.25,0.2744901499672308,83.0,89.0,0,324.2375,12128.0,0.3485793485793486,0.3993176707761495,0.0
2022-07-11,2022,-0.3881003305463737,0.4930974139607233,0.07739152499365644,0.6517596733424071,0.33534743202416917,-0.5859188544152745,1,0.3568019093078759,1.1225440016925292,1.5243243243243254,0.10149718063387128,-6.706863698230603,0.4190462940112521,0.5634920634920635,0.7233132412988528,-0.00046775719409619665,0.007023580676548624,0,344882.0,0.10217290799815072,-36.75,36.75,0.23954890141940502,77.0,45.75,0,321.4375,11927.75,0.038000684697021565,0.2744901499672308,0.0
2022-07-12,2022,0.1688888888888889,0.6270707070707071,0.053293112116641526,0.7135353535353536,0.1408891671884784,-0.22310305775764439,2,0.4043035107587769,1.1606608685371882,0.6685252525252549,-0.7454383838383865,-7.8332,0.7795622111397186,0.5158730158730159,0.6771717171717172,0.00904236501544553,0.005357114038990196,1,373066.0,0.1215780998389694,-115.0,115.0,0.45656565656565656,48.25,141.25,0,309.375,11894.0,0.10217290799815072,0.23954890141940502,0.0
2022-07-13,2022,-0.7996589940323956,1.773231031543052,0.1545439551377206,0.6947996589940324,0.26507856056766343,0.8098159509202454,4,0.9177914110429448,1.2628151790312034,0.2470161977834612,-1.09096334185848,-8.593482523444159,0.8589623718715923,0.46825396825396826,0.9300937766410913,-0.0030262369476548034,-0.007387726727620336,2,418120.0,0.09918200408997956,110.0,110.0,0.49445865302642794,145.0,13.75,0,293.25,11709.5,0.1215780998389694,0.45656565656565656,0.0
2022-07-14,2022,-0.5906152241918665,0.5472367049009385,0.06963087248322147,0.5781021897810219,0.10970464135021098,-0.4184704184704185,2,0.34054834054834054,0.9113170671312468,0.2769134515119892,-0.8453639207507799,-8.22339103232534,0.7739168872572861,0.4801587301587302,1.107820646506778,-0.0003041478619529858,0.0014265447976271606,3,309147.0,0.30581735456613585,223.75,223.75,0.8767466110531804,262.75,23.5,1,299.6875,11570.0,0.09918200408997956,0.49445865302642794,0.0
2022-07-15,2022,0.4444635488308115,0.6585281980742779,0.0959929546455306,0.46939477303988997,0.0211864406779661,0.26556776556776557,4,0.7747252747252747,0.9972673487977219,0.1593019257221483,-0.8475068775790918,-8.511550034387897,0.5877598385248203,0.4523809523809524,1.106430536451169,-0.004139624769234573,0.0010612203042439372,4,338304.0,0.07159353348729793,19.0,19.0,0.1702200825309491,40.75,49.5,0,290.8,11959.25,0.30581735456613585,0.8767466110531804,1.0
2022-07-18,2022,0.5333941189879189,0.5543651698199225,0.09513203945275214,0.35286072486893094,0.0528169014084507,0.20671834625322996,4,0.5633074935400517,0.7263468513699051,0.6821518121723287,-0.17161613859129352,-8.30271711875997,0.9153880358828392,0.4087301587301587,0.5343059038067016,0.0027704621745139324,-0.002226771645579606,0,248115.0,0.3200863930885529,-199.75,199.75,0.8324595395486665,40.5,228.25,1,274.1875,12144.5,0.07159353348729793,0.1702200825309491,0.0
2022-07-19,2022,0.42682645770914956,0.6434662364600138,0.16481187069422362,0.39087347315049553,0.18899521531100477,0.20754716981132076,5,0.8490566037735849,0.8244577611367915,0.47126065913804754,-0.248444342014289,-8.471901359760311,0.6377589073972714,0.3888888888888889,0.9974648536529154,0.01101312549701916,0.003144246372745574,1,281629.0,0.3235563703024748,179.75,179.75,0.7301221479603596,198.0,5.5,1,271.1875,12082.5,0.3200863930885529,0.8324595395486665,1.0
2022-07-20,2022,0.09617129377608419,0.6133188169116313,0.0335973777656378,0.6205770277626564,0.5210084033613446,0.7587719298245614,2,0.9502923976608187,0.8176806901780774,1.5006804572672863,0.91190346579568,-7.140469061876246,0.8256862413672423,0.4087301587301587,1.045182362547632,-0.0011669399571285766,-0.005988169726883763,2,279314.0,0.0634478489631693,58.25,58.25,0.3592814371257485,99.0,61.0,0,275.55,12418.5,0.3235563703024748,0.7301221479603596,1.0
2022-07-21,2022,0.02466879853814527,0.6030150753768844,0.0416379112031286,0.6130653266331658,0.1691616766467066,-0.5692995529061102,4,0.08643815201192251,1.0165255142816159,2.145682960255822,1.7014527181361334,-6.365925079945178,0.8234837168332615,0.3968253968253968,0.9556875285518501,0.00011185668571012108,0.002403243081803619,3,347238.0,0.2620056497175141,225.25,225.25,0.9191411603471905,251.5,2.0,1,273.625,12388.0,0.0634478489631693,0.3592814371257485,0.0
2022-07-22,2022,-0.022572344363685614,0.3476141032007584,0.07555555555555556,0.5570854588957609,0.060655737704918035,-0.233387358184765,2,0.18314424635332252,0.9604945918488439,2.4472484312220644,2.1314613335741024,-5.755853008893501,0.6811233016036852,0.4087301587301587,0.9606789761184596,-0.007025008166791524,0.001294324937493485,4,331848.0,0.22372528616024975,-160.0,160.0,0.8180217597399666,41.5,226.5,1,276.8875,12571.0,0.2620056497175141,0.9191411603471905,1.0
2022-07-25,2022,0.04999318274780711,0.4135799663682225,0.017513134851138354,0.566286415488797,0.4306930693069307,-0.6163723916532905,2,0.25842696629213485,0.910481186675371,1.662591464800253,1.362359678225699,-6.485479252829159,1.1154654892967941,0.4007936507936508,1.2816434122619642,0.006458177888992389,0.004075270300643918,0,311014.0,0.1259920634920635,-51.75,51.75,0.283597691223924,78.0,62.25,0,275.0375,12328.75,0.22372528616024975,0.8180217597399666,1.0
2022-07-26,2022,0.005484962062345735,0.3044153944601883,0.038685381718589526,0.47536337873663037,0.4119601328903654,-0.8346153846153846,2,0.0673076923076923,0.7969560221704937,1.1414206051741462,0.8891854831337419,-6.966541731419688,1.1951067708773013,0.38492063492063494,0.6499680043879696,0.004474353461616953,0.005041757886630416,1,267731.0,0.14299021891010713,-73.5,73.5,0.34829509095895417,33.75,95.25,0,273.475,12170.0,0.1259920634920635,0.283597691223924,0.0
2022-07-27,2022,0.7938725372127752,0.5433787754708801,0.07749535027898326,0.6098559660869984,0.5042735042735043,0.5781990521327014,1,0.7440758293838863,0.7563673305000691,0.42916325449202475,0.257237824558023,-7.988173804133144,1.1160663928405972,0.3333333333333333,0.8343369141095428,-0.006392005629741071,-0.0044684665856988826,2,251654.0,0.2573781743308167,207.25,207.25,0.8892528541837275,230.75,6.25,1,259.4875,12394.0,0.14299021891010713,0.34829509095895417,0.0
2022-07-28,2022,0.019880715705765408,0.5286463039942165,0.03367957192319799,0.7410084944876199,0.5265526552655265,-0.6597560975609756,0,0.10853658536585366,1.0623206772136853,2.0594162298933645,2.062172420025303,-5.62933309235496,1.4840468385351038,0.40476190476190477,1.2597144406289535,-0.0007429689187641308,0.003225434266775684,3,350816.0,0.4071881606765328,270.5,270.5,1.060003614675583,293.25,0.25,1,276.65,12471.5,0.2573781743308167,0.8892528541837275,1.0
2022-07-29,2022,0.22125498730504173,0.5386289445048966,0.08679446219382321,0.6755531374682626,0.6047745358090185,0.4563758389261745,1,0.7718120805369127,1.0114509191168122,2.3517863619876707,2.5211824446862536,-5.096749183895539,1.5355640554424768,0.4007936507936508,1.1443598113891913,-0.0054112235699614875,-0.0005251046737619891,4,334017.0,0.11443746982134234,82.5,82.5,0.36906057308668844,88.25,101.75,0,275.7,12888.0,0.4071881606765328,1.060003614675583,1.0
2022-08-01,2022,-0.26303895869113264,0.43026303895869117,0.057068741893644616,0.7827894784416524,0.38422818791946306,0.4618937644341801,0,0.6766743648960739,0.9674308183099637,2.919642050076833,3.2675585284280952,-4.215899846334632,1.4090849588039596,0.4007936507936508,0.8388321431799693,-0.007432623315238418,-0.0040383085729740476,0,319480.0,0.043666769897801175,-9.0,9.0,0.4004338786947483,110.75,100.25,0,276.575,12997.75,0.11443746982134234,0.36906057308668844,0.0
2022-08-02,2022,-0.43400583903438056,0.5586300056647349,0.10568654646324549,0.47670922480282363,0.03063063063063063,0.24314442413162707,4,0.56672760511883,1.0747754254161046,2.627870495446423,3.114610658416489,-3.9612662861126875,1.288209343833338,0.42857142857142855,0.8967711011373044,0.00023761915086062402,-0.0024628425754535943,1,354929.0,0.08410596026490066,70.0,70.0,0.6954551396575014,199.5,18.75,1,286.8625,12897.5,0.043666769897801175,0.4004338786947483,0.0
2022-08-03,2022,0.09163293447800365,0.531115163916196,0.07345199298069692,0.6547751434544727,0.23161361141602635,0.5407608695652174,1,0.5625,0.9559178222813719,2.394110582269471,3.0344557626440083,-4.076184333437124,1.0812839135401464,0.4126984126984127,0.9857212757439616,-0.008343331717031166,-0.006078523296627836,2,315678.0,0.39943342776203966,182.5,182.5,0.7286152751212135,204.75,32.0,1,281.0125,13092.75,0.08410596026490066,0.6954551396575014,1.0
2022-08-04,2022,-0.001738828029907842,0.4460093896713615,0.04836759371221282,0.46426708398539385,0.28233151183970856,-0.5168539325842697,3,0.0018726591760299626,1.0579954112232162,3.179360111284995,3.927230046948355,-2.87668666318901,0.6550057976367973,0.43253968253968256,1.0719874804381846,0.0016409805888524254,0.0015282236110145675,3,342845.0,0.22512680452594616,132.0,132.0,0.46861415406016343,134.75,21.25,0,287.55,13205.75,0.39943342776203966,0.7286152751212135,1.0
2022-08-05,2022,-0.7747628502095742,0.9794837855724685,0.2264673311184939,0.6909331568497684,0.36330498177399756,0.698595146871009,2,0.719029374201788,0.9929247461281419,3.2391352305316565,4.114043679682328,-2.661707478491063,0.6827486724946789,0.4126984126984127,0.5506287227001986,0.0035056760022182942,-0.0023913026091724188,4,327899.0,0.13182527301092042,-73.0,73.0,0.5982792852415619,18.0,169.5,0,283.3125,13255.0,0.22512680452594616,0.46861415406016343,0.0
2022-08-08,2022,0.29106577558916635,0.63665142455153,0.07701215981470759,0.6603939500527611,0.26176470588235295,0.4673768308921438,1,0.6431424766977364,0.9592586248971197,2.5029897995075636,3.4886387618712615,-3.1623285262047105,0.7832433512518303,0.42063492063492064,0.7896588111150193,0.003463804695440942,-0.003433431862407632,0,316434.0,0.2595465393794749,-194.75,194.75,0.8160393950052761,34.5,232.0,1,284.3,13352.5,0.13182527301092042,0.5982792852415619,0.0
2022-08-09,2022,-0.19866672553088166,0.5545009050373052,0.11602527283170591,0.49181051609200477,0.005813953488372093,-0.4272890484739677,3,0.4955116696588869,1.0299036576719356,2.2039203567171453,3.380848527658826,-3.2193766279634484,0.8588373826351493,0.40476190476190477,1.0560240165997086,-0.0016629714540824514,0.003876168963576898,1,333369.0,0.019250253292806486,-17.25,17.25,0.2781334157432343,25.5,78.75,0,283.1375,13042.0,0.2595465393794749,0.8160393950052761,1.0
2022-08-10,2022,1.130808487778673,1.402990419912257,0.2774744837408023,0.42080759244337,0.02321262766945218,-0.3702127659574468,4,0.5063829787234042,0.9790679030367064,1.5354105112364593,2.9359477124183035,-3.695183096069479,0.9339294009752579,0.39285714285714285,0.533619840630316,0.0072621837613716655,0.0018913736879049292,2,316914.0,0.12906846240179573,61.25,61.25,0.33127406213627003,92.5,7.25,0,279.225,13297.0,0.019250253292806486,0.2781334157432343,0.0
2022-08-11,2022,0.46820063198184164,0.50024478169923,0.1330166270783848,0.4263652142952512,0.4178272980501393,0.3778705636743215,1,0.6597077244258872,0.8694362297570373,2.439939472161646,4.057270016467132,-2.44576527660332,0.9424030222887619,0.39285714285714285,0.541190084115893,0.005401199337470741,-0.00011185655708367825,3,276652.0,0.33586337760910817,-230.25,230.25,0.8794338866883261,13.5,247.0,1,280.8625,13535.0,0.12906846240179573,0.33127406213627003,0.0
2022-08-12,2022,0.35105001567187566,0.37702055254556033,0.09531502423263329,0.36985626651144043,0.17413972888425444,0.2397094430992736,5,0.6634382566585957,0.9579757194442436,1.9925222764518846,3.8427976536963215,-2.6089105807549346,0.9401631271475286,0.38492063492063494,1.0307616531590023,0.00026763537991048025,-0.0010194083458101577,4,304825.0,0.4218635363169479,131.0,131.0,0.489858057582949,136.75,42.25,0,279.1625,13427.5,0.33586337760910817,0.8794338866883261,1.0
2022-08-15,2022,-0.08161092876785239,0.28829947662556554,0.029411764705882353,0.3557172003903131,0.04434589800443459,0.543640897755611,4,0.5511221945137157,0.8220441210835118,2.5937195067861274,4.656524438924867,-1.6443670717643926,0.9647013555093763,0.3968253968253968,0.7282888317218132,-0.0018775234302985666,0.0002593491889897326,0,260320.0,0.28283445326817347,99.75,99.75,0.3778940832076643,106.5,48.75,0,281.825,13590.0,0.4218635363169479,0.489858057582949,0.0
2022-08-16,2022,-0.17276468725973498,0.22251368097327123,0.04813729593972373,0.4893491927095111,0.721958925750395,-0.8595194085027726,0,0.009242144177449169,0.8487466606036492,2.803943738410747,5.138383609967888,-1.1629822260413374,0.9377569002387295,0.35714285714285715,0.5852290715028718,0.001335789697600065,0.006597391730058577,1,268776.0,0.12489660876757651,85.75,85.75,0.7769888290895934,214.75,3.0,1,276.3875,13525.75,0.28283445326817347,0.3778940832076643,0.0
2022-08-17,2022,-0.34752068025324645,0.6405101899348399,0.16661253653783695,0.3743241369749064,0.2733446519524618,-0.37530864197530867,2,0.14320987654320988,0.8872184012580762,2.3264014048708375,4.884865289523545,-1.4343269097462938,0.8854155562375567,0.30952380952380953,0.805027958778132,-0.0021388292953579136,0.004040894895073643,2,280959.0,0.08166189111747851,28.75,28.75,0.5055686491982069,136.75,73.25,0,270.4875,13479.5,0.12489660876757651,0.7769888290895934,1.0
2022-08-18,2022,-0.06345355293239396,0.546820323799748,0.00674432863274065,0.2986049549759716,0.1875,-0.175,3,0.684375,0.8352027637254716,1.7708673540801567,4.485009098119722,-1.7852983716698514,0.7439417093411049,0.3055555555555556,0.7838380068119255,-0.0003684775971747323,-0.0003649788596554737,3,264487.0,0.12134632418069087,80.75,80.75,0.36672421032986513,98.25,7.25,0,267.9125,13477.25,0.08166189111747851,0.5055686491982069,0.0
2022-08-19,2022,-0.6043563223869215,0.6748963347790858,0.16756393001345896,0.5519279347981507,0.8014705882352942,-0.7772020725388601,0,0.044905008635578586,0.836475181613385,1.818597778942856,4.699775987798487,-1.581140079119203,0.7126838475054028,0.28174603174603174,0.5833849673514132,6.839042477102542e-05,0.003993393777742882,4,264373.0,0.06607929515418502,-26.0,26.0,0.22877841856918166,24.5,60.0,0,262.2625,13287.0,0.12134632418069087,0.36672421032986513,0.0
2022-08-22,2022,-0.6920315865039484,0.6996889207944484,0.13035767070647356,0.5034697296003828,0.34663341645885287,-0.8536121673003803,2,0.057034220532319393,0.9060910303626024,0.5262502991146235,3.5150227327111745,-2.6655659248624057,0.7565976371106929,0.2698412698412698,0.7590332615458244,0.0024727150158477817,0.002898122460784691,0,283920.0,0.15965346534653466,-46.0,46.0,0.30437903804737976,38.5,79.5,0,261.1875,12968.0,0.06607929515418502,0.22877841856918166,0.0
2022-08-23,2022,-0.08673987265848482,0.5250530589646581,0.026587887740029542,0.5647319368829011,0.12982456140350876,0.5359477124183006,2,0.7483660130718954,1.0163431925389563,-0.8629694564916462,2.0629325459075374,-3.7575528282735053,0.7138461170806948,0.30952380952380953,0.7511303866383685,0.0012957328529736856,-0.0018250586108199407,1,315322.0,0.00684931506849315,-47.25,47.25,0.3903294269631817,3.0,105.75,0,270.925,12980.5,0.15965346534653466,0.30437903804737976,0.0
2022-08-24,2022,-0.21101774042950514,0.419234360410831,0.019668100799016593,0.3641456582633053,0.4675862068965517,0.6692307692307692,5,0.9205128205128205,0.833093502377179,-0.987441643323999,2.0097478991596662,-3.699229691876751,0.8011433930817077,0.2976190476190476,0.5714285714285714,0.0022262936232455566,-0.002402866450994967,2,262841.0,0.09003021148036254,17.75,17.75,0.26143790849673204,70.0,34.5,0,267.75,12942.0,0.00684931506849315,0.3903294269631817,0.0
2022-08-25,2022,0.1925198034693673,0.6447408001604332,0.06836616454229433,0.5855810688859922,0.7301349325337332,0.5993150684931506,3,0.9126712328767124,0.9374960380348653,-1.0260202546876567,2.125037601524118,-3.8061265416624877,1.038103978920451,0.24206349206349206,0.6407299709214881,0.0022210965526325843,-0.0013164795163818077,3,295780.0,0.08705357142857142,-28.25,28.25,0.3940639727263612,23.0,98.25,0,249.325,13095.25,0.09003021148036254,0.26143790849673204,0.0
2022-08-26,2022,0.3292266280153225,0.6273941401801428,0.0038095238095238095,1.1585050212237291,0.3637484586929716,-0.7587131367292225,5,0.05540661304736372,1.1136166102553104,-0.6825240708147842,2.5147323739517584,-3.4246557614659903,1.1225810622489805,0.2261904761904762,0.6470649135521276,-0.0009111764827340885,0.0019808441976013613,4,345303.0,0.28802351212343863,-248.5,248.5,1.0611864582254893,12.0,256.25,1,241.475,12934.25,0.08705357142857142,0.3940639727263612,0.0
2022-08-29,2022,-0.7154376191174314,0.5170307384059033,0.0083948959032908,0.5121438694228608,0.1607565011820331,0.2385496183206107,5,0.4198473282442748,1.1153291074535554,-2.0791672775252925,0.759732199579729,-4.6551580902116045,1.1782004834515063,0.24206349206349206,2.034892244538924,0.0027673477723073603,-0.0009478115906853546,0,345834.0,0.101716465352829,50.5,50.5,0.33621658603332844,71.5,86.0,0,255.7875,12534.0,0.28802351212343863,1.0611864582254893,1.0
2022-08-30,2022,-0.08339465293107677,0.6887417218543046,0.05042993260515919,1.0095658572479764,0.8580765639589168,-0.8969873663751214,0,0.009718172983479106,1.3943210238862722,-2.405150846210446,0.2746725533480492,-4.999808682855041,0.9895031269849998,0.23809523809523808,0.6357615894039735,0.002423421580241114,0.004579502380991696,1,432342.0,0.05536861425512389,35.5,35.5,0.3335786117243071,63.25,85.0,0,254.8125,12332.5,0.101716465352829,0.33621658603332844,0.0
2022-08-31,2022,0.42256251211475093,0.5844155844155844,0.0973161237451342,0.597984105446792,0.13402061855670103,-0.6369529983792545,2,0.12965964343598055,1.1783464243155253,-3.0990017445241356,-0.6254700523357246,-5.702170963364994,0.986033168716672,0.24603174603174602,1.3171157201007948,0.003355687618157299,0.003503859689240829,2,365374.0,0.026195426195426197,-31.25,31.25,0.3973638301996511,43.0,102.5,0,257.95,12378.75,0.05536861425512389,0.3335786117243071,0.0
2022-09-01,2022,-0.6889404333020777,0.7126289295760746,0.09405144694533762,0.5063416078566846,0.0497131931166348,-0.27485380116959063,6,0.32748538011695905,1.0797504462651597,-3.053841977989439,-0.7723041997729844,-5.809667867541828,1.0342616358997963,0.23015873015873015,0.9347085821447959,-0.007942278742541498,0.0006068414003307376,3,334802.0,0.19507323568575233,104.5,104.5,0.4717958841237724,115.0,119.5,0,253.2875,12137.75,0.026195426195426197,0.3973638301996511,0.0
2022-09-02,2022,0.6213017751479291,0.6890627982439397,0.08260777235081758,0.6317999618247757,0.35289452815226013,0.16012084592145015,5,0.9622356495468278,0.9495555086132804,-3.1455430425653765,-1.1904752815422766,-5.938714449322389,0.771387853918721,0.26587301587301587,0.89520900935293,-0.0025156803152353024,-0.0008257829708593345,4,294432.0,0.38774271844660196,-301.25,301.25,1.3361328497804925,30.5,350.0,1,261.95,12431.5,0.19507323568575233,0.4717958841237724,0.0
2022-09-05,2022,-0.06521030322791001,0.3558619404723089,0.022202084277299503,0.1993572127253249,0.609271523178808,0.7710280373831776,1,0.9205607476635514,0.1333522031951116,-3.29176952815688,-1.5854115235921566,-6.131440681913455,0.402751630033719,0.30158730158730157,1.4178583073268434,-0.0017012693713023275,-0.002388143783889074,0,40046.0,0.12521440823327615,-19.75,19.75,0.09315757603987145,13.25,25.0,0,268.3625,12154.0,0.38774271844660196,1.3361328497804925,1.0
2022-09-06,2022,-0.02533742630219753,0.5155191736100959,0.005156854318865492,0.9316376748038785,0.4584139264990329,-0.5899581589958159,0,0.23744769874476987,1.15989169993155,-3.2284266432782713,-1.6491156263704116,-6.311850119378257,0.5046808619592489,0.23412698412698413,0.24362909905959165,-0.0025265326132758448,0.004191048624792693,1,342291.0,0.018485390578413835,53.75,53.75,0.6119962968376942,157.0,22.75,1,256.5375,11986.75,0.12521440823327615,0.09315757603987145,0.0
2022-09-07,2022,-0.0038645476063958266,0.6009371527945511,0.015599343185550082,0.37969180232838995,0.01098901098901099,0.44529262086513993,2,0.5470737913486005,1.0935765453769155,-3.3727839234819577,-2.024269358968167,-6.538085116661033,0.3178208627522165,0.23809523809523808,0.9236268779286025,0.005535310762385448,0.0024453500210703805,2,322721.0,0.36321353065539114,207.5,207.5,0.825080913965509,213.5,34.75,1,258.7625,12083.25,0.018485390578413835,0.6119962968376942,1.0
2022-09-08,2022,-0.45000246172025016,0.7099601201319482,0.10492724023487363,0.6686032199300872,0.4271137026239067,0.5817378497790869,3,0.9322533136966127,1.1068565193523683,-2.241642459750874,-1.1260696174486748,-5.59799123627591,0.9610709489022393,0.21428571428571427,1.0526315789473684,0.0011988465847552199,-0.0002089925720216712,3,326640.0,0.036988110964332896,-3.25,3.25,0.5415784550243711,104.25,137.5,0,253.8875,12275.25,0.36321353065539114,0.825080913965509,1.0
2022-09-09,2022,0.5739732805541811,0.6036615536862939,0.08771929824561403,0.5126175160811479,0.36671177266576455,0.9092664092664092,2,0.918918918918919,0.5776708485610343,-2.1226620484908434,-1.2670361207323073,-5.6183819891143,0.9080050003439428,0.20634920634920634,1.0390895596239484,-0.001588230058112261,-0.002844014241534021,4,173476.0,0.11241970021413276,65.25,65.25,0.27610094012864916,69.75,24.75,0,252.625,12534.75,0.036988110964332896,0.5415784550243711,0.0
2022-09-12,2022,0.195102916788606,0.4828797190517999,0.025087671971944968,0.44873670861379383,0.38879456706281834,0.741304347826087,0,0.8195652173913044,0.4234715661491125,-0.625548726953468,-0.04850258511364859,-4.191278899619553,1.0770851339223155,0.2261904761904762,0.7365135108769877,-0.0017262023571085194,-0.000687045827862498,0,124969.0,0.0009115770282588879,-3.25,3.25,0.38142620232172475,12.0,97.75,0,256.275,12735.25,0.11241970021413276,0.27610094012864916,0.0
2022-09-13,2022,-1.3945993456711754,2.116314273157869,0.31223880597014925,0.6025684847892964,0.4861111111111111,-0.6158833063209076,0,0.05186385737439222,0.4272261492480668,0.07646857756726687,0.37478392499633967,-3.608164461155331,1.0333551446337448,0.21825396825396826,0.46291322818496994,0.006438610915355136,0.001954307018684709,1,126077.0,0.30413385826771655,-178.25,178.25,0.7246447580448264,2.5,185.5,1,255.9875,12280.0,0.0009115770282588879,0.38142620232172475,0.0
2022-09-14,2022,-0.04061738424045491,0.49372687065619636,0.04365595392903585,0.43505731564220596,0.13316369804919423,-0.23443983402489627,2,0.3983402489626556,0.2850399517461522,-1.9322592291723077,-1.9529560429641666,-5.537381532629296,1.7460628738834458,0.36904761904761907,1.1977615308240814,-0.005240864285740998,-0.0010219238235993355,2,84117.0,0.0784678319077724,-14.25,14.25,0.39985558263381166,110.75,24.25,0,276.975,12062.25,0.30413385826771655,0.7246447580448264,1.0
2022-09-15,2022,0.021864893180886438,0.5092698036714799,0.10981432360742706,0.5056256548079988,0.17620650953984288,-0.1783783783783784,3,0.09009009009009009,0.14362635798662177,-1.88010750239147,-2.1742631986516665,-5.711761490456884,1.6318885783498314,0.3373015873015873,0.5785086320776204,0.00938728692805102,0.001989630906276796,3,42385.0,0.19652173913043477,-125.5,125.5,0.4819386871953719,47.75,132.25,0,274.4125,12029.25,0.0784678319077724,0.39985558263381166,0.0
2022-09-19,2022,-0.3012290502793296,0.7526256983240224,0.008818342151675485,0.4281564245810056,0.18446601941747573,0.7682672233820459,0,0.8016701461377871,0.9254335730212195,-2.0646703910614512,-2.6309005586592176,-6.046525139664807,1.6507972599755965,0.38492063492063494,0.9242458100558659,0.0023059389012267673,0.0010382559162200877,0,273101.0,0.1053082191780822,96.0,96.0,0.3736312849162011,104.5,63.25,0,279.6875,11911.5,0.19652173913043477,0.4819386871953719,0.0
2022-09-20,2022,-0.3322198325172745,0.661694046583993,0.1450381679389313,0.2260559190957763,0.12293577981651377,0.09716599190283401,4,0.5870445344129555,0.9913658143175672,-1.5047361918272102,-2.3016519471010857,-5.745806067816774,1.4103346594110344,0.3134920634920635,0.733995332448634,-0.007107266567472181,-0.004495508950630334,1,292558.0,0.005248284214775939,-8.5,8.5,0.366997666224317,100.25,94.25,0,273.1625,11922.75,0.1053082191780822,0.3736312849162011,0.0
2022-09-21,2022,0.18352963435977485,0.47963672484745284,0.03296703296703297,0.23272314460053925,0.17066290550070523,0.13414634146341464,5,0.532520325203252,0.6914498519176161,-1.7176103306371493,-2.7337968875644503,-6.217591410056289,1.3188341543417896,0.2619047619047619,0.7360105955252827,0.00036112796041565254,0.0004662801237786951,2,204051.0,0.04598698481561822,39.75,39.75,0.7833120476798638,168.0,207.0,0,264.2625,11971.0,0.005248284214775939,0.366997666224317,0.0
2022-09-22,2022,-1.3400517499659539,0.8915520450315493,0.020097956426279345,0.4203549866085614,0.27472527472527475,-0.44924406047516197,2,0.20086393088552915,1.0399666093119133,-1.1304189931453978,-2.289981388170142,-5.539016750646872,0.5621267299204943,0.3373015873015873,1.3618412093149939,-0.01027672558087811,0.0005148942304321613,3,305225.0,0.05800922874093606,61.75,61.75,0.289618230514322,63.75,79.75,0,275.3625,11589.75,0.04598698481561822,0.7833120476798638,0.0
2022-09-23,2022,-0.6514769375454195,0.7583465139144188,0.09304812834224599,0.4548369170264609,0.4296028880866426,-0.6409774436090225,3,0.2819548872180451,0.9946493802226997,-2.0693797289787517,-3.373539092891036,-6.364194417133327,0.9054051344670809,0.4603174603174603,0.5890651049459239,-0.005425167211385751,8.052699364435867e-06,4,293527.0,0.10265903736115786,-79.0,79.0,0.5027144872397725,50.75,147.0,0,292.4125,11375.75,0.05800922874093606,0.289618230514322,0.0
2022-09-26,2022,0.18241308793456032,0.5423312883435583,0.024895623936910468,0.6388548057259714,0.39510939510939513,0.7336747759282971,0,0.7848911651728553,1.0721904078345599,-2.851042944785277,-4.355910020449897,-7.170179959100203,1.0607945367195684,0.5079365079365079,0.7934560327198364,0.0009322548227157501,-0.005102114644399247,0,315202.0,0.1353662011969222,-116.5,116.5,0.6625766871165644,11.5,202.5,1,305.625,11495.75,0.10265903736115786,0.5027144872397725,0.0
2022-09-27,2022,0.3118307204660327,0.7770067677546475,0.1276175424733307,0.5576972500642509,0.27926267281105993,-0.09984639016897082,1,0.2995391705069124,1.0913311982638245,-2.4793112310460024,-4.238139295810846,-7.143172277906278,1.0720505415209887,0.44841269841269843,0.8378308918015934,0.007003300620173736,0.000270692532005401,1,320829.0,0.12643051771117167,-120.5,120.5,0.7555898226676947,50.0,220.5,1,291.825,11454.0,0.1353662011969222,0.6625766871165644,1.0
2022-09-28,2022,-0.008427084650065308,0.8469220073315635,0.016256275400430314,0.4879282012387814,0.43947858472998136,0.4749568221070812,5,0.924006908462867,0.982752198707733,-2.3822525597269637,-4.282037669068385,-7.099056166519193,1.0844668361819203,0.4722222222222222,1.1275439261787383,0.005310426262758794,-0.00048197506407121615,2,288909.0,0.25558121632024633,163.0,163.0,0.5823115493195129,172.75,19.75,0,296.6625,11399.75,0.12643051771117167,0.7555898226676947,1.0
2022-09-29,2022,-0.5983050847457627,0.7889830508474577,0.10445859872611465,0.823728813559322,0.7438692098092643,-0.8991769547325102,0,0.037037037037037035,1.0500900040096572,-1.4820762711864395,-3.4816271186440675,-6.288381355932204,1.2282027021477986,0.4603174603174603,1.0389830508474576,-0.002942155470258667,0.003489737833567541,3,307721.0,0.03011204481792717,-5.5,5.5,0.36271186440677966,107.0,76.25,0,295.0,11167.75,0.25558121632024633,0.5823115493195129,0.0
2022-09-30,2022,0.08150623522699486,0.6104817018501915,0.03266666666666666,0.5240850925095769,0.29547844374342797,0.6951788491446346,2,0.9704510108864697,1.07324705460812,-2.5379411524981683,-4.568554894449428,-7.272675034640151,1.2109350978968663,0.5079365079365079,1.0114923791670063,0.005624775948675831,-0.003608698772288532,4,314507.0,0.2964980544747082,-189.25,189.25,0.6373787594750998,58.0,195.5,1,306.725,11299.0,0.03011204481792717,0.36271186440677966,0.0
2022-10-03,2022,-0.015679801939343926,0.8095729317103363,0.06496209305782667,0.5941819682277698,0.4766187050359712,0.6041666666666666,1,0.9652777777777778,0.9338270046153715,-2.556055291933157,-4.699715287806889,-7.458997317928618,1.0358795906691616,0.47619047619047616,0.8368062719207757,-0.0020574269789925825,-0.0004413080085472476,0,273651.0,0.27355163727959697,131.25,131.25,0.4753455745822158,144.0,55.5,0,302.9375,11213.75,0.2964980544747082,0.6373787594750998,1.0
2022-10-04,2022,0.5712141427618412,0.9006004002668445,0.17212389380530974,0.5103402268178786,0.4429447852760736,0.8398692810457516,0,0.8529411764705882,0.9785972376764288,-1.6671531020680452,-3.8930953969312863,-6.681429286190796,1.1218020715484895,0.46825396825396826,1.059873248832555,0.0010998445081207286,0.000644214374189378,1,284511.0,0.09894155545329038,-44.5,44.5,0.402768512341561,31.5,120.75,0,299.8,11644.75,0.27355163727959697,0.4753455745822158,0.0
2022-10-05,2022,-0.363941099006345,0.537930484057624,0.1438474870017331,0.5459116485095176,0.5649769585253456,-0.6505847953216374,5,0.04093567251461988,1.0412525560349943,-0.6955185761602595,-2.867999521130132,-5.5104273913564,1.171755991650074,0.5198412698412699,0.5171794564827008,-0.0014256175862443765,0.003699859047612053,2,302727.0,0.4178033022254128,312.0,312.0,1.0000399058222593,313.25,3.5,1,313.2375,11375.0,0.09894155545329038,0.402768512341561,0.0
2022-10-06,2022,-0.30412858493539235,0.6508036558462023,0.02384131222582491,0.6153482508666877,0.3749013417521705,-0.29577464788732394,1,0.03201024327784891,1.269595695026545,-0.35750866687677274,-2.5320674440592477,-5.096509612354237,1.1051071752032018,0.5476190476190477,1.0092971950835172,-7.802729743444647e-05,-0.0007045496336453017,3,369114.0,0.004867872044506259,23.0,23.0,0.4294043491963441,136.25,5.5,0,317.3,11532.75,0.4178033022254128,1.0000399058222593,1.0
2022-10-07,2022,-0.66942939113803,0.882212304749761,0.12099236641221374,0.4654128147912018,0.5230769230769231,-0.8133561643835616,1,0.1541095890410959,1.084897337252157,-0.6628546381893529,-2.912862607586865,-5.497346190627988,0.7291864528901318,0.5198412698412699,0.6224099458080969,0.0017283310858569045,0.002051799036901114,4,315416.0,0.19748653500897667,-128.0,128.0,0.44469238125597704,35.0,139.5,0,313.7,11227.0,0.004867872044506259,0.4294043491963441,0.0
2022-10-10,2022,0.030865388325166866,0.46606736371001967,0.06689103912494741,0.43983178363362785,0.29570552147239265,-0.7456140350877193,2,0.1368421052631579,0.9738506226492647,-1.8705582777113325,-4.128724102010111,-6.648682433735869,1.16751156926795,0.5793650793650794,0.8117597129518885,0.0047754367670802544,0.003012310668265239,0,283131.0,0.084375,19.0,19.0,0.3889038928971025,65.5,126.0,0,323.9875,11002.75,0.19748653500897667,0.44469238125597704,0.0
2022-10-11,2022,-0.31893687707641194,0.5565761188196209,0.057080782144973335,0.4877858119992183,0.2578616352201258,-0.4182692307692308,1,0.4230769230769231,1.091721456247732,-1.8897791674809459,-4.302302130154389,-6.891307406683605,1.1039447741101145,0.5515873015873016,0.7785811999218292,0.0016528155988877469,0.0035480587265981356,1,317400.0,0.09229363387145903,-62.25,62.25,0.5792456517490717,185.25,81.0,0,319.8125,10854.5,0.084375,0.3889038928971025,0.0
2022-10-12,2022,0.22592791823561056,0.43264427879812495,0.001649620587264929,0.42957042957042957,0.13776944704779756,0.012522361359570662,4,0.4418604651162791,1.110736497265755,-2.2650810727733828,-4.799815569046339,-7.3925113348190274,0.8378285357064826,0.5833333333333334,0.8184123568738954,-0.008048513120400336,0.001503760339301996,2,325493.0,0.028428093645484948,-13.75,13.75,0.18519941596864675,58.5,60.25,0,325.325,10867.5,0.09229363387145903,0.5792456517490717,0.0
2022-10-13,2022,-1.0975964133006766,1.7833866079953504,0.27145429085817163,0.7040557931005853,0.282312925170068,0.4705188679245283,2,0.6533018867924528,1.3599875220962878,-2.0357424550624743,-4.841130806592221,-7.689011582049897,0.9101684714041263,0.44841269841269843,0.464112250404749,-0.005922437128754066,-0.0008687496076822399,3,405449.0,0.3727128082736675,494.25,494.25,1.7244385404126363,519.25,16.25,1,301.1125,10623.0,0.028428093645484948,0.18519941596864675,0.0
2022-10-14,2022,0.1932144910868315,0.815027793751198,0.06674926436425585,1.0665133218324707,0.4878462408140192,-0.7764198418404026,2,0.1445003594536305,1.376753427902203,-0.9291163503929484,-3.5301974314740288,-6.211987732413265,1.239823221644117,0.5833333333333334,2.0172512938470386,0.006064682816786959,0.006010820695866559,4,418500.0,0.1480891719745223,-136.5,136.5,0.4377995016292889,61.25,142.75,0,326.0625,10910.25,0.3727128082736675,1.7244385404126363,1.0
2022-10-17,2022,0.6780546024168284,0.8951215873489483,0.18344384167168978,0.3998209756825302,0.16685584562996594,0.5559701492537313,1,0.5708955223880597,0.9945182773033839,-1.760256601521709,-4.306385200656423,-6.983149336118157,1.0586700481902187,0.623015873015873,1.3135909294345816,0.003331831234245186,-0.0004918194561018829,0,304793.0,0.0056772100567721,30.75,30.75,0.2088617037147546,70.0,53.0,0,335.15,11075.5,0.1480891719745223,0.4377995016292889,0.0
2022-10-18,2022,0.8648216169036623,0.7280794268465651,0.1752349364289663,0.5469687602283886,0.5687645687645687,-0.788563829787234,0,0.061170212765957445,1.0191044561837421,-0.6179219551223791,-3.110943011964943,-5.766847292431904,1.240775733853756,0.6468253968253969,0.4262283158162709,0.007773620041417351,0.004586455302053594,1,312328.0,0.12661064425770308,-147.5,147.5,0.5055096919663964,27.0,173.75,0,343.7125,11255.25,0.0056772100567721,0.2088617037147546,0.0
2022-10-19,2022,0.06258890469416785,0.7901849217638691,0.12409230272712603,0.4957325746799431,0.20393120393120392,0.7058823529411765,4,0.8177905308464849,1.074969881412598,-0.48524182076813654,-2.921109530583216,-5.567019914651496,1.1080824606196327,0.6785714285714286,0.9964438122332859,-0.008873810744081334,-0.005663530139398132,2,333267.0,0.21445042275172943,-131.25,131.25,0.5761024182076814,9.75,202.5,0,351.5,11252.75,0.12661064425770308,0.5055096919663964,0.0
2022-10-20,2022,-0.03048227310665167,0.6132743041695395,0.012134189864382585,0.6894799869361687,0.4189085318985396,0.7052631578947368,2,0.7873684210526316,0.8432075426547656,-0.3261603222411739,-2.8303661501614834,-5.57251877925754,1.1193743612587115,0.6468253968253969,0.6800449976412527,-0.008151940689775428,-0.0061568344215297,3,264276.0,0.24558480506497835,-170.75,170.75,0.6894799869361687,48.0,237.5,1,344.4625,11278.5,0.21445042275172943,0.5761024182076814,0.0
2022-10-21,2022,-0.19096832172545497,0.49427095034823637,0.00697192387412851,0.6867370628323224,0.3179190751445087,0.2966194111232279,2,0.5114503816793893,1.1295923169574131,-0.2963004568261825,-2.826915299932599,-5.723623904740506,1.0490095863467508,0.6031746031746031,0.8627274769714671,-0.008434295747470788,-0.0007098245868617514,4,354034.0,0.2653288740245262,222.75,222.75,0.6680146783494346,223.0,61.0,1,333.825,11112.0,0.24558480506497835,0.6894799869361687,1.0
2022-10-24,2022,0.07430997876857749,0.8189262966333031,0.08488549618320611,0.6665150136487716,0.11598746081504702,-0.3856655290102389,4,0.3037542662116041,0.9748502879901669,0.3827343039126479,-2.0542766151046408,-5.044749014255383,0.715645166674426,0.5873015873015873,1.0319987867758569,0.0004993963047768002,0.0060056609553365,0,306936.0,0.2843761708505058,226.5,226.5,0.6953290870488323,229.25,5.25,1,329.7,11274.5,0.2653288740245262,0.6680146783494346,1.0
2022-10-25,2022,0.04439094123843203,0.288917312467083,0.05437026841018582,0.4514333007298172,0.5283307810107197,0.8233333333333334,2,0.83,0.7855177199741559,0.8617861710932221,-1.4141750056429176,-4.440226469039198,0.4801822023309369,0.5952380952380952,0.8908283801068393,0.013036241149477545,-0.0009443310260406346,1,246195.0,0.1767578125,61.75,61.75,0.20088781882476867,66.75,33.75,0,332.275,11639.25,0.2843761708505058,0.6953290870488323,1.0
2022-10-26,2022,-0.6952117863720073,0.4051565377532228,0.002253267237494367,0.4803560466543892,0.3082706766917293,0.6837060702875399,4,0.9488817891373802,1.0491203114592556,1.436387354205035,-0.7063228974831209,-3.8503261203192163,0.4731213438391819,0.5515873015873016,0.5870165745856354,-0.002924671932627021,-0.002158434398185971,2,325253.0,0.20908435472242248,-115.25,115.25,0.42357274401473294,122.0,138.0,0,325.8,11581.5,0.1767578125,0.20088781882476867,0.0
2022-10-27,2022,-0.2021604938271605,0.5949074074074074,0.018763326226012792,0.6203703703703703,0.06379928315412187,0.06218905472636816,2,0.7450248756218906,1.0876004052103025,0.73472222222222,-1.3023611111111115,-4.533113425925927,0.8107250958071678,0.5396825396825397,0.8348765432098766,0.0037244420858759675,0.002149701790306935,3,340873.0,0.18596730245231607,-165.25,165.25,0.5941358024691358,9.5,192.5,0,324.0,11413.25,0.20908435472242248,0.42357274401473294,0.0
2022-10-28,2022,-0.11272334812327618,0.5172482711756007,0.06109822119102862,0.6803373705880003,0.45310734463276836,0.8155111633372503,2,0.8460634547591069,1.0699910941496025,0.04960626773794053,-1.902738138066116,-5.326206179797741,1.0315221999994415,0.4523809523809524,0.7794699604269097,-0.018994583316715774,-0.004212490208109987,4,337006.0,0.3280922431865828,183.5,183.5,0.6371667266258945,199.25,9.25,1,312.7125,11386.25,0.18596730245231607,0.5941358024691358,0.0
2022-10-31,2022,-0.2554858934169279,0.3628526645768025,0.09205397301349326,0.45297805642633227,0.5109961190168176,-0.7058823529411765,0,0.05536332179930796,0.750041086192511,0.985148902821319,-0.7319592476489053,-4.150141065830723,1.0829283921533122,0.503968253968254,1.188871473354232,0.00822717107005877,0.0070764871609537705,0,237319.0,0.06416275430359937,48.0,48.0,0.3981191222570533,127.0,19.25,0,319.0,11386.25,0.3280922431865828,0.6371667266258945,1.0
2022-11-01,2022,0.5139664804469274,0.5355147645650439,0.20734722712822323,0.7781324820430966,0.6248725790010193,-0.6194871794871795,0,0.28307692307692306,1.133811408055422,0.5564245810055842,-1.0613248204309629,-4.597537909018353,1.1006094332934482,0.45634920634920634,0.4972067039106145,0.009549795141515327,0.003842998454159141,1,358747.0,0.08093278463648834,-91.0,91.0,0.41101356743814843,1.25,128.75,0,313.25,11444.25,0.06416275430359937,0.3981191222570533,0.0
2022-11-02,2022,-0.07455208625596216,0.30381979237644796,0.00132890365448505,0.26534129624433844,0.1992110453648915,-0.8157099697885196,2,0.054380664652567974,0.6022067896672076,0.3387710930297796,-1.2251713495530854,-4.8158964287145745,1.0097746118084487,0.44047619047619047,0.9731852980079362,-0.001131493601166711,0.0019405295057586258,2,193505.0,0.10393541876892028,-93.0,93.0,0.63249028017155,197.25,144.25,1,311.8625,11262.5,0.08093278463648834,0.41101356743814843,0.0
2022-11-03,2022,-1.0873212431093713,0.6351362147479428,0.08609587407584068,0.4481904609730766,0.09985315712187959,-0.2531194295900178,2,0.6114081996434938,1.0828020720357643,-0.1668930254853411,-1.6954861388511608,-5.32532555724215,0.9694865952454399,0.44841269841269843,1.091315810497723,0.006836475550227594,0.0028092412200581007,3,347933.0,0.03643410852713178,-9.25,9.25,0.3027882080370696,94.75,42.0,0,312.925,10793.75,0.10393541876892028,0.63249028017155,1.0
2022-11-04,2022,0.4528909153607418,0.9295375301735699,0.19614711033274956,0.7341277443580213,0.15384615384615385,-0.055323590814196244,1,0.8131524008350731,1.2599832257843657,-1.222000842944175,-2.673067933637305,-6.231575922449133,1.0874943377051935,0.5555555555555556,0.5532779033679451,0.006084387281188319,0.0028627201416063786,4,404866.0,0.07923771313941826,-69.0,69.0,0.7854707076899498,55.25,256.25,1,326.2375,10919.0,0.03643410852713178,0.3027882080370696,0.0
2022-11-07,2022,0.27952261306532666,0.6171482412060302,0.11387900355871886,0.3815954773869347,0.14285714285714285,-0.4547325102880658,2,0.29835390946502055,0.9096759718845755,-1.007262876884421,-2.393891331658292,-6.126130653266331,0.7586407647960733,0.49603174603174605,0.9783291457286433,-0.0038734088703828995,0.0024802112484043626,0,295984.0,0.2591928251121076,134.5,134.5,0.44597989949748745,142.0,33.25,0,318.4,10883.75,0.07923771313941826,0.7854707076899498,1.0
2022-11-08,2022,0.18500138949541467,0.47639842788518794,0.07212475633528265,0.3541228313946564,0.45132743362831856,0.30493273542600896,3,0.9327354260089686,0.789761289350991,-0.4836635039104382,-1.780507364325697,-5.60866648140061,0.986629943895202,0.4603174603174603,0.566120131803565,-0.0026849040299603555,0.0002622472916375962,1,256967.0,0.06113256113256113,-44.0,44.0,0.5788240898805034,121.0,182.25,0,314.8625,11110.5,0.2591928251121076,0.44597989949748745,0.0
2022-11-09,2022,-0.1531357303548171,0.5028219599794767,0.05689237082633837,0.3346884003631054,0.08558030480656506,-0.49292452830188677,4,0.21226415094339623,0.9261924007216333,-0.37178829379958167,-1.521900777519041,-5.376090302719342,1.054235297223792,0.47619047619047616,0.957492994435016,0.00023522906510298203,0.0018575615470399764,2,301358.0,0.16639477977161501,-99.5,99.5,0.41204562497533254,63.25,130.5,0,316.7125,10965.75,0.06113256113256113,0.5788240898805034,0.0
2022-11-10,2022,1.5298842060119302,1.727162852352918,0.38085463705915285,0.6238059963351398,0.24752475247524752,0.22,1,0.65875,1.1189260658645725,-0.9938009279114195,-2.0342937346485224,-5.8866817419782445,1.0441515821328107,0.503968253968254,0.6674724160785995,0.006529268899925222,-0.001306459301163132,3,356703.0,0.29013254786450665,160.75,160.75,0.5091816445085579,163.25,43.0,0,320.6125,11400.75,0.16639477977161501,0.41204562497533254,0.0
2022-11-11,2022,0.1952807160292921,0.505250106551978,0.025607638888888888,0.5951412298035569,0.6348373557187827,0.5924479166666666,1,0.87890625,1.0935269401064336,1.0985702661862151,0.18210701693207795,-3.6539656708900012,1.2799906859368058,0.5238095238095238,0.9144097020419233,0.003540858900229038,-0.007015458393646812,4,348606.0,0.10813909056171188,63.5,63.5,0.4293076058739199,138.5,99.5,0,322.6125,11738.25,0.29013254786450665,0.5091816445085579,0.0
2022-11-14,2022,-0.13117863210715555,0.25287447153186615,0.040876302431204915,0.36113635465644633,0.2773109243697479,0.28665207877461707,3,0.7964989059080962,0.8353981690169563,1.7172152198822577,0.9729661385277948,-2.9203129321585224,1.3236984271882095,0.4603174603174603,0.9711960172270734,0.0013220809557734636,0.001421888292184148,0,266317.0,0.05013192612137203,30.5,30.5,0.33347820933264843,105.5,64.5,0,316.3625,11793.0,0.10813909056171188,0.4293076058739199,0.0
2022-11-15,2022,0.6436931079323797,1.160598179453836,0.24801587301587302,0.3250975292587776,0.12696493349455865,0.2475,3,0.8325,0.8270666785867208,1.7202535760728206,1.0913361508452526,-2.8824569245773706,1.4118597679401963,0.3968253968253968,0.638816644993498,0.006804753122692686,-0.0003204366766966782,1,263661.0,0.10271076846555584,-133.0,133.0,0.9175877763328998,6.0,282.25,1,307.6,12046.25,0.05013192612137203,0.33347820933264843,0.0
2022-11-16,2022,-0.2925869770110232,0.4876449616850387,0.03167619885613726,0.3696266852436176,0.28421052631578947,-0.41685144124168516,1,0.4700665188470067,0.9191080515478757,1.8968979223865916,1.4092201778469853,-2.5601442445600964,1.4008526712409557,0.38095238095238093,0.9802073515551366,-0.0054760267147070385,0.0041632664466744185,2,290525.0,0.05330073349633252,-45.25,45.25,0.23275826742613612,53.25,71.0,0,305.0375,11777.0,0.10271076846555584,0.9175877763328998,1.0
2022-11-17,2022,-0.5951841942786582,0.9886807985182137,0.24058744993324432,0.4247787610619469,0.2334096109839817,0.6337209302325582,2,0.6918604651162791,0.8925486689002358,1.2072031282156799,0.8381642313233204,-3.121955134801397,1.3412568979915014,0.3611111111111111,0.4305412636344927,-0.008442012637367768,-0.004588159464281594,3,271466.0,0.013392857142857142,14.75,14.75,0.46840913768265074,142.25,34.75,0,303.6875,11632.75,0.05330073349633252,0.23275826742613612,0.0
2022-11-18,2022,0.6315177198886535,0.5716897253728863,0.09944311853619729,0.5550708380073954,0.3160621761658031,-0.7694610778443114,0,0.19910179640718562,0.9355180225351557,0.8488096721924466,0.6087664630852986,-3.3787776808342698,0.6177617782705872,0.34523809523809523,0.7694544850222277,0.011070190017764325,0.0044025071688872375,4,284535.0,0.022385022385022386,-21.25,21.25,0.34068719099256306,19.25,102.5,0,300.8625,11709.0,0.013392857142857142,0.46840913768265074,0.0
2022-11-21,2022,-0.13021604024859426,0.5411575698642878,0.1114887831407206,0.38050141631082735,0.26366559485530544,-0.4577777777777778,2,0.09333333333333334,0.7913690984394199,0.94017672176891,0.7951295818712218,-3.2507166110007177,0.4184520690397777,0.32142857142857145,0.7990529742527375,0.00024382134408285072,0.0020209865131064486,0,236359.0,0.006318207926479035,1.0,1.0,0.15050944911850503,37.0,44.5,0,295.6625,11597.75,0.022385022385022386,0.34068719099256306,0.0
2022-11-22,2022,0.06419431793537193,0.4033832140533507,0.02857142857142857,0.35133376707872477,0.06103286384976526,-0.14320987654320988,1,0.7432098765432099,0.756053189294623,0.6387768379960951,0.5764129256126647,-3.589846020386033,0.42123886607546884,0.27380952380952384,0.5083495987855129,-0.0005871146316371867,0.002128093641065254,1,221716.0,0.3678321678321678,117.5,117.5,0.4129256126653654,119.0,22.5,0,288.1875,11602.75,0.006318207926479035,0.15050944911850503,0.0
2022-11-23,2022,0.10255518859725361,0.25378063618981406,0.009037328094302554,0.468451242829828,0.6883116883116883,0.9276437847866419,0,0.9647495361781077,0.6644910819782817,1.0590126890318097,1.070224230836087,-3.1178211367981907,0.4688313353542866,0.26587301587301587,0.6752998435598818,-0.004393907514186779,-0.0041478545615594165,2,194865.0,0.002311604253351826,0.0,0.0,0.4623674604554146,13.25,133.0,0,287.65,11874.75,0.3678321678321678,0.4129256126653654,0.0
2022-11-24,2022,0.13893190566789082,0.21503473297641698,0.07311586051743532,0.07079332772886156,0.06666666666666667,-0.1,7,0.6625,0.05894341460021563,1.5528516437325808,1.6526348391664065,-2.5767532410070357,0.45520496728655335,0.2261904761904762,0.5176762090173002,0.0009690661864574235,0.00041519552298385776,3,16948.0,0.10434782608695652,-2.0,2.0,0.04601566302376001,13.0,2.0,0,282.5125,11912.0,0.002311604253351826,0.4623674604554146,0.0
2022-11-25,2022,-0.40971585701191565,0.4903758020164986,0.23917322834645668,0.22639780018331807,0.3479212253829322,0.1902834008097166,3,0.708502024291498,0.4578229175846806,1.6163153070577465,1.8511457378551774,-2.496429880843266,0.39085181060185753,0.12698412698412698,0.09624197983501374,0.00329156480259174,0.0008039902846919134,4,127275.0,0.11726384364820847,-26.0,26.0,0.14298808432630614,14.75,39.0,0,272.75,11810.0,0.10434782608695652,0.04601566302376001,0.0
2022-11-28,2022,-0.30845866462304816,0.4032953348021841,0.02675480012590494,0.4080850656193122,0.4079696394686907,-0.08685446009389672,3,0.11737089201877934,0.7307631516801386,1.1653894051154352,1.4610403295334804,-3.044707347447076,0.5298012878125573,0.06349206349206349,0.236612702366127,0.0010058558776049331,0.0009153462345168339,0,196496.0,0.27630057803468205,-104.0,104.0,0.410958904109589,39.5,107.25,0,260.975,11694.25,0.11726384364820847,0.14298808432630614,0.0
2022-11-29,2022,0.12265235722499043,0.3555001916443082,0.005956813104988831,0.2970486776542737,0.018867924528301886,-0.07419354838709677,4,0.7129032258064516,0.834247270739313,0.39320620927558314,0.7508240705251032,-3.73078286699885,0.6440683270301116,0.05952380952380952,0.7713683403602913,0.008893061027279159,0.002636338071038913,1,224322.0,0.1703442188879082,-98.0,98.0,0.5806822537370641,14.5,151.5,0,260.9,11616.5,0.27630057803468205,0.410958904109589,0.0
2022-11-30,2022,0.06288999164742298,0.39207979167690266,0.021413276231263382,0.24762934211172802,0.11221945137157108,0.14285714285714285,9,0.39285714285714285,0.8541071516176143,0.08873384759003873,0.5190586154375288,-4.047103621087804,0.579407547672775,0.023809523809523808,0.682946003046234,-0.006431827505061771,-0.0038715555078994157,2,226329.0,0.48254883125200126,386.0,386.0,1.5339262025254263,390.25,45.5,1,254.4125,11543.5,0.1703442188879082,0.5806822537370641,0.0
2022-12-01,2022,0.4910757356488181,0.5422093584177521,0.02334384858044164,0.7756874095513748,0.3922413793103448,-0.35572139303482586,3,0.2064676616915423,1.2095181309412844,1.5265798359864957,2.1019971056439952,-2.343617945007239,0.9741478063749185,0.05555555555555555,1.6816208393632417,-0.002406123109310876,-0.0020057354288535167,3,320509.0,0.13630880579010857,86.0,86.0,0.4331886155330439,112.25,17.5,0,259.125,11985.25,0.48254883125200126,1.5339262025254263,1.0
2022-12-02,2022,-0.9136490250696379,1.3279311218029881,0.19959058341862845,0.46999240314003543,0.16339869281045752,0.8060344827586207,2,0.8793103448275862,1.1053704116019911,1.9163838946568723,2.747166371233223,-1.8455760952139764,1.1022212370747544,0.007936507936507936,0.8143833881995441,0.00497848083921415,-0.0018735159499276843,4,292911.0,0.2675461741424802,94.75,94.75,0.3909850595087364,96.5,60.5,0,246.8125,11939.25,0.13630880579010857,0.4331886155330439,0.0
2022-12-05,2022,-0.4661692822227939,0.39722150758940056,0.1054713249835201,0.4579367121173141,0.2745664739884393,-0.21797752808988763,1,0.31910112359550563,0.845812467687338,1.5499356830460524,2.576959094417292,-1.993352199639826,1.0473988663005338,0.007936507936507936,0.8170825829688706,-0.010081791114253003,-0.00019028865539894024,0,224131.0,0.27319854847071023,-120.75,120.75,0.6225881142269102,54.5,151.25,1,242.9375,11896.5,0.2675461741424802,0.3909850595087364,0.0
2022-12-06,2022,0.09357548925894249,0.2606027066458721,0.015424164524421594,0.7838204960507119,0.7091377091377091,-0.8510911424903723,0,0.11424903722721438,1.0932566054841462,0.32364038838859127,1.4483473361171226,-2.9440660059365085,1.0773619210851844,0.015873015873015872,0.9136187553453741,0.004870001160692694,0.004860300661072903,1,284590.0,0.16903633491311215,-101.5,101.5,0.5282487296875786,11.75,131.25,0,248.4625,11633.25,0.27319854847071023,0.6225881142269102,1.0
2022-12-07,2022,-0.09054781427637204,0.6952059962774787,0.07065065624127338,0.6267920921575532,0.2827868852459016,-0.15248796147672553,5,0.29052969502407705,1.3335383732909667,-0.7519492932240066,0.45030434126465285,-3.885200462799939,1.1580130562304625,0.01984126984126984,1.2223954927310225,0.005102903285015725,0.004796318933281696,2,353373.0,0.04554615074566707,6.75,6.75,0.38331908043664165,95.25,27.5,0,248.4875,11485.5,0.16903633491311215,0.5282487296875786,0.0
2022-12-08,2022,0.29933084742299637,0.6701741839914185,0.07072,0.7672268478316392,0.579466929911155,0.521970705725699,1,0.9933422103861518,0.990807165580458,-1.052868161618224,0.30159881493589535,-4.0589671553353455,0.6898277780485257,0.011904761904761904,0.6364611533942892,0.0015903151930443116,-0.003543009389548102,3,262553.0,0.039925719591457756,-35.5,35.5,0.351432803800378,22.0,86.0,0,244.7125,11663.5,0.04554615074566707,0.38331908043664165,0.0
2022-12-09,2022,-0.12031782065834279,1.0510783200908058,0.05730573057305731,0.5664018161180476,0.2663316582914573,0.35070140280561124,4,0.7635270541082164,0.8116621754647348,-0.5685584562996612,0.9091486946651522,-3.837247446083993,0.9590210255316598,0.003968253968253968,0.9466515323496028,-0.0028313183706754064,-0.001430625096092042,4,213554.0,0.008342022940563087,19.5,19.5,0.3325766174801362,73.25,16.5,0,220.25,11645.25,0.039925719591457756,0.351432803800378,0.0
2022-12-12,2022,-0.4121411377913462,0.4391475371337991,0.03325166258312916,0.30881230552456995,0.155096011816839,-0.35361216730038025,2,0.1634980988593156,0.42969501635558977,-0.3833734515352551,1.0609522691246378,-3.7410027593494997,1.067714039569816,0.003968253968253968,0.7914049198614455,0.005620607519888687,0.002515327415887003,0,107190.0,0.22928009679370842,98.75,98.75,0.5730053425703047,122.0,22.5,0,212.9125,11553.75,0.008342022940563087,0.3325766174801362,0.0
2022-12-13,2022,2.4558692421991086,2.6282317979197622,0.40925110132158593,1.0187221396731054,0.30643611911623436,-0.7129521586931156,2,0.24154025670945156,0.5414577425824746,-0.4057057949479975,0.9865794947994047,-3.788350668647842,0.8687855841511781,0.003968253968253968,0.687072808320951,0.0008371734107591733,0.002385578495524787,1,125263.0,0.1272968784591543,-236.0,236.0,1.374145616641902,1.75,289.0,1,210.3125,12016.25,0.22928009679370842,0.5730053425703047,0.0
2022-12-14,2022,0.14661102966053907,0.42629976316679824,0.04944500504540868,0.5120108266606518,0.30660377358490565,0.7709251101321586,0,0.7863436123348018,0.22293970278552583,0.22138265478741728,1.4960640577421875,-2.962264576519679,0.4972531571781448,0.015873015873015872,2.0367655351302583,-0.002823598997722776,-0.001559661215625674,2,50234.0,0.03298182634058784,-40.75,40.75,1.302582609676328,48.25,288.75,1,221.675,11900.25,0.1272968784591543,1.374145616641902,1.0
2022-12-15,2022,-1.253492576562757,1.08584890155043,0.18361229078191357,0.8382183750616338,0.4846153846153846,-0.7241830065359477,2,0.12549019607843137,0.2115896203169563,0.5344326959951788,1.7857448090724835,-2.483569824138495,0.39892694237113585,0.01984126984126984,1.4770174765791926,0.006909752260224167,0.0036003839412795946,3,47444.0,0.1709796672828096,-78.25,78.25,0.5993535309264231,22.5,136.75,0,228.1625,11435.0,0.03298182634058784,1.302582609676328,1.0
2022-12-19,2022,-0.010218679746576743,0.8399754751686082,0.0032163333799468605,0.5272838749233599,0.07644305772230889,-0.5445736434108527,4,0.4166666666666667,0.979430163262285,-1.497138769670957,-0.37330880850194126,-4.321954833435517,1.3080415981456757,0.031746031746031744,1.2425914571837318,0.002751265110036538,0.004898450759502571,0,218338.0,0.22895125553914328,-141.25,141.25,0.5865522174535049,5.5,143.5,0,244.65,11284.0,0.1709796672828096,0.5993535309264231,0.0
2022-12-20,2022,-0.037944826171674696,0.758896523433494,0.05179282868525897,0.7424879499538509,0.42543859649122806,0.5138121546961326,2,0.8853591160220995,1.1772964227117582,-2.268587837144907,-1.2560968105835295,-5.169485181007076,1.2923163240719246,0.031746031746031744,0.8973438621679828,0.002130333009142671,-0.0022281928004859175,1,259037.0,0.0984360625574977,-51.75,51.75,0.5117423853963696,16.75,124.75,0,243.775,11226.5,0.22895125553914328,0.5865522174535049,0.0
2022-12-21,2022,0.17311608961303462,0.31160896130346233,0.00032123353678124,0.5957230142566191,0.5683003128258602,0.7247863247863248,3,0.9726495726495726,1.091843273780036,-2.03594704684318,-1.1293890020366575,-4.956359470468429,1.3179590651983741,0.04365079365079365,0.7372708757637475,-0.0005392870461000676,-0.002678595824242125,2,240235.0,0.0026954177897574125,17.25,17.25,0.2708757637474542,66.5,19.5,0,245.5,11323.25,0.0984360625574977,0.5117423853963696,0.0
2022-12-22,2022,-0.5577244841048522,0.7980530345282159,0.21498019445444724,0.8497693048724839,0.6857490864799025,-0.9606205250596659,0,0.015513126491646777,1.0214817309235222,-1.2780510064391812,-0.4968006895502695,-4.213932971657456,1.3543683003387632,0.047619047619047616,0.846727171322821,0.007131169104222956,0.007892924673697288,3,225987.0,0.035227806481916396,-12.75,12.75,0.5323733711909953,31.75,131.25,0,246.5375,11001.75,0.0026954177897574125,0.2708757637474542,0.0
2022-12-23,2022,0.031530670743359454,0.6267915153831455,0.044669195111672985,0.6057710682209059,0.28095644748078563,0.4637223974763407,3,0.9779179810725552,1.2393851752580538,-2.378368048920311,-1.8218421555513071,-5.264164914962736,1.3139469571439146,0.13095238095238096,1.2898910758647049,-0.0032805852428294813,-0.00023481787117396458,4,277903.0,0.06523605150214593,-7.5,7.5,0.36499140072616093,32.5,95.5,0,261.65,11070.75,0.035227806481916396,0.5323733711909953,0.0
2022-12-27,2022,-0.041897490805828407,0.535356826963363,0.11209439528023599,0.5968064801452446,0.13478818998716302,-0.37597503900156004,1,0.5990639625585024,1.004758954406863,-1.8833853172571096,-1.4947348819887327,-4.809673665099392,1.0578929124516394,0.1626984126984127,0.6982915134304735,0.005677171948276993,0.004934672738054258,1,226226.0,0.1299126637554585,-56.75,56.75,0.34355942460779293,25.75,92.25,0,268.5125,10991.75,0.06523605150214593,0.36499140072616093,0.0
2022-12-28,2022,-0.12791991101223582,0.23266592510196515,0.02283464566929134,0.5005561735261401,0.3669250645994832,0.03333333333333333,3,0.32222222222222224,1.0993757366550718,-2.193223952539862,-1.975639599555061,-5.223980348535408,0.9979734433188528,0.16666666666666666,0.5941787170930664,-0.00677501551103632,-0.001839913838738605,2,248576.0,0.2298253893345918,-140.5,140.5,0.5255839822024472,3.25,141.75,0,269.7,10905.0,0.1299126637554585,0.34355942460779293,0.0
2022-12-29,2022,0.44692222631772943,0.4662734979727239,0.14720812182741116,0.5915960191669738,0.6193029490616622,0.780373831775701,0,0.9626168224299065,1.001084951000431,-2.6565610025801707,-2.5672502764467406,-5.77325377810542,1.0121830569567891,0.18253968253968253,0.8597493549576115,0.0027086103708755527,-0.0028351591117503627,3,226523.0,0.04685408299866131,29.75,29.75,0.22300036859565056,60.5,7.5,0,271.3,11011.0,0.2298253893345918,0.5255839822024472,0.0
2022-12-30,2022,-0.4649907811305482,0.4757836039034043,0.17040853882959145,0.3318793002653236,0.08559046587215602,0.08401084010840108,6,0.6910569105691057,1.0086430003621492,-1.5131087826595302,-1.5070558078877572,-4.591716508521836,1.1392535893116997,0.2619047619047619,0.7734856320546837,0.0029808247933929,-0.0005801869768327084,4,228383.0,0.051194539249146756,31.0,31.0,0.1861761928317669,51.75,44.5,0,277.9625,10919.25,0.04685408299866131,0.22300036859565056,0.0
2023-01-03,2023,0.6376265599246527,0.8250529785731104,0.02371711944803795,1.0115375559218271,0.6276422764227643,-0.7383612662942272,1,0.0297951582867784,1.1984717721902987,-1.7409936425712267,-1.9062114433717903,-5.091386861313867,0.9938628015033899,0.14682539682539683,0.43513068048033904,0.0074753341281060814,0.00803774817109193,1,272596.0,0.02092940759134445,32.0,32.0,0.29008712032022604,65.0,77.0,0,265.4375,10921.25,0.051194539249146756,0.1861761928317669,0.0
2023-01-04,2023,0.29644632664334375,0.471368072178236,0.1113682383569569,0.675750322224268,0.3844282238442822,-0.7125340599455041,2,0.21662125340599456,1.462614254373431,-1.484901491438042,-1.840876450009204,-4.904170502669861,0.9888838346627538,0.19047619047619047,1.2428650340637082,0.014274726539593718,0.007068408352471689,2,332676.0,0.10916179337231968,85.25,85.25,0.6076229055422574,165.0,9.5,1,271.55,10903.0,0.02092940759134445,0.29008712032022604,0.0
2023-01-05,2023,-0.24436525200166614,0.5812930994585088,0.06258958432871477,0.41653167954829456,0.10612855007473841,-0.6088888888888889,4,0.3466666666666667,1.2102060645495993,-1.169759800064794,-1.6955986485861032,-4.733017077798864,0.9313555564344747,0.1746031746031746,0.7580876567778961,0.0013643873784243699,0.0013400591425244412,3,275265.0,0.011345218800648298,3.0,3.0,0.22215022909242377,60.0,33.25,0,270.0875,10853.75,0.10916179337231968,0.6076229055422574,1.0
2023-01-06,2023,0.12768372268987044,0.8256880733944955,0.0537903427570678,0.6753050222264259,0.0012987012987012987,0.1876750700280112,2,0.8823529411764706,1.501743424281611,-1.5189161070651633,-2.181310886219619,-5.265095053438006,0.8973027187448069,0.14682539682539683,0.42561240896623476,0.002826448553076899,-0.0002920029632509369,4,351872.0,0.3810645313235987,233.0,233.0,0.915539581954034,242.0,3.25,1,264.325,10924.0,0.011345218800648298,0.22215022909242377,0.0
2023-01-09,2023,0.15792651772028427,0.3167820149565702,0.06912122264675234,0.5192995494449347,0.6221590909090909,0.9320214669051878,1,0.9677996422182469,1.1056041381252961,-0.3065632402805518,-0.9863718705002543,-3.990083143666682,0.8958500284941031,0.1746031746031746,1.484509266570672,-0.008989283695962191,-0.006743576576975885,0,259053.0,0.2777222777222777,-123.5,123.5,0.4635607784848344,55.75,124.75,0,269.1125,11329.75,0.3810645313235987,0.915539581954034,1.0
2023-01-10,2023,-0.23189734188817598,0.40879926672777267,0.041462084015275506,0.5334555453712191,0.35677352637021714,0.06872852233676977,3,0.10481099656357389,1.4528421870265333,-0.06947754353804117,-0.773583868011002,-3.692048579285061,0.8286214243038678,0.22023809523809523,0.7002749770852429,0.0006000797677387926,-0.0015372196575100805,1,340414.0,0.12882298424467098,85.0,85.0,0.43538038496791936,118.75,32.25,0,272.75,11153.0,0.2777222777222777,0.4635607784848344,0.0
2023-01-11,2023,0.3170641523386948,0.35034202255500096,0.06973548608725524,0.3623590312442226,0.2540192926045016,0.30357142857142855,5,0.6403061224489796,1.047689162601522,0.11943057866518496,-0.6620262525420598,-3.537691809946383,0.8311921512140421,0.1865079365079365,0.6008504344610834,9.149956595599917e-05,-0.002437707965825542,2,245483.0,0.2716216216216216,84.75,84.75,0.3327787021630616,90.0,40.25,0,270.45,11353.5,0.12882298424467098,0.43538038496791936,0.0
2023-01-12,2023,0.19096584649283876,1.070510466397356,0.01913296197626544,0.762027175908924,0.06157965194109773,-0.12530120481927712,3,0.7385542168674699,1.5490181545670534,0.8956114579507896,0.08753213367608934,-2.7084695189129655,0.8605932272209137,0.2222222222222222,0.5609621740727139,0.003926860161505896,0.0008877020730551077,3,376193.0,0.009161381254404511,40.0,40.0,0.40763863385971355,111.0,76.0,0,272.3,11464.25,0.2716216216216216,0.3327787021630616,0.0
2023-01-13,2023,-0.2865741364595966,0.5273323451466558,0.11651090342679128,0.43031038045187076,0.34065934065934067,0.6096033402922756,2,0.7432150313152401,0.9731024027494692,1.1401428378924685,0.3177828684364173,-2.349000583928492,0.6053941879271965,0.29365079365079366,0.9495575618739612,0.0002890011587357577,-0.0005307704988217754,4,240385.0,0.16688567674113008,74.0,74.0,0.30184611238377573,84.0,43.75,0,278.2875,11497.5,0.009161381254404511,0.40763863385971355,0.0
2023-01-16,2023,0.07290167865707434,0.49112709832134294,0.01079913606911447,0.11318944844124701,0.01904761904761905,0.22033898305084745,4,0.5254237288135594,0.12395685535533206,1.5154916067146298,0.5806043165467615,-2.183832134292563,0.34105468351918083,0.11904761904761904,0.6637889688249401,0.001867020878674186,0.0005600626968498279,0,30621.0,0.3472584856396867,-32.75,32.75,0.14004796163069544,3.25,36.5,0,260.625,11597.0,0.16688567674113008,0.30184611238377573,0.0
2023-01-17,2023,0.1390580592773041,0.30146163215590743,0.014093739757456572,0.55115712545676,0.288135593220339,0.3149171270718232,1,0.6777163904235728,1.0523358546246502,1.6341352009744183,0.5528826634185923,-2.2743909866017082,0.39786015370772415,0.047619047619047616,0.2050345107592367,-0.00352771867562951,-0.001632688859835918,1,259958.0,0.011467889908256881,-14.25,14.25,0.3501827040194884,8.75,86.25,0,246.3,11641.25,0.3472584856396867,0.14004796163069544,0.0
2023-01-18,2023,0.30107765803799574,0.6210421064326186,0.11328009464655428,0.38773469614487277,0.06097560975609756,-0.011461318051575931,5,0.24641833810888253,1.1705098175184638,2.0074436173758485,0.8091323186312664,-2.1326574825019478,0.4616594645472886,0.01984126984126984,0.6032663037440285,0.005188354474954471,-0.00034959845733562034,2,297083.0,0.24349442379182157,-168.5,168.5,0.935451616487057,4.75,210.5,1,225.025,11693.75,0.011467889908256881,0.3501827040194884,0.0
2023-01-19,2023,-0.5166739798157086,0.6230802983764809,0.09405117979395147,0.42891619131197894,0.27157894736842103,-0.42455242966751916,5,0.17391304347826086,1.0724082688336003,1.4517332163229502,0.2931987713909597,-2.4798705572619584,0.45551792937984553,0.023809523809523808,1.2121544537077666,-0.001600472067111891,0.0018536087713915128,3,277802.0,0.07981698017285206,54.25,54.25,0.3883282141290039,88.5,57.5,0,227.9,11366.0,0.24349442379182157,0.935451616487057,1.0
2023-01-20,2023,0.034829931972789115,0.3613605442176871,0.04705446461652464,0.5017687074829932,0.6360424028268551,0.49023861171366595,1,0.8828633405639913,0.9520453323725316,0.9298503401360576,-0.20122993197278627,-2.848642176870751,0.5147257974659527,0.031746031746031744,0.6356462585034014,0.0005132105857119651,-0.0030353706932946256,4,247061.0,0.4178705189941145,187.5,187.5,0.8315646258503402,191.0,28.75,1,229.6875,11484.75,0.07981698017285206,0.3883282141290039,0.0
2023-01-23,2023,0.13593064326233545,0.31360376752649044,0.056768558951965066,0.834849620036391,0.8066037735849056,0.8,1,0.9653846153846154,1.0355464527726772,1.9222412501337869,0.8291341110992224,-1.6591030718184723,0.8778253885049008,0.03571428571428571,1.2533447500802741,-0.007687778136397094,-0.006510310328783131,0,268730.0,0.09936984973339796,46.5,46.5,0.5265974526383389,123.0,16.5,0,233.575,11860.0,0.4178705189941145,0.8315646258503402,1.0
2023-01-24,2023,-0.20608276549775636,0.48196775801894637,0.12664548343168408,0.5041271951692428,0.10414560161779575,0.3252747252747253,4,0.5186813186813187,1.086326907363133,2.8247188521411526,1.8042656916514348,-0.6242701235388596,1.1531486310038637,0.023809523809523808,1.3794249626059498,-0.001003887815754112,-0.0019997700063039137,1,287164.0,0.06919779546846296,4.5,4.5,0.2027588499252119,45.75,39.75,0,225.6375,11897.0,0.09936984973339796,0.5265974526383389,0.0
2023-01-25,2023,-0.851543140346925,1.2390177968010814,0.2938271604938272,0.4933543590898851,0.2799097065462754,-0.8013698630136986,1,0.0958904109589041,1.1775754320128318,2.6602838477134525,1.7810768191033994,-0.6082845235413421,1.1723099561218469,0.01984126984126984,0.5125028159495382,0.0020100648140305433,0.0032286728470439785,2,311285.0,0.4550898203592814,256.5,256.5,1.2514079747690923,277.75,20.25,1,221.95,11624.75,0.06919779546846296,0.2027588499252119,0.0
2023-01-26,2023,0.5974395448079659,0.6948243790349053,0.1810926949048496,0.5602363497100339,0.005802707930367505,0.130859375,3,0.68359375,1.066865437832286,2.2885983149141076,1.6346208556734845,-0.6355782908414522,1.1103436611851158,0.03968253968253968,1.3043002516686728,-0.008132527393602706,-0.0015785462876936052,3,288761.0,0.13629032258064516,23.0,23.0,0.5711784659153081,29.75,130.5,0,228.475,12034.5,0.4550898203592814,1.2514079747690923,1.0
2023-01-27,2023,-0.046357615894039736,0.2980132450331126,0.007036747458952306,0.6655629139072847,0.4174454828660436,0.681592039800995,0,0.7164179104477612,0.9863487271406434,2.801269315673286,2.4063576158940436,0.1847902869757155,0.9488901153889993,0.031746031746031744,0.7549668874172185,-0.004379280859305723,-0.005022481030604986,4,270191.0,0.22943280531425653,128.75,128.75,0.6986754966887417,158.25,57.25,1,226.5,12149.75,0.13629032258064516,0.5711784659153081,0.0
2023-01-30,2023,-0.8720833101297544,0.9478197917246756,0.14261168384879724,0.5334966865289302,0.15655577299412915,-0.42379958246346555,4,0.06889352818371608,1.002761649396471,3.5355571643370287,3.3802305507601518,1.2080581388873406,0.9219056448105991,0.023809523809523808,1.1861669543910451,0.007617837764991919,0.005433400449997738,0,274687.0,0.04838709677419355,-46.75,46.75,0.22052681405579996,39.5,49.5,0,224.4625,12032.0,0.22943280531425653,0.6986754966887417,1.0
2023-01-31,2023,-0.04782608695652174,0.6326086956521739,0.015758202014983208,0.44130434782608696,0.20208604954367665,0.874384236453202,4,0.9236453201970444,1.0302826428488305,1.9504347826086972,2.001804347826091,-0.05413043478261186,1.3062905407892402,0.05555555555555555,0.7,0.0033403837486041255,-0.0032623600937593533,1,283303.0,0.12565055762081784,33.25,33.25,0.2684782608695652,61.75,20.75,0,230.0,12063.0,0.04838709677419355,0.22052681405579996,0.0
2023-02-01,2023,0.21502942507922135,0.38252602987777273,0.05543976656940392,0.2546401086464464,0.2692307692307692,0.06666666666666667,5,0.8177777777777778,0.6586833060009004,2.2745586238116826,2.546129470348576,0.4938886373924869,1.3291614212899385,0.015873015873015872,0.7039384336803983,0.00248146425171325,0.0009786738868493572,2,182148.0,0.31381733021077285,259.25,259.25,1.3863739248528746,306.25,92.5,0,220.9,12147.5,0.12565055762081784,0.2684782608695652,0.0
2023-02-02,2023,1.1914570685169124,0.7881613183000867,0.14415862808145766,0.6558976582827407,0.38480392156862747,0.7206611570247934,2,0.9454545454545454,1.0835091062492728,3.2178013876843004,3.7231569817866412,1.8548514744145717,1.4151464045363784,0.06349206349206349,1.72918473547268,-0.0005810848257494783,-0.006319067150957869,3,297939.0,0.04226312201772325,-26.75,26.75,0.6255420641803989,144.25,99.0,1,230.6,12790.5,0.31381733021077285,1.3863739248528746,0.0
2023-02-03,2023,-0.7621061109433203,0.8496929427161986,0.1338455317428225,1.1043994764924998,0.5155938951559389,0.8887876025524157,0,0.9480401093892434,1.426334279958515,4.041779925500853,4.8012080942313515,3.1794221282593402,1.5402843199139158,0.10714285714285714,1.1567502265176683,-0.007347198358323093,-0.00905962857216891,4,394017.0,0.2349696635410921,-193.0,193.0,0.9644618946944529,59.5,239.5,1,248.325,12818.25,0.04226312201772325,0.6255420641803989,1.0
2023-02-06,2023,-0.4758006753299908,0.6067737644530851,0.050230526571220575,0.5556124015143764,0.34101382488479265,-0.19521178637200737,5,0.19152854511970535,0.9983909181902264,3.24061188990075,4.238862171288242,2.681454005934717,1.6804204785118093,0.08333333333333333,1.3076844367133942,-0.007175393369264205,-0.000853924452525856,0,275800.0,0.023774866569626393,15.75,15.75,0.5167297656809577,126.25,9.25,0,244.325,12482.5,0.2349696635410921,0.9644618946944529,1.0
2023-02-07,2023,0.023825555498005906,0.40607033718340496,0.011635423400129283,0.3180193712125136,0.022530329289428077,0.05537459283387622,4,0.40716612377850164,0.8556797121397682,2.4868182524473004,3.713430362044856,2.206914590563008,1.3393957534942418,0.07142857142857142,0.6308592738385042,-0.006421870177869327,-0.000583141052367564,1,236853.0,0.1577228184787681,179.0,179.0,1.1187652146889728,270.0,49.0,1,241.3375,12508.25,0.023774866569626393,0.5167297656809577,0.0
2023-02-08,2023,0.10635629358350475,0.44147895449756686,0.04339051463168517,0.6000100336126022,0.3480565371024735,-0.677257525083612,3,0.06521739130434782,0.9445854307186182,2.8764360608036954,4.292961420759546,2.904605428184418,1.3425618183938692,0.12698412698412698,1.280288968042944,0.0056750236236786655,0.006037848191649542,2,259991.0,0.16808510638297872,-89.75,89.75,0.3883008077058145,34.0,96.75,0,249.1625,12612.5,0.1577228184787681,1.1187652146889728,1.0
2023-02-09,2023,0.79772647953333,0.7408884678665802,0.19696084161309177,0.46766714862641473,0.23632610939112486,-0.7420042643923241,4,0.20042643923240938,0.9891786727025343,1.9862392182280515,3.5513586279104583,2.240838609961608,1.294745529065583,0.1349206349206349,0.9433115620481627,0.0016451903947732882,0.0024569175256360376,3,272265.0,0.26897470039946736,-199.0,199.0,0.8545644912000797,28.0,214.25,1,250.7125,12635.75,0.16808510638297872,0.3883008077058145,0.0
2023-02-10,2023,-0.40233293792012653,0.7156979043100039,0.1118457300275482,0.5427046263345195,0.06159420289855073,0.3861566484517304,4,0.7540983606557377,1.0982316546973043,1.4446421510478464,3.11364175563464,1.9024120205614898,0.7793753608110463,0.14285714285714285,1.21787267694741,-0.0005341748538907343,-0.00012851756710707818,4,300340.0,0.10960888459681313,-65.25,65.25,0.5733491498616053,21.0,145.0,0,252.9,12388.0,0.26897470039946736,0.8545644912000797,1.0
2023-02-13,2023,0.3120846665025843,0.6645335958651243,0.10256410256410256,0.47649520059069655,0.555921052631579,0.4524793388429752,1,0.8657024793388429,0.8844459542187191,0.8418902288949067,2.588648781688406,1.4578882599064715,0.7525438176831253,0.15476190476190477,0.7039133645089836,-0.0007795687437053278,0.0006986107827515742,0,243438.0,0.15234822451317298,61.75,61.75,0.43711543194683733,111.0,10.75,0,253.9375,12456.75,0.10960888459681313,0.5733491498616053,0.0
2023-02-14,2023,-0.17067273503057884,0.8562082207367372,0.07307898979043526,1.0723936851088038,0.3882934872217642,0.32007073386383733,0,0.6136162687886826,1.261610174263879,1.3723036078319848,3.1909164177689306,2.1540368842744013,0.9125157589472599,0.2261904761904762,0.8182809462854975,-0.0019277033451714498,-0.0035037173640504182,1,347250.0,0.18163403106009454,52.75,52.75,0.5556345707106622,75.5,146.5,0,263.6625,12564.0,0.15234822451317298,0.43711543194683733,0.0
2023-02-15,2023,-0.2343065356763987,0.34500253678335874,0.06386602327561737,0.3957382039573821,0.05502846299810247,0.4825174825174825,6,0.752913752913753,0.9999819364814434,1.51501314515013,3.426650062266504,2.4674968866749682,0.8046017474219858,0.28174603174603174,1.0433098104330982,0.004219530499553814,-0.0013325306006213289,2,276796.0,0.18132141082960754,81.75,81.75,0.43079193764125273,116.75,48.75,0,271.0125,12605.0,0.18163403106009454,0.5556345707106622,0.0
2023-02-16,2023,-0.6093793878124123,1.0474585790508284,0.2541766109785203,0.5007956566507535,0.5932835820895522,0.7607476635514019,0,0.9663551401869159,0.9950633012182498,1.581999438360014,3.6903865955256037,2.7798090424038175,0.6992324931100313,0.24206349206349206,0.7394926518768137,-0.0002243650058360025,-0.00325080992225657,3,274934.0,0.0776173285198556,-30.0,30.0,0.2574183281849668,68.75,33.25,0,267.075,12625.75,0.18132141082960754,0.43079193764125273,0.0
2023-02-17,2023,-0.7740359776431356,0.4743788455215819,0.0451574569221628,0.47907566577427085,0.1413237924865832,-0.11764705882352941,6,0.6176470588235294,0.97061739424114,1.0247992109341948,3.2998356112911527,2.450068103893665,0.7080981175935077,0.24206349206349206,0.7439763280259265,0.006165516891238787,0.002069310502935129,4,267276.0,0.027264731750219876,9.5,9.5,0.4105020900850125,34.0,109.25,0,266.1375,12374.75,0.0776173285198556,0.2574183281849668,0.0
2023-02-20,2023,0.03637890023786204,0.26771139405811295,0.06617982656321314,0.09514481600671611,0.36923076923076925,-0.6764705882352942,2,0.22549019607843138,0.06470637367585803,0.09565785177930405,2.4239914183107127,1.6478802294669097,0.857796713233304,0.25793650793650796,0.5895247423161233,-0.0006151962798504051,0.00010543188782996538,0,17818.0,0.07903780068728522,-10.0,10.0,0.04943799263094072,11.0,13.25,0,268.0125,12376.75,0.027264731750219876,0.4105020900850125,0.0
2023-02-21,2023,-0.5430932703659976,0.6149153876426604,0.1723930078360458,0.43388429752066116,0.31402439024390244,-0.28798185941043086,1,0.14512471655328799,0.7786626574716651,-0.05853994490358127,2.41900826446281,1.6683097205824462,0.6842009611538412,0.15873015873015872,0.12987012987012989,-0.005761651414578073,-0.000493703287802294,1,214418.0,0.24891461649782923,-86.25,86.25,0.35714285714285715,31.0,90.75,0,254.1,12197.0,0.07903780068728522,0.04943799263094072,0.0
2023-02-22,2023,0.035381305283289505,0.38441310064546974,0.009413908290312785,0.5364570882142004,0.45601851851851855,-0.5811051693404634,1,0.030303030303030304,0.8645957850955477,-1.0761176189337782,1.334984460913218,0.6490796079368888,0.6985203300854606,0.21825396825396826,0.7076261056657901,0.0017136096356615838,0.0022968844028329327,2,237600.0,0.04600082884376295,34.5,34.5,0.5823571599330624,152.25,1.0,0,261.4375,12038.5,0.24891461649782923,0.35714285714285715,0.0
2023-02-23,2023,0.704702933805101,0.4344193817878028,0.12639783124364623,0.4295051353874883,0.22695035460992907,-0.5080091533180778,2,0.41876430205949655,0.8491787213503196,-1.2921519484986947,1.1916064671482642,0.51766180156273,0.549989771549856,0.1626984126984127,0.6152636493193768,0.003692697477886364,0.0034747970000611472,3,232230.0,0.06182795698924731,24.25,24.25,0.6634232640424591,30.25,168.75,1,254.3625,12196.75,0.04600082884376295,0.5823571599330624,0.0
2023-02-24,2023,-0.8857240403843339,0.9403501926547334,0.25963149078726966,0.4262790811100814,0.35311572700296734,-0.34553775743707094,1,0.20594965675057209,0.8475931688468742,-0.7368677754474968,1.7157684241330518,1.0820562844461754,0.858385480420448,0.1865079365079365,0.9062088474857337,0.00033304849819415505,0.0002472115888977333,4,229891.0,0.10288513881328253,31.75,31.75,0.25459688826025456,65.25,33.5,0,256.2875,11956.25,0.06182795698924731,0.6634232640424591,1.0
2023-02-27,2023,0.5554747709757162,0.6417527022441957,0.18663761801016704,0.3218457660801706,0.17045454545454544,0.20481927710843373,1,0.5030120481927711,0.6686943160946064,-1.5794677911880208,0.7855169405263952,0.17984586302166333,0.8891376466267004,0.19444444444444445,0.4662885948330183,0.0008518568791722192,0.0002195070649235742,0,180394.0,0.044897959183673466,-61.0,61.0,0.32087635112209784,1.25,82.75,0,257.8875,12148.25,0.10288513881328253,0.25459688826025456,0.0
2023-02-28,2023,-0.12343850293783637,0.48387893151631856,0.06159303450499839,0.3278526638028934,0.15261044176706828,0.17771084337349397,2,0.35542168674698793,0.766120390618036,-1.237051301041818,1.1742260405865814,0.57945489557103,1.04369514798453,0.14682539682539683,0.48980397965733474,0.00568072747402959,-0.00122345719973449,1,201975.0,0.08579881656804733,37.5,37.5,0.4068533056831087,103.0,25.0,0,253.1625,12070.75,0.044897959183673466,0.32087635112209784,0.0
2023-03-01,2023,-0.2222111998412777,0.6061207281384853,0.018303843807199512,0.5039432567828976,0.2782956058588549,-0.6358267716535433,4,0.14566929133858267,0.8938618951232448,-1.1617479291701787,1.203273647140518,0.6742175487326986,0.8473016151755777,0.1388888888888889,0.5257675710530232,0.006173067862879078,0.005123204120835667,2,224998.0,0.09320175438596491,-8.75,8.75,0.2638757998115173,66.5,46.5,0,252.0125,11971.5,0.08579881656804733,0.4068533056831087,0.0
2023-03-02,2023,-0.4383646821078812,0.6642831234779004,0.11509869264291207,0.3575314783149386,0.29292929292929293,0.6782608695652174,2,0.8028985507246377,0.8080384721579409,-1.7247525778537778,0.5858956422612577,0.10059588579719125,1.004435329586577,0.07142857142857142,0.6425203378413389,-0.0016423997873225016,-0.0014395122992021392,3,203395.0,0.3146067415730337,124.25,124.25,0.5689413959272501,137.25,32.5,0,241.2375,11915.5,0.09320175438596491,0.2638757998115173,0.0
2023-03-03,2023,0.42080719480375284,0.6339865652584245,0.12681772066283395,0.5429412091267418,0.45294855708908405,0.6482617586912065,3,0.8404907975460123,0.9209792157792108,-1.3451396213845557,0.8928662632543203,0.4483650696719033,1.0536121224612716,0.03571428571428571,0.9171154166435352,-0.006687869194838658,-0.0032850228573630957,4,221513.0,0.2813607370659107,92.0,92.0,0.48076389274412923,108.25,43.25,0,225.1625,12213.75,0.3146067415730337,0.5689413959272501,0.0
2023-03-06,2023,0.24742498880429914,0.4780564263322884,0.0957905203844879,0.4500671742051052,0.40418118466898956,0.7412935323383084,2,0.8781094527363185,0.8112542232844981,-0.09359605911329885,2.005082848186299,1.6267017465293339,0.9821840637938909,0.027777777777777776,0.9449171518137035,-0.009393849432688173,-0.0016526750791454603,0,192451.0,0.24599881446354474,-97.0,97.0,0.46126287505597846,50.25,103.0,0,223.3,12435.5,0.2813607370659107,0.48076389274412923,0.0
2023-03-07,2023,-0.06365514545759116,0.30934167178513594,0.01567398119122257,0.8286336478865375,0.1780821917808219,-0.1940700808625337,2,0.5727762803234502,1.1405017875301386,0.08861466301859237,2.0257747501256387,1.7611871126249374,0.9874658045001293,0.031746031746031744,0.684572002903568,0.0010280271809525177,-0.0013985841799634136,1,267495.0,0.22008068130883013,-125.5,125.5,0.6521860517058462,30.75,146.0,1,223.8625,12288.25,0.24599881446354474,0.46126287505597846,0.0
2023-03-08,2023,0.10265769362381658,0.35702064560282876,0.008170961659333752,0.5224135964411999,0.2,0.27729257641921395,5,0.9475982532751092,1.1079454270693656,-0.5917075396372761,1.1668985970115167,0.9867799703433335,1.2203497005839865,0.011904761904761904,1.0277175772784304,0.0004762186020401682,8.845754711495069e-05,2,260273.0,0.08978963571062083,-50.75,50.75,0.34333295311965323,37.5,75.25,0,219.175,12217.0,0.22008068130883013,0.6521860517058462,1.0
2023-03-09,2023,0.3726997437689262,0.6545539249941765,0.020463847203274217,0.5753552294432798,0.323943661971831,0.6983805668016194,2,0.8279352226720648,0.9862758870229658,-0.5048334498019998,1.0930817610062855,1.0206440717446972,1.0977802750061927,0.011904761904761904,0.6801770323782902,-0.010126766468628423,-0.004794377710113817,3,231691.0,0.43067304155939684,-291.75,291.75,1.3941299790356394,14.75,299.25,1,214.65,12332.5,0.08978963571062083,0.34333295311965323,0.0
2023-03-10,2023,-0.10567878295203809,0.8849146440599234,0.0446785325099891,0.7513645337359192,0.058823529411764705,-0.43585780525502316,3,0.5054095826893354,1.5214443838498366,-0.9943676692602484,0.3883637208222021,0.44032052026478163,1.1831109291684754,0.015873015873015872,1.4887934037858552,-0.005310367048667164,0.002224958843834668,4,352915.0,0.09801762114537445,-76.75,76.75,0.7014284055278133,132.0,151.0,1,215.275,11947.5,0.43067304155939684,1.3941299790356394,1.0
2023-03-13,2023,-0.45508845781898855,1.9056829171170144,0.05104521147301896,1.1081403947892372,0.36944613511868535,0.648870636550308,1,0.9188911704312115,0.6136001603721323,-1.6449741168439598,-0.4687183571306709,-0.3247340576824653,0.6613511721160367,0.023809523809523808,1.2879003356277376,-0.007554964425773081,-0.0024319360688014324,0,142331.0,0.12807131985214176,120.75,120.75,0.7190397633540019,158.0,86.0,0,219.7375,11928.75,0.09801762114537445,0.7014284055278133,1.0
2023-03-14,2023,0.12026922652543308,0.8076795762992387,0.09957063995093028,0.5384530508661591,0.5780590717299579,0.8811475409836066,3,0.9344262295081968,0.26859799558908276,-0.7029129427341972,0.23731656184486566,0.490593622420832,1.030937638973605,0.07142857142857142,1.684872558755379,-0.008512079984907439,-0.004040512422185394,1,61990.0,0.20262446931686606,-135.0,135.0,0.616793556217588,38.75,139.75,1,226.575,12184.25,0.12807131985214176,0.7190397633540019,0.0
2023-03-15,2023,0.1750522333276865,1.2366593257665592,0.09404910528506034,0.44835959116833246,0.3383137673425827,-0.38287153652392947,5,0.0,0.2086970667569451,-0.5924106386583126,0.1427522728556118,0.5150488452199479,0.9515702134629861,0.03571428571428571,0.8063696425546332,0.0023926892865749894,0.0010061693660098348,2,47467.0,0.21675191815856779,184.0,184.0,1.039019707493365,230.0,21.25,1,221.3625,12050.0,0.20262446931686606,0.616793556217588,1.0
2023-03-16,2023,-0.06471769694264673,0.5646061147065387,0.037853577371048254,0.5333630885962954,0.24387646432374868,0.4309623430962343,5,0.6861924686192469,0.09612305183970832,0.34032582012943535,0.8544298147734858,1.3425518857397898,1.1066347034337876,0.05555555555555555,1.1214014728855166,-0.005257207131174835,-0.001500870858204717,3,21460.0,0.43193916349809885,296.0,296.0,1.3735773264896227,307.75,2.25,1,224.05,12271.0,0.21675191815856779,1.039019707493365,1.0
2023-03-20,2023,0.24182761756995347,1.070033706061741,0.020911203151833518,0.4440639880156225,0.1875,-0.05783132530120482,5,0.8506024096385543,0.9987727415577236,1.757797870632925,2.0982504948905873,2.7187790915413825,1.1466303588296174,0.1111111111111111,1.6681825477502543,0.011360975944536778,0.004900642218792717,0,217698.0,0.14043824701195218,40.0,40.0,0.34348081964581884,80.25,52.0,0,233.6375,12617.5,0.43193916349809885,1.3735773264896227,1.0
2023-03-21,2023,0.5231655952117047,0.5142983817335403,0.12094184801997859,0.4588782974950122,0.49224806201550386,-0.3140096618357488,3,0.08695652173913043,0.916823260420813,2.161494125471069,2.4416759033473703,3.2144646419862517,0.7567714885760979,0.07142857142857142,0.747062735535358,0.001929921138716706,0.00024293671947883677,1,198087.0,0.21885913853317812,108.5,108.5,0.5397916204832631,121.75,31.25,0,225.55,12743.0,0.14043824701195218,0.34348081964581884,0.0
2023-03-22,2023,0.0896430286537538,0.33509417853903206,0.010763710917478216,0.3713782615655515,0.5137254901960784,0.6350574712643678,3,0.882183908045977,0.7063936535559896,2.8057734379168684,3.038535830531991,3.917240275332161,0.7388360949337929,0.11904761904761904,0.6531134944773491,-0.005408790136565811,-0.001938134083167009,2,152622.0,0.037480314960629924,-37.25,37.25,0.657382210127528,154.0,108.5,1,234.2625,12927.75,0.21885913853317812,0.5397916204832631,0.0
2023-03-23,2023,-0.1514747453197504,0.6912368659661848,0.1832734400522705,0.4714918128966878,0.6585365853658537,0.6809954751131222,3,0.753393665158371,1.048609214591551,2.8046295802442764,3.062627340124804,4.07760413888741,0.7285778483687797,0.12301587301587301,1.120059736519281,-0.0007194046099168183,-0.002225578750523649,3,220781.0,0.17553719008264462,-115.25,115.25,0.8288442050242679,101.25,194.25,0,234.3625,12930.25,0.037480314960629924,0.657382210127528,1.0
2023-03-24,2023,0.04869204869204869,0.6941206941206941,0.03695507855720292,0.4506604506604507,0.07615230460921844,-0.059770114942528735,5,0.774712643678161,1.3372057953943666,2.2572390572390604,2.5474436674436656,3.64324786324786,0.9799152408429352,0.13095238095238096,1.2245532245532245,0.006565594128581709,0.002020949048035736,4,281544.0,0.06399651719634306,20.75,20.75,0.39057239057239057,47.75,94.25,0,241.3125,12820.25,0.17553719008264462,0.8288442050242679,0.0
2023-03-27,2023,0.33044763513513514,0.5384290540540541,0.00243605359317905,0.3790118243243243,0.17372262773722627,-0.403899721448468,3,0.08356545961002786,0.9335372471164327,2.2791385135135163,2.592884290540544,3.812869510135138,0.6131234292091312,0.12698412698412698,0.5996621621621622,-0.002680224603925807,-0.0006715064852036434,0,196553.0,0.08608554412560909,-39.25,39.25,0.49514358108108103,15.5,117.25,0,236.8,12883.0,0.06399651719634306,0.39057239057239057,0.0
2023-03-28,2023,-0.29112081513828236,0.3536578791309504,0.05807545570156846,0.547738422556472,0.4517374517374517,-0.9862204724409449,2,0.007874015748031496,1.0217184300762268,2.1549948784301054,2.5502183406113503,3.885853684834759,0.6672118673787265,0.1111111111111111,0.8604237425198124,0.010882339748650494,0.006742567740046002,1,207087.0,0.11544011544011544,46.25,46.25,0.3116070947220874,72.25,16.25,0,231.8625,12651.0,0.08608554412560909,0.49514358108108103,0.0
2023-03-29,2023,0.8181279939716884,0.6437375531514075,0.24149659863945577,0.23897949297594057,0.18407960199004975,-0.02252252252252252,5,0.15315315315315314,0.8558085372805628,1.3893643360783696,1.817708165132674,3.219349803541631,0.5090845769221926,0.11507936507936507,0.612519511276172,-0.0012490508978564296,-0.00132468867603186,2,175647.0,0.22362309223623092,73.0,73.0,0.32509822918348674,75.5,32.0,0,232.2375,12886.0,0.11544011544011544,0.3116070947220874,0.0
2023-03-30,2023,0.44279283994556684,0.5966712027635298,0.17742590336987413,0.33811368156600025,0.1396103896103896,0.23219814241486067,4,0.6842105263157895,1.0408105592937085,2.268920757877107,2.7520150737988067,4.190144457238565,0.9578823282394827,0.1388888888888889,0.45012038103213653,-0.003437384188162973,-0.0025367506813289697,3,213617.0,0.057815845824411134,-14.75,14.75,0.3025227677169476,28.5,72.25,0,238.825,13083.5,0.22362309223623092,0.32509822918348674,0.0
2023-03-31,2023,0.09797208322359757,0.34658941269423227,0.023275145469659187,0.3813537002897024,0.6806083650190115,0.8370165745856354,0,0.9917127071823204,0.743706179564512,2.5128259151962107,3.1019436397155618,4.647858835923101,0.9666137690630533,0.1388888888888889,0.42454569396892283,0.0012987052996058512,-0.0024854444163147082,4,152639.0,0.30318257956448913,98.25,98.25,0.454042665262049,107.75,3.5,0,237.3125,13167.75,0.057815845824411134,0.3025227677169476,0.0
2023-04-03,2023,-0.23490993363531024,0.40556199304750873,0.061967467079783116,0.2970609923101233,0.15789473684210525,0.7340425531914894,6,0.9113475177304965,0.9058379856555455,3.085484040872225,3.777372801011272,5.433171810807963,1.019927901825769,0.14285714285714285,0.8321921415780049,-0.0013325806292832088,0.0014667374150438839,0,183511.0,0.007318695941450432,-27.5,27.5,0.4540187506583799,1.5,107.75,0,237.325,13262.0,0.30318257956448913,0.454042665262049,0.0
2023-04-04,2023,0.22170043138753892,0.535138972314749,0.05928509154315606,0.4226505760934855,0.07283236994219654,0.082687338501292,3,0.6537467700258398,1.1313804986823435,2.8584065964069274,3.64209031835308,5.455818271173486,1.102847643311142,0.0992063492063492,0.4980068803582155,-0.014297787883998492,-0.0025251329417601553,1,223244.0,0.17880085653104924,-94.75,94.75,0.5023753617648665,8.5,115.0,0,228.9125,13293.25,0.007318695941450432,0.4540187506583799,0.0
2023-04-05,2023,-0.10776928575356023,0.32990597679661293,0.08823529411764706,0.44427338208610545,0.5047619047619047,-0.900990099009901,0,0.01485148514851485,1.0782478638807032,2.530708748006821,3.3953043382635912,5.300687304118327,0.8756147802452877,0.0873015873015873,0.6532138340572936,0.0034623853318933584,0.005693952931708601,2,218439.0,0.07929264118653737,-37.75,37.75,0.3387034695111893,7.0,77.0,0,227.3375,13083.0,0.17880085653104924,0.5023753617648665,0.0
2023-04-06,2023,-0.14621178555604786,0.4264510412051396,0.07604717364782432,0.44860434204696503,0.46422628951747086,0.2617283950617284,3,0.8518518518518519,1.076026595980986,1.6745680106335876,2.6395879486043388,4.629430660168362,0.8962169130611582,0.07936507936507936,0.7820115197164378,-0.0033967782630095478,-0.0013670762359938582,3,217989.0,0.3575600259571707,129.0,129.0,0.6756756756756757,152.5,31.25,1,225.7,13038.75,0.07929264118653737,0.3387034695111893,0.0
2023-04-10,2023,-0.5394258425137027,0.7489010690834101,0.10609697551608258,0.36034080425462633,0.14864864864864866,-0.39156626506024095,3,0.5240963855421686,0.8610720332499124,1.9552830086286428,3.006566451402831,5.036044934064144,0.9068802435559313,0.11904761904761904,1.0365224941661693,0.01466804942712474,0.003039674448377827,0,174442.0,0.24680851063829787,131.0,131.0,0.6588158680197536,151.75,1.5,1,230.3375,13011.0,0.3575600259571707,0.6756756756756757,1.0
2023-04-11,2023,0.07801181321743007,0.37334224896912965,0.0036363636363636364,0.4134626100523794,0.49603174603174605,-0.7924528301886793,1,0.1940700808625337,0.9970352726535576,1.6474423269809428,2.8756714588209036,5.031878970244069,0.6589777436283962,0.05952380952380952,0.8703889446116126,0.007649359648813414,0.004076476778107518,1,196735.0,0.1324404761904762,40.0,40.0,0.2106318956870612,47.25,34.25,0,224.325,13086.0,0.24680851063829787,0.6588158680197536,1.0
2023-04-12,2023,0.1426086956521739,0.9402898550724638,0.09873417721518987,0.6840579710144927,0.36018957345971564,-0.5644067796610169,4,0.2711864406779661,1.3884939281137487,1.348637681159417,2.83888695652174,5.135855072463771,0.7069984641657656,0.01984126984126984,0.5055072463768115,-0.0030341984980954972,0.0032012353402769422,2,273039.0,0.12629757785467127,-101.75,101.75,0.48,35.5,103.5,0,215.625,13073.5,0.1324404761904762,0.2106318956870612,0.0
2023-04-13,2023,0.2716243133940967,0.5529063801533168,0.11344065892923999,0.5746363252248445,0.6894117647058824,0.8613445378151261,0,0.930672268907563,1.1371656088059936,0.4367115349791755,2.115796462847833,4.571805396269693,0.8035102156601946,0.003968253968253968,1.0188929800205226,-0.003236748471881379,-0.004175399190955442,3,224489.0,0.2987234042553191,75.5,75.5,0.42373392889479083,87.75,28.75,0,207.0875,13130.5,0.12629757785467127,0.48,0.0
2023-04-14,2023,-0.3171209691786923,0.5534770473306015,0.06757297081167533,0.6152384345863768,0.0635593220338983,-0.005791505791505791,1,0.10038610038610038,1.3585323836179024,1.267771245323358,3.0890670467367376,5.574452164617855,1.0127861313255901,0.011904761904761904,0.943048874636261,-0.005136576224515466,-0.0010230271271889357,4,275221.0,0.018410852713178296,-3.75,3.75,0.39194726527703544,34.5,82.5,0,210.4875,13138.5,0.2987234042553191,0.42373392889479083,0.0
2023-04-17,2023,0.13469633193024655,0.29705351773902583,0.061847389558232935,0.32832230907997595,0.18478260869565216,-0.14285714285714285,3,0.22344322344322345,1.0626426180877766,0.7242934455802766,2.7150932050511107,5.262435357787128,0.9918118991611888,0.007936507936507936,0.9573060733613951,0.006309275508031287,0.0019423608944008075,0,223529.0,0.06656580937972768,-0.25,0.25,0.3656043295249549,5.25,76.0,0,207.875,13153.0,0.018410852713178296,0.39194726527703544,0.0
2023-04-18,2023,0.6543914800795535,0.7108487842432797,0.18954869358669835,0.7236799897350356,0.5460440985732814,-0.849290780141844,2,0.026595744680851064,1.1597556310353223,0.7148264579457221,2.9492269198691257,5.666664528132421,1.1390878926550878,0.003968253968253968,0.662090203374607,-0.0008056019413724691,0.002936310132251929,1,250110.0,0.0019801980198019802,16.0,16.0,0.21428113171232438,41.75,22.25,0,194.8375,13160.5,0.06656580937972768,0.3656043295249549,0.0
2023-04-19,2023,-0.46942318821940715,0.6250401903414572,0.15753129046180406,0.27908173107838724,0.029612756264236904,0.6405529953917051,4,0.7695852534562212,0.8839636149636474,0.7051636550704172,3.021516301202492,5.760137611729148,1.145445230956233,0.003968253968253968,0.8205260111889912,-0.0014309903440490324,-0.0007920091499933335,2,190762.0,0.22392414296134208,92.25,92.25,0.5504469165970034,107.0,6.75,0,194.3875,13120.0,0.0019801980198019802,0.21428113171232438,0.0
2023-04-20,2023,-0.8395899980413919,0.7377423777502121,0.16890080428954424,0.5849709473134426,0.6363636363636364,0.8125,0,0.8638392857142857,0.8920126226234112,0.808448129529283,3.179813279362802,5.997225305216424,0.9393806590156746,0.003968253968253968,0.7769145394006659,-0.0005706863803587314,-0.003776719926028571,3,192499.0,0.15783602900167318,-90.75,90.75,0.48834628190899,57.25,93.5,0,191.4625,13142.5,0.22392414296134208,0.5504469165970034,0.0
2023-04-21,2023,0.03214357463336235,0.5517980312060538,0.03730797366495977,0.5317082970602023,0.08411214953271028,0.07052896725440806,3,0.8261964735516373,1.0486462190052965,-0.07379629009575912,2.3626866671131035,5.262070581932637,0.6577296686905593,0.003968253968253968,0.8250184155896337,-0.003808041063980805,-0.0008368681704139513,4,226301.0,0.04098820887142055,-1.25,1.25,0.32679300877251727,57.0,61.0,0,186.6625,13064.75,0.15783602900167318,0.48834628190899,0.0
2023-04-24,2023,0.07828335779688264,0.4766897322988747,0.019909502262443438,0.4473334731250437,0.1609403254972875,-0.115625,3,0.178125,0.9346487305551823,-0.08079960858321508,2.471293772279299,5.532669322709161,0.6518728797401068,0.003968253968253968,0.7772419095547634,0.0056002880966621316,0.0021518865606522386,0,201700.0,0.08005822416302766,-9.75,9.75,0.5647585098203677,1.0,101.0,0,178.8375,13068.25,0.04098820887142055,0.32679300877251727,0.0
2023-04-25,2023,-0.38872691933916426,0.5122865472719701,0.08679795769511306,0.4525891989448841,0.5055679287305123,-0.656441717791411,2,0.012269938650306749,1.1094593823686012,-0.16840205469943484,2.3574899347494083,5.442357351103704,0.6388133038150083,0.007936507936507936,0.9260030542829377,-0.0012715045053840468,0.0007965685428111824,1,233377.0,0.22382671480144403,-83.5,83.5,0.5747605164514786,39.5,103.5,0,180.075,12935.0,0.08005822416302766,0.5647585098203677,0.0
2023-04-26,2023,0.5428492697712869,0.6144943510608983,0.01892744479495268,0.39404794709286306,0.0977620730270907,-0.21678321678321677,5,0.534965034965035,1.1681394605264988,-1.3100716450812877,1.1405345825296265,4.233838523009092,0.8216584627921552,0.011904761904761904,1.0140534582529623,0.0005667914741638302,-0.0010598744084562295,2,252088.0,0.10891089108910891,-46.0,46.0,0.4298704877376688,78.0,66.0,0,181.45,12934.5,0.22382671480144403,0.5747605164514786,0.0
2023-04-27,2023,0.8503211393465512,0.6171460485897794,0.13486005089058525,0.4845015358838313,0.4124137931034483,0.6772334293948127,5,0.9942363112391931,1.0536675007103118,-1.1743926277576076,1.3211393465512384,4.4662524434515545,0.8545246629422784,0.007936507936507936,0.8042446244065903,-0.004505108985296102,-0.0010292872888510995,3,229925.0,0.38763197586727,134.75,134.75,0.8293772689192962,148.5,16.5,1,179.05,13099.5,0.10891089108910891,0.4298704877376688,0.0
2023-04-28,2023,-0.07616456987419246,0.365861951717103,0.01037567084078712,0.6569194151649099,0.4809688581314879,0.4472049689440994,1,0.8426501035196687,0.9876540414731833,0.6621557293437587,3.1007140428425743,6.193043182590952,1.4402173192726493,0.01984126984126984,1.27711662699762,0.0069644515524855954,0.0032745078042222264,4,218115.0,0.08056394763343404,18.75,18.75,0.49234954097245837,21.5,90.5,0,183.8125,13274.25,0.38763197586727,0.8293772689192962,1.0
2023-05-01,2023,0.04387769093651447,0.4497463320992733,0.01595987232102143,0.283833813245578,0.06329113924050633,-0.1111111111111111,6,0.3671497584541063,0.8560528704976194,0.9282873988756343,3.38173591114768,6.524681201151786,1.45209245081292,0.01984126984126984,0.6759906759906761,0.009347770617757711,0.0024637256999054946,0,189052.0,0.046831955922865015,15.5,15.5,0.3715891951186069,67.75,36.5,0,182.325,13295.25,0.08056394763343404,0.49234954097245837,0.0
2023-05-02,2023,-0.05502257336343115,0.3752821670428894,0.03145235892691952,0.7519751693002258,0.7331378299120235,-0.8949343339587242,3,0.013133208255159476,1.1395774797762197,1.0426777652370245,3.499012415349885,6.775959367945829,1.5214011599079826,0.003968253968253968,0.5883182844243793,-0.010958661058041108,-0.00234645505655251,1,251666.0,0.12090848363393454,32.25,32.25,0.3992663656884876,40.25,70.75,0,177.2,13181.75,0.046831955922865015,0.3715891951186069,0.0
2023-05-03,2023,-0.08259343382201115,0.4143437263404226,0.06373223292067859,0.30008947621997384,0.03007518796992481,0.1834862385321101,3,0.3944954128440367,0.71011900898219,0.4902608575951565,2.789896069929109,6.043657512561086,1.2536631896271984,0.023809523809523808,1.1136347993667837,0.008475606508759004,-0.0005161747452377963,2,158631.0,0.07616707616707617,-48.75,48.75,0.5561291210682083,101.0,60.5,0,181.6125,13209.0,0.12090848363393454,0.3992663656884876,0.0
2023-05-04,2023,-0.4252108908853988,0.707770386118922,0.03612225995677678,0.46498868390371034,0.37037037037037035,-0.6637168141592921,3,0.2920353982300885,0.9810891286246968,0.20410122762499544,2.3979699609080285,5.702564981825666,1.3235387223965631,0.027777777777777776,0.8860846306837666,-0.008215584524170372,-0.0021713566645507054,3,216805.0,0.08341416100872939,30.75,30.75,0.5747205267128456,104.75,14.5,0,182.2625,13026.5,0.07616707616707617,0.5561291210682083,0.0
2023-05-05,2023,0.45275181723779856,0.5219799238490828,0.12195121951219512,0.7158186223606784,0.8382978723404255,0.8800773694390716,0,0.9941972920696325,0.8562960212297688,-0.36773970231913955,1.7452682589131143,5.169740394600209,0.5421577818086285,0.01984126984126984,0.7172031844929041,-0.005862861523807661,-0.003492770509690102,4,189089.0,0.24612736660929432,88.5,88.5,0.5870543440636898,106.0,13.5,0,180.5625,13252.75,0.08341416100872939,0.5747205267128456,0.0
2023-05-08,2023,-0.21910724006532392,0.26265650517147526,0.04571135079609656,0.29395753946652153,0.36533333333333334,-0.7546296296296297,2,0.07407407407407407,0.7585521370153336,1.1373162765378295,3.123380511703862,6.607627925966255,1.1267360293355333,0.03968253968253968,1.2765378334240611,-0.006298982731940517,0.00029576318215207564,0,167505.0,0.2341723874904653,86.75,86.75,0.5865541643984759,107.75,5.75,0,183.7,13260.25,0.24612736660929432,0.5870543440636898,0.0
2023-05-09,2023,-0.3679698933723604,0.43626733570283643,0.11615343057806592,0.2453132622482403,0.00911854103343465,0.022727272727272728,4,0.19318181818181818,0.8266295930659083,1.139730991706735,3.1054150114990633,6.773384904871422,1.1282486542121033,0.015873015873015872,0.6327967105721652,-0.0003610751417419955,-0.00013574771729851776,1,182538.0,0.11219512195121951,-13.75,13.75,0.1435640114293679,21.5,25.75,0,179.3625,13282.0,0.2341723874904653,0.5865541643984759,0.0
2023-05-10,2023,0.5519753432333987,1.1557859344354162,0.16798791996979992,0.630428691510227,0.01179245283018868,0.37555555555555553,4,0.7777777777777778,1.2046127650324696,0.6644017932193892,2.536508826001678,6.338946483608852,1.099560018618113,0.007936507936507936,0.34323339871112357,-0.013442882337777129,-0.006944384717538554,2,266005.0,0.03192488262910798,-5.25,5.25,0.8195572989632951,2.75,146.25,1,178.45,13409.0,0.11219512195121951,0.1435640114293679,0.0
2023-05-11,2023,0.13175603881844583,0.36551675285117236,0.032126880845872306,0.3740171424523624,0.040293040293040296,-0.7651515151515151,6,0.13636363636363635,1.0637164775248842,1.3173478784444266,3.18373592122972,7.141170220301765,1.1412431361707296,0.003968253968253968,0.9704611461358645,-0.000920890286674747,-4.189151435718408e-05,3,234892.0,0.20580033463469047,87.0,87.0,0.5411914712757668,95.5,15.0,0,176.4625,13376.5,0.03192488262910798,0.8195572989632951,1.0
2023-05-12,2023,0.025049731083769247,0.2991232594120681,0.024793388429752067,0.5702497605540411,0.5668789808917197,-0.7906976744186046,1,0.007751937984496124,0.8505674253471122,1.6464304133205607,3.503750092094599,7.754144256980768,1.0405389535015321,0.003968253968253968,0.6512930081780005,9.714491013923521e-05,0.0014692032134048238,4,187824.0,0.1360501567398119,-46.75,46.75,0.47889191777794154,34.5,81.25,0,169.6625,13391.25,0.20580033463469047,0.5411914712757668,0.0
2023-05-15,2023,0.4285926145632508,0.5783775767462555,0.09430255402750491,0.45676998368678634,0.15789473684210525,-0.42207792207792205,2,0.42857142857142855,0.7896026855513658,0.8889218448761701,2.656503040189825,7.080379652973459,0.7528157515556344,0.003968253968253968,1.0514607741361413,0.00613323810074673,0.00031034906476057333,0,171707.0,0.18774548311076197,67.75,67.75,0.5620643630431559,94.75,2.25,0,168.575,13384.25,0.1360501567398119,0.47889191777794154,0.0
2023-05-16,2023,-0.09327805744743856,0.3893988747408943,0.05587892898719441,0.4945217648800711,0.18575851393188855,0.7305389221556886,4,0.7514970059880239,1.0932724818102533,1.4355196920343545,3.121557595498968,7.691249629848976,0.8210358372454265,0.007936507936507936,0.7565886881847794,-0.009042664529345545,-0.005506374214260923,1,228770.0,0.14053254437869822,36.0,36.0,0.33757773171453953,57.0,17.75,0,168.85,13497.25,0.18774548311076197,0.5620643630431559,0.0
2023-05-17,2023,-0.04944190576073114,0.3161285489549779,0.051362683438155136,0.3895422878118211,0.023017902813299233,-0.019230769230769232,1,0.75,0.8436076032544414,1.8326466401977632,3.498539216420703,8.253472170200013,0.7189981797113019,0.003968253968253968,0.717656753314855,0.0013479142226909824,-0.001295210534092761,2,176527.0,0.34017971758664955,131.5,131.5,0.8719754288710764,145.5,18.5,1,166.8625,13523.75,0.14053254437869822,0.33757773171453953,0.0
2023-05-18,2023,-0.008868524129776071,0.3281353928017146,0.030653556969346442,0.8188603946493238,0.8603773584905661,0.9783393501805054,0,0.9855595667870036,1.0837337666216653,2.3983445421624396,4.017086689823372,8.84343359692558,0.6875567547402505,0.015873015873015872,1.148473874806001,-0.002932583689219781,-0.003624895425928587,3,226774.0,0.07753086419753086,36.75,36.75,0.39169314906510977,66.25,33.25,0,169.1375,13789.25,0.34017971758664955,0.8719754288710764,1.0
2023-05-19,2023,0.4197133664814273,0.4855220824802574,0.007902298850574713,0.3933898800818953,0.037037037037037035,0.1412639405204461,2,0.6765799256505576,0.8022394923204268,3.1452910207663063,4.7787364726528185,9.73239251243054,0.8044254682832357,0.023809523809523808,1.1860193038900264,-0.007116215136725779,0.0006198308646332418,4,174455.0,0.09128205128205129,-53.25,53.25,0.5440187189236619,1.25,93.0,0,170.95,13907.25,0.07753086419753086,0.39169314906510977,0.0
2023-05-22,2023,-0.03387583769055159,0.5007732528168495,0.04806346243583761,0.5876721408056558,0.12022630834512023,0.6090225563909775,4,0.6215538847117794,1.1501702488620207,3.099860078061715,4.778967523381692,9.951668016790629,0.37614185675415096,0.023809523809523808,0.6760438913027469,4.1415239286246575e-05,-0.0031976338363624013,0,240676.0,0.028831562974203338,13.5,13.5,0.228293688784152,33.75,38.75,0,169.7375,13909.0,0.09128205128205129,0.5440187189236619,0.0
2023-05-23,2023,-0.5484186011569379,0.9120276463075653,0.1292517006802721,0.35008639471114117,0.0,0.38626609442060084,3,0.5493562231759657,0.7960774395291088,3.3143264968822757,5.060686650138982,10.541469461347758,0.3908062637503727,0.003968253968253968,0.5995041694838855,0.010226337464081858,-7.460487619037615e-05,1,173115.0,0.2583518930957684,-104.75,104.75,0.8579370445496207,19.25,142.75,1,166.3875,13853.75,0.028831562974203338,0.228293688784152,0.0
2023-05-24,2023,-0.6415578534228998,0.7713789719978866,0.15637530072173217,0.537399048984829,0.5081967213114754,-0.5,1,0.13764044943820225,1.031510689983099,2.0112461317835284,3.8099177296399684,9.525322665861578,0.9674388555836516,0.003968253968253968,1.0204543739150125,-0.003860621512482343,-0.0004217691582397709,2,209342.0,0.08588957055214724,34.25,34.25,0.298890482300551,49.5,31.5,0,165.6125,13598.25,0.2583518930957684,0.8579370445496207,1.0
2023-05-25,2023,1.9334033298335083,1.0319484025798709,0.09572301425661914,0.6884655767211639,0.016270337922403004,-0.5381263616557734,3,0.3638344226579521,1.3988068197504713,1.0762711864406822,2.8967151642417845,8.747405129743507,0.985437844736819,0.011904761904761904,0.6494675266236688,-0.004619641427451082,0.0003993000539636027,3,278664.0,0.15551453622519612,99.25,99.25,0.830958452077396,138.5,8.5,1,166.675,13893.0,0.08588957055214724,0.298890482300551,0.0
2023-05-26,2023,0.152683071449748,0.7100504002371776,0.04401695467883926,1.1829232137563,0.93717277486911,0.9523809523809523,1,0.968671679197995,1.129661095647678,2.972057515564775,4.765490661132527,10.759286984879923,1.4819187307111208,0.023809523809523808,1.068781500148236,-0.006904385629145304,-0.004313077905022666,4,225046.0,0.3684210526315789,155.25,155.25,0.953157426623184,160.75,5.75,1,168.65,14208.0,0.15551453622519612,0.830958452077396,1.0
2023-05-29,2023,0.08410892795587728,0.4329541537400896,0.07692307692307693,0.10065494657014823,0.48514851485148514,0.1643835616438356,3,0.7534246575342466,0.06311255901272743,4.515546363322994,6.243998621165114,12.024881075491207,1.609973176843363,0.07936507936507936,1.952430196483971,0.0013673992775473653,0.0005020030222901983,0,12573.0,0.3948339483394834,24.75,24.75,0.16408135125818682,29.75,6.25,0,181.3125,14381.5,0.3684210526315789,0.953157426623184,1.0
2023-05-30,2023,0.5812324929971989,1.0742296918767507,0.1343379288233408,0.8991596638655462,0.32298136645962733,-0.4657320872274143,1,0.22429906542056074,1.4989446102336415,4.520728291316531,6.377198879551821,12.43149859943977,1.6192239551816556,0.05952380952380952,0.24369747899159663,-0.0024746911994554255,0.0020214518429659822,1,298613.0,0.04309969525468002,-22.25,22.25,0.5546218487394958,49.25,99.0,0,178.5,14435.25,0.3948339483394834,0.16408135125818682,0.0
2023-05-31,2023,-0.46084232509571876,0.6404455273233554,0.08134302526825891,0.7685346327880265,0.375609756097561,-0.2554347826086957,1,0.1503623188405797,1.2775260961119994,4.197702749738949,6.181524538809603,12.375391576749044,1.4213407027283012,0.07539682539682539,1.2446919596240864,-0.008660104982130323,-0.001712050043189306,2,254503.0,0.018164435946462717,10.0,10.0,0.3898364079359554,70.0,42.5,0,179.5625,14295.0,0.04309969525468002,0.5546218487394958,0.0
2023-06-01,2023,-0.03760183831209526,0.4943945407701414,0.0046627292508548334,0.49996518348304436,0.13768115942028986,-0.04456824512534819,4,0.47075208913649025,0.9843457773960629,3.2783928695773317,5.419678295383328,11.757892904393842,1.3773434496053838,0.07539682539682539,0.8899101733862544,0.0013634871186525288,0.00016045836271361136,3,209738.0,0.4811320754716981,228.25,228.25,1.2868184666805933,231.0,6.75,1,179.5125,14294.25,0.018164435946462717,0.3898364079359554,0.0
2023-06-02,2023,0.11201079622132254,0.4885290148448043,0.08865096359743041,0.8515519568151148,0.3534100974313552,-0.1537242472266244,1,0.31061806656101426,1.4306528586427412,3.9554655870445345,6.249716599190284,12.540445344129557,1.185162893506295,0.11904761904761904,1.475033738191633,0.006069044857022643,0.0038414809993625454,4,299779.0,0.10978835978835978,65.25,65.25,0.48717948717948717,90.25,8.5,0,185.25,14519.0,0.4811320754716981,1.2868184666805933,1.0
2023-06-05,2023,-0.08845208845208845,0.4015444015444015,0.006541291905151268,0.47174447174447176,0.06948640483383686,0.5863095238095238,6,0.5952380952380952,1.1186842202104954,4.112881712881715,6.6500526500526504,13.364612144612144,0.770212146766772,0.05555555555555555,0.8859248859248859,-0.0165132763297986,-0.0033223334882825917,0,243193.0,0.04644913627639156,-39.0,39.0,0.43524043524043526,77.5,74.0,0,178.0625,14617.75,0.10978835978835978,0.48717948717948717,0.0
2023-06-06,2023,-0.10002083767451551,0.3306244356463152,0.03641691084135622,0.4278669167187608,0.34930139720558884,0.022727272727272728,3,0.7467532467532467,0.9294719135939091,3.696672917969025,6.356157532819342,13.156338125998467,0.7827654802910244,0.0873015873015873,0.8418420504271723,0.02117410767792327,0.0017509400672854891,1,209977.0,0.06127167630057803,27.5,27.5,0.3417378620545947,61.5,34.75,0,179.9625,14562.5,0.04644913627639156,0.43524043524043526,0.0
2023-06-07,2023,0.011026878015161957,0.4272915230875258,0.0,0.7925568573397657,0.710455764075067,-0.3808695652173913,3,0.03826086956521739,1.171678987207295,3.3655410062026148,6.176126809097172,13.06992419021365,0.7993272310595867,0.10317460317460317,0.6560992419021364,0.013490404682356072,0.002936727751464363,2,264694.0,0.22812920592193808,-184.5,184.5,1.087525844245348,0.0,197.25,1,181.375,14537.25,0.06127167630057803,0.3417378620545947,0.0
2023-06-08,2023,-0.07911914023867607,0.6039427704885607,0.01590392729633236,0.5261422825871959,0.4946401225114854,0.7919799498746867,3,0.8897243107769424,1.1294586339692798,1.7180721302828528,4.48254763631568,11.21492714445836,1.0005268929932747,0.1388888888888889,1.7696314366717214,-0.012190027630315736,-0.003930058809936465,3,255156.0,0.18670360110803325,75.75,75.75,0.5630645480319114,106.75,20.75,0,189.5875,14416.75,0.22812920592193808,1.087525844245348,1.0
2023-06-09,2023,0.3572580125104791,0.5365318888244018,0.09289617486338798,0.6784033017347004,0.39233038348082594,0.6996197718631179,0,0.7395437262357415,0.98481253596565,2.1359386083704113,4.947004578577421,11.650461082091955,0.8526480734393549,0.14682539682539683,1.008576771780486,-0.0073273253425323315,-0.0025434605396714716,4,222479.0,0.12123552123552124,-89.0,89.0,0.8138260140581672,4.5,157.75,1,193.8375,14653.75,0.18670360110803325,0.5630645480319114,0.0
2023-06-12,2023,0.29781771501925547,0.5147625160462131,0.11541850220264317,0.2798459563543004,0.017467248908296942,-0.04128440366972477,3,0.6880733944954128,0.3910008410428932,2.1836328626444197,5.141181001283702,11.928408215661108,0.8913929136112462,0.15476190476190477,0.9858793324775353,0.003736182824041978,-0.0008311805852763143,0,88331.0,0.45535055350553505,157.75,157.75,0.8446726572528883,164.5,18.0,1,194.75,14620.5,0.12123552123552124,0.8138260140581672,1.0
2023-06-13,2023,0.6770081014884131,0.9395214469635119,0.12296390929415522,0.8315016014570119,0.4206060606060606,-0.45770392749244715,1,0.34894259818731116,0.3781417378602098,2.8760911888463268,5.951139860579037,12.691553099290331,1.0563137673261884,0.1626984126984127,1.0148841298750235,0.016980427826628564,0.006341652496701267,1,85426.0,0.08310401761144744,53.75,53.75,0.46976072348175596,93.5,8.25,0,199.0375,14837.25,0.45535055350553505,0.8446726572528883,1.0
2023-06-14,2023,0.09558686611631804,0.35255415554590036,0.02570093457943925,0.5884178511575943,0.5923344947735192,0.5738396624472574,1,0.9261603375527426,0.15726942628903412,3.06529700204829,6.27705294519273,13.046055490037864,1.064350005909649,0.16666666666666666,0.8217987710260071,-0.0062962756014266485,-0.0023886960378469713,2,35191.0,0.03740648379052369,-29.25,29.25,0.9198684128856062,56.25,185.25,1,201.3875,14978.25,0.08310401761144744,0.46976072348175596,0.0
2023-06-15,2023,0.044171779141104296,0.7938650306748466,0.09401231113598209,0.7693251533742331,0.4519956850053937,0.5821371610845295,1,0.7559808612440191,0.17784928216300766,2.996932515337423,6.31710429447853,13.116110429447849,0.3826585891681529,0.17063492063492064,1.185276073619632,-0.0021912359569129514,2.82297583318325e-05,3,39796.0,0.35281290885303096,189.5,189.5,0.9950920245398773,202.75,17.5,1,203.75,15049.25,0.03740648379052369,0.9198684128856062,1.0
2023-06-19,2023,0.05961607249314415,0.9335876952426374,0.05493005800068236,0.10850125193752234,0.2,-0.6153846153846154,2,0.2967032967032967,0.11581293819486838,3.957255276022412,7.311267437701203,14.05842971265053,0.5775698944142478,0.18253968253968253,1.5321330630738046,-0.001249405145180793,7.492938732311938e-05,0,25042.0,0.0031545741324921135,0.5,0.5,0.0631930368427328,13.25,4.75,0,209.675,15237.25,0.35281290885303096,0.9950920245398773,1.0
2023-06-20,2023,-0.12312568572473485,0.433987565524808,0.044310528181495924,0.8972327197366817,0.5391400220507166,-0.3546195652173913,1,0.11413043478260869,1.2077575522134043,3.7037669145434564,7.268511520175546,14.295861270266972,0.6826925194444509,0.1746031746031746,0.11093502377179082,-0.00011371361985168527,-0.00022034703778406328,1,261151.0,0.2200695479384004,99.0,99.0,0.6741436059978058,138.25,15.0,1,205.075,15147.25,0.0031545741324921135,0.0631930368427328,0.0
2023-06-21,2023,-0.21262617213163712,0.4371976348324673,0.08588186007540846,0.6856596786716838,0.5235204855842185,-0.6567944250871081,2,0.22125435540069685,1.058179329226557,3.353580600848112,6.9617392343068705,13.974287762049808,0.6835116350241364,0.1865079365079365,0.8791733858926118,0.008383699078727047,0.004616949965077333,2,228808.0,0.022587268993839837,9.25,9.25,0.50170220390611,42.5,105.0,0,209.2875,15107.5,0.2200695479384004,0.6741436059978058,1.0
2023-06-22,2023,-0.6401137980085349,0.42555713608345186,0.08719973675551168,0.8783783783783784,0.633245382585752,0.7921727395411606,0,0.8879892037786775,1.1181006647673315,2.389639639639641,6.105689900426745,13.182699146514938,0.8999488212274835,0.20238095238095238,1.0277382645803699,-0.012461917555247726,-0.006100389587989863,3,250189.0,0.13298791018998274,55.75,55.75,0.343764817449028,63.5,72.5,0,210.9,15128.5,0.022587268993839837,0.50170220390611,0.0
2023-06-23,2023,-0.6602169451773673,1.0131926121372032,0.21772525849335303,0.4831427733802404,0.14841849148418493,0.08737864077669903,2,0.6577669902912622,1.1432178630132157,2.3166813251246,6.149234828496045,13.2841395485195,0.9374059729074151,0.21031746031746032,1.06948109058927,0.006744677584854308,0.0013967190087187387,4,259427.0,0.021834061135371178,14.0,14.0,0.4831427733802404,103.0,45.75,0,213.1875,15052.5,0.13298791018998274,0.343764817449028,0.0
2023-06-26,2023,-0.15008919234791165,0.573291505197761,0.0327653997378768,0.6298825121486129,0.16638078902229847,0.40625,1,0.498046875,0.9685317304683885,1.586639601402469,5.6885280186996345,13.288472657931973,0.5581278236239628,0.17063492063492064,0.8402534292919973,0.0012832946296232883,-0.0016901712868353513,0,219786.0,0.20477815699658702,-146.0,146.0,1.0309405179307376,13.0,209.5,1,203.2125,15088.0,0.021834061135371178,0.4831427733802404,0.0
2023-06-27,2023,-0.1224283730910009,0.37612015650637387,0.06546452371618973,0.4606840843114982,0.09090909090909091,0.08767123287671233,1,0.410958904109589,1.2846769350767915,0.8531490596996051,5.025041019815722,12.937189196011616,0.6765961013675391,0.1626984126984127,1.3820522529344945,0.004943921431799447,0.0008908296487382117,1,289879.0,0.41088580576307365,205.25,205.25,1.0564180234759561,209.25,36.0,1,198.075,14925.75,0.20477815699658702,1.0309405179307376,1.0
2023-06-28,2023,-0.48795144522564754,0.34372934318851034,0.08698940998487141,0.7066882999819722,0.43875278396436523,0.9115646258503401,8,0.9387755102040817,1.209840657117252,1.5467820443482965,5.503371191635121,13.166895018328226,1.0440227534845188,0.19444444444444445,1.1862267892554534,-0.006605585636987987,-0.0071569336805463735,2,285523.0,0.10841602352076442,-53.25,53.25,0.5023736554293613,55.25,104.5,0,208.0125,15163.5,0.41088580576307365,1.0564180234759561,1.0
2023-06-29,2023,0.0423728813559322,0.48668280871670705,0.05978068623983021,0.5302663438256658,0.2871287128712871,-0.3972602739726027,5,0.3675799086757991,1.195357636954159,1.288801452784507,5.255907990314767,13.105266343825662,0.9533876695187277,0.1865079365079365,0.9358353510895884,0.01545042961075671,0.004972779309817987,3,282105.0,0.0005685048322910744,2.25,2.25,0.31234866828087166,64.5,47.0,0,206.5,15075.5,0.10841602352076442,0.5023736554293613,0.0
2023-06-30,2023,0.851740806461482,0.8064614819800526,0.24322136786726023,0.6767423361683902,0.632258064516129,0.7811934900542495,0,0.8788426763110307,0.7986974603867365,0.9545371106895919,4.971106895918742,13.015272593771034,0.9375173501678683,0.18253968253968253,0.5690509698341798,-0.009014379972977493,-0.003500334389966442,4,188493.0,0.0061770761839396015,-4.75,4.75,0.3781435476962614,4.25,77.25,0,204.2875,15359.75,0.0005685048322910744,0.31234866828087166,0.0
2023-07-03,2023,0.002432350258437215,0.3113408330799635,0.0010245901639344263,0.27120705381574944,0.21405750798722045,-0.20179372197309417,3,0.18385650224215247,0.6163715754839503,2.0948616600790513,6.064919428397686,14.202845849802372,1.2049061515687731,0.19047619047619047,0.6725448464578899,0.007046099975434039,0.0018480232749629177,0,145464.0,0.225,12.25,12.25,0.1787777439951353,22.25,36.75,0,205.5625,15344.25,0.0061770761839396015,0.3781435476962614,0.0
2023-07-04,2023,0.034689958495942516,0.2069008238865143,0.0528,0.09911416713126432,0.6470588235294118,-0.75,4,0.0125,0.050451264937833355,1.9501331846620864,5.958545499597352,14.390429288236389,1.010988733135391,0.1746031746031746,0.40760701232732455,-0.0006462718550196422,0.0004753659103493568,1,11384.0,0.08496732026143791,-3.75,3.75,0.03964566685250573,8.0,7.5,0,201.7875,15348.5,0.225,0.1787777439951353,0.0
2023-07-05,2023,-0.25949124376837535,0.5177042055477439,0.11335816923895689,0.6698197622395501,0.73568281938326,0.9293893129770993,0,0.9408396946564885,0.9280047030626435,1.756167710596956,5.853943499936087,14.70214751374153,0.9400271322557565,0.1626984126984127,0.13933273680173847,-0.012271662815713125,-0.004158569386040645,2,205212.0,0.10075713453698311,-34.75,34.75,0.46785120797647967,16.0,91.5,0,195.575,15415.75,0.08496732026143791,0.03964566685250573,0.0
2023-07-06,2023,-0.9410567813314682,1.021173777579958,0.22142121524201855,0.5188529280854581,0.006993006993006993,-0.37254901960784315,3,0.45098039215686275,1.1132013611748612,1.73033636421441,5.750848858650728,14.722648947669612,0.9091574388273533,0.16666666666666666,0.7083359827049024,-0.00972126634913384,-0.001549974843479851,3,246165.0,0.13125309559187717,71.75,71.75,0.4794302791377885,94.25,44.75,0,196.5875,15158.0,0.10075713453698311,0.46785120797647967,0.0
2023-07-07,2023,-0.04656878597762111,0.710173986158722,0.00030385900941962927,0.5096694909772977,0.21481481481481482,-0.3680203045685279,2,0.050761421319796954,1.1657716527421342,0.7505982795420737,4.824888428950259,14.110051096306838,1.1806041748790619,0.14682539682539683,0.725696914817929,0.01120973799473457,0.0031144657260507858,4,257790.0,0.2840646651270208,106.5,106.5,0.9067977491753445,175.25,3.75,1,193.2625,15184.5,0.13125309559187717,0.4794302791377885,0.0
2023-07-10,2023,-0.6350649350649351,0.6701298701298701,0.013768812039705411,0.6701298701298701,0.1217877094972067,-0.09108527131782945,4,0.5542635658914729,1.1683266819666942,0.8643506493506531,4.948493506493502,14.38959090909091,0.6297349437069584,0.14682539682539683,0.9363636363636364,0.01299120996199199,0.0023547543112147906,0,258355.0,0.009954751131221719,12.0,12.0,0.4857142857142857,35.75,93.5,0,192.5,15157.0,0.2840646651270208,0.9067977491753445,1.0
2023-07-11,2023,0.17001545595054096,0.32843894899536324,0.025813692480359147,0.6427099433281813,0.18872549019607843,-0.2124248496993988,2,0.533066132264529,1.1637427161308445,0.07302936630602408,4.085857805255026,13.542684183410614,0.6991831604085335,0.15873015873015872,0.7779495105615662,0.0022657123248699396,0.0006764950762769839,1,261024.0,0.01822079314040729,26.25,26.25,0.38382277176713037,74.5,19.0,0,194.1,15175.5,0.009954751131221719,0.4857142857142857,0.0
2023-07-12,2023,1.2030767207941622,0.9558871869042141,0.2681215900233827,0.5246203405430281,0.4064516129032258,0.49624060150375937,2,0.7218045112781954,1.0051687148532653,0.1354283084609822,4.1443429097363795,13.896640589047395,0.7811888346794882,0.14285714285714285,0.7415686016698443,-0.004433923351189861,-0.0016566858043944865,2,238714.0,0.06256860592755215,-16.0,16.0,0.7152718427453817,23.75,136.0,1,190.1375,15480.0,0.01822079314040729,0.38382277176713037,0.0
2023-07-13,2023,0.5682394723490614,0.6380010147133435,0.19024814976055726,0.35261288685946224,0.07074569789674952,0.06474820143884892,3,0.4064748201438849,0.8808671854215175,1.3158295281582972,5.100177574835113,14.631506849315073,1.2123458568923593,0.1865079365079365,0.8307965499746321,0.0038547403995947693,0.00048440375655256496,3,213557.0,0.38095238095238093,131.75,131.75,0.6823947234906139,134.5,5.25,1,197.1,15580.5,0.06256860592755215,0.7152718427453817,1.0
2023-07-14,2023,0.0468176641781602,0.29482475009490067,0.03375527426160337,0.6908768821966342,0.3685636856368564,0.7655677655677655,0,0.7692307692307693,1.0234924589433652,2.37599645704163,6.086068581551309,15.747804631152725,1.1054530803752067,0.19047619047619047,0.8237378210806023,-0.019641903346257483,-0.006921583182196489,4,248135.0,0.21492007104795738,-138.75,138.75,0.8098190560546629,6.25,160.0,1,197.575,15826.0,0.38095238095238093,0.6823947234906139,1.0
2023-07-17,2023,0.22241119905802315,0.36109112317655523,0.08088567555354723,0.38071564074049846,0.07269155206286837,0.41580756013745707,2,0.7044673539518901,0.9011045923528221,2.2084777915876272,5.886596454503825,16.033217766729898,1.2800666751059568,0.14682539682539683,1.0021586969320337,0.005903471988420783,-0.0002699416748734862,0,222708.0,0.25017325017325015,82.75,82.75,0.44613069928697585,85.25,22.5,0,191.0875,15760.0,0.21492007104795738,0.8098190560546629,1.0
2023-07-18,2023,-0.14025777103866566,0.24008086934546374,0.028985507246376812,0.4169825625473844,0.09927360774818401,-0.6181818181818182,4,0.3696969696969697,0.9688124620675703,2.7660475107404636,6.218473591104376,16.151541571897905,0.940276205821402,0.1984126984126984,0.6899166034874905,0.011973514977507205,0.005477533847751848,1,239442.0,0.49064039408866994,255.0,255.0,1.3002274450341167,257.25,3.25,1,197.85,15764.0,0.25017325017325015,0.44613069928697585,0.0
2023-07-19,2023,-0.03078249091916518,0.3595394939358493,0.1113434396236278,0.32998830265345075,0.07114624505928854,-0.2574626865671642,4,0.3619402985074627,1.0009616830070407,3.37314535492212,6.664458535984733,16.49184263990642,0.8230759287046976,0.21825396825396826,1.417225881918365,0.002530026797679885,0.0026549826731218085,2,243037.0,0.05756578947368421,-16.0,16.0,0.41617927722711323,67.0,84.5,0,203.0375,15995.5,0.49064039408866994,1.3002274450341167,1.0
2023-07-20,2023,-0.7345344588635504,0.6085422703792365,0.1156558533145275,0.929822351014237,0.7562189054726368,-0.6287262872628726,1,0.03929539295392954,1.2279017665504228,3.0350888244928775,6.347032883961194,16.56578682121708,0.934933646260018,0.20634920634920634,0.7635126622149426,-0.0046822828873556155,0.004981137448418438,3,300346.0,0.19822365765038352,-139.5,139.5,0.7320146150938641,67.25,145.25,1,198.425,15717.75,0.05756578947368421,0.41617927722711323,0.0
2023-07-21,2023,0.5292344786015672,0.7763713080168776,0.13962264150943396,0.8209764918625678,0.4797891036906854,-0.6901615271659325,1,0.12481644640234948,1.2725499895748587,0.8742013261000621,3.928487040385775,13.822109704641353,1.352711626227545,0.25396825396825395,1.5551537070524413,-0.0003913293434614218,0.0045978930081646,4,311267.0,0.04025650160313502,-39.75,39.75,0.4062688366485835,84.25,48.25,0,207.375,15570.5,0.19822365765038352,0.7320146150938641,1.0
2023-07-24,2023,0.2303841746577408,0.326880164043182,0.017316017316017316,0.6453169290151378,0.168141592920354,-0.10841121495327102,4,0.594392523364486,1.1855716043679299,0.5335022013147614,3.5019600747843955,13.504541342500456,1.374279786559449,0.25396825396825395,0.9516916953139136,6.93125882385015e-05,0.0021328900741616197,0,289992.0,0.008685581933989578,-14.75,14.75,0.21952837585187868,33.75,45.5,0,207.2625,15564.0,0.04025650160313502,0.4062688366485835,0.0
2023-07-25,2023,0.1972411210286499,0.3969789651082954,0.04580545548121462,0.4269396417202422,0.010687022900763359,0.4064327485380117,3,0.41228070175438597,0.9251507181873356,0.49291554834279827,3.496560763997252,13.957849073091566,1.281752343960894,0.21428571428571427,0.6678734161413146,0.003193766844842516,-0.0008645428573328395,1,228651.0,0.2178409825468649,93.75,93.75,0.5617626864740028,112.5,20.75,0,200.2625,15623.5,0.008685581933989578,0.21952837585187868,0.0
2023-07-26,2023,-0.49679994930612764,0.6767631962486534,0.1099060014461316,0.3713326151701413,0.23929471032745592,-0.21843003412969283,2,0.5119453924914675,0.8650496114079664,1.2034725302579032,4.171725492681069,14.902762816044614,1.2845419197672094,0.19444444444444445,0.7490019643875547,0.00664519933248342,0.0011879449332137249,2,211592.0,0.08025177025963807,-51.5,51.5,0.44737342373740574,81.0,88.25,0,197.2625,15603.25,0.2178409825468649,0.5617626864740028,0.0
2023-07-27,2023,1.4339002339255231,1.087437567174559,0.2698302736404572,0.7017765695138143,0.32734274711168165,-0.3225225225225225,1,0.18198198198198198,1.0967067996741826,0.25200733388127067,3.120971107036734,13.911405449832458,1.269656930006079,0.20238095238095238,0.8560409685781122,-0.0017176652076114074,0.0006117921350327071,3,264569.0,0.26019417475728157,-187.5,187.5,1.278371372573813,66.0,252.75,1,197.7125,15790.5,0.08025177025963807,0.44737342373740574,0.0
2023-07-28,2023,0.642207290242017,1.0180174823095676,0.1626280289782663,0.5779865612178153,0.40378197997775306,0.8127572016460906,0,0.9979423868312757,0.9779327183152012,0.3558898733424511,2.993875245287508,13.215020514955103,0.7448008121776853,0.2896825396825397,1.742284592971398,-0.004915584334131751,-0.0042079443902551805,4,235916.0,0.12489158716392021,32.25,32.25,0.2937503716477374,59.0,61.75,0,210.2125,15836.75,0.26019417475728157,1.278371372573813,1.0
2023-07-31,2023,-0.041684035014589414,0.5966771869231228,0.004410838059231254,0.4728160543083428,0.06722689075630252,-0.2216624685138539,6,0.327455919395466,0.9813940088584167,1.5011611981182602,4.070696123384742,14.387917584707917,0.9957386381035835,0.2896825396825397,0.8586911213005419,0.007149504724355271,0.0011160541109684896,0,236751.0,0.05281485780615206,-8.5,8.5,0.19770142321205264,41.5,29.25,0,209.9125,15838.25,0.12489158716392021,0.2937503716477374,0.0
2023-08-01,2023,-0.15776051242512307,0.633414388233201,0.12129380053908356,0.41397307395765376,0.006514657980456026,-0.04297994269340974,4,0.7421203438395415,1.034237759570883,1.19660755589823,3.6805646165707864,14.023717454480755,1.0302862874472845,0.3055555555555556,0.47090919874266063,-0.00666157079571672,-0.0003061429815053307,1,249499.0,0.07053941908713693,48.0,48.0,0.2680742541960738,56.5,14.75,0,210.7625,15792.75,0.05281485780615206,0.19770142321205264,0.0
2023-08-02,2023,-0.8029239426814411,0.9212740035969136,0.0645320197044335,0.6694900504728201,0.4010840108401084,-0.8076256499133448,0,0.1854419410745234,1.145743476110073,1.1064570400881806,3.4732726112432584,13.65899518477693,0.9593735916350559,0.32936507936507936,0.5627429367059232,0.007284247949774447,0.004918005122834246,2,280250.0,0.15728843597696057,-90.25,90.25,0.6404826826013807,5.25,138.0,1,215.4625,15551.25,0.07053941908713693,0.2680742541960738,0.0
2023-08-03,2023,-0.4469820554649266,0.7319195214790647,0.10890597866534359,0.5035345296356716,0.10274669379450661,0.3045356371490281,4,0.367170626349892,1.1434756220918472,-0.6323001631321387,1.4545731375747724,11.055943447525832,1.2382746114817176,0.4365079365079365,1.11147362697118,-0.006666212595405785,-0.0024613607371438695,3,282610.0,0.0070788107597923545,32.5,32.5,0.5666122892876564,130.25,9.0,0,229.875,15393.5,0.15728843597696057,0.6404826826013807,1.0
2023-08-04,2023,0.38100527631213554,0.708692029991669,0.05865030674846626,0.8497639544570953,0.1592356687898089,-0.04183006535947712,2,0.5803921568627451,1.4331938734089713,-0.8449319633435173,1.1707858928075534,11.04121077478478,1.2442288324275277,0.3888888888888889,0.7675645653985004,0.0033547748249145304,0.0012318336958361265,4,356603.0,0.1553592934564432,-103.75,103.75,0.6475978894751457,106.5,145.75,0,225.0625,15503.75,0.0070788107597923545,0.5666122892876564,0.0
2023-08-07,2023,0.14759744164434482,0.4427923249330345,0.06584615384615385,0.5083911878860766,0.030952380952380953,-0.15268817204301074,5,0.5075268817204301,1.2083016835666374,-0.9691685344120671,0.9155195976603043,10.659820696441258,0.866742397608943,0.43253968253968256,1.1031542119936588,-0.0030117258293843596,0.0026440181800785334,0,300646.0,0.047872340425531915,33.75,33.75,0.356420488711529,48.75,81.5,0,228.6625,15416.0,0.1553592934564432,0.6475978894751457,0.0
2023-08-08,2023,-0.3144163228899543,0.799420225220203,0.15024232633279483,0.6020738097892742,0.545578231292517,-0.8574074074074074,2,0.14074074074074075,1.1030717354521595,-0.8290779351098211,1.0586018508194883,11.000897535957188,0.945612463481111,0.376984126984127,0.6187980822834207,0.0014081228951989821,0.0023165981785374656,1,274463.0,0.09931170108161258,66.0,66.0,0.36347418887278404,81.5,47.25,0,224.225,15263.5,0.047872340425531915,0.356420488711529,0.0
2023-08-09,2023,0.13655232685164956,0.3899934454883111,0.006126616746085773,0.4872187022066856,0.4664804469273743,-0.8116591928251121,1,0.11434977578475336,0.9772483391408143,-1.365687131308719,0.43106838540528575,10.169472361809047,0.8973309135839648,0.44047619047619047,0.7133493554730173,0.0012290375713296386,0.004066317208603842,2,243156.0,0.05491462851868943,-27.0,27.0,0.5473017260214115,36.0,125.25,0,228.85,15270.25,0.09931170108161258,0.36347418887278404,0.0
2023-08-10,2023,0.25806451612903225,0.7074527252502781,0.10654441985456845,0.7497219132369299,0.4979973297730307,0.6572700296735905,0,0.8234421364985163,1.1423536173171447,-1.7252502780867631,-0.018709677419354514,9.892424916573972,0.3787187698284216,0.3888888888888889,0.996662958843159,-0.0025585857589085492,-0.000750944805919529,3,284237.0,0.18024206738632648,-176.25,176.25,1.2280311457174637,4.75,276.0,1,224.75,15412.0,0.05491462851868943,0.5473017260214115,0.0
2023-08-11,2023,-0.6341007747678443,0.829715918457058,0.157682329201499,0.5373921644046376,0.21521997621878716,0.2822085889570552,2,0.6053169734151329,1.0126948185843119,-1.632727072916091,-0.13328204846420005,9.657563602395737,0.41758279812520904,0.42857142857142855,1.344029891752294,0.004378528920062852,0.001576894213687563,4,260297.0,0.09048507462686567,-27.5,27.5,0.3901313258970273,40.0,88.75,0,227.4875,15126.0,0.18024206738632648,1.2280311457174637,1.0
2023-08-14,2023,-0.13386733966094255,0.8931804465902232,0.056022408963585436,0.6331266801997038,0.6727272727272727,0.7660311958405546,0,0.9861351819757366,0.8904406076979648,-2.1034180062544543,-0.7860426839304335,8.955823777911888,0.49073742268722176,0.43253968253968256,0.6013057551983322,-0.00988457504646445,-0.003532415672391487,0,233681.0,0.05765870704717531,46.25,46.25,0.30723651725462225,70.0,6.25,0,227.8375,15178.5,0.09048507462686567,0.3901313258970273,0.0
2023-08-15,2023,0.0010843634786380394,0.7915853394057688,0.05722809872525088,0.6560399045760138,0.5749385749385749,-0.7206611570247934,1,0.05289256198347107,1.1060232516489923,-1.3970396877033164,-0.2847538494903476,9.318792019084798,0.6797501051801838,0.47619047619047616,0.9206245933636955,6.226764134875662e-05,0.0012536560210141268,1,290257.0,0.013601419278533412,21.5,21.5,0.3990457601387985,92.0,7.0,0,230.55,15116.0,0.05765870704717531,0.30723651725462225,0.0
2023-08-16,2023,-0.2581293999329534,0.4536819756397363,0.04712382190445239,0.4190412336573919,0.2081447963800905,0.27466666666666667,5,0.584,0.8696218406328381,-1.6326405184936896,-0.7333780310649267,9.130321823667447,0.6796351223197218,0.36904761904761907,0.6760531903005923,-0.0022338483841598533,0.0002594777094773182,2,234377.0,0.2404656764351666,-142.0,142.0,0.6559392110850375,36.0,146.75,1,223.725,15105.5,0.013601419278533412,0.3990457601387985,0.0
2023-08-17,2023,0.13640144164125312,0.5788744108677571,0.06331658291457286,0.6454116994732465,0.7379310344827587,-0.9037800687285223,0,0.001718213058419244,0.9329909912584039,-2.166731355697254,-1.5327751594122543,8.209060160798444,0.7745921641921106,0.4087301587301587,0.8239534238979762,0.0034573790926643033,0.005386315449796841,3,251456.0,0.17220543806646527,-88.75,88.75,0.42140282783476574,95.0,94.0,0,225.4375,14862.75,0.2404656764351666,0.6559392110850375,1.0
2023-08-18,2023,-0.654227136604469,0.7889887122782768,0.12600106780565937,0.4042847270214236,0.09814323607427056,0.3789173789173789,5,0.6381766381766382,1.1515777360316728,-2.9382630730246486,-2.503893112186129,7.570179682100898,0.9358415543239735,0.3373015873015873,1.1022805805114029,0.007072362255349018,-3.283926954811278e-05,4,302212.0,0.07428571428571429,64.25,64.25,0.5229209859479382,113.5,17.0,0,217.05,14665.25,0.17220543806646527,0.42140282783476574,0.0
2023-08-21,2023,0.36631310496725206,0.6398887150060859,0.04670750382848392,0.5877238741088506,0.012224938875305624,0.27613412228796846,1,0.29980276134122286,1.0070875232916592,-2.9777430012171795,-2.748322030951135,7.321080391815915,0.9260712956875883,0.3373015873015873,0.7859502695183447,-0.007830624344871695,-0.004468171836402357,0,264293.0,0.30635245901639346,151.5,151.5,0.7175563670086362,154.75,55.25,1,215.6625,14843.5,0.07428571428571429,0.5229209859479382,0.0
2023-08-22,2023,0.43500252908447146,0.7890743550834598,0.16775300171526586,0.5530264710841343,0.4794841735052755,-0.9390243902439024,3,0.056910569105691054,1.1276654148954421,-1.5690440060698043,-1.5098746698139742,8.19943798122857,1.2179582401682154,0.373015873015873,0.9441915359973023,-0.0001066321861693531,0.002236803436762358,1,295781.0,0.021238138273836422,29.0,29.0,0.3551958635418423,79.0,45.25,0,222.4125,14976.25,0.30635245901639346,0.7175563670086362,1.0
2023-08-23,2023,0.015827256797241535,0.5776948730993161,0.046153846153846156,0.6590921937708439,0.7382039573820396,0.9159519725557461,2,0.9811320754716981,0.9303901584912511,-1.370753490475383,-1.49275903001526,8.202916737324063,1.2671316326658089,0.3611111111111111,0.7291843310157707,-0.005180740954183527,-0.004756958508889353,2,246024.0,0.2398671096345515,80.0,80.0,0.453337855406704,100.25,18.0,0,221.1375,15142.25,0.021238138273836422,0.3551958635418423,0.0
2023-08-24,2023,0.5063007560907309,0.5477457294875385,0.002717391304347826,1.3004760571268552,0.8082191780821918,-0.9319552110249785,0,0.053402239448751075,1.564476177150183,-0.3120694483337984,-0.5364547745729468,9.006748809857184,1.2377435019026757,0.38095238095238093,1.0898907868944274,0.016355608364613028,0.011029936247668126,3,413696.0,0.21806346623270953,-124.25,124.25,0.6474376925231028,17.5,144.5,1,223.1875,15064.75,0.2398671096345515,0.453337855406704,0.0
2023-08-25,2023,-0.19261637239165327,0.5889190236342503,0.05327413984461709,0.8092101621741296,0.15137956748695003,-0.14227086183310533,3,0.025991792065663474,1.602009072752786,-1.4093097913322616,-1.7769856644711328,7.563281120274534,1.3447763202688212,0.4444444444444444,1.8564233132230032,-0.003798874205887537,-0.0016052415238164697,4,431546.0,0.14103982300884957,120.25,120.25,0.6442685559307024,145.5,118.25,0,225.8375,14871.0,0.21806346623270953,0.6474376925231028,1.0
2023-08-28,2023,0.47342514241468947,0.5928875615286765,0.09727164887307237,0.5420054200542006,0.08038585209003216,-0.061224489795918366,2,0.7061224489795919,1.1121643083901045,-0.9894917316520137,-1.5291632099994497,7.706094795641834,1.430894627144156,0.44841269841269843,1.3107682097229136,0.00789502004778686,0.0022994616516395228,0,308466.0,0.003721424774056353,-34.25,34.25,0.47453127592500416,16.0,107.25,0,226.0125,15090.75,0.14103982300884957,0.6442685559307024,0.0
2023-08-29,2023,0.08873308867831517,0.434901681546804,0.04922850844966936,1.1316207482061675,0.7906755470980019,0.9351403678606002,2,0.9912875121006777,1.0942117045091142,-0.5246206934326576,-1.212619817056474,7.8464150736703715,1.1847170436080152,0.4801587301587302,0.627704442131785,-0.00800607648972651,-0.007123647868735095,1,307944.0,0.30834976988823143,97.75,97.75,0.4316152708550145,98.5,29.5,0,228.2125,15318.25,0.003721424774056353,0.47453127592500416,0.0
2023-08-30,2023,0.004163847394992973,0.4455316712642482,0.027342325920524973,0.5548326653828137,0.031279620853080566,0.22326454033771106,4,0.5440900562851783,1.2036334319490092,1.0868162181856065,0.33048456774059565,8.878103367511581,1.3477982615077113,0.5634920634920635,1.4760839015250091,0.0036669329013849783,-0.0006545313842476475,2,341138.0,0.11544081831466146,62.75,62.75,0.3237391349607037,77.75,20.0,0,240.1625,15446.75,0.30834976988823143,0.4316152708550145,0.0
2023-08-31,2023,-0.07622624834290764,0.377817057003977,0.027530707327403644,0.5092797171895713,0.5759599332220368,0.9479392624728851,1,0.9783080260303688,1.035227521958454,1.5558440123729547,0.729186920017673,9.755661732213872,1.4284362936561514,0.4523809523809524,0.6639416703490941,-0.002962576784033777,-0.004732880421198793,3,297366.0,0.06224489795918367,-27.5,27.5,0.4761378700839593,5.25,107.75,0,226.3,15601.5,0.11544081831466146,0.3237391349607037,0.0
2023-09-01,2023,0.26614481409001955,0.7123287671232876,0.16192643155100492,0.6877271456527817,0.33982473222979553,-0.6731707317073171,2,0.20650406504065041,1.1350595012610103,1.8303047246295778,0.9917584568073775,10.077696393625947,0.8263317349423123,0.3888888888888889,0.5278166060944925,0.011787952527642753,0.003648630301134048,4,332594.0,0.11437308868501529,-29.5,29.5,0.34218618954431085,34.0,76.5,0,223.5625,15530.0,0.06224489795918367,0.4761378700839593,0.0
2023-09-04,2023,0.24674589700056593,0.3157894736842105,0.09311294765840221,0.1799660441426146,0.3504273504273504,-0.2893081761006289,3,0.11949685534591195,0.12052460761930114,1.4970571590266004,0.6317600452744805,9.780328239954724,0.9858783086666745,0.35714285714285715,0.8986983588002264,-0.0012961784871381443,-0.0010832881247234694,0,35316.0,0.14216867469879518,-20.25,20.25,0.14374646293152235,-0.25,31.75,0,220.875,15543.5,0.11437308868501529,0.34218618954431085,0.0
2023-09-05,2023,-0.1916566247776439,0.5313593848625696,0.056370153144346694,0.36839387157858494,0.09042553191489362,0.0,3,0.4766355140186916,0.9606784405059061,1.6054972169621817,0.6916394101107517,9.933103804441382,1.0103432106132775,0.34523809523809523,0.3064210707522809,-0.01177147640472953,-0.0029883785279468666,1,275952.0,0.1242603550295858,65.5,65.5,0.4843059620129684,105.5,4.5,0,217.8375,15481.5,0.14216867469879518,0.14374646293152235,0.0
2023-09-06,2023,-0.22029528943051324,0.44176236231544413,0.02155009451795841,0.6374501992031872,0.25,-0.6966911764705882,4,0.19852941176470587,1.0594540587020926,1.699613311460039,0.7785094914459777,10.16082142020155,0.39083843501314697,0.32142857142857145,0.6737754862901336,0.004044047462186562,0.0016058923199528952,2,304325.0,0.1041890440386681,-37.5,37.5,0.4441059292242794,17.5,94.75,0,213.35,15405.25,0.1242603550295858,0.4843059620129684,0.0
2023-09-07,2023,-0.7816333683841571,0.9931066713401099,0.23997453851050288,0.3890641430073607,0.019384264538198404,-0.12612612612612611,3,0.39039039039039036,1.0893116146051962,0.8278420376212209,-0.08554737703002824,9.20819605094053,0.5922491462105928,0.3253968253968254,0.9522140436966936,-0.007352128691265558,1.4786579845438297e-05,3,319189.0,0.08016877637130802,92.5,92.5,0.5012267788293026,107.25,1.75,0,213.975,15190.0,0.1041890440386681,0.4441059292242794,0.0
2023-09-08,2023,-0.04660611854684513,0.5807839388145316,0.020338983050847456,0.5736137667304015,0.11304347826086956,0.6895833333333333,2,0.7083333333333334,0.884418196501036,0.4280592734225587,-0.514579349904396,8.929421606118547,0.5077813555116111,0.28174603174603174,0.6680210325047802,-0.007731342675301511,-0.0016024236757872234,4,262295.0,0.15186802523047063,-80.5,80.5,0.47801147227533464,14.25,100.0,0,209.2,15355.5,0.08016877637130802,0.5012267788293026,0.0
2023-09-11,2023,0.7025846377866763,0.6722485135299114,0.18518518518518517,0.531488896978522,0.38738738738738737,-0.5776255707762558,1,0.16210045662100456,0.4486510089404481,0.35541803179226,-0.5511467054969021,8.948962504550414,0.5314471212938848,0.25793650793650796,0.655260283946123,0.0034586921027287554,0.001595337459084356,0,133058.0,0.31629834254143646,114.0,114.0,0.6212838247785463,128.0,12.25,1,206.025,15356.5,0.15186802523047063,0.47801147227533464,0.0
2023-09-12,2023,-0.3193491591281647,0.4104183109707972,0.10229833258224426,0.44077469491834137,0.17472118959107807,-0.1184573002754821,1,0.25895316804407714,0.24400696623265397,1.2455224333677373,0.3869588974561354,9.814959626009351,0.8403733946782451,0.25793650793650796,0.70791087365673,0.004205283285101169,0.0005860861334889833,1,72366.0,0.17775229357798164,-90.75,90.75,0.4602027806447696,25.0,94.75,0,205.8875,15394.0,0.31629834254143646,0.6212838247785463,1.0
2023-09-13,2023,0.030209655005739838,0.5921092381125008,0.0003007518796992481,0.5099389764968885,0.0607621009268795,0.3009478672985782,5,0.7559241706161137,0.19120386683233667,0.39103377439429465,-0.4193100114796689,8.86937345175518,0.9049239164230375,0.2698412698412698,0.7830342577487766,-0.00589601178767396,-0.0017380234730750566,2,56706.0,0.10276243093922652,-23.5,23.5,0.40118421847622504,83.0,27.5,0,206.8875,15341.25,0.17775229357798164,0.4602027806447696,0.0
2023-09-14,2023,0.520080199283067,0.4082872592502582,0.07872574148663493,0.5152196366729449,0.03498190591073583,-0.15330188679245282,3,0.6768867924528302,0.11999386324132129,0.3776049577738623,-0.34502703687952163,8.89709581384045,0.8297165118862472,0.25793650793650796,0.7910565647973753,0.003907721075420145,0.00033015424816429384,3,35587.0,0.23378212974296206,104.25,104.25,0.5310164651558418,109.25,7.25,0,205.7375,15408.5,0.10276243093922652,0.40118421847622504,0.0
2023-09-18,2023,-0.7704576125628757,0.9495767390504233,0.08945117605131861,0.48092258618574407,0.11386138613861387,0.4030612244897959,5,0.5306122448979592,1.0316464552631979,1.15691326217642,0.5808121702858523,9.851797325481533,0.9599122288798396,0.24603174603174602,0.8882345724450987,-0.0042870407201553995,-0.0014598555296299054,0,305959.0,0.08008504606661943,11.0,11.0,0.3214329530119004,65.5,31.0,0,203.775,15395.25,0.23378212974296206,0.5310164651558418,0.0
2023-09-19,2023,-0.25150288308183044,0.4784688995215311,0.13581395348837208,0.49073733284259596,0.4892205638474295,-0.74,3,0.0775,0.9828794548400313,0.4682247576984437,0.046865415286464346,9.247331615752667,1.0350379651654702,0.24801587301587302,0.5766163660900503,0.0010434531697099958,0.0013118725877790949,1,291496.0,0.21500893388921977,63.5,63.5,0.6232364127100969,127.0,32.5,1,203.775,15281.0,0.08008504606661943,0.3214329530119004,0.0
2023-09-20,2023,0.37693034982666246,0.47652064292467694,0.0700228832951945,0.3781909864481563,0.023965141612200435,-0.43,2,0.3566666666666667,0.8026981507113751,0.08162622124172707,-0.2809202647336861,9.107204538291839,0.9144692282667741,0.21428571428571427,0.8042861645130791,0.005546518744095286,0.0020360259563282357,2,238059.0,0.24352331606217617,-134.5,134.5,0.7109990545225339,5.0,141.0,1,198.3125,15387.0,0.21500893388921977,0.6232364127100969,1.0
2023-09-21,2023,-1.3219002315829005,1.0264755586155099,0.21864050455501052,0.5057269825373975,0.1330049261083744,-0.1905940594059406,5,0.4975247524752475,1.1673736800812415,-0.4415096701508382,-0.7446954997809369,8.495656255867807,0.8010974292550224,0.2261904761904762,0.9476121925267572,-0.0019167416840134566,-0.0011501495538811524,3,343711.0,0.2521942656524283,-65.0,65.0,0.3667772422857858,49.5,73.25,0,199.7125,14969.25,0.24352331606217617,0.7109990545225339,1.0
2023-09-22,2023,0.16068167985392576,0.6670724284844796,0.12424698795180723,0.5149117468046257,0.36711990111248455,0.5295508274231678,3,0.9952718676122931,0.861309210209227,-2.0475958612294565,-2.3653317102860654,6.483633597078515,1.1643187473489198,0.2698412698412698,0.6037735849056604,-0.0010850140559426347,-0.001467083922866097,4,259121.0,0.09240021869874249,-41.0,41.0,0.6171637248934875,34.0,126.75,1,205.375,14993.25,0.2521942656524283,0.3667772422857858,0.0
2023-09-25,2023,-0.659911665367628,0.8495713172252534,0.07639439598202485,0.5923616523772409,0.2883787661406026,0.23026315789473684,5,0.6052631578947368,0.9720919332543109,-1.9387503247596742,-2.195791114575214,7.078598337230454,0.9498956575261815,0.15476190476190477,0.8352818914003638,0.004063546986819322,0.00012668719775277282,0,286214.0,0.02185030218503022,7.75,7.75,0.43907508443751625,84.5,34.75,0,192.45,14851.5,0.09240021869874249,0.6171637248934875,1.0
2023-09-26,2023,-0.18401611820013433,0.8448623237071861,0.1471652593486128,0.6514439220953661,0.3081232492997199,-0.4927835051546392,2,0.334020618556701,1.0842360353810736,-2.4688381464069886,-2.681101410342514,6.732679650772335,0.9451146013757827,0.1349206349206349,0.8247145735392881,0.006769467553190189,0.0008091864582530084,1,313187.0,0.15591670898933468,-70.0,70.0,0.4150436534586971,40.5,77.25,0,186.125,14765.25,0.02185030218503022,0.43907508443751625,0.0
2023-09-27,2023,0.309292094387415,0.4426076523130249,0.041598427775958076,0.538594854019464,0.023809523809523808,0.16584158415841585,5,0.6410891089108911,0.9429194578594796,-3.228636181842425,-3.413251566457804,5.727063058258902,0.9202857050367769,0.14285714285714285,0.8425543260898547,0.005185274458734401,-0.0016555141384916316,2,272367.0,0.05742145178764897,16.5,16.5,0.9745367284362084,51.25,182.75,1,187.525,14770.0,0.15591670898933468,0.4150436534586971,0.0
2023-09-28,2023,-0.503552459129475,0.6415120369731668,0.06273062730627306,0.6470304200869145,0.047508690614136734,0.021321961620469083,3,0.35394456289978676,1.0810721388344369,-2.663861488583847,-2.8925708767331173,6.343643512450855,1.340558593080619,0.0992063492063492,1.2913016486169553,0.0003874770902878577,0.0005263770881343,3,303871.0,0.20789288231148698,176.5,176.5,1.3809753742153548,250.25,2.0,1,181.2125,14697.75,0.05742145178764897,0.9745367284362084,1.0
2023-09-29,2023,0.6784837017858328,0.9825399986722433,0.13729071537290716,0.48463121556130917,0.022488755622188907,-0.030136986301369864,3,0.32602739726027397,0.9738333517146182,-1.929031401447253,-2.2004381597291403,6.489158866095728,0.8993690894143285,0.15079365079365079,1.5494921330412268,-0.0038223978681685145,-0.002162363057048533,4,273728.0,0.16702663786897048,-119.5,119.5,0.9998008364867557,26.5,188.25,1,188.2875,14999.25,0.20789288231148698,1.3809753742153548,1.0
2023-10-02,2023,-0.029506093649775498,0.9557408595253367,0.08880945834478966,0.7466324567030147,0.11736178467507274,0.4381443298969072,5,0.6219931271477663,1.2088160384223547,-1.6574727389352149,-2.0261449647209715,6.220532392559331,0.8835153228930517,0.20238095238095238,1.281590763309814,-0.011083795923423345,-0.0035911156289705204,0,332231.0,0.06623586429725363,-48.25,48.25,0.5567671584348942,108.5,73.25,0,194.875,14937.75,0.16702663786897048,0.9998008364867557,1.0
2023-10-03,2023,-0.0513083632632119,0.9427911749615187,0.11620635747785305,1.0672139558748075,0.4331450094161959,-0.4230769230769231,1,0.12259615384615384,1.4036166496870908,-1.4504874294510042,-1.9100564391995918,6.179130323242688,0.8139488423931364,0.20634920634920634,1.0210364289379168,-0.0015260454150263225,0.0003340795719881662,1,385770.0,0.20238095238095238,-119.0,119.0,0.6298101590559261,19.75,122.75,1,194.9,14791.5,0.06623586429725363,0.5567671584348942,0.0
2023-10-04,2023,0.39149142476213566,1.020544209441852,0.04656745079212674,0.4860311496272953,0.03783783783783784,0.5361596009975063,2,0.7256857855361596,1.120711675910674,-2.21641112659839,-2.7718804920913915,4.701115083934305,0.9416623133414572,0.31746031746031744,1.4799103084661536,-0.011803246654604638,-0.004053149104661147,2,315013.0,0.12160326086956522,99.75,99.75,0.5066359614568814,104.5,48.75,0,206.2625,14807.0,0.20238095238095238,0.6298101590559261,1.0
2023-10-05,2023,0.011846937566639024,0.510603009122142,0.012240819385460905,0.7724203293448644,0.5175097276264592,-0.7806748466257669,1,0.11349693251533742,0.9826383479600491,-0.9046321525885541,-1.522449946688779,5.61665087074991,1.1187908476613153,0.38492063492063494,0.8399478734747068,0.00962849508109187,0.005272137063153881,3,283840.0,0.24166666666666667,94.75,94.75,0.5911621845752872,124.75,66.0,0,211.025,14782.0,0.12160326086956522,0.5066359614568814,0.0
2023-10-06,2023,-0.6699249016569317,1.2480629395637144,0.1128842994602206,0.8761473357968769,0.36952714535901926,0.7374149659863946,3,0.9238095238095239,1.5564630719195023,-0.9362260102515216,-1.6105614495172234,5.424114912385267,1.1279102288057632,0.3611111111111111,1.0036953152938373,-0.007463910164575482,-0.0056196064031124315,4,443634.0,0.46709033136631867,259.5,259.5,1.3183931338657766,276.5,15.5,1,209.725,14871.75,0.24166666666666667,0.5911621845752872,0.0
2023-10-09,2023,-0.537185419252906,0.4717300530414174,0.001095290251916758,0.531542715269157,0.21508664627930682,0.15286624203821655,3,0.6878980891719745,0.8903437218228448,0.29663694842568394,-0.33332580972802234,6.19054847082722,1.272635568581747,0.4642857142857143,2.0144453221983976,0.00234849879750465,7.361181442289144e-05,0,253772.0,0.3633349123638086,164.75,164.75,0.8238347816273558,182.5,65.25,1,221.525,15030.25,0.46709033136631867,1.3183931338657766,1.0
2023-10-10,2023,0.023031366527747316,0.29063391094538277,0.014418455623197693,0.5889449440666813,0.6201780415430267,0.7988826815642458,3,0.9497206703910615,0.9053212502675185,0.5854902390875176,0.014871682386485712,6.205099802588284,1.257702809379511,0.5833333333333334,1.155955253345032,0.005691670883757549,-0.0015713443085088041,1,258041.0,0.049292337725719865,-25.75,25.75,0.33340644878262776,76.0,52.25,0,227.95,15307.5,0.3633349123638086,0.8238347816273558,1.0
2023-10-11,2023,0.19108280254777069,0.31956951460575445,0.07649179014817781,0.383263782121678,0.27240773286467485,0.045845272206303724,1,0.332378223495702,0.9131520873461111,1.0087854162090912,0.444102789369648,6.4988743685482095,0.8042859759198789,0.5753968253968254,0.8939160992752031,-0.003945070795210337,-0.001453511420327791,2,260273.0,0.03464641670621737,-8.0,8.0,0.33494399297166705,53.75,76.25,0,227.65,15329.25,0.049292337725719865,0.33340644878262776,0.0
2023-10-12,2023,0.31774148906725713,0.38306116800442847,0.01483216237314598,0.4229172432881262,0.21958925750394945,0.3193717277486911,3,0.6073298429319371,1.027193914962442,1.1879324660946582,0.6686520896761684,6.625784666482145,0.7191438600645144,0.5476190476190477,0.5956269028508165,-0.014847113475027207,-0.0043603496077645465,3,292778.0,0.1831739961759082,-123.5,123.5,0.9177968447273733,46.0,207.25,1,225.8125,15423.5,0.03464641670621737,0.33494399297166705,0.0
2023-10-13,2023,0.18342649373202366,0.5698160308243339,0.038162782843633905,0.44716991371357245,0.2180232558139535,-0.46116504854368934,4,0.29854368932038833,1.0739748316629452,1.0761925435502284,0.57723991968307,6.31090790687578,0.7024492459128077,0.6329365079365079,1.099473598523905,-0.0014146514918293995,0.0028116115737786274,4,310223.0,0.20032245062474807,-146.75,146.75,1.0104737613284853,1.75,232.75,1,230.3375,15294.75,0.1831739961759082,0.9177968447273733,1.0
2023-10-16,2023,0.11779062980845757,0.44569427495092057,0.028315946348733235,0.6642967050458959,0.42496493688639553,0.8466453674121406,2,0.8913738019169329,1.097002433789626,0.4844272297978458,-0.05721865548893538,5.43598450681806,0.6514915570196664,0.6706349206349206,1.294635751047912,-0.0016254247162847957,-0.002909449184041124,0,320475.0,0.018335684062059238,5.25,5.25,0.4096142622167984,22.5,96.5,0,235.5875,15308.25,0.20032245062474807,1.0104737613284853,1.0
2023-10-17,2023,-0.7396825396825397,0.7195767195767195,0.22410807066158642,0.6529100529100529,0.3483652762119504,0.4213938411669368,3,0.9967585089141004,1.1097841081410433,1.2032275132275163,0.6507936507936508,6.028989417989415,0.7942493699951035,0.6746031746031746,0.6857142857142857,0.011789258085239007,0.000741571733045232,1,324209.0,0.016332244517032198,4.5,4.5,0.44656084656084655,105.5,25.75,0,236.25,15203.75,0.018335684062059238,0.4096142622167984,0.0
2023-10-18,2023,-0.3220128390971216,0.4928556636984883,0.12835625409299278,0.42451853385794164,0.23570712136409228,0.00975609756097561,5,0.0975609756097561,1.2837363340925736,0.7696210395527054,0.22087388693311216,5.375849037067719,0.8235545768663932,0.7103174603174603,1.0737212673431353,-0.005337901657240907,-0.0022336805117667557,2,382970.0,0.12495392554367858,-97.0,97.0,0.43590805549803274,46.25,105.25,0,241.45,15131.5,0.016332244517032198,0.44656084656084655,0.0
2023-10-19,2023,0.22015503875968992,0.7007751937984497,0.049510193275086045,0.46511627906976744,0.2484725050916497,-0.6311111111111111,4,0.17777777777777778,1.0487091552759025,0.09498708010336068,-0.47346770025839974,4.561695090439279,0.887689843042522,0.7142857142857143,0.8175710594315245,0.0017656452632304198,0.0002207258888500263,3,322003.0,0.1427831044311998,-118.5,118.5,0.5478036175710594,121.25,132.5,0,241.875,15016.75,0.12495392554367858,0.43590805549803274,0.0
2023-10-20,2023,-0.1531231849622472,0.3865040392840171,0.011972274732199117,0.6241089814668145,0.2652005174644243,-0.622673434856176,2,0.21658206429780033,1.1245933033053572,-0.47721632609958436,-1.030128306668782,4.006140767727967,1.0203621630647515,0.6785714285714286,1.0718622947357304,0.0009907746858328625,0.0009534632776475593,4,345303.0,0.053075571177504395,-66.75,66.75,0.464649664713026,33.5,110.0,0,236.7375,14770.0,0.1427831044311998,0.5478036175710594,0.0
2023-10-23,2023,-0.4208010805756143,0.8114707257519871,0.09155313351498638,0.7210764195542625,0.2531041069723018,0.2622478386167147,1,0.7680115273775217,1.0991418167818932,-1.2282196477739087,-1.7797080367811287,3.0585225206504263,1.027025749362964,0.7023809523809523,0.9382305574315548,-0.001331677953854804,-0.0014025698509159135,0,342608.0,0.1406015037593985,119.75,119.75,0.8592654163852668,206.75,13.75,1,240.6125,14647.5,0.053075571177504395,0.464649664713026,0.0
2023-10-24,2023,0.04415454089312594,0.4144505770195685,0.04805352798053528,0.37932764676367287,0.10596026490066225,0.6984126984126984,6,0.9021164021164021,1.1724323463865012,-0.9108881083793248,-1.4354039136979402,3.1400802809834385,0.730826575102134,0.7738095238095238,1.3647767185148019,0.0005659450931239096,-0.0008290191239399558,1,368261.0,0.054869006426099855,-6.75,6.75,0.5559458103361766,33.5,138.5,0,249.125,14844.25,0.1406015037593985,0.8592654163852668,1.0
2023-10-25,2023,-0.38529072392514924,0.5679024732855065,0.08521229868228404,0.6100436462148197,0.16159250585480095,-0.680921052631579,0,0.26973684210526316,1.0241766957047183,-0.6573521296342762,-1.1221592334319987,3.3533386845933912,0.9580456473334777,0.7797619047619048,0.6903125470325591,0.002242593525090708,0.0017312337767603214,2,325426.0,0.3358116480793061,-184.25,184.25,0.7475041388651984,47.0,186.25,1,249.1625,14638.0,0.054869006426099855,0.5559458103361766,0.0
2023-10-26,2023,-0.12852969814995133,0.6757546251217137,0.036017435191557694,0.7370983446932814,0.4047244094488189,-0.6459709379128138,3,0.15059445178335534,1.2197709493554643,-2.067770204479064,-2.53037974683544,1.7021567672833475,1.1961816324741903,0.8214285714285714,1.1577409931840312,0.010278953077133668,0.004604862468998272,3,391838.0,0.00027359781121751026,-22.75,22.75,0.6309639727361246,85.75,162.0,1,256.75,14298.5,0.3358116480793061,0.7475041388651984,1.0
2023-10-27,2023,0.1200154858691444,0.3852109949670925,0.04935370152761457,0.3068137824235385,0.01623686723973257,0.28391167192429023,7,0.48264984227129337,0.968669724486701,-2.6286295005807214,-3.151064653503678,0.9504742547425462,1.1949833545135142,0.8293650793650794,1.2495160665892373,-0.010325157095811277,-0.004448485552540515,4,312983.0,0.09243085880640466,-90.0,90.0,0.4529616724738676,78.25,117.0,0,258.3,14329.25,0.00027359781121751026,0.6309639727361246,1.0
2023-10-30,2023,0.49300596693729826,0.3501907463562555,0.07569386038687972,0.5976719162672406,0.25190839694656486,-0.176759410801964,3,0.09656301145662848,0.9647731704146627,-2.6741660960579114,-3.285630441162087,0.765460236721118,1.1882075750818586,0.8174603174603174,0.7639636114643451,-0.007576017193751006,0.00013915280083887094,0,311724.0,0.1655930276619932,104.75,104.75,0.46072581434021326,117.75,32.0,0,255.575,14338.25,0.09243085880640466,0.4529616724738676,0.0
2023-10-31,2023,-0.09224196523934362,0.5233517817263812,0.004697430229345123,0.45732595397611414,0.021961932650073207,-0.31210191082802546,1,0.6050955414012739,0.8658257559013693,-1.776386056898728,-2.4477910476745346,1.4964656762792494,1.3501257957872423,0.8293650793650794,0.6602582775026701,0.003394035828500175,0.0006400516513651588,1,278137.0,0.23588039867109634,110.75,110.75,0.46994853869307696,121.0,38.0,0,257.475,14382.5,0.1655930276619932,0.46072581434021326,0.0
2023-11-01,2023,0.10523180780303783,0.4904199344783084,0.07722132471728595,0.4983619577087263,0.4884353741496599,0.8705179282868526,4,0.9063745019920318,0.821777909260285,-1.5811079122406448,-2.263317780204504,1.6706542241636042,1.3806004686617956,0.7896825396825397,0.7634269830239254,-0.004824126228363035,-0.0025496991148339365,2,261115.0,0.08849557522123894,62.5,62.5,0.39213739700188627,98.75,70.75,0,251.825,14629.0,0.23588039867109634,0.46994853869307696,0.0
2023-11-02,2023,0.910174880763116,0.7680842607313195,0.24357499041043346,0.33187599364069953,0.03293413173652695,-0.03293413173652695,3,0.5838323353293413,0.8565492897713819,-0.7517885532591401,-1.4524443561208247,2.3950963831478567,1.0304013766474205,0.7896825396825397,0.8445945945945946,0.0017736673705858186,0.004376205845647241,3,271294.0,0.2411282984531392,87.75,87.75,0.35671701112877585,89.75,6.25,0,251.6,14917.75,0.08849557522123894,0.39213739700188627,0.0
2023-11-03,2023,0.17712895377128954,0.5527980535279805,0.1728247914183552,0.47883211678832116,0.06068601583113457,0.13821138211382114,4,0.22560975609756098,0.9184507891604494,0.4609732360097338,-0.18335766423357805,3.5034160583941625,0.7938938136180449,0.8373015873015873,0.5391727493917275,0.0044120974366617105,-9.72645903722924e-05,4,290900.0,0.3022700119474313,148.0,148.0,0.6248175182481752,160.5,3.75,1,256.875,15068.0,0.2411282984531392,0.35671701112877585,0.0
2023-11-06,2023,-0.04782011497176578,0.2533448644248868,0.02382064455861747,0.2970951823777789,0.03292894280762565,0.10273972602739725,2,0.3732876712328767,0.7635899709783946,1.3213613471028103,0.6425802513099635,4.45192043546828,0.5428368132453743,0.75,0.7661392888029709,-0.01101900323446181,-0.001063733784091081,0,238510.0,0.09249329758713137,-7.25,7.25,0.3001475301419342,34.5,73.75,0,245.7125,15211.75,0.3022700119474313,0.6248175182481752,1.0
2023-11-07,2023,0.29872648184057443,0.45490278287301505,0.09627831715210355,0.5481892982548084,0.6016042780748663,0.5697896749521989,1,0.9617590822179732,0.8694027760213988,1.3110423981971626,0.5958807190398826,4.468853833656519,0.7581108651790566,0.6944444444444444,0.501021959016823,-0.0014805455754025587,-0.0025389635034704927,1,271561.0,0.08734939759036145,36.75,36.75,0.2620407735443635,62.5,20.75,0,238.5125,15350.25,0.09249329758713137,0.3001475301419342,0.0
2023-11-08,2023,0.0062827225130890054,0.225130890052356,0.051041666666666666,0.3267015706806283,0.3611556982343499,-0.4358974358974359,3,0.1891025641025641,0.8308471011210056,2.0520942408376963,1.3319999999999976,5.155387434554971,0.6698808403420857,0.6984126984126984,0.7884816753926701,-0.006535739404184837,0.0007329244260479983,2,259518.0,0.053358443188951665,10.25,10.25,0.2848167539267016,32.5,68.0,0,238.75,15354.5,0.08734939759036145,0.2620407735443635,0.0
2023-11-09,2023,0.16450987583171792,0.2776759050662755,0.11047345767575323,0.36255042699219364,0.18463810930576072,-0.5751445086705202,2,0.09248554913294797,0.8646869652493089,1.9511185623722982,1.2439461413527568,4.996332582385917,0.8265374087364367,0.6984126984126984,0.5501126421124325,-0.005381542884815627,-0.0018735174016416556,3,270088.0,0.13868116927260368,-89.75,89.75,0.4799077906428459,99.0,114.5,0,238.5875,15354.25,0.053358443188951665,0.2848167539267016,0.0
2023-11-10,2023,0.268385460693153,0.5240912933220626,0.12463126843657817,0.352916314454776,0.043859649122807015,0.011976047904191617,3,0.281437125748503,0.9153859329253554,1.5512996618765866,0.851394759087069,4.551489856297548,0.7486204500058283,0.6785714285714286,0.9023668639053255,-0.006469846699642234,-0.0034299392565896314,4,285924.0,0.5415730337078651,245.0,245.0,1.0608622147083686,251.0,6.5,1,236.6,15329.0,0.13868116927260368,0.4799077906428459,0.0
2023-11-13,2023,-0.18766473379019505,0.385872430152873,0.07933814170555792,0.3110173958882446,0.15018315018315018,0.020338983050847456,1,0.8915254237288136,0.7505566609626593,2.763257775434894,2.154728518713761,5.770959409594093,0.8753347620416723,0.6904761904761905,1.1576172904586188,-0.0010954739609636555,0.00035635947552359326,0,234439.0,0.14468085106382977,43.0,43.0,0.2467053241960991,58.5,11.0,0,237.125,15531.0,0.5415730337078651,1.0608622147083686,1.0
2023-11-14,2023,1.0172929120409906,1.2297181895815543,0.3806734992679356,0.4558070025619129,0.42053445850914206,0.7845433255269321,0,0.9929742388758782,0.884053738317757,2.742154141759179,2.175362937660117,5.768787361229715,0.8820008188765461,0.6626984126984127,0.5305294619982921,0.008827927597323093,0.0010001413538258674,1,266376.0,0.06116642958748222,15.0,15.0,0.31596925704526047,15.75,74.0,0,234.2,15896.0,0.14468085106382977,0.2467053241960991,0.0
2023-11-15,2023,0.19334839489308045,0.6504492197761782,0.08503401360544217,0.28687017285766825,0.27751196172248804,-0.326007326007326,3,0.4249084249084249,0.8511816429274788,3.968160563232284,3.5253086744076088,7.021609835548782,1.0038699250750482,0.7063492063492064,0.5117427625702727,0.018133093138424927,0.002886497272140076,2,245491.0,0.05448717948717949,-28.25,28.25,0.42977985603951036,42.5,102.25,0,237.9125,15934.75,0.06116642958748222,0.31596925704526047,0.0
2023-11-16,2023,-0.23590669996280753,0.26141012698581373,0.006495987772258311,0.3432336220179587,0.08521739130434783,0.1021671826625387,3,0.4241486068111455,0.9087988710440892,3.8084055044896674,3.515328622283618,7.0147813612454195,1.0206226096001476,0.6746031746031746,0.615270176930025,-0.011847512427554996,8.887886994046745e-05,3,256309.0,0.059203444564047365,8.75,8.75,0.26141012698581373,43.5,61.5,0,235.2625,15859.25,0.05448717948717949,0.42977985603951036,0.0
2023-11-17,2023,-0.024121484567732034,0.26643276136176747,0.045639403524627205,0.23573269009374487,0.052830188679245285,-0.10232558139534884,5,0.5581395348837209,0.7879235507496843,3.5479962721342,3.414374211940137,6.997867441477988,0.9623721815745432,0.5952380952380952,0.4736582424209199,0.0038598061596670785,-0.00042722131152506115,4,216560.0,0.14837712519319937,51.25,51.25,0.36401513074941066,83.0,32.5,0,228.0125,15857.0,0.059203444564047365,0.26141012698581373,0.0
2023-11-20,2023,-0.05971830985915493,0.4247887323943662,0.028409090909090908,0.48788732394366197,0.05627705627705628,0.5473441108545035,1,0.5496535796766744,0.8669607906346999,3.555999999999997,3.6338253521126727,7.296005633802819,0.8288961532346378,0.4722222222222222,0.5205633802816901,-0.0010115515951318876,-0.0004675585591444875,0,235317.0,0.5064308681672026,160.25,160.25,0.7323943661971831,162.5,12.0,1,221.875,15954.25,0.14837712519319937,0.36401513074941066,0.0
2023-11-21,2023,-0.46996180113439057,0.567195277231161,0.15615906886517944,0.48269475633753905,0.6317829457364341,-0.841726618705036,3,0.07913669064748201,0.8725336269030001,4.296214839680519,4.6103252691283725,8.370945711309183,0.8413383681678059,0.42857142857142855,1.0278967473087164,0.0012042826051187339,0.0030623401453352406,1,236187.0,0.2022932022932023,60.5,60.5,0.3495774973955319,75.5,4.0,0,215.975,15925.25,0.5064308681672026,0.7323943661971831,1.0
2023-11-22,2023,0.3866513233601841,0.6294591484464902,0.19016817593790428,0.7733026467203682,0.2349137931034483,0.07738095238095238,2,0.46130952380952384,1.316013749291658,3.4140966628308385,3.9431990794016105,7.649482163406216,0.6257109344209315,0.4365079365079365,0.4798619102416571,0.0013029590364983523,-0.00026150814570669034,2,352997.0,0.0457002457002457,-26.0,26.0,0.3256616800920598,22.0,70.75,0,217.25,16082.75,0.2022932022932023,0.3495774973955319,0.0
2023-11-23,2023,0.030144088744197262,0.2544161090010249,0.0700280112044818,0.08681497558328811,0.038461538461538464,-0.16666666666666666,5,0.4722222222222222,0.09083554534880253,3.533188641707361,4.4014710315307175,8.27033218785796,0.7674698295118376,0.3373015873015873,0.8102731054440224,-3.553170666481531e-05,0.0004055710253588751,3,24365.0,0.015706806282722512,2.25,2.25,0.06993428588653765,14.5,1.5,0,207.3375,16060.0,0.0457002457002457,0.3256616800920598,0.0
2023-11-24,2023,-0.17676111255523785,0.2690408110215753,0.09132947976878612,0.32882765791525864,0.5686274509803921,-0.525691699604743,3,0.07905138339920949,0.5741102691799481,3.372693007538338,4.695606966467381,8.846126852092539,0.801004224641503,0.17063492063492064,0.11957369378736678,0.010584863879499196,0.0019649632356578683,4,151419.0,0.05188679245283019,15.75,15.75,0.16116454380036394,31.0,13.25,0,192.35,15995.0,0.015706806282722512,0.06993428588653765,0.0
2023-11-27,2023,-0.06296469957800255,0.4447719204233371,0.008015087223008015,0.4273561524549534,0.36496350364963503,0.49216300940438873,5,0.8526645768025078,0.9440085434461511,2.7257686382209143,4.510630316833008,8.748563199142605,0.841756215118394,0.14285714285714285,0.383146895304441,-0.0018429132205848298,-0.0019051829613014881,0,245741.0,0.05730129390018484,-17.25,17.25,0.27195391519860673,50.75,40.5,0,186.6125,16038.25,0.05188679245283019,0.16116454380036394,0.0
2023-11-28,2023,-0.2587161040398451,0.38184836745987827,0.057003257328990226,0.2711676812396237,0.08459869848156182,0.2857142857142857,2,0.6122448979591837,0.8728934313248434,2.4350442722744923,4.646900940785832,8.997343663530712,0.5028823487071913,0.0992063492063492,0.6571665744327615,-0.0051482551332993065,-0.0007666470133609327,1,225131.0,0.004688546550569324,20.25,20.25,0.4607083563918097,83.25,19.5,0,180.7,15988.25,0.05730129390018484,0.27195391519860673,0.0
2023-11-29,2023,0.785007072135785,0.7496463932107497,0.19260969976905312,0.6944837340876945,0.5869565217391305,-0.32790224032586557,1,0.17922606924643583,1.1209441290708098,1.99009900990099,4.6048939179632296,9.0337270155587,0.29479487652491504,0.051587301587301584,0.6407355021216408,0.007791282592101156,0.0006934369254701922,2,281385.0,0.13432835820895522,-60.5,60.5,0.4243281471004243,25.75,75.0,0,176.75,16107.0,0.004688546550569324,0.4607083563918097,0.0
2023-11-30,2023,-0.0800057146939067,0.41002928780627185,0.014297729184188394,0.7586256161154368,0.30057803468208094,-0.527306967984934,1,0.3295668549905838,1.2126879792849319,1.8401314379598541,4.777684120294306,9.243274519608546,0.22408752907585142,0.047619047619047616,1.0043574541038645,0.005632441927309051,0.003873385607330193,3,304415.0,0.04608019150209455,-68.75,68.75,0.6100435745410386,2.5,106.75,1,174.9875,15962.5,0.13432835820895522,0.4243281471004243,0.0
2023-12-01,2023,0.23524189968930315,0.48231986980322533,0.051130776794493606,0.5873649948217192,0.04895104895104895,-0.3198992443324937,4,0.37531486146095716,1.2500667264216712,0.7387927208166867,3.9265867731913056,8.564343837845835,0.526247267960318,0.031746031746031744,1.1584553928095873,0.011674002410980489,0.002539852603010484,4,313798.0,0.22335495829471733,117.5,117.5,0.8773487202248854,148.25,18.75,1,168.975,15901.75,0.04608019150209455,0.6100435745410386,1.0
2023-12-04,2023,-0.9395571514063435,1.0682226211849193,0.2246661429693637,0.8557749850388989,0.631638418079096,-0.8793706293706294,5,0.022727272727272728,1.2201414201772731,1.2577797725912585,4.593985637342913,9.302199281867141,0.7446992998730193,0.01984126984126984,1.1101137043686415,0.01271720822820488,0.005901783724166942,0,306286.0,0.21155234657039712,77.75,77.75,0.7884500299222023,131.75,15.25,1,167.1,15736.5,0.22335495829471733,0.8773487202248854,1.0
2023-12-05,2023,-0.13208351086493395,0.5752023860247124,0.08363636363636363,0.872035222269564,0.504524886877828,0.7214983713355049,1,0.7719869706840391,1.24479718975548,-0.1438005965061781,3.0879420536855577,7.560744212469815,0.9322738756604659,0.05952380952380952,0.8805567390995597,-0.014742287800618037,-0.004876268178775733,1,321050.0,0.033460398136382886,-1.5,1.5,0.4218150830847891,60.0,74.25,0,176.025,15901.75,0.21155234657039712,0.7884500299222023,1.0
2023-12-06,2023,0.7648786077490511,0.8379288118599155,0.2055092424791591,0.9338967270643844,0.2394736842105263,-0.696319018404908,2,0.2714723926380368,1.2249882227956272,0.20067320776337255,3.468910692544582,8.008271861347845,1.0442487610953546,0.05555555555555555,1.022702857552102,0.015837630337643405,0.003924758625944547,2,315941.0,0.18687430478309233,-82.75,82.75,0.48270428990904535,29.5,84.25,0,174.5375,15920.25,0.033460398136382886,0.4218150830847891,0.0
2023-12-07,2023,0.5431578947368421,0.8336842105263158,0.20585774058577405,0.64,0.1510574018126888,0.47368421052631576,2,0.8793859649122807,1.2292374948582798,-0.28835087719297836,2.9287578947368393,7.393185964912276,1.0142646494014085,0.08333333333333333,1.1396491228070176,-0.0002127851117621482,-0.0012584773361947743,3,321252.0,0.0884109916367981,53.75,53.75,0.43508771929824563,77.5,57.5,0,178.125,15988.25,0.18687430478309233,0.48270428990904535,0.0
2023-12-08,2023,-0.48081626948074635,0.8316444195960584,0.11505853855470327,0.9308826612621427,0.34011090573012936,0.6246246246246246,3,0.6801801801801802,1.1824406669408918,0.6388287092040015,3.929443007897127,8.392710881263543,1.1302553196836138,0.0992063492063492,0.9937801383744496,0.0035576424588270594,-0.002643224444607517,4,309022.0,0.17179630665920537,44.75,44.75,0.39275980152351664,59.0,70.25,0,178.8625,16060.0,0.0884109916367981,0.43508771929824563,0.0
2023-12-11,2023,-0.1587070471753058,0.40477577169481654,0.01642935377875137,0.6188118811881188,0.4617169373549884,0.7788235294117647,0,0.8635294117647059,0.5173020079015086,0.8763832265579521,4.316132789749563,8.991285672684912,1.2166913689999475,0.05555555555555555,1.003203261502621,-0.00583806623139127,-0.0033000217867851234,0,135193.0,0.1827814569536424,67.75,67.75,0.5008736167734421,86.0,38.75,0,171.7,16160.25,0.17179630665920537,0.39275980152351664,0.0
2023-12-12,2023,0.024372759856630826,0.8802867383512545,0.0012053033346725592,0.5448028673835126,0.3920552677029361,0.29736842105263156,1,0.7947368421052632,0.3185015831715087,1.3822222222222202,4.803211469534047,9.442035842293906,0.7528552871019709,0.05952380952380952,1.0193548387096774,-0.00487232985000019,-0.0007124465143719672,1,83238.0,0.2861085556577737,86.5,86.5,0.5103942652329749,89.0,6.25,0,174.375,16260.5,0.1827814569536424,0.5008736167734421,0.0
2023-12-13,2023,0.3122878479293958,0.2972014784642076,0.022109917877447885,0.3590555932714792,0.2702702702702703,0.226890756302521,3,0.4369747899159664,0.16635793247684494,2.041034924945314,5.570310024892508,10.521437731010035,0.9037513902748792,0.007936507936507936,0.9926831108093837,-0.0022558222190751653,-0.00017789871075080121,2,41760.0,0.2436098069900887,128.0,128.0,1.0997963340122199,182.25,47.0,1,165.7125,16412.25,0.2861085556577737,0.5103942652329749,0.0
2023-12-14,2023,0.39508340649692714,0.6584723441615452,0.036080767957629926,0.5501902253438689,0.3166023166023166,-0.15691489361702127,3,0.24202127659574468,0.14100985957573947,2.9252999707345646,6.342698273339185,11.204455662862161,0.5039014459456512,0.05555555555555555,1.3418203102136377,0.00795028646604723,0.0012054991417829175,3,35397.0,0.06324927656056221,-71.5,71.5,1.0213637693883524,16.0,174.5,1,170.85,16593.0,0.2436098069900887,1.0997963340122199,1.0
2023-12-18,2023,1.8289251547552055,1.910523353967361,0.2291928815387381,0.4192459200900394,0.3171912832929782,0.6845637583892618,2,0.8791946308724832,0.8286673527995884,2.5231429375351677,5.807568936409675,10.548410241980864,0.6706059083191616,0.09523809523809523,1.382948790095667,-0.0037225381533786406,-0.0013021154813588343,0,199679.0,0.27773000859845226,61.5,61.5,0.43190770962296005,76.75,41.75,0,177.7,16897.5,0.06324927656056221,1.0213637693883524,1.0
2023-12-19,2023,-0.033408287825248954,0.4021843880501124,0.05832449628844114,0.2968197879858657,0.23,0.7792207792207793,4,0.9177489177489178,1.0043989973606016,4.283070992611632,7.364985544490849,11.76408609058786,1.119174592272016,0.25793650793650796,0.7311275297141021,0.005219150088413116,0.0004200422370723711,1,242024.0,0.07855251544571933,3.0,3.0,0.16704143912624478,15.25,32.5,0,194.5625,16997.5,0.27773000859845226,0.43190770962296005,0.0
2023-12-20,2023,-0.07759197324414716,0.45217391304347826,0.07675791733762748,0.5498327759197325,0.90625,0.754257907542579,0,0.902676399026764,0.7663485489938803,4.444280936454848,7.696802675585285,12.340662207357855,1.2259343798396496,0.20634920634920634,0.3652173913043478,0.005582488645180295,-0.001392432315818537,2,186899.0,0.4843348741653826,-243.0,243.0,1.474247491638796,5.25,275.5,1,186.875,17063.5,0.07855251544571933,0.16704143912624478,0.0
2023-12-21,2023,0.5319566069794798,0.9475885505162723,0.20912547528517111,0.6025356162593125,0.1099476439790576,-0.13882863340563992,5,0.544468546637744,1.2086968109642964,3.182786563847865,6.417801594562805,10.99406613514573,1.573236460751156,0.23015873015873015,1.4926153443994248,0.001933057530574156,0.0016775268898500117,3,294780.0,0.015051740357478834,-8.25,8.25,0.4796758593647889,14.75,91.75,0,191.275,16906.25,0.4843348741653826,1.474247491638796,1.0
2023-12-22,2023,0.5353955978584176,0.649084539625884,0.10312366281557553,0.27496860334457,0.3590504451038576,0.5480769230769231,3,0.7403846153846154,0.7376954065994895,3.40657016326261,6.734245488796354,11.401169938528653,1.5273845539792195,0.21825396825396826,0.7627734813933504,0.0046673945447486265,0.0011322980993597742,4,179911.0,0.10306058713304185,-45.5,45.5,0.6966752594355211,6.75,131.75,1,189.1125,17027.75,0.015051740357478834,0.4796758593647889,0.0
2023-12-26,2023,0.1395825329747727,0.37904981431681395,0.04041720990873533,0.2650787552823665,0.352112676056338,0.782608695652174,0,0.8647342995169082,0.5406660994536303,3.495838135484699,6.78260980919452,11.344839288001022,1.488944111138175,0.2896825396825397,0.744013317966449,-0.0008300336145206089,-0.00035346843171857323,1,131859.0,0.09300095877277086,31.75,31.75,0.1779997438852606,34.75,27.25,0,195.225,17050.0,0.10306058713304185,0.6966752594355211,1.0
2023-12-27,2023,0.05220934674646632,0.1731822233541322,0.015812776723592662,0.3514580415127977,0.39211136890951276,-0.34057971014492755,3,0.18840579710144928,0.7297694586532449,3.7103017954921653,7.054425060486435,11.659926142875337,0.7741652468658259,0.2976190476190476,0.4049407869603973,0.0018063806705375107,0.0014785982783191987,2,177978.0,0.032635983263598324,17.0,17.0,0.30052209346746467,59.0,10.5,0,196.325,17068.5,0.09300095877277086,0.1779997438852606,0.0
2023-12-28,2023,0.32605193633610413,0.24614988079128808,0.06704707560627675,0.2899671370578001,0.02242152466367713,-0.3333333333333333,1,0.48444444444444446,0.6079609551433678,3.4999677814292194,6.976068045621498,11.689947805915333,0.7726840871228307,0.2619047619047619,0.3711579354339841,0.0064345347724023005,0.0021798807751515215,3,142006.0,0.13108614232209737,-32.0,32.0,0.20362136735614406,14.5,39.5,0,193.9875,17130.0,0.032635983263598324,0.30052209346746467,0.0
2023-12-29,2023,-0.046875,0.3359375,0.009609224855861628,0.21223958333333334,0.20567375886524822,-0.3374233128834356,6,0.2085889570552147,0.5966995922599575,3.3175781249999923,6.9165364583333355,11.749394531250005,0.2952871065257536,0.24206349206349206,0.3567708333333333,-0.0050295257800884174,0.0006492834118388968,4,131782.0,0.0465237846314689,-37.0,37.0,0.7161458333333334,4.0,137.5,1,192.0,17075.25,0.13108614232209737,0.20362136735614406,0.0
2024-01-02,2024,-0.9250754494160871,1.1691379084109697,0.21013004791238876,0.900144338013384,0.490272373540856,-0.9096209912536443,0,0.023323615160349854,1.647755433573561,2.7693872195250004,6.446135677732579,11.409408214145126,0.4257836472380925,0.23015873015873015,0.890959191707125,0.011711717221691731,0.007579155985794395,1,318493.0,0.1468671679197995,-79.25,79.25,0.440887022700433,81.75,84.0,0,190.525,16706.0,0.0465237846314689,0.7161458333333334,1.0
2024-01-03,2024,-0.08310592904986355,0.7343091044405854,0.1998404467491025,0.4812701562887621,0.25874125874125875,-0.36597938144329895,3,0.18298969072164947,1.5294765868725069,0.394381046886625,3.880327462168196,8.645156288762092,1.109953819266137,0.36507936507936506,1.2478293227486976,-0.003978789183008424,-0.00011912202174801934,2,295631.0,0.031995937023869984,-10.75,10.75,0.2679235921607541,54.0,45.25,0,201.55,16574.5,0.1468671679197995,0.440887022700433,0.0
2024-01-04,2024,-0.5566750629722922,0.7229219143576826,0.14376996805111822,0.4534005037783375,0.1975867269984917,0.6638888888888889,4,0.7777777777777778,1.2955367351478873,-0.05409319899243966,3.4351133501259485,8.367103274559199,0.9811665583203988,0.3492063492063492,0.6272040302267002,0.000519766786690079,-0.00036111420346562895,3,250413.0,0.051842598376014994,-20.25,20.25,0.35768261964735515,71.0,48.25,0,198.5,16513.0,0.031995937023869984,0.2679235921607541,0.0
2024-01-05,2024,-0.22947810123262521,0.7081038552321007,0.015438596491228071,0.6543404143718856,0.36149068322981365,0.8797595190380761,4,0.9739478957915831,1.3663271060432824,-0.6066745344872727,3.0231313926042516,8.244735116706002,0.9754312062681594,0.23412698412698413,0.7395751376868607,0.0048004296917250056,-0.0014398565320161705,4,264096.0,0.2297734627831715,-128.5,128.5,0.7526881720430108,18.25,143.5,1,190.65,16558.75,0.051842598376014994,0.35768261964735515,0.0
2024-01-08,2024,0.43068817912413565,0.7178136318735594,0.03131782945736434,0.7928877181429042,0.6723338485316847,0.9485049833887044,0,0.9933554817275747,1.108314492806109,-1.0782351004280464,2.539374382614418,7.856608495225548,0.900125791860544,0.2261904761904762,0.8521567336187027,-0.001374534200874189,-0.004425150696772739,0,214225.0,0.42411812961443807,121.5,121.5,0.7309845242015146,138.75,14.25,1,189.8125,16654.75,0.2297734627831715,0.7526881720430108,1.0
2024-01-09,2024,-0.5421458359661318,0.6950587640591432,0.20715883668903803,0.4347276633388096,0.12333333333333334,0.7034883720930233,2,0.7994186046511628,1.2744129257226227,0.4771894351067937,3.950739289776319,9.187950208517634,1.4742937729413117,0.3412698412698413,1.4570959181094403,-0.0030731214295822706,-0.0020057751311424177,1,246330.0,0.1365967365967366,89.25,89.25,0.7026412233034248,139.0,4.0,1,197.825,16729.5,0.42411812961443807,0.7309845242015146,1.0
2024-01-10,2024,0.10797764227642276,0.510670731707317,0.02916978309648467,0.3671239837398374,0.0387858347386172,0.3217993079584775,4,0.8512110726643599,1.213943887132739,0.4982850609756097,3.9288363821138192,9.35076854674797,1.0197863399133198,0.3253968253968254,1.055640243902439,-0.0030974662140281772,2.7001649866020827e-05,2,234642.0,0.2808988764044944,100.5,100.5,0.6097560975609756,120.0,10.25,1,196.8,16863.25,0.1365967365967366,0.7026412233034248,1.0
2024-01-11,2024,0.1051897851847158,0.8301121601926368,0.048143053645116916,1.107661111463152,0.5172413793103449,-0.5308924485125858,1,0.20137299771167047,1.8967504617438136,1.0144477536277765,4.378455104239275,9.955763259615996,0.9797436441794851,0.3353174603174603,0.9200937836638997,-0.0051587102487110625,9.679611182067394e-05,3,366621.0,0.07807246918192005,83.75,83.75,0.5855142259679361,115.25,115.5,0,197.2625,16868.5,0.2808988764044944,0.6097560975609756,1.0
2024-01-12,2024,0.27603203943314847,0.7011706715958103,0.06539649845520082,0.5286506469500925,0.05327868852459016,-0.28438228438228436,2,0.3962703962703963,1.335971626270826,0.7512014787430755,3.953271719038819,9.525237215033892,0.9197659677185532,0.3968253968253968,1.4294516327788047,-0.00654134114780458,-0.0006917391450095289,4,276482.0,0.014438166980539862,-27.25,27.25,0.3179297597042514,17.5,64.5,0,202.875,16977.75,0.07807246918192005,0.5855142259679361,0.0
2024-01-15,2024,0.036049474796444776,0.4214059295170613,0.025974025974025976,0.1566287525638635,0.013100436681222707,0.06349206349206349,3,0.753968253968254,0.18347082766164588,0.5990428242898802,3.7348498974454594,9.50350550065262,0.8522868764207095,0.38492063492063494,0.6426751196469638,0.0024874238098280266,8.989521952140755e-05,0,41177.0,0.07598784194528875,7.75,7.75,0.10068991236248367,20.25,5.5,0,201.1125,16959.75,0.014438166980539862,0.3179297597042514,0.0
2024-01-16,2024,-0.26710310965630113,0.8065466448445172,0.04164470216130733,0.7869067103109656,0.33860045146726864,0.5557404326123128,4,0.9650582362728786,1.4676195844203295,0.6081178396071975,3.78451063829787,10.002049099836336,0.3626541740598743,0.24206349206349206,0.23044189852700492,-0.003242224896969681,-0.00300972850539738,1,329383.0,0.11066072152411836,-72.75,72.75,0.7227495908346973,34.0,138.0,1,190.9375,17000.0,0.07598784194528875,0.10068991236248367,0.0
2024-01-17,2024,-0.545042643923241,0.9368336886993603,0.1724137931034483,0.8195628997867804,0.08153078202995008,-0.4959349593495935,3,0.3886178861788618,1.2965220930378925,0.29624200426439623,3.4324093816631134,9.867017590618335,0.4122127160308341,0.21428571428571427,0.9541577825159915,0.00929335295438416,0.004636856285763713,2,309004.0,0.052732502396931925,52.5,52.5,0.5050639658848615,94.75,21.75,0,187.6,16748.75,0.11066072152411836,0.7227495908346973,1.0
2024-01-18,2024,1.1053003533568904,1.1929328621908126,0.18858954041204437,0.38869257950530034,0.06694560669456066,0.6254545454545455,4,0.7818181818181819,1.240133182076936,-0.35356890459363133,2.748918727915195,9.65110247349823,0.3834543844331704,0.09126984126984126,0.8734982332155476,-0.004802035880775546,-0.001850831484702109,3,302812.0,0.07454175152749491,64.75,64.75,0.5498233215547703,75.25,97.25,0,176.875,17039.75,0.052732502396931925,0.5050639658848615,0.0
2024-01-19,2024,0.45466560930478456,0.7837694951097013,0.09871513632090254,0.3528945281522601,0.0513950073421439,0.11235955056179775,4,0.4756554307116105,1.1317763914136687,1.245109701295272,3.9728522336769765,10.520711075865716,1.004902674021529,0.23015873015873015,0.9119746233148295,-0.009344629399917426,-0.0007992074345944955,4,281101.0,0.47074904319300165,234.0,234.0,1.3230240549828178,250.25,2.0,1,189.15,17198.0,0.07454175152749491,0.5498233215547703,0.0
2024-01-22,2024,0.4998372925479987,0.6169866579889359,0.03334283271587347,0.6573381060852587,0.41020408163265304,-0.4376237623762376,5,0.11287128712871287,1.3038100402519683,2.7722095671981775,5.404829157175392,11.955333550276599,1.2067190967025212,0.27380952380952384,1.468272046859746,0.012637744217434799,0.003152099497946148,0,335411.0,0.03292383292383293,0.0,0.0,0.2147738366417182,41.25,38.5,0,192.0625,17472.75,0.47074904319300165,1.3230240549828178,1.0
2024-01-23,2024,0.07792713812585232,0.5402948243392428,0.04822695035460993,0.41041626079615556,0.20766773162939298,-0.43670886075949367,4,0.5569620253164557,1.0615130153214034,2.828495356841357,5.385570491590356,12.028144684719786,1.1978096970271739,0.2857142857142857,0.7818689525293849,-0.007116744924717033,0.0007959175563214682,1,273079.0,0.1375579598145286,64.25,64.25,0.36106240664978245,69.5,26.5,0,192.4875,17453.25,0.03292383292383293,0.2147738366417182,0.0
2024-01-24,2024,0.9180199057097956,0.7464641173389209,0.2316126084970306,0.4544264012572027,0.40476190476190477,0.3170028818443804,3,0.9567723342939481,1.0525024433378323,2.94624148768989,5.4287323205867,12.247564169722365,1.1346299588164264,0.25396825396825395,0.5945521215295966,-0.012626801520497777,-0.002214408491060027,2,282689.0,0.1649441918147995,-76.0,76.0,0.4622839182818229,73.75,88.25,0,190.9,17720.25,0.1375579598145286,0.36106240664978245,0.0
2024-01-25,2024,0.39203406813627256,0.6938877755511023,0.12737642585551331,0.4433867735470942,0.04572564612326044,-0.1497175141242938,2,0.672316384180791,1.0543579329683148,3.311936372745491,5.619689378757509,12.231700901803608,0.8150664613101557,0.40476190476190477,0.811623246492986,-0.004501837868124636,0.0005951671701395211,3,289717.0,0.15752625437572929,-112.25,112.25,0.8391783567134269,42.75,167.5,1,199.6,17709.25,0.1649441918147995,0.4622839182818229,0.0
2024-01-26,2024,-0.19006113431390353,0.7057684159554507,0.0017211703958691911,0.4806004479147752,0.17780938833570412,0.380352644836272,6,0.9219143576826196,0.9595809054436738,2.8484353247382086,5.006863991283819,11.487161794080263,0.8183163714931472,0.49206349206349204,1.0180981780763876,-0.0037514889969012533,-0.0005234528743385258,4,267523.0,0.05091078935077067,-32.75,32.75,0.45759941892137285,35.75,94.5,0,206.5125,17595.5,0.15752625437572929,0.8391783567134269,1.0
2024-01-29,2024,-0.06926200143300693,0.6436589443515643,0.11040787623066103,0.28660138524002865,0.08185053380782918,-0.10833333333333334,3,0.2833333333333333,0.9397381197059451,2.5352280869357537,4.617602101743491,11.062108908526396,0.39417107318122396,0.5317460317460317,0.6221638404585622,0.0011744274060742077,-0.0002902960894272111,0,261991.0,0.36071695294996264,129.0,129.0,0.6663482206830666,139.5,21.75,1,209.35,17541.75,0.05091078935077067,0.45759941892137285,0.0
2024-01-30,2024,-0.04547086274979059,0.43556300107694146,0.10240963855421686,0.32906545411032667,0.10091743119266056,0.0,2,0.6545454545454545,0.8141639899351307,2.905947110207012,4.975038889553667,11.493418690917796,0.44678079009844096,0.5238095238095238,0.7718080650951298,-0.0036766532518508477,0.0006065200909779467,1,226982.0,0.1875,-76.5,76.5,0.540863946392246,6.25,113.0,0,208.925,17661.25,0.36071695294996264,0.6663482206830666,1.0
2024-01-31,2024,-0.9489612721210567,0.6937676327263401,0.05133806663025669,0.6424724288279047,0.5280898876404494,-0.7225548902195609,1,0.0658682634730539,0.8798404544718421,2.4274172864837062,4.714413952295464,11.763125160297516,0.6665372798872817,0.3373015873015873,0.7014619133111054,0.0025510916488941104,0.001750148231849158,2,241763.0,0.0017464198393293748,-16.5,16.5,0.8951013080276995,174.5,67.0,1,194.95,17309.25,0.1875,0.540863946392246,0.0
2024-02-01,2024,0.07043964051493806,0.4906485304833617,0.038624189455878206,0.4918630070439641,0.1373134328358209,0.4888888888888889,4,0.8567901234567902,0.972882083307128,0.7033033762448455,2.9117561331066235,9.622631770706827,0.8853124685446672,0.4801587301587302,1.1731843575418994,-0.007633342780494212,-4.4325381751697535e-05,3,262971.0,0.11369415183436252,77.5,77.5,0.456643186786495,94.0,92.75,0,205.85,17356.75,0.0017464198393293748,0.8951013080276995,1.0
2024-02-02,2024,0.355534202150021,0.7723259864272416,0.1044776119402985,0.7603146958140653,0.3723958333333333,0.4881516587677725,0,0.7567140600315956,1.244490401441356,1.14924028586872,3.432778812083366,10.091435949792805,1.0733624877634131,0.5317460317460317,0.8972434088042761,-0.004922852664203781,-0.001979608877386907,4,336387.0,0.23427152317880795,173.0,173.0,0.9128580866014053,190.0,12.25,1,208.1375,17585.5,0.11369415183436252,0.456643186786495,0.0
2024-02-05,2024,-0.1658126547296908,0.35004893776268065,0.019377162629757784,0.6287063158500777,0.6425755584756899,-0.8241758241758241,1,0.06776556776556776,0.9354448368788906,2.289308538200235,4.621037480568829,11.059617709712704,1.3843055663651798,0.623015873015873,1.4266797167367147,-0.003958772330739269,0.0013709877604829446,0,257042.0,0.16229348882410108,74.5,74.5,0.6217974552363406,135.0,56.25,1,217.1125,17610.0,0.23427152317880795,0.9128580866014053,1.0
2024-02-06,2024,0.2724828204362115,0.46608903495667764,0.060884070058381985,0.8102778607708395,0.4215686274509804,-0.5796460176991151,0,0.2669616519174041,1.2150061594618249,1.8051986853899014,4.286728413504629,11.01428742157156,1.5023419443659758,0.5396825396825397,0.9142515685688677,0.01470367164699904,0.004129412497871465,1,333860.0,0.021568627450980392,2.75,2.75,0.39438302957872723,20.25,82.5,0,209.1875,17643.25,0.16229348882410108,0.6217974552363406,1.0
2024-02-07,2024,0.6096467634929174,0.7148407148407149,0.16883116883116883,0.7244038013268783,0.48954895489548955,0.5825082508250825,5,0.9471947194719472,1.088903356092277,1.4237642699181197,3.9522084752854,10.718205725898036,1.4692065030654056,0.5396825396825397,0.9885840655071425,-0.008525967372359333,-0.0019637565146541913,2,303577.0,0.02098635886673662,-4.0,4.0,0.3932819317434702,14.25,82.25,0,209.1375,17861.75,0.021568627450980392,0.39438302957872723,0.0
2024-02-08,2024,-0.1051698670605613,0.3355982274741507,0.01612115290669272,0.27651403249630724,0.17045454545454544,0.23504273504273504,5,0.7136752136752137,0.7981163199063481,2.197045790251108,4.733187592319062,11.478794682422452,1.0427084375837707,0.5912698412698413,0.745642540620384,0.008830209593630345,-0.001169877174035161,3,224985.0,0.04936014625228519,19.0,19.0,0.22333825701624815,47.25,23.0,0,211.5625,17849.25,0.02098635886673662,0.3932819317434702,0.0
2024-02-09,2024,0.20222070591154395,0.59425593945785,0.09041835357624832,0.5371875193846536,0.6487025948103793,0.6420323325635104,1,0.953810623556582,0.8202438022680032,2.131443458842507,4.838012530240051,11.98840022331121,1.0734413093275126,0.42857142857142855,0.44165994665343344,-0.0027771437024033396,-0.0019384992833402226,4,228677.0,0.23845428840716307,67.25,67.25,0.459028596240928,92.5,11.5,0,201.5125,17978.5,0.04936014625228519,0.22333825701624815,0.0
2024-02-12,2024,-0.0791958574474566,0.2741395065488882,0.04395604395604396,0.21321961620469082,0.036211699164345405,0.2857142857142857,8,0.7942857142857143,0.6907972139016204,2.6914407554066404,5.417849527870846,12.522930246725556,0.784284364318483,0.4722222222222222,0.954005482790131,0.010325567193586682,-9.842419173589079e-05,0,191413.0,0.14326241134751774,-67.0,67.0,0.5153822723119098,79.5,105.75,0,205.1875,18042.0,0.23845428840716307,0.459028596240928,0.0
2024-02-13,2024,-1.6336866902237928,1.6383981154299176,0.340084388185654,0.8032979976442874,0.5751789976133651,0.6994134897360704,0,0.9442815249266863,1.1618824208740843,2.0312131919905774,4.722520612485274,11.66302709069494,0.7673169634424369,0.6031746031746031,0.872791519434629,-0.009685153155177262,-0.006061192465525611,1,321946.0,0.34918648310387984,-178.25,178.25,0.8657243816254417,44.5,183.75,1,212.25,17747.5,0.14326241134751774,0.5153822723119098,0.0
2024-02-14,2024,0.9805125914344742,0.6365514545759116,0.14602587800369685,0.46457088614663017,0.20614596670934698,0.3701923076923077,1,0.8100961538461539,1.0426612292035078,-0.030040761628225113,2.515360991680166,9.148255067284605,1.259631660559517,0.7083333333333334,1.019599084259311,-0.0030640642839782073,-0.0004633537132092691,2,288911.0,0.008227374719521317,-22.75,22.75,0.6108660450053046,2.5,136.75,1,223.8625,17827.25,0.34918648310387984,0.8657243816254417,1.0
2024-02-15,2024,0.370841866386229,0.39962362318038414,0.030952380952380953,0.4682570432279847,0.2805755395683453,-0.5933806146572104,2,0.26713947990543735,1.1048179291926812,0.7897824763380717,3.3769413848452956,10.007106879946862,1.2836339274182342,0.7559523809523809,0.6929761443515802,0.00916566747200842,0.004055807168849235,3,306134.0,0.1455919395465995,82.75,82.75,0.474898987103559,107.25,45.25,0,225.8375,17825.5,0.008227374719521317,0.6108660450053046,1.0
2024-02-16,2024,0.08495006313856043,0.565951096315004,0.040880503144654086,0.9952933073125932,0.639511201629328,-0.8073817762399077,0,0.17531718569780855,1.3345122523367858,1.1108942716106038,3.7860635977499637,10.742624268166686,1.3796497483334345,0.6547619047619048,0.7002640339800252,0.010300108396647856,0.006390938607131247,4,369780.0,0.05350152240104393,24.75,24.75,0.6968201125014349,151.75,6.0,1,217.775,17751.75,0.1455919395465995,0.474898987103559,0.0
2024-02-19,2024,0.060305072720822986,0.3689251507626818,0.057131113851212494,0.14544164597374956,0.2265193370165746,-0.16260162601626016,3,0.25203252032520324,0.15568726518979142,0.4396358046588659,3.09913680974341,10.33722951401206,1.3827777560166847,0.5992063492063492,1.0251862362539907,-0.0007531084676107858,0.00023132480357390683,0,43263.0,0.03896103896103896,4.25,4.25,0.05912262031453234,12.5,12.0,0,211.425,17784.25,0.05350152240104393,0.6968201125014349,1.0
2024-02-20,2024,-0.6166757890895822,0.8575077540594782,0.12015888778550149,1.1774007176306027,0.8725490196078431,-0.643595041322314,0,0.09917355371900827,1.405962242093074,0.43380161770965664,3.056449553001278,10.583670862981206,1.3905675618609958,0.4801587301587302,0.17028522775649213,0.008073631475987608,0.005169768991825641,1,380033.0,0.08147655470568674,67.25,67.25,0.4476068843884936,92.0,53.5,0,205.5375,17506.0,0.03896103896103896,0.05912262031453234,0.0
2024-02-21,2024,-0.36116079155368375,0.5077020711936768,0.10166824047843878,0.35654531817919577,0.19254658385093168,-0.3106796116504854,3,0.2912621359223301,1.164649262466104,-0.5948191311371372,1.7646800900017314,8.947400911555992,0.98769666712178,0.6507936507936508,1.253101021173484,0.0008712949683191695,0.0009198317696463842,2,320402.0,0.14481409001956946,-73.0,73.0,0.45231639069982116,48.0,98.0,0,216.6625,17471.0,0.08147655470568674,0.4476068843884936,0.0
2024-02-22,2024,2.339675828047921,1.1757105943152455,0.2458320703243407,0.4991778247592201,0.43784994400895855,0.6823529411764706,3,0.9835294117647059,1.2030573257565138,-1.37097721400047,0.8514211886304841,8.190486257928116,0.7277447297687163,0.6150793650793651,0.71764153159502,-0.004748882220188766,-0.0008411495588021012,3,334711.0,0.2674986435160065,98.0,98.0,0.5567300916138126,118.5,72.25,0,212.85,17968.5,0.14481409001956946,0.45231639069982116,0.0
2024-02-23,2024,0.16576043921237396,0.481444332998997,0.11832212109220419,0.4571609565538722,0.4098798397863818,-0.4341801385681293,1,0.20323325635103925,1.0497633142475118,1.4916855830649907,3.4332682257298286,10.088497070157842,1.5458858651968101,0.8928571428571429,0.9417726864804942,0.0003638282898156264,0.002742509499856993,4,292062.0,0.16997578692493948,-80.0,80.0,0.47616533811962203,14.25,112.75,0,236.7875,18058.75,0.2674986435160065,0.5567300916138126,0.0
2024-02-26,2024,0.15922572588198564,0.44125299198667917,0.07515589104036757,0.352794255385576,0.13296903460837886,0.20648967551622419,5,0.8082595870206489,0.926759074862343,1.018472265584342,2.883005515662399,9.482396711416383,1.5215668910800084,0.9365079365079365,0.82839005099386,0.007408306386645247,-0.001363173602703105,0,269211.0,0.0048543689320388345,-8.25,8.25,0.22582995108752213,25.25,54.25,0,240.225,18034.5,0.16997578692493948,0.47616533811962203,0.0
2024-02-27,2024,-0.03377665188938147,0.47603968756597004,0.10725075528700906,0.3989867004433186,0.018612521150592216,-0.0873015873015873,2,0.7619047619047619,0.9951959901751029,1.1584863837872101,2.9991555837027595,9.721500949968336,1.5247758545388383,0.9007936507936508,0.39582013932868904,0.00362736393622054,-0.0005742748054156088,1,289091.0,0.042223409941207914,8.0,8.0,0.4285412708465273,20.0,101.5,0,236.85,18010.0,0.0048543689320388345,0.22582995108752213,0.0
2024-02-28,2024,-0.4000635021431973,0.5408265862306186,0.14956930305403288,0.2974017039741758,0.08855291576673865,-0.10676156583629894,4,0.5658362989323843,0.9848181115816317,1.0349790972111914,2.8456157061967433,9.617881145155318,1.4212503071535205,0.8809523809523809,0.5249510504312854,0.006778834509702625,0.0016506398435156555,2,286165.0,0.04820012202562538,-13.75,13.75,0.2497750965761761,59.0,32.0,0,236.2125,17916.0,0.042223409941207914,0.4285412708465273,0.0
2024-02-29,2024,0.5659334586050624,0.9207472090195644,0.19641200123724095,0.40344865701337457,0.24180967238689546,-0.09863013698630137,3,0.4410958904109589,0.8706726111712406,0.43439814303083896,2.3767215651597224,9.439057146015253,1.4295364039372838,0.7817460317460317,0.43660882060351497,-0.0015291384768413296,-0.0005796933207400379,3,252997.0,0.01838235294117647,2.5,2.5,0.5449320216646402,37.5,123.25,0,226.175,18021.25,0.04820012202562538,0.2497750965761761,0.0
2024-03-01,2024,0.3225448902682332,0.5874528929283972,0.0204211869814933,0.45776989581024163,0.1308562197092084,0.559322033898305,4,0.5883777239709443,1.0290439866954142,0.8436045222788803,2.8312569275105304,9.910840168477053,0.4179040594710085,0.7559523809523809,0.7725559742850808,0.0007322433296155229,-0.0013795419159525757,4,299016.0,0.4573055028462998,184.0,184.0,0.9676346708046996,218.25,1.5,1,225.55,18154.25,0.01838235294117647,0.5449320216646402,0.0
2024-03-04,2024,-0.036516543100586475,0.3009848401018037,0.027465105808194508,0.2434436206705765,0.0,-0.4,3,0.509090909090909,0.7281800145572681,2.105953303087301,4.084253623990264,11.187202611486113,0.6940424473835449,0.7738095238095238,1.2349230939471063,-0.00171969944640038,0.00241717776975936,0,211592.0,0.047556142668428,35.75,35.75,0.17151709638154253,38.75,38.0,0,225.925,18308.0,0.4573055028462998,0.9676346708046996,1.0
2024-03-05,2024,-0.9566108643662453,0.6684887825987929,0.14766592569069545,0.9452226397904566,0.6216867469879518,-0.9048192771084337,2,0.0891566265060241,1.267043274318467,2.042250313176179,4.096663250199293,11.437706411570433,0.7094024377029772,0.6785714285714286,0.34961849447671106,0.010450643830930084,0.005907223483689661,1,368173.0,0.1698464402047464,-103.75,103.75,0.47716660972554376,33.0,104.75,0,219.525,17946.0,0.047556142668428,0.17151709638154253,0.0
2024-03-06,2024,1.1170978927714057,0.6977860762870098,0.18130593304607226,0.6945852227260603,0.2660300136425648,-0.35176651305683565,3,0.511520737327189,1.2060163158410953,-0.268818351560413,1.624411843158171,8.488220858895705,1.166204391883082,0.8650793650793651,1.2536676447052548,-0.0022269946059152446,0.0019902378914674612,2,350440.0,0.031071655041217502,-42.0,42.0,0.5441451053614297,127.5,50.0,0,234.3125,18046.75,0.1698464402047464,0.47716660972554376,0.0
2024-03-07,2024,0.7413982143789485,1.1392471153344124,0.1432806324110672,0.5137576358794967,0.26586102719033233,0.4247967479674797,2,0.9390243902439024,1.131939437635184,0.38495274891661274,2.1914478149637127,8.894836318070276,1.2011587673594486,0.9365079365079365,0.8802798517203572,-0.0016262605534937968,-0.0009779010772994479,3,328915.0,0.1668806161745828,82.25,82.25,0.5241998642510312,125.5,9.0,0,239.4125,18234.5,0.031071655041217502,0.5441451053614297,0.0
2024-03-08,2024,0.006924522702542289,0.6509051340389752,0.06435786435786436,0.5866059946582254,0.32413793103448274,0.6526138279932546,2,0.8583473861720068,0.9767949407692386,1.510485705806704,3.2131170244336724,9.575279453951925,1.2589810092954064,0.9801587301587301,0.9536056978929667,-0.0024305124784658183,-0.0008768993178964735,4,288681.0,0.2549568462794495,-307.25,307.25,1.5946186566425957,4.75,403.0,1,252.725,18415.25,0.1668806161745828,0.5241998642510312,0.0
2024-03-11,2024,-0.501350518883571,0.5278870302800549,0.021527213647441104,0.4236364497938681,0.1772831926323868,-0.03355704697986577,5,0.7337807606263982,0.45199787506894185,0.643984267639672,2.2104345353741137,8.311382267923989,1.1807796216572222,1.0,1.6073544045870254,-0.001910846117697096,-0.0010134611898870993,0,133583.0,0.04788286505738029,-6.0,6.0,0.2018670331232526,53.0,53.25,0,263.7875,17972.0,0.2549568462794495,1.5946186566425957,1.0
2024-03-12,2024,0.37204483375718184,0.6564943015917867,0.059422750424448216,0.8514646321936516,0.4672645739910314,0.375,1,0.9723451327433629,0.34876276904232606,0.10671564472073364,1.591899783366295,7.658057831779219,1.17846414144901,1.0,0.5086182537439955,-0.0049816486459358655,-0.0006088325751785195,1,103073.0,0.0931580981832238,61.25,61.25,0.2740887256287087,69.25,72.75,0,265.425,18149.5,0.04788286505738029,0.2018670331232526,0.0
2024-03-13,2024,-0.11472644010604965,0.3518920221740178,0.05481027213491759,0.48204386599180526,0.2689075630252101,-0.546,0,0.444,0.19858797941333867,0.9293805736322005,2.451096649795126,8.709187756085807,0.9116847375177938,0.9920634920634921,1.1144854181730537,0.01043899377012425,0.0027403075739045324,2,57705.0,0.04012188928390046,6.0,6.0,0.30465172330682094,40.75,79.0,0,259.3125,18112.75,0.0931580981832238,0.2740887256287087,0.0
2024-03-14,2024,0.028512437321797268,0.3470651853308426,0.04208695652173913,0.7491888703175695,0.11727416798732171,-0.19553805774278216,4,0.6824146981627297,0.15627898333141185,0.5241864123488292,2.01553436240291,8.44492183659424,0.937781517155526,0.9682539682539683,0.5840133713499164,-0.008645565575368885,-0.0008430716744689537,3,45411.0,0.19938884644766997,-151.0,151.0,0.6007275587454527,5.0,152.75,1,254.275,18088.75,0.04012188928390046,0.30465172330682094,0.0
2024-03-18,2024,1.3475831916444012,1.7099829973281515,0.14638585543421737,0.4012630556230265,0.2508038585209003,0.6924939467312349,2,0.7602905569007264,1.294479483256371,-0.19115861063881467,1.1760019431624913,7.5754432839446215,0.7189151149870877,0.9801587301587301,0.8287588049550644,-0.008262446873833262,-0.0019967234564375325,0,373957.0,0.13665743305632502,-67.5,67.5,0.4702453242652417,24.0,121.0,0,257.3125,18356.0,0.19938884644766997,0.6007275587454527,1.0
2024-03-19,2024,-0.5397859469520707,0.6514657980456026,0.06740225473734708,0.3704048394602141,0.21792890262751158,-0.5025125628140703,3,0.4045226130653266,1.2129628988597578,1.0273150302466318,2.293848301535603,8.493196835737555,0.920268403182593,1.0,0.542577943229409,0.005212086112275416,0.0018913791084124165,1,350408.0,0.22375690607734808,143.75,143.75,0.7296416938110749,196.0,4.0,1,268.625,18093.5,0.13665743305632502,0.4702453242652417,0.0
2024-03-20,2024,0.28975106526126937,0.37138371832249384,0.0669562070213536,0.31935411527248264,0.16342412451361868,-0.38202247191011235,1,0.4297752808988764,0.8772147782081483,0.7258129625476617,1.9222785377887424,7.936999327203406,0.8671606793753024,1.0,0.847723704866562,0.005412216299603978,0.002380806852268824,2,254898.0,0.20986863184876642,146.25,146.25,0.6727965911639381,187.5,40.0,1,278.6875,18284.0,0.22375690607734808,0.7296416938110749,1.0
2024-03-21,2024,0.9411549707602338,0.6195175438596491,0.21796200345423145,0.31432748538011696,0.11929307805596466,-0.5668604651162791,6,0.19186046511627908,1.1721371059864445,1.288103070175436,2.5456323099415226,8.719814510233915,0.8411034101850263,0.996031746031746,0.8315058479532164,0.008435007208157264,0.0025616240650850886,3,338614.0,0.09603960396039604,-52.25,52.25,0.3161549707602339,68.5,86.5,0,273.6,18639.0,0.20986863184876642,0.6727965911639381,1.0
2024-03-22,2024,-0.17747747747747747,0.409009009009009,0.059907834101382486,0.23423423423423423,0.011984021304926764,-0.27307692307692305,8,0.3,0.9500910393719322,1.6197747747747722,2.9568468468468523,9.084941441441444,0.8141222255768734,0.996031746031746,0.5621621621621622,-0.0070549243089367275,-0.000127131303241379,4,274468.0,0.10793082886106142,44.25,44.25,0.38288288288288286,106.25,18.0,0,277.5,18519.75,0.09603960396039604,0.3161549707602339,0.0
2024-03-25,2024,-0.4221186143279691,0.5795357697899434,0.1621524015890213,0.5103524339499674,0.2849740932642487,0.5265225933202358,2,0.8703339882121808,1.051954784411825,1.6117210608111465,3.070296285155666,9.938191206697752,0.7852673541092536,0.9325396825396826,0.504336491703013,0.0002774657307762496,-0.0021610078408482725,0,302356.0,0.06437125748502993,13.25,13.25,0.18448889557326917,46.0,26.75,0,249.3375,18525.75,0.10793082886106142,0.38288288288288286,0.0
2024-03-26,2024,0.12033572656487006,0.41257963393669733,0.049939098660170524,0.3043786024876125,0.2560553633217993,-0.23920265780730898,5,0.22259136212624583,0.8915918350305995,1.4110627970472183,2.8669026190716975,9.841611892001216,0.5411280531751668,0.9206349206349206,0.6340378197997776,-0.004806597602535434,0.0005440397694410626,1,256264.0,0.08049792531120332,-18.25,18.25,0.1537061381332794,38.0,21.5,0,247.225,18550.75,0.06437125748502993,0.18448889557326917,0.0
2024-03-27,2024,0.13689600973482735,0.42285656340313343,0.1683075480543835,0.7848704558130102,0.4331288343558282,-0.6925064599483204,0,0.2777777777777778,1.310117840256347,1.2859605536683,2.721573797089697,9.766551741621461,0.5010664931748063,0.9166666666666666,0.3244942452973686,0.010110449091476625,0.004336233357576158,2,376558.0,0.06346025384101536,-18.5,18.5,0.17137352329767278,29.0,42.25,0,246.5375,18432.25,0.08049792531120332,0.1537061381332794,0.0
2024-03-28,2024,0.3449827508624569,0.27398630068496577,0.009619406106231703,0.3289835508224589,0.12721417069243157,-0.030395136778115502,2,0.49240121580547114,0.8906768073536216,0.7139643017849108,2.0898555072246454,9.08537573121344,0.45975224804602677,0.9325396825396826,0.7739613019349033,0.0035414157566647786,0.0003234767868914856,3,256001.0,0.03910614525139665,-7.0,7.0,0.19899005049747515,21.25,49.75,0,250.0125,18497.5,0.06346025384101536,0.17137352329767278,0.0
2024-04-01,2024,0.04113162118780096,0.5357142857142857,0.09254901960784313,0.5016051364365971,0.09032258064516129,0.23,3,0.378,1.1255671234433515,0.9062500000000059,2.2690810593900554,9.351926163723917,0.32369326529943115,0.9246031746031746,0.3671749598715891,-0.01253379937301713,-0.0034366097770598403,0,316931.0,0.0255885363357216,-53.75,53.75,0.46147672552166935,2.0,115.0,0,249.2,18529.5,0.03910614525139665,0.19899005049747515,0.0
2024-04-02,2024,-0.7526236881559221,0.9805097451274363,0.2265317594154019,0.36481759120439783,0.19767441860465115,-0.5917808219178082,2,0.3561643835616438,1.0103267500089332,0.7535732133933004,2.092073963018486,9.193663168415794,0.3250895142495063,0.9325396825396826,0.7706146926536732,-0.0022940033343337163,0.0006685364419298789,1,296883.0,0.11964171465131158,52.0,52.0,0.32283858070964516,80.75,26.5,0,250.125,18233.5,0.0255885363357216,0.46147672552166935,0.0
2024-04-03,2024,-0.1815968347367353,0.46667343004971085,0.11779448621553884,0.7608805924723546,0.6087408949011447,0.932,2,0.9413333333333334,0.9648236571920404,0.0035507760982043217,1.2821751039870106,8.497823881505528,0.5054281533015926,0.9007936507936508,0.4595718778533022,0.0002194638979775565,-0.004292217619541905,2,282483.0,0.14020731042007636,-71.25,71.25,0.32159886375164853,36.5,79.25,0,246.425,18415.5,0.11964171465131158,0.32283858070964516,0.0
2024-04-04,2024,0.7789130756700725,0.6880892442864899,0.23861967694566813,0.3218322720766079,0.5471698113207547,-0.6104294478527608,1,0.06134969325153374,0.7858748147085545,0.23535218915049524,1.4108494989880993,8.440046399131251,0.5553723022791298,0.9444444444444444,0.8411076558566563,0.0014086233580047347,0.0009396142742024161,3,230090.0,0.40853264382676147,-305.25,305.25,1.2863418727479143,74.75,325.75,1,253.2375,18491.75,0.14020731042007636,0.32159886375164853,0.0
2024-04-05,2024,-0.19438009870077552,0.5922046530365596,0.03380645161290322,0.6073119145936147,0.3339517625231911,0.5339966832504146,1,0.7711442786069652,1.2713931550307793,-0.4647497230335352,0.7499244636922207,7.913133246046931,0.7067366740162858,0.9047619047619048,1.6205055896867762,0.00015523133145722845,-0.001415682376390004,4,363087.0,0.10500490677134446,78.5,78.5,0.7614059824755766,189.0,10.25,1,248.225,18218.75,0.40853264382676147,1.2863418727479143,1.0
2024-04-08,2024,0.13366411827249253,0.5113665130879449,0.0004666355576294914,0.5538960052655562,0.3713490959666203,0.20109689213893966,1,0.8775137111517367,1.2085005357480514,-0.07792010531112055,1.149673434256494,8.341542200394919,0.7703265400787305,0.8968253968253969,1.236393094020556,-0.004075359611299567,-0.0003117004467585449,0,345126.0,0.11045130641330166,-51.75,51.75,0.4273201356893322,19.75,105.5,0,246.8875,18357.75,0.10500490677134446,0.7614059824755766,1.0
2024-04-09,2024,0.3599978823653978,0.6003494097093546,0.1037344398340249,0.7591720048705596,0.44236453201970444,-0.8382147838214784,2,0.08368200836820083,1.358909174948001,-0.04214092858277612,1.1791412991688277,8.690666525491027,0.8563500015949153,0.8134920634920635,0.591878871300757,0.004263506946332596,0.0007244114728179873,1,388080.0,0.014962593516209476,-8.5,8.5,0.34093917094605325,62.75,80.5,0,236.1125,18240.75,0.11045130641330166,0.4273201356893322,0.0
2024-04-10,2024,-0.40611930442438915,1.8313889500330178,0.22044134727061557,0.47875852960598725,0.12349397590361445,0.5011494252873563,4,0.8022988505747126,1.3791420276647233,-0.3958287475236564,0.8420427030596541,8.636468192824125,0.7193276156289655,0.75,1.0774818401937045,0.0031020871698115293,0.000409215511749883,2,399514.0,0.047287496373658255,-14.5,14.5,0.3543913713405239,37.75,80.5,0,227.15,18194.5,0.014962593516209476,0.34093917094605325,0.0
2024-04-11,2024,0.3831460674157303,0.9044943820224719,0.09828629032258064,0.4730337078651685,0.30149253731343284,-0.4679334916864608,3,0.44655581947743467,1.3195135830611826,-0.6870224719101091,0.5790337078651646,8.51361235955056,0.6908438162067503,0.6825396825396826,0.5617977528089888,-0.004803744755182193,-0.0028605092275038047,3,395352.0,0.42462311557788945,277.5,277.5,1.3325842696629213,296.5,2.5,1,222.5,18216.0,0.047287496373658255,0.3543913713405239,0.0
2024-04-12,2024,-0.8735708735708736,1.0367410367410368,0.22681359044995408,0.3862803862803863,0.2623688155922039,-0.41379310344827586,1,0.05172413793103448,1.006996755946758,0.6504606504606505,1.8832722832722826,9.727439227439225,1.050792592294824,0.7103174603174603,1.5251415251415252,-0.004092451138641207,0.00033428205335506167,4,311810.0,0.15370161593385945,-130.25,130.25,0.6249306249306249,30.75,140.75,1,225.225,18260.75,0.42462311557788945,1.3325842696629213,1.0
2024-04-15,2024,0.8710912571793235,0.8657732397362263,0.1598173515981735,0.62965326526271,0.2521525215252153,-0.7871621621621622,2,0.1875,1.0201466104484995,-0.9235800893426992,0.18891725164858045,7.711545415868961,1.4022695588778138,0.8015873015873016,0.9497979153371623,-0.000997971580430801,0.0007410243849569342,0,320704.0,0.4007735792918774,-352.75,352.75,1.5432886619868111,17.75,362.75,1,235.05,18218.75,0.15370161593385945,0.6249306249306249,1.0
2024-04-16,2024,0.007041190967157874,0.509983402907006,0.008845829823083403,0.43856560881154755,0.1157556270096463,-0.04128440366972477,3,0.37844036697247707,1.0292941886816125,-1.9232510184579792,-0.92030377709601,6.1783181612432765,1.46497569108928,0.9047619047619048,1.9433687069355732,-0.003289942758417652,-0.0034195809678477795,1,328157.0,0.0864411679676207,65.25,65.25,0.5019363275159684,124.75,45.25,0,248.5375,17863.25,0.4007735792918774,1.5432886619868111,1.0
2024-04-17,2024,0.12239902080783355,0.8099622159544463,0.04244954766875435,0.6428609440689692,0.5422740524781341,-0.8096026490066225,0,0.17549668874172186,1.0344476071733828,-1.6922995050822203,-0.7221755095524497,6.748693523495291,1.713215749755667,0.7936507936507936,0.7237507317332766,-0.0008559595552495303,0.002704269081014954,2,329800.0,0.17560462670872765,-174.0,174.0,0.9323612367622799,23.75,219.0,1,234.8875,17835.0,0.0864411679676207,0.5019363275159684,0.0
2024-04-18,2024,0.04994797086368366,0.44849115504682624,0.007613373055279708,0.5379812695109261,0.14991181657848324,0.02321083172147002,3,0.9671179883945842,1.0806056756608404,-2.6480228928199794,-1.8175234131113418,5.436430801248703,1.7068315116792325,0.8650793650793651,1.429760665972945,0.005065585509601567,0.0007171674932748839,3,344516.0,0.1608108108108108,-112.25,112.25,0.6409989594172737,70.0,154.0,1,240.25,17676.0,0.17560462670872765,0.9323612367622799,1.0
2024-04-19,2024,-0.2888576046717764,1.5527399760154335,0.02568397543271915,0.7289222587204754,0.34210526315789475,-0.6065808297567954,5,0.26895565092989987,1.1649829470410458,-2.878617237603626,-2.2201991761822804,4.996876792324936,1.0610023341755213,0.8531746031746031,0.9343552844256738,0.012779063544404834,0.0039787063494651775,4,377956.0,0.16985082439152055,-196.75,196.75,1.11058970749257,34.5,266.25,1,239.7375,17388.5,0.1608108108108108,0.6409989594172737,1.0
2024-04-22,2024,0.39027833803953205,0.4780153287615974,0.06083459024635495,0.600040338846309,0.32636469221835074,-0.5865546218487395,2,0.12436974789915967,1.0520250099790247,-4.003075837031058,-3.5939693424768038,3.2921692214602656,1.0410230171461383,0.8968253968253969,1.5893505445744252,0.004285981108831938,0.002512042073730014,0,341309.0,0.3155770782889427,208.5,208.5,0.9953610326744655,246.75,52.5,1,247.9,17201.25,0.16985082439152055,1.11058970749257,1.0
2024-04-23,2024,0.07405242131930236,0.5914449965896912,0.07038648579472741,0.7220111078631979,0.7679180887372014,0.902834008097166,1,0.9851551956815114,1.0714469182636555,-2.7931404072883232,-2.5870603137484225,3.989223423950112,1.3708415286116915,0.9523809523809523,1.166325635779012,0.00765299247513429,-0.003185324505758258,1,352483.0,0.11787072243346007,36.5,36.5,0.23579849946409434,60.5,55.0,0,256.575,17596.0,0.3155770782889427,0.9953610326744655,1.0
2024-04-24,2024,0.37728622043474097,0.3456861055252322,0.06393392474762924,0.32174662453318015,0.0460772104607721,-0.06547619047619048,3,0.1636904761904762,1.0491470089061539,-1.7181844297615656,-1.657607967059268,4.726486641769602,1.4755395611422115,0.9761904761904762,0.9307670209709854,-8.740336238444169e-05,-0.0006669915914692126,2,352046.0,0.09826589595375723,-79.0,79.0,0.606147658718759,3.5,158.25,1,261.075,17725.5,0.11787072243346007,0.23579849946409434,0.0
2024-04-25,2024,-1.089385474860335,0.7197392923649907,0.10607521697203472,0.5204841713221602,0.2808988764044944,0.20214669051878353,1,0.5313059033989267,1.2726074435898371,-1.4535381750465604,-1.5351582867783937,4.602397579143394,1.3387135725675818,0.9841269841269841,0.851024208566108,-0.003745976613355184,-0.0021239477346434166,3,436393.0,0.24170616113744076,186.75,186.75,0.749534450651769,201.25,40.75,1,268.5,17382.25,0.09826589595375723,0.606147658718759,1.0
2024-04-26,2024,0.46509519492293744,0.5258386219401632,0.0881557598702001,0.6246600181323663,0.42385786802030456,0.6952104499274311,0,0.8635703918722787,1.0423650348120876,-1.5432003626473203,-1.775829555757031,4.162171350861287,1.3333054071807913,0.9920634920634921,0.99909338168631,0.00018967260535740493,-0.002315404307828395,4,357440.0,0.09553420011305823,52.0,52.0,0.3055303717135086,84.25,7.0,0,275.75,17817.0,0.24170616113744076,0.749534450651769,1.0
2024-04-29,2024,0.18351028968410016,0.26827456634770835,0.1015625,0.4203259492288199,0.09771309771309772,-0.07692307692307693,2,0.6943866943866944,0.8902039028945453,-0.33018744265303956,-0.6675405251889669,5.022711582994718,0.8039624297987434,1.0,0.8144361427884826,0.004573135676098405,0.0015361019477381221,0,306961.0,0.09464575446187128,-79.0,79.0,0.4229475247957356,19.25,121.0,0,286.0875,17912.25,0.09553420011305823,0.3055303717135086,0.0
2024-04-30,2024,0.010550841869257485,0.45896162131270063,0.11044776119402985,0.27168417813338025,0.10479573712255773,0.012944983818770227,1,0.2524271844660194,0.8275279057830005,-0.344968567283603,-0.7921044533345006,4.890156943772812,0.8382268512737487,0.996031746031746,0.5547984349584562,-0.0022459919355894975,-0.0005433000539688537,1,285349.0,0.23832528180354268,-142.5,142.5,0.5943640919681716,41.5,169.0,0,284.3375,17837.25,0.09464575446187128,0.4229475247957356,0.0
2024-05-01,2024,-0.6854356018621148,0.414985590778098,0.004389815627743635,0.3263134559964531,0.051759834368530024,-0.26358695652173914,3,0.5625,0.8101884745998649,-0.7343826202615802,-1.284291731323432,4.407696741299046,0.8582648581478757,0.9920634920634921,0.804256262469519,-0.000326474573779878,0.0004464891542313998,2,279370.0,0.3036322360953462,282.25,282.25,1.1154954555530925,314.5,78.25,1,281.9375,17477.25,0.23832528180354268,0.5943640919681716,0.0
2024-05-02,2024,-0.6075448998882873,0.4674744349918364,0.105311636475284,0.7441780527627395,0.08783239323126511,-0.29907621247113164,1,0.6096997690531177,1.1415981045237964,-0.388631090487239,-1.0200567156483575,4.464183208730773,0.8653225651052014,1.0,1.3500042966400274,-0.0009831204270627225,9.236383555899508e-05,3,393647.0,0.2689041649818035,143.75,143.75,0.5766090916902982,167.75,73.75,0,290.925,17518.0,0.3036322360953462,1.1154954555530925,1.0
2024-05-03,2024,1.023360248715402,0.860140766008895,0.21737032569360676,0.5406105617686429,0.03067484662576687,-0.15814696485623003,2,0.2539936102236422,0.9409500094668174,-0.6375922967312948,-1.3689019387711001,4.119629517682108,0.8871401614449365,0.996031746031746,1.035450580767736,-0.008080457038483702,-0.002551343179202026,4,328002.0,0.1278038601982264,81.5,81.5,0.32730256055960966,94.75,38.0,0,289.4875,17933.25,0.2689041649818035,0.5766090916902982,0.0
2024-05-06,2024,0.20263079477246607,0.3209739900387383,0.05500705218617771,0.2528627985185816,0.2285012285012285,0.24242424242424243,0,0.67003367003367,0.6498647124160072,0.6216849006002274,-0.18940019581968107,5.222080796900942,0.9203131093114922,1.0,0.5329700736452259,0.004144748209465199,1.7915141270474777e-05,0,224087.0,0.12113617376775271,46.75,46.75,0.21284747350048955,62.5,25.0,0,293.6375,18092.25,0.1278038601982264,0.32730256055960966,0.0
2024-05-07,2024,0.2460412055167717,0.21368976672909928,0.0638930163447251,0.18729780350757705,0.27912087912087913,-0.30454545454545456,5,0.2409090909090909,0.6609032916560347,1.0732164140984215,0.2287927805210329,5.60057040694704,0.90948540146818,1.0,0.38225778988591863,0.0033779478624518244,0.0005842710815437968,1,226632.0,0.0026595744680851063,7.75,7.75,0.24944662012600036,73.25,28.75,0,293.65,18194.5,0.12113617376775271,0.21284747350048955,0.0
2024-05-08,2024,-0.41167274622199057,0.5002605523710265,0.20170859041290934,0.46725725204099355,0.7338262476894639,0.8717472118959108,0,0.9070631970260223,0.740520541372564,1.3197846100399564,0.43760639221816966,5.887067917318043,0.7568321265146372,0.9841269841269841,0.3543512245961438,-0.0026858834195693237,-0.0033540571695571675,2,248485.0,0.10891089108910891,-32.75,32.75,0.21799548375890218,41.25,62.75,0,287.85,18201.0,0.0026595744680851063,0.24944662012600036,0.0
2024-05-09,2024,0.06384539062162979,0.36754238384884175,0.042735042735042736,0.3313058107933221,0.031286210892236384,-0.15885416666666666,5,0.6614583333333334,0.8388785285360594,1.1957637720546974,0.3075794831974462,5.688581165609772,0.8081694337911406,0.9880952380952381,0.5633924334584358,0.0042270403162727455,0.0027574479525331874,3,275973.0,0.03305249513933895,45.5,45.5,0.2329493982140546,67.5,1.5,0,289.7625,18171.5,0.10891089108910891,0.21799548375890218,0.0
2024-05-10,2024,0.20509605481169677,0.33496036899377546,0.09260908281389137,0.46930276297523627,0.5444617784711389,-0.36259541984732824,1,0.07442748091603053,0.8986571852249227,1.4654516143477678,0.47967399579060654,6.032013792485781,0.7209918388668953,0.9642857142857143,0.46930276297523627,-0.006303643470542242,0.0005538097125813435,4,294831.0,0.02045328911000553,22.0,22.0,0.13792485782096636,36.5,38.5,0,279.1375,18226.75,0.03305249513933895,0.2329493982140546,0.0
2024-05-13,2024,0.31104488731607377,0.39765319426336376,0.17357762777242045,0.31476997578692495,0.015659955257270694,-0.4881656804733728,1,0.45857988165680474,0.7579961564194044,1.6200409759731849,0.5912274166511461,6.341152914881733,0.2977557103412034,0.9365079365079365,0.5950828832184765,0.002729519347828946,-0.00017290010487247542,0,248683.0,0.01454234388366125,-1.25,1.25,0.20953622648537903,18.25,56.25,0,268.45,18291.0,0.02045328911000553,0.13792485782096636,0.0
2024-05-14,2024,-0.06315156375300722,0.5653568564554932,0.020530796194291438,0.4260224538893344,0.3657858136300417,0.7388235294117647,4,0.8211764705882353,0.8892722648016715,1.8232257417802784,0.779450681635928,6.941374298315955,0.20693253170356346,0.8611111111111112,0.408981555733761,-0.006298581926399982,-0.0024850760112660186,1,291752.0,0.3093841642228739,56.75,56.75,0.2776663993584603,66.5,69.25,0,249.4,18352.5,0.01454234388366125,0.20953622648537903,0.0
2024-05-15,2024,0.40227284155478454,0.6205058580982551,0.1727659574468085,0.41635239100920196,0.16129032258064516,0.35990338164251207,2,0.9589371980676329,1.0173002206427777,2.213204606024033,1.257002061648307,7.392894855936039,0.2967397892218404,0.8412698412698413,0.6184944938904812,-0.007112379763070886,-0.00021785343915992073,2,322974.0,0.3771471247199403,136.0,136.0,0.6275456328254638,156.0,5.5,1,248.5875,18546.5,0.3093841642228739,0.2776663993584603,0.0
2024-05-16,2024,-0.0162552067459108,0.24484405161028142,0.024134312696747113,0.2072538860103627,0.3797909407665505,0.6421568627450981,0,0.7696078431372549,0.7092192051560875,3.138677232551046,2.3527379863862676,8.52107081174438,0.564880198077303,0.8095238095238095,1.037285380473433,-0.0026523355153565964,-0.0004874706529798267,3,223381.0,0.053551912568306013,-18.75,18.75,0.20420603474550442,49.5,50.25,0,246.075,18711.25,0.3771471247199403,0.6275456328254638,1.0
2024-05-17,2024,-0.17301579029652403,0.2897493355568294,0.010111761575306013,0.23138256292667672,0.27054108216432865,0.4369369369369369,5,0.9864864864864865,0.771492475805594,3.026369274063259,2.38447026942519,8.716097764344159,0.6130831836131402,0.7777777777777778,0.4158632549898379,-6.451566608411952e-05,-0.000454452950158446,4,232139.0,0.0933806146572104,-51.0,51.0,0.5430194382198134,1.75,130.25,0,239.8625,18675.25,0.053551912568306013,0.20420603474550442,0.0
2024-05-20,2024,0.08660411924721036,0.26314328540498527,0.013043478260869565,0.5429412091267418,0.5818639798488665,0.8323108384458078,0,0.901840490797546,0.7318180035902847,2.602731360683944,2.182001887525677,8.911003164381288,0.8946838329124415,0.6071428571428571,0.5862432687503469,-0.0027959960689789565,-0.002501511946072732,0,214636.0,0.06818181818181818,25.75,25.75,0.21762060733914396,49.0,38.25,0,225.1625,18745.5,0.0933806146572104,0.5430194382198134,0.0
2024-05-21,2024,-0.3886380522375264,0.37720752128936386,0.1765489673550966,0.30519517631593984,0.3543307086614173,0.846441947565543,2,0.9700374531835206,0.7207715807111753,3.0403497742470202,2.876904612219238,9.768840372635314,0.9294387544171406,0.5476190476190477,0.7281248213979539,-0.00035897715218680126,-0.0012863612954783221,1,207979.0,0.13026444662095985,37.0,37.0,0.18403154826541693,40.25,11.25,0,218.7125,18742.75,0.06818181818181818,0.21762060733914396,0.0
2024-05-22,2024,0.13349084465445954,0.32486709982279977,0.015712682379349047,0.21382161842882458,0.0661764705882353,0.1270718232044199,7,0.5469613259668509,0.6726177089844684,2.9112817483756577,2.94993502658003,10.05749556999409,0.9957672900222689,0.4880952380952381,0.49616066154754873,0.0005040727709706427,0.00039678933368447744,2,189920.0,0.19725557461406518,-86.25,86.25,0.6131128174837567,24.75,129.75,1,211.625,18813.75,0.13026444662095985,0.18403154826541693,0.0
2024-05-23,2024,1.2215943248767585,0.8632920524227485,0.1986560268794624,0.6949621257665023,0.22012578616352202,-0.6072664359861591,2,0.38581314878892736,1.3791764729185387,2.4518456174101204,2.6778886617770796,9.90346278706265,0.607690317502269,0.4166666666666667,0.7430563905254298,-0.007203496374271312,-0.0006967230378759348,3,382958.0,0.3356401384083045,-247.75,247.75,1.3093663580618011,40.0,272.25,1,207.925,18893.75,0.19725557461406518,0.6131128174837567,1.0
2024-05-24,2024,0.5560870605118392,0.45204496531930155,0.1057153530070975,0.5214063621143267,0.3333333333333333,0.6903669724770642,4,0.9701834862385321,0.9627851616028292,1.791198277923945,2.231977995694815,9.378922506577371,0.6729783082625445,0.42857142857142855,1.7268596029657977,-0.002609001946656031,-0.00250255954622558,4,267338.0,0.0581039755351682,21.25,21.25,0.42334369767998087,88.5,24.0,0,209.05,18837.5,0.3356401384083045,1.3093663580618011,1.0
2024-05-27,2024,0.09930366333636088,0.2664244626097487,0.002328288707799767,0.17075386012715713,0.3717277486910995,0.1347517730496454,1,0.22695035460992907,0.11728089436805071,2.604722979109907,3.219109900090818,10.440442022403884,0.9766590336332767,0.38492063492063494,0.9409627611262489,-0.0007802926237772123,-0.0001106281586731317,0,31860.0,0.5545454545454546,67.0,67.0,0.3548289433848017,73.25,1.0,0,206.4375,18884.0,0.0581039755351682,0.42334369767998087,0.0
2024-05-28,2024,-0.15112421673424253,0.46934512839415166,0.015706806282722512,0.48286030224843346,0.12056737588652482,-0.26717557251908397,3,0.5623409669211196,0.9504225603221574,2.821353974689769,3.6197567268706172,10.951154933038461,0.9190529986503475,0.3253968253968254,0.3993119547856002,-0.005307318348174439,0.00012062937328893852,1,245219.0,0.023547880690737835,-21.75,21.75,0.3661383462341811,51.75,74.5,0,203.475,18894.0,0.5545454545454546,0.3548289433848017,0.0
2024-05-29,2024,-0.5372082782915015,0.9863496257155437,0.2217573221757322,0.5736931496508775,0.44242424242424244,0.8991228070175439,2,0.9385964912280702,1.0965951147298298,2.1963892558344376,3.251456249606842,10.72553940995157,1.0398967746778804,0.27380952380952384,0.635340001258099,-0.00521776006680108,-0.003237615127723137,2,272596.0,0.08249721293199554,-34.25,34.25,0.27300748568912375,12.0,54.25,0,198.7125,18868.0,0.023547880690737835,0.3661383462341811,0.0
2024-05-30,2024,-0.37292257802999595,0.7012565869477098,0.014413177762525738,0.45939737873260367,0.24,-0.9029411764705882,2,0.04411764705882353,1.1270797798732017,1.8604918254289922,3.219429806782863,11.211012025401978,1.0103866850899836,0.07936507936507936,0.6431563302256451,0.0061821659847948185,0.002287373710026963,3,280174.0,0.007527504342790967,-23.75,23.75,0.34725037157140926,41.0,64.25,0,185.025,18688.0,0.08249721293199554,0.27300748568912375,0.0
2024-05-31,2024,-0.3519932145886345,1.0347752332485158,0.025393600812595226,1.4475544246536614,0.6598984771573604,-0.859375,2,0.0283203125,1.474652431371287,0.7046225614927865,2.383347469607006,10.666178965224773,1.13508105163148,0.04365079365079365,0.8227311280746396,0.00810454096079849,0.006120822528655312,4,366575.0,0.0042796005706134095,11.0,11.0,0.7958722080859486,22.25,140.75,1,176.85,18382.0,0.007527504342790967,0.34725037157140926,0.0
2024-06-03,2024,1.7904388605025547,0.9925106740393365,0.18473547267996532,0.61734443900049,0.2686084142394822,-0.3219954648526077,1,0.29024943310657597,1.3227560904965725,-0.9269965703086681,0.8629943305102483,8.942220200181984,1.0694773941524607,0.05952380952380952,2.18100370966613,-0.009464364245324708,-0.0006441938178680662,0,328816.0,0.11276252019386107,-105.75,105.75,1.3508784209421152,3.75,241.25,1,178.5875,18677.25,0.0042796005706134095,0.7958722080859486,1.0
2024-06-04,2024,0.3518481913421625,0.8736904526586282,0.016700404858299597,0.5086644264347367,0.12702078521939955,-0.17098445595854922,5,0.5595854922279793,1.35643704422882,-0.045727087039595556,1.7524939052513733,9.257475126836665,1.2937508958434645,0.11507936507936507,1.6841272978849575,-0.0015042682771252425,0.0014528936722836283,1,349975.0,0.033295922184811075,31.5,31.5,0.6931541147789418,131.5,51.25,1,189.7125,18621.75,0.11276252019386107,1.3508784209421152,1.0
2024-06-05,2024,1.0166190599844196,0.8192677226694365,0.18318896374719282,0.6881329524798753,0.4793491864831039,0.6075471698113207,3,0.9773584905660377,1.028451625569051,0.26239937678525815,2.1393663983381006,9.45062321474941,1.396232143886261,0.17063492063492064,0.9633861334718254,-0.003539468691749148,-0.0040830782932719245,2,277648.0,0.3333333333333333,116.75,116.75,0.6141262009867566,118.25,22.0,1,192.55,18929.5,0.033295922184811075,0.6931541147789418,1.0
2024-06-06,2024,0.2780329475166881,0.32947516688100925,0.033892258294684265,0.40908812542103007,0.11143695014662756,-0.2215568862275449,2,0.625748502994012,1.1028804033767858,1.9578663727111274,3.893245146671565,10.741686569906305,1.7392536447549163,0.3373015873015873,1.213791414048625,-0.0006335852381719187,0.0004096970235322184,3,302503.0,0.11940298507462686,-34.75,34.75,0.32702553738747014,22.0,66.75,0,204.1125,19084.5,0.3333333333333333,0.6141262009867566,1.0
2024-06-07,2024,-0.04568747298882509,1.037229116503056,0.030042918454935622,0.3556214113724764,0.42083333333333334,0.08680555555555555,1,0.7569444444444444,0.7593140497670124,1.7854540964376082,3.8794344631721858,10.751991109464715,1.5809009122033928,0.3055555555555556,0.48404025436809284,0.004002247863907682,0.0014933310189699789,4,208904.0,0.06823184152604549,-19.75,19.75,0.5359017101932456,108.5,49.75,0,202.4625,19046.75,0.11940298507462686,0.32702553738747014,0.0
2024-06-10,2024,-0.19000616903146206,0.4281307834669957,0.07686539182602174,0.3269586674892042,0.11981566820276497,0.5584905660377358,4,0.7245283018867924,0.8520078379950142,1.4797038864898246,3.7110919185687803,10.530252930289949,1.0874134376570201,0.3055555555555556,0.8044417026526836,0.004914051031091438,-0.0014810177664454915,0,230014.0,0.16641375821952453,95.5,95.5,0.4811844540407156,97.5,0.75,0,202.625,19025.5,0.06823184152604549,0.5359017101932456,0.0
2024-06-11,2024,-0.3076171875,0.41259765625,0.07119205298013245,0.4833984375,0.02679830747531735,0.23737373737373738,2,0.8762626262626263,0.9883763571103135,1.7200317382812536,4.067651367187501,10.776580810546879,1.0688395117325713,0.3412698412698413,0.71044921875,-0.003909259952879496,-0.0019332927050229598,1,266829.0,0.2017249640632487,116.0,116.0,0.736083984375,150.75,18.5,1,204.8,19081.5,0.16641375821952453,0.4811844540407156,0.0
2024-06-12,2024,0.9773311800945033,1.0837968778036964,0.2611615962070328,0.8230157306058974,0.7166947723440135,0.8168604651162791,0,0.9752906976744186,0.9459251507487358,1.8630300855314244,4.264920150726712,10.827627250433633,1.0774551676669537,0.4246031746031746,1.1364316047610503,-0.0007524780983085844,-0.0030058873626412907,2,252641.0,0.0701468189233279,13.75,13.75,0.4557688856989054,16.0,95.25,0,208.9875,19542.25,0.2017249640632487,0.736083984375,1.0
2024-06-13,2024,0.3802460415563011,0.5062099005238684,0.06188466947960619,0.6074518806286421,0.2803738317757009,-0.4941860465116279,4,0.29651162790697677,1.1963732265578377,3.3159102948966943,5.771169580316683,12.246224027311781,0.9157092205748296,0.49206349206349204,0.865265760197775,-0.006783235695296264,-0.0010240967826951053,3,310740.0,0.006385696040868455,22.5,22.5,0.34375183942551063,45.5,73.0,0,212.3625,19573.0,0.0701468189233279,0.4557688856989054,0.0
2024-06-14,2024,-0.08234270803131342,0.7318063206726587,0.019347386658966213,0.4267903740214555,0.13914174252275682,0.35054347826086957,3,0.5760869565217391,0.9939176325006973,3.240475500144976,5.738011017686293,12.152896491736742,0.8864960997460588,0.5119047619047619,0.759640475500145,-0.00799774452252966,-0.0024776896751959043,4,265459.0,0.17333333333333334,50.5,50.5,0.3073354595534938,66.25,46.75,0,215.5625,19610.0,0.006385696040868455,0.34375183942551063,0.0
2024-06-17,2024,0.15526500116740602,0.3689003035255662,0.018754688672168042,0.3735699276208265,0.13587786259541984,0.05,5,0.71875,0.3961233097514448,3.3234298388979755,5.952066308662145,12.441168573429835,0.8055105973431017,0.503968253968254,0.5568526733597945,-0.002701860748457907,0.0006256573148779587,0,105798.0,0.44771660264618013,274.0,274.0,1.4160635068876954,303.25,13.75,1,214.15,19697.75,0.17333333333333334,0.3073354595534938,0.0
2024-06-18,2024,-0.24589247792556163,0.48284341119928464,0.01485148514851485,0.24253939868112215,0.11067961165048544,0.04608294930875576,4,0.5483870967741935,0.1980167251065678,4.305074326589918,6.94118699005253,13.202950709735099,0.8794041495968035,0.5833333333333334,1.6128311165753884,0.00278920925852133,0.0010607712572283656,1,52887.0,0.004626569729015202,-3.25,3.25,0.3017771319995529,33.75,67.5,0,223.675,19919.25,0.44771660264618013,1.4160635068876954,1.0
2024-06-19,2024,0.23281719950985852,0.2094240837696335,0.08796895213454076,0.1303330734098251,0.5555555555555556,-0.6324786324786325,2,0.08547008547008547,0.023756615440489584,3.789127770970257,6.519527681853628,12.812548735657789,1.0360948752725014,0.5952380952380952,0.45115294641862536,-0.00030974541713613135,-2.859562750334721e-05,2,6345.0,0.08333333333333333,1.25,1.25,0.09580037874568341,21.5,2.5,0,224.425,19949.75,0.004626569729015202,0.3017771319995529,0.0
2024-06-20,2024,0.08988508362726136,0.6565024462396177,0.015373352855051245,0.6428490158152236,0.07897435897435898,-0.44424778761061945,2,0.4283185840707965,0.10789884062474844,3.7510524519285506,6.657071339173961,13.145687791557624,0.7853664596654875,0.5436507936507936,0.13312094663784277,0.007989261206176823,0.002642186206962327,3,28818.0,0.19781221513217867,-151.0,151.0,0.9750824894754807,49.5,214.25,1,219.725,19908.0,0.08333333333333333,0.09580037874568341,0.0
2024-06-24,2024,0.7623888182973316,1.5906203072657963,0.06102144594295821,0.5948943051865542,0.12789827973074047,-0.04854368932038835,3,0.38058252427184464,1.2182089395214621,2.655192329906441,5.745431442763089,12.348342381887496,1.0191395761842788,0.5079365079365079,1.3630587963497747,0.006226546039326486,0.00352290811764866,0,324219.0,0.11978821972203839,-75.5,75.5,0.6873050710407762,25.75,148.75,1,216.425,19915.75,0.19781221513217867,0.9750824894754807,1.0
2024-06-25,2024,-0.046652670865407045,0.5866573361324936,0.07840279801807053,0.5108467459762072,0.44518272425249167,0.4885844748858447,1,0.8356164383561644,1.1207767223758567,2.840331233963148,6.029904362024719,12.74994751574527,1.0481833107527556,0.4880952380952381,1.066013529274551,-0.004892485098952681,-0.002743128861916966,1,298288.0,0.09723461195361284,57.5,57.5,0.3930487520410544,84.25,46.25,0,214.35,19883.75,0.11978821972203839,0.6873050710407762,1.0
2024-06-26,2024,-0.056137938935670505,0.7767657673139714,0.0663659793814433,0.4834736781806725,0.339572192513369,0.5308056872037915,3,0.6303317535545023,1.0407229920748946,3.026006759466117,6.195818296385409,12.880197055622382,0.6766426170823101,0.5317460317460317,0.8054075728933952,-0.0019733200655032146,-0.0020857313424633706,2,280696.0,0.06080525883319639,-49.5,49.5,0.33453628916766914,43.0,73.0,0,218.2125,19985.0,0.09723461195361284,0.3930487520410544,0.0
2024-06-27,2024,0.25294624892210404,0.6139695314745617,0.057971014492753624,0.582926128197758,0.12383177570093458,0.6804733727810651,4,0.6863905325443787,1.2956724653063005,2.765852256395523,6.006852543834443,12.796987640126465,0.6676035934352526,0.5198412698412699,0.5334866340902559,-0.0023099535081685385,-0.0019223128955110358,3,356468.0,0.0362453531598513,-21.5,21.5,0.5633802816901409,7.75,122.5,0,217.4375,20076.75,0.06080525883319639,0.33453628916766914,0.0
2024-06-28,2024,0.06801564359802754,0.5180524854049765,0.013113525665043087,1.0621776341891969,0.5959907478797224,0.7043756670224119,1,0.8377801494130203,1.144644707451481,2.9930283965312054,6.248279771013998,13.05236070962988,0.7338816075883445,0.5436507936507936,0.7357025449186646,-0.007691564282633179,-0.0030435086089721786,4,319254.0,0.3014568546880837,-239.5,239.5,1.1335940599671257,2.75,250.0,1,220.5375,20235.25,0.0362453531598513,0.5633802816901409,0.0
2024-07-01,2024,-0.11027568922305764,0.531328320802005,0.007961783439490446,0.7763854079643553,0.046773238602723505,-0.3299856527977044,5,0.5853658536585366,1.438360580573983,2.379281537176274,5.657878028404345,12.456229462545254,0.45345689057370836,0.5952380952380952,1.2832080200501252,-0.009084740484296194,-0.0010037943133852645,0,401550.0,0.21490196078431373,125.5,125.5,0.6115288220551378,137.25,50.0,1,224.4375,19913.5,0.3014568546880837,1.1335940599671257,1.0
2024-07-02,2024,-0.26480836236933797,0.6713124274099884,0.08213972522654195,0.5574912891986062,0.2955665024630542,0.8354166666666667,4,0.88125,1.4421754330663534,2.299419279907088,5.835749128919863,13.083687572590003,0.5038506124068706,0.4722222222222222,1.1114982578397212,-0.004432333965117552,-0.0016178129932604701,1,402615.0,0.2826552462526767,140.25,140.25,0.7328687572590011,157.75,21.0,1,215.25,20082.25,0.21490196078431373,0.6115288220551378,1.0
2024-07-03,2024,-0.029719448407037562,0.3697099381835473,0.031278748850046,0.3827864954826438,0.04524886877828054,0.6273291925465838,4,0.6304347826086957,0.9722321722808878,2.8335710889205963,6.578174037089869,14.149702805515924,0.6569019404103232,0.42063492063492064,1.2529719448407037,0.0015330925720671296,-0.001015310871541164,2,271420.0,0.4085714285714286,152.25,152.25,0.8024251069900142,168.75,10.0,1,210.3,20266.75,0.2826552462526767,0.7328687572590011,1.0
2024-07-04,2024,-0.06367924528301887,0.14386792452830188,0.01871440195280716,0.1615566037735849,0.3880597014925373,-0.8321167883211679,2,0.145985401459854,0.09919354251203859,3.321285377358487,7.18943396226415,14.843443396226421,0.7075804004928187,0.44047619047619047,1.0353773584905661,0.0002288558838914323,-0.00021182494890625847,3,27232.0,0.10780669144981413,4.5,4.5,0.07783018867924528,16.5,7.5,0,212.0,20377.0,0.4085714285714286,0.8024251069900142,1.0
2024-07-05,2024,0.3080872913992298,0.686777920410783,0.1042611060743427,0.5982028241335045,0.30823529411764705,0.7296137339055794,4,0.8454935622317596,1.2209479255883429,3.0801026957637925,7.352811296534013,15.83396662387677,0.9174754582562139,0.18253968253968253,0.18870346598202825,-0.009239806317082655,-0.0032194083368590753,4,328587.0,0.2703917790622993,99.0,99.0,0.576379974326059,112.25,36.25,0,194.75,20526.5,0.10780669144981413,0.07783018867924528,0.0
2024-07-08,2024,0.032065116852685455,0.30955170500092494,0.06803130644190247,0.2836529567737559,0.06552706552706553,-0.22608695652173913,6,0.391304347826087,1.1410035132438705,3.774125917247333,7.96610963803417,16.27456989578837,0.8647147264658522,0.28174603174603174,1.0396497502620707,0.002572213866258166,0.000452437733994171,0,307072.0,0.06505102040816327,15.0,15.0,0.2577542085465869,52.25,31.0,0,202.7125,20619.0,0.2703917790622993,0.576379974326059,0.0
2024-07-09,2024,0.44785507611020253,0.3836960623977859,0.07889908256880734,0.4604352748773431,0.30704225352112674,-0.15846994535519127,7,0.3087431693989071,1.2327771700149968,3.4883004151465666,7.890451629135734,16.500943514907544,0.9242467567411242,0.24603174603174602,0.41892061894577937,-0.003049990000512426,0.0006553479405783103,1,340318.0,0.08023842274186153,-31.75,31.75,0.4654673543841993,33.75,92.5,0,198.725,20708.5,0.06505102040816327,0.2577542085465869,0.0
2024-07-10,2024,0.40780475563084256,0.4291360813099943,0.1691751956652619,0.37267080745341613,0.0962962962962963,-0.06060606060606061,2,0.43097643097643096,0.9931086178547248,3.303469477382517,7.799284773197815,16.52707196185457,0.9035990674146805,0.24603174603174602,0.7817303469477382,-0.00206798593104518,0.0004382874567556705,2,287497.0,0.28360128617363345,112.0,112.0,0.7102076667294058,141.5,50.5,1,199.2375,20753.5,0.08023842274186153,0.4654673543841993,0.0
2024-07-11,2024,0.14626150548480646,0.6556550245870634,0.004720692368214005,1.2407010465262893,0.5975274725274725,-0.9004065040650406,3,0.06808943089430894,1.694256425138916,3.8508384819064503,8.469272475097712,17.40366284201236,0.8720624047491794,0.2222222222222222,0.9683520363132013,0.020954996201126508,0.007391520337491908,3,496235.0,0.22650148128198222,-204.25,204.25,1.4966586811247005,23.25,296.75,1,198.275,20673.0,0.28360128617363345,0.7102076667294058,1.0
2024-07-12,2024,-0.12346426193790475,0.6548447618471223,0.0,0.837620286872844,0.7110609480812641,0.8916184971098265,3,0.9956647398843931,1.1424408616360513,1.5548629183562344,5.947152454154821,14.648913635538337,1.5715089666371662,0.3492063492063492,2.5467530109544274,0.0007680420045264036,-0.002586014585992169,4,345794.0,0.08536142390119869,84.5,84.5,0.6947890818858561,143.5,42.75,1,206.5375,20597.5,0.22650148128198222,1.4966586811247005,1.0
2024-07-15,2024,-0.33623256085459113,0.6806374408966201,0.10034843205574913,0.5825696106473645,0.37057220708446864,0.687374749498998,2,0.9158316633266533,1.1937623893220564,2.2418422742396826,6.449851147043367,14.989253400268518,1.4873473503921724,0.4603174603174603,1.474519876247738,0.005361899838206119,-0.0024032868267340746,0,361328.0,0.09134615384615384,-69.75,69.75,0.6934796567625942,100.75,148.5,0,214.1375,20695.75,0.08536142390119869,0.6947890818858561,1.0
2024-07-16,2024,0.10537646592261063,0.5144184465469379,0.016536118363794605,0.8996657413177724,0.4028294862248697,-0.5982367758186398,1,0.22670025188916876,1.296165255793309,1.7031896209846402,5.76932751685457,14.163639453855302,1.4823767563795025,0.5396825396825397,1.1296810379015354,0.014053107422241529,0.005531448599519928,1,405911.0,0.03978422117329737,48.75,48.75,0.3535210469661776,78.0,66.5,0,220.6375,20530.5,0.09134615384615384,0.6934796567625942,0.0
2024-07-17,2024,-1.494616104868914,1.6069756554307117,0.32498772704958273,0.8590823970037453,0.32525252525252524,-0.5790190735694822,0,0.30381471389645776,1.364591832135925,1.3982326779026149,5.512055243445693,14.278236189138573,1.5962996357121075,0.44841269841269843,1.0299625468164795,0.011525841971734674,0.0053769439224565785,2,439039.0,0.16490765171503957,-128.0,128.0,0.7303370786516854,25.75,156.0,1,213.6,20153.75,0.03978422117329737,0.3535210469661776,0.0
2024-07-18,2024,0.4890672863631562,0.6094855814936093,0.06535433070866142,0.8112390408788422,0.37921541637990364,-0.9388020833333334,4,0.020833333333333332,1.2278686164036483,-1.0999260589415896,2.4819055667053926,10.434414281187276,1.5193301470844451,0.7341269841269841,1.198901447132143,0.017524675499707487,0.006516309746223969,3,400780.0,0.14487632508833923,-184.75,184.75,0.8556036759269039,61.25,202.5,1,236.675,19961.25,0.16490765171503957,0.7303370786516854,1.0
2024-07-19,2024,0.36338501036832227,0.8985879332477535,0.06947608200455581,0.7751555248346005,0.30731014904187365,-0.4152866242038217,5,0.033121019108280254,1.2195364065151255,-1.9782758961192792,1.2086106448109077,8.673708897008003,1.3661340618857887,0.8809523809523809,1.5424113755307594,0.0036950436573564005,0.0016857549651205783,4,407877.0,0.06394625528738491,-25.25,25.25,0.5253283302063789,88.25,133.0,0,253.175,19787.0,0.14487632508833923,0.8556036759269039,1.0
2024-07-22,2024,0.7591455929290449,0.9418119322366806,0.14546470478673867,0.567640559783943,0.1765625,0.08823529411764706,3,0.5916955017301038,1.267107994030129,-2.0263687699484465,1.022715443162293,8.472541124478266,1.110933606551329,0.8888888888888888,1.2678615271298797,-0.00579217872706117,0.00016556761966235456,0,434689.0,0.008074534161490683,44.5,44.5,0.6236189540878959,76.5,158.75,1,254.5625,19967.75,0.06394625528738491,0.5253283302063789,0.0
2024-07-23,2024,-0.2122584100092498,0.5744608344287035,0.02466879853814527,0.44593739350567163,0.13751375137513752,0.4432314410480349,6,0.6572052401746725,1.0271978264522357,-1.0668906090258508,1.852198042938516,9.280507278126672,1.4341488726048413,0.9007936507936508,0.9162163477922205,0.014158214651815326,8.753388992999156e-05,1,360681.0,0.009741634900465904,-24.5,24.5,0.3622024244194538,76.5,93.0,0,256.7625,20008.5,0.008074534161490683,0.6236189540878959,1.0
2024-07-24,2024,-1.341392084226945,1.088906219535972,0.1639549436795995,0.7369857672060831,0.5639686684073107,-0.8756613756613757,0,0.04497354497354497,1.0565782006249747,-1.1866835640475755,1.6121661142522858,9.088287190485474,1.4469471521973019,0.8888888888888888,0.660947553129265,0.012122467936980796,0.00256924129693592,2,378862.0,0.3066004258339248,-236.75,236.75,0.9845973874049523,15.25,252.5,1,256.45,19474.5,0.009741634900465904,0.3622024244194538,0.0
2024-07-25,2024,-0.070995670995671,0.8406926406926407,0.02470862470862471,1.187878787878788,0.1694915254237288,-0.37317784256559766,1,0.5998542274052479,1.5839303942194627,-3.5175324675324675,-1.2099740259740295,5.418740259740264,1.416661386576573,0.9801587301587301,1.4995670995670995,0.01562868606499679,0.005472762690042932,3,571806.0,0.03998384491114701,56.75,56.75,1.0432900432900434,301.25,15.25,1,288.75,19089.25,0.3066004258339248,0.9845973874049523,1.0
2024-07-26,2024,0.05818718242910998,0.7949516472709391,0.10712217718587146,0.48844451729224714,0.08063566804002355,-0.6711409395973155,6,0.13590604026845637,1.2438319890838838,-3.4813145386002247,-1.4764792656941532,4.765735125389275,1.4167466696464164,1.0,1.662022619242747,-0.001995679320014543,0.004351159730329512,4,460336.0,0.07085253456221198,67.0,67.0,0.7711850516308801,235.25,23.0,1,305.05,19063.75,0.03998384491114701,1.0432900432900434,1.0
2024-07-29,2024,0.5073090385011324,0.6390776199299979,0.07367953839325345,0.5097796994029237,0.016200294550810016,-0.13408723747980614,3,0.2681744749596123,1.167315254950349,-3.4061354745727765,-1.5628247889643843,4.675754581017092,1.4161772001684978,0.996031746031746,0.8507309038501132,-0.010495354923345634,-0.0015535709846131729,0,455044.0,0.05293113261240751,-27.75,27.75,0.49742639489396745,85.0,151.0,0,303.5625,19264.0,0.07085253456221198,0.7711850516308801,1.0
2024-07-30,2024,0.16731597293418085,0.7127332376460939,0.04913793103448276,0.5757637892146812,0.6429463171036205,-0.7806267806267806,1,0.037037037037037035,1.1124875263261855,-2.914373590321924,-1.2504572483083825,4.935632561000618,1.28442987883654,0.996031746031746,0.8669263891736724,0.005731881393043259,0.00411197560894172,1,433671.0,0.23664921465968586,-239.0,239.0,1.1408652860364978,10.25,347.75,1,304.8125,19150.25,0.05293113261240751,0.49742639489396745,0.0
2024-07-31,2024,1.4481455232695486,1.6339869281045751,0.26488379496975484,0.5378376250098432,0.5097885669537979,0.6032210834553441,3,0.9575402635431918,1.0925578663027389,-3.615324041263096,-2.233104968895194,3.6584101110323664,1.2692024840369764,1.0,1.6276872194660996,-0.005757639008146742,-0.001348435910522472,2,425902.0,0.054434250764525995,59.25,59.25,0.4086935979210961,99.5,129.75,0,317.475,19474.0,0.23664921465968586,1.1408652860364978,1.0
2024-08-01,2024,-0.023556258971622068,0.6242408627479848,0.061169415292353826,0.7707313482277596,0.26788218793828894,-0.2349570200573066,1,0.16714422158548234,1.2257060014305354,-1.417755530199858,-0.30041591519747196,5.1877617873311515,1.204540244629408,1.0,0.7744120136920755,-0.01287982548633515,-0.0015562202006411674,3,494383.0,0.40015942606616184,-529.0,529.0,1.754205160292981,1.5,595.75,1,339.6125,19463.75,0.054434250764525995,0.4086935979210961,0.0
2024-08-02,2024,-0.7503473830477073,1.2532256997287103,0.10912470130100009,0.9938463574406141,0.11747613117476131,-0.4780292942743009,2,0.22902796271637815,1.2577624639340959,-2.666975451597966,-1.8650698074505347,3.0274002514391567,1.446816048314515,1.0,2.153774895785086,0.004854919828368498,-0.0006452002565533466,4,511776.0,0.10295291300877893,68.5,68.5,0.42744656917885265,161.5,67.5,0,377.825,18471.75,0.40015942606616184,1.754205160292981,1.0
2024-08-05,2024,-2.4916382633071064,2.670659064122575,0.1474905772664154,1.537285382091549,0.27709729604807026,0.6871114794861168,2,0.7753833402403647,1.264697239916093,-3.3074570764183115,-2.7956678240372064,1.8631350938107227,1.5291789716609419,1.0,0.9569012200172012,-0.011335155723894763,-0.012553841357493267,0,527239.0,0.05127240817349881,-58.75,58.75,0.7957187908132386,312.25,87.75,1,392.4125,17977.0,0.10295291300877893,0.42744656917885265,0.0
2024-08-06,2024,0.3615279672578445,0.9498635743519781,0.041727109821657137,0.6105047748976807,0.15036803364879076,0.3957169459962756,1,0.8277467411545624,0.9967972470051991,-4.056616643929055,-3.8659504320145497,0.21155638926784803,1.5212063608905548,1.0,1.7735334242837653,0.0015611865116731405,0.00204947981468373,1,428410.0,0.08099326990020886,126.5,126.5,0.6809913597089586,299.5,6.75,1,439.8,18183.5,0.05127240817349881,0.7957187908132386,1.0
2024-08-07,2024,0.311787072243346,0.9451385116784357,0.16652323580034423,0.3329712112982075,0.11226765799256505,0.01468189233278956,3,0.3295269168026101,1.0169926027832652,-2.768087995654537,-2.8151548071700145,1.0148370450841946,1.6568134094674025,1.0,1.133623030961434,-0.010665241159431127,0.000957326755393284,2,438365.0,0.2611512122894688,-370.5,370.5,0.9902227050516024,93.75,455.75,1,460.25,18455.75,0.08099326990020886,0.6809913597089586,1.0
2024-08-08,2024,0.2933396191823158,1.0654514025300543,0.12032492807581655,0.6851575390901233,0.4066208619612742,0.4648318042813456,2,0.9556574923547401,0.9070201299000414,-2.8490610513082424,-3.1527408920667375,0.4737225321494988,1.2058462714762086,1.0,1.1702155522380242,-0.0033164084288341833,-0.0010021048137089927,3,393810.0,0.09155937052932761,108.75,108.75,0.3740080144574527,178.5,53.75,0,477.2625,18377.25,0.2611512122894688,0.9902227050516024,1.0
2024-08-09,2024,-0.07360479482663443,0.566756920165085,0.0573503631354871,0.33963355327147027,0.0795805058605799,0.06037151702786378,5,0.3498452012383901,0.8428767134410804,-1.8082857969033397,-2.306942509397754,1.275841854840828,1.3115599429806257,0.996031746031746,1.0325701217107857,-0.006585852952804894,-0.0003879114210598722,4,363314.0,0.17074542897327707,147.5,147.5,0.4500407455114219,214.0,24.5,0,475.5125,18460.75,0.09155937052932761,0.3740080144574527,0.0
2024-08-12,2024,0.06973058637083994,0.3803486529318542,0.006686930091185411,0.43053354463814053,0.12611991729841487,0.3619631901840491,2,0.9374233128834356,0.8676238079716407,-1.3395139989434743,-2.0572847332276822,1.4944875858425792,1.2438996786193812,0.9920634920634921,0.5715795034337031,-0.009933137363261957,-0.0031200039707475202,0,373981.0,0.11758360302049622,-95.25,95.25,0.2931854199683043,50.5,138.75,0,473.25,18715.0,0.17074542897327707,0.4500407455114219,0.0
2024-08-13,2024,0.4271854926114885,0.4604932723571863,0.1583590648434054,0.22469533955431018,0.11605723370429252,0.5694117647058824,3,0.6258823529411764,0.6756534478778676,-1.1041528985698787,-2.044241190620953,1.4737132887467297,0.761775250648638,0.9880952380952381,0.5107192894340321,-0.007337089272738906,-0.0026129043427092213,1,291234.0,0.3022794846382557,169.0,169.0,0.4351159163604642,205.75,1.25,0,472.8625,18882.25,0.11758360302049622,0.2931854199683043,0.0
2024-08-14,2024,0.17670393076090876,0.32661892741229204,0.022961203483768806,0.5110504353201794,0.5645161290322581,-0.8215725806451613,0,0.025201612903225805,0.8567802793473003,-0.02928751738705158,-1.1225387666786908,2.2777239709443067,0.7400964928983266,1.0,0.5610221008706404,-0.0028486818194880525,0.005844719065116966,2,369307.0,0.09102646868947709,112.5,112.5,0.5574158982020504,270.5,7.75,0,485.275,18933.25,0.3022794846382557,0.4351159163604642,0.0
2024-08-15,2024,0.6519716025419448,0.574330612353426,0.18011096884336322,0.32704937647903426,0.5583815028901734,0.865040650406504,0,0.9691056910569106,0.7111991871822004,0.0622989178122227,-1.187141375734532,2.291068627190303,0.5879037975764867,0.9801587301587301,0.5918796032864474,-0.006732261257412109,-0.00474877204764379,3,303793.0,0.20979899497487436,94.0,94.0,0.22813688212927757,107.25,17.75,0,470.1125,19485.25,0.09102646868947709,0.5574158982020504,0.0
2024-08-16,2024,-0.15902076685672437,0.49746299105508185,0.07604017216642754,0.26991682795417693,0.32829046898638425,0.5,4,0.8158914728682171,0.6356108775248387,1.1982005544803085,-0.0737563425223623,3.318766019772977,0.6416918529002581,0.996031746031746,0.5361719935136267,-0.0011553963331483175,-0.0010096368378411658,4,271505.0,0.07165109034267912,40.75,40.75,0.1982528639430873,94.75,75.25,0,477.925,19567.75,0.20979899497487436,0.22813688212927757,0.0
2024-08-19,2024,-0.007948493760432399,0.3454945287867949,0.05017667844522968,0.21884852820390535,0.0790616854908775,0.07021791767554479,5,0.801452784503632,0.7072615156991825,1.2920276607582863,-0.03640410142277884,3.37515565800281,0.6743441959296234,0.9761904761904762,0.42391966722306124,0.002740539371755002,0.0011080903594968827,0,302111.0,0.3319349764027268,154.75,154.75,0.3693400100680921,174.25,19.5,0,471.7875,19612.0,0.07165109034267912,0.1982528639430873,0.0
2024-08-20,2024,0.10839244440902208,0.25344703913286043,0.0659025787965616,0.25876039425094977,0.213653603034134,0.028747433264887063,3,0.14989733059548255,0.7313202685821362,1.6579527642730034,0.2683881937249251,3.6722775696713708,0.6303899653182162,0.9722222222222222,0.5462129061395818,-0.007446659506870179,-0.0003099189865695129,1,299736.0,0.12973202892386218,17.75,17.75,0.16630801519619565,46.75,78.25,0,470.5125,19821.25,0.3319349764027268,0.3693400100680921,0.0
2024-08-21,2024,0.006367736800212258,0.1703369594056779,0.04393063583815029,0.21597240647386576,0.28198074277854196,0.28992628992628994,1,0.5724815724815725,0.6972692848219862,1.8245423189174879,0.3909153621650268,3.771674184133723,0.5653434166637633,0.9722222222222222,0.3857787211461926,-0.003148334875145209,-0.0006432380735670318,2,285780.0,0.08400537634408602,-2.25,2.25,0.2345449721411515,110.5,100.25,0,471.125,19871.5,0.12973202892386218,0.16630801519619565,0.0
2024-08-22,2024,0.2902634916161759,0.3111173735381147,0.10183428209993675,0.3528251373819924,0.526774595267746,-0.6613418530351438,2,0.16134185303514376,0.7551554692379763,1.9349302522192493,0.45311540087360985,4.023714245455825,0.6092572485458577,0.9563492063492064,0.4751303367620121,0.00012825683779715824,0.0019062443023626363,3,309505.0,0.2494719549401549,-256.25,256.25,0.7050866563336621,20.75,312.75,1,443.5625,19894.5,0.08400537634408602,0.2345449721411515,0.0
2024-08-23,2024,0.2667953339199046,0.3808929128941617,0.16563275434243177,0.4467402719041807,0.43577620173364856,0.49174078780177893,3,0.7420584498094028,0.9706469599148727,1.368376238185795,-0.07188715125024801,3.4794681122810975,0.3957432457288394,0.9523809523809523,1.0081457724292566,0.014920605912396079,-0.0005869635509869742,4,372627.0,0.04061587470135386,-74.0,74.0,0.5914909317968949,1.5,260.5,0,440.4125,19852.5,0.2494719549401549,0.7050866563336621,1.0
2024-08-26,2024,-0.03441952320496544,0.2934123289603611,0.03545474565073772,0.5749753138665538,0.8941398865784499,-0.8155053974484789,1,0.03434739941118744,0.8455092900156441,1.6036394413880677,0.2368288898293137,3.724262942587105,0.4260674234260246,0.9523809523809523,0.7024968260685569,0.01082407272824426,0.006934828512645597,0,315632.0,0.14372855508959206,48.75,48.75,0.19805332204824375,87.75,49.0,0,443.0625,19555.5,0.04061587470135386,0.5914909317968949,0.0
2024-08-27,2024,-0.18162393162393162,0.38236617183985605,0.04178019981834696,0.49763832658569496,0.5341278439869989,0.5231638418079096,1,0.8926553672316384,0.9144101766464402,1.16478295096716,-0.15338506522716983,3.274134053081422,0.435377682729024,0.9563492063492064,0.6635177687809266,-0.0069686295522425334,-0.0031278811467956302,1,339216.0,0.003396409509946628,6.25,6.25,0.13832658569500675,55.25,61.5,0,444.6,19639.25,0.14372855508959206,0.19805332204824375,0.0
2024-08-28,2024,-0.04636068613815485,0.3013444598980065,0.019781517567168585,0.33263792304126105,0.42900302114803623,-0.47560975609756095,2,0.30662020905923343,0.8048172247314778,1.210941121928608,-0.04733426054705205,3.4227457116365287,0.43466832984548764,0.9365079365079365,0.5858831710709319,0.007157095101274158,0.002812724787605414,2,294813.0,0.13868225292242295,-136.25,136.25,0.647890588780714,13.75,279.5,1,431.4,19557.25,0.003396409509946628,0.13832658569500675,0.0
2024-08-29,2024,0.18334881212738546,0.9047604781449414,0.15986449427326987,0.4967194942928188,0.06996381182147166,0.5802171290711701,6,0.6743063932448733,1.2388823253099512,0.7274334162197806,-0.56327631145331,2.95880044339255,0.5076217331232378,0.9325396825396826,0.9083555528925372,-0.0036335207147453197,-0.0035921976203030503,3,435176.0,0.29328621908127206,-257.0,257.0,0.6728781569250127,74.25,280.75,1,417.2375,19617.75,0.13868225292242295,0.647890588780714,1.0
2024-08-30,2024,0.5034237889931524,0.45967537408064923,0.10824137121389997,0.2916560994166878,0.14521452145214522,-0.002173913043478261,2,0.4,0.820625453717279,0.5629279736241477,-0.7189069236621864,2.9343171443063687,0.49613101323669734,0.9285714285714286,0.9003296981993406,0.00023820998998513865,0.0010338693565441481,4,288257.0,0.08403908794788274,-46.25,46.25,0.4793304590413391,46.0,189.0,0,394.3,19559.0,0.29328621908127206,0.6728781569250127,1.0
2024-09-02,2024,0.27879146529901044,0.33270868264457376,0.002569043031470777,0.15123121938389716,0.15023474178403756,0.2608695652173913,3,0.8,0.15024860731039874,0.8556728145445021,-0.33291909129763425,3.39488443962258,0.5412169324966836,0.9206349206349206,0.6785679061051386,0.0014035449026112978,-0.00019006524801068458,0,49195.0,0.033663366336633666,13.0,13.0,0.09468389387513562,36.0,6.0,0,380.2125,19633.75,0.08403908794788274,0.4793304590413391,0.0
2024-09-03,2024,-0.5022101704988671,0.7065116451840571,0.1426553672316384,0.7035399873704543,0.49735849056603776,-0.9324181626187962,2,0.044350580781414996,1.2094084976573136,1.1081683444151362,0.0335500167155778,4.178403476839639,0.6729009404292756,0.9087301587301587,0.24367594071542661,0.0020661934016065198,0.003912871365415627,1,378023.0,0.24910685287430984,-205.75,205.75,0.6730804947810259,8.5,226.5,1,336.5125,19257.0,0.033663366336633666,0.09468389387513562,0.0
2024-09-04,2024,-0.5109300696722823,0.5389464371290597,0.05391711056255684,0.5971909905260442,0.2964630225080386,0.7876543209876543,4,0.9950617283950617,1.2008855658839583,-0.7657315589633987,-1.670394809599292,2.3471854609798326,1.1668641086623595,0.9087301587301587,1.3352010911637853,-0.0019285653442804307,-0.00328851564963184,2,375359.0,0.13048498845265588,-113.25,113.25,0.3833818704611642,77.5,130.0,0,339.0875,19037.5,0.24910685287430984,0.6730804947810259,1.0
2024-09-05,2024,-0.1161136529662809,0.5544234687992617,0.05829452384775976,0.8166403937098696,0.5492558469170801,0.827683615819209,1,0.8342749529190208,1.150157485479183,-1.3183128916913331,-2.0706217078703566,2.0122534507285987,1.1694736009709839,0.9007936507936508,0.8581644815256257,-0.0140022138806285,-0.007791402319239804,3,359503.0,0.16542391604529136,-143.0,143.0,0.8127955707639662,10.0,264.25,1,325.1125,19106.25,0.13048498845265588,0.3833818704611642,0.0
2024-09-06,2024,-0.10602104596882664,0.8505419732573779,0.00013921759710427398,1.132209826726798,0.6924829157175398,-0.8853948287910552,0,0.009783368273934312,1.3702404432948299,-1.308529155787646,-1.9379539520531723,2.147879579080625,1.2769728775679217,0.8928571428571429,0.9755518632803227,0.0024645820797160045,0.006171774541406716,4,428294.0,0.12450013329778725,-111.5,111.5,0.5831157528285466,30.5,184.25,0,315.975,18613.0,0.16542391604529136,0.8127955707639662,1.0
2024-09-09,2024,0.38633776091081595,0.7893738140417458,0.15932336742722267,0.46907020872865274,0.31986531986531985,-0.2961165048543689,3,0.11003236245954692,0.9995472992320084,-2.6409867172675523,-3.1702770398481945,0.6215711574952548,1.2015800217514752,0.9007936507936508,1.6349146110056927,0.008268449854423654,0.0015862365474201834,0,312427.0,0.04735716468072105,13.5,13.5,0.4462998102466793,147.0,85.75,0,329.375,18583.0,0.12450013329778725,0.5831157528285466,0.0
2024-09-10,2024,0.4924947748432453,0.594337830134904,0.015036198255058475,0.4104123123693711,0.07444168734491315,-0.08703703703703704,8,0.4444444444444444,1.2572950097438305,-2.352156564696945,-2.7979783393501823,0.8719019570587131,1.1638956769988151,0.8968253968253969,0.7075812274368231,-0.008498225220496702,-0.002874731284308818,1,390976.0,0.12174524982406756,95.0,95.0,0.4772943188295649,100.5,157.0,0,328.9375,18746.75,0.04735716468072105,0.4462998102466793,0.0
2024-09-11,2024,0.19158291457286433,0.7050879396984925,0.04566823371390195,0.941425879396985,0.7892074198988196,-0.969140950792327,0,0.01834862385321101,1.3415841505336281,-1.6268451633165808,-2.0335898241206,1.6267195351758745,1.1130627940248923,0.8888888888888888,0.8087311557788945,0.0013536893434251684,0.0005967498465799803,2,421297.0,0.4761698440207972,548.75,548.75,1.783134422110553,567.75,64.5,1,318.4,18612.25,0.12174524982406756,0.4772943188295649,0.0
2024-09-12,2024,0.2930675394227908,0.3406724189229396,0.02197309417040359,0.5377863731032431,0.3204903677758319,0.5518672199170125,4,0.9626556016597511,1.1801980387192923,-0.6084498661112764,-0.9017703064564091,2.4440196370127976,1.206412241466332,0.9007936507936508,1.881136566498066,6.871663666863093e-05,-0.0031119393653475935,3,370617.0,0.18598217030433445,90.5,90.5,0.3689378161261529,124.0,112.5,0,336.1,19359.25,0.4761698440207972,1.783134422110553,1.0
2024-09-13,2024,-0.12466333205078876,0.25394382454790304,0.018658892128279883,0.41015775298191615,0.03433922996878252,0.34709193245778613,1,0.44652908067542213,0.8247349003127443,0.27926125432858345,0.013235859946130888,3.364890342439402,1.3920313700418296,0.8849206349206349,0.917275875336668,0.005132424513277112,-0.00010924528933387023,4,270038.0,0.05640019617459539,56.25,56.25,0.3739899961523663,121.5,13.25,0,324.875,19455.5,0.18598217030433445,0.3689378161261529,0.0
2024-09-16,2024,-0.23770934629929766,0.39129428108358416,0.09592188397472717,0.4931697152118546,0.10158730158730159,-0.7683881064162754,2,0.048513302034428794,0.5007604818217357,0.4864166087828973,0.27344292660338265,3.5103148877054893,0.4999526356048402,0.8809523809523809,0.5587713205217257,-0.00011618218952413883,0.003428528889700244,0,163961.0,0.11587659894657637,104.75,104.75,0.39515319904298835,128.0,13.0,0,323.925,19312.0,0.05640019617459539,0.3739899961523663,0.0
2024-09-17,2024,0.44915879861677743,0.6162334382406652,0.15864197530864196,0.36834129851964104,0.030470914127423823,-0.14978902953586498,4,0.5759493670886076,0.23766431293979673,0.24886350390488404,0.05570190775925168,3.186358161401877,0.7592054606411764,0.876984126984127,0.5128802890779811,0.005294164545313396,0.0015256988531083815,1,77817.0,0.16470232698700513,-116.75,116.75,0.6286668997940709,72.0,202.25,1,321.7125,19543.5,0.11587659894657637,0.39515319904298835,0.0
2024-09-18,2024,0.20607499904240242,0.23518596544987935,0.060955518945634266,0.26659516604742023,0.08936170212765958,-0.5632183908045977,6,0.3879310344827586,0.12143886825645035,0.3391427586471039,0.1621634044509082,3.11649366070403,0.7780236084574056,0.8888888888888888,0.8403876355000575,-6.827861069302887e-05,0.0002997351705249507,2,39762.0,0.008957654723127036,28.0,28.0,0.6703183054353239,218.75,95.0,1,326.3375,19445.0,0.16470232698700513,0.6286668997940709,1.0
2024-09-19,2024,1.033975640107093,1.2738036879218673,0.2757827702105077,0.5882574757720879,0.5545657015590201,0.4897435897435897,3,0.9461538461538461,0.09861525117279124,0.5331649006372767,0.3831818696029275,3.153708661714245,0.600795708054125,0.8968253968253969,0.9464911949922696,-0.007870605927389973,-0.003726359186312367,3,32289.0,0.057805469020422294,-46.0,46.0,0.29412873788604393,55.75,97.5,0,331.4875,19911.25,0.008957654723127036,0.6703183054353239,1.0
2024-09-23,2024,0.6325087016729668,1.2492982521800966,0.10668877833056938,0.26497997679553875,0.16938519447929737,0.11299435028248588,5,0.6186440677966102,0.788976983971853,1.6696358396646602,1.5908978629439727,4.244249410531828,0.7375528393490763,0.8968253968253969,0.719338298589019,-0.005183177660366134,-0.00019503824574607087,0,258330.0,0.0014829461196243204,-26.0,26.0,0.20360043414798457,40.25,68.0,0,333.9875,20086.5,0.057805469020422294,0.29412873788604393,0.0
2024-09-24,2024,0.22549019607843138,0.47285067873303166,0.07875507442489851,0.5739064856711915,0.699859747545582,-0.735873850197109,0,0.16557161629434955,0.8881076459377224,2.228619909502258,2.229321266968327,4.804475867269986,0.7539126570395372,0.8928571428571429,0.32654600301659126,0.0008670669162006428,0.0028037822156954384,1,278892.0,0.30434782608695654,154.25,154.25,0.6621417797888386,219.5,43.25,1,331.5,19995.25,0.0014829461196243204,0.20360043414798457,0.0
2024-09-25,2024,-0.02652419385396537,0.39028456670834755,0.050314465408805034,0.40771475124095335,0.3572593800978793,0.7453531598513011,0,0.7639405204460966,0.8711514392991239,2.42666060399379,2.5388958357015627,5.036444242355346,0.6237355803777964,0.8849206349206349,0.7964836497290744,-0.009031103726018896,-0.004847948553763581,2,264499.0,0.1126005361930295,-61.25,61.25,0.319805994467811,8.5,105.5,0,329.8875,20241.0,0.30434782608695654,0.6621417797888386,1.0
2024-09-26,2024,0.9981102240734313,0.9526013344132053,0.303858068149817,0.6502371861622122,0.859402460456942,-0.8327402135231317,0,0.09727164887307237,1.0036222065961204,2.480812989316981,2.7021173203748723,5.158552200239109,0.6074220702118581,0.8611111111111112,0.4234640749739674,0.005309251261017001,0.005812247916648139,3,292591.0,0.010969463385710051,25.5,25.5,0.4311774461028192,38.75,139.75,0,324.1125,20327.75,0.1126005361930295,0.319805994467811,0.0
2024-09-27,2024,0.07374058837227354,0.4952262671737949,0.02374331550802139,0.3205775052394629,0.36184971098265895,-0.9297820823244553,2,0.012106537530266344,0.9235738093270529,2.8904758208491836,3.237568889233879,5.667686097958545,0.5738578936055075,0.8531746031746031,1.0246060700147481,0.008533586099543466,0.004926284761531896,4,268228.0,0.12383177570093458,-41.5,41.5,0.3353256229139176,54.0,108.0,0,322.075,20281.0,0.010969463385710051,0.4311774461028192,0.0
2024-09-30,2024,-0.1921702533153339,0.5352179782418804,0.0032599837000814994,0.43357420789327406,0.14397905759162305,0.1391941391941392,1,0.5164835164835165,0.8731567894856554,2.456166124037166,2.9214007782101152,5.378142618915276,0.4968742993707274,0.8333333333333334,0.6670372429127294,0.006218224813369089,0.0005289517089426266,0,247605.0,0.07882310207046858,-58.75,58.75,0.44627967918684985,56.5,140.5,0,314.825,20198.0,0.12383177570093458,0.3353256229139176,0.0
2024-10-01,2024,0.3616245038688209,0.379264723569739,0.010772833723653397,1.2797177564847853,0.6275071633237822,-0.8803258145363408,0,0.08395989974937343,1.649448927914306,2.0580924507877962,2.6041133785029875,5.050988253217333,0.4879851708575988,0.8293650793650794,0.662310066952652,0.0028020800435697435,0.006799074920187498,1,452716.0,0.10869565217391304,134.5,134.5,0.5765144529527322,179.75,82.75,0,311.7875,19900.75,0.07882310207046858,0.44627967918684985,0.0
2024-10-02,2024,-0.2819059292170982,0.40983606557377045,0.003824904377390565,0.5936877585414432,0.11955855303494789,0.2787096774193548,2,0.8451612903225807,1.2284214928528057,1.5880573004443104,2.167825953730661,4.459793932894134,0.4933235555552334,0.873015873015873,1.373525356212655,0.0023183527202288445,-0.001359798360017539,2,351011.0,0.03512729616500161,37.75,37.75,0.2826719779377968,92.25,29.25,0,326.35,19997.25,0.10869565217391304,0.5765144529527322,0.0
2024-10-03,2024,-0.39810272834150895,0.7045850731746869,0.11515863689776733,0.7151254712774152,0.10474860335195531,0.45918367346938777,2,0.5396825396825397,1.3463462605186856,1.5204929663112685,2.2903474277374656,4.670308509344468,0.5976409289024378,0.8214285714285714,0.830259050553371,-0.005221136058550235,-0.003518093612922435,3,384707.0,0.06741573033707865,-83.75,83.75,0.43621032148214217,46.25,134.5,0,308.3375,20013.5,0.03512729616500161,0.2826719779377968,0.0
2024-10-04,2024,0.9724433557868953,1.050826699326393,0.21655172413793103,0.7405592978158808,0.4062111801242236,-0.7717750826901875,3,0.17420066152149946,1.3161371379376114,1.0232292304551927,1.917485201061443,4.308585425597062,0.23364908565363476,0.8174603174603174,0.7707695448050622,0.002687195162293654,0.0022219687833494595,4,376075.0,0.13932448733413752,112.0,112.0,0.4237599510104103,129.75,18.75,0,306.1875,20052.5,0.06741573033707865,0.43621032148214217,0.0
2024-10-07,2024,-0.08978858868663783,0.6856583136070525,0.08448098663926001,0.3232389192718962,0.11492734478203434,0.3661616161616162,4,0.8535353535353535,0.9680427939238787,1.5932985062443858,2.616896579871036,5.020496286017469,0.7147063439293502,0.8174603174603174,0.7403477267161865,-0.005621767620511031,-0.0013677738073176737,0,276610.0,0.2766132346896835,-177.0,177.0,0.6987184719614726,9.75,214.0,1,306.275,20173.25,0.13932448733413752,0.4237599510104103,0.0
2024-10-08,2024,0.3679821167569427,0.7058722379846961,0.06082036775106082,0.48663055627203167,0.7108433734939759,0.7385159010600707,1,0.9770318021201413,0.9881440570871032,0.8425758748172987,2.11823574929069,4.6576648611469365,0.938828694525409,0.7857142857142857,0.7858309689622561,-0.007999411482625285,-0.003855591933667135,1,274458.0,0.13658536585365855,64.5,64.5,0.25449230504685755,74.0,43.75,0,290.775,20207.75,0.2766132346896835,0.6987184719614726,1.0
2024-10-09,2024,0.035785796446981634,0.3587100072423635,0.000846262341325811,0.3979039747795339,0.7049808429118773,0.588865096359743,3,0.9700214132762313,0.9548295310197653,1.4900950027691438,2.969232735483318,5.5020832445788805,1.1396237763274049,0.7896825396825397,0.7233843138925573,-0.002666317904140403,-0.001535971745699083,2,263088.0,0.14471847370870172,73.5,73.5,0.37319473437566564,109.5,37.0,0,293.4125,20351.5,0.13658536585365855,0.25449230504685755,0.0
2024-10-10,2024,-0.2237078940601697,0.521985086140396,0.10129525074726005,0.39513156766949514,0.01878453038674033,0.175704989154013,2,0.6832971800433839,1.028815638682378,1.7512642495928663,3.4068226622096556,6.0013113911031075,1.181325274936402,0.7857142857142857,0.7636924659295449,0.00032657504795352565,-0.0010375242335612933,3,280093.0,0.030042918454935622,21.5,21.5,0.4388446044398731,128.0,19.75,0,291.675,20380.0,0.14471847370870172,0.37319473437566564,0.0
2024-10-11,2024,-0.22559171597633138,0.4789201183431953,0.10229276895943562,0.6203772189349113,0.6854838709677419,0.7749627421758569,2,0.9374068554396423,0.9658399694396286,1.5727625739645026,3.523742603550295,6.325499260355033,1.1544758718294377,0.7261904761904762,0.7646079881656805,0.007501482305963814,0.0003907991068954342,4,262948.0,0.03419689119170984,16.5,16.5,0.294008875739645,21.75,79.5,0,270.4,20470.5,0.030042918454935622,0.4388446044398731,0.0
2024-10-14,2024,0.2431264542475901,0.6980388432499168,0.18752215526409075,0.5289899805308894,0.3147208121827411,0.6588868940754039,2,0.7324955116696589,0.8104357325188661,1.743340139607763,3.826487487535026,6.756906785697324,1.1160691947100687,0.7023809523809523,0.6799943017237285,-0.003309152783924185,2.441665991170794e-06,0,218115.0,0.020761245674740483,-15.5,15.5,0.44731468730708956,6.5,117.75,0,263.2375,20642.75,0.03419689119170984,0.294008875739645,0.0
2024-10-15,2024,0.01705595300137395,0.33732884824939596,0.009345794392523364,0.9210214620741934,0.6976744186046512,-0.7829218106995884,5,0.10390946502057613,1.202052833815444,2.0595537025631336,4.191159331027621,7.197304211872842,0.7135892395579532,0.7063492063492064,0.5874828256028806,0.012007355826668231,0.005668526209937186,1,320183.0,0.1226790450928382,-160.5,160.5,0.6613919552755011,8.25,174.5,1,263.8375,20441.5,0.020761245674740483,0.44731468730708956,0.0
2024-10-16,2024,0.2648339060710195,0.3326460481099656,0.04483656349435927,0.5580756013745705,0.11159263271939328,-0.16584564860426929,1,0.80623973727422,1.221280814319883,0.5642153493699859,2.610877434135162,5.623211912943873,1.163138614496907,0.7261904761904762,1.4378006872852234,0.008854134975157302,0.0032877583261369248,2,331386.0,0.1703940362087327,32.0,32.0,0.30148911798396333,51.5,82.25,0,272.8125,20328.0,0.1226790450928382,0.6613919552755011,1.0
2024-10-17,2024,0.7953325554259043,1.1864644107351225,0.2342774843975036,0.7869311551925321,0.1273317112733171,-0.6239620403321471,4,0.36180308422301305,1.3451806310654946,0.6954959159860004,2.8015122520420026,5.950977829638274,1.099283056511877,0.7063492063492064,0.6506417736289382,-0.0012860866416191108,0.0027197472310258597,3,370643.0,0.002620741295394983,-19.75,19.75,0.3267211201866978,87.5,76.0,0,267.8125,20441.5,0.1703940362087327,0.30148911798396333,0.0
2024-10-18,2024,0.16829894456594086,0.7178853285157364,0.09866511897852583,0.3432537795949415,0.2694610778443114,0.296398891966759,3,0.6620498614958449,0.9676688832803483,0.7628601312161291,2.9107159836455234,6.220552438908433,1.1133542335898408,0.6865079365079365,0.8015593800513454,-0.0033481280399547675,-0.0024931849492854097,4,268771.0,0.0035885167464114833,-4.25,4.25,0.1920699819340116,39.25,50.5,0,262.925,20492.75,0.002620741295394983,0.3267211201866978,0.0
2024-10-21,2024,-0.24924355095133083,0.7528591209805631,0.09197170101507228,0.5384891532899123,0.30654761904761907,0.5161904761904762,0,0.5523809523809524,0.9633160636685376,0.9689214831529762,3.2493974049951277,6.907954254064315,1.2581935171153615,0.5476190476190477,0.40617467562439097,-0.014096944019865831,-0.0037827871503748334,0,267562.0,0.059782608695652176,-13.75,13.75,0.6174675624390994,8.5,150.5,1,243.7375,20495.5,0.0035885167464114833,0.1920699819340116,0.0
2024-10-22,2024,-0.32763089683773977,0.7610160705028512,0.11726014969380812,0.6251944012441679,0.6288,0.6301824212271974,0,0.8557213930348259,1.0763525603868214,0.8640746500777544,3.1012130637636033,6.878849144634519,1.1954868580827918,0.5476190476190477,0.8678071539657853,-0.007814176622193636,-0.004230286265397121,1,298958.0,0.12626262626262627,47.0,47.0,0.432348367029549,104.25,72.5,0,241.125,20497.75,0.059782608695652176,0.6174675624390994,1.0
2024-10-23,2024,-0.45900271228875444,0.4955142916753599,0.08359133126934984,0.48716878781556433,0.09597523219814241,0.05139186295503212,5,0.8115631691648822,1.0552413046094595,1.0498122261631606,3.222532860421443,7.109357396202794,0.22821711926632357,0.5317460317460317,0.9732943876486543,-0.0010100781740350895,-0.00037879273788810064,2,293728.0,0.32486709982279977,-283.5,283.5,1.5094930106405173,17.25,361.75,1,239.65,20440.75,0.12626262626262627,0.432348367029549,0.0
2024-10-24,2024,0.8405740505711218,0.6248169481597189,0.09814323607427056,0.3260763448208533,0.14124293785310735,-0.09880239520958084,7,0.8173652694610778,0.9899036816114996,-0.5263594650004825,1.4162257151225222,5.0775456409255035,1.119273377581237,0.6507936507936508,1.4985843991018257,0.0009860671356014539,0.00010616988820544293,3,283451.0,0.027827972533429706,19.75,19.75,0.4051547398223177,28.25,103.75,0,256.075,20364.25,0.32486709982279977,1.5094930106405173,1.0
2024-10-25,2024,0.42642223772043436,0.5918103018830327,0.15039397053785544,0.8667928663943409,0.7664596273291926,0.9149425287356322,0,0.9195402298850575,1.0200836137018583,0.3603666434193455,2.242283550861813,6.01699711069044,1.2869175444135232,0.6190476190476191,0.5260536016738069,-0.007217815107928294,-0.005069331971646385,4,287431.0,0.21714285714285714,-182.0,182.0,0.9166085483710271,5.25,230.0,1,250.925,20690.0,0.027827972533429706,0.4051547398223177,0.0
2024-10-28,2024,0.45693686671862815,0.6030787217459079,0.03597460616035739,0.38581449727201866,0.09748427672955975,-0.5454545454545454,4,0.43686868686868685,0.8721487102413459,0.7833203429462198,2.603546375681994,6.298178098207323,1.3221654669587974,0.6626984126984127,0.9645362431800467,0.00953655751027438,0.0014701420894922546,0,248947.0,0.13573407202216067,-49.5,49.5,0.26305533904910366,46.5,67.5,0,256.6,20571.25,0.21714285714285714,0.9166085483710271,1.0
2024-10-29,2024,-0.04258479821738054,0.41198316414954195,0.000731528895391368,0.6773953948997277,0.4714038128249567,0.39473684210526316,3,0.8567251461988304,1.106677036585494,0.7749442931418667,2.6285912354543215,6.385303292894278,1.3374152587856067,0.626984126984127,0.48823966328299084,-0.0022636727633964515,-0.001069454321111385,1,315891.0,0.3382084095063985,140.25,140.25,0.5585540975488983,141.0,13.25,0,252.4375,20578.5,0.13573407202216067,0.26305533904910366,0.0
2024-10-30,2024,-0.2332242225859247,0.613747954173486,0.06694343539180073,0.6403436988543372,0.31519274376417233,0.16134185303514376,1,0.9201277955271565,1.0450215631251292,1.4666530278232435,3.4431873977086718,7.321204991816701,1.4084908867667565,0.5595238095238095,1.1763502454991817,0.011131322220388817,0.0013775515232952174,2,298292.0,0.13905209557383472,-90.25,90.25,0.5268003273322422,6.0,128.75,0,244.4,20687.0,0.3382084095063985,0.5585540975488983,0.0
2024-10-31,2024,-0.9609484686183766,0.8715095418854975,0.08585365853658537,1.0399875201497581,0.571825764596849,-0.948,0,0.039,1.3157289947835105,0.866777598668813,2.9301024387707373,6.863257240913115,0.793758334665447,0.5515873015873016,0.6510321876137487,0.0062438263881975375,0.005438037362481385,3,375563.0,0.07235621521335807,-46.0,46.0,0.503353959752483,15.0,121.0,0,240.3875,20128.75,0.13905209557383472,0.5268003273322422,0.0
2024-11-01,2024,-0.05522453131812236,0.5008961875696362,0.010864644635581712,0.854526958290946,0.6446370530877573,0.8718820861678005,0,0.9229024943310657,1.059262684757971,-1.2141161652860477,0.7211742479290806,4.350482003584755,1.2940662676703123,0.6746031746031746,1.3999903114857335,-0.004500581328797937,-0.003113517623828166,4,302357.0,0.05131337813072694,-58.75,58.75,0.5163978103957758,26.5,133.25,0,258.0375,20260.75,0.07235621521335807,0.503353959752483,0.0
2024-11-04,2024,-0.3218028834325641,0.7193819810067411,0.016574585635359115,0.7518575013531467,0.6030701754385965,0.34293193717277487,1,0.9031413612565445,0.96768509078934,-0.7711951975594097,1.1575653200806917,4.834684839836638,1.3235380637369067,0.6388888888888888,0.9053781429907002,0.009253040175870142,-0.0019528345882904308,0,276217.0,0.07611152976639035,-69.25,69.25,0.6180189932588692,41.0,157.0,1,254.0375,20185.75,0.05131337813072694,0.5163978103957758,0.0
2024-11-05,2024,0.14114395696589843,0.5112767112471006,0.032500671501477306,0.7007846814390761,0.29482551143200963,0.6690140845070423,0,0.6985915492957746,0.9862108106403775,-1.134777673592259,0.7967428317623266,4.460134234812223,1.3269856907173831,0.6349206349206349,0.8429156590830578,0.0022052522866280455,0.0004953292323444103,1,281505.0,0.06928104575163399,53.5,53.5,0.402704436657948,102.0,38.5,0,253.2875,20271.0,0.07611152976639035,0.6180189932588692,1.0
2024-11-06,2024,1.4304859284260685,1.6200923214374348,0.16336512594766447,0.7087903906288777,0.21947776993648554,0.6414565826330533,2,0.8725490196078431,1.4145304984217404,-0.32575569563706175,1.57006005856952,5.258529805926433,1.3745095262277658,0.6150793650793651,0.8974040800119124,-0.010080175500797872,-0.006840412526974982,2,403765.0,0.2814538676607642,114.0,114.0,0.474512334342582,119.5,107.0,0,251.8375,20799.25,0.06928104575163399,0.402704436657948,0.0
2024-11-07,2024,0.3439190126196089,0.5907641103869088,0.09024745269286755,0.46503027781629913,0.44015444015444016,0.7216699801192843,0,0.7415506958250497,0.7928260596497688,1.7835713955530874,3.5456755882216915,7.013225165256779,1.6842676052629282,0.7222222222222222,1.0178893357370682,-0.00040510741272248296,-0.002312446645992061,3,230379.0,0.23800904977375564,139.0,139.0,0.5260481671520362,142.25,7.25,0,270.4125,21097.0,0.2814538676607642,0.474512334342582,0.0
2024-11-08,2024,-0.18000904568068749,0.5137946630483944,0.03099110156489721,0.25508819538670285,0.03483870967741935,0.2624113475177305,6,0.6134751773049646,0.9071424515494039,2.7619176843057467,4.505635459068291,7.963265490728177,1.0069865143853882,0.7341269841269841,0.8521031207598372,0.006489268610487153,0.0015415471267656855,4,263597.0,0.09943001899936668,24.75,24.75,0.2234283129805518,61.75,33.75,0,276.375,21204.75,0.23800904977375564,0.5260481671520362,0.0
2024-11-11,2024,0.19528743009076738,0.36123590354818,0.01304945054945055,0.503346474740992,0.2838196286472148,-0.48269581056466304,1,0.44626593806921677,0.9741051932431573,2.639405886128177,4.405867791326667,7.982227010176947,1.086070891992184,0.7182539682539683,0.3850738058127808,0.0061090735452069556,0.002119800948866546,0,283055.0,0.09465020576131687,-21.5,21.5,0.4336664527367745,27.75,118.25,0,272.675,21216.5,0.09943001899936668,0.2234283129805518,0.0
2024-11-12,2024,0.0714973188505431,0.44090013291168245,0.00984866682680759,0.2685732618360145,0.11620294599018004,0.18430034129692832,6,0.6689419795221843,0.9645071314390726,2.408222191667812,4.1550025207388,7.787717127274389,1.0340462580435454,0.7182539682539683,0.712223291626564,0.0010911847460772783,-0.0015069317877353106,1,280266.0,0.0547112462006079,-46.5,46.5,0.6352261790182868,8.5,173.25,1,272.7375,21228.0,0.09465020576131687,0.4336664527367745,0.0
2024-11-13,2024,-0.08650190114068441,0.5408745247148289,0.0005571030640668524,0.4838403041825095,0.19103773584905662,-0.2337917485265226,4,0.5618860510805501,1.0775431700421454,2.2748574144486637,4.140798479087448,7.950793726235742,1.1889373757051593,0.6706349206349206,0.7509505703422054,0.0029347106378828647,0.0008242557763687985,2,307575.0,0.11867027444916892,60.0,60.0,0.5313688212927756,139.75,43.0,0,263.0,21129.0,0.0547112462006079,0.6352261790182868,1.0
2024-11-14,2024,-0.19444968850292615,0.38323579384557294,0.013676148796498906,0.5068906928450065,0.28077753779697623,-0.3016759776536313,1,0.4227188081936685,1.130464789571225,2.130781574476124,3.9787615631489572,7.852690202001131,0.6321227336642508,0.6825396825396826,0.7976212950726825,-0.005743441584112441,0.0002951457574407179,3,322681.0,0.15116672303009807,-97.5,97.5,0.41438550122710965,43.5,109.75,0,264.85,21097.0,0.11867027444916892,0.5313688212927756,0.0
2024-11-15,2024,-0.9124035776820785,0.8669726941460414,0.19632050351004598,0.7250011830959254,0.5910064239828694,-0.8524804177545692,2,0.06657963446475196,1.226838470997509,1.309734513274339,3.1149306705787723,7.095092518101374,0.3285567485859278,0.6785714285714286,0.7089110785102456,-0.004511357641762692,0.0029373102406271556,4,350190.0,0.17597871531736983,-120.75,120.75,0.7193223226539208,12.75,190.0,1,264.1375,20595.25,0.15116672303009807,0.41438550122710965,0.0
2024-11-18,2024,0.2861230329041488,0.6294706723891274,0.02810356273511839,0.6632852126414359,0.5891402714932127,0.7006535947712418,3,0.996078431372549,0.9639599489984668,-0.6185459747691457,0.9278883253132121,4.630441756622018,0.8151875180798087,0.7619047619047619,1.2788832531321803,-0.002466736726981278,-0.0034677426750051588,0,280107.0,0.05946436677258284,-50.75,50.75,0.3485498764468722,33.5,100.5,0,288.3375,20691.0,0.17597871531736983,0.7193223226539208,1.0
2024-11-19,2024,-0.40723202755058113,1.0839431769263883,0.06660247151340074,0.38743004735256137,0.465954606141522,0.8066666666666666,5,0.9311111111111111,0.9287406716578424,-0.07068445975032787,1.3448816185966437,5.117206198880753,0.9577636271776407,0.7738095238095238,0.7714162720619888,0.004475334386605523,-0.0008954211999054884,1,269873.0,0.23903400689995072,133.0,133.0,0.6190271201033147,179.75,8.25,1,290.375,20612.75,0.05946436677258284,0.3485498764468722,0.0
2024-11-20,2024,0.024749306592703222,0.37721356944740775,0.014349332013854528,0.9515681672711755,0.6044158233670653,-0.6977578475336322,0,0.2914798206278027,1.2954971430172961,0.2557712822701063,1.5465244292724551,5.383294218049925,1.0135358904494196,0.7857142857142857,0.971196927672285,0.00666653450146526,0.0026367148466224233,2,369788.0,0.03450479233226837,54.5,54.5,0.5137614678899083,150.5,15.0,0,292.9375,20558.5,0.23903400689995072,0.6190271201033147,1.0
2024-11-21,2024,0.9247586723674351,1.0349539383788073,0.08372964404092809,1.3858156653590163,0.3654860587792012,-0.8193384223918575,2,0.09987277353689568,1.7839098097330097,-0.28425970820293306,1.0044871512319853,5.044280865694007,1.0519279245656776,0.7380952380952381,0.9829417728214397,0.015850841210844013,0.006418220384999063,3,509201.0,0.3408624229979466,316.0,316.0,1.1460307665182705,325.0,24.0,1,283.5875,20553.25,0.03450479233226837,0.5137614678899083,0.0
2024-11-22,2024,-0.2701775452440175,0.5206278411527575,0.003968253968253968,0.5189124281670812,0.3142292490118577,-0.29421487603305785,3,0.15867768595041323,1.3459843646228677,0.5193412814135002,1.7392400720473442,5.738493867398572,1.199703006252159,0.7777777777777778,1.348314606741573,0.006631292966291613,0.0024755072695538116,4,394187.0,0.011188811188811189,61.75,61.75,0.4614460931469251,134.5,3.0,0,291.475,20746.0,0.3408624229979466,1.1460307665182705,1.0
2024-11-25,2024,0.7352811369052873,0.48547974225439133,0.11053984575835475,0.7476388030717627,0.35298346513299783,-0.6446280991735537,1,0.047225501770956316,1.4745650121784937,0.26440992144055336,1.4768646835554764,5.638498543560769,0.6221676983834867,0.7301587301587301,0.5596257392532439,0.01710458768304368,0.003923184296871884,0,442848.0,0.08033442384587423,-37.75,37.75,0.3504281048636243,82.75,99.25,0,283.225,20879.5,0.011188811188811189,0.4614460931469251,0.0
2024-11-26,2024,0.33206384526509475,0.7676836835123454,0.009299677358132473,0.362873892763918,0.1921182266009852,0.12735849056603774,3,0.3136792452830189,1.068863414282248,0.31798536522744053,1.4572638966151783,5.527326800462149,0.5836136738306807,0.7817460317460317,1.0304249219050878,-0.007701437389646015,-0.001267816467847016,1,325967.0,0.04284412032816773,-8.25,8.25,0.16603192263254737,44.5,48.5,0,292.1125,20952.25,0.08033442384587423,0.3504281048636243,0.0
2024-11-27,2024,-0.02701289647960962,0.3999651446497038,0.05557189062040576,0.6073544789125132,0.6170212765957447,-0.9512195121951219,0,0.028694404591104734,0.9658748844133445,0.6409027535726735,1.7336702683861953,5.929430986406419,0.5879648928706546,0.7380952380952381,0.42262112234227955,0.004236059510775658,0.005927830391560418,2,294559.0,0.14008810572687225,43.75,43.75,0.33286859532938307,59.5,95.5,0,286.9,20770.5,0.04284412032816773,0.16603192263254737,0.0
2024-11-28,2024,0.20664523043944266,0.2452304394426581,0.10312862108922363,0.09689174705251875,0.1044776119402985,0.7256637168141593,2,0.7522123893805309,0.12515821435832192,0.14833869239013933,1.1657534833869219,5.339759914255087,0.5828884894783497,0.7738095238095238,0.9080385852090033,0.0022062989536599797,-6.919637998614725e-05,3,38169.0,0.013054830287206266,-5.5,5.5,0.05744908896034298,14.5,16.75,0,291.5625,20895.0,0.14008810572687225,0.33286859532938307,0.0
2024-11-29,2024,-0.21733021077283374,0.4711943793911007,0.05221339387060159,0.6295081967213115,0.6129729729729729,0.7991071428571429,1,0.9523809523809523,0.6998137091316031,0.2928805620608845,1.4494051522248292,6.05736299765808,0.42893773882522174,0.6507936507936508,0.13395784543325526,-0.008446119346080527,-0.002915546113852141,4,208865.0,0.11219512195121951,25.75,25.75,0.19578454332552694,52.25,29.25,0,266.875,20965.75,0.013054830287206266,0.05744908896034298,0.0
2024-12-02,2024,0.1926782273603083,0.4022745429766436,0.07149853085210578,0.6522862916490436,0.41708542713567837,0.8861671469740634,0,0.9798270893371758,1.0112220271669317,0.5289252314488463,1.7530335072136842,6.400841204943844,0.4289422160672427,0.6468253968253969,0.7979698294092767,-0.01024965457942728,-0.00656339774923409,0,292048.0,0.0733509234828496,25.25,25.25,0.23685323558437896,63.0,55.5,0,265.9875,21196.5,0.11219512195121951,0.19578454332552694,0.0
2024-12-03,2024,-0.23724240591710474,0.36749313857747595,0.07243243243243243,0.369353863329767,0.15738498789346247,0.35768261964735515,2,0.5919395465994962,0.9226517924266161,1.1747685723589312,2.505689165930135,7.124905800809418,0.5680179763772895,0.6666666666666666,0.8670977345676142,-0.005900375203910735,-0.0029983112084469576,1,270617.0,0.10255018990775909,58.75,58.75,0.2567800158161604,69.0,31.5,0,268.7125,21193.5,0.0733509234828496,0.23685323558437896,0.0
2024-12-04,2024,0.6319702602230484,0.576684777428272,0.1800927878532265,0.3412448765608617,0.47676419965576594,0.6620111731843575,1,0.994413407821229,0.9127132816348935,1.1430273567819982,2.599389953293303,7.342598417691351,0.5772439820713265,0.6071428571428571,0.4870841673815652,-0.0009941189335664902,-0.0022729436873067943,2,267702.0,0.14858705560619873,41.5,41.5,0.16966924030121058,44.5,38.25,0,262.275,21477.25,0.10255018990775909,0.2567800158161604,0.0
2024-12-05,2024,0.06706294772138394,0.19915663262714017,0.05051495831289848,0.22049484326576232,0.17849462365591398,-0.2857142857142857,5,0.4055299539170507,0.8075249129286406,2.1785805009399004,3.7452624091855857,8.840192043895744,0.5281629578326865,0.4722222222222222,0.5426002133821064,-0.005788467477534809,-0.00010008995413912647,3,232205.0,0.05172413793103448,-26.75,26.75,0.1950922115531169,48.0,46.0,0,246.0375,21519.75,0.14858705560619873,0.16966924030121058,0.0
2024-12-06,2024,-0.008531058384430818,0.4521460943748334,0.06676342525399129,0.6846174353505732,0.5810616929698709,0.8161993769470405,0,0.8535825545171339,0.8724732786996416,2.121727539322841,3.7235083977605985,9.0928179152226,0.6967372101174413,0.4007936507936508,0.40095974406824847,-0.00936111721985744,-0.004044545274947575,4,250881.0,0.019933554817275746,21.75,21.75,0.2100773127166089,47.5,49.25,0,234.4375,21622.0,0.05172413793103448,0.1950922115531169,0.0
2024-12-09,2024,-0.12058931473811146,0.505426519163215,0.03496997527375486,0.4362187385309076,0.26245847176079734,-0.6201923076923077,2,0.052884615384615384,0.9200925747213977,2.631783148954022,4.175934567189225,9.497656372883135,0.6876411956221592,0.42857142857142855,0.7738688197976197,-0.0005179387254420353,0.0006054299380169326,0,264574.0,0.13745387453874539,-96.5,96.5,0.476065642531327,17.0,113.5,0,238.4125,21550.5,0.019933554817275746,0.2100773127166089,0.0
2024-12-10,2024,0.32908483075637274,0.3771416631842875,0.10240963855421686,0.4241537818637693,0.21082299887260428,0.39901477832512317,2,0.6699507389162561,1.1397869001981429,1.7749686585875468,3.257626410363557,8.597701629753448,0.9110270391602195,0.42857142857142855,0.885917258671124,-0.003341380025051799,-0.0015514615793563724,1,326158.0,0.3146853146853147,-189.25,189.25,0.8253238612620142,4.25,197.5,1,239.3,21573.25,0.13745387453874539,0.476065642531327,0.0
2024-12-11,2024,0.8558979147214442,0.7666770411868451,0.23093603180339717,0.6774561676522461,0.5599078341013825,0.8422664624808576,0,0.9479326186830015,1.1324822240443773,1.430127606598195,2.8325552443199533,8.17521008403362,0.949062749097889,0.45634920634920634,0.9586056644880174,-0.012474534466113463,-0.004681511520935988,2,332161.0,0.25210084033613445,85.0,85.0,0.3589583981740845,86.5,54.0,0,240.975,21727.75,0.3146853146853147,0.8253238612620142,1.0
2024-12-12,2024,-0.47236280639079087,0.4951870596407661,0.10046728971962617,0.37511164036915745,0.09060955518945635,-0.031746031746031744,4,0.6984126984126984,1.08718102579751,2.9460652972114714,4.27019946412623,9.446566438424126,1.1267171722763665,0.5357142857142857,0.9576262776620026,-0.00253740846691497,9.718546745385304e-05,3,318874.0,0.1251372118551043,-30.25,30.25,0.21335714994542027,53.75,36.0,0,251.925,21690.75,0.25210084033613445,0.3589583981740845,0.0
2024-12-13,2024,0.5353500174138016,0.5831135877406836,0.08597285067873303,0.468680033832529,0.02097902097902098,0.13588110403397027,3,0.1762208067940552,1.1297239889738786,2.216577939200958,3.5381063734514107,8.800298522314543,1.2176416185813423,0.5277777777777778,0.4766406288870093,-0.004882612672604925,-0.003037786865295322,4,331352.0,0.009039169735520589,-9.25,9.25,0.5741579183043932,7.75,144.25,0,251.2375,21811.0,0.1251372118551043,0.21335714994542027,0.0
2024-12-16,2024,0.41791363830696876,0.6487815305686191,0.1665086887835703,0.5215904232578025,0.46616541353383456,0.9528688524590164,2,0.9815573770491803,0.5853493054123118,2.70104745617786,4.264258230012826,9.982578024796918,1.5626075517715563,0.373015873015873,1.0314236853356136,0.0021034844693244015,-0.003743910566563091,0,171685.0,0.2848137535816619,121.5,121.5,0.5814450619923044,136.0,31.0,0,233.9,22015.75,0.009039169735520589,0.5741579183043932,0.0
2024-12-17,2024,-0.43428212641272496,0.48137295939723734,0.07996702390766694,0.5012557555462537,0.14500537056928034,-0.605427974947808,2,0.1524008350730689,0.41420917241014854,3.7355588112180795,5.400125575554626,11.088112180828801,1.4435141749318265,0.4126984126984127,1.0705316031812473,-0.0030890055696526364,0.0018861237462354241,1,121489.0,0.002273760800363802,22.5,22.5,0.5012557555462537,119.75,12.25,0,238.9,21961.0,0.2848137535816619,0.5814450619923044,0.0
2024-12-18,2024,-0.011732081911262798,0.7785836177474402,0.08607021517553794,0.449018771331058,0.47318611987381703,0.25653206650831356,1,0.8978622327790974,0.17367675462447602,2.88731868600682,4.701855802047788,10.560180247440279,1.4893806224302129,0.373015873015873,0.5887372013651877,-0.0023360031356740585,0.0014988125033468247,2,50940.0,0.40601341120484535,-458.25,458.25,2.1128412969283277,46.25,495.25,1,234.4,22007.75,0.002273760800363802,0.5012557555462537,0.0
2024-12-19,2024,-0.5978892087057517,1.0190375195677424,0.09839052535681748,0.8806746452557693,0.4457978075517661,-0.8463302752293578,3,0.05045871559633028,0.1683168492797668,0.7916477301419036,2.608190678180074,8.181154370549924,1.4164247415720055,0.48412698412698413,2.1875473413119226,-0.007779091211251532,0.003301068386460382,3,47353.0,0.030250272034820457,-19.0,19.0,0.5766803009645003,142.75,49.25,0,247.5375,21217.0,0.40601341120484535,2.1128412969283277,1.0
2024-12-23,2024,1.7056382224921551,4.031784593582347,0.11911357340720222,0.8077740662010325,0.2815829528158295,-0.34210526315789475,3,0.37593984962406013,1.4683264012602193,-0.6963255390221623,1.1264095556230376,6.714009515133115,1.4765189156963843,0.47619047619047616,1.0375544083409252,-0.0018362422141521284,0.0005730371335060935,0,395214.0,0.18816388467374812,158.0,158.0,0.9150723757465331,226.0,17.0,1,246.975,21551.0,0.030250272034820457,0.5766803009645003,0.0
2024-12-24,2024,0.435634328358209,0.5167910447761194,0.09370381318356488,0.5298507462686567,0.6626865671641791,0.7711267605633803,0,0.9595070422535211,0.755173047951122,1.0968750000000054,2.853563432835825,8.024169776119406,1.7200143941684556,0.6507936507936508,1.123134328358209,-0.002720697072952305,-0.0007594039046459056,1,203262.0,0.3413173652694611,111.0,111.0,0.4281716417910448,114.75,8.75,0,268.0,21935.25,0.18816388467374812,0.9150723757465331,1.0
2024-12-26,2024,-0.3138888888888889,0.8027777777777778,0.09059405940594059,0.5111111111111111,0.03836734693877551,0.2391304347826087,4,0.8985507246376812,0.9795031149253395,2.114768518518516,3.9763888888888888,9.142777777777775,1.666172920060933,0.6666666666666666,0.9296296296296296,0.004978851879678059,-0.00047454225550236373,3,260683.0,0.04690117252931323,35.75,35.75,0.29814814814814816,80.5,27.75,0,270.0,21994.5,0.3413173652694611,0.4281716417910448,0.0
2024-12-27,2024,-0.6806548305280148,0.6077934055798939,0.1794717887154862,1.3207286142494812,0.5598669623059866,-0.901536312849162,0,0.05027932960893855,1.598752610626798,1.8470832372607766,3.772709246022594,8.975762047498272,1.637943162506733,0.6746031746031746,0.7544385519944662,0.0017705380903318968,0.006430381072527136,4,419878.0,0.09361702127659574,115.25,115.25,0.7138575051879179,193.5,24.75,1,271.0625,21523.0,0.04690117252931323,0.29814814814814816,0.0
2024-12-30,2024,-0.8083740159211859,1.3511017284602191,0.2472101380745224,0.5779126533843515,0.168,-0.649923896499239,2,0.2983257229832572,1.312313781634514,0.23741038835377948,2.1289528081980937,7.1161191010247675,1.5027151268477341,0.7222222222222222,1.2833707173329816,-0.004765198998395337,0.0003265832039404115,0,344651.0,0.19307511737089203,225.5,225.5,0.9420767911333949,267.75,23.0,1,284.2125,21301.75,0.09361702127659574,0.7138575051879179,1.0
2024-12-31,2024,-0.23851368315340193,0.6075822244539292,0.05738161559888579,0.5238932128211565,0.17906008328375966,-0.4440894568690096,7,0.34185303514376997,1.2545183325943683,-0.2524479035902537,1.5799313750104615,6.344618796552011,1.3303804294989003,0.7976190476190477,1.060339777387229,0.00403518947331305,0.0013136953361619907,1,333875.0,0.19427710843373494,-161.5,161.5,0.6854130052724077,37.25,204.75,1,298.725,21386.5,0.19307511737089203,0.9420767911333949,1.0
2025-01-02,2025,0.4027669763824649,1.2107568253448489,0.017380593951005885,0.9086815930580001,0.003784295175023652,-0.3,2,0.35405405405405405,1.7037444340623311,-1.2748966477016952,0.507502762883224,5.167557611231627,1.0063718768078744,0.8095238095238095,1.0077360730219802,0.0025335425132926304,0.00017128939183574943,3,458579.0,0.05241338466094166,-98.25,98.25,0.9217797061110884,92.25,281.5,1,305.3875,21264.75,0.19427710843373494,0.6854130052724077,1.0
2025-01-03,2025,0.4039361955400365,0.5039282596619317,0.10366758532965868,0.5713832235536862,0.05992010652463382,0.3375,3,0.5208333333333334,1.6514000063159577,-1.4128243790175408,0.2628045393222788,4.780338861995081,0.581737222885919,0.8293650793650794,1.4625823347353386,0.001265192155978756,-0.0010867597335224577,4,444490.0,0.2636015325670498,171.5,171.5,0.6499484167923181,204.75,23.0,1,315.025,21354.5,0.05241338466094166,0.9217797061110884,1.0
2025-01-06,2025,0.6298073261747011,0.8597974259386186,0.17114093959731544,0.49653491737110655,0.5130718954248366,0.7699386503067485,0,0.8251533742331288,1.3179502741332751,-0.3023760566598149,1.2875333181022037,5.637742746173177,1.015052599832158,0.873015873015873,0.9092986063513823,-0.0033798503201278862,-0.0020036120334441243,0,386539.0,0.29110512129380056,-166.5,166.5,0.6450384586093977,38.75,211.75,1,328.275,21858.25,0.2636015325670498,0.6499484167923181,1.0
2025-01-07,2025,0.2999850007499625,0.415479226038698,0.0018648018648018648,0.9584520773961301,0.5130249867091973,-0.8881064162754304,2,0.06651017214397496,1.6478965384663087,0.17350382480876392,1.6730913454327239,6.002223638818062,0.9135005771951245,0.8928571428571429,0.751462426878656,0.0015934082358380897,0.004952462353849718,1,531473.0,0.07191011235955057,-140.0,140.0,0.45072746362681865,65.0,150.25,0,333.35,21508.0,0.29110512129380056,0.6450384586093977,1.0
2025-01-08,2025,-0.03489282916755679,0.6465854874314605,0.0072438771990341495,0.4977568895535142,0.1383838383838384,-0.30042918454935624,5,0.41201716738197425,1.2939057961095648,-0.7396211635690338,0.6103966388948181,4.736726482945242,1.0175399049553113,0.9126984126984127,1.2775048066652426,-0.003288004105013509,-0.0007747662838112346,2,425378.0,0.016708277318993662,0.5,0.5,0.390942106387524,128.25,137.25,0,351.075,21303.25,0.07191011235955057,0.45072746362681865,0.0
2025-01-10,2025,-0.31115804294262583,0.9236184442097853,0.04720355989878719,0.9081309398099261,0.26556016597510373,-0.5069767441860465,2,0.4806201550387597,1.5261524642320496,-0.8642379443857755,0.3776979936642056,4.462766631467794,0.8951256779002807,0.9126984126984127,0.747624076029567,0.00464834242245693,0.0009588196316799857,4,506311.0,0.029393370856785492,5.25,5.25,0.4111228440689898,146.0,143.75,0,355.125,21029.75,0.016708277318993662,0.390942106387524,0.0
2025-01-13,2025,-0.7357059908463692,0.938588701414031,0.12394491337183473,0.4214768768358494,0.015362106803218726,-0.04051863857374392,7,0.3760129659643436,1.3240755754944178,-1.5157114557005298,-0.39588769724707534,3.5603080811530825,0.9912281046651319,0.9126984126984127,0.8812077327686317,0.0015865594711006459,0.0018480326629952692,0,440941.0,0.06489524782830863,133.5,133.5,0.4563153220848418,167.0,41.0,0,365.975,20759.5,0.029393370856785492,0.4111228440689898,0.0
2025-01-14,2025,0.480328752357855,0.5382646187011587,0.032679738562091505,0.4405820533548908,0.21890201528839473,-0.47706422018348627,3,0.16819571865443425,1.168023038173924,-1.811270547022362,-0.7824575586095364,3.0961230126650463,0.6534826668147172,0.9126984126984127,0.6063055780113177,0.006936518270720282,0.0011181847162086145,1,396267.0,0.15342214056040424,-205.0,205.0,0.5928321207221773,27.25,220.0,0,371.1,20993.25,0.06489524782830863,0.4563153220848418,0.0
2025-01-15,2025,1.2629716579905415,1.1438875846347523,0.27213571926562863,0.6042666122282332,0.437204910292729,0.5765765765765766,0,0.8727477477477478,1.0215183468045241,-1.9752645367629547,-1.0859106529209641,2.810816236262798,0.39816291119187636,0.9087301587301587,0.9690041169065361,-0.008162910036835003,-0.0027955980100955458,2,373462.0,0.07713983797111659,56.5,56.5,0.3647375046783029,58.5,134.0,0,367.3875,21380.25,0.15342214056040424,0.5928321207221773,0.0
2025-01-16,2025,0.14916295893217246,0.5479978233731315,0.08019323671497584,0.4148394737684453,0.21707538601271573,-0.7854938271604939,4,0.19598765432098766,1.0470565170308987,-0.1690086744982555,0.569687269933744,4.264658621683045,1.1788223328651102,0.9206349206349206,0.6459460324573477,0.005392925874506571,0.00258761999642787,3,397882.0,0.039950062421972535,1.25,1.25,0.2733587273134663,106.75,105.5,0,390.5125,21367.75,0.07713983797111659,0.3647375046783029,0.0
2025-01-17,2025,0.7129576200551387,1.208565749823684,0.3527806925498426,0.4423927678399692,0.029017857142857144,-0.5652173913043478,5,0.39710144927536234,1.117043362801294,-0.2875232416490332,0.33693659036994555,4.058546515355521,1.18591020152779,0.9166666666666666,0.6046034493812913,-9.90035618093632e-05,0.005001869053916419,4,436626.0,0.07159142726858185,55.75,55.75,0.315445277938065,123.0,10.75,0,389.925,21549.5,0.039950062421972535,0.2733587273134663,0.0
2025-01-20,2025,0.30508255933952527,0.5140608875128999,0.11973684210526316,0.27992776057791535,0.30434782608695654,-0.33640552995391704,1,0.14285714285714285,0.3274898576213453,0.3888996388028877,0.871658926728585,4.648310113519095,1.1091297767579662,0.9126984126984127,0.4940660474716202,0.002806626924120814,-0.00013370131737910906,0,129601.0,0.025,-6.5,6.5,0.1651186790505676,43.75,64.0,0,387.6,21687.0,0.07159142726858185,0.315445277938065,0.0
2025-01-21,2025,0.078243719486566,0.9731966762585276,0.008872352604464796,0.4992078631704872,0.14638069705093834,-0.46243523316062174,2,0.49740932642487046,1.0211186370866767,0.623718839923698,0.9983769278023876,4.811067283132333,1.0177192138778455,0.9087301587301587,0.40609137055837563,0.006493262993996551,0.0029976941947805757,1,404098.0,0.19479311947931194,103.75,103.75,0.38927867050341103,150.5,36.25,0,386.6125,21621.5,0.025,0.1651186790505676,0.0
2025-01-22,2025,0.5082523782312011,0.4450569767050993,0.1683765841882921,0.3616928300110928,0.5650319829424307,0.8364312267657993,0,0.9237918215613383,0.8305393572238963,0.7451679048035189,1.1146458704494242,5.076264748394905,0.9819492708803848,0.8968253968253969,0.6628794245184711,-0.007196033128528456,-0.003784780188780923,2,329786.0,0.023510114816839803,-2.25,2.25,0.1808464150055464,67.25,37.25,0,371.8625,22026.75,0.19479311947931194,0.38927867050341103,0.0
2025-01-23,2025,-0.36502003569384117,0.3488567868808297,0.10749601275917066,0.15624473852577703,0.16758747697974216,0.5431034482758621,4,0.9396551724137931,0.6351377386359487,1.4412903660302427,1.8802572650436034,5.840216183452875,0.5145920086955436,0.8928571428571429,0.5158770246152811,0.000646517360759713,-0.0008256824081103176,3,252197.0,0.08315334773218143,47.5,47.5,0.1717345186382463,63.75,25.75,0,371.2125,21920.5,0.023510114816839803,0.1808464150055464,0.0
2025-01-24,2025,0.21774049616276994,0.2505800464037123,0.05371294393894922,0.2584329823308942,0.028192371475953566,-0.3342541436464088,2,0.292817679558011,0.7673119276105618,1.3295020524718921,1.7896269855434639,5.975431019096917,0.542571334079837,0.8690476190476191,0.33767624486882025,0.0008981019954770186,0.0008845936326232762,4,304680.0,0.1972286374133949,-127.5,127.5,0.4875959307513832,21.75,170.75,0,350.1875,22014.0,0.08315334773218143,0.1717345186382463,0.0
2025-01-27,2025,-2.211670895251903,2.929322218194998,0.20931542867874917,0.8582819862268938,0.4049079754601227,0.941722972972973,2,0.9940878378378378,1.2081788178288961,1.1368249365712215,1.5407756433490396,5.781968104385651,0.5831652807347459,0.8650793650793651,0.6806814063066329,-0.00445121351625688,-0.005193379547526966,0,479737.0,0.18683094324378913,-244.0,244.0,0.8865530989488946,15.5,305.75,1,344.875,21402.5,0.1972286374133949,0.4875959307513832,0.0
2025-01-28,2025,0.3848852360428987,0.5485951020680899,0.009289695583821637,0.8566369316093683,0.35192004208311417,0.3868954758190328,1,0.8291731669266771,1.1248460061348162,-0.781397213591256,-0.5243125856135803,3.343466639938521,1.2419516106210793,0.8968253968253969,0.8586415422137583,-0.00451605461551452,-0.003633542010724078,1,451052.0,0.23795620437956205,177.75,177.75,0.5332264207677658,199.5,39.25,0,374.1375,21426.5,0.18683094324378913,0.8865530989488946,1.0
2025-01-29,2025,-0.012132241431604488,0.4482189195564992,0.04970891177787729,0.33902874667205873,0.11386138613861387,-0.6759443339960238,4,0.27236580516898606,0.8476794932541959,0.41815792134263075,0.6505038250261148,4.52391062582145,1.4581864012016321,0.8809523809523809,1.2543389613453306,0.007200217018894728,0.002990633417779165,2,339911.0,0.007289293849658315,-2.75,2.75,0.3956458733528797,64.25,146.75,0,370.9125,21514.75,0.23795620437956205,0.5332264207677658,0.0
2025-01-30,2025,0.37959015266125706,0.5611332691514235,0.08214585079631181,0.6787236968780085,0.18995098039215685,-0.43667679837892603,2,0.16312056737588654,1.1307339335145514,0.17497593178379664,0.381735662219774,4.312494842525097,1.3425616840017673,0.8690476190476191,0.6553431439966992,0.006142305864264452,0.0032526258142826503,3,453413.0,0.11840143155383238,135.5,135.5,0.39334341906202724,143.0,123.25,0,363.55,21542.25,0.007289293849658315,0.3956458733528797,0.0
2025-01-31,2025,0.26601426553185625,0.422452706660694,0.058560794044665014,0.4624237621033045,0.6609195402298851,0.9150521609538003,2,0.9761549925484352,0.7564341825441604,0.5698632025085243,0.7731366941180529,4.72340374211778,1.4282219848193811,0.8650793650793651,0.908996933255229,-0.003727208867529752,-0.0037013059220714073,4,313722.0,0.39010111761575306,-359.25,359.25,1.0247751628131354,38.0,371.75,1,362.7625,21927.75,0.11840143155383238,0.39334341906202724,0.0
2025-02-03,2025,-0.9799770968525524,0.9438872887531666,0.09479638009049773,0.7509456223756811,0.2272907576358588,0.5693160813308688,2,0.9473197781885397,1.2750692037207911,0.2148037616684596,0.42377763125933016,4.397959537772845,1.425955079305703,0.8611111111111112,1.1375229899017942,0.007802873622387851,-0.00039375942144048715,0,511290.0,0.10397166708828738,97.0,97.0,0.41780893222750465,150.5,39.5,0,360.2125,21369.5,0.39010111761575306,1.0247751628131354,1.0
2025-02-04,2025,-0.12316372518663778,0.988750129012282,0.094770206022187,0.711459730966388,0.7330791229742613,0.8607350096711799,0,0.925531914893617,0.7873937005910372,-0.059586472632198594,0.0997282141259864,4.02057659889221,0.8413237638360024,0.8650793650793651,1.1194825747411155,-0.0029239531798217477,-0.005572163113799267,1,315737.0,0.020589422688736373,9.25,9.25,0.25871262944232293,50.5,94.0,0,363.3375,21644.25,0.10397166708828738,0.41780893222750465,0.0
2025-02-05,2025,-0.28668846983508456,0.5441514160462042,0.027487747709354356,0.30060538584649643,0.13333333333333333,0.26157407407407407,6,0.7199074074074074,0.8483503329260081,0.46555563287175766,0.5634263447220076,4.5274719922065225,0.5178272531971917,0.8531746031746031,0.8064852828613179,7.42870002135021e-05,-0.0016000828529756372,2,340180.0,0.24764267990074443,138.0,138.0,0.4543873077725976,163.25,16.75,0,359.275,21578.75,0.020589422688736373,0.25871262944232293,0.0
2025-02-06,2025,0.1719690455717971,0.36400114646030385,0.027567403817025143,0.3195758096875896,0.22510231923601637,0.23766816143497757,4,0.5852017937219731,0.7731848809228495,0.6107050730868465,0.712883347664083,4.784855975924331,0.49824087380734433,0.8373015873015873,0.6907423330467183,-0.006185838264026855,-0.0027323559709145906,3,307012.0,0.0031717263253285004,-41.75,41.75,0.26225279449699057,38.5,91.5,0,348.9,21803.25,0.24764267990074443,0.4543873077725976,0.0
2025-02-07,2025,0.3620305828254443,0.3897667968322324,0.0783739837398374,0.8255173168862451,0.48760330578512395,-0.46684350132625996,1,0.242263483642794,1.0815806602063842,0.6859238713915551,0.8011386445750198,4.944669902558306,0.4381317375114738,0.8293650793650794,0.4021751030984271,0.002664096569759078,0.0025128569752262964,4,416262.0,0.16720326250268297,-185.5,185.5,0.5678624867705558,50.75,194.5,0,342.5125,21753.5,0.0031717263253285004,0.26225279449699057,0.0
2025-02-10,2025,0.575402635431918,1.102489019033675,0.24373223055052987,0.3945827232796486,0.6633663366336634,0.7773654916512059,3,0.9424860853432282,0.6813073172506168,0.04330161054172341,0.19436310395314788,4.334161786237186,0.5303372203960021,0.8253968253968254,1.1969253294289897,-0.00889788618984888,-0.0034972561809660796,0,262211.0,0.005996002664890073,3.5,3.5,0.15226939970717424,24.5,52.0,0,341.5,21869.25,0.16720326250268297,0.5678624867705558,0.0
2025-02-11,2025,-0.48810876177214263,0.476382425152992,0.11500134661998385,0.43680603906335885,0.54337899543379,0.8540268456375839,0,0.8942953020134228,0.711376292314634,0.7931400930777948,1.0335299937703815,5.173798966616585,0.6536940298677288,0.8214285714285714,0.44413499945032797,-0.003271920746233281,-0.0033891599048507803,1,253834.0,0.016027197668771247,-7.0,7.0,0.345194034226245,37.75,117.75,0,341.1125,21833.5,0.005996002664890073,0.15226939970717424,0.0
2025-02-12,2025,-0.8314818301638109,1.0197702880813406,0.23288929719797888,0.6123140651478064,0.3328661527680449,0.7872078720787208,2,0.8597785977859779,1.0970090767264968,0.5193372246281325,0.861773677273584,5.117322538128408,0.6427186101247323,0.7936507936507936,0.5151572208623612,-0.003467107345214382,-0.003154637683607131,2,373033.0,0.1222896790980052,109.25,109.25,0.387121069478441,128.5,64.0,0,331.9375,21710.5,0.016027197668771247,0.345194034226245,0.0
2025-02-13,2025,0.15735516172613845,0.5539219581975682,0.014716887004240458,0.5133910832075022,0.16820987654320987,0.7554179566563467,2,0.9674922600619195,1.1289489200709906,0.4656679647142948,0.8287371850909981,5.3127433839306955,0.749930318895439,0.7142857142857143,0.9639990463323532,-0.008696473277989614,-0.002537596659429431,3,383894.0,0.07588398887564561,88.0,88.0,0.3202733847254232,95.5,100.75,0,314.575,21991.25,0.1222896790980052,0.387121069478441,0.0
2025-02-14,2025,0.09252303190858409,0.37800007907951444,0.04279210925644916,0.22774900162113004,0.06878306878306878,0.19791666666666666,2,0.4826388888888889,0.7903118847330725,1.171879324660942,1.5766715432367238,6.039009924479068,0.854772380729858,0.7261904761904762,0.7963307105294374,-0.0037335195449180736,-0.00015551106546829452,4,268742.0,0.12709572742022715,57.25,57.25,0.26570716855798504,84.0,31.0,0,316.1375,22122.75,0.07588398887564561,0.3202733847254232,0.0
2025-02-17,2025,0.198478870948062,0.2790092325212511,0.04992076069730586,0.16268759913775574,0.2641509433962264,-0.185,1,0.795,0.20324415369935955,1.4397445804693514,1.8872737625574454,6.466234188798959,0.641596155090719,0.6984126984126984,0.3863830479521699,-0.0028597827760070693,-7.240255331142365e-05,0,68056.0,0.03754266211604096,3.5,3.5,0.06670191564647986,20.5,9.5,0,307.3375,22231.75,0.12709572742022715,0.26570716855798504,0.0
2025-02-18,2025,0.0744509244323117,0.4020349919344832,0.05009009009009009,0.4731769863920255,0.43536711478800416,-0.791958041958042,1,0.13636363636363635,1.002677330195596,1.5551970881416224,2.0370434710675402,6.688881995284772,0.48462329428761797,0.6706349206349206,0.19936303097985691,0.008192754843819205,0.0030940568560300363,1,335745.0,0.02839396628216504,30.25,30.25,0.2357612607023204,71.25,41.5,0,302.2125,22144.5,0.03754266211604096,0.06670191564647986,0.0
2025-02-19,2025,0.10984864366273951,0.37734266907047925,0.048145738451528954,0.3471552555448409,0.14683153013910355,-0.3309178743961353,4,0.533816425120773,0.8395371515376444,1.2981426355289136,1.817953125655109,6.509697706595111,0.49695460071560943,0.6626984126984127,0.5534359146367028,0.0049648255066832014,0.0022351029895000263,2,279369.0,0.1695736434108527,91.75,91.75,0.42430086788813887,126.5,26.75,0,298.1375,22173.25,0.02839396628216504,0.2357612607023204,0.0
2025-02-20,2025,-0.19045145652079815,0.32723022984028044,0.027609427609427608,0.9565857247976453,0.2594710507505361,-0.4597285067873303,4,0.47873303167420816,1.2719215573108698,1.6110461844782062,2.135861143574432,6.962632558542175,0.4816708591738172,0.6071428571428571,0.6293554949573648,-0.0035167989978522884,0.001774093585089731,3,414317.0,0.03476946334089191,16.75,16.75,0.3713803402155564,44.5,107.25,0,288.7875,22083.0,0.1695736434108527,0.42430086788813887,0.0
2025-02-21,2025,0.2925061114389278,0.477113714911911,0.04819277108433735,0.7181994436483183,0.9759036144578314,-0.9166666666666666,0,0.07629107981220658,1.1321441680381732,0.9893365927674233,1.4918317457641364,6.156330607772069,0.46699804798744,0.6587301587301587,0.9314675882997556,-0.009720554367265266,0.0026446689572035,4,382470.0,0.3425414364640884,-298.25,298.25,1.0941583073421564,38.25,324.5,1,296.575,21991.25,0.03476946334089191,0.3713803402155564,0.0
2025-02-24,2025,0.1929880990672242,0.4350273399807012,0.034617896799477466,1.1740109359922806,0.5053763440860215,-0.6835616438356165,0,0.18287671232876712,1.3979129263583845,-0.33342714699259746,0.09942103570279787,4.508471373431973,0.768738186273437,0.7023809523809523,1.6765841106465103,-0.0010625531004871958,0.0045688558963844494,0,475354.0,0.06372078130003202,51.25,51.25,0.5073978771309103,157.75,59.25,0,310.9,21503.5,0.3425414364640884,1.0941583073421564,1.0
2025-02-25,2025,-0.5644500064730504,0.5791222543477322,0.030800821355236138,1.2756224916929184,0.6030534351145038,-0.8694181326116374,2,0.11366711772665765,1.687150690128233,-0.9035515470590723,-0.38235877961420967,4.304677857851814,0.9065505811236084,0.6031746031746031,1.2600871704138437,0.005501420639895671,0.004976992777043776,1,573708.0,0.08958333333333333,134.0,134.0,0.7310231735209078,211.75,79.5,1,289.6625,21070.0,0.06372078130003202,0.5073978771309103,0.0
2025-02-26,2025,0.11714770797962648,0.45500848896434637,0.004028197381671702,0.6230899830220713,0.315669947009841,0.3978201634877384,1,0.670299727520436,1.3022786656491558,-2.0117572156196992,-1.5257385398981385,2.9934889643463514,1.0547014753618162,0.6507936507936508,1.3820033955857385,0.003115865663547046,0.000529608479440391,2,442834.0,0.24206815511163338,-195.75,195.75,0.8378607809847198,98.25,246.75,1,294.5,21311.5,0.08958333333333333,0.7310231735209078,1.0
2025-02-27,2025,0.7495726852044858,0.9296702380456081,0.06200317965023847,1.6158752657689583,0.48160969277369103,-0.5634674922600619,3,0.35294117647058826,1.8377567430767527,-2.204193938383296,-1.756568141076421,2.6007420686205007,0.7500131795460883,0.6626984126984127,1.1506232542627257,0.01054291035241195,0.008539387601078974,3,655356.0,0.32073011734028684,-324.0,324.0,1.1698003085004378,92.5,350.75,1,299.8375,21067.5,0.24206815511163338,0.8378607809847198,1.0
2025-02-28,2025,-0.4825271470878578,0.5409674234945706,0.045808124459809856,1.0029615004935835,0.637901861252115,0.4968503937007874,1,0.9078740157480315,1.4873396867415485,-3.1160908193484698,-2.7728173741362303,1.2548706811451102,0.7486960990687725,0.7261904761904762,2.0983218163869695,0.002308835967677725,-0.0029416186775439446,4,530395.0,0.028134898453512205,-10.0,10.0,0.8363277393879566,27.75,264.75,1,316.5625,20748.5,0.32073011734028684,1.1698003085004378,1.0
2025-03-03,2025,1.0169899022279212,0.8478922904311589,0.043024359379943054,1.1572367366565155,0.310038824181919,-0.29778393351800553,2,0.5221606648199446,1.4605342401022894,-3.0451594806860074,-2.740166693380344,1.224603301811186,0.8501212345200325,0.7023809523809523,1.0177913127103704,0.0011031015142995981,0.0015548024082480127,0,551719.0,0.29229337881842143,-487.0,487.0,1.6725436768712936,36.75,521.75,1,311.95,20948.25,0.028134898453512205,0.8363277393879566,1.0
2025-03-04,2025,-0.36662550169805497,1.0196048163013276,0.07547169811320754,1.0937017598024081,0.21866216975829117,-0.37120677487649967,2,0.3817925194071983,1.5933411250517866,-3.633606051250384,-3.4010497066995944,0.29509107749305885,0.8247106750264631,0.7420634920634921,2.14340845940105,0.00040048445362339535,-0.0009252869578396661,1,601887.0,0.3203916272788656,456.0,456.0,1.4526088298857673,470.5,102.25,1,323.9,20211.0,0.29229337881842143,1.6725436768712936,1.0
2025-03-05,2025,-0.7234324403885782,0.7418310273770975,0.06929773650609403,0.6667647924639388,0.09770687936191426,-0.24724061810154527,4,0.4194260485651214,1.3838671962670481,-2.7137179864586356,-2.5852222549308235,0.8591440977332933,1.160528228648886,0.8174603174603174,1.7831910509272888,0.002742241537614043,0.002526277474034222,2,530273.0,0.19042075503076666,346.75,346.75,1.0604945540182513,360.25,150.25,0,339.7,20365.25,0.3203916272788656,1.4526088298857673,1.0
2025-03-06,2025,-1.1354144545905005,0.9888865293409782,0.18814508994396933,0.7227295250230056,0.4271356783919598,0.4632713026444662,4,0.7874632713026445,1.2638362538226109,-2.34051815672117,-2.331648616125149,0.9264245770510333,1.2147940859707285,0.8452380952380952,1.4454590500460112,-0.0011011244202225878,-0.001188930937517485,3,504404.0,0.22696908497747398,-300.75,300.75,1.2076166206554824,84.0,426.5,1,353.175,20429.25,0.19042075503076666,1.0604945540182513,0.0
2025-03-07,2025,-0.23903077930582842,0.6385068762278978,0.10319164162015171,0.8277668631303209,0.28098391674550616,-0.26819620253164556,1,0.08306962025316456,1.2243242364663687,-3.4799279633267886,-3.6028028814669257,-0.6897576948264537,1.369936817141754,0.9047619047619048,1.3372626064178128,-0.0012361801287794627,0.0027015716844490667,4,508449.0,0.17212402202260216,269.0,269.0,0.8415193189259987,321.25,186.5,0,381.75,19952.5,0.22696908497747398,1.2076166206554824,1.0
2025-03-10,2025,-0.8785880527540729,0.7641582622187743,0.10853980631367123,0.7247220067235584,0.4207777132907719,-0.8715432649420161,2,0.056199821587867974,1.2095698424198305,-3.020784846133956,-3.2218127747607967,-0.4608029480217249,1.4136144016489973,0.9087301587301587,1.313033359193173,0.005654547401080401,0.007277448626623606,0,518392.0,0.2271062271062271,-291.75,291.75,0.9458236358934575,65.25,365.75,1,386.7,19637.5,0.17212402202260216,0.8415193189259987,0.0
2025-03-11,2025,0.1776740847092606,1.0618569035654464,0.014340871483728626,0.7178750897343863,0.12015888778550149,-0.2925,4,0.0625,1.3459552945584128,-4.588508016271832,-4.94839674563293,-2.527823642019619,1.7347222395001114,0.9325396825396826,1.5081359176836564,-0.002929057970922355,-0.001409435310582019,1,617920.0,0.1612540418951216,245.5,245.5,0.8500837520938024,355.25,131.25,1,417.9,19332.25,0.2271062271062271,0.9458236358934575,1.0
2025-03-12,2025,0.273869926199262,0.9265452029520295,0.17775387924412353,0.546010147601476,0.456575682382134,-0.6114044350580782,3,0.04963041182682154,1.1008657239849025,-3.627998154981546,-4.139125922509222,-1.9084669049815488,1.6959885311424205,0.9365079365079365,1.1220018450184501,-0.0034499035941509826,-0.0009466045429437075,2,539291.0,0.08005274062912036,94.0,94.0,0.4059040590405904,176.0,156.75,0,433.6,19551.75,0.1612540418951216,0.8500837520938024,1.0
2025-03-13,2025,-0.16456202502714132,0.670247414433461,0.007518796992481203,0.5782526712759272,0.15976951283394447,-0.3458498023715415,2,0.6413043478260869,1.1763325971290997,-3.1915890520541716,-3.8605679675447147,-1.7447660133706644,1.6971188480815014,0.9365079365079365,0.8725215701959889,0.001660868576032093,0.0021926735440830347,3,595726.0,0.0911675848587169,-169.25,169.25,0.7331009656591052,15.75,320.75,1,437.525,19486.25,0.08005274062912036,0.4059040590405904,0.0
2025-03-14,2025,0.33021893738669644,0.5254497280713987,0.10282601293837249,0.4339701575791382,0.12322274881516587,0.17223650385604114,1,0.37146529562982006,0.9762095592209504,-3.5410124111002617,-4.417091061218801,-2.4421586947427096,1.6239549147315453,0.9563492063492064,0.9181425184771999,0.00011264248573006341,0.0009709938264217399,4,501206.0,0.2022332506203474,212.25,212.25,0.47747873378887185,214.0,31.25,0,448.1875,19498.5,0.0911675848587169,0.7331009656591052,1.0
2025-03-17,2025,-0.017331491862322964,0.4928642998348092,0.03533434650455927,0.3552955831776207,0.11298076923076923,0.04878048780487805,5,0.16310975609756098,0.45220438217796133,-2.3177079102012095,-3.3727516451377038,-1.5295637338532784,1.7146588286577844,0.9603174603174603,0.6201424431987435,0.004393416800668959,0.00292005515818472,0,232171.0,0.2070635146681857,209.5,209.5,0.538359465973407,248.5,82.25,0,461.5875,19710.75,0.2022332506203474,0.47747873378887185,0.0
2025-03-18,2025,-0.4810199942045784,0.3756486920787124,0.13578062804068997,0.5463502015226154,0.38746438746438744,-0.7319189971070396,0,0.26229508196721313,0.3419750477435163,-1.5691367456073355,-2.771697268248996,-1.062487816443191,0.9205127469153443,0.9841269841269841,0.6970311635626038,0.007788991168737214,0.003714287728217247,1,175577.0,0.0026731470230862697,18.75,18.75,0.2133768868048787,77.0,101.25,0,474.5125,19502.25,0.2070635146681857,0.538359465973407,0.0
2025-03-19,2025,0.1300218396058713,0.2773122047843974,0.07055659010966274,0.3885418253847326,0.2858399296394019,0.32941176470588235,1,0.7568627450980392,0.13224053188370935,-2.0542180913200276,-3.394870232109301,-1.8450124434963706,1.1220561318047422,1.0,0.5942404388237087,0.0033618792617242654,-6.790947643464662e-05,2,67895.0,0.2445,243.75,243.75,0.5845903804154604,287.75,88.0,0,492.225,19648.0,0.0026731470230862697,0.2133768868048787,0.0
2025-03-20,2025,-0.6106832421188183,0.7033010574279983,0.12377560106856635,0.6453530125554098,0.6546341463414634,0.7528779739063699,0,0.8442056792018419,0.09821578998111684,-1.0336049132017504,-2.5175503330774363,-1.0769495554840116,1.1929384169595827,1.0,0.8568386122186177,-0.0012699022530300308,-0.002241888411930626,3,50426.0,0.17958913187541417,-176.0,176.0,0.45863153463262424,69.75,231.5,0,504.7625,19828.75,0.2445,0.5845903804154604,0.0
2025-03-24,2025,1.1920104683603683,1.7914722366244475,0.18156131428110114,0.2439325482063057,0.3281519861830743,0.5870445344129555,5,0.8097165991902834,0.6444600478555103,-1.260894254746562,-2.916811100412313,-1.5517591289534098,1.1228744708582334,1.0,0.6809372145273189,0.0008378608471035776,0.0002686744482343073,0,330879.0,0.11615343057806592,45.25,45.25,0.12394143643680715,62.75,20.5,0,506.2875,20328.75,0.17958913187541417,0.45863153463262424,0.0
2025-03-25,2025,0.05317477581997921,0.3001957798564281,0.052102950408035156,0.18127764484083822,0.17032967032967034,0.3413333333333333,3,0.7573333333333333,0.6205439790581015,0.28777221859667074,-1.4352838807918236,-0.13730210523771486,1.233898530327882,1.0,0.31469799144369515,-0.003359359944269391,-0.0009677568840540385,1,318600.0,0.06395019807583475,0.5,0.5,0.12181857733304328,63.0,31.5,0,517.1625,20433.5,0.11615343057806592,0.12394143643680715,0.0
2025-03-26,2025,0.010383445820663056,0.21508566342802046,0.10081190798376184,0.49247200178001926,0.47702589807852963,-0.6164658634538153,2,0.2399598393574297,0.7928413454468608,0.5238448416524498,-1.3312467551731832,-0.03568444213701118,1.229018986413829,0.9920634920634921,0.26502509332739993,0.004625081110333107,0.004462326784163584,2,407061.0,0.3223684210526316,-224.75,224.75,0.4835719053623081,34.75,244.5,0,505.6125,20285.75,0.06395019807583475,0.12181857733304328,0.0
2025-03-27,2025,-0.06461792771808551,0.29053021764720616,0.03361669242658424,0.3907130513186566,0.42012779552715657,0.5128205128205128,1,0.9794871794871794,0.8899633016834625,-0.10216144463646008,-2.066872041475692,-0.7929321010844798,1.1979837954335462,0.9841269841269841,0.8690860820998322,-0.0017835494541691421,-0.0006395077677900929,3,450701.0,0.055796178343949045,-32.0,32.0,0.254464397525484,70.25,127.0,0,499.0875,20128.75,0.3223684210526316,0.4835719053623081,0.0
2025-03-28,2025,-0.37532834916144675,0.33441099211962017,0.06472196900638104,0.6789250353606789,0.6415215989684074,-0.8720238095238095,4,0.03794642857142857,0.8991117171001123,0.07216104263487867,-1.9579713073348153,-0.7364896948878571,1.1295851258707388,0.9801587301587301,0.5278844210951708,-0.002457059268499817,0.003315116995009748,4,455334.0,0.18437407517016868,-138.75,138.75,0.3606789250353607,32.0,178.5,0,494.9,19618.0,0.055796178343949045,0.254464397525484,0.0
2025-03-31,2025,-0.6318875745627338,0.4989384288747346,0.07517608164438695,0.4357496714184612,0.27473742399115536,-0.04524361948955916,3,0.8364269141531323,0.884738616362208,-1.0485795167323844,-3.131543827722175,-1.9848448084116865,1.3061411804406844,0.9761904761904762,1.0145586897179253,0.004395478371697181,0.00392380982403473,0,444851.0,0.23046251993620415,260.75,260.75,0.5661712668082095,280.0,64.75,0,494.55,19157.0,0.18437407517016868,0.3606789250353607,0.0
2025-04-01,2025,-0.07393807066296149,0.4520643112346169,0.010582799224921747,0.39896784438269156,0.047619047619047616,-0.1318407960199005,2,0.4614427860696517,1.0364961214376816,-1.0203205637157573,-3.109279475982536,-2.068710301707029,0.7435147320241742,0.9841269841269841,0.9135569670504168,-0.006151815150517881,-0.0017805070013062751,1,495725.0,0.04749623898560069,111.5,111.5,0.5741365621278285,289.25,6.5,0,503.8,19354.0,0.23046251993620415,0.5661712668082095,0.0
2025-04-02,2025,-0.2816540775828959,0.7707079759313789,0.18922536389493055,0.6385866086288567,0.40058309037900874,0.8412189254210104,0,0.8765036086607859,1.0297846926426226,-0.8531558059147356,-3.0201613109717043,-2.03506081167584,0.7427359320422404,0.9642857142857143,0.7824862373575726,0.0029448123896467227,-0.0027007694597629417,2,489693.0,0.04418356456776948,51.25,51.25,0.6140058891307131,299.75,29.5,1,488.1875,19590.25,0.04749623898560069,0.5741365621278285,0.0
2025-04-03,2025,-1.4751824067413422,0.7383619360805672,0.010600130463144161,0.44805261535299556,0.40707395498392285,-0.14105504587155962,3,0.16972477064220184,0.9035657182281565,-0.38891172541362357,-2.582941116020963,-1.6767855307779265,0.7965138706131258,0.9603174603174603,1.1776795807214058,-0.011736269486251394,-0.003046683342007972,3,426947.0,0.04899135446685879,-73.25,73.25,0.35505086835885313,95.25,172.75,0,486.55,18893.0,0.04418356456776948,0.6140058891307131,1.0
2025-04-04,2025,-1.314861833509996,1.7625163310079621,0.13395522388059702,0.7350802376315725,0.4345509893455099,-0.7370892018779343,2,0.006036217303822937,0.9992373363059925,-1.807109226711365,-3.972460374195772,-3.2185939310276814,1.0406235386598113,0.996031746031746,0.6976113589863683,-0.006995819697766303,-0.00026536533194232437,4,452672.0,0.06206025617896446,-154.75,154.75,0.6492962259964996,268.75,329.25,0,507.0875,17878.25,0.04899135446685879,0.35505086835885313,0.0
2025-04-07,2025,-1.4864643916567397,1.542989278957326,0.036069651741293535,3.1518464017938475,0.22628774422735345,0.27108344449384913,1,0.42196531791907516,1.6198890159435804,-3.5360521336977073,-5.653880830588838,-5.077376030644895,1.2446156863301758,1.0,1.3075467731763717,-0.0026860657219289763,-0.007129839419167006,0,731682.0,0.07269332303135664,81.5,81.5,0.8156401093125919,436.5,234.5,0,535.1625,17385.25,0.06206025617896446,0.6492962259964996,0.0
2025-04-08,2025,1.1483515327484273,0.8861957962507102,0.14452249290091168,0.4965389551642156,0.31859410430839,0.5491525423728814,2,0.8432203389830508,1.1088133030320808,-3.385512003198048,-5.376254497254306,-4.986463001535905,1.2050278153226448,1.0,2.839108754655053,-0.011632974324557899,-0.005132484924362801,1,500836.0,0.39722549641853294,-1085.5,1085.5,1.8350901554840204,21.5,1090.25,1,594.1125,18311.0,0.07269332303135664,0.8156401093125919,0.0
2025-04-09,2025,-0.029414201673709502,1.1450824426215924,0.01584562284279887,0.6645123871074654,0.32769830949284784,0.8029925187032418,3,0.8316708229426434,0.8712724422802098,-3.5572334079045476,-5.562498964288671,-5.287424393073164,1.176295076170593,1.0,1.8833374761786394,-0.005073281699722987,-0.00310866550414568,2,393542.0,0.3929167439273132,1498.25,1498.25,2.6269782086336892,1585.25,315.25,0,603.45,17529.75,0.39722549641853294,1.8350901554840204,1.0
2025-04-10,2025,-0.35107860383297845,1.0050921210998982,0.11592920353982301,0.4566243866308675,0.0914826498422713,-0.11273317112733171,4,0.6253041362530414,0.9243617344386479,-0.4690306453106194,-2.225964262568282,-2.049632441440609,1.9277370565774423,1.0,2.8423294139431534,-0.0016257171291954586,-0.0006155974337472836,3,413907.0,0.0759549896357714,-268.25,268.25,1.2413665401351728,45.0,838.0,1,675.0625,18756.25,0.3929167439273132,2.6269782086336892,0.0
2025-04-11,2025,-0.10260554843017025,1.0141082629091485,0.021836253200140557,0.5312999631041693,0.0051468362095065095,0.011243386243386243,4,0.3948412698412698,0.9734043895489551,-1.1226698525923704,-2.786070945411742,-2.693595937944729,1.8469098702190607,1.0,1.3401971291529773,-0.008777333393834907,0.0012840027826557243,4,424306.0,0.2319268220714075,426.5,426.5,0.6381221779081822,454.0,96.75,1,711.4625,18419.25,0.0759549896357714,1.2413665401351728,1.0
2025-04-14,2025,0.5392882649061994,0.4612517201135711,0.08026330985102206,0.37380898465397416,0.12139423076923077,-0.36719478098788444,3,0.548928238583411,1.02832647873194,-0.581685798393979,-2.1847375846992607,-2.16355623682698,1.5902654615516023,1.0,0.8406347436813044,-0.0016551612582516029,0.0016171717556162646,0,437683.0,0.04623901009443178,-46.25,46.25,0.5514814750300476,58.75,395.75,0,717.6125,19134.25,0.2319268220714075,0.6381221779081822,1.0
2025-04-15,2025,-0.13956541265070646,0.3188586036549556,0.050243111831442464,0.3026220333713338,0.05856189770200148,0.2146118721461187,1,0.4942922374429224,0.9682667785018085,-0.19903616955124684,-1.7631326216879144,-1.8044097833972454,1.5345967494269372,1.0,0.7140636335371542,0.004671260542898015,-0.00036499572745252173,1,412120.0,0.008426966292134831,-45.25,45.25,0.20658444743842197,56.75,149.5,0,723.675,19034.0,0.04623901009443178,0.5514814750300476,0.0
2025-04-16,2025,-0.5609942373116712,0.49503575643963066,0.07301587301587302,0.23502048184406027,0.015918958031837915,0.2673559822747415,2,0.7104874446085672,0.8508187342658411,-0.27315489828508155,-1.840769284176909,-1.9437686593070893,1.5025750521061922,0.996031746031746,0.3613830451989169,-0.00418805941951228,-0.0018292677222726539,2,362131.0,0.3420641125879593,-444.5,444.5,0.689439700062487,105.25,496.5,1,720.15,18630.0,0.008426966292134831,0.20658444743842197,0.0
2025-04-17,2025,0.4247235226270439,0.41522491349480967,0.038346613545816734,0.32634507090033243,0.4081826831588963,-0.8045738045738046,2,0.1496881496881497,1.0002431709491773,-1.2662833299409728,-2.794653640002714,-2.975602143971774,0.7624284503533847,1.0,0.816541149331705,0.010994039445624382,0.005669550934764733,3,425730.0,0.07145631067961165,76.5,76.5,0.29988465974625145,221.0,43.75,0,736.95,18305.0,0.3420641125879593,0.689439700062487,1.0
2025-04-21,2025,-0.34512186795930905,0.4239776063357684,0.1091362644215778,0.3659452447600191,0.6826119969627942,-0.7518656716417911,1,0.11007462686567164,0.7436860616622707,-0.9034955963678559,-2.453492182699527,-2.7127500512050235,0.7231432295389687,0.996031746031746,0.3615074759336383,0.0016699043829374594,-0.00020276238668537339,0,317062.0,0.2653968253968254,-166.25,166.25,0.3103024510138595,60.75,227.25,0,732.35,17927.25,0.07145631067961165,0.29988465974625145,0.0
2025-04-22,2025,0.5222324184533245,0.40977725869692166,0.15498610682309355,0.2742971552515225,0.5852225020990764,0.648418491484185,1,0.9014598540145985,0.8046540483676703,-1.5851672645365833,-3.119786435304914,-3.46252440143489,0.7251626560789641,1.0,0.6216734796029031,-0.006967374370240087,-0.0015738400192415458,1,343055.0,0.022672455378678243,51.0,51.0,0.30432969049803954,228.0,75.0,0,749.1875,18285.5,0.2653968253968254,0.3103024510138595,0.0
2025-04-23,2025,0.8168028004667445,0.4720786797799633,0.10968432316746923,0.3080513418903151,0.40905923344947737,0.8051948051948052,4,0.9437229437229437,0.9672736569650642,-0.6803967327888001,-2.2632772128688106,-2.676626104350723,0.8914134347732496,1.0,0.5510918486414402,-0.0009096433941875315,-0.0017424269199652898,2,412386.0,0.23567126481445502,-306.25,306.25,0.5174195699283214,30.75,388.0,0,749.875,19135.0,0.022672455378678243,0.30432969049803954,0.0
2025-04-24,2025,0.05958165394847939,0.3603574899236909,0.05595978304008467,0.392537955425276,0.8892561983471075,0.9025974025974026,0,0.9967532467532467,0.866264716885761,0.07939972280192989,-1.458055471475679,-1.919177645728122,0.979316597474169,1.0,0.5336859377738127,-0.0060274807381446305,-0.0034563169129566695,3,369322.0,0.11261956186362233,90.75,90.75,0.21920950757515412,172.0,66.0,0,784.6375,19153.5,0.23567126481445502,0.5174195699283214,0.0
2025-04-25,2025,0.07362391507862209,0.35796455262364535,0.03203781512605042,0.21738095615886263,0.07209612817089453,-0.016058394160583942,3,0.3795620437956204,1.0398990473532181,0.6583469526998089,-0.8592418640813689,-1.3749853228186546,0.7461154545737466,1.0,0.6080319883217238,-0.0030882987933850137,-0.0026703414671616077,4,443349.0,0.1929622151716181,199.25,199.25,0.3236913507767006,255.0,11.5,0,787.7875,19299.5,0.11261956186362233,0.21920950757515412,0.0
2025-04-28,2025,0.06260077776723892,0.22447753643807897,0.052216041629284046,0.2399696481077492,0.02204928664072633,-0.31357048748353095,4,0.2938076416337286,0.9022713172748884,1.015571153055738,-0.47548768535204977,-1.0393784185399466,0.743117972318002,1.0,0.4046918966771001,0.007770321160520677,0.001559136719013976,0,384673.0,0.04990757855822551,-16.25,16.25,0.29213696291378166,50.5,231.0,0,790.725,19488.75,0.1929622151716181,0.3236913507767006,0.0
2025-04-29,2025,-0.05830340317930713,0.32501731385591653,0.02681992337164751,0.25382918069223215,0.2759170653907496,0.5431472081218274,4,0.6611675126903553,0.8021777901171244,1.0013045789109183,-0.4510879543880574,-1.0863518497640465,0.3759175693573067,0.9880952380952381,0.4702926444297702,-0.010082990625272625,-0.002027344253485497,1,340940.0,0.09513513513513513,124.0,124.0,0.20390085200277022,158.25,63.5,0,776.1125,19534.25,0.04990757855822551,0.29213696291378166,0.0
2025-04-30,2025,-0.46641516829160745,0.5118155243087877,0.18435940099833611,0.3122499305929809,0.05875706214689266,0.08472803347280335,2,0.9173640167364017,0.9702426471553173,1.2422713242859222,-0.14882171378178413,-0.852171214867801,0.3134746521478743,0.9841269841269841,0.3769209413224895,-0.0055536593519884825,-0.00290730123316274,2,406635.0,0.2074001947419669,197.5,197.5,0.3406659807620074,260.75,45.75,0,765.4125,19321.5,0.09513513513513513,0.20390085200277022,0.0
2025-05-01,2025,0.5845403607356812,0.2890406756123949,0.07496413199426112,0.19021783009575483,0.20692497938994228,0.19864176570458403,3,0.969439728353141,0.8986666957120537,1.0449708537195812,-0.25685543121962134,-1.0153272295693467,0.32991832633596363,0.9841269841269841,0.6200649130455845,0.0030333156268376182,0.0007940489245004123,3,371281.0,0.02535211267605634,4.75,4.75,0.1608293368211985,124.5,91.5,0,774.1125,20000.75,0.2074001947419669,0.3406659807620074,0.0
2025-05-02,2025,0.11053462666365893,0.5069124423963134,0.1679262200589215,0.20817891785633721,0.35046728971962615,0.43653250773993807,3,0.8808049535603715,0.84534982159014,1.646385872192322,0.4267345557668129,-0.3823386291128219,0.3528947687088294,0.9841269841269841,0.3444942154619574,0.003923172577191547,-0.0013547653133991755,4,348498.0,0.04283054003724395,33.0,33.0,0.1485611163030518,115.25,39.0,0,775.775,20161.75,0.02535211267605634,0.1608293368211985,0.0
2025-05-05,2025,-0.24822158316936582,0.3144812740695895,0.1114955786236063,0.16918083514118024,0.061224489795918366,0.06560636182902585,3,0.2644135188866799,0.7748935884361011,1.8804634814926908,0.7557035467433554,-0.14557455896944396,0.3595079333981369,0.9642857142857143,0.3464339168894943,0.0040713460311836425,0.0003821677573323523,0,317224.0,0.13107822410147993,112.0,112.0,0.2324134335637287,172.75,9.5,0,743.2875,20018.5,0.04283054003724395,0.1485611163030518,0.0
2025-05-06,2025,-0.4849867796732949,0.3676337426201601,0.16513424052960649,0.26802854141765364,0.24721984602224123,0.6094594594594595,2,0.9202702702702703,0.8862514168740167,1.7575790503096815,0.7777753631062336,-0.2524158788800768,0.40800177329976517,0.9365079365079365,0.2984534028758738,0.0006955563916415386,-0.000176215383454581,1,354579.0,0.03066164604626143,33.5,33.5,0.17168314679995653,118.5,71.0,0,690.225,19908.5,0.13107822410147993,0.2324134335637287,0.0
2025-05-07,2025,-0.06754596322941647,0.5355715427657873,0.08887909504921404,0.1914468425259792,0.32339449541284404,0.5553235908141962,4,0.9039665970772442,0.6637882847285134,1.440227817745802,0.6128856914468435,-0.5813349320543565,0.4645966157769642,0.9285714285714286,0.4616306954436451,-0.005539552722306329,-0.0008588206672726084,2,258285.0,0.08848433530906012,-107.0,107.0,0.4600319744204636,7.0,287.75,0,625.5,19966.25,0.03066164604626143,0.17168314679995653,0.0
2025-05-08,2025,0.5195862157589257,0.6031140905099484,0.17534197903712914,0.25615214923646956,0.06524317912218268,-0.4280936454849498,3,0.4916387959866221,0.8531815427922863,1.1761153113019627,0.5731639930607618,-0.7635047439549387,0.4535357803936662,0.9166666666666666,0.5127326465485853,0.002777934532566917,0.0022073890684115582,3,322483.0,0.25788051636145304,178.25,178.25,0.4095007603178342,239.0,120.5,0,583.6375,20098.5,0.08848433530906012,0.4600319744204636,0.0
2025-05-09,2025,-0.09724156466075398,0.4094896039483007,0.05998421468034728,0.3269075716484644,0.581798483206934,-0.6023916292974589,3,0.08221225710014948,0.7890894311797279,2.035695961298833,1.5061496738254023,-0.05780497935449107,0.5998931196125907,0.9047619047619048,0.7026802511666544,0.002181221450792581,0.0007702550394008689,4,292201.0,0.1305293691080493,42.0,42.0,0.13437904664174546,60.75,68.75,0,511.6125,20126.25,0.25788051636145304,0.4095007603178342,0.0
2025-05-12,2025,1.6062494983814442,1.3221327483346264,0.24289531212047608,0.49707054763369807,0.3017241379310345,-0.8611410118406889,4,0.12378902045209902,1.0474439232595942,1.8170095508173008,1.4575349795339616,-0.305468311083763,0.6270592582908441,0.8134920634920635,0.47566815591642364,-0.0018141459628774337,0.0033217511037956227,0,383078.0,0.23615819209039549,184.0,184.0,0.4869044115679927,227.5,12.25,0,467.2375,20718.75,0.1305293691080493,0.13437904664174546,0.0
2025-05-13,2025,0.21324649403855245,0.5163086296549189,0.03953147877013177,0.5646304952991228,0.8247663551401869,0.7823255813953488,0,0.8976744186046511,0.905113520622651,3.1107201008456324,2.967235674142553,1.2248332370397639,0.9849566973084508,0.8452380952380952,0.538368611796838,-0.01289964161354551,-0.003919329951833861,1,331024.0,0.18295739348370926,117.5,117.5,0.2783759651242187,132.5,28.0,0,475.975,21214.5,0.23615819209039549,0.4869044115679927,0.0
2025-05-14,2025,-0.03651953000952683,0.3090928337038213,0.053428317008014245,0.2794537948555097,0.3485064011379801,0.14583333333333334,5,0.4640151515151515,0.9946114886076656,3.8058113686884707,3.8736318407960177,2.119686143749337,0.876525620547143,0.8253968253968254,0.791256483539748,-0.0032346873703220647,-0.0015795774236306848,2,356424.0,0.05747126436781609,35.0,35.0,0.18153911294590874,85.75,52.75,0,472.35,21334.0,0.18295739348370926,0.2783759651242187,0.0
2025-05-15,2025,-0.1419579483058792,0.47194321682067764,0.05537599655246714,0.21159769653140484,0.22294172062904719,-0.30632911392405066,9,0.24556962025316456,0.7539630634469897,3.6762555243069475,3.9610124548011254,2.201837417972411,0.8180932585500146,0.8015873015873016,0.31498593812776216,-0.0033731700599660686,0.0015898125763461612,3,268035.0,0.1586254772648386,113.75,113.75,0.5512253917235838,257.25,15.75,0,466.6875,21272.5,0.05747126436781609,0.18153911294590874,0.0
2025-05-16,2025,0.18550228310502284,0.3555936073059361,0.07352941176470588,0.20833333333333334,0.17206982543640897,-0.8191780821917808,8,0.1506849315068493,0.7232692862943888,3.591038812785388,4.226986301369859,2.357180365296803,1.0146185421390825,0.7658730158730159,0.6426940639269406,0.0028643718061434065,0.0022203372343589933,4,254257.0,0.22487143525011688,103.75,103.75,0.2585616438356164,113.25,72.75,0,438.0,21392.75,0.1586254772648386,0.5512253917235838,0.0
2025-05-19,2025,-0.6838649700772762,0.7094300156876416,0.08508604206500955,0.6071698332461798,0.5231143552311436,0.7894736842105263,0,0.7923444976076555,0.8596940509259594,3.549764685375632,4.522642496078089,2.632917901342165,0.9012085043306449,0.75,0.4322816803207251,-0.004794082108916742,-0.002285566014720297,0,297262.0,0.09956366521221738,65.25,65.25,0.31840102260182446,137.0,31.5,0,430.275,21408.5,0.22487143525011688,0.2585616438356164,0.0
2025-05-20,2025,-0.14876632801161105,0.408200290275762,0.07373552711761121,0.20742622157716498,0.07974137931034483,-0.10495626822157435,7,0.5743440233236151,0.7738582581523036,3.190584179970971,4.5871432027092425,2.654653483309144,0.6181343724422131,0.7380952380952381,0.8321238509917755,0.0005152959250185329,0.0001687267188177355,1,267582.0,0.1437024513947591,-48.75,48.75,0.2545960328979197,70.5,105.25,0,413.4,21403.25,0.09956366521221738,0.31840102260182446,0.0
2025-05-21,2025,-0.19632699496180725,0.5577766942954656,0.0991876062724353,0.4251584592881521,0.37942122186495175,0.6100917431192661,0,0.6223241590214067,0.7786573992150128,2.7273525109702623,4.562106289614825,2.5070372176174205,0.2926552222514661,0.7063492063492064,0.457012839265399,-0.005646952901516289,-0.0033351122903126917,2,268418.0,0.19289152165864495,-235.5,235.5,0.7502031529335283,179.75,288.5,0,384.5625,21378.75,0.1437024513947591,0.2545960328979197,0.0
2025-05-22,2025,0.07571365233109376,0.5579618703318441,0.009267563527653214,0.5907029091777225,0.3933495539334955,0.3418013856812933,3,0.6062355658198614,0.9973123560190724,1.9695440128235717,4.112315405340882,2.010129258892942,0.43958658916900367,0.6666666666666666,1.2775826199652127,-0.004279238448337441,-0.003153788191362583,3,335079.0,0.14285714285714285,78.5,78.5,0.25306094607960167,92.75,78.5,0,366.5125,21245.0,0.19289152165864495,0.7502031529335283,0.0
2025-05-23,2025,-1.3432518597236982,1.4417286574566064,0.17371693282945264,0.48813319164009916,0.22022838499184338,0.7358490566037735,2,0.8984034833091437,0.9743087780718598,2.2618490967056366,4.6831030818278405,2.5559192348565305,0.5951751555262692,0.6309523809523809,0.6347856889833511,0.004592811239076289,-0.0014976780507951482,4,324495.0,0.11857574739670809,81.25,81.25,0.3046404534183493,107.5,92.5,0,352.875,20976.25,0.14285714285714285,0.25306094607960167,0.0
2025-05-26,2025,0.5621935216520477,0.9247876234546584,0.18877911079745943,0.1864769666413426,0.688135593220339,-0.1925925925925926,1,0.11481481481481481,0.14691870105977095,1.2548173216382386,3.752510532495334,1.7157503971268737,0.6317547004416924,0.6468253968253969,0.7244975481732163,0.0005629938839362136,0.00018653105036692263,0,48154.0,0.36666666666666664,36.5,36.5,0.13329649837695973,48.25,32.5,0,361.975,21248.0,0.11857574739670809,0.3046404534183493,0.0
2025-05-27,2025,-0.07017790097898172,0.6119512965367205,0.0065109153581003444,0.5438787325871083,0.8436578171091446,0.6103225806451613,1,0.952258064516129,0.7573147773185487,1.6579178216779515,4.339703147478859,2.341320748096424,0.8149866311683043,0.6349206349206349,0.25895645461244254,-0.002668561177090023,-0.0022494139766509047,1,244983.0,0.15767045454545456,57.0,57.0,0.3101863223270992,110.5,29.5,0,356.2375,21377.75,0.36666666666666664,0.13329649837695973,0.0
2025-05-28,2025,0.19631901840490798,0.36669588080631027,0.04770065695515567,0.35477651183172654,0.38865836791147995,-0.3893280632411067,1,0.13636363636363635,0.7927973275265082,1.8286765994741414,4.660431200701141,2.720936021034181,0.8442307878948214,0.6349206349206349,0.8273444347063978,-0.0034882228158361617,-2.4525692215782158e-05,2,253579.0,0.07749077490774908,29.5,29.5,0.16406660823838737,58.5,54.0,0,356.5625,21455.5,0.15767045454545456,0.3101863223270992,0.0
2025-05-29,2025,0.5616977072048676,1.0944572234176746,0.09295853047592541,0.8874378570898568,0.41540256709451573,-0.8135451505016722,0,0.1697324414715719,1.1510986417916762,1.7926467314684256,4.98832084291756,2.986146768568667,0.7261919403654785,0.5753968253968254,0.4845291978927061,0.0013025502860196658,0.004883784281391912,3,353667.0,0.13738207547169812,-84.25,84.25,0.3858425465608073,91.0,130.0,0,336.925,21431.0,0.07749077490774908,0.16406660823838737,0.0
2025-05-30,2025,0.11059058444051917,0.6005683127255972,0.007702763932940644,0.49151370862452964,0.13442622950819672,-0.0625,1,0.8625,0.8326178301865299,1.224713923661775,4.626142385377466,2.63076568619922,0.7897875964043599,0.5198412698412699,1.161969126795177,0.0021126422612219864,0.0014405116309238464,4,255816.0,0.048741781908864204,-31.75,31.75,0.9254281545196222,26.75,301.25,1,325.525,21372.75,0.13738207547169812,0.3858425465608073,0.0
2025-06-02,2025,-0.16141312623724682,0.564945941830364,0.023066004258339247,0.6806761078117861,0.0006901311249137336,0.5246085011185683,2,0.7639821029082774,1.0641414304205692,1.0221181665905261,4.480554286584433,2.5556684939850807,0.549971544617027,0.5317460317460317,0.9989340642606973,-0.007876206153298981,-0.0028795655185456237,0,313636.0,0.24979724249797242,111.5,111.5,0.3799299527942744,124.75,56.25,0,328.35,21405.25,0.048741781908864204,0.9254281545196222,1.0
2025-06-03,2025,0.08868179768525478,0.47196753344355935,0.00902061855670103,0.3870434390500526,0.3125,0.3941747572815534,1,0.6757281553398058,0.9080977092709805,1.32887419209379,4.838899744476176,3.021843529234936,0.4920143044492543,0.5555555555555556,0.888321058169247,0.0025479764043512265,-0.0005887624505165334,1,267645.0,0.17983367983367984,102.5,102.5,0.4892529685856005,162.75,13.0,0,332.65,21597.0,0.24979724249797242,0.3799299527942744,0.0
2025-06-04,2025,0.08140695799093772,0.34713155671607404,0.0328125,0.4684740035327548,0.04032258064516129,0.12459016393442623,2,0.6819672131147541,1.0395937347824458,1.6494124875201577,5.42477536287536,3.617268258966284,0.5336067790645744,0.5099206349206349,0.7672221795561017,-0.0019184686155355735,2.042307143623745e-06,2,291408.0,0.14352665495020503,47.5,47.5,0.17740572920666617,57.75,40.0,0,325.525,21745.0,0.17983367983367984,0.4892529685856005,0.0
2025-06-05,2025,0.06198022909147968,0.5868507767142633,0.06666666666666667,0.46524399811705636,0.15704697986577182,-0.4688026981450253,3,0.3440134907251265,1.0518377886564463,1.6735054134630496,5.748407343480307,3.955382080652753,0.5457714340278622,0.47619047619047616,0.5076102306605994,-0.0013810133184283258,-0.0011923659367214512,3,306931.0,0.21066826490860055,-126.0,126.0,0.6072493331241174,193.5,136.25,1,318.65,21742.75,0.14352665495020503,0.17740572920666617,0.0
2025-06-06,2025,0.580769539722066,1.0916539481082816,0.2641964481473361,0.3205076712988995,0.06753812636165578,-0.03007518796992481,6,0.3082706766917293,0.9076110889311165,0.9334484697566092,5.220869146116159,3.4564824483894334,0.6167836240641419,0.43253968253968256,1.0595228532412242,-0.001224191561740362,0.0009289344478822237,4,264845.0,0.018360949395432154,33.75,33.75,0.27472086111334243,85.5,73.0,0,311.225,21794.5,0.21066826490860055,0.6072493331241174,1.0
2025-06-09,2025,-0.09656052988588301,0.34314899050355124,0.004282655246252677,0.4540738967360945,0.48894348894348894,0.5694200351493849,3,0.9050966608084359,0.8260459499916045,1.3375229431011117,5.751288803766661,4.077723246349053,0.6610148009083711,0.44047619047619047,0.5059452557657012,-0.006084835007753031,-0.0032169974889240116,0,231221.0,0.04253968253968254,-19.25,19.25,0.2098794988428697,5.25,65.75,0,313.275,21879.0,0.018360949395432154,0.27472086111334243,0.0
2025-06-10,2025,-0.08259691815799991,0.8579421821572893,0.0005685048322910744,0.26732981038234377,0.335559265442404,0.5282392026578073,3,0.7740863787375415,0.8140321705722589,1.4304809272170116,6.343532128424886,4.610653226164577,0.8804379055493566,0.30158730158730157,0.5053510369021714,0.000819886784943602,-0.00032439819439122886,1,218345.0,0.1810064935064935,103.0,103.0,0.4733780363248812,116.0,133.25,0,281.4875,21876.25,0.04253968253968254,0.2098794988428697,0.0
2025-06-11,2025,0.13892083352500115,0.8381250287501725,0.0517477055262644,0.49128294769768616,0.4506172839506173,0.20973782771535582,3,0.9737827715355806,0.9428950119474313,1.8024748148488863,6.822374534247206,5.175353052118318,0.9651695219678452,0.28174603174603174,0.9172455034730208,-0.0004882622124176006,-0.00019834021786202527,2,252545.0,0.20559114735002912,-181.25,181.25,0.9374856249137494,21.75,254.75,1,271.7375,22045.0,0.1810064935064935,0.4733780363248812,0.0
2025-06-12,2025,-0.12400593071842568,0.6415959024127241,0.013932427725531174,0.41335310239475226,0.542649727767695,0.8,2,0.9152173913043479,0.9219602150115745,1.2564586422249182,6.076038998966618,4.599146335984188,1.044365196842023,0.2976190476190476,0.9938446331491217,-9.390683209709039e-05,6.714741773250488e-05,3,246729.0,0.00405222872579919,15.25,15.25,0.20218358269308534,56.25,39.5,0,278.2125,21921.25,0.20559114735002912,0.9374856249137494,1.0
2025-06-13,2025,-0.9422785507645682,1.6512834642053544,0.09615384615384616,0.6566561050649768,0.471563981042654,-0.08671328671328671,1,0.2629370629370629,1.0809707246251599,1.4503375120539994,6.308600817376127,4.925692244110756,0.7818844888404681,0.2777777777777778,0.5932864949258393,5.1657588282183475e-05,-0.0011196117214673507,4,287769.0,0.04547032280458174,17.5,17.5,0.7025761124121781,191.25,62.0,1,272.2125,21664.5,0.00405222872579919,0.20218358269308534,0.0
2025-06-16,2025,0.3987661495820108,1.2070275828155035,0.13568708895811699,0.6732531628593142,0.6598984771573604,0.9827357237715804,0,0.9893758300132802,0.34411941101626037,0.46859493048415735,5.026724484778041,3.8447136662345165,0.9247924558216152,0.2976190476190476,0.9057177343645223,-0.004248886419598419,-0.0018794666816630556,0,92091.0,0.10144927536231885,-52.5,52.5,0.24319370557467923,18.0,68.0,0,279.6125,21978.5,0.04547032280458174,0.7025761124121781,1.0
2025-06-17,2025,-0.3109972585501775,0.643566581277246,0.062146892655367235,0.37840995910296166,0.08093994778067885,0.34441805225653205,2,0.6959619952494062,0.17573864586131058,1.267044177789757,5.628457147993351,4.696251853849268,1.1400121467189148,0.2896825396825397,0.734349018021662,0.0034151018071513217,-0.000162706034843918,1,46784.0,0.17189631650750342,-133.5,133.5,0.6903060536605097,31.75,192.0,1,278.1375,21875.75,0.10144927536231885,0.24319370557467923,0.0
2025-06-18,2025,0.09859217480126127,0.7114624505928855,0.06921824104234528,0.5871119598525559,0.9874015748031496,0.5748865355521936,1,0.9773071104387292,0.13691826351503186,0.5303548430075107,4.6053204245681,3.9483279300084435,1.1522573599100123,0.2976190476190476,0.795843140738109,0.007389705998875895,0.00022564920429823943,2,35644.0,0.11922284368560494,-101.25,101.25,0.7283385886219301,7.75,205.0,1,281.4625,21865.0,0.17189631650750342,0.6903060536605097,1.0
2025-06-19,2025,-0.7285415212840195,0.8681088625261689,0.10974987238386932,0.5070946731798093,0.4649910233393178,-0.6954128440366972,2,0.29174311926605506,0.0421205547757634,0.5201209583624099,4.566494533612465,4.176678297278432,1.2001786887752268,0.23809523809523808,0.7918120493137939,0.0012360939198379217,0.0009880041535292872,3,10728.0,0.04900459418070444,38.5,38.5,0.20097697138869505,54.0,15.5,0,268.6875,21473.25,0.11922284368560494,0.7283385886219301,1.0
2025-06-23,2025,1.3047445255474452,1.572080291970803,0.08904469763365469,0.9242700729927007,0.8474226804123711,0.47877591312931883,1,0.9160908193484699,1.0543384625111634,-0.44402372262773193,3.376952554744525,3.131090328467156,1.2349776248307378,0.2777777777777778,0.4972627737226277,0.0023914436427960872,-0.0009385053768964369,0,266813.0,0.06801420376946189,55.5,55.5,0.9197080291970803,99.5,252.0,1,274.0,21990.5,0.04900459418070444,0.20097697138869505,0.0
2025-06-24,2025,0.8638920134983127,1.1473565804274466,0.11054637865311309,0.26366704161979754,0.27593818984547464,0.5358361774744027,4,0.8907849829351536,0.8828745524812102,1.3072215973003323,4.997525309336333,4.954996625421827,1.6374034981171055,0.28174603174603174,1.2652418447694038,0.0016557137132235944,-0.0005762644221627422,1,223422.0,0.2826603325415677,108.5,108.5,0.4409448818897638,122.5,25.25,0,277.8125,22325.25,0.06801420376946189,0.9197080291970803,1.0
2025-06-25,2025,0.22951250492751085,0.4432569751653454,0.15416958654519972,0.29959265910385,0.12255772646536411,0.014619883040935672,3,0.4415204678362573,1.0233895250966167,2.429854145679123,5.972108098637823,6.121352546975605,1.6717561267202385,0.3134920634920635,0.6578774473303841,-0.009002153113103262,-0.0003398790971523846,2,258981.0,0.09121245828698554,-48.0,48.0,0.39332486531470373,24.0,112.25,0,285.3875,22500.5,0.2826603325415677,0.4409448818897638,0.0
2025-06-26,2025,0.3597864609035037,0.5275671795792024,0.11734519329456038,0.4414337625050469,0.2517580872011252,0.22560975609756098,1,0.8475609756097561,1.033512303811384,2.373379390785519,5.942577721950566,6.266035619756851,1.5314884085497884,0.2857142857142857,0.5742227804943699,0.004553107578117999,0.0010807994590460446,3,263233.0,0.2204515272244356,79.25,79.25,0.3804225920775201,106.0,30.75,0,278.6375,22580.5,0.09121245828698554,0.39332486531470373,0.0
2025-06-27,2025,0.16833525294586693,0.451847257907327,0.03117206982543641,0.502347833791087,0.49469214437367304,0.48677248677248675,0,0.6649029982363316,0.9021575494806691,2.8699388677239326,6.342358465491269,6.849955701249223,1.478529735344812,0.2976190476190476,0.7451049880393372,-0.0012606966778760942,-5.6850101056937774e-05,4,232214.0,0.2397447584320875,-109.75,109.75,0.6246123859307168,43.75,176.25,1,282.175,22776.25,0.2204515272244356,0.3804225920775201,0.0
2025-06-30,2025,0.749681180542904,0.6048460557478594,0.11490125673249552,0.2933139005283294,0.007017543859649123,-0.5714285714285714,4,0.38819875776397517,0.9336318088917128,2.734878848606309,6.218928766624157,6.997677172526875,1.1330059450196834,0.2619047619047619,0.8152668974312262,-0.001216395400538972,0.00037071141322575496,0,237311.0,0.11334120425029516,39.5,39.5,0.1685188558936054,46.25,46.25,0,274.45,22826.25,0.2397447584320875,0.6246123859307168,1.0
2025-07-01,2025,-0.23370577281191807,0.5921787709497207,0.08449074074074074,0.41527001862197394,0.26538849646821394,-0.5852017937219731,6,0.03811659192825112,0.945681128999307,3.253631284916196,6.764804469273738,7.8258426443203,0.7522030278452022,0.21031746031746032,0.35567970204841715,0.008277788005518594,0.0039039258027183665,1,236077.0,0.0504847876964226,-51.5,51.5,0.5363128491620112,24.75,144.0,0,268.5,22737.75,0.11334120425029516,0.1685188558936054,0.0
2025-07-02,2025,-0.11970447956607126,0.7341251285887964,0.04835880731646204,0.5770129991583279,0.7,0.9546191247974068,1,0.9773095623987034,0.8803528633997191,2.3777237445057517,5.754587113064626,7.1282380996913925,0.7264241672052736,0.1984126984126984,0.9398672028429814,-0.0024416255715407065,-0.004097962590472681,2,213063.0,0.06666666666666667,26.75,26.75,0.21415879547367436,57.25,29.25,0,267.325,22801.5,0.0504847876964226,0.5363128491620112,0.0
2025-07-03,2025,0.39115886705311276,0.4241481690937367,0.09451575262543757,0.5306564871106084,0.6282527881040892,0.8312611012433393,2,0.8472468916518651,0.8513016806509671,2.719025401762571,5.996550261558031,7.6571893114661425,0.7453988564436498,0.1865079365079365,0.7842028370799755,-0.0027938021799629453,-0.0010500803825284066,3,201498.0,0.03783783783783784,10.0,10.0,0.19699326075686885,52.25,21.0,0,265.2375,23049.0,0.06666666666666667,0.21415879547367436,0.0
2025-07-04,2025,-0.5225258493353028,0.6683899556868538,0.1305094447624499,0.21233382570162482,0.21585903083700442,0.4,4,0.9217391304347826,0.16917258713065167,3.281434638109303,6.413053914327913,8.284758124076811,0.7538309474456749,0.23015873015873015,0.6333087149187592,0.0004261843228530182,0.00015003208253139277,4,39611.0,0.3275862068965517,-36.0,36.0,0.16617429837518463,5.5,45.0,0,270.8,22940.5,0.03783783783783784,0.19699326075686885,0.0
2025-07-07,2025,0.14740145499500737,0.45266511340402266,0.04186254757107678,0.2957538871190148,0.053003533568904596,-0.31189710610932475,4,0.24115755627009647,1.0140105947975444,2.547572630878222,5.73990775521849,7.880267224573245,0.8943952029934922,0.15476190476190477,0.22252864818601115,7.826452659309702e-05,-0.00025215247010046404,0,234964.0,0.09670248240088922,-62.0,62.0,0.5277923065950264,43.75,138.75,0,262.8875,22919.0,0.3275862068965517,0.16617429837518463,0.0
2025-07-08,2025,0.3004477827531417,0.6259328807357118,0.10916334661354582,0.3649670181520535,0.1105121293800539,-0.13192612137203166,3,0.7730870712401056,1.044612513081662,2.198613317925749,5.370638933025181,7.731537387452455,0.8229942393260198,0.14682539682539683,0.7617121671722278,0.0033606609887307792,0.0002664004761800953,1,242055.0,0.10746987951807228,-41.75,41.75,0.31392941403052627,40.25,81.5,0,259.6125,22922.5,0.09670248240088922,0.5277923065950264,0.0
2025-07-09,2025,0.3780151786145889,0.5269009522888771,0.0712603062426384,0.5162662541692851,0.15454545454545454,0.15355805243445692,1,0.15917602996254682,1.1966959060572202,2.10175472518973,5.220167254797696,7.795721950983714,0.6888055690989582,0.14285714285714285,0.47082708947648283,-0.005720274376903145,-0.0012892631195263737,2,279535.0,0.05007436787307883,31.5,31.5,0.317107362111471,43.0,82.0,0,258.5875,22999.0,0.10746987951807228,0.31392941403052627,0.0
2025-07-10,2025,0.16204152920628762,0.3881234232485931,0.03967371153133111,0.7325829613817194,0.455470737913486,-0.686092715231788,0,0.22119205298013245,1.3006001600709918,2.486609741897921,5.558606636910535,8.347666407917714,0.6924192765325315,0.1349206349206349,0.7539297496603921,0.010070980262195772,0.005375000556302578,3,306318.0,0.18078381795195955,91.5,91.5,0.4162623714341161,107.25,5.25,0,257.65,22942.75,0.05007436787307883,0.317107362111471,0.0
2025-07-11,2025,-0.469868219732491,0.8607669907704457,0.08611388611388611,0.5587088495138444,0.3162193698949825,0.5918727915194346,1,0.9611307420494699,1.0652703267868402,2.313409999506447,5.392112926311629,8.450135728739948,0.5062449806096195,0.10317460317460317,0.7452741720546864,-0.0038315435265781073,-0.0011907383201334998,4,250893.0,0.031791907514450865,-24.5,24.5,0.3563496372340951,22.75,90.25,0,253.2625,22999.0,0.18078381795195955,0.4162623714341161,0.0
2025-07-14,2025,-0.12512315270935961,0.5615763546798029,0.0977855187857676,0.5733990147783251,0.02127659574468085,-0.09278350515463918,3,0.5962199312714777,1.180024668765564,1.8689655172413793,4.912275862068972,8.143364532019703,0.3798127761939524,0.10714285714285714,0.625615763546798,0.003173667445797279,-0.00036482980423635514,0,277920.0,0.3152746425884123,117.0,117.0,0.5458128078817734,138.5,4.75,0,253.75,22929.25,0.031791907514450865,0.3563496372340951,0.0
2025-07-15,2025,0.6201862572363454,0.8990687138182734,0.15942028985507245,0.41782028693682355,0.03759398496240601,-0.3253012048192771,1,0.4578313253012048,1.2730144509713592,1.9241379310344768,5.079124087591238,8.55641077271583,0.37932748335400157,0.07142857142857142,0.9071230807953687,-0.009070199433129034,-0.0019375115954456401,1,299821.0,0.09792027729636049,-64.0,64.0,0.3382834130380065,14.5,84.0,0,248.3125,23166.5,0.3152746425884123,0.5458128078817734,0.0
2025-07-16,2025,-0.11598405219282348,0.6451612903225806,0.04669464847848898,0.5871692642261689,0.08741258741258741,-0.42504409171075835,3,0.4656084656084656,1.2999907052988247,1.968466835810082,5.2110806192719945,8.97467508931808,0.38759800422721535,0.047619047619047616,0.5809558328586962,0.0016252235650476843,0.0009043519228961738,2,307700.0,0.07630522088353414,52.5,52.5,0.7393983327292497,66.75,178.5,1,241.4125,23014.25,0.09792027729636049,0.3382834130380065,0.0
2025-07-17,2025,0.1380660450260162,0.5821441450723817,0.05472038484666266,0.46571531605790534,0.4481865284974093,0.6305309734513275,1,0.9358407079646017,1.0636882882807708,1.5382515068775406,4.779867085673078,8.721699036628717,0.2910324501926488,0.047619047619047616,1.047859461130287,0.005129170157740726,-0.0009827087957723357,3,254948.0,0.2526389866291344,86.5,86.5,0.4512905053835454,109.5,12.0,0,242.6375,23171.5,0.07630522088353414,0.7393983327292497,1.0
2025-07-18,2025,0.17506822511714124,0.3089439266773081,0.08483075637275386,0.5076978528397096,0.5951972555746141,-0.7748478701825557,3,0.14807302231237324,1.0886503241721237,2.01750682251172,5.285206734977598,9.438638587096442,0.5057470934491909,0.051587301587301584,0.8866690695638741,-0.004755199745402838,0.0015403751227596185,4,268324.0,0.010474430067775724,5.75,5.75,0.19772411307347718,48.0,35.0,0,242.7625,23205.0,0.2526389866291344,0.4512905053835454,0.0
2025-07-21,2025,0.19506966773847803,0.4480171489817792,0.07085277895630038,0.7288317256162915,0.8280701754385965,0.9529411764705882,0,0.9602941176470589,0.9574471029434151,1.5330117899249762,5.04660235798499,9.552920685959272,0.5283444750125249,0.003968253968253968,0.6002143622722401,-0.004403579232677313,-0.0033018555218535806,0,242158.0,0.13549459684123025,-45.0,45.0,0.25509110396570206,6.0,59.5,0,233.25,23418.25,0.010474430067775724,0.19772411307347718,0.0
2025-07-22,2025,-0.12671471750755636,0.46733317833062077,0.0058925476603119585,1.1381074168797953,0.2757527733755943,-0.585291113381001,3,0.39938712972420837,1.5699349560187486,2.1098000465008204,5.9312717972564535,11.036973959544296,0.7598187671443382,0.003968253968253968,0.7905138339920948,0.009121960650289251,0.0037730058071095973,1,387029.0,0.04421949920085243,30.0,30.0,0.2522669146710067,54.25,43.5,0,215.05,23202.75,0.13549459684123025,0.25509110396570206,0.0
2025-07-23,2025,0.13797240551889622,0.5422915416916617,0.07089440622195632,0.5842831433713257,0.3691275167785235,-0.9055441478439425,4,0.07186858316221766,1.176685954677458,1.3113977204559124,5.223371325734845,10.642639472105579,1.1228405439893172,0.003968253968253968,1.1745650869826034,0.006145566565389449,0.002385819250457888,2,297608.0,0.3122284295468653,138.75,138.75,0.8290341931613677,172.75,3.25,1,208.375,23151.25,0.04421949920085243,0.2522669146710067,0.0
2025-07-24,2025,0.40105037001671046,0.45714967772738124,0.02748259435690729,0.4881833373120077,0.16279069767441862,-0.3863080684596577,2,0.35207823960880197,1.0885554947107885,1.3780735259011734,5.282931487228448,10.782722606827406,1.0911580708255126,0.007936507936507936,0.8665552637861065,0.0002008390347072453,0.002119448358964715,3,275318.0,0.14285714285714285,69.5,69.5,0.43208402960133685,90.5,2.5,0,209.45,23334.5,0.3122284295468653,0.8290341931613677,1.0
2025-07-25,2025,-0.21271393643031786,0.4828850855745721,0.060109289617486336,0.4547677261613692,0.3776595744680851,0.4327956989247312,2,0.7580645161290323,0.9322731846568388,1.7869193154034195,5.769242053789737,11.524608801955996,0.9958715902833114,0.003968253968253968,0.6185819070904646,-0.008854531185238712,-0.0009033218116190067,4,235791.0,0.16931711880261927,46.5,46.5,0.37286063569682154,76.25,10.5,0,204.5,23400.75,0.14285714285714285,0.43208402960133685,0.0
2025-07-28,2025,0.12833291801644656,0.5993022676302018,0.08968105065666042,0.3251931223523548,0.08635097493036212,0.4444444444444444,2,0.6053639846743295,0.9478393408205346,1.8422003488661884,5.890057313730376,11.885976825317714,0.9350376216424597,0.003968253968253968,0.7313730376277099,-0.006453387127621224,-0.0011188031307858282,0,239728.0,0.14306676449009537,-42.75,42.75,0.323947171692001,16.5,65.0,0,200.65,23502.0,0.16931711880261927,0.37286063569682154,0.0
2025-07-29,2025,0.6996597984466268,0.5751331921175942,0.1710914454277286,0.5828358687977405,0.6178343949044586,-0.32819383259911894,1,0.17180616740088106,1.090227957006253,1.807368894024014,5.928929969831178,12.229963412285768,0.8155195972812309,0.003968253968253968,0.4660119391488542,-0.003807541412775617,0.0002581486529781296,1,275741.0,0.16023738872403562,-75.75,75.75,0.6174979138583991,18.0,120.25,1,194.7375,23558.25,0.14306676449009537,0.323947171692001,0.0
2025-07-30,2025,0.02475892624446182,0.381808704717227,0.02999210734017364,0.4104769351055512,0.23265306122448978,0.35555555555555557,2,0.8253968253968254,0.8077711018361388,1.7482408131352696,5.929945269741985,12.457154026583263,0.3774580734348303,0.003968253968253968,1.1167578837633567,0.0021660892839965307,-0.00025639068174965196,2,211342.0,0.12095120951209512,-75.5,75.5,0.8352879854052645,74.5,160.25,0,191.85,23515.25,0.16023738872403562,0.6174979138583991,1.0
2025-07-31,2025,1.594306049822064,0.8269168553866063,0.040437158469945354,0.7453898414752508,0.30133333333333334,-0.875,2,0.09375,1.3224250485407207,1.356583629893242,5.451724361048213,12.076829505014553,0.5435302408652743,0.007936507936507936,1.215140731154966,0.008130877917015944,0.0038321550753016576,3,345994.0,0.2588099364529174,-218.75,218.75,1.635716596570689,12.25,316.0,1,193.1875,23621.75,0.12095120951209512,0.8352879854052645,0.0
2025-08-01,2025,-1.559229673664004,1.5666604743327759,0.14219046230129795,1.4675831320824817,0.014318010550113038,-0.26919831223628693,1,0.7063291139240506,1.6455866176638303,1.0310235927921232,4.811492971701026,11.298445724193439,0.4028906040153748,0.01984126984126984,2.2119016657378165,-0.0018066123014276458,-0.0005468127936627543,4,447305.0,0.1263126312631263,-133.75,133.75,1.091089231531364,37.0,220.25,1,201.8625,23008.5,0.2588099364529174,1.635716596570689,1.0
2025-08-04,2025,0.9798013614551947,1.228657515902243,0.18872291184515044,0.7811628166499275,0.6383265856950068,0.8785714285714286,0,0.91,0.980624579219285,-1.4223300970873818,1.8390135029572618,7.766582970650591,1.553623785103744,0.03968253968253968,1.3714987166610868,-0.002683628398667981,-0.0011048102540216487,0,270191.0,0.07332900713822194,24.75,24.75,0.2700591451846892,38.5,60.5,0,224.025,23248.0,0.1263126312631263,1.091089231531364,1.0
2025-08-05,2025,0.3237831504952604,0.3919480242837363,0.009599096555618294,0.6273298540845671,0.22524271844660193,-0.66553480475382,2,0.0050933786078098476,1.2246928187362878,0.2495473426350015,3.2620300351475144,9.04741186494835,1.9002485107164313,0.05952380952380952,0.842475236979444,-0.0014998842389647438,-0.00012412457216770534,1,337439.0,0.11771177117711772,-97.25,97.25,0.5847268079667697,4.25,137.25,0,234.725,23250.75,0.07332900713822194,0.2700591451846892,0.0
2025-08-06,2025,0.06280242973334707,0.7495109646865027,0.07600341588385995,0.5611036754864615,0.04227304227304227,0.26238532110091745,5,0.4091743119266055,1.3946656889323972,-0.306033151446515,2.5081849068259006,8.1996448059302,1.8690978440393657,0.10317460317460317,1.1685370122516217,-0.007857967587636239,-0.0017798065010223851,2,386086.0,0.34130543099152966,212.25,212.25,0.9533614743127767,231.5,7.0,1,242.825,23204.5,0.11771177117711772,0.5847268079667697,0.0
2025-08-07,2025,0.7500127207042182,1.0288505571668447,0.1953232462173315,0.533251920826337,0.2237442922374429,-0.2633587786259542,3,0.20038167938931298,1.3741260446374226,0.69047982496311,3.389446903780593,9.116791329568011,1.979330290941878,0.11507936507936507,1.1692871317356128,-0.010485788029228171,-0.0026351189901656635,3,380400.0,0.2113086563684057,-171.25,171.25,0.96270289523228,27.25,236.5,1,245.6625,23566.5,0.34130543099152966,0.9533614743127767,1.0
2025-08-08,2025,0.5783941173567586,0.31584661698662586,0.01844063409899709,0.6820312885554952,0.6921269095182139,0.8798842257597684,1,0.9479015918958031,0.9950204186316175,0.5135468588066949,3.0516902729112245,8.701184424813697,1.9755277323456841,0.16071428571428573,1.347283225583576,-0.006859533236628357,-0.0019524626600417871,4,275452.0,0.041463414634146344,14.5,14.5,0.3227557617332083,30.75,81.75,0,253.2875,23693.75,0.2113086563684057,0.96270289523228,1.0
2025-08-11,2025,0.028715003589375447,0.4048815506101938,0.024342745861733205,0.33117970806413016,0.3719512195121951,0.3699421965317919,1,0.7716763005780347,0.7625207482557016,1.5559224694903115,3.976932280449863,9.568399138549898,1.1686034572219457,0.1984126984126984,0.7446757597511366,-0.0020668674180491786,-0.0016999863958356842,0,211089.0,0.15635997988939165,-77.25,77.25,0.3713807130892558,56.75,97.0,0,261.1875,23747.75,0.041463414634146344,0.3227557617332083,0.0
2025-08-12,2025,0.24261245087097869,0.8782570721529428,0.08542492294143549,0.7239555533990004,0.11578947368421053,0.07506702412868632,2,0.6702412868632708,1.3533299588347458,1.309816099762237,3.704730942791978,9.490858362851178,1.0027881093948476,0.18253968253968253,0.5968266291426075,0.007221557897644004,0.00042197408811661674,1,372973.0,0.4012649332396346,158.75,158.75,0.7200737541850647,185.5,14.5,1,257.6125,23747.0,0.15635997988939165,0.3713807130892558,0.0
2025-08-13,2025,0.5249467959328447,0.47481674154646486,0.16338880484114976,0.4681957909671317,0.6720257234726688,-0.7313131313131314,3,0.0707070707070707,1.020640683027542,2.0147079687869502,4.320094585008275,10.07604634665405,0.8339480986295095,0.23412698412698413,1.1747458027902578,0.0057589967820624866,0.00233847506061835,2,281285.0,0.04011599806669889,-15.0,15.0,0.25727122251123197,19.25,68.0,0,264.3125,23954.0,0.4012649332396346,0.7200737541850647,1.0
2025-08-14,2025,-0.3104276790004805,0.6602594906295051,0.07010252147409254,0.5333974050937049,0.43661971830985913,0.827027027027027,2,0.9495495495495495,0.9203092201824044,2.00730418068237,4.345276309466597,10.300389235944252,0.7976324331915253,0.20238095238095238,0.703507928880346,-0.005676471061925037,-0.001949200910086324,3,253634.0,0.09903593339176162,-45.5,45.5,0.4238346948582412,32.5,110.25,0,260.125,23973.0,0.04011599806669889,0.25727122251123197,0.0
2025-08-15,2025,-0.07085314956808697,0.35426574784043485,0.03190460844344183,0.5619722410948268,0.08549222797927461,-0.4784110535405872,2,0.5112262521588946,1.0895203676389213,1.852567213432978,4.177870523148604,10.295428515966229,0.7992069701040574,0.18253968253968253,0.6376783461127827,-0.007111863318749356,-0.00033601686319562063,4,300268.0,0.06325184322856034,-32.25,32.25,0.4086188488789673,15.75,105.25,0,257.575,23840.0,0.09903593339176162,0.4238346948582412,0.0
2025-08-18,2025,-0.1498775039631071,0.5505116010952588,0.06319070558231794,0.3439496565307201,0.15352697095435686,0.11173184357541899,5,0.4888268156424581,0.9281218470951087,1.258874957967049,3.506922227025982,9.669174232598362,0.6586417266604716,0.21031746031746032,0.6763702742950474,0.002631250217252745,0.00012069803268488499,0,258494.0,0.06313890559230306,10.5,10.5,0.23058077532785706,33.5,60.0,0,260.2125,23778.75,0.06325184322856034,0.4086188488789673,0.0
2025-08-19,2025,-0.10498945199430898,0.42780748663101603,0.07167666561414587,0.6201246136486288,0.08914386584289496,-0.7642405063291139,4,0.18354430379746836,1.3243475169920256,1.1314330569592366,3.3550507776087946,9.729706127655398,0.657001385365058,0.1746031746031746,0.4150517588186234,0.007210397310114303,0.005468158883076946,1,368848.0,0.2540459164471208,-204.0,204.0,0.849727714271697,3.75,216.5,1,254.7875,23641.75,0.06313890559230306,0.23058077532785706,0.0
2025-08-20,2025,-0.04622941346431667,0.5961668111335837,0.05149425287356322,1.420591351247231,0.7827338129496403,-0.8847457627118644,0,0.09830508474576272,1.710530567693429,-0.28305884619088334,1.8174516035827775,8.133790811904076,0.7239839387630433,0.20634920634920634,1.3310218626601176,0.006866197918597661,0.005604020019269296,2,476405.0,0.23045991455139483,212.25,212.25,0.8494654724068189,220.5,64.25,1,259.575,23099.5,0.2540459164471208,0.849727714271697,1.0
2025-08-21,2025,-0.19030023094688223,0.5986143187066975,0.05891946992864424,0.7131639722863742,0.1474493361285814,0.17875647668393782,2,0.7227979274611399,1.4477098016968688,-0.7411085450346421,1.1791778290993131,7.277053117782913,0.6380928198327294,0.30952380952380953,1.4660508083140877,0.002712154766087993,-3.683108674090718e-05,3,403206.0,0.012470308788598575,-47.0,47.0,0.6475750577367205,18.0,175.25,1,270.625,23294.75,0.23045991455139483,0.8494654724068189,1.0
2025-08-22,2025,0.061748013620885354,0.7509648127128263,0.030011454753722796,1.5518728717366628,0.6069757549978733,0.7618490345231129,3,0.8987712112346401,1.786000588080536,-0.9325766174801362,0.8260976163450672,6.867600454029518,0.5979068439944417,0.3492063492063492,0.8308740068104427,0.014088230787422384,-0.002676699970876939,4,519327.0,0.006369426751592357,-8.75,8.75,0.30238365493757097,59.75,83.25,0,275.3125,23590.25,0.012470308788598575,0.6475750577367205,1.0
2025-08-25,2025,-0.2946624736139232,0.5100590186533408,0.09550561797752809,0.39977598759315897,0.4592933947772657,0.4267241379310345,3,0.8663793103448276,0.9959401417892543,0.24223495455132396,1.8206522207383786,7.620367897298928,1.1002969777285203,0.42063492063492064,1.5293154697798645,-0.0022337579581476197,-0.001990821943976595,0,317559.0,0.04515173945225759,20.25,20.25,0.245552061344936,71.25,13.0,0,290.1625,23545.5,0.006369426751592357,0.30238365493757097,0.0
2025-08-26,2025,-0.3245953180099418,0.5072864001359562,0.0392156862745098,0.4155159960912606,0.15042117930204574,0.5173824130879345,4,0.8732106339468303,1.019728304513907,0.1672685558907302,1.6140034838764519,7.422343544206995,1.1003212733392527,0.45634920634920634,0.5837617368398692,0.0027141879814438497,-0.0016097558535188572,1,333960.0,0.0582010582010582,14.0,14.0,0.1852402600161448,22.75,54.5,0,294.2125,23533.5,0.04515173945225759,0.245552061344936,0.0
2025-08-27,2025,-0.02065760027543467,0.3210535376140472,0.10788690476190477,0.41659493888793253,0.2834067547723935,0.5020661157024794,2,0.9400826446280992,0.8790659503514304,0.0954122912721689,1.4604234808056475,7.415755723876743,0.8068622897593672,0.42857142857142855,0.445859872611465,0.0037415824611786164,0.00019980293511601133,2,295102.0,0.11538461538461539,-34.0,34.0,0.2074367360991565,55.25,60.25,0,290.45,23602.25,0.0582010582010582,0.1852402600161448,0.0
2025-08-28,2025,0.2515997040003482,0.6102816349627823,0.1411042944785276,0.5946110651634527,0.2338568935427574,0.12298682284040996,4,0.5212298682284041,1.288074602434618,0.14638923954206604,1.4222260914987153,7.531589256953818,0.7221987513426588,0.4087301587301587,0.5885169546859356,-0.006537550759960542,-0.00227292146951219,3,432406.0,0.24044002095337874,125.5,125.5,0.4753406172463326,136.5,18.0,0,287.1625,23661.5,0.11538461538461539,0.2074367360991565,0.0
2025-08-29,2025,-0.4885551433999819,0.5455532434633131,0.15138282387190685,0.8685424771555235,0.5959390862944163,-0.66875,0,0.26458333333333334,1.2977111970676156,0.8742875237492137,2.123206369311498,8.571473808015925,0.7014414911268866,0.3531746031746032,0.8160680358273772,0.000332390057714127,0.0027083450921575603,4,435641.0,0.0718232044198895,-24.5,24.5,0.32570342893332127,24.25,90.0,0,276.325,23491.5,0.24044002095337874,0.4753406172463326,0.0
2025-09-01,2025,0.033979895228656375,0.6937561942517344,0.01566110397946085,0.19538439756477416,0.544973544973545,0.18357487922705315,1,0.8164251207729468,0.11548423515673988,-0.4078531313417394,0.8592760394544344,7.691245457548733,0.9268230770759979,0.2619047619047619,1.0061824531596584,0.0009897958011846342,0.00036765145171169245,0,38768.0,0.15273775216138327,17.25,17.25,0.0811741941573458,21.5,6.25,0,264.8625,23485.5,0.0718232044198895,0.32570342893332127,0.0
2025-09-02,2025,-1.6265090670303581,1.8224983583371217,0.28256946950559364,1.0314694145577612,0.5400641025641025,0.5905974534769833,0,0.8854064642507345,1.2245832954770561,-0.33853614183967856,0.9464262261958953,8.325933222205387,1.0367224541281315,0.12698412698412698,0.2576147901197151,0.0008748495096526643,-0.0034000486734122592,1,411092.0,0.0041841004184100415,-29.0,29.0,0.9072081628529575,10.5,224.5,1,247.4625,23251.0,0.15273775216138327,0.0811741941573458,0.0
2025-09-03,2025,0.7835512565012395,0.6173139551839789,0.052533705253370526,0.416079327273611,0.2940057088487155,0.48598130841121495,5,0.9883177570093458,1.0326945623840367,-1.4308073688815466,-0.24229815777961913,6.866742818256943,1.1654913880942297,0.19047619047619047,0.9925630680989646,0.002418107764029953,-0.001328347074566416,2,362893.0,0.24946328896522113,-139.25,139.25,0.6114810674184611,50.5,157.25,1,257.1625,23475.5,0.0041841004184100415,0.9072081628529575,1.0
2025-09-04,2025,0.5581395348837209,0.40794573643410853,0.03595338457723779,0.5358527131782945,0.19680851063829788,0.13200723327305605,2,0.6401446654611211,1.0641641780978197,-0.9677325581395321,0.1328100775193776,7.2350339147286755,1.2816920223756019,0.20634920634920634,0.8052325581395349,-0.00026870974346770993,0.0003827092769481677,3,370783.0,0.2339152119700748,138.0,138.0,0.5397286821705426,139.25,7.5,0,258.0,23498.5,0.24946328896522113,0.6114810674184611,1.0
2025-09-05,2025,0.9296421073189786,0.8085542698110444,0.22902338376891335,1.0673306967433231,0.7000871839581517,-0.8344007319304666,2,0.06312900274473925,1.4398215979553795,0.1504321078072388,1.2303305502660986,8.407538694399692,1.3291710364602414,0.18253968253968253,0.8896049997558714,0.0016548715909227019,0.0013996359303944939,4,501672.0,0.06305244549204478,24.5,24.5,0.5527073873346028,34.0,141.5,0,256.0125,23646.5,0.2339152119700748,0.5397286821705426,0.0
2025-09-08,2025,0.43654235328129515,0.5656740869230028,0.15415262028807847,0.41919629950852844,0.18610421836228289,0.6758620689655173,4,0.7954022988505747,0.9127710487727215,0.28861906138575694,1.2696925893803581,8.37099354341332,1.1297710520032496,0.2222222222222222,1.5322347499277247,-0.009170826748798877,-0.0028596707545884836,0,333956.0,0.22186147186147187,-87.5,87.5,0.36812180784427095,30.25,95.5,0,259.425,23857.75,0.06305244549204478,0.5527073873346028,0.0
2025-09-09,2025,0.24658447184271912,0.3598800399866711,0.028308097432521395,0.39891464749845296,0.44209215442092153,-0.7756563245823389,5,0.007159904534606206,0.8326142719896794,0.6441186271242947,1.5634788403865352,8.592907126196028,1.130931006651457,0.25,0.4788879897177132,-0.005902600977570449,0.0012958247510845844,1,304629.0,0.24773022049286642,84.75,84.75,0.38653782072642456,101.5,27.25,0,262.5875,23753.75,0.22186147186147187,0.36812180784427095,0.0
2025-09-10,2025,0.6308526367668802,0.6584524396254312,0.13543003851091143,0.41991128634795466,0.03467406380027739,-0.27699530516431925,1,0.7018779342723005,0.9507629299149175,0.9492360768851651,1.7969640216855634,9.105909314933472,0.5797565960340869,0.17063492063492064,0.5174963035978315,0.002443445470603489,0.001229243494385024,2,331271.0,0.33032128514056225,-162.25,162.25,0.6466239526860522,21.75,164.0,1,253.625,23969.0,0.24773022049286642,0.38653782072642456,0.0
2025-09-11,2025,0.6695835996263704,0.5240646969175558,0.13110539845758354,0.3677302000884912,0.061968408262454436,0.22192513368983957,4,0.9411764705882353,0.9043629000664416,0.8479917408190326,1.5906199301902613,8.899901676417093,0.6981077611443727,0.18253968253968253,0.769873654195959,0.009035162049595424,0.0028325019939439144,3,315104.0,0.03067484662576687,25.75,25.75,0.20058010913917704,51.0,22.5,0,254.2625,23997.75,0.33032128514056225,0.6466239526860522,1.0
2025-09-12,2025,0.06585318613209375,0.3292659306604688,0.03791887125220458,0.31958163858221966,0.3021702838063439,0.47575757575757577,5,0.9424242424242424,0.7647638741599735,1.6562560526825492,2.331570792175094,9.545859965136543,0.48497546554609305,0.2261904761904762,0.5384466395506489,-0.006392004347138713,-0.0011774090748652988,4,266464.0,0.1793265465935787,59.0,59.0,0.30699205888049585,79.25,8.5,0,258.15,24079.75,0.03067484662576687,0.20058010913917704,0.0
2025-09-15,2025,0.15212833390218927,0.4203032814861768,0.09425287356321839,0.364717928714223,0.2844364937388193,0.6737967914438503,2,0.7352941176470589,0.36252696049238503,2.052806085133359,2.701097079331022,9.99713784192306,0.4744148058877805,0.1984126984126984,0.6124140621190697,-0.00019506145659398122,-0.001281799416198881,0,126314.0,0.06422018348623854,30.25,30.25,0.20868886830172118,53.5,3.75,0,256.3625,24240.75,0.1793265465935787,0.30699205888049585,0.0
2025-09-16,2025,0.2829824222522696,0.4616573305002897,0.0934018851756641,0.2974695769750821,0.21973094170403587,-0.5487012987012987,2,0.30194805194805197,0.17567550114586578,2.4509368360054054,3.0768012362372037,10.346663125362175,0.4790840829319348,0.23809523809523808,0.4722812439636855,-0.004917283890758073,-0.0006033937914446952,1,61210.0,0.08357348703170028,10.75,10.75,0.17191423604404094,17.75,44.5,0,258.85,24302.0,0.06422018348623854,0.20868886830172118,0.0
2025-09-17,2025,-0.13031305675744465,0.38788495800458134,0.016706443914081145,0.4296258589972003,0.40344168260038243,-0.6872037914691943,2,0.12085308056872038,0.12448271938387462,2.5754135912445886,3.2966759989819328,11.008918299821833,0.5602298351081096,0.11507936507936507,0.40010180707559173,0.007510227898513078,0.0018137931588847467,2,41572.0,0.011552194917034237,-19.5,19.5,0.8337999490964622,73.0,204.75,1,245.5625,24208.25,0.08357348703170028,0.17191423604404094,0.0
2025-09-18,2025,1.025321710253217,1.1280614362806143,0.17587172308475438,0.8603154836031548,0.3422680412371134,0.4873341375150784,2,0.873341375150784,0.12262581043764008,1.928497301784976,2.749584889995849,10.645672478206723,0.7571968716185333,0.08333333333333333,1.2349522623495226,0.0068625110402269485,-0.00036212265001411836,3,40787.0,0.035194744251525106,-37.5,37.5,0.25633042756330426,32.5,61.75,0,240.9,24536.75,0.011552194917034237,0.8337999490964622,1.0
2025-09-22,2025,1.2716937471703806,1.8713214950450223,0.16213221716114737,0.3682277780572463,0.34701492537313433,0.8879781420765027,2,0.8989071038251366,0.7388869195320809,2.8673474520851148,3.7972735047034587,11.504834247195529,0.8831401926359145,0.14682539682539683,0.8591981488002414,-0.0031522202993519155,-0.0004409126841333766,0,239706.0,0.35015290519877673,126.25,126.25,0.5110921072488556,127.0,1.5,0,248.4875,24896.5,0.035194744251525106,0.25633042756330426,0.0
2025-09-23,2025,-0.08613434978466412,0.2108806494727984,0.006196746707978312,0.3178060492054849,0.36363636363636365,-0.6105919003115264,0,0.2803738317757009,0.8381871549308242,4.609425275976437,5.647680807880801,13.325231424186915,1.2637699540891894,0.17063492063492064,0.8286718479283204,0.006541546874416326,0.0012932796269127245,1,265145.0,0.2674315975286849,-148.0,148.0,0.6841245482896886,23.0,172.75,1,252.5125,24952.0,0.35015290519877673,0.5110921072488556,0.0
2025-09-24,2025,0.3162827020695041,0.40023428348301443,0.05193283873486919,0.44611479890667705,0.2564102564102564,-0.7417943107221007,4,0.13347921225382933,0.9237365123367643,3.4489457243264403,4.577137836782513,12.219767668879337,1.4820768536474485,0.21428571428571427,0.900039047247169,0.0032441803957469206,0.0010272796504262605,2,286235.0,0.16151501959077058,-81.0,81.0,0.6725888324873096,29.5,172.25,1,256.1,24800.25,0.2674315975286849,0.6841245482896886,1.0
2025-09-25,2025,-0.543369653137936,0.9601750963505734,0.18240343347639484,0.8364657182281011,0.2841565105837075,0.2434584755403868,1,0.9465301478953356,1.4688251899601654,2.8165294761383644,4.016253509064088,11.531065328067754,1.5248478297365502,0.29365079365079366,1.0324975020221727,0.00041956288488398386,-0.0009381375455166374,3,440450.0,0.018005912389142703,-14.0,14.0,0.6718370842651188,67.0,176.5,1,262.7125,24630.0,0.16151501959077058,0.6725888324873096,1.0
2025-09-26,2025,0.14212726428239666,0.665118439386902,0.006582884500299222,0.7923827217835578,0.6100104275286757,-0.5052754982415005,3,0.1242672919109027,1.402119945202208,2.1711100789595887,3.4217742684626042,10.813915466790519,1.4864078419302693,0.36904761904761907,1.0218300046446818,0.004987270271566646,0.0025348247388224943,4,434470.0,0.14275956284153005,167.25,167.25,0.7078495123084069,190.5,6.75,1,269.125,24546.5,0.018005912389142703,0.6718370842651188,1.0
2025-09-29,2025,0.5121281251454909,0.6918385399692722,0.15398886827458255,0.47208901717957075,0.34460887949260044,0.8067061143984221,0,0.8303747534516766,0.9336504591493433,2.3677545509567537,3.685534708319756,11.141659295125477,1.3918618107478145,0.35714285714285715,0.8082312956841566,-0.008698473698719122,-0.003333492654607584,0,289307.0,0.279833246482543,-144.0,144.0,0.5717212160715117,7.75,153.5,0,268.4875,24953.5,0.14275956284153005,0.7078495123084069,1.0
2025-09-30,2025,0.0419407110856925,0.3908111714803165,0.0014858841010401188,0.412734725002383,0.10925925925925926,-0.26558891454965355,5,0.6397228637413395,1.141809891974893,2.5329806500810275,4.01599466209131,11.713516347345339,0.7162427536407743,0.2876984126984127,0.6672385854541989,-0.0013759158631443391,0.0006737302898816022,1,339081.0,0.11522965350523771,38.25,38.25,0.2754742159946621,72.25,60.5,0,262.275,24791.75,0.279833246482543,0.5717212160715117,0.0
2025-10-01,2025,-0.24984736767951907,0.9139153712487671,0.08957617411225659,0.6452824872023669,0.29159212880143115,0.777292576419214,2,0.9956331877729258,1.0779158121319987,2.3236744470013564,3.924895505565208,11.55991170807307,0.50344731723984,0.34523809523809523,0.5316301131827361,0.00017957541155744217,-0.001551583334891804,2,334010.0,0.38461538461538464,128.75,128.75,0.5259944582726718,140.0,21.0,0,266.1625,24897.0,0.11522965350523771,0.2754742159946621,0.0
2025-10-02,2025,0.5391253757393581,0.6942693687578785,0.19933554817275748,0.6002133229904005,0.26258503401360545,-0.6187399030694669,4,0.35379644588045234,1.2153911442508305,2.808251721128667,4.671967419761463,12.630447008629885,0.644134518534769,0.24206349206349206,1.2062445457189954,-0.0009017205682151364,0.0007440021006515085,3,376609.0,0.06178489702517163,46.0,46.0,0.2918646368660914,54.0,75.25,0,257.825,25069.0,0.38461538461538464,0.5259944582726718,0.0
2025-10-03,2025,0.0735915668042365,0.49326239371488245,0.04583020285499624,0.4773507035950475,0.3355048859934853,-0.33125,3,0.35625,1.0006212352739001,2.8814081845755997,5.001441996917108,13.249689224802353,0.3619729207839657,0.15873015873015872,0.6971309233752673,0.010710118459244189,0.004091891179424323,4,310059.0,0.1346153846153846,-83.25,83.25,0.679230271990453,62.25,170.75,1,251.3875,25093.75,0.06178489702517163,0.2918646368660914,0.0
2025-10-06,2025,0.8192189777353369,0.9951248931999799,0.23800794378246257,0.42116902045534504,0.19032258064516128,-0.7756563245823389,6,0.15274463007159905,0.9452307512103701,2.2160124641905874,4.5058853093431095,12.91117756445695,0.6525613083755908,0.15079365079365079,0.9971352465195757,0.0029037098528326144,0.0015651697609656567,0,290511.0,0.2624821683309558,102.25,102.25,0.4824847967030205,120.0,22.75,0,248.7125,25133.0,0.1346153846153846,0.679230271990453,1.0
2025-10-07,2025,0.008300046687762618,0.630803548269959,0.0657937806873977,0.24070135394511594,0.14814814814814814,-0.2543103448275862,5,0.25862068965517243,0.8769499613536311,2.895419411734191,5.4351195725475945,14.182673652539297,0.7728718463878896,0.0873015873015873,0.5924158323390569,-0.004282891367307529,-0.0010706275630298911,1,260954.0,0.19262171152101604,-183.25,183.25,0.9845930383358407,1.0,237.25,1,240.9625,25222.5,0.2624821683309558,0.4824847967030205,0.0
2025-10-08,2025,0.1679467485919099,0.3481822836661546,0.014943960149439602,0.6461853558627753,0.5707472178060413,0.8431061806656102,0,0.8874801901743264,1.0163810023145194,1.7951356886840728,4.432401433691761,13.11740399385561,1.0053067980887547,0.11904761904761904,1.1479774705581156,-0.004136069346481808,-0.0026823743345960605,2,294658.0,0.23920994879297733,81.25,81.25,0.34715821812596004,84.75,40.5,0,244.125,25213.25,0.19262171152101604,0.9845930383358407,1.0
2025-10-09,2025,0.1377245508982036,0.39421157684630737,0.02874074074074074,0.4341317365269461,0.45930232558139533,-0.9264367816091954,2,0.020689655172413793,1.1412029291950232,2.4777944111776447,5.193892215568861,13.730973053892214,1.0506361209432489,0.1626984126984127,0.8972055888223552,-6.979323063038834e-05,-0.00032034019693383264,3,330845.0,0.06498363721365123,19.75,19.75,0.2694610778443114,46.5,67.5,0,250.5,25228.25,0.23920994879297733,0.34715821812596004,0.0
2025-10-10,2025,0.2616147947677041,0.42098932491354685,0.009295352323838081,0.3778880368866837,0.058011049723756904,0.27851458885941643,5,0.4854111405835544,1.0270084750732127,2.0132310930687116,4.885099984964662,13.54021951586227,1.0653600132695684,0.1626984126984127,0.6976394527138776,0.0001281670588375583,-0.0002267529225918885,4,297739.0,0.39900705513457013,-769.5,769.5,3.1453916704255,20.25,784.5,1,249.4125,25339.5,0.06498363721365123,0.2694610778443114,0.0
2025-10-13,2025,0.9132051799076938,1.659721288703679,0.06867454238608335,0.6784065958686204,0.366045142296369,0.14927344782034346,3,0.678996036988111,1.539169187572652,-0.7284133172021355,1.853528700094094,9.629972666577046,1.5183261643549446,0.48412698412698413,2.9860644351839407,0.0015158422383063641,0.0003986968173903538,0,446219.0,0.03443169196593854,52.0,52.0,0.40148765515078194,112.0,109.5,0,278.9625,24853.0,0.39900705513457013,3.1453916704255,1.0
2025-10-14,2025,-0.9162404916412393,1.8634234389101378,0.11773347324239244,1.044307877433495,0.3166001140901312,0.20411522633744855,1,0.9127572016460905,1.637626053328184,0.32141475783230655,2.789840560402249,10.33157419743006,1.5686665412721754,0.5476190476190477,0.8268511753835575,0.010217511419108316,0.0009882859418215428,1,479144.0,0.19692489651094028,195.25,195.25,0.8483389917916541,246.75,30.0,1,290.8625,24700.5,0.03443169196593854,0.40148765515078194,0.0
2025-10-15,2025,0.34433981328052377,0.9206644303439356,0.13556674188508938,0.7137372186072828,0.5104895104895105,0.47451868629671573,1,0.9513023782559457,1.3542134750851202,0.17136159721941557,2.4887847067857574,9.63173422786242,1.5479541370575511,0.5992063492063492,1.6942165460938445,0.0003448985754681555,-0.00036460807950944307,2,401116.0,0.17292870905587668,-182.25,182.25,1.433940912581336,6.0,443.5,1,309.2875,25107.0,0.19692489651094028,0.8483389917916541,1.0
2025-10-16,2025,0.36840295028088815,0.6871250047770092,0.05860805860805861,0.3424160201780869,0.09153318077803203,0.5736607142857143,4,0.8571428571428571,1.5304163554338777,0.15714449497459076,2.3337027553789147,9.139683570909925,1.4384461472606906,0.6468253968253969,1.3887721175526428,-0.009765262279373799,-0.0018225802058136065,3,465092.0,0.227594702802587,-353.25,353.25,1.4254595482860093,70.25,466.25,1,327.0875,25109.5,0.17292870905587668,1.433940912581336,1.0
2025-10-17,2025,-0.06130890825823608,1.3244201506869553,0.03588380482247959,0.8524154232530655,0.14511627906976743,0.4237435008665511,2,0.6429809358752167,1.5630453234805837,-0.4298271531984002,1.6783424434923915,8.281954498448812,1.437634976152731,0.6706349206349206,1.5851676761707787,-0.005429579278335095,-0.0024251957260903456,4,500881.0,0.20117969243732883,189.0,189.0,0.5805879745900429,196.5,183.25,0,338.45,24857.75,0.227594702802587,1.4254595482860093,1.0
2025-10-20,2025,0.21268739384092758,0.5811978435861458,0.0466159547493661,0.5029170666863599,0.39906103286384975,0.8942731277533039,0,0.9177679882525698,0.9004008392807454,0.3475371095192422,2.4385348201757657,9.08625286167935,0.8378876070634321,0.6706349206349206,1.1284247839893657,-0.0042588301155686015,-0.002162790900052558,0,299318.0,0.08531109685695959,48.25,48.25,0.2481352928144155,84.0,6.0,0,338.525,25271.0,0.20117969243732883,0.5805879745900429,0.0
2025-10-21,2025,-0.05568693264169654,0.35166679380578225,0.020073508623126943,0.3097108856510794,0.2542372881355932,-0.6798029556650246,3,0.2857142857142857,1.0752449782283355,1.1452437256846464,3.252071096193454,10.161831566099629,0.8371253887728077,0.6388888888888888,0.7330841406667175,0.0014495668186496058,0.0018414580293689697,1,357441.0,0.1199616122840691,80.75,80.75,0.35242962849950416,115.5,2.5,0,327.725,25232.0,0.08531109685695959,0.2481352928144155,0.0
2025-10-22,2025,-0.14716133529548447,0.4081790721090543,0.0019510080208107522,0.6219502749593371,0.20522674865488086,-0.7334993773349938,2,0.14570361145703611,1.1720168595331093,1.063860274184806,3.180048021067303,10.236426303152351,0.8592185819246372,0.6190476190476191,0.447680272635737,-0.0005584049348240638,0.0018821534526199946,2,394437.0,0.08885362951209837,-136.5,136.5,0.9689412129192162,73.75,312.75,1,322.775,25118.0,0.1199616122840691,0.35242962849950416,0.0
2025-10-23,2025,0.10385922964844772,0.5828071879553182,0.0024313997915943034,0.5409646206149363,0.4269293924466338,0.8052486187845304,2,0.9019337016574586,1.098813820668981,-0.0029140359397722415,2.013449396645121,8.830048193671317,1.1269990507524028,0.6587301587301587,1.4473045167557068,-0.002226617410513221,-0.003748830463522479,3,382674.0,0.13271719038817006,114.75,114.75,0.37733029476594315,126.25,42.5,0,334.5875,25162.0,0.08885362951209837,0.9689412129192162,1.0
2025-10-24,2025,0.566312255176273,0.7371759000186532,0.21291866028708134,0.3596343965678045,0.056708160442600276,0.2821576763485477,3,0.5850622406639004,0.9035522208918024,0.7796679723932081,2.8119231486662883,9.63541130386122,1.1062706518985344,0.6587301587301587,0.8640179071068831,-0.0005832075722655983,-0.0007852943601769358,4,314672.0,0.12330623306233063,56.25,56.25,0.20443947024808803,68.5,68.0,0,335.0625,25500.5,0.13271719038817006,0.37733029476594315,0.0
2025-10-27,2025,0.7644064044860917,0.45451191618091935,0.09187907528156491,0.2508669667232347,0.39571150097465885,0.6823529411764706,3,0.9117647058823529,0.7295655416578145,1.472994908876268,3.5109127130524582,10.285977274404196,1.07095798892814,0.6706349206349206,0.41024127499446617,-0.0062903462682273314,-0.0017018699169082385,0,245532.0,0.16653127538586515,59.25,59.25,0.21397476573452373,72.5,23.75,0,338.825,25873.75,0.12330623306233063,0.20443947024808803,0.0
2025-10-28,2025,0.34324197110684673,0.3468626670045983,0.0785508175697339,0.2042072486331873,0.24482758620689654,-0.2375886524822695,4,0.1595744680851064,0.7006392894868598,2.3727506426735174,4.412411745537497,11.11024294869474,1.0978533567557938,0.6904761904761905,0.43448350773018574,0.002544625140593282,-0.00083702689788967,1,235797.0,0.43478260869565216,173.0,173.0,0.5141388174807198,177.5,28.75,0,345.2375,26034.75,0.16653127538586515,0.21397476573452373,0.0
2025-10-29,2025,0.16542421015264466,0.41249556265530707,0.09521158129175947,0.20518281860134896,0.22483940042826553,0.5259515570934256,3,0.6885813148788927,0.7646599634506772,2.9109691160809414,4.969002484913026,11.605445509407174,1.0647407403599323,0.7023809523809523,0.5857294994675186,-0.002400442770246647,-0.0012666738445226144,2,254194.0,0.1180709534368071,-108.0,108.0,0.7284345047923323,4.5,256.5,1,352.125,26304.0,0.43478260869565216,0.5141388174807198,0.0
2025-10-30,2025,-0.20041366521646103,0.9150559874474004,0.02045929018789144,0.6789815277084373,0.01405152224824356,-0.32037815126050423,2,0.453781512605042,1.4296447653586195,2.7238071464232245,4.80078453747949,11.556044504671561,0.5477418512984844,0.6944444444444444,0.7959489337422438,0.012193518027738715,0.0036802187459527014,3,461430.0,0.10691080921441229,-99.75,99.75,0.28956565152271596,49.0,101.5,0,350.525,26049.5,0.1180709534368071,0.7284345047923323,1.0
2025-10-31,2025,0.7038329983426778,0.41115695193765645,0.03184199919387344,0.4019887866285835,0.19743589743589743,-0.543859649122807,1,0.4543859649122807,1.0967766921707716,1.8809548996791183,3.903621425297083,10.670926337317956,0.9141343259982999,0.7103174603174603,0.6713917980182658,0.007198639503785298,0.000857259609474692,4,353994.0,0.1354534746760895,-89.25,89.25,0.6601079022532529,61.25,234.0,1,354.4875,26121.75,0.10691080921441229,0.28956565152271596,0.0
2025-11-03,2025,0.5682533025791571,0.6716991682393234,0.14861660079051384,0.6947648004473335,0.8794402583423035,-0.8259557344064387,0,0.05331991951710262,1.0007899666929014,1.9526805060459893,3.944474732648354,10.746347941567066,0.8723658318949086,0.7222222222222222,0.8716013140420773,-0.006807518585201233,-6.582353307593714e-05,0,342690.0,0.051696284329563816,75.75,75.75,0.37883553505277134,135.5,17.75,0,357.675,26030.5,0.1354534746760895,0.6601079022532529,1.0
2025-11-04,2025,-1.018285873813512,1.2862925739810163,0.19169027384324835,0.6441931881630374,0.7557557557557557,0.5384615384615384,1,0.8786565547128927,1.0334297902635916,2.0341289782244556,4.003615298715805,10.875335008375204,0.6752780929070497,0.7222222222222222,0.7063093243997767,0.003850308685259707,0.00016563853579421028,1,359987.0,0.27130528586839264,-242.75,242.75,0.8137911781127862,24.5,291.5,1,358.2,25865.75,0.051696284329563816,0.37883553505277134,0.0
2025-11-05,2025,-0.21777972558406095,0.8441492768769173,0.002936378466557912,0.6209756262009911,0.5118733509234829,0.6677524429967426,3,0.9044516829533116,1.1094646735119864,0.5830495903988133,2.4534268280349276,9.15430671206554,0.8150129296541269,0.7579365079365079,0.8616795334254795,-0.0013977614898894597,-0.002121519722977583,2,394656.0,0.29829545454545453,165.25,165.25,0.49219566463270736,182.5,37.75,0,370.7875,25696.0,0.27130528586839264,0.8137911781127862,1.0
2025-11-06,2025,-0.4968368056705641,0.5485078334603027,0.025111206772851197,0.7432678612831639,0.3949329359165425,-0.8092691622103387,0,0.15151515151515152,1.3584526949045759,1.1290782021132086,2.9192143353979643,9.573942565665266,0.9815246412759545,0.7777777777777778,1.0354079030174557,0.0012653443154834187,0.004474583021444878,3,487296.0,0.025651988029072252,-55.75,55.75,0.6611241760789639,0.75,249.5,1,377.3875,25446.75,0.29829545454545453,0.49219566463270736,0.0
2025-11-07,2025,-0.6985785823147025,0.7284376846754378,0.08349252725025284,0.5716773972815776,0.23899102180418982,-0.8313384113166485,4,0.1632208922742111,1.3631010649542659,-0.12764766259214153,1.4804391776305588,7.776588597555289,1.0721675920896132,0.8055555555555556,1.2130260334048708,0.007814139850941593,0.00359068993283318,4,506161.0,0.1846120782290995,186.75,186.75,0.5231563559453828,207.75,210.25,0,401.8875,24919.25,0.025651988029072252,0.6611241760789639,1.0
2025-11-10,2025,1.0980441880368974,0.7626715694043809,0.14632799558255108,0.3613655815132976,0.49262536873156343,0.8035087719298246,0,0.9087719298245615,0.8309726667104185,-0.9207848606840551,0.7191555456937272,7.152695977430496,1.1683923865415735,0.8015873015873016,1.0600057057723398,-0.011959597036568015,-0.00231923400918288,0,322879.0,0.13043478260869565,71.5,71.5,0.5103496370494818,74.75,201.25,0,394.3375,25653.5,0.1846120782290995,0.5231563559453828,0.0
2025-11-11,2025,-0.29516884397337934,0.4837318215430121,0.07474964234620887,0.3450825733300468,0.39644970414201186,-0.6339285714285714,3,0.075,0.9480341636358984,0.5297017500616255,2.1134582203598726,8.427341631747597,1.627218100513776,0.8055555555555556,0.6803056445649495,0.0012689992309539155,0.0021507773243818473,1,352034.0,0.21723646723646722,158.5,158.5,0.4418289376386493,179.25,38.0,0,405.7,25516.5,0.13043478260869565,0.5103496370494818,0.0
2025-11-12,2025,0.26414853569833474,0.5136221527467619,0.09898641362950183,0.5589229885790851,0.3232963549920761,-0.9235159817351598,2,0.06735159817351598,1.1165552501435685,0.32141262043003893,1.9498117782173179,8.545032859056981,1.4465314219712333,0.7936507936507936,0.5544567089899828,0.006429885026251636,0.004544397492907137,2,400524.0,0.03010683068954354,-14.25,14.25,0.2233139794551139,61.0,87.5,0,391.825,25576.25,0.21723646723646722,0.4418289376386493,0.0
2025-11-13,2025,-0.22087568412822517,0.7486317435496482,0.033766233766233764,0.5753192598384155,0.20588235294117646,-0.7214043035107588,4,0.16874292185730463,1.3850755755281365,-0.04932238728172862,1.5746286161063365,8.380860698462346,1.379687728957261,0.7658730158730159,0.7603596559812353,0.0004350543569062726,0.0021614417177555634,3,496846.0,0.2164290274526495,-252.75,252.75,0.8235600729736774,23.25,316.0,1,383.7,25318.0,0.03010683068954354,0.2233139794551139,0.0
2025-11-14,2025,-0.8898993179603768,1.2945761610912634,0.16678481012658228,1.0451445274439752,0.6709440879926672,0.714108141702921,1,0.9546302050963331,1.628500699721784,-1.3799935043845404,0.18929522572263607,7.019168561221172,1.319973682824833,0.7698412698412699,1.2978239688210458,-0.00040818596104141847,-0.0050064800979985336,4,584166.0,0.08957006369426751,177.75,177.75,0.7366027931146476,283.5,11.25,1,384.875,25010.0,0.2164290274526495,0.8235600729736774,1.0
2025-11-17,2025,-0.4760115244895403,0.933859451334085,0.015991343032343393,0.7503444820243017,0.012311901504787962,0.2996661101836394,3,0.44156928213689484,1.411394592906884,-1.0414004760115227,0.4116998622071947,7.028426030314423,1.2978922596119244,0.7976190476190477,1.6723036452461482,-0.0037579677225435537,-0.001659892865874868,0,506287.0,0.2671345995045417,-334.25,334.25,0.8906426155580609,113.5,355.5,1,399.15,25087.5,0.08957006369426751,0.7366027931146476,1.0
2025-11-18,2025,-0.08539188777066178,0.8685574870387314,0.07859222016406457,0.9807868252516011,0.4207089552238806,-0.4975124378109453,0,0.21952736318407962,1.7878197454827978,-2.0051845074717902,-0.7119609637084445,5.746623970722779,0.8178162335939706,0.8055555555555556,1.2753888380603842,0.010919557087397891,0.002870922540810006,1,663872.0,0.150146526460955,199.25,199.25,0.7124123208295212,292.0,138.25,1,409.875,24518.25,0.2671345995045417,0.8906426155580609,1.0
2025-11-19,2025,-0.25102880658436216,0.6701940035273368,0.011551744670715732,0.9764844209288653,0.820285908781484,0.7766405779650812,0,0.868151715833835,1.2572103599099742,-1.9467666078777173,-0.8148383303938822,5.4195032333921205,0.8234433787130826,0.8134920634920635,1.0629041740152851,-0.007040853995802898,-0.00489928755265967,2,488496.0,0.14365120722598576,-227.5,227.5,1.0,12.75,425.25,1,425.25,24933.25,0.150146526460955,0.7124123208295212,1.0
2025-11-20,2025,1.1925685638454733,0.7419640224122678,0.09736334405144695,0.36626363904452963,0.2718631178707224,0.32045088566827695,3,0.7471819645732689,1.2422626169065905,-1.948274845178415,-0.8861220878796805,5.374632851666177,0.8794160086497629,0.8095238095238095,1.1324093187850193,0.004169078076150079,0.0005396088198843518,3,482824.0,0.4080082135523614,-962.75,962.75,2.492480094367443,49.0,1056.5,1,423.875,25261.0,0.14365120722598576,1.0,1.0
2025-11-21,2025,-0.20590216951893275,0.8360059291200647,0.034789704027891104,0.6236356286214796,0.357481673134972,-0.6266205704407951,3,0.043215211754537596,1.3840161975904826,-2.553618110766746,-1.7096024794502116,4.003818892332573,0.8052848846415054,0.8373015873015873,2.3835062660018864,0.00930025635608056,0.003994174341296786,4,550271.0,0.2846517917511832,456.0,456.0,1.2397251044333648,575.0,94.25,1,463.8125,24021.5,0.4080082135523614,2.492480094367443,1.0
2025-11-24,2025,0.09271488876803148,0.4418201123973791,0.017017731762465786,0.5303913189858338,0.2491961414790997,0.9287109375,2,0.962890625,1.1902514519336298,-1.9707093465931163,-1.29027011628208,4.191847305311685,0.8749244744378173,0.8571428571428571,1.3865796493408955,0.0008974092640499087,-0.004738647246526728,0,512971.0,0.26287505597850425,179.75,179.75,0.41540413850257685,200.5,13.5,0,482.6625,24760.0,0.2846517917511832,1.2397251044333648,1.0
2025-11-25,2025,-0.17031318131684922,0.3385743965937364,0.07255416940249508,0.5745504911893708,0.05518087063151441,-0.17232142857142857,8,0.7375,1.3417576203013173,-0.9013773822043275,-0.3622438248646982,5.068215046040991,1.0238457794361908,0.8611111111111112,0.9172288198630313,0.011132071814567102,0.0033183280223971767,1,633480.0,0.27978501045088083,221.75,221.75,0.5186344166004053,252.75,47.25,0,487.3375,24808.5,0.26287505597850425,0.41540413850257685,0.0
2025-11-26,2025,0.3863298662704309,0.3510715994660891,0.12367491166077739,0.29566575163069486,0.053857350800582245,-0.0017035775127768314,4,0.5928449744463373,0.8913268461633612,-0.5840783740902138,-0.20393381519631534,5.126307703931297,1.0381709042896814,0.876984126984127,0.9252776588510843,0.00531441473508576,0.0018100589323749583,2,432347.0,0.15447154471544716,133.25,133.25,0.30976905835243157,153.75,29.0,0,496.3375,25221.75,0.27978501045088083,0.5186344166004053,0.0
2025-11-27,2025,-0.10707495246672671,0.10307215050535375,0.030430220356768102,0.0620434304012809,0.31601731601731603,-0.28225806451612906,3,0.18548387096774194,0.05642600915350678,0.15390773541479327,0.40565395777044194,5.709496647653357,1.0474287925797443,0.8809523809523809,0.4818372861002702,0.0005066397835018499,-0.0001300648332011045,3,27370.0,0.05555555555555555,7.0,7.0,0.02351646152306615,11.75,7.0,0,499.65,25292.75,0.15447154471544716,0.30976905835243157,0.0
2025-11-28,2025,0.12184242053478117,0.23858683184216564,0.15424610051993068,0.18760673956819862,0.08217054263565891,0.25271739130434784,6,0.5788043478260869,0.20484682307343421,0.11042287986541553,0.2553388901633915,5.672863296882565,0.6410431317608535,0.8571428571428571,0.06576431903341745,0.0008444519297570174,0.0010219481288200605,4,99363.0,0.3102930127723516,102.0,102.0,0.23960643368764498,117.5,15.25,0,490.3875,25382.75,0.05555555555555555,0.02351646152306615,0.0
2025-12-01,2025,-0.474397978652091,0.7193317176300728,0.13801756587202008,0.37281493322332804,0.03937007874015748,0.18533886583679116,3,0.4384508990318119,0.7705479734465839,0.549760222760787,0.5991955860362007,6.086018150879186,0.6357889091856258,0.8412698412698413,0.352188934151498,0.0006945354565355277,-0.0008494889341497114,0,373762.0,0.0982443033246171,121.75,121.75,0.4279894807404734,207.5,22.0,0,484.825,25288.25,0.3102930127723516,0.23960643368764498,0.0
2025-12-02,2025,0.16906040440893091,0.4090336836155289,0.06993759414676134,0.37614655327458185,0.08794197642792384,0.319672131147541,1,0.4344262295081967,0.8254834453469674,0.46576398345365955,0.42755324888877144,5.878014439505667,0.5202301686219198,0.8412698412698413,0.5893990390791604,-0.008274188259928872,-0.0033906254426161464,1,400409.0,0.07061728395061728,78.5,78.5,0.28159605354435907,119.25,137.0,0,486.5125,25550.75,0.0982443033246171,0.4279894807404734,0.0
2025-12-03,2025,-0.28387915312029177,0.5450268284302064,0.10309930423782417,0.31612613326989664,0.3448559670781893,0.5535117056856187,1,0.9882943143812709,0.8262297447738424,0.942114027436362,0.8685644807443258,6.475101102212354,0.5688546309972662,0.8214285714285714,0.5418549943171305,0.002486081155405939,-0.0002805479438443559,2,400771.0,0.1608548931383577,100.25,100.25,0.22044247085877408,104.25,56.0,0,472.9125,25577.75,0.07061728395061728,0.28159605354435907,0.0
2025-12-04,2025,0.07242877836793819,0.2784484146145179,0.06265790803436079,0.41472181984012013,0.15579227696404793,-0.5976714100905562,3,0.3945666235446313,0.8036737723168268,1.0804227694618824,0.9449648586297585,6.637727345887654,0.4370526813976562,0.8055555555555556,0.5408015451472719,0.011392787739905708,0.002274331052877665,3,389830.0,0.057455058160028195,-8.25,8.25,0.23445463812436287,58.0,109.25,0,465.975,25596.25,0.1608548931383577,0.22044247085877408,0.0
2025-12-05,2025,0.20660342837841641,0.3974441973710136,0.03962053571428571,0.46668730824443383,0.35140018066847334,0.8455971049457177,2,0.9384800965018094,0.756831237003795,0.9088299040166602,0.745100909167674,6.718360683423877,0.4924340328438182,0.7896825396825397,0.5094716694345146,-0.0027162071607957916,-0.002642777263146767,4,346315.0,0.18829831067161104,-131.0,131.0,0.45936893067244633,3.25,204.0,0,444.0875,25855.0,0.057455058160028195,0.23445463812436287,0.0
2025-12-08,2025,0.15920750044224305,0.3136977416121233,0.07002987056090275,0.4811604457810012,0.5240274599542334,-0.36764705882352944,1,0.2928921568627451,0.7819876656127943,1.199834895925469,1.0535644790376821,7.308670912200008,0.4704723430304406,0.7658730158730159,0.5112329736423138,-0.0011419217009523974,0.0003664541907355545,0,325744.0,0.16632443531827515,-113.25,113.25,0.36028067692670557,6.5,152.75,0,423.975,25716.5,0.18829831067161104,0.45936893067244633,0.0
2025-12-09,2025,0.03801698500781801,0.3446055737805439,0.1047769860121404,0.2697979581199988,0.4918032786885246,0.3340909090909091,1,0.8681818181818182,0.7043612069358722,0.9664592083882603,0.7604868626789744,7.250078180090133,0.5839886247223471,0.746031746031746,0.7284544869239967,0.004719472098398958,9.823861828328617e-05,1,293408.0,0.10125260960334029,45.75,45.75,0.20357482294509,83.0,20.0,0,407.7125,25655.5,0.16632443531827515,0.36028067692670557,0.0
2025-12-10,2025,-0.13356005565002319,0.32277013448755604,0.03773584905660377,0.2621734425722677,0.04669260700389105,-0.3584905660377358,8,0.39858490566037735,0.7187889350608198,1.2137270057195821,0.9661709692378999,7.496725923635803,0.45628733763034834,0.7380952380952381,0.44149018395424333,0.0019965733905118466,0.0013355162724830727,2,299418.0,0.2548651817116061,248.5,248.5,0.6257535940639976,253.0,81.0,1,404.3125,25609.25,0.10125260960334029,0.20357482294509,0.0
2025-12-11,2025,-0.5283877714215415,1.010026450144553,0.0685878962536023,0.6384941871193947,0.011325028312570781,-0.24855491329479767,1,0.7254335260115607,1.2328817766510867,1.5560989112382357,1.3052715753213975,7.779907116934242,0.5223591908072427,0.7420634920634921,0.8217998400688934,0.0073160557066832554,0.0037529300837894075,3,513568.0,0.11543319019954534,114.0,114.0,0.355539152365135,144.5,122.75,0,406.425,25578.5,0.2548651817116061,0.6257535940639976,1.0
2025-12-12,2025,-0.3303882528621204,0.5014932802389248,0.12339906485057939,0.8094823295171727,0.4735186156266387,-0.6510376633358954,3,0.16218293620292082,1.1749644108037516,1.0846814335490311,0.8802762568442003,7.396537456445991,0.6744033268592745,0.7261904761904762,0.8281483325037332,0.0021947044675307836,0.002556759235929573,4,489442.0,0.117003367003367,-123.5,123.5,0.5730462916874066,53.5,230.25,0,401.8,25348.0,0.11543319019954534,0.355539152365135,0.0
2025-12-15,2025,0.46202750763226635,0.6987064488716834,0.218957345971564,0.9454568344191608,0.5586398334489937,-0.7769640479360852,0,0.21770972037283623,0.604574622082346,-0.08563874988197709,-0.29858055581783055,6.244578730368549,0.9908969768486554,0.7182539682539683,1.2658546564693292,0.0005111219761024799,0.0044239515974854315,0,251841.0,0.03446636558117423,19.75,19.75,0.3789380920907689,150.5,39.25,0,397.1625,25116.25,0.117003367003367,0.5730462916874066,0.0
2025-12-16,2025,-0.37647511544381734,0.7927142124166239,0.06811064718162839,0.5849153412006157,0.04823151125401929,0.14144736842105263,3,0.37280701754385964,0.30487530891934395,-0.363391482811702,-0.5261672652642343,6.0781618778860995,1.083779561643712,0.6984126984126984,0.9633145202668034,-0.00026150404018299156,-0.002943690385521114,1,122130.0,0.08602620087336245,73.25,73.25,0.27578245253976397,107.5,95.25,0,389.8,25021.5,0.03446636558117423,0.3789380920907689,0.0
2025-12-17,2025,0.22816446305516172,0.6343763394770682,0.06642961047357362,0.515018629034917,0.4274385408406027,-0.7976952624839949,0,0.07682458386683738,0.150187474928471,-0.5321969072504882,-0.6527350060997702,6.082900853968145,0.9954257792042783,0.6666666666666666,0.6284414256981766,0.00859966045725169,0.003358432203528827,2,59342.0,0.24644549763033174,-296.5,296.5,0.8711134557684065,7.75,330.25,1,379.1125,25025.5,0.08602620087336245,0.27578245253976397,0.0
2025-12-18,2025,0.8367541295852353,0.9970115923943385,0.1957636935297038,0.5306886473350629,0.22424242424242424,0.4034653465346535,3,0.9938118811881188,0.16787761003258284,-1.494006764966666,-1.5812945387672037,5.0372106006370885,0.7553241226238625,0.6666666666666666,1.3411710617056911,-0.0009948711287572909,-0.0003439499795134804,3,64095.0,0.08491978609625668,-74.0,74.0,0.46106860201635413,49.25,175.5,0,380.6375,25129.0,0.24644549763033174,0.8711134557684065,1.0
2025-12-22,2025,2.085819018184432,2.3266010206281895,0.2756718277273536,0.3723136634801984,0.164366373902133,-0.8223938223938224,2,0.06563706563706563,0.9011980663179077,-0.80647595773737,-0.7821174441170154,6.3801732192913105,1.356383595329516,0.5436507936507936,0.718752246100769,0.011703534047913466,0.0034447866253553006,0,324466.0,0.09523809523809523,7.75,7.75,0.1645942643570761,57.25,44.5,0,347.825,25674.0,0.08491978609625668,0.46106860201635413,0.0
2025-12-23,2025,-0.10672738268881853,0.36998825998790424,0.07573891625615764,0.35291187875769325,0.07068366164542295,0.3689516129032258,2,0.5060483870967742,0.872691236930091,0.8140453235618527,0.9462449749190609,8.009544985591802,1.4809685546388955,0.5595238095238095,0.47102351559998573,-0.0017059890596085037,0.0007812812747816089,1,293250.0,0.4315068493150685,109.0,109.0,0.33085488633533744,116.25,2.75,0,351.3625,25690.0,0.09523809523809523,0.1645942643570761,0.0
2025-12-24,2025,-0.009667943330978321,0.1613802848324843,0.029827315541601257,0.17625404380322016,0.022556390977443608,0.350210970464135,4,0.5864978902953587,0.436163700958152,1.0718402558286542,1.2846316885434905,8.627962666864981,1.5361737080555804,0.49603174603174605,0.5324805711523445,0.0009555476088056736,0.0009199896146023789,2,141799.0,0.28942807625649913,45.25,45.25,0.22533744840664854,75.75,1.25,0,336.1625,25816.5,0.4315068493150685,0.33085488633533744,0.0
2025-12-26,2025,0.1176562867675896,0.25335320417287627,0.026816608996539794,0.3161032237822574,0.034578146611341634,-0.062034739454094295,2,0.5831265508684863,0.6711375832686846,1.1969174052866869,1.4911757784924353,9.199364656051458,1.499805803286523,0.44047619047619047,0.3466938583418307,-0.0060013646249365005,0.0005635077439416492,4,209356.0,0.039655172413793106,-20.0,20.0,0.14040316887599028,18.0,44.75,0,318.725,25893.0,0.28942807625649913,0.22533744840664854,0.0
2025-12-29,2025,-0.5415986949429038,0.7748776508972267,0.16764480734881348,0.5130505709624796,0.1259124087591241,0.3052464228934817,2,0.5945945945945946,1.0039370742848661,1.196859706362158,1.5254812398042457,9.496044045676994,1.0820537687330234,0.39285714285714285,0.32871125611745516,-0.003048391075164081,-0.0010759711055579047,0,297580.0,0.018161180476730987,2.0,2.0,0.34991843393148453,19.5,107.25,0,306.5,25755.0,0.039655172413793106,0.14040316887599028,0.0
2025-12-30,2025,-0.20521794463888005,0.2258988227807827,0.04934109714986209,0.32214444797963726,0.16905444126074498,-0.012345679012345678,3,0.17530864197530865,0.830568946629637,0.7253420299077268,1.0548679605472422,8.795120108176905,1.20707013012638,0.4166666666666667,0.544066178810054,-0.004641187663247726,-0.0009226056284727946,1,247924.0,0.016906700062617408,1.75,1.75,0.32691695832007633,102.75,13.0,0,314.3,25691.25,0.018161180476730987,0.34991843393148453,0.0
2025-12-31,2025,-0.04511762810183693,0.5349661617789236,0.005145797598627788,0.3996132774734128,0.4084507042253521,-0.6854838709677419,0,0.20766129032258066,0.7798183578504451,0.4948839832420238,0.8205607476635481,8.609224943602968,0.3913014725945907,0.3968253968253968,0.3883338704479536,0.00037195750859986276,0.0005744150844279039,2,232775.0,0.16906296479920674,-95.0,95.0,0.3544956493715759,40.75,110.0,0,310.3,25594.0,0.016906700062617408,0.32691695832007633,0.0
2026-01-02,2026,0.6127360992126626,0.9619385632113572,0.23002297676793465,1.1300126463509157,0.30360021493820527,-0.43032490974729243,2,0.23249097472924188,1.5205723297258151,-0.14649369722188463,0.18610533186472958,7.987769754823976,0.41686938615707075,0.38492063492063494,0.6796393750254967,0.0038896758066424564,0.0024806747453346434,4,449320.0,0.11833665118336652,-115.5,115.5,0.889324032146208,66.0,272.5,1,306.4125,25537.75,0.16906296479920674,0.3544956493715759,0.0
2026-01-05,2026,0.6891438382892375,0.751580426129712,0.15957659277012182,0.47685943963162414,0.4851228978007762,0.26677577741407527,3,0.9509001636661211,1.3427988385550975,-0.34742058846483587,-0.06841489112620268,7.314914539920398,0.31481864782854985,0.4444444444444444,1.6803246702567705,0.006623127574451493,0.0014393181212013495,0,396789.0,0.104,-84.0,84.0,0.42222742527120893,24.25,135.25,0,320.325,25683.75,0.11833665118336652,0.889324032146208,1.0
2026-01-06,2026,0.11257326967120843,0.45805675245526184,0.0530237890513041,0.5279298163891154,0.5795148247978437,0.7058823529411765,1,0.8661764705882353,1.2556430925839441,0.21777104926051008,0.44476534296029246,7.735460579946434,0.5793916918296569,0.44841269841269843,0.5263770816350297,-0.001318258613292267,-0.001406004730848176,1,371035.0,0.1315042573320719,55.25,55.25,0.3633399324560382,65.25,117.0,0,322.0125,25756.0,0.104,0.42222742527120893,0.0
2026-01-07,2026,-0.06448605391966436,0.3659389324838785,0.05912930474333983,0.36438505166653723,0.4275618374558304,0.7846481876332623,2,0.9530916844349681,1.1493803596688934,0.8405329811203527,1.0691632351798581,8.313973273249937,0.7183104007344208,0.44841269841269843,0.6603993473700568,-0.010916468128371437,-0.0037102869645553316,2,339635.0,0.03696098562628337,-13.0,13.0,0.35894646880584263,115.5,73.5,0,321.775,25882.5,0.1315042573320719,0.3633399324560382,0.0
2026-01-08,2026,-0.2608491305028983,0.561648127839574,0.0455245216626347,0.7308475638414539,0.1384083044982699,-0.5166130760986066,1,0.41264737406216506,1.5872809600194928,1.007167476108413,1.2408741970860144,8.479715650947831,0.7036855683819895,0.4444444444444444,0.7120476265079116,0.015713126077934514,0.005607780547162933,3,469032.0,0.010321797207043109,-11.0,11.0,0.2569324768917437,37.75,82.0,0,319.15,25665.75,0.03696098562628337,0.35894646880584263,0.0
2026-01-09,2026,0.18712809270278735,0.6193235202004385,0.0,0.8244597557156279,0.39406559083810516,0.5707502374169041,5,0.9458689458689459,1.801694789065091,0.32606482931412234,0.5851550266207333,7.715573128719074,0.7203631852959184,0.44841269841269843,0.7305042279987473,-0.003371523974097901,-0.0020052679018145447,4,532390.0,0.2082456878418174,101.5,101.5,0.3492013780144065,111.5,103.75,0,319.3,25864.75,0.010321797207043109,0.2569324768917437,0.0
2026-01-12,2026,-0.6714372716199757,0.9835566382460414,0.10984848484848485,0.5770401948842875,0.17149758454106281,0.7691292875989446,0,0.7796833773087071,1.1498832491901145,1.2252207673568798,1.532186358099873,8.36094701583435,0.7888299858736201,0.49206349206349204,1.0977466504263094,-0.004595152215680187,-0.0020023294827609117,0,343239.0,0.2659225213394616,111.0,111.0,0.39281364190012186,129.0,28.0,0,328.4,25891.5,0.2082456878418174,0.3492013780144065,0.0
2026-01-13,2026,-0.16050378220635103,0.6151365050109434,0.025346112886048988,0.7103636293821756,0.6808769792935444,-0.45837837837837836,1,0.14054054054054055,1.5330827623680563,1.3251161540529124,1.6689014322466715,8.445628383826753,0.7867225399312999,0.4801587301587302,0.8501324732173712,0.000435241344257431,0.0006295848327889653,1,476824.0,0.0034108527131782944,-3.75,3.75,0.5583074146603694,181.75,38.25,0,325.5375,25844.25,0.2659225213394616,0.39281364190012186,0.0
2026-01-14,2026,-0.3200509533856136,0.7165319851916724,0.14439192092823377,0.8224194896699972,0.37983706720977595,-0.5682478218780251,3,0.23330106485963215,1.8279034026422483,0.8342820747581658,1.221209346761669,8.137430834759765,0.8188772597108176,0.42063492063492064,0.7547470244018949,0.0030924489179053882,0.0015418972225419436,2,568520.0,0.06015733456732994,-39.75,39.75,0.5477488953465228,41.0,172.0,0,314.0125,25593.25,0.0034108527131782944,0.5583074146603694,0.0
2026-01-15,2026,1.2131107392138454,1.275154087921956,0.21543188801638785,0.3820564104657333,0.0755750273822563,-0.1623931623931624,5,0.5876068376068376,1.4153326281336107,-0.13543409935098916,0.3463161761704569,7.3074492836442255,1.0087357333895923,0.38492063492063494,1.2082125801053103,0.0069394188739799745,0.0006615464646432256,3,440201.0,0.21822033898305085,-155.25,155.25,0.5714518959957549,33.75,175.0,0,306.2375,25906.0,0.06015733456732994,0.5477488953465228,0.0
2026-01-16,2026,0.3821138211382114,0.5650406504065041,0.15910276473656756,0.7967479674796748,0.5705437026841018,-0.860204081632653,1,0.04591836734693878,1.3146946021764763,0.4066260162601579,1.0094796747967507,7.819573170731705,1.0247563382052,0.4007936507936508,0.7260162601626017,0.005138025773124055,0.004430909068188993,4,436545.0,0.16149635036496351,64.5,64.5,0.31138211382113823,95.75,67.25,0,307.5,25657.5,0.21822033898305085,0.5714518959957549,0.0
2026-01-19,2026,-1.3810309444287956,0.9705846847209368,0.08955465587044534,0.34606253269486137,0.3607681755829904,0.3627906976744186,1,0.8906976744186047,0.4031109692271195,0.20900567381594068,0.900358134481514,7.536944187356645,0.770095593849571,0.4126984126984127,0.9689750915456119,0.0009477918754474679,-0.0007444226155501887,0,137637.0,0.3408624229979466,65.75,65.75,0.2768500261558891,86.0,33.75,0,310.6375,25332.0,0.16149635036496351,0.31138211382113823,0.0
2026-01-20,2026,-0.5017776341305753,1.110213316095669,0.07289858666005455,0.516321913380737,0.10372881355932204,0.8935837245696401,6,0.9561815336463224,1.446870140025832,-0.9462265675500994,-0.1140756302520952,6.395075145442791,0.8992612808995407,0.4087301587301587,0.5874272786037492,0.006902062063493419,-0.0012166832742874778,1,494015.0,0.27900027166530833,-263.75,263.75,0.867808661926309,44.75,268.5,1,309.4,25385.25,0.3408624229979466,0.2768500261558891,0.0
2026-01-21,2026,0.2478519497686715,0.7633840052875082,0.020074119827053736,0.9823198942498347,0.9305816135084428,0.7224558452481077,1,0.9512195121951219,1.3171276008926547,-1.8913995373430317,-1.011748182419031,5.499380370125576,0.9556463158559322,0.38492063492063494,1.0351949768671513,-0.0018033316926138188,-0.0023940828046571383,2,470395.0,0.10641979581242429,177.25,177.25,0.8873099801718439,242.0,268.5,1,302.6,25411.25,0.27900027166530833,0.867808661926309,1.0
2026-01-22,2026,0.4834224598930481,0.8778609625668449,0.12633912079793128,0.6759358288770053,0.13201820940819423,-0.540506329113924,1,0.4468354430379747,1.274721811248411,-0.34455614973261783,0.5174588235294107,7.150536898395724,1.576735099262053,0.3611111111111111,1.7959358288770053,0.008944969063016117,0.002567525187617048,3,489381.0,0.02833590932509016,24.5,24.5,0.3362566844919786,98.25,21.5,0,292.1875,25623.0,0.10641979581242429,0.8873099801718439,1.0
2026-01-23,2026,-0.13817220350547998,0.6541856795598959,0.012017479970866714,0.7224188664761824,0.5660377358490566,0.7804014167650531,3,0.9905548996458088,0.9766744186604651,-0.11633758369226335,0.7224018081794498,7.2163418482664525,1.519815784436331,0.36507936507936506,0.6738027207983283,-0.013468924199051213,-0.004434568053205412,4,406948.0,0.06670842467898529,-46.75,46.75,0.3053435114503817,73.25,89.5,0,293.1125,25772.25,0.02833590932509016,0.3362566844919786,0.0
2026-01-26,2026,0.07622519574133145,1.160777165582667,0.18317935648295636,0.6048303575127387,0.4182242990654206,0.6109589041095891,0,0.8534246575342466,0.8363507462421146,0.1680682712622775,0.95690790836406,7.148639131695599,1.5305866082931554,0.3888888888888889,0.9379013215129044,-0.004554054646282446,-0.000809096062020398,0,352728.0,0.0396093326098752,21.75,21.75,0.24110360826877666,72.75,27.0,0,301.7375,25860.0,0.06670842467898529,0.3053435114503817,0.0
2026-01-27,2026,0.327789046653144,0.6612576064908722,0.1583788444955447,0.5200811359026369,0.47357293868921774,0.5678627145085804,1,0.9765990639625585,0.9115594320284816,0.6702636916835747,1.4234158215010146,7.393371196754566,1.2566146951591655,0.42063492063492064,0.7415821501014199,-0.0057110687903150215,-0.0018223722684009847,1,384447.0,0.09840201850294365,36.5,36.5,0.12332657200811359,38.0,37.0,0,308.125,26073.75,0.0396093326098752,0.24110360826877666,0.0
2026-01-28,2026,0.4637399164943857,0.7766832867161214,0.0999131190269331,0.35996594916697067,0.21021611001964635,-0.5225225225225225,4,0.009009009009009009,0.8157601782113189,1.353480076209005,2.095553123353192,8.01482427337954,0.7729736875293891,0.4246031746031746,0.6307511451619441,-0.006265325987888315,0.0008921024423527157,2,344044.0,0.03560098695805428,2.25,2.25,0.30645749726377236,33.0,94.5,0,308.3625,26195.25,0.09840201850294365,0.12332657200811359,0.0
2026-01-29,2026,-0.20555888822235552,0.667866426714657,0.0787037037037037,1.5756848630273945,0.6532786885245901,-0.8822335025380711,0,0.028426395939086295,1.621969595479749,1.5337332533493324,2.2819276144771012,8.070953809238157,0.3182170661024483,0.45634920634920634,0.6542691461707658,0.005842638858458371,0.004616349910584572,3,684060.0,0.21072412929090453,170.25,170.25,0.6390721855628875,199.75,162.75,0,312.5625,25698.75,0.03560098695805428,0.30645749726377236,0.0
2026-01-30,2026,-0.10367331717322394,1.1038597799738952,0.045172380861426796,0.5041954130151035,0.23646333104866346,-0.1760355029585799,5,0.20266272189349113,1.1374605644051983,0.394965504381878,1.0812754055565923,6.431504754801412,0.9426996541436162,0.5634920634920635,1.91310833488719,-0.004229254029489038,0.0010797974133229804,4,498632.0,0.21290846356809418,-188.5,188.5,0.7033376841320157,129.75,235.75,0,335.1875,25804.5,0.21072412929090453,0.6390721855628875,0.0
2026-02-02,2026,-0.22567319461444307,1.4251835985312118,0.01600068452126294,1.1383108935128519,0.6581314878892733,0.896505376344086,0,0.9018817204301075,0.994883352761233,-0.3987148102815155,0.2798653610771087,5.711712056303554,1.063883012100274,0.5317460317460317,1.1337209302325582,0.0027111226508473862,-0.005027706093783113,0,436130.0,0.0536506655909641,-5.25,5.25,0.22414320685434516,73.25,72.5,0,326.8,25875.75,0.21290846356809418,0.7033376841320157,0.0
2026-02-03,2026,0.1922210542123442,0.4858086799819793,0.02507598784194529,1.4484156780297341,0.5810705973622964,-0.8994297563504406,0,0.06324520476931052,1.521779397909999,0.3323697251839572,0.9691094758972846,6.248806127046106,1.1356217008591962,0.5595238095238095,1.2276618110827453,0.020297866473356296,0.01001964018472623,1,667107.0,0.2010984368398817,-191.25,191.25,0.8492266106021925,131.0,282.75,0,332.95,25500.75,0.0536506655909641,0.22414320685434516,0.0
2026-02-04,2026,0.21054099274958168,0.5284439486893474,0.008416833667334669,0.7773284997211377,0.1904150620453573,-0.7524663677130045,4,0.242152466367713,1.2996338672265524,-1.185861684327942,-0.7210262130507565,4.140197992191855,1.2324987478090026,0.6587301587301587,2.0482431678750697,-0.002712262324749082,0.005348770071240683,2,590835.0,0.08754974417282547,-127.75,127.75,1.0910485220301172,95.75,391.25,1,358.6,25175.25,0.2010984368398817,0.8492266106021925,0.0
2026-02-05,2026,-0.7327172148795918,1.2229620060286859,0.11353637901861252,1.087813441982179,0.3893069306930693,-0.49634591961023145,1,0.040194884287454324,1.2963859884802118,-1.7122793070323665,-1.4096790221603872,3.1576567623968974,1.103353636666647,0.6706349206349206,1.596608036039617,0.0024441120991418597,0.0011121902894466462,3,608930.0,0.05411994149195514,181.0,181.0,0.8493159760177548,320.5,30.25,1,377.3625,24567.25,0.08754974417282547,1.0910485220301172,1.0
2026-02-06,2026,0.030292288356804486,1.631271953852599,0.1085874028129641,0.7308820212046019,0.16337522441651706,0.5837742504409171,2,0.7936507936507936,1.1523185240160934,-2.3204537398085803,-2.133041152395994,2.229541426315617,1.0832348467182589,0.7023809523809523,1.0937449647127067,0.0029187585932797244,0.00020735432071306015,4,545749.0,0.20470456454774574,171.0,171.0,0.5111018014243821,198.25,105.5,0,387.8875,24925.5,0.05411994149195514,0.8493159760177548,1.0
2026-02-09,2026,-0.09909852311233297,0.9698868358800589,0.09466393022062596,0.7640176459305671,0.45840504876649457,0.6242677824267783,0,0.9665271966527197,0.8829531502218599,-1.300012786906212,-1.228706604437061,3.030682181446195,1.421145239447918,0.7063492063492064,1.082411610510837,-0.003031757061359386,-0.0018916572345162308,0,418175.0,0.2978723404255319,156.75,156.75,0.4724761843871875,184.75,3.5,0,391.025,25244.25,0.20470456454774574,0.5111018014243821,0.0
2026-02-10,2026,-0.06174186909476441,0.35735445445757585,0.011434171839268212,0.48832205556768216,0.1206064782908339,0.15197956577266922,1,0.7905491698595147,1.081069953199841,-0.4334715769122847,-0.441236084692382,3.6419719978795726,1.4146329478096045,0.7222222222222222,1.1812030309644828,0.0005689006270681585,0.00025831029127010297,1,512005.0,0.20602276900477415,-154.75,154.75,0.40101032149427795,23.25,160.75,0,400.8625,25406.0,0.2978723404255319,0.4724761843871875,0.0
2026-02-11,2026,0.41906790278125783,0.7629666750187922,0.08866475989763661,1.0210473565522424,0.5410187667560322,-0.6993865030674846,2,0.18527607361963191,1.2142145667322375,-0.7367827612127268,-0.8159734402405383,3.2127662240040094,1.1216024018560475,0.7142857142857143,0.5055124029065396,-0.010881231919189327,0.0030738087639753386,2,582687.0,0.12314835286314393,173.75,173.75,0.5694061638687046,227.25,23.0,0,399.1,25133.5,0.20602276900477415,0.40101032149427795,0.0
2026-02-12,2026,0.09911859728364857,0.5382516232238638,0.05230043255996854,0.5614629403092751,0.4864864864864865,-0.7575418994413408,1,0.03240223463687151,1.0737630447104325,-0.5664502368181658,-0.6677456792446901,3.28540196355196,1.0266041898530613,0.7103174603174603,1.0225526175465012,-0.0045512076748858155,0.0033570179787256738,3,515286.0,0.20458519525937438,-305.75,305.75,0.9441360057714626,11.25,376.25,1,398.5125,25177.25,0.12314835286314393,0.5694061638687046,0.0
2026-02-13,2026,-0.3154767374192165,0.5990995130019297,0.02832699619771863,0.8588318172072651,0.3498134328358209,0.47004279600570614,3,0.9379457917261056,1.1680299696154957,-1.513124444852832,-1.6933688627523027,2.0807834849459366,1.1418813797856953,0.746031746031746,1.452418144506723,0.0027722174127624566,-0.0031191451903178624,4,574318.0,0.0028688524590163933,-83.25,83.25,0.45881956568348187,88.0,187.25,0,408.1125,24907.5,0.20458519525937438,0.9441360057714626,1.0
2026-02-16,2026,-0.1485866151244262,0.4077071756462914,0.010423053341508276,0.27542884754771685,0.3281045751633987,-0.5942982456140351,2,0.10087719298245613,0.31970075968597095,-1.4976745590722416,-1.7449504711282933,1.8816048562454686,0.9465094503773535,0.753968253968254,1.006885721188693,0.0010385556783827354,0.000913541207473112,0,158675.0,0.1211340206185567,51.0,51.0,0.184223242329065,76.25,24.5,0,413.9,24695.0,0.0028688524590163933,0.45881956568348187,0.0
2026-02-17,2026,-0.21960734960986658,0.8155046564309086,0.043132530120481925,0.9218474704253712,0.37555982085732564,-0.5310580204778157,3,0.040955631399317405,1.1296059928655404,-1.6751824817518228,-1.9678957966272368,1.7051818525044047,0.6606335073341715,0.6984126984126984,0.31965768940347344,-0.0029531583105691928,0.001925706152329676,1,560650.0,0.2761237594862814,348.25,348.25,1.0703498615655676,425.25,8.75,1,397.3,24464.25,0.1211340206185567,0.184223242329065,0.0
2026-02-18,2026,-0.00929022668153103,0.6447417316982534,0.034703504043126686,0.7995788430571039,0.5890887986070806,0.6615027110766848,3,0.8373353989155693,0.9131706042822497,-1.4458070110243988,-1.733766877245136,1.7827728229902122,0.7428886585714521,0.7222222222222222,1.090672612411743,0.004809902476890615,-0.003659480752433275,2,461442.0,0.2698176404912542,-145.25,145.25,0.39762170196952806,106.25,160.5,0,403.65,25022.25,0.2761237594862814,1.0703498615655676,1.0
2026-02-19,2026,-0.10861671560733795,0.6517002936440277,0.08363636363636363,0.4748823845158031,0.2629582806573957,0.5558510638297872,3,0.9361702127659575,0.9832788627370659,-1.2213697073032148,-1.562047298790693,1.9172807931546214,0.8193827768054996,0.6865079365079365,0.9510277540968078,0.0007001273824600585,-0.001442594876261527,3,496869.0,0.11155734047300313,-143.25,143.25,0.48119730984181114,23.25,190.5,0,395.8875,24938.5,0.2698176404912542,0.39762170196952806,0.0
2026-02-20,2026,-0.20166372573733302,0.7285102092261154,0.08030592734225621,1.0215528106881775,0.27826535880227155,0.5533621221468229,0,0.6477483035163479,1.0900372735215513,-1.3175258381648565,-1.724187043105623,1.6503277035543265,0.30409944482699136,0.6865079365079365,0.5388202672044367,-0.0028481048834969602,-0.003455162922667787,4,550816.0,0.0484688704116812,127.5,127.5,0.5047895134862617,200.25,60.25,0,396.7,24939.5,0.11155734047300313,0.48119730984181114,0.0
2026-02-23,2026,-0.21136958866122324,0.6217840086273302,0.04243602202785876,0.4942227699892158,0.47792408985282725,-0.6508728179551122,0,0.05610972568578554,0.9344693957213681,-0.5373286088430116,-0.9848713603450914,2.2232414111847167,0.5665503888594489,0.7261904761904762,1.140656293329225,-0.007198442309993336,-0.0003493304691893906,0,479986.0,0.20892095769104624,-165.5,165.5,0.4510861192420274,21.0,183.0,0,405.6875,24850.75,0.0484688704116812,0.5047895134862617,0.0
2026-02-24,2026,0.2884905546502505,0.33858410284265794,0.016143030723832667,0.7972720140020519,0.49160236041761235,0.6207418622255867,3,0.9560938682816048,1.0853146771460083,-1.3034280885991876,-1.829561228800769,1.2101605407689089,0.9163442674240592,0.753968253968254,0.8986661838372865,0.005066755791772959,-0.0019483723190274471,1,557467.0,0.006161971830985915,-5.25,5.25,0.17140442995956304,71.0,42.75,0,414.225,25009.75,0.20892095769104624,0.4510861192420274,0.0
2026-02-25,2026,0.36863905325443785,0.43846153846153846,0.13531490334649762,0.4834319526627219,0.3145833333333333,0.6719706242350061,0,0.6891064871481029,0.7657485379841381,-0.3914201183431953,-1.005538461538462,1.8986183431952626,1.0558422822908229,0.7579365079365079,0.9153846153846154,-0.015438954263014226,-0.00513038133593402,2,406243.0,0.25798101811906815,73.5,73.5,0.19289940828402366,81.5,32.75,0,422.5,25297.5,0.006161971830985915,0.17140442995956304,0.0
2026-02-26,2026,-0.06902552204176333,0.35672853828306267,0.030807982949040885,1.1136890951276102,0.9091940976163451,-0.978125,0,0.0203125,1.3209611370030205,0.5625290023201873,-0.14215777262181076,2.6650957076566124,1.1287100355669317,0.7738095238095238,0.515661252900232,0.009319484400437283,0.0059211575951769735,3,700793.0,0.06728411876872786,165.5,165.5,0.527262180974478,227.25,0.75,0,431.0,24871.75,0.25798101811906815,0.19289940828402366,0.0
2026-02-27,2026,-0.5225863596102746,0.7162680838500147,0.0974450386215092,0.5143194567463832,0.21203438395415472,0.6360505166475315,2,0.801377726750861,0.9397804973445739,-0.11741954532034592,-0.9283613817537603,1.8816681428993185,1.2999045411462868,0.753968253968254,1.133746678476528,-0.008798945359938859,-0.003611926741103444,4,498570.0,0.004967709885742673,14.5,14.5,0.1942722173014467,82.25,81.0,0,423.375,24954.5,0.06728411876872786,0.527262180974478,0.0
2026-03-02,2026,-0.7768501062333544,1.0156507167010804,0.040479444853327724,0.8199419457162522,0.1105807478122514,0.6525547445255474,0,0.7671532846715329,0.8960533818394304,-0.20495556154053154,-1.09831522877577,1.7022204267289098,1.2459310682689033,0.7420634920634921,0.6146572104018913,0.0018248726234968426,-0.0027556439264329047,0,475372.0,0.05031605562579014,99.75,99.75,0.5554059311129066,232.0,26.0,0,417.7125,24868.0,0.004967709885742673,0.1942722173014467,0.0
2026-03-03,2026,-1.026035958650514,1.5206895530345665,0.19029927760577917,0.7351677971624063,0.26180257510729615,-0.41579371474617244,2,0.177276390008058,1.133327364318802,-0.09887147892538384,-1.1014010248511603,1.6405171647759216,1.0525499107398126,0.746031746031746,1.1723586386659164,-0.004019306444064341,-0.0006481718878619258,1,601250.0,0.24650991917707568,368.25,368.25,1.0532863363052043,444.5,32.25,1,422.0125,24405.75,0.05031605562579014,0.5554059311129066,0.0
2026-03-04,2026,0.1892403352257367,1.0321107806914782,0.05353249899071457,0.8032200895136824,0.3077720207253886,0.7808526551982049,2,0.8982797307404637,0.8833092216562131,-0.5015169264966525,-1.569036676579259,1.1570003904959267,1.041426406782801,0.7341269841269841,1.2003244120032441,-0.0078032622408243935,-0.004981841308880908,2,468611.0,0.10104790419161677,36.0,36.0,0.24811510618485477,103.25,76.75,0,416.1375,25113.75,0.24650991917707568,1.0532863363052043,1.0
2026-03-05,2026,-0.3969007441888953,0.6878387896977306,0.06828147838797244,0.6804887759164548,0.27356853672643144,-0.04590459045904591,3,0.16021602160216022,0.9327775674078718,0.3967476189017854,-0.6530364744433853,2.051116283343034,1.0241481153294616,0.7142857142857143,0.9885768535816004,-0.004511600778684954,-0.002266614313051085,3,479117.0,0.0870712401055409,-56.25,56.25,0.49245092334548124,148.0,201.0,0,408.1625,24975.0,0.10104790419161677,0.24811510618485477,0.0
2026-03-06,2026,-0.5774700136020774,1.307035983677507,0.17208604302151076,0.6244590082849016,0.3665615141955836,0.6554455445544555,4,0.9465346534653465,1.0638972861984515,-0.19188203289229985,-1.1869420056881381,1.4547112649932026,0.946000672820342,0.6904761904761905,1.0739458390008656,-0.0018870343668244693,-0.004445902079268871,4,537574.0,0.0965898266336445,-100.75,100.75,0.308519846667491,70.25,124.75,0,404.35,24850.75,0.0870712401055409,0.49245092334548124,0.0
2026-03-09,2026,-0.7964379781763452,1.256741502571178,0.05511282610519252,0.5336761570299762,0.08703535811423391,-0.01645123384253819,6,0.5440658049353702,0.8745140142987903,-0.5744700865420814,-1.5714411137589408,1.0058948952715414,1.0210596992811642,0.6626984126984127,0.7757431330741252,-0.006073907543604706,-0.001952086057003588,0,441881.0,0.2307211988760537,239.25,239.25,0.8052176094318325,321.0,7.5,1,398.65,24429.0,0.0965898266336445,0.308519846667491,0.0
2026-03-10,2026,0.8146164750354387,0.7919357379114821,0.03157039894426962,0.4750354386517562,0.08442503639010189,0.33156498673740054,3,0.8567639257294429,0.9038972861984513,-0.6908174515671759,-1.7240132304299904,0.7618995117341295,1.06779243463888,0.6507936507936508,1.100645770987557,0.004645372421754557,-0.0006612623567949782,1,456728.0,0.04373320302956267,-7.25,7.25,0.4126634115608757,163.75,66.5,0,396.8125,25054.0,0.2307211988760537,0.8052176094318325,1.0
2026-03-11,2026,-0.028367938194109127,0.5510622887493964,0.020266518600777345,0.5347658136166104,0.3124544792425346,-0.29571106094808125,3,0.04966139954853273,0.8630564002415015,0.2766779333655204,-0.7035369386769649,1.6001237324963824,1.1996409288472383,0.7380952380952381,0.7852486721390632,0.0033249706463862605,-0.0004385027689243204,2,429560.0,0.08683752177158498,-48.0,48.0,0.2909222597778851,120.5,95.75,0,414.2,24969.5,0.04373320302956267,0.4126634115608757,0.0
2026-03-12,2026,-0.35623720631816935,0.6195961015551007,0.06666666666666667,0.5963765237847912,0.5189558732131759,-0.6977459016393442,3,0.060450819672131145,0.9380389105855015,0.021111484525375278,-0.9806605358834097,1.2717943234242741,0.9740304347318905,0.7261904761904762,0.7485258623323455,0.0003669895699327519,0.0022260073498520105,3,458164.0,0.01068566340160285,-11.25,11.25,0.31713054902080595,129.75,44.5,0,409.1375,24605.5,0.08683752177158498,0.2909222597778851,0.0
2026-03-13,2026,0.12892270926356833,0.8496320986101503,0.05201863354037267,0.4880196214074587,0.08742331288343558,0.22551546391752578,2,0.40335051546391754,0.9458024841961707,-0.7666184516697063,-1.7870071064712938,0.4448808251053386,1.0940056361882549,0.6626984126984127,0.688635934846865,-0.0032903234532336567,-0.001402399254864406,4,453561.0,0.22049898853674982,-273.0,273.0,0.8458587510219484,1.75,336.25,1,397.525,24689.25,0.01068566340160285,0.31713054902080595,0.0
2026-03-16,2026,0.599818426572332,1.051247534671133,0.16181448882870683,0.3575118179256801,0.07540394973070018,0.10157618213660245,3,0.3309982486865149,0.39312134555767536,-1.1579375763077946,-2.174523369752367,-0.04138621920295891,1.0864118015989903,0.6825396825396826,1.132016404220017,-0.0011849942510598899,0.0004571070105168218,0,187615.0,0.08760330578512397,39.75,39.75,0.36565131640735055,146.0,68.0,0,399.2875,24670.25,0.22049898853674982,0.8458587510219484,1.0
2026-03-17,2026,0.7063896987366375,0.7215743440233235,0.09330070357907617,0.3650388726919339,0.07117852975495916,0.47420965058236275,2,0.7171381031613977,0.6090463064529816,-0.4052478134110769,-1.3525631681243928,0.6347394314868825,1.2221836690931716,0.7420634920634921,0.5199222546161322,0.0019146372325260508,-0.0018850575611613074,1,290664.0,0.064352856109906,-67.25,67.25,0.30612244897959184,20.0,126.0,0,411.6,25072.0,0.08760330578512397,0.36565131640735055,0.0
2026-03-18,2026,-0.18484062833612933,0.8485587921305475,0.061224489795918366,0.4581363428397133,0.3174721189591078,-0.48868175765645805,5,0.1384820239680426,0.7098326982583373,0.28876010370596666,-0.5998718926338243,1.3164129937471363,1.0932475164986555,0.7380952380952381,0.4111636419094098,8.534183554087527e-05,0.00046922064158638754,2,335035.0,0.08117154811715481,-73.0,73.0,0.24462406588378832,94.5,100.25,0,409.8125,24837.25,0.064352856109906,0.30612244897959184,0.0
2026-03-19,2026,-0.8309119010819166,0.801854714064915,0.08123635527978858,0.5483771251931994,0.4468684025334272,0.3945885005636979,3,0.8635851183765502,0.9247772470478811,-0.28816074188562957,-1.148018547140648,0.7026244204018518,1.1300274195119666,0.7103174603174603,0.6479134466769706,0.0050746760528432855,-0.0011120320903090786,3,436487.0,0.1637912673056443,142.0,142.0,0.4346213292117465,175.75,138.5,0,404.375,24515.75,0.08117154811715481,0.24462406588378832,0.0
2026-03-20,2026,-0.4089610584874455,0.8221320102240265,0.06646333714576184,0.602014734626372,0.2285143237841439,-0.6913086913086913,2,0.2957042957042957,0.88109843273718,-0.5199819576003644,-1.3250097729664734,0.3907231995188711,0.978152936267716,0.7698412698412699,0.8834761689971433,,,4,408290.0,0.23276608018459763,-228.25,228.25,0.5996090813411518,44.25,249.25,0,415.6875,24314.75,0.1637912673056443,0.4346213292117465,0.0
2026-03-23,2026,0.96645249163533,2.346845112960057,0.12138997036434424,0.6099546975394545,0.38181818181818183,0.5466019417475728,2,0.7873786407766991,0.7971585717221268,-1.7490302904687176,-2.5687857164006744,-0.9951677375418264,1.2895710338505801,0.7857142857142857,1.0079057235069433,0.0017555079423594577,-0.0012403303048378334,0,364657.0,0.09256844850065189,-141.5,141.5,0.7822817043200189,53.75,330.25,1,422.1625,24635.25,0.23276608018459763,0.5996090813411518,0.0
2026-03-24,2026,-0.5510263081815554,0.7250650477016479,0.05061406773353182,0.4215091066782307,0.18922470433639949,-0.12757201646090535,4,0.5349794238683128,0.8504200314405644,-0.7436831454177492,-1.4964324949407353,-0.06023128071696921,1.3676094779453212,0.8174603174603174,0.8904307603353571,0.00718569586016693,0.00391791111794737,1,387064.0,0.09113300492610837,83.25,83.25,0.3527030933795895,152.5,72.0,0,432.375,24232.25,0.09256844850065189,0.7822817043200189,1.0
2026-03-25,2026,0.2665195679944257,0.510393682499129,0.005295986818877251,0.4587155963302752,0.10892857142857143,0.33544303797468356,2,0.850632911392405,0.9206671118844102,-1.0808268493786983,-1.8459412379514584,-0.5016229241667658,1.2477390075195838,0.8134920634920635,0.5806526535826269,0.0015196755240665105,-0.002561691260177801,2,412202.0,0.12687312687312688,-145.0,145.0,0.4860062710486587,22.75,209.25,0,430.55,24496.5,0.09113300492610837,0.3527030933795895,0.0
2026-03-26,2026,-0.4613433232058052,0.821804666529011,0.10121982870490527,0.41355712220878443,0.18121693121693122,0.19971469329529243,4,0.7132667617689016,0.864797496655283,-0.8928940149258134,-1.7338249609156062,-0.4540574024365029,1.3210912678202664,0.7976190476190477,0.5634052092858618,0.01008954615511981,0.002077552082152101,3,387188.0,0.3951990632318501,-354.0,354.0,0.8684109613285744,35.0,368.0,1,423.7625,24191.0,0.12687312687312688,0.4860062710486587,0.0
2026-03-27,2026,-0.4308543512169281,0.9429353424173754,0.1058695946861868,0.5185555784455105,0.17184527584020293,-0.713961407491487,2,0.2395005675368899,0.863298754052971,-1.9608876070514123,-2.8510668353983384,-1.6867241531534203,1.4390609079512608,0.8095238095238095,0.9847258600900556,0.002837254365491315,0.0020288088017498263,4,379147.0,0.12380473074987418,-162.5,162.5,0.4408605315047529,114.25,187.25,0,424.7375,23496.75,0.3951990632318501,0.8684109613285744,1.0
2026-03-30,2026,0.3987450085567598,1.109526525955505,0.17925531914893617,0.5590416428978894,0.4512396694214876,-0.7408163265306122,0,0.14081632653061224,0.8165977135190122,-2.861095265259555,-3.8013690815744456,-2.8007444381061046,1.3123513877508286,0.8373015873015873,0.809469480889903,-0.006641126250640728,0.0014199565910524292,0,353606.0,0.24848484848484848,-281.25,281.25,0.6611523103251569,110.25,289.75,1,438.25,23327.5,0.12380473074987418,0.4408605315047529,0.0
2026-03-31,2026,0.7633544267715638,1.0848868365543585,0.08390743684861332,0.47830796419816435,0.29250720461095103,0.8510131108462455,2,0.8617401668653158,0.8762001610906646,-3.296961404708966,-4.348486403283731,-3.4685080668148913,0.7748174803948804,0.8412698412698413,1.1407559432187446,-0.0017066735931816623,-0.0024851531611738142,1,368776.0,0.23123797305965363,320.0,320.0,0.7456815460920131,327.0,182.0,0,438.525,23559.5,0.24848484848484848,0.6611523103251569,1.0
2026-04-01,2026,0.46476719944405837,0.8111188325225851,0.09209100758396534,0.38582348853370396,0.0025974025974025974,0.3976945244956772,2,0.6570605187319885,0.9910492728752992,-1.2627102154273817,-2.332353022932596,-1.5532202918693514,1.5701038821680589,0.8492063492063492,1.1318971507991662,0.0008882783940225014,-0.0018048347381283136,2,406574.0,0.031203566121842496,35.0,35.0,0.4258512856150104,191.5,32.75,0,449.6875,24157.5,0.23123797305965363,0.7456815460920131,0.0
2026-04-02,2026,-0.9517474571103905,1.2843324741553728,0.21494864496968197,0.7860092569496411,0.4268349696119682,0.7165021156558533,1,0.9569816643159379,1.1530807594887,-0.45888417726781733,-1.5696017294420883,-0.8815886477647477,1.6563593244112074,0.8531746031746031,0.6773648180482803,0.005360907794368375,-0.0016504372982066862,3,469802.0,0.05460750853242321,145.5,145.5,0.5554169784651202,250.5,2.25,0,451.0125,24017.25,0.031203566121842496,0.4258512856150104,0.0
2026-04-06,2026,0.22287006511729285,0.9094624417622538,0.02129750982961992,0.45282401983489085,0.025293028994447873,0.47653429602888087,4,0.5716004813477737,1.0121762649963675,-0.43356128926790405,-1.5431218156553963,-0.9603847096967534,1.499200038459943,0.8571428571428571,1.2854535051630656,-0.0018363860337340387,-2.478578673859033e-06,0,412393.0,0.05727762803234501,-18.5,18.5,0.35201482167670217,19.75,161.5,0,458.7875,24364.0,0.05460750853242321,0.5554169784651202,0.0
2026-04-07,2026,-0.22224042373112732,0.6274060119583914,0.06581306017925737,0.6754579954678244,0.2859007832898172,-0.4260307194826192,0,0.38156831042845596,1.1538342594592472,0.008873235591230513,-1.0868812624566613,-0.5883310126409492,1.1996711093409544,0.8571428571428571,0.5471373576869523,0.00586691625833724,0.0023421510730520234,1,470109.0,0.04266599343600101,20.25,20.25,0.40898790509733257,187.25,170.5,0,457.8375,24112.0,0.05727762803234501,0.35201482167670217,0.0
2026-04-08,2026,2.338886453309952,1.9667908811924595,0.27225777478387786,0.4882726874177992,0.4255924170616114,-0.6677890011223344,2,0.09652076318742986,1.0267701113314613,-0.39979723805348694,-1.4815322227093382,-1.0765070144673408,1.126670480053807,0.8571428571428571,0.7929636124506796,0.0006523207407865828,0.0019861220676958835,2,418339.0,0.05148514851485148,-43.25,43.25,0.2718106093818501,107.0,124.0,0,456.2,25050.5,0.04266599343600101,0.40898790509733257,0.0
2026-04-09,2026,0.1521559727666598,0.27078605322880134,0.02129436325678497,0.31101712399422327,0.2101522842639594,-0.6965174129353234,2,0.09286898839137644,0.9013945885448369,1.4330255828347462,0.456333814730764,0.7656772230245489,1.010196307756252,0.9007936507936508,0.6710336290488962,0.006210186377099469,0.0030488630144266393,3,367257.0,0.2543741588156124,244.75,244.75,0.5952135341448319,288.5,15.75,0,484.7,24976.0,0.05148514851485148,0.2718106093818501,0.0
2026-04-10,2026,0.1944903012794057,0.35802723895996696,0.057679844458846406,0.2233801073049938,0.10136986301369863,0.371824480369515,3,0.7990762124711316,0.8006808086050983,1.8430148576145273,0.9373091209244762,1.1799809120924443,0.9994051322024818,0.9007936507936508,0.6278373916632274,-0.00260683897504288,-0.0012263300594330673,4,317775.0,0.08152816069318629,-61.75,61.75,0.27496904663640115,38.25,133.25,0,484.6,25355.25,0.2543741588156124,0.5952135341448319,0.0
2026-04-13,2026,-0.16413709656206435,0.638661651366494,0.17634746206174778,0.36404766288765555,0.32807881773399017,0.5158959537572254,2,0.8367052023121387,1.023896612472425,1.958939421837596,1.1331351763684658,1.3287397743114926,0.9885870819357776,0.8928571428571429,0.360891180261462,0.004890356612613944,-2.8022464788612922e-05,0,396377.0,0.24389233954451345,132.5,132.5,0.3182786648078491,151.25,30.5,0,475.2125,25304.75,0.08152816069318629,0.27496904663640115,0.0
2026-04-14,2026,0.46853689193164494,0.3353568849784719,0.07646176911544228,0.32786885245901637,0.4181326116373478,0.9086460032626428,4,0.9119086460032626,0.8757742957073408,2.1899553392346145,1.4672371834300544,1.6309496429813028,0.9991844880472841,0.8849206349206349,0.6332736073596662,-0.0010238712608374723,-0.0007069767948140182,1,339035.0,0.28619528619528617,163.75,163.75,0.377610782766828,176.5,33.0,0,467.4125,25795.5,0.24389233954451345,0.3182786648078491,0.0
2026-04-15,2026,0.13445112306232207,0.2609933565327428,0.031328954017180395,0.35853632816619213,0.40102389078498296,0.6676470588235294,2,0.9044117647058824,0.9028894985095292,3.128018559527579,2.54356216387219,2.674177475482443,0.8086438098619603,0.8968253968253969,0.6669830222503428,-0.004214413432924058,-0.0025794398752465586,2,349532.0,0.28508124076809455,168.0,168.0,0.4086259622482337,193.75,33.5,0,474.15,26136.5,0.28619528619528617,0.377610782766828,0.0
2026-04-16,2026,0.28572940367215194,0.30319064500767234,0.07426099495313626,0.37621038150166675,0.05663189269746647,-0.3656821378340366,5,0.5555555555555556,1.1930534244664528,3.73228742261495,3.2411873644108176,3.3775966982380057,0.4069624004254806,0.8928571428571429,0.7354886501931319,-0.0011006677291567346,1.9073560814653057e-05,3,461862.0,0.08278050187481972,69.25,69.25,0.3984337795650563,188.25,19.5,0,472.475,26374.5,0.28508124076809455,0.4086259622482337,0.0
2026-04-17,2026,0.525940594059406,0.7799339933993399,0.1917277035760448,0.3537953795379538,0.62002567394095,0.5955223880597015,1,0.9731343283582089,1.0951076171089826,3.8414521452145216,3.469739933993403,3.6291089108910892,0.432772964767774,0.9007936507936508,0.6062046204620462,0.006161874154198443,0.002020446407519083,4,429044.0,0.057881325081907534,-26.0,26.0,0.19115511551155115,90.5,56.5,0,473.4375,26792.5,0.08278050187481972,0.3984337795650563,0.0
2026-04-20,2026,0.06284326151246304,0.6141740599915505,0.15363671723064956,0.25190114068441066,0.30275229357798167,-0.5681341719077568,5,0.18238993710691823,0.9338472239061214,4.300802703844529,4.066518800168991,4.2703765314744375,0.37285714814033705,0.9007936507936508,0.5354879594423321,0.008686063016149825,0.0023184972837694273,0,365865.0,0.016122984626921636,11.0,11.0,0.33692437684833126,19.75,159.5,0,473.4,26728.5,0.057881325081907534,0.19115511551155115,0.0
2026-04-21,2026,0.15055706112616682,0.3295830938107361,0.009956599438345672,0.3476499411458761,0.39690107270560193,0.215748031496063,1,0.7322834645669292,0.9930616905090333,4.10905806027757,4.084706139990692,4.3254961539514385,0.5260683696896988,0.8611111111111112,0.5628096685007254,0.0022779637694450017,-0.00141720784195698,1,384440.0,0.09287054409005628,-107.25,107.25,0.5310558156086611,15.5,242.5,0,456.6375,26842.5,0.016122984626921636,0.33692437684833126,0.0
2026-04-22,2026,0.33128173128740396,0.3914116345690218,0.11253886010362694,0.42828374507190065,0.6494845360824743,0.4503311258278146,3,0.8397350993377484,0.9547408337337198,3.9935899254048874,4.162112488300192,4.428422724565337,0.434459607115714,0.8452380952380952,0.6466800918966447,-0.007616001532298355,-0.0020432133374368444,2,369605.0,0.06047700170357751,65.25,65.25,0.1900331848994526,83.75,26.0,0,440.7125,26966.25,0.09287054409005628,0.5310558156086611,0.0
2026-04-23,2026,-0.037628278221208664,0.5746864310148233,0.037392696057034776,0.31584948688711517,0.13465346534653466,0.16606498194945848,2,0.5342960288808665,0.935844733472606,4.379646522234888,4.777514253135687,5.08074401368301,0.4031123464454682,0.8412698412698413,0.5524515393386545,6.56065166992903e-06,0.000931276944018844,3,361062.0,0.1060668592653735,-135.0,135.0,0.8164196123147093,118.0,358.0,1,438.5,27038.0,0.06047700170357751,0.1900331848994526,0.0
2026-04-24,2026,0.6822282050570374,0.8332176857531433,0.1161688003793267,0.30530961170168475,0.09185441941074524,-0.11818181818181818,5,0.46545454545454545,1.0995367914854497,3.69568958339116,4.295484193288742,4.61864053956535,0.4989067481032762,0.8611111111111112,1.0569263648727414,-0.0009767004234995103,-0.00020559089885874293,4,419796.0,0.3529659234328986,248.0,248.0,0.5967415137805656,268.75,11.25,0,450.3625,27194.0,0.1060668592653735,0.8164196123147093,1.0
2026-04-27,2026,-0.07080820932676882,0.43867898434474745,0.04592720970537262,0.29153067433755603,0.06131549609810479,-0.4155597722960152,6,0.43453510436432635,1.0922422723278422,4.476738396857889,5.359550810422086,5.745920230126677,0.7126659258406735,0.8690476190476191,0.7362947391713227,0.002748089596158798,0.0023105441175975683,0,417011.0,0.07128712871287128,58.5,58.5,0.18753111688886429,84.75,48.0,0,451.925,27355.25,0.3529659234328986,0.5967415137805656,0.0
2026-04-28,2026,-0.5834777585210861,1.101097631426921,0.18086842964413974,0.4194107452339688,0.017793594306049824,-0.09228650137741047,1,0.41460055096418735,1.1130495365751514,4.13847487001733,5.412073945696131,5.884777585210863,0.7925194561162164,0.8333333333333334,0.32813402657423457,-0.008492479170806422,-0.0006730504931751202,1,434544.0,0.17210492642354447,62.75,62.75,0.3194685153090699,80.25,138.25,0,432.75,27144.5,0.07128712871287128,0.18753111688886429,0.0
2026-04-29,2026,-0.001167917311454349,0.2960670384536775,0.009682416731216111,0.38658063009138954,0.6305587229190421,0.4773413897280967,1,0.9758308157099698,0.8331542024357651,3.2149843791059594,4.873368565505559,5.418234109025082,0.9242404767288314,0.8174603174603174,0.5711115653011767,-0.005252635961307428,-0.0016472782385252849,2,334491.0,0.019291678663979267,33.5,33.5,0.31008204619112967,35.5,132.75,0,428.1125,27285.75,0.17210492642354447,0.3194685153090699,0.0
2026-04-30,2026,0.42619017552721306,1.1049374921075894,0.06999809269502194,0.8277560298017427,0.299939649969825,-0.8176964149504196,0,0.17391304347826086,1.3406023530701126,3.3246306351812116,5.425470387675212,6.087514206339184,1.011456451615381,0.6468253968253969,0.4975375678747317,0.01359307372098184,0.005791375630578188,3,538219.0,0.4911208151382824,377.25,377.25,0.9552973860335902,378.25,48.5,1,395.95,27220.0,0.019291678663979267,0.31008204619112967,0.0
2026-05-01,2026,0.08941310758109007,0.3519452106915248,0.020994475138121547,0.7438409588128982,0.28611369990680335,0.6155157715260017,0,0.6751918158567775,1.009236247635298,3.6124163733789945,6.016195821046961,6.764082564444019,0.9873015878924987,0.6388888888888888,1.1040299311962967,-0.006852072217268246,-0.003779048752873271,4,408120.0,0.11094224924012158,55.75,55.75,0.2650686451694727,104.5,61.5,0,394.2375,27813.0,0.4911208151382824,0.9552973860335902,1.0
2026-05-04,2026,-0.037424903975575324,0.8286005055644923,0.0141718334809566,0.2757624503463445,0.29906542056074764,0.35,3,0.7904761904761904,0.777101716973463,3.9666458750533433,6.780709760021011,7.655336331702838,0.7126188360424358,0.6111111111111112,0.7944584879025639,0.005043504860193115,0.0008184276622340558,0,312588.0,0.12466715081094167,-116.75,116.75,0.727487607104166,49.75,277.0,1,380.7625,27891.25,0.11094224924012158,0.2650686451694727,0.0
2026-05-05,2026,0.558042277910282,0.7298983892573595,0.17292929292929293,0.42996700101284024,0.4746760895170789,0.837386018237082,2,0.9437689969604863,0.9628965557870794,3.2532427222530833,6.3604796288430725,7.314950828241904,0.7312047415705061,0.6150793650793651,0.8540529944130428,0.0017982025492204734,-0.0032705653889999464,1,375923.0,0.17857142857142858,47.0,47.0,0.16532165844414679,63.25,54.25,0,382.5875,28125.75,0.12466715081094167,0.727487607104166,1.0
2026-05-06,2026,0.5657607099742242,1.0166726483735196,0.06496137773838166,0.44242879049887435,0.09903381642512077,0.5648967551622419,4,0.8775811209439528,1.148156867180544,3.760970994159679,7.209214003719531,8.279966719958233,0.665052850173316,0.6190476190476191,0.5703285588436817,-0.006706174909826501,0.0004807730088065565,2,436508.0,0.3440702781844802,192.0,192.0,0.5083363241867598,194.75,10.0,0,383.1125,28485.25,0.17857142857142858,0.16532165844414679,0.0
2026-05-07,2026,0.20709219858156028,0.5028368794326241,0.047200520833333336,0.5375886524822695,0.5058275058275058,0.6240105540897097,2,0.8469656992084432,1.0675059149379966,4.99822695035461,9.058113475177306,10.353822695035461,0.9765439090398288,0.5555555555555556,0.9744680851063829,-0.01258992018713223,-0.004552241419095382,3,405846.0,0.20119760479041915,-216.0,216.0,0.8936170212765957,76.5,315.0,1,352.5,28868.5,0.3440702781844802,0.5083363241867598,0.0
2026-05-08,2026,0.6311954884584399,1.2182563312200076,0.18231108098949508,0.8483659672843181,0.5652968036529681,0.7952105697770437,0,0.8422791081750619,1.0159230651996563,4.386948754772492,8.694118883323407,10.084360222774876,1.1081878262005451,0.5753968253968254,1.0970611930365337,-0.011616472006609313,-0.006105857296554662,4,396625.0,0.26549004881712357,175.5,175.5,0.5667448947423728,202.25,45.5,0,356.8625,29118.5,0.20119760479041915,0.8936170212765957,1.0
2026-05-11,2026,0.028823163342176803,0.47230683567521536,0.024060556907272237,0.49850971144083067,0.2637889688249401,0.056504599211563734,5,0.36136662286465177,1.1836943664707025,5.258949919753695,9.587553634011336,11.034021158822181,1.2675777298245345,0.623015873015873,1.1981264943827585,0.004084568157860735,0.0023997001151967456,0,469336.0,0.08443824145150035,100.75,100.75,0.4316923782385117,164.75,15.5,0,381.6375,29315.75,0.26549004881712357,0.5667448947423728,0.0
2026-05-12,2026,-0.5382913378025825,0.9068392721508537,0.1081773904127147,0.7654965159671081,0.27837837837837837,-0.5858498705780846,5,0.1276962899050906,1.4737205456645786,5.100359961692148,9.755344935768305,11.37006043393547,1.0605138986713813,0.6111111111111112,0.6168884779234504,-0.007869167134702204,0.0019330201470239006,1,591309.0,0.04623253983867794,-3.0,3.0,0.7971995640830885,84.5,301.75,1,378.5125,29043.0,0.08443824145150035,0.4316923782385117,0.0
2026-05-13,2026,0.6393671173361865,1.016762312356126,0.07399640503295386,0.5550692215413545,0.03807390817469205,-0.054906542056074766,4,0.9322429906542056,1.2919335697068428,3.631326394968066,8.389780501248259,10.114249586616088,1.484108970319186,0.6507936507936508,1.4382517913302855,-0.004818619593157769,0.0006367641540544478,2,525795.0,0.34292565947242204,250.75,250.75,0.7534934993353435,290.5,63.0,1,385.5375,29274.75,0.04623253983867794,0.7971995640830885,1.0
2026-05-14,2026,-0.12523839796567068,0.6236490781945327,0.03738200125865324,0.5867768595041323,0.18243243243243243,0.6738894907908992,4,0.7703141928494042,1.2501360390047156,4.385155753337576,9.218169103623644,11.073092816274638,1.4338592885807047,0.6706349206349206,1.246026700572155,-0.008977714356453559,-0.0022009783250798165,3,515763.0,0.03419316136772645,74.25,74.25,0.38652256834075016,152.0,36.5,0,393.25,29631.75,0.34292565947242204,0.7534934993353435,1.0
2026-05-15,2026,-1.0818500837785716,1.4991622142834562,0.14714200017139428,0.7410451771995827,0.14507560277891296,0.2175767918088737,4,0.8617747440273038,1.4952365139596016,4.40542505769656,9.394378932060317,11.390038253611959,1.382223752229939,0.6825396825396826,0.8339919699029433,-0.005998093897180756,-0.0018757554402424326,4,616883.0,0.0004336513443191674,-20.0,20.0,0.36672884195883787,145.0,130.5,0,395.3875,29342.0,0.03419316136772645,0.38652256834075016,0.0
2026-05-18,2026,0.04081632653061224,1.2263450834879406,0.030247349823321553,0.852195423623995,0.3822141560798548,-0.9107402031930334,4,0.03555878084179971,1.2910192442169788,3.0428571428571445,8.020667903525045,10.110680272108844,1.2262050371255315,0.746031746031746,0.9833024118738405,0.0014437744226610816,0.007467682153534216,0,532630.0,0.06105710814094775,-65.75,65.75,0.520717377860235,101.5,210.5,0,404.25,29024.75,0.0004336513443191674,0.36672884195883787,0.0
2026-05-19,2026,-0.25983334826628435,0.9264402831287518,0.09776683664497977,0.9676552280261624,0.4101640656262505,-0.3685185185185185,3,0.09382716049382717,1.4676789271600261,1.8065286861989631,6.678433832093896,8.830298957680013,1.2344375667782366,0.8214285714285714,1.296777469163456,-0.004642729967349157,0.0017888270438582987,1,614082.0,0.22009478672985783,352.25,352.25,1.0160379894274707,425.25,26.0,1,418.5375,28701.0,0.06105710814094775,0.520717377860235,0.0
2026-05-20,2026,0.047373961866885014,0.8767107264007487,0.05465827174012228,0.5971458650134519,0.1845444059976932,0.5523996082272282,4,0.8090107737512243,1.3798932509305428,1.7182126564510487,6.554509299333252,8.79766639373026,1.1481521977195435,0.8571428571428571,1.0837524856708387,0.006010375691631875,-0.0014015014265271741,2,589449.0,0.1493112947658402,123.25,123.25,0.42344133816820684,181.0,44.0,0,427.45,29214.5,0.22009478672985783,1.0160379894274707,1.0
2026-05-21,2026,-0.28010554701771684,0.812480064952011,0.0018090452261306533,0.49061965378258476,0.1747634069400631,-0.09574468085106383,3,0.32860520094562645,1.252060726569711,2.0961811697161266,6.960083509728301,9.314715689970136,0.967407891940729,0.8690476190476191,0.8988894365992983,0.005927386748267205,0.00042368401575099135,3,545305.0,0.12735409285847474,214.75,214.75,0.828138139008902,357.0,58.75,1,431.0875,29196.75,0.1493112947658402,0.42344133816820684,0.0
2026-05-22,2026,0.3942955466767768,0.5319490215521012,0.04521032630061591,0.5319490215521012,0.1656441717791411,0.0625,3,0.4583333333333333,1.0037114558356626,1.9877220099740476,6.962827729009302,9.47038700457873,0.9374919739796498,0.8571428571428571,0.9950713056665402,0.0011954711706287924,-0.0008819096874445043,4,454603.0,0.007326007326007326,5.0,5.0,0.35696579077838375,153.0,10.5,0,428.6125,29594.75,0.12735409285847474,0.828138139008902,1.0
2026-05-25,2026,0.8162898637520587,0.7737685282227879,0.1703898379325449,0.17248091031591556,0.23618090452261306,-0.125,1,0.12152777777777778,0.15083463302230993,2.233448120976196,7.360371313070816,10.104312022757899,0.8296650406656877,0.8015873015873016,0.6168588111992813,-0.0005906388636759408,6.906876296697284e-05,0,69681.0,0.1632896305125149,31.5,31.5,0.14193741578080551,59.25,22.75,0,417.4375,29931.5,0.007326007326007326,0.35696579077838375,0.0
2026-05-26,2026,-0.14128317683653593,0.5744353033518416,0.01903839948370442,0.6040873281200034,0.7982300884955752,0.6785370548604427,1,0.9701636188642926,1.0096597286184477,2.7166196691764277,7.732341056426062,10.581019797087123,0.40462908615522003,0.8571428571428571,0.20000581412250357,-0.002106848172210185,-0.004035962652160219,1,466432.0,0.06339196813806837,-26.25,26.25,0.4488502572749208,40.5,193.0,0,429.9875,30078.5,0.1632896305125149,0.14193741578080551,0.0
2026-05-27,2026,0.3188072718701199,0.8320810866554701,0.07197979514522239,0.7454550811750493,0.38740554156171286,-0.7565217391304347,2,0.22845849802371543,1.531114549760197,2.6285099737764797,7.795668699725979,10.862367777483133,0.4263390308013174,0.8333333333333334,0.6894722885176345,0.007482052235944225,0.007229364008755956,2,716384.0,0.042294603791929994,93.5,93.5,0.2751996228527652,116.75,71.0,0,424.2375,29948.25,0.06339196813806837,0.4488502572749208,0.0
2026-05-28,2026,0.02789400278940028,0.8699442119944212,0.032354290959155575,0.6159925615992562,0.21595744680851064,0.2179245283018868,1,0.7216981132075472,1.1797941120638635,2.25124941887494,7.4290446304044595,10.616480706648069,0.48213828107506235,0.8571428571428571,0.7351231985123199,-0.0024016175604427703,0.0004340381584364561,3,581107.0,0.22226062910473557,176.5,176.5,0.5357973035797303,230.5,4.25,0,430.2,30111.5,0.042294603791929994,0.2751996228527652,0.0
2026-05-29,2026,0.2211745532856062,0.391129736336651,0.020611702127659573,0.44176706827309237,0.19106317411402157,0.2845849802371542,2,0.4795783926218709,1.1796377825985003,2.5148710785169683,7.756824399045458,11.13243117397125,0.4850700295141425,0.8492063492063492,0.9818986089284676,-0.00961804057223481,-0.0005916560882126554,4,581030.0,0.019970193740685545,-72.0,72.0,0.38938362144229094,11.0,167.25,0,429.525,30437.0,0.22226062910473557,0.5357973035797303,0.0
2026-06-01,2026,-0.051544882120369014,0.7122565529360082,0.017030896759608137,0.4035729975106165,0.08737864077669903,0.4223512336719884,2,0.7010159651669086,0.966962953575317,2.418831454092841,7.719092107189924,11.306771123151266,0.5087328766769679,0.8333333333333334,0.6232244838190072,-0.007805955662187336,-0.0020349342785372926,0,503574.0,0.2844556324732536,214.75,214.75,0.6472397129887245,276.25,25.5,1,426.8125,30415.75,0.019970193740685545,0.38938362144229094,0.0
2026-06-02,2026,-0.1713820949282519,0.6274327543136002,0.04132473622508793,0.5193748910707023,0.410146173688736,0.174496644295302,1,0.7695749440715883,0.9957525169025633,2.6842212281415243,7.968918840411314,11.751966536919772,0.40001465733496333,0.8571428571428571,0.9225585313425899,0.006057639359918987,0.000664922724824546,1,518567.0,0.1111111111111111,76.75,76.75,0.27130657061523267,116.75,20.0,0,430.325,30595.75,0.2844556324732536,0.6472397129887245,1.0
2026-06-03,2026,0.1939686938065619,0.5488901335377178,0.020645536493166618,0.7351944108716799,0.01558572146807441,-0.15477145148356056,3,0.6752205292702486,0.31801616680806083,2.5283141231612736,7.894702709076441,11.939961088347136,0.43137035668981005,0.8134920634920635,0.6809539250655897,-0.0007951720000435314,-0.0004683318958510485,2,166062.0,0.08828722778104768,-69.75,69.75,0.4734251098075052,33.0,200.75,0,424.0375,30706.5,0.1111111111111111,0.27130657061523267,0.0
2026-06-04,2026,-0.8895326031200025,0.9178962614284422,0.07761165603275878,0.515373706285266,0.041079092581238506,0.27400468384074944,2,0.8231850117096019,0.3246154111313893,2.265170031079328,7.689508463836332,12.0469901330678,0.480019379254288,0.7619047619047619,0.7525421683111554,0.008469497820116967,0.0006175417166354169,3,169508.0,0.3266264252179745,228.5,228.5,0.6559850336441266,271.75,36.5,1,414.2625,30326.75,0.08828722778104768,0.4734251098075052,0.0
2026-06-05,2026,-1.2399307834596336,0.5871472044871412,0.099932478055368,0.8174712094993735,0.20543051089674885,-0.3948905109489051,3,0.41605839416058393,0.3666966052001126,1.81809773852855,7.112357539232654,11.629760128885973,0.482928208585139,0.7817460317460317,1.0680828211707143,-0.0013065556809530587,0.0018863801218933496,4,191482.0,0.511887891670603,-829.25,829.25,2.0311474431648664,28.75,851.0,1,418.975,29900.5,0.3266264252179745,0.6559850336441266,1.0
2026-06-08,2026,0.9867635890202886,1.5883693175653684,0.14186388554619603,0.5479006184224802,0.22184300341296928,0.08811881188118811,5,0.8584158415841584,0.3016176383284723,-1.5430725832700445,3.0188022133015084,7.293327546924163,1.6485660020045823,0.9285714285714286,2.2805685147010957,0.00018631180413830606,-0.0015246089919236372,0,157499.0,0.09885274241709885,-119.25,119.25,0.42258869480308126,194.75,121.25,0,460.85,29548.25,0.511887891670603,2.0311474431648664,1.0
2026-06-09,2026,0.6385127262370214,0.9228140131016804,0.12248090549369652,1.0082597550555397,0.27174259318254224,-0.6168464304057525,2,0.15767847971237803,1.5719702555244255,-0.7332798218585743,3.3703322026876563,7.6426063540560865,1.6694668943433528,0.9682539682539683,0.8523860076124389,0.012519328616948266,0.006778402558571539,1,820853.0,0.12814629867062555,-471.75,471.75,2.505890577665001,51.25,1209.75,1,482.7625,29437.0,0.09885274241709885,0.42258869480308126,0.0
2026-06-10,2026,-0.21226915729144558,1.0547418571192717,0.05604017975151996,0.8990778084388783,0.5210319685922602,0.8226652675760755,1,0.9910807974816369,0.27651523130868416,-1.5359088657751376,1.971631406401092,6.035472534729591,1.6220081034799438,1.0,3.0562041557583908,0.0016033813376989947,-0.007569706680084609,2,144391.0,0.24169801182160128,-651.25,651.25,1.265595886695441,5.25,670.75,1,529.9875,29244.75,0.12814629867062555,2.505890577665001,1.0
2026-06-11,2026,0.2971954792800335,1.246918747965211,0.10462217790755644,0.7418259615831823,0.16082419052716082,0.20940438871473355,3,0.4664576802507837,0.2593872361818762,-2.119273522161757,1.076991767824752,5.212499418631694,1.6078215340233029,1.0,1.257615924840705,0.0022681100465991033,-0.0035540144140779883,3,134146.0,0.18935082473232373,523.75,523.75,0.999953490535324,537.5,259.25,0,537.525,28836.75,0.24169801182160128,1.265595886695441,1.0
2026-06-12,2026,0.24158680632939603,0.7399153108981502,0.0037794060933281914,0.7082683307332294,0.24399740428293315,0.07803650094398994,3,0.7476400251730648,0.2098829809194622,-0.6327390238466695,2.21537775796746,6.313316246935593,1.8957274629795384,1.0,1.4205482505014486,0.006279638667630261,-0.0022633152720318295,4,107265.0,0.06458675424192666,137.25,137.25,0.41542233117896143,233.0,174.5,0,560.875,29527.0,0.18935082473232373,0.999953490535324,0.0
2026-06-15,2026,1.7410834606055163,1.4679723295301412,0.2943749240675495,0.35082202856886174,0.19944789510006902,0.5032010243277849,4,0.649167733674776,0.2553798636297095,-0.12263049142035758,2.580666606773876,6.85247506962537,1.190824164595456,0.996031746031746,0.9522953912496632,-0.007793628194110336,-0.0014308081570635345,0,123860.0,0.17708723324597528,127.0,127.0,0.32970981942323246,183.5,32.5,0,556.55,30731.5,0.06458675424192666,0.41542233117896143,0.0
2026-06-16,2026,-0.07770926598530281,0.7623110059971281,0.013979129749950778,0.5034208970352225,0.40732519422863483,-0.6854026845637584,5,0.057885906040268456,0.2810555516348456,1.7417433904890638,4.223768899400284,8.398034040037167,1.4188601819799709,1.0,0.5241152124334825,0.000559725322422544,0.003875697808052858,1,129431.0,0.22143002648197188,-206.75,206.75,0.3682743474955655,106.5,218.0,0,591.95,30608.25,0.17708723324597528,0.32970981942323246,0.0
2026-06-17,2026,0.209693039706935,0.740241694387132,0.0803271812080537,0.38022653585414123,0.03116370808678501,-0.28792912513842744,5,0.6245847176079734,0.3383889116757083,0.8532780327592728,3.230241273316771,7.542749168386035,1.3671171764764953,1.0,0.840035369910312,0.006137652955815032,0.0014052432436147955,2,109314.0,0.036328871892925434,-108.75,108.75,0.6581329740199587,59.0,390.75,1,593.725,30461.0,0.22143002648197188,0.3682743474955655,0.0
2026-06-18,2026,0.4050156739811912,0.9278996865203761,0.1595117495640621,0.42298850574712643,0.10442629995702621,-0.18873517786561264,3,0.6156126482213439,0.747300479237652,0.6798537095088831,2.9454127481713663,7.346271682340649,1.2458405389471199,1.0,0.7949843260188088,-0.0027220769075713136,-0.0013096964832475244,3,134884.0,0.07472600464961807,106.75,106.75,0.3176593521421108,190.0,50.5,0,598.125,30546.75,0.036328871892925434,0.6581329740199587,1.0
2026-06-19,2026,-0.012583364791745313,0.6421710498720692,0.0499932258501558,0.1044419277714861,0.15695067264573992,0.28112449799196787,8,0.4779116465863454,0.7757725660815925,1.0834906253932277,3.2789228639738264,7.818721949582654,1.1505941507516426,0.996031746031746,0.580093116899459,-3.683113361074852e-05,-0.0005048906875475545,4,130163.0,0.08295964125560538,-12.5,12.5,0.0696279518476574,41.5,27.0,0,596.025,30663.5,0.07472600464961807,0.3176593521421108,0.0
2026-06-22,2026,0.294710651623697,0.9197374630003003,0.08374198415692191,0.5465231006820814,0.11942726976895542,-0.41051805337519626,4,0.13343799058084774,0.7644246370854336,1.013641628415767,3.1653210930461984,7.932313071082322,1.1709695728188276,0.9841269841269841,0.12225987731114067,0.005336830656423097,0.001303927119921,0,123669.0,0.10315430520034101,-117.75,117.75,0.3243104113937626,40.0,189.0,0,582.775,30692.0,0.08295964125560538,0.0696279518476574,0.0
2026-06-23,2026,-1.460065668841414,1.7491791394823248,0.2988613320854781,0.7342970449021364,0.42660836976889444,0.5127758420441347,0,0.7491289198606271,0.9174529686828758,0.8245490597415864,2.8402712037866196,7.696019359515585,0.5023016071393155,0.9841269841269841,0.7931431495458616,0.0039030466857155055,-0.0011692625000376822,1,148426.0,0.16500994035785288,-265.75,265.75,0.6170312566628289,59.25,361.75,1,586.275,29939.0,0.10315430520034101,0.3243104113937626,0.0
2026-06-24,2026,0.061142397425583264,0.4927594529364441,0.013068478829064296,0.5092518101367659,0.07430830039525692,0.1579778830963665,4,0.7464454976303317,0.8046024352373948,-0.6414119066773946,1.1100563153660523,5.763169750603381,0.7809278012349684,1.0,0.7558326629123089,0.005611024971983181,0.0007677047670529014,2,123074.0,0.23729056279536015,-449.25,449.25,0.7988736926790024,146.25,496.5,1,621.5,29761.25,0.16500994035785288,0.6170312566628289,1.0
2026-06-25,2026,1.3189354446752635,0.5318857053266961,0.028955905322600024,1.4067338219731116,0.29980657640232106,-0.5383115073836723,1,0.41738645862357204,1.258478845149018,-1.1341668953082764,0.42096186257986123,5.0061282483439795,0.7837379551514917,1.0,1.0077215537177124,0.020984494386576902,0.01264509831855587,3,184252.0,0.010604344692679913,2.0,2.0,0.3464900246932936,221.0,207.75,0,637.825,29670.25,0.23729056279536015,0.7988736926790024,1.0
2026-06-26,2026,-0.468183192261185,1.1067865779927448,0.08337948433942527,0.7311819830713422,0.5272591486183719,0.45839793281653746,3,0.8325581395348837,0.7333727208461257,-0.502361698911728,0.8527509068923825,5.328053204353084,0.8145620080385721,1.0,1.3561819830713422,0.0006243617215373476,-0.001286061245120429,4,107372.0,0.00856297680211739,-82.25,82.25,0.29549576783555015,131.75,195.5,0,661.6,29584.25,0.010604344692679913,0.3464900246932936,0.0
2026-06-29,2026,0.20888115254990558,0.7107144179845191,0.04844124700239808,0.8388578200807377,0.1459977452085682,-0.018101545253863136,2,0.6339955849889625,0.9363960254229702,-0.6806599755564631,0.502529535943115,4.930148883374692,0.7946118654907953,1.0,0.7918225250916633,-0.002797936164186665,0.001150394581307168,0,130756.0,0.3890029660050194,381.0,381.0,0.647013073589867,436.75,135.5,1,675.025,29632.75,0.00856297680211739,0.29549576783555015,0.0
2026-06-30,2026,0.04784430814612299,0.4061370217817508,0.024374934616591695,0.5867223051603504,0.6805736636245111,0.9638258736971184,0,0.9981606376456161,0.8240047578336989,0.11961077036530748,1.1302552295987203,5.483763512419733,0.9745059053127052,1.0,1.145025810745184,-0.009314182446420016,-0.007579508769594234,1,110841.0,0.2417402682368335,151.5,151.5,0.2269906649639369,153.0,157.75,0,694.9625,30440.0,0.3890029660050194,0.647013073589867,1.0
2026-07-01,2026,-0.5014182772776123,0.48027625574798716,0.15266757865937072,0.33756761042301664,0.3673469387755102,-0.0010438413361169101,1,0.6169102296450939,0.9032321386776997,0.9371905777057373,1.8127310206310903,6.141568737997497,0.7133189013182084,1.0,0.7893021371060097,0.004746405603060055,0.0019333878479966815,2,119634.0,0.07402101241642789,-48.75,48.75,0.19239239591958987,121.0,136.5,0,709.4875,30235.5,0.2417402682368335,0.2269906649639369,0.0
2026-07-02,2026,-0.15436229944200114,0.6866341022476402,0.0008595988538681948,0.5639091209345177,0.32768959435626105,-0.42601726263871764,3,0.036991368680641186,0.9613251622150936,0.3931023693222303,1.13790741738662,5.455005475689678,0.7225997426912505,1.0,0.37373754932466496,0.0018677178740085232,0.006868912888844947,3,125414.0,0.254520513779773,-490.0,490.0,0.7989291984633303,83.25,574.5,1,719.0875,29903.0,0.07402101241642789,0.19239239591958987,0.0
2026-07-03,2026,0.6836686629432743,0.542022744095283,0.1685917915949865,0.0901688984590539,0.19246861924686193,-0.208955223880597,4,0.26865671641791045,0.8623157700100926,-0.5840286656348852,-0.00766435636901919,4.204706951080007,0.9313049868090983,1.0,1.2987012987012987,0.0020925133686564568,0.0005009905636339518,4,111926.0,0.009817671809256662,-3.25,3.25,0.03532736693358455,22.75,26.25,0,743.05,29907.0,0.254520513779773,0.7989291984633303,1.0
2026-07-06,2026,-0.09785404637274477,0.472361628262551,0.019544267315140054,0.40436745633443055,0.4090121317157712,0.7428825622775801,0,0.9546263345195729,0.7808197139437697,0.021819293795979414,0.6271580954436705,5.167057003579587,1.1480541306515932,0.9841269841269841,0.10828701455219182,-0.002619772089934802,-0.0055094790922809445,0,99494.0,0.01904761904761905,-33.25,33.25,0.23348263270555644,49.5,162.25,0,694.9125,30044.5,0.009817671809256662,0.03532736693358455,0.0
2026-07-07,2026,-0.6176052568433099,0.6131753327057607,0.14388001935171746,0.6290492275319786,0.5334403424291064,-0.7282863849765259,2,0.0539906103286385,1.1310605999823486,0.1381398010225731,0.7255772744891729,5.422398803920482,1.0735354745777383,0.9801587301587301,0.46920279823541355,-0.0006070731147924668,0.005240353715001755,1,140972.0,0.07296538821328344,52.0,52.0,0.44003913099654834,298.0,72.75,0,677.2125,29282.75,0.01904761904761905,0.23348263270555644,0.0
2026-07-08,2026,-0.2074533917450838,1.0199791760799952,0.044413752998473506,0.31118008761762567,0.01855976243504083,0.5404040404040404,5,0.5492424242424242,0.8299140704606176,-0.9452095161385369,-0.3578256684281874,4.671691255918118,0.9774384467970116,0.9642857142857143,0.7476965994145728,-0.005679422522035793,-0.0035308294845972643,2,103438.0,0.11596570028583095,86.0,86.0,0.4333732785886883,148.0,275.75,0,636.2875,29309.75,0.07296538821328344,0.44003913099654834,0.0
2026-07-09,2026,0.5619914218142462,0.6277307892732593,0.11815181518151815,0.5078766986010342,0.08298319327731092,-0.022099447513812154,1,0.39384372533543804,0.9636931430256657,-0.9308333667374812,-0.333843748747343,4.8256543873010775,1.005677815839161,0.9603174603174603,0.6794404136769953,0.00595843975311483,0.0007322264205177342,3,119271.0,0.1813186813186813,176.75,176.75,0.4076642482061972,254.25,15.75,0,623.675,29739.25,0.11596570028583095,0.4333732785886883,0.0
2026-07-10,2026,-0.13238828465517943,0.4024603853517455,0.05357367956636833,0.4782272190313251,0.1647150663544106,0.051959114139693355,5,0.596252129471891,0.8186088359142913,-0.14348853313780602,0.4328730294513029,5.709199967412114,0.925639789594993,0.9523809523809523,0.6175404293453908,-0.009838282038703627,-0.001959994774480389,4,100993.0,0.20239111870196413,209.0,209.0,0.3710945456026722,227.75,70.0,0,613.725,29850.0,0.1813186813186813,0.4076642482061972,0.0
2026-07-13,2026,-0.5746156537487909,0.82035028504394,0.08254858745742336,0.40955771882524855,0.11351909184726522,-0.04120603015075377,5,0.8492462311557789,0.9214688967873456,0.057955504332257476,0.6007285599621324,5.961236082240834,0.8384166978019921,0.9484126984126984,0.6631130502788698,-0.0005927239795314732,0.0006083154871613372,0,113683.0,0.20799059929494712,-235.75,235.75,0.40955771882524855,52.75,248.75,0,607.3625,29699.75,0.20239111870196413,0.3710945456026722,0.0
2026-07-14,2026,0.6032422095701682,1.0747968186361858,0.10827359617682199,0.4732930592376896,0.17806603773584906,-0.15059687786960516,3,0.743801652892562,0.8189182062395965,-0.8519709678821343,-0.45882915380937944,5.219629275500891,1.118927954474499,0.9206349206349206,0.5241427267590942,-0.00016297842162071863,0.0028925817318278257,1,99379.0,0.03256056264652253,46.0,46.0,0.21861010908774825,125.75,110.5,0,575.225,29770.0,0.20799059929494712,0.40955771882524855,0.0
2026-07-15,2026,0.24349726775956285,0.5543169398907104,0.08065099457504521,0.5914754098360656,0.5096711798839458,-0.7856614929785661,3,0.14855875831485588,0.9258994160858919,-0.1902513661202173,0.09653333333333639,5.823842622950817,0.9328380663244691,0.9166666666666666,0.5739890710382514,0.013524876615923387,0.009364177591179357,2,110601.0,0.03169915337664895,-46.5,46.5,0.5114754098360655,53.25,292.5,0,571.875,29689.5,0.03256056264652253,0.21861010908774825,0.0
2026-07-16,2026,-0.3088585661685077,0.7554689192116093,0.0948442723913426,0.47909898202295864,0.058646616541353384,-0.007233273056057866,1,0.7495479204339964,0.8818484334777422,-0.42683560753736444,-0.237574182369505,5.431873510937836,0.9691749029748375,0.9206349206349206,1.0058479532163742,0.007549107073775874,0.0019107710608383677,3,105339.0,0.23142070717764132,-279.0,279.0,0.49685943253194714,50.75,286.75,0,577.125,29462.75,0.03169915337664895,0.5114754098360655,0.0
2026-07-17,2026,-0.9922580645161291,1.1526881720430107,0.21384534084903997,0.824516129032258,0.35529764133283415,0.3828899321857068,1,0.7976004173187272,1.2161199206710338,-1.0874838709677395,-1.0442752688172052,4.567318279569892,0.8624708391555373,0.9206349206349206,0.6124731182795699,0.004285776662666052,-0.0010038730030001997,4,141650.0,0.08178211779066219,-30.5,30.5,0.44688172043010754,259.75,118.25,0,581.25,28790.5,0.23142070717764132,0.49685943253194714,0.0
2026-07-20,2026,0.4623152259869822,0.6533244114605512,0.09613242081808053,0.4615041466431454,0.31130434782608696,-0.15026362038664323,1,0.3312829525483304,0.9389579058526576,-1.5593811464606513,-1.6546910801549166,3.5904535961230426,0.8044054007777385,0.9523809523809523,1.041425877486465,-0.0026186576893023616,-0.0009503372339422222,0,109367.0,0.13640570053673884,-194.5,194.5,0.3155098647525194,116.75,194.5,0,616.4625,29002.25,0.08178211779066219,0.44688172043010754,0.0
2026-07-21,2026,0.6745684835423994,0.8522577103706264,0.2345000597300203,0.2960131742126985,0.21189591078066913,-0.02197802197802198,3,0.8475274725274725,0.955360823371408,-1.3421839103828224,-1.5615996096529587,3.6469595624860207,0.7325862438747517,0.9484126984126984,0.6257751031776689,0.005429557415697506,0.0008344625448444276,1,107769.0,0.15536105032822758,90.75,90.75,0.2378677292780613,146.25,56.5,0,614.8375,29218.5,0.13640570053673884,0.3155098647525194,0.0
2026-07-22,2026,-0.36898812912476014,0.6494191072595779,0.08308635666836996,0.3268180572247876,0.25554484088717455,0.6541935483870968,0,0.6567741935483871,0.9014889997171933,-0.5153604486895675,-0.7827018365066303,4.594368186897757,0.9011078921274014,0.9246031746031746,0.5068842642376705,-0.007334626292180069,-0.0034936207006843745,2,100411.0,0.006662225183211193,7.75,7.75,0.21085035949986294,125.0,44.5,0,592.8375,29217.25,0.15536105032822758,0.2378677292780613,0.0
2026-07-23,2026,-0.8838983974708383,1.0212580398997058,0.1294646873594242,0.423852610923362,0.16853932584269662,-0.19958847736625515,3,0.12242798353909465,1.252680160041907,-0.6722773356589979,-0.945827973400198,4.569198735419166,0.910897812682809,0.8968253968253969,0.43998691812929247,0.004205795154476166,0.0011857022282592,3,138698.0,0.17964394893004856,-164.0,164.0,0.41382317671427016,103.5,237.25,0,573.3125,28669.75,0.006662225183211193,0.21085035949986294,0.0
2026-07-24,2026,0.060291334770936934,0.4748492716630726,0.04715382314824045,0.5685868943361352,0.44981132075471697,-0.7267801857585139,1,0.01934984520123839,1.1663008823980998,-1.8419222813888985,-2.1784095409937065,3.3105663864806605,1.0353467103861058,0.8888888888888888,0.7930290894688201,2.8089121629881753e-05,0.0079566250710279,4,129134.0,0.042368555385400714,-83.5,83.5,0.572987721691678,325.5,85.5,0,568.075,28305.25,0.17964394893004856,0.41382317671427016,0.0
2026-07-27,2026,0.6562555614878093,0.4658302189001602,0.010407440212577503,1.0228688378715074,0.9171764705882353,-0.9391039582427142,0,0.016963897346672467,1.2594863691659897,-2.253670581954087,-2.6686154119950154,2.8120061398825413,0.9919451285976196,0.8849206349206349,0.7314468766684463,0.011572759495119267,0.009521650733152809,0,140286.0,0.1093273398619361,150.5,150.5,0.3230112119594234,181.5,111.75,0,561.9,28050.75,0.042368555385400714,0.572987721691678,0.0
2026-07-28,2026,-0.4514794495907905,0.6988038492670203,0.08048103607770583,0.6988038492670203,0.4015267175572519,-0.6962676962676962,0,0.19626769626769627,1.4725879506390085,-2.1516548250742,-2.706790178972929,2.7754991456066187,1.0258049479090978,0.873015873015873,1.217285727133735,0.0003255056726659822,0.006959697837155998,1,164022.0,0.20339309812994025,307.5,307.5,0.7199388434211709,400.25,7.5,1,555.95,27679.75,0.1093273398619361,0.3230112119594234,0.0
2026-07-29,2026,-0.13063973063973064,0.9665544332210999,0.020739519249064503,0.8210998877665544,0.5332007952286282,-0.6396938217605249,3,0.1820667031164571,1.2060777717201,-2.298540965207632,-3.048296296296297,2.3591043771043765,0.6735654732498877,0.876984126984127,0.8556677890011223,0.001916648938036336,0.0040746164337489565,2,136051.0,0.16927277240009928,283.0,283.0,0.8574635241301908,477.5,212.75,0,556.875,27622.0,0.20339309812994025,0.7199388434211709,1.0
2026-07-30,2026,-0.05166019074531967,1.203196750264924,0.15398230088495576,0.7651889791593076,0.7105134474327628,0.8280438545874207,0,0.9723023658395845,1.4431605122136084,-2.2044551395266665,-3.092749911691984,2.147178558813137,0.6804221302595405,0.8849206349206349,1.2190921935711763,-0.014026081924866873,-0.009868631042732723,3,162795.0,0.042685292976329066,40.25,40.25,0.42078770752384315,62.0,238.25,0,566.2,28234.5,0.16927277240009928,0.8574635241301908,0.0
2026-07-31,2026,0.5566187830016833,0.6285595701999125,0.06596206473530244,1.1916345776937445,0.613950276243094,-0.5255417956656346,1,0.24342105263157895,1.6865373278548286,-1.5153681200857756,-2.5061772233623114,2.8948649957342782,0.6829873236133576,0.8611111111111112,0.8914201388088266,-0.0014812358464242337,0.006179441072196923,4,190249.0,0.13883557261676263,196.0,196.0,0.4906730614033066,266.0,121.5,0,542.1125,28237.0,0.042685292976329066,0.42078770752384315,0.0
2026-08-03,2026,-0.026495511751673098,0.5751353326785591,0.07978075517661389,0.6916242205522943,0.5996055226824457,0.7034346103038309,0,0.9808454425363277,1.131888699056466,-1.0775678947488663,-2.1507868710171043,3.1283410611909277,0.6384982613762117,0.8611111111111112,1.1804207304538497,-0.0001700075726174255,-0.0026105733506092133,0,131839.0,0.25170998632010944,215.25,215.25,0.5107238299719056,279.5,1.75,0,547.2625,28684.75,0.13883557261676263,0.4906730614033066,0.0
2026-08-04,2026,0.5927338017866247,0.7988828053997739,0.14153454461289203,0.6388402456054796,0.4916030534351145,0.8591256072172103,0,0.9312977099236641,1.1229564622290211,-0.11907875778600661,-1.2214394963757673,3.832309977168446,0.770344496118959,0.8809523809523809,1.1539910890430696,-0.006791484389186975,-0.0048080601683053725,1,139474.0,0.5169957915182907,382.75,382.75,0.7013499434752731,395.5,26.5,1,563.9125,29543.75,0.25170998632010944,0.5107238299719056,0.0
2026-08-05,2026,0.0846629762292413,0.3707804189731901,0.08958228485153498,0.38337132313035927,0.36578382247673585,-0.40770101925254815,1,0.144960362400906,1.1093818562428293,1.61469662433518,0.5908694236405072,5.492868772386843,0.9713264846454611,0.9007936507936508,1.2695104743297514,0.0012002028724426017,0.0015619238711427341,2,137788.0,0.07158234660925726,-111.0,111.0,0.31824595680017365,28.75,183.25,0,575.8125,29885.25,0.5169957915182907,0.7013499434752731,1.0
2026-08-06,2026,-0.7662785119281259,0.6162501635483448,0.09500296267035355,0.742727550263858,0.6223404255319149,0.6987668819729889,0,0.9189665296535525,1.0588758224030839,1.3233677875179928,0.33726721618910854,5.212830912817829,1.0100398133751212,0.8888888888888888,0.6489598325264948,-0.0047158078229516676,-0.009335199682666051,3,138169.0,0.013754875795524533,-96.25,96.25,0.3209908849055781,53.75,184.0,0,573.225,29632.5,0.07158234660925726,0.31824595680017365,0.0
2026-08-07,2026,0.31228755016557386,0.7267703239106121,0.08779443254817987,0.44825544419833774,0.1254180602006689,0.06555772994129158,6,0.6516634050880626,1.0671544290567023,0.9466435667448861,-0.05199236825368697,4.789977850391458,1.2295502700137093,0.8809523809523809,0.7807188754139346,9.627630133990372e-05,0.001595637350408019,4,142940.0,0.14080459770114942,69.0,69.0,0.21798723656220534,124.25,71.0,0,569.9875,29731.0,0.013754875795524533,0.3209908849055781,0.0
2026-08-10,2026,0.009720749381406858,0.37513255567338283,0.03336090432864627,0.32034287734181693,0.41530524505588995,0.30896551724137933,3,0.7875862068965517,0.7536837338728231,1.4426917638741632,0.43374867444326776,5.2574098621421035,1.2138751952022822,0.8690476190476191,0.5138741604807353,-0.0016478789899074808,0.0003082099004056982,0,103194.0,0.09572301425661914,-72.0,72.0,0.2332979851537646,30.75,132.0,0,565.8,29861.5,0.14080459770114942,0.21798723656220534,0.0
2026-08-11,2026,0.09137452074293455,0.4054457377689005,0.03755533342853063,0.38707899993112477,0.11759799833194329,-0.3155397390272835,1,0.6690391459074733,0.8321093781382491,1.4500539522923985,0.4623550749592499,5.411270289505705,1.2762549424131937,0.8373015873015873,0.3328971233096862,0.004469520742307331,0.0010735404325319386,1,113932.0,0.17165354330708663,-165.0,165.0,0.43942420276878574,32.0,239.25,0,544.4625,29772.75,0.09572301425661914,0.2332979851537646,0.0
2026-08-12,2026,0.7123949287140667,0.6840663168160497,0.24480450862979922,0.3222960107741606,0.0,-0.6512968299711815,6,0.2881844380403458,0.8509014420882344,1.1483072493382223,0.16956299633121039,5.103654855338316,0.4992211450721135,0.8293650793650794,0.5740026935401477,-0.0017633932954304044,0.00039870957571075394,2,116505.0,0.06176961602671119,6.0,6.0,0.11099243022337806,53.75,59.75,0,538.325,29878.25,0.17165354330708663,0.43942420276878574,0.0
2026-08-13,2026,0.05056710775047259,0.2712665406427221,0.07392423685178375,0.7613421550094518,0.8288700195950359,0.8733705772811918,0,0.9913097454996896,0.870241273156855,1.6684310018903563,0.7236862003780752,5.679116257088844,0.5945945062551687,0.8174603174603174,0.34640831758034024,-0.01039008529953378,-0.006178134226267229,3,119153.0,0.019938650306748466,-24.0,24.0,0.3000945179584121,10.0,158.75,0,529.0,30262.75,0.06176961602671119,0.11099243022337806,0.0
2026-08-14,2026,0.005227018936064055,0.30174154767278866,0.035543996532293023,0.28796122502316523,0.2922077922077922,-0.6782178217821783,4,0.06435643564356436,0.813762831444754,2.251134500700893,1.4134999643612343,6.344120791655775,0.5703798655233002,0.8134920634920635,0.7778754543942599,0.00781374313615435,0.0013216348731264205,4,111420.0,0.1504811898512686,-55.75,55.75,0.2095559409822044,37.75,110.25,0,526.1125,30138.75,0.019938650306748466,0.3000945179584121,0.0
