date,year,side,setup,pnl,mfe_atr,mae_atr,atr,atr_ratio,bar_body,bar_dir,bar_range_atr,run_closes,vol_trend,rvol_entry,mins_open,ib_range_atr,beyond_ib,day_range_used,dist_prevday_atr,prior_run_atr,dist_ext_atr,vwap_ext_atr,vwap_slope_atr,rsi,accel_atr,on_range_atr,mover,win
2021-06-04,2021,LONG,PM_LONG,-16.240000000000002,1.489768076398363,1.3751705320600274,13.089285714285714,0.975986975986976,0.05454545454545454,-0.05454545454545454,1.0504774897680764,3.0,1.0341159246268736,0.7166181390420729,115.0,11.077762619372443,1.0,12.529331514324694,-11.822646657571624,11.803547066848568,-0.38199181446111874,4.202841942444051,0.5747749536420269,87.34877007607108,0.3628922237380628,9.58799454297408,False,False
2021-06-11,2021,SHORT,ORB_SHORT,-39.24,0.10200364298724954,2.3460837887067396,19.607142857142858,0.7654280569651334,0.6435643564356436,0.6435643564356436,1.2877959927140255,4.0,1.0344616701831637,0.9398575837170051,90.0,2.2568306010928962,1.0,2.7413479052823315,6.451730418943534,1.1475409836065573,-0.30601092896174864,1.3019854781988647,0.21987425228596205,41.12914220579829,-0.7140255009107468,2.601092896174863,False,False
2021-06-14,2021,LONG,PM_LONG,-36.239999999999995,0.5862068965517241,2.206896551724138,7.25,0.5577017515141595,0.6727272727272727,0.6727272727272727,1.896551724137931,5.0,1.9536461927766273,0.8860134613502669,255.0,11.0,1.0,14.793103448275861,,7.379310344827586,-0.5172413793103449,6.678849947300854,0.3011157890909215,75.80676899466343,0.4482758620689655,21.620689655172413,False,False
2021-06-17,2021,LONG,PM_LONG,-46.74,1.4192439862542956,5.111683848797251,20.785714285714285,1.0293010312653461,0.6846153846153846,-0.6846153846153846,1.563573883161512,3.0,0.9100851495976877,0.7373100597698415,140.0,8.780068728522338,1.0,12.61683848797251,-3.4518900343642613,11.149484536082475,-1.3951890034364263,4.373897566386939,0.8308468433567442,78.00061198507505,-2.285223367697595,16.080756013745706,False,False
2021-06-21,2021,LONG,PM_LONG,-23.74,1.7039473684210527,1.243421052631579,10.857142857142858,1.038827838827839,0.1836734693877551,0.1836734693877551,1.1282894736842104,5.0,1.2330638842706723,0.853221785897217,250.0,11.12171052631579,1.0,16.25657894736842,,6.815789473684211,-0.8980263157894737,5.6253428645884345,0.2691674882585415,57.98455160740082,0.2763157894736842,14.990131578947368,False,False
2021-06-22,2021,LONG,PM_LONG,61.260000000000005,3.191724137931035,0.8158620689655173,27.884615384615383,0.9107873629071861,0.1,0.1,0.896551724137931,4.0,0.5621545847573797,0.8504150566854911,60.0,2.779310344827586,0.0,2.779310344827586,-0.9055172413793104,1.7662068965517241,-0.5558620689655173,0.7226700454919122,0.2293212045653039,82.94725159321992,0.15241379310344827,8.45448275862069,True,True
2021-06-24,2021,LONG,PM_LONG,-36.739999999999995,3.252268602540835,6.352087114337569,9.839285714285714,0.6396193338342098,0.1875,0.1875,1.2196007259528132,2.0,0.8369921501747765,0.8611325124342954,130.0,6.4537205081669695,0.0,6.885662431941924,-7.444646098003631,4.090744101633394,-2.210526315789474,0.6055177798379919,0.09792168360477535,71.57676546052687,-0.9909255898366607,8.130671506352087,True,False
2021-06-29,2021,LONG,PM_LONG,9.26,2.359908883826879,2.1047835990888384,15.678571428571429,0.6160150247567013,0.42857142857142855,0.42857142857142855,1.3394077448747153,5.0,0.8284668198652133,0.8772728257807252,75.0,3.79498861047836,0.0,3.9863325740318905,-0.3826879271070615,1.2596810933940774,-0.44646924829157175,1.2225543127287084,0.04399250017838783,88.60528038805295,-0.23917995444191342,8.30751708428246,False,True
2021-07-01,2021,SHORT,ORB_SHORT,-26.74,0.10687022900763359,3.6736641221374042,18.714285714285715,0.6359911217346764,0.3490566037735849,0.3490566037735849,1.416030534351145,5.0,1.5243507240195524,1.2517991996044509,110.0,3.3263358778625953,1.0,5.3034351145038165,-1.963740458015267,2.4847328244274807,-0.5610687022900763,2.6836645502167005,0.5026655837623609,19.645959794815624,0.16030534351145037,5.797709923664121,False,False
2021-07-02,2021,LONG,PM_LONG,17.26,3.1742808798646363,1.2081218274111676,10.553571428571429,0.6940413180809287,0.1951219512195122,-0.1951219512195122,0.9712351945854484,4.0,1.127822426329889,1.0723708243698502,145.0,4.358714043993232,1.0,5.472081218274112,-9.309644670050762,3.6717428087986463,-0.8291032148900169,2.061234742295553,0.20688904216247114,75.9545896553368,-1.3976311336717429,12.76818950930626,True,True
2021-07-09,2021,LONG,PM_LONG,63.760000000000005,3.0224525043177897,0.24179620034542315,20.678571428571427,1.365374677002584,0.8699186991869918,0.8699186991869918,1.4870466321243525,5.0,0.9198122197884688,0.9457938518447095,80.0,3.215889464594128,1.0,5.029360967184802,-0.6286701208981003,3.6632124352331608,-0.13298791018998274,2.7412467110081082,0.36330674258703655,45.19288487770319,2.2728842832469778,3.892918825561313,True,True
2021-07-13,2021,LONG,PM_LONG,-22.24,0.5159705159705159,10.542997542997542,14.535714285714286,0.625275986929259,0.7341772151898734,0.7341772151898734,1.3587223587223587,4.0,0.8139465414441218,0.89642161163345,110.0,8.496314496314495,1.0,10.319410319410318,-6.759213759213758,9.2014742014742,-0.34398034398034394,4.523782445033094,0.5161474953042011,55.983176138127625,1.4275184275184274,9.167076167076166,False,False
2021-07-15,2021,SHORT,ORB_SHORT,70.76,2.0976543800861656,1.1594064145524174,37.30357142857143,1.0101369375778053,0.9907407407407407,0.9907407407407407,1.4475825753949256,2.0,0.9549968307627298,1.0143517128355035,70.0,3.1230253709909044,0.0,3.1230253709909044,-2.0239348970799425,2.854954523695548,-0.026807084729535663,1.481276642675596,0.2583397219295588,23.56910131548743,-1.4475825753949256,6.078506462422212,False,True
2021-07-15,2021,SHORT,ORB_SHORT,-72.24,1.3421052631578947,2.723684210526316,19.0,1.0101369375778053,0.5394736842105263,-0.5394736842105263,1.0,3.0,1.5249064180565224,0.7661824687650228,250.0,6.131578947368421,1.0,9.43421052631579,-6.75,8.381578947368421,-0.5789473684210527,3.73636254307377,0.31531959971796725,35.05571811760535,1.644736842105263,11.93421052631579,False,False
2021-07-16,2021,SHORT,ORB_SHORT,-58.74,1.9029126213592231,1.7126213592233008,27.589285714285715,1.3071314245064911,0.6918238993710691,0.6918238993710691,1.4407766990291262,3.0,0.7189077190461438,0.8943538959273558,90.0,4.739158576051779,1.0,5.001941747572816,0.9967637540453074,3.3980582524271843,-0.1540453074433657,2.218416630021139,0.3715646899329302,18.53502454728283,1.776051779935275,3.3618122977346276,False,False
2021-07-19,2021,SHORT,ORB_SHORT,-164.24,0.07710464201416208,2.4673485444531864,22.696428571428573,1.0448159345545083,0.7450980392156863,0.7450980392156863,1.6852871754523995,2.0,1.1681151397730418,0.8787928816980394,265.0,5.1549960660896925,0.0,5.760818253343824,,2.8308418568056646,-0.8811959087332808,1.7415071354802525,0.11035628803236938,44.71746561499015,1.7183320220298977,7.170731707317072,False,False
2021-07-20,2021,LONG,PM_LONG,163.76,4.903743315508021,0.8983957219251336,13.357142857142858,1.5575315667792993,0.9333333333333333,-0.9333333333333333,2.2459893048128343,3.0,1.01380042462845,0.8940981494683131,210.0,7.411764705882352,1.0,17.06951871657754,-10.518716577540106,9.302139037433154,-2.1898395721925135,7.423241939777381,0.6299104820811436,53.53435505344407,-2.564171122994652,13.51336898395722,True,True
2021-07-21,2021,LONG,PM_LONG,-21.74,1.6479166666666667,2.3916666666666666,17.142857142857142,0.9768191175154393,0.7083333333333334,0.7083333333333334,1.05,3.0,0.7291777627856881,0.7637286658710765,90.0,4.41875,1.0,5.060416666666667,0.35000000000000003,4.33125,-0.14583333333333334,2.125455514828824,0.2524843773368048,81.56247274811176,0.7875,11.039583333333333,False,False
2021-07-21,2021,LONG,PM_LONG,22.26,2.1743264659270998,1.1980982567353409,11.267857142857142,0.9768191175154393,0.7021276595744681,0.7021276595744681,1.0427892234548337,3.0,0.940593730261627,0.7259725129739755,250.0,6.722662440570523,1.0,8.34231378763867,0.19968304278922347,6.922345483359747,-0.532488114104596,2.5938009770606505,0.105684639216818,63.84186964004351,-0.554675118858954,16.79556259904913,False,True
2021-07-22,2021,LONG,PM_LONG,-83.24,0.5858761987794245,3.136878814298169,20.482142857142858,0.7255239996370565,0.543859649122807,0.543859649122807,0.6957279860505666,4.0,0.735984273655673,0.7299038666277612,65.0,3.3443766346992154,1.0,3.7715780296425456,-4.040104620749782,3.6617262423714037,-0.1098517872711421,1.6329986343817886,0.32264357153925094,81.06458679138143,0.976460331299041,8.22667829119442,False,False
2021-07-23,2021,LONG,PM_LONG,93.26,4.762295081967213,0.7803278688524591,21.785714285714285,0.7315936626281453,0.504950495049505,0.504950495049505,1.159016393442623,4.0,0.7216062763177713,0.8644140114238525,65.0,3.3278688524590168,1.0,3.878688524590164,-3.649180327868853,1.1360655737704919,-0.39016393442622954,1.5478517393691544,0.43845800077945823,75.45972365625941,0.6081967213114754,2.318032786885246,True,True
2021-07-23,2021,LONG,PM_LONG,5.76,1.720226843100189,1.3232514177693762,9.446428571428571,0.7315936626281453,0.9473684210526315,0.9473684210526315,1.005671077504726,3.0,1.2282414774097112,0.7204415323770733,220.0,7.674858223062382,1.0,17.361058601134214,-17.678638941398866,11.882797731569,-0.052930056710775046,8.62344986015317,0.6072307096590466,73.54591859096521,1.3497164461247637,5.34593572778828,False,True
2021-07-27,2021,SHORT,ORB_SHORT,26.76,2.6320907617504052,2.3598055105348457,33.05357142857143,0.7226424126376257,0.9786096256684492,0.9786096256684492,1.4143706104808211,2.0,0.7519239302185039,0.9687208240701098,105.0,5.354943273905996,1.0,7.427336574824419,-5.407887628309022,7.374392220421393,-0.0,3.740453920610044,0.6941439146002788,30.54147914526702,1.868179362506753,8.01728795245813,True,True
2021-07-27,2021,SHORT,ORB_SHORT,-242.74,0.6671554252199413,6.107038123167155,24.357142857142858,0.7226424126376257,0.35766423357664234,0.35766423357664234,1.4061583577712609,4.0,1.2329248473668029,0.717806482036119,225.0,7.266862170087976,1.0,13.19941348973607,-10.243401759530792,12.912023460410557,-0.2155425219941349,5.685731307983038,0.34213523409609126,33.47285434521467,-0.15395894428152493,10.879765395894427,False,False
2021-07-28,2021,LONG,VWAP_LONG,30.26,1.7103092783505154,2.3092783505154637,34.642857142857146,1.4293920536141695,0.8642533936651584,-0.8642533936651584,1.5948453608247422,1.0,0.789865791956093,0.9399928462483297,70.0,5.0010309278350515,0.0,5.0010309278350515,3.038144329896907,0.10103092783505153,-2.1072164948453604,0.39082774630568157,0.7218977060515677,19.08515997397629,-2.836082474226804,3.637113402061855,False,True
2021-07-29,2021,LONG,PM_LONG,13.260000000000002,1.0887573964497042,0.9467455621301775,21.125,1.3880325514600287,0.2808988764044944,-0.2808988764044944,1.0532544378698225,3.0,0.7732907910333157,0.9382554461994215,70.0,4.603550295857988,0.0,4.603550295857988,0.650887573964497,3.6804733727810652,-0.8757396449704142,0.7075589772216706,0.13013764087885024,85.12663885049655,-1.9053254437869822,9.668639053254438,False,True
2021-08-05,2021,LONG,PM_LONG,-0.7400000000000002,1.08839190628328,0.7752928647497338,16.767857142857142,0.9525307125307125,0.8,0.8,1.4164004259850906,3.0,0.7078157704717248,0.9622904086369458,80.0,3.8168264110756125,1.0,4.696485623003195,-2.400425985090522,2.802981895633653,-0.19382321618743345,1.8921283415421193,0.23743536416771294,77.91994619201208,1.4014909478168265,5.993610223642173,False,False
2021-08-06,2021,SHORT,ORB_SHORT,-42.74,1.6683217477656405,1.7795431976166831,17.982142857142858,0.6082931153353688,0.37681159420289856,0.37681159420289856,0.9592850049652433,4.0,1.3041919835188163,1.0018746166538526,85.0,3.044687189672294,1.0,4.560079443892751,0.2641509433962264,1.7517378351539226,-0.5283018867924528,2.0173116304254797,0.3359286024694087,16.362905130200218,1.9602780536246276,4.754716981132075,False,False
2021-08-16,2021,SHORT,ORB_SHORT,-83.24,1.234544295729764,4.805608667941364,30.173076923076923,0.62152133580705,0.18041237113402062,-0.18041237113402062,1.607393244104525,3.0,1.038841792829536,1.3304016214632242,60.0,6.462715105162524,0.0,6.462715105162524,,4.010197578075207,-1.3753983428935628,1.996758830188007,1.6154332816302257,44.25519276540612,-2.6265137029955383,2.444231994901211,False,False
2021-08-17,2021,SHORT,ORB_SHORT,-76.24,0.6968325791855204,3.0935143288084466,23.678571428571427,0.9997936016511868,0.5652173913043478,-0.5652173913043478,1.2141779788838614,3.0,1.041398355855423,0.8748655211090041,210.0,3.9592760180995477,1.0,6.788838612368025,0.11613876319758673,4.107088989441931,-0.9607843137254902,2.690415034254156,0.354455263663107,41.1521035305956,-2.164404223227753,6.926093514328809,False,False
2021-08-19,2021,LONG,PM_LONG,86.76,3.228942905596382,1.2662521198417185,31.589285714285715,1.1993808049535604,0.9210526315789473,0.9210526315789473,1.2029395138496326,3.0,1.0808708806973115,0.9517140067433428,85.0,3.8858111927642733,1.0,4.3052572074618425,4.431882419446015,3.8778971170152627,-0.0791407574901074,2.200591387598815,0.2780260212362577,43.39789836029974,2.706613906161673,7.779536461277558,True,True
2021-08-23,2021,LONG,PM_LONG,72.26,4.637636080870918,0.21772939346811818,11.482142857142858,0.9277432712215321,0.9272727272727272,0.9272727272727272,1.19751166407465,3.0,0.6069559556301175,0.7155320905867363,120.0,11.6049766718507,1.0,14.02177293934681,,13.716951788491446,-0.08709175738724727,5.290285238663762,0.5763449337772759,92.93788905434468,0.609642301710731,19.073094867807153,True,True
2021-08-24,2021,LONG,PM_LONG,-35.239999999999995,0.6420581655480985,1.7069351230425056,15.964285714285714,0.661904761904762,0.3968253968253968,-0.3968253968253968,0.9865771812080537,2.0,0.7552597830231188,0.737303528489014,80.0,3.83668903803132,0.0,4.228187919463087,-1.221476510067114,1.534675615212528,-1.425055928411633,0.6559616411029923,0.3747046334636993,72.52188910933671,-2.25503355704698,4.682326621923938,False,False
2021-08-25,2021,SHORT,ORB_SHORT,1.2599999999999998,1.1037735849056602,0.9675052410901467,18.346153846153847,0.6550724637681159,0.27358490566037735,0.27358490566037735,1.4444444444444444,3.0,0.8286661516673105,1.1324829997735144,60.0,3.1205450733752618,0.0,3.1205450733752618,2.2075471698113205,0.6677148846960167,-0.7358490566037735,1.0959266022825966,0.2922003542222968,62.16280431916191,1.9077568134171907,3.9654088050314464,False,True
2021-08-26,2021,SHORT,ORB_SHORT,-69.74000000000001,1.842414082145851,2.652137468566639,21.303571428571427,0.6884558977582234,0.09917355371900827,0.09917355371900827,1.4199497066219615,4.0,1.9648184229935164,1.0858892028821818,65.0,4.5297569153394805,0.0,4.5297569153394805,-1.7954735959765298,1.9010896898575023,-1.2439228834870075,1.7118966437927383,0.8472978222766058,15.476553494355045,-0.4224643755238894,4.212908633696563,False,False
2021-08-30,2021,LONG,PM_LONG,-12.24,1.9662921348314608,2.064606741573034,12.714285714285714,0.7800125707102452,0.4852941176470588,0.4852941176470588,1.3370786516853934,4.0,1.0856651345321615,0.9208087136043283,135.0,10.28370786516854,1.0,11.188202247191011,,10.775280898876405,-0.37359550561797755,3.917755727228049,0.39472753624654566,81.70170728191349,-0.2752808988764045,14.275280898876405,False,False
2021-09-08,2021,SHORT,ORB_SHORT,92.26,3.1317157712305024,1.475736568457539,22.192307692307693,0.7976411488478758,0.7759562841530054,0.7759562841530054,2.0615251299826687,4.0,1.2237020967889618,1.6822221420806693,60.0,3.582322357019064,0.0,3.582322357019064,-0.6308492201039861,3.289428076256499,-0.24783362218370883,1.6462870323805368,-0.0059809340531835386,27.042822649560563,3.672443674176776,5.114384748700173,True,True
2021-09-20,2021,SHORT,VWAP_SHORT,189.26,5.666990291262136,0.4101941747572816,39.61538461538461,1.0884786760025462,0.07894736842105263,0.07894736842105263,0.7194174757281554,3.0,0.7807014405952485,0.8789966627193455,60.0,3.496116504854369,0.0,3.496116504854369,,0.9970873786407768,-0.5868932038834952,1.1628261461080045,0.5597687158260705,73.52710910648025,-0.7762135922330098,7.112135922330097,True,True
2021-09-21,2021,LONG,ORB_LONG,-47.24,0.6170798898071626,3.031404958677686,32.410714285714285,1.8748143433057503,0.9395348837209302,0.9395348837209302,1.6584022038567494,3.0,0.9568414322250639,1.1600424587376417,120.0,4.003305785123967,0.0,4.8517906336088155,1.6044077134986225,0.5476584022038568,-0.9950413223140496,1.4870217097250404,0.05164621640618932,67.09208785061202,-0.5399449035812672,7.227548209366391,False,False
2021-09-22,2021,LONG,PM_LONG,-82.24,3.337028824833703,5.168514412416851,16.107142857142858,1.7432633142372163,0.046875,-0.046875,2.9800443458980044,4.0,1.82977370963641,1.8028657990921735,140.0,7.558758314855876,1.0,11.733924611973393,-2.5764966740576494,6.922394678492239,-1.893569844789357,4.762265683689476,0.8427178014954751,78.46645146072011,-1.4434589800443458,12.152993348115299,True,False
2021-09-23,2021,LONG,PM_LONG,-68.24000000000001,0.8952234206471495,2.5993836671802777,23.178571428571427,1.5346912794398473,0.75,0.75,1.2942989214175655,1.0,0.7323772125595222,0.8095487107108225,75.0,6.816640986132512,0.0,6.816640986132512,-4.271186440677966,4.961479198767335,-0.6040061633281972,2.1169195271442245,0.5183676152939597,91.87337323959062,0.2157164869029276,6.795069337442219,False,False
2021-09-23,2021,LONG,PM_LONG,-7.74,1.3662456946039034,0.9804822043628013,15.553571428571429,1.5346912794398473,0.8285714285714286,0.8285714285714286,1.1251435132032146,4.0,1.207547475533087,0.7827265772657727,215.0,10.158438576349024,0.0,10.158438576349024,-6.332950631458094,7.361653272101033,-0.9322617680826636,2.495029570703367,0.10876899087190027,69.02340025724158,0.8840413318025259,10.126291618828931,False,False
2021-09-28,2021,SHORT,ORB_SHORT,109.26,3.176572668112798,0.07288503253796096,41.160714285714285,1.2972628898790581,0.273972602739726,-0.273972602739726,1.3301518438177875,2.0,0.9523495579666464,0.940874925508942,65.0,4.956182212581345,0.0,4.956182212581345,-5.162689804772234,3.1522776572668114,-1.0750542299349242,1.0143666885501477,0.7794547144990577,23.85199710499893,-0.7349240780911063,10.574403470715835,True,True
2021-09-29,2021,LONG,PM_LONG,-44.24,0.4377399890290729,4.584750411409764,32.55357142857143,2.0014852535539998,0.4927536231884058,-0.4927536231884058,1.0597915523861765,3.0,0.8056538577975426,0.8527104166494064,90.0,3.6555128908392756,0.0,3.6555128908392756,5.2528798683488755,1.305540318156884,-1.4284147010422379,0.19424332898589955,0.05515541294495925,41.55291362163294,-2.0274273176083377,5.275918815139879,False,False
2021-09-30,2021,SHORT,ORB_SHORT,-59.74,1.724264705882353,3.2941176470588234,29.142857142857142,1.794610651389773,0.6793893129770993,0.6793893129770993,1.1237745098039216,4.0,1.4465037470286692,0.874430586110692,135.0,3.1139705882352944,1.0,5.241421568627451,0.7377450980392157,2.659313725490196,-0.22303921568627452,3.041163011905048,0.3042469733111152,27.94724947763568,0.3345588235294118,10.637254901960784,False,False
2021-10-01,2021,SHORT,ORB_SHORT,-407.24,0.3384311790823878,6.098667982239763,36.19642857142857,1.9297687248037345,0.86,-0.86,1.3813517513566849,3.0,0.8489857363290806,0.7892127615720903,75.0,5.32511100148002,0.0,5.477059694129255,-2.2239763196842626,3.322150962012827,-1.450419338924519,0.6688238908633506,0.6675552080577742,22.603666919867266,-1.5540207202762704,5.276763690182536,False,False
2021-10-04,2021,SHORT,ORB_SHORT,102.26,2.4434297311009643,1.1861998985286657,35.19642857142857,1.7286229577763632,0.44508670520231214,-0.44508670520231214,1.2288178589548453,3.0,0.7024055147386499,0.7872295598706428,95.0,7.337392186707255,1.0,9.02080162354135,,7.124302384576358,-1.4561136478944698,2.1950979597215072,0.86407874715425,22.75906730377679,-2.684931506849315,9.71689497716895,False,True
2021-10-05,2021,LONG,PM_LONG,43.76,2.4301521438450897,1.0746887966804979,25.821428571428573,2.0555909187354127,0.5757575757575758,0.5757575757575758,0.95850622406639,5.0,0.6951694064817021,0.7598759807987815,90.0,5.673582295988934,1.0,7.677731673582295,1.0940525587828491,7.15491009681881,-0.11618257261410787,3.7060031716391375,0.6462780784799025,73.08993394395728,-0.16459197786998617,8.607192254495159,False,True
2021-10-05,2021,LONG,PM_LONG,0.2599999999999998,0.779510022271715,1.2628062360801782,16.035714285714285,2.0555909187354127,0.9230769230769231,0.9230769230769231,1.0133630289532294,4.0,1.2748941508546339,0.7908061749571184,250.0,9.1358574610245,1.0,15.34075723830735,-1.3719376391982183,14.654788418708241,-0.031180400890868598,6.325033783599128,0.31622498656732223,66.28565497436364,1.4187082405345213,13.859688195991092,False,True
2021-10-14,2021,LONG,PM_LONG,36.26,3.1132867132867132,0.15664335664335666,12.767857142857142,1.3972315436241611,0.5777777777777777,0.5777777777777777,0.8811188811188811,3.0,1.085082479616467,0.8484493670886075,130.0,8.184615384615386,1.0,9.104895104895105,-16.330069930069932,6.637762237762238,-0.17622377622377622,3.723409145003937,0.3960825996044608,82.37162145497462,-0.1958041958041958,22.02797202797203,True,True
2021-10-15,2021,LONG,PM_LONG,-54.74,0.5171503957783642,2.5611257695690415,20.303571428571427,0.8122215149586252,0.9032258064516129,0.9032258064516129,1.145118733509235,5.0,0.8672542069110054,0.8277360868079114,85.0,2.7335092348284964,1.0,3.299912049252419,-3.0536499560246266,1.0589270008795075,-0.04925241864555849,1.910218729073264,0.19421211672672564,82.62463302064819,-0.3324538258575198,3.755496921723835,False,False
2021-10-18,2021,LONG,PM_LONG,44.26,3.95264116575592,0.5865209471766849,9.803571428571429,0.9123700403140251,0.4875,0.4875,2.0400728597449906,4.0,1.6942679836962509,1.0918712847341556,225.0,11.1183970856102,1.0,20.018214936247723,,16.499089253187613,-0.9435336976320583,8.72905957229259,0.5267352953901544,78.81948045898017,1.0965391621129326,28.586520947176684,True,True
2021-10-19,2021,LONG,PM_LONG,15.760000000000002,1.1687840290381126,0.8130671506352087,19.678571428571427,0.8294080203691916,0.9438202247191011,0.9438202247191011,1.1306715063520871,3.0,0.7173109697450348,0.9394495268696407,85.0,3.0235934664246824,1.0,3.7731397459165157,-4.078039927404719,2.2994555353901998,-0.050816696914700546,1.8491785131786815,0.1393634188263337,82.49528323671716,3.0871143375680585,6.847549909255899,False,True
2021-10-20,2021,SHORT,ORB_SHORT,-28.24,3.1469740634005765,2.239193083573487,12.392857142857142,0.8179503500954806,0.8877551020408163,0.8877551020408163,1.9769452449567724,3.0,1.6599105839250574,1.2581301272345138,215.0,5.3861671469740635,1.0,7.2017291066282425,4.518731988472623,4.902017291066283,-0.06051873198847262,4.127947740245254,0.21993394948342335,35.2935613645587,2.400576368876081,7.685878962536023,True,False
2021-10-21,2021,LONG,PM_LONG,-40.74,1.7453083109919572,2.9839142091152815,13.321428571428571,0.9174623382134522,0.4225352112676056,0.4225352112676056,1.3324396782841823,2.0,0.803851970256145,0.8512608958657688,90.0,7.3002680965147455,1.0,8.369973190348526,0.8445040214477212,6.64343163538874,-0.7694369973190349,3.1990089575445544,0.7336555915901372,87.39505514783556,-0.7506702412868633,8.951742627345844,False,False
2021-10-22,2021,LONG,VWAP_LONG,-195.24,0.1319796954314721,6.080493110949964,26.51923076923077,0.7600254614894971,0.8043478260869565,-0.8043478260869565,1.3009427121102248,3.0,0.7340546697038725,0.9887369518209113,60.0,2.950688905003626,0.0,2.950688905003626,1.838288614938361,0.47135605511240025,-1.0841189267585207,0.27236362690156435,0.13885587755230372,71.7402818895415,0.10369833212472807,2.5924583031182014,False,False
2021-10-27,2021,LONG,PM_LONG,-54.24,0.8848314606741574,6.01685393258427,12.714285714285714,1.4597315436241611,0.025,0.025,0.7865168539325843,5.0,1.2420213329940413,0.8768444176597523,235.0,7.058988764044944,1.0,12.32865168539326,-0.39325842696629215,10.657303370786517,-0.7078651685393259,6.174869943807843,0.41780371373006553,75.8787964214584,-0.452247191011236,9.693820224719103,False,False
2021-11-02,2021,LONG,PM_LONG,-42.74,0.1322314049586777,3.9173553719008263,15.125,0.9841073271413829,0.4444444444444444,-0.4444444444444444,1.0413223140495869,2.0,1.0243016023966747,0.9207105100242869,135.0,6.87603305785124,0.0,7.669421487603306,-4.363636363636363,6.545454545454546,-1.024793388429752,1.8887940288907636,0.20161008731857008,80.55399629694118,0.36363636363636365,8.264462809917354,False,False
2021-11-04,2021,LONG,PM_LONG,0.2599999999999998,4.433333333333333,2.992156862745098,18.214285714285715,1.1393527107812822,0.23404255319148937,0.23404255319148937,1.2901960784313724,2.0,0.9110950570778219,0.7997011414920813,100.0,8.852941176470587,0.0,9.580392156862745,-8.331372549019607,6.47843137254902,-1.852941176470588,2.3371482969176105,0.7732744825179728,74.00792766153893,-1.1254901960784314,10.733333333333333,True,True
2021-11-04,2021,LONG,PM_LONG,17.26,4.239802224969098,0.3288009888751545,14.446428571428571,1.1393527107812822,0.06818181818181818,0.06818181818181818,0.7614338689740421,4.0,0.9127370687063295,0.7078182178787679,240.0,11.161928306551298,0.0,12.079110012360939,-11.854140914709518,9.517923362175525,-0.9864029666254636,3.323735956666411,0.19251825733933633,60.86654126102392,-1.2632880098887516,13.532756489493202,True,True
2021-11-05,2021,LONG,PM_LONG,-168.24,0.36507936507936506,8.984126984126984,15.75,1.181892499489066,0.5806451612903226,-0.5806451612903226,0.9841269841269841,3.0,1.0459430425732026,0.7402325143376562,140.0,4.666666666666667,0.0,4.666666666666667,-3.507936507936508,1.4761904761904763,-0.9365079365079365,0.829947624618413,0.06939604047880811,65.8341403211558,-0.47619047619047616,7.746031746031746,False,False
2021-11-10,2021,SHORT,VWAP_SHORT,183.26,6.488059701492538,0.9402985074626866,23.928571428571427,1.6621704475781731,0.39669421487603307,-0.39669421487603307,1.264179104477612,3.0,1.3848940473050206,0.8819690853982927,235.0,7.438805970149255,0.0,8.076119402985075,-4.471641791044776,2.026865671641791,-1.117910447761194,3.3295968944126257,0.5223892504721728,37.36650723362985,-3.8447761194029852,11.15820895522388,True,True
2021-11-12,2021,LONG,ORB_LONG,185.76,4.841221374045801,0.1816793893129771,23.392857142857142,1.038992443324937,0.6826923076923077,0.6826923076923077,1.1114503816793893,3.0,0.834767815258861,0.9088234450486185,75.0,3.2595419847328246,1.0,3.868702290076336,1.015267175572519,0.7267175572519085,-0.23511450381679388,1.841500768348915,0.35457670211480735,24.606244420370643,2.6931297709923663,2.4259541984732826,True,True
2021-11-15,2021,SHORT,ORB_SHORT,-83.24,1.320977253580455,3.585509688289806,21.196428571428573,0.9606045340050376,0.1744186046511628,0.1744186046511628,1.0143218197135635,3.0,2.60247345213557,0.9274123271282488,140.0,4.599831508003369,1.0,7.560235888795281,,6.144903117101937,-0.8138163437236731,3.4237925830752385,0.6136181324010759,31.372607937936436,3.23167649536647,4.635214827295703,False,False
2021-11-17,2021,LONG,PM_LONG,29.76,2.917710196779964,2.6296958855098387,19.964285714285715,0.9161574676950817,0.3090909090909091,-0.3090909090909091,0.6887298747763864,3.0,0.7637755287118657,0.9067408101043364,70.0,2.8676207513416814,1.0,4.16994633273703,-0.8389982110912343,1.2647584973166368,-0.6261180679785331,1.6369714512167355,0.3033286538477231,49.63791256400908,1.7906976744186045,3.2432915921288012,True,True
2021-11-18,2021,LONG,MOM_LONG,95.58,3.797032640949555,-0.00830860534124629,30.089285714285715,1.0146825396825399,0.6951219512195121,0.6951219512195121,1.3626112759643916,4.0,0.7680904249538093,0.8859566473577092,100.0,3.921661721068249,0.0,3.921661721068249,0.7311572700296736,-0.7062314540059347,-1.4955489614243322,0.38306873744790293,-0.06783757517895853,68.4348395448937,0.03323442136498516,8.233827893175073,True,True
2021-11-19,2021,LONG,PM_LONG,-36.239999999999995,0.4727272727272727,4.109090909090909,20.625,1.2225835057641143,0.6095238095238096,0.6095238095238096,1.2727272727272727,3.0,1.0043780998077514,0.8018198981723641,125.0,4.8969696969696965,1.0,5.442424242424242,-5.575757575757576,3.3333333333333335,-0.48484848484848486,1.9953252264515455,0.18205306960294504,76.76914997829796,0.6424242424242425,3.2363636363636363,False,False
2021-11-23,2021,SHORT,ORB_SHORT,75.26,2.125626204238921,1.2678227360308285,46.339285714285715,1.6259063296100336,0.7847222222222222,0.7847222222222222,0.776878612716763,3.0,0.8412722394290144,0.8787516473960951,70.0,3.9653179190751446,1.0,4.483236994219653,-3.442003853564547,2.4547206165703277,-0.12947976878612716,2.09611028556414,0.619860360827085,70.8164295750733,-0.33448940269749516,2.4277456647398843,False,True
2021-11-30,2021,SHORT,ORB_SHORT,46.26,1.1574629220574313,1.6080782581255917,56.589285714285715,1.3514252245216711,0.5541125541125541,0.5541125541125541,1.02051120227201,3.0,0.6155736344014611,0.8609474954636174,120.0,2.434206374250552,1.0,6.096560429157463,-1.3120858314925843,3.9185863048280214,-0.393183969706532,2.8100141517032804,0.5861149002720362,24.795783445611946,0.9542442410855159,3.949510886715052,False,True
2021-12-01,2021,LONG,ORB_LONG,11.760000000000002,1.8960419647114928,8.37863614687649,37.44642857142857,2.2105775786500437,0.75,0.75,1.1216022889842634,3.0,1.005600305866201,0.9031985439934168,75.0,2.850739151168336,0.0,2.850739151168336,2.663805436337625,0.48736289938006677,-0.5541249403910349,0.9456586479334967,0.031451494269458896,64.03720924413648,1.1349546971864568,14.287076776347163,False,True
2021-12-02,2021,SHORT,VWAP_SHORT,-813.24,0.6208344266596694,3.262135922330097,68.05357142857143,2.45095938443557,0.6727748691099477,-0.6727748691099477,1.4033062188401995,3.0,0.9793757151457646,1.002701413571251,75.0,3.5266334295460506,0.0,3.8756231960115453,-0.27551823668328523,-0.22041458934662816,-1.1167672526895827,0.9324571050737845,0.43211360660011033,75.95666863614088,-0.23510889530307005,3.5266334295460506,False,False
2021-12-03,2021,SHORT,ORB_SHORT,153.76,2.356902356902357,0.4024864024864025,68.94642857142857,2.9862666796532578,0.45491803278688525,-0.45491803278688525,0.8847448847448848,3.0,0.9088911419586966,0.792889333761177,80.0,5.203315203315204,1.0,6.320124320124321,-0.9101269101269102,5.0256410256410255,-0.6599326599326599,1.9485918926385513,0.6692899419037298,12.233970637856814,0.050764050764050765,3.0313390313390314,False,True
2021-12-07,2021,LONG,PM_LONG,-3.24,1.6941176470588235,1.6,21.25,2.23336904645953,0.6354166666666666,0.6354166666666666,1.1294117647058823,4.0,0.9065572288327809,0.7500673399654372,125.0,7.094117647058823,1.0,9.08235294117647,-19.352941176470587,8.894117647058824,-0.17647058823529413,3.814357669898805,0.41509523503054346,56.57905599538553,3.0941176470588236,25.152941176470588,False,False
2021-12-09,2021,SHORT,ORB_SHORT,-6.24,3.330578512396694,1.8600206611570247,37.23076923076923,1.3820979838316938,0.12280701754385964,-0.12280701754385964,0.765495867768595,3.0,0.900765547191047,0.9198120896252242,60.0,4.035640495867768,0.0,4.035640495867768,0.6379132231404958,1.6451446280991735,-0.3021694214876033,1.9775930384028597,0.6811680616932458,46.180208147515394,0.9535123966942148,6.869318181818182,True,False
2021-12-09,2021,SHORT,ORB_SHORT,123.26,3.4887459807073955,1.4517684887459807,22.214285714285715,1.3820979838316938,0.5578947368421052,-0.5578947368421052,1.0691318327974275,2.0,1.8897105455241654,0.8987372452961148,260.0,6.763665594855305,1.0,9.419614147909968,-1.0241157556270095,4.85048231511254,-1.0691318327974275,3.8354589758597646,0.289009190044032,36.88908618608242,3.3536977491961415,11.512861736334404,True,True
2021-12-10,2021,SHORT,ORB_SHORT,-206.24,0.12032660077352814,3.2788998710786417,41.55357142857143,1.5805949834726813,0.5064935064935064,0.5064935064935064,0.9265148259561667,3.0,0.9538567894330067,1.0189649156432297,95.0,3.104426299957026,1.0,4.70477009024495,0.1564245810055866,2.8697894284486463,-0.29480017189514396,2.2955071155006075,0.4515348665753892,35.41037103024169,0.547486033519553,4.385904598195101,False,False
2021-12-13,2021,SHORT,ORB_SHORT,15.760000000000002,2.0989399293286217,0.8197879858657244,35.375,1.677826297913634,0.5365853658536586,0.5365853658536586,1.1590106007067138,3.0,0.8242838091227225,0.8938080066491204,90.0,4.3462897526501765,0.0,4.551236749116608,,3.978798586572438,-0.2332155477031802,2.0332519977791406,0.459276152623979,29.92732153481917,1.8374558303886925,9.519434628975265,False,True
2021-12-22,2021,LONG,PM_LONG,106.76,1.8234530506274338,0.6784941583729986,41.267857142857146,1.422346772735491,0.6809338521400778,0.6809338521400778,1.5569017741237559,4.0,0.7859647961884595,1.1349648539397441,65.0,2.683686715707486,1.0,3.3621808740804844,-1.902206836867157,2.5019472090004324,-0.16962353959324966,1.6458000741692829,0.23238672819136788,83.26300793800081,-0.3877109476417135,7.578537429684119,False,True
2021-12-23,2021,LONG,PM_LONG,108.76,2.6744791666666665,0.25390625,29.53846153846154,1.3084661265912934,0.17391304347826086,-0.17391304347826086,0.9733072916666666,3.0,0.6199031006547645,0.7355200419177365,60.0,3.30078125,0.0,3.30078125,-2.8014322916666665,2.5983072916666665,-0.46549479166666663,1.0887090533394663,0.44669149739252134,87.52354288148436,-0.8717447916666666,2.555989583333333,True,True
2021-12-23,2021,LONG,PM_LONG,4.26,0.646795827123696,1.961251862891207,11.982142857142858,1.3084661265912934,0.7831325301204819,0.7831325301204819,1.7317436661698955,4.0,0.9689580736371652,0.7382041502955443,235.0,8.137108792846497,1.0,13.123695976154991,-12.852459016393443,12.35171385991058,-0.18777943368107303,5.8636368387191595,0.27231651928377143,69.51544369684595,2.795827123695976,6.301043219076005,False,True
2021-12-27,2021,LONG,PM_LONG,-28.74,1.4388888888888889,2.112962962962963,19.285714285714285,0.8779605857891882,0.631578947368421,0.631578947368421,1.2314814814814816,3.0,0.7562427479217333,0.7605597271395038,100.0,9.35925925925926,1.0,9.981481481481483,,9.566666666666666,-0.2851851851851852,3.616091666934652,0.5711373950856796,84.10601169866982,0.44074074074074077,13.857407407407408,False,False
2021-12-30,2021,LONG,PM_LONG,21.76,1.5555555555555556,1.8372703412073492,20.410714285714285,1.010948585442761,0.826530612244898,-0.826530612244898,1.200349956255468,2.0,0.6973300183763917,0.8960845245494096,85.0,5.781277340332458,0.0,5.781277340332458,1.0288713910761156,2.5844269466316714,-1.9230096237970256,0.6237468948210266,0.3936239942741863,36.37047752594251,-0.7961504811898513,9.431321084864392,False,True
2022-01-06,2022,SHORT,ORB_SHORT,-813.24,0.006766917293233083,3.3090225563909774,73.88888888888889,1.8137686062246279,0.41935483870967744,-0.41935483870967744,0.8390977443609023,4.0,0.9255552582285256,0.934728523342602,40.0,3.4105263157894736,0.0,3.4105263157894736,-1.4616541353383459,0.5447368421052632,-0.7139097744360903,1.210782540465021,0.7452742349644935,60.218296323351275,-0.6563909774436091,2.9469924812030075,False,False
2022-01-06,2022,LONG,PM_LONG,17.76,0.6115508648490179,1.2969803576663734,60.910714285714285,1.8137686062246279,0.23902439024390243,-0.23902439024390243,0.8413954851949575,3.0,0.7938559950970534,0.9221494226904645,105.0,4.137203166226913,0.0,4.8800938141307535,6.554676048079742,2.5775432424508944,-0.7757255936675462,1.3145108785001698,0.3212417638912733,67.17473143013567,0.7223688068015245,3.5749047200234534,False,True
2022-01-07,2022,SHORT,ORB_SHORT,-80.74,1.5253878702397743,1.6882933709449928,50.642857142857146,2.188233349859527,0.4657534246575342,0.4657534246575342,1.0811001410437235,4.0,0.970098900083187,1.0475932936722552,70.0,3.667842031029619,1.0,4.847672778561353,-0.21720733427362482,3.3568406205923833,-0.09873060648801128,2.5607991022459773,0.6632384832705117,48.07799357877848,0.3011283497884344,3.973906911142454,False,False
2022-01-11,2022,LONG,PM_LONG,169.26,2.7420620763467713,0.1897966464502319,50.05357142857143,2.01755249343832,0.9351851851851852,0.9351851851851852,1.6182661434177665,5.0,1.0661126243566212,0.9907183419094282,100.0,3.55618979664645,1.0,4.655012486621477,-1.7181591152336781,2.7520513735283623,-0.09489832322511595,2.668519260234177,0.14252459785542979,79.26067414613254,1.7381377095968604,6.053514092044238,True,True
2022-01-14,2022,LONG,PM_LONG,-131.24,0.0221483942414175,2.7685492801771874,67.725,1.8812510180811208,0.8807339449541285,0.8807339449541285,1.2070874861572538,3.0,0.7993363053303459,0.9654875782809167,45.0,3.266888150609081,0.0,3.266888150609081,5.725359911406423,2.9863418235511263,-0.1402731635289775,1.156518109469519,0.5004100939859113,89.72596421398327,1.2809154669619787,3.576965669988926,False,False
2022-01-21,2022,SHORT,ORB_SHORT,195.12,2.476043276661515,2.6027820710973724,80.875,1.722836386607707,0.40350877192982454,-0.40350877192982454,0.7047913446676971,3.0,0.8015566004957031,0.917329596110953,35.0,3.542503863987635,0.0,2.624420401854714,-2.089644513137558,1.2117465224111283,-0.5131375579598145,0.7208108195447868,0.8434053943581088,8.758786856165528,-1.026275115919629,2.2009273570324575,False,True
2022-01-21,2022,LONG,PM_LONG,81.64,1.2944756554307115,4.0898876404494375,76.28571428571429,1.722836386607707,0.5031847133757962,0.5031847133757962,1.0290262172284643,4.0,0.9541653934831523,0.9068825910931174,75.0,3.7556179775280896,0.0,3.7556179775280896,7.612827715355805,0.1802434456928839,-0.7734082397003744,0.9903109547811949,-0.047022957698317526,32.51389879715508,-1.5664794007490634,2.333333333333333,False,True
2022-01-24,2022,SHORT,ORB_SHORT,182.96,3.8289233576642334,1.6083485401459854,99.63636363636364,2.7339181286549707,0.9599109131403119,-0.9599109131403119,1.126596715328467,3.0,1.1349503207786746,1.1460884342539472,50.0,2.8880018248175183,0.0,2.8880018248175183,,1.0362682481751824,-1.1215784671532847,0.2764409670729545,0.5699065378142664,71.04854354573907,-1.385036496350365,4.7071167883211675,True,True
2022-01-24,2022,SHORT,ORB_SHORT,245.76,3.7072419106317414,2.9707241910631743,81.125,2.7339181286549707,0.08394160583941605,0.08394160583941605,0.8443759630200308,4.0,0.8806884965798782,0.8259866828586271,110.0,3.546995377503852,0.0,3.546995377503852,,2.268104776579353,-0.38212634822804314,1.082552668610298,0.19411882753788443,55.271872918668585,-1.103235747303544,5.781201848998459,True,True
2022-01-25,2022,SHORT,ORB_SHORT,73.76,1.216115510013973,3.824406148113647,76.67857142857143,3.7905828605113845,0.4241573033707865,0.4241573033707865,1.160689333954355,3.0,0.8801116915871015,0.8743439172686172,95.0,3.4983698183511875,0.0,3.4983698183511875,5.23940381928272,1.4541220307405682,-0.9324639031206334,0.6479083190065257,-0.05628202586552118,56.559718245622875,1.0661387983232418,5.669771774569166,False,True
2022-01-28,2022,LONG,PM_LONG,383.76,2.90532241555783,0.7200614124872057,69.78571428571429,2.546567057986482,0.5418502202643172,0.5418502202643172,0.8132036847492323,3.0,1.0616186614449366,0.9019858578643192,80.0,3.4641760491299896,1.0,3.6038894575230294,4.313203684749232,0.5875127942681678,-0.0465711361310133,2.1254809345857764,0.267714082644601,50.72693100107252,1.7697031729785055,4.854145342886387,True,True
2022-01-28,2022,LONG,PM_LONG,51.26,1.3643059490084986,2.6492917847025494,63.035714285714285,2.546567057986482,0.32075471698113206,0.32075471698113206,0.8407932011331445,2.0,0.8635254853263147,0.7390482826297685,125.0,3.835127478753541,1.0,6.301983002832861,2.922946175637394,2.5025495750708218,-0.511614730878187,3.224315685379334,0.6696682956272033,59.318202621886954,-1.253257790368272,5.373937677053824,False,True
2022-01-31,2022,LONG,PM_LONG,80.76,2.6915278783490226,0.8211440984793628,49.32142857142857,2.2730318257956452,0.44329896907216493,0.44329896907216493,0.9833454018826937,3.0,0.8990994001157074,0.904656036704523,70.0,6.239681390296886,0.0,6.239681390296886,,4.191889934829834,-0.5981173062997828,1.645264895481148,0.6795851801767478,82.42808706981049,1.2367849384503984,9.853729181752353,True,True
2022-02-01,2022,LONG,VWAP_LONG,-65.24000000000001,0.98026734563972,1.1807765754296626,56.107142857142854,1.523659305993691,0.6666666666666666,0.6666666666666666,0.8956078930617442,4.0,0.7972748670354322,0.7705723858744736,95.0,3.970082749840866,0.0,3.970082749840866,0.48122215149586256,-0.9980903882877149,-1.1495862507956716,1.1337998346985578,0.011351200334192483,38.280705071733536,1.0872056015276894,5.395926161680459,False,False
2022-02-02,2022,SHORT,VWAP_SHORT,138.26,2.1963927855711423,0.7935871743486974,62.375,1.6214159532545185,0.43478260869565216,-0.43478260869565216,1.1062124248496994,2.0,0.8019632631813788,0.9341678441891593,65.0,2.440881763527054,0.0,2.6052104208416833,5.595190380761523,1.4308617234468939,-1.006012024048096,0.3286745893498458,0.16852450979224856,65.88628071356266,-1.687374749498998,8.172344689378757,False,True
2022-02-09,2022,LONG,PM_LONG,-1.2400000000000002,2.12142152023692,1.0503455083909181,36.17857142857143,1.2394539417045873,0.9515151515151515,0.9515151515151515,1.140177690029615,2.0,0.6890873468995276,0.7711034732501921,85.0,2.736426456071076,0.0,2.736426456071076,-4.747285291214215,0.7877591312931885,-0.11056268509378084,1.2146593625323125,0.12563677199252352,76.89985422711267,0.9881539980256663,8.409674234945705,False,False
2022-02-11,2022,SHORT,ORB_SHORT,49.76,7.134660816739791,0.3496456294296321,52.910714285714285,1.6656044985941894,0.3925925925925926,0.3925925925925926,0.6378670266621668,4.0,0.9152934598348111,0.9024497468081392,100.0,3.3405332433344586,1.0,3.505906176172798,-0.6851164360445494,2.1640229497131287,-0.08504893688828889,1.5083205688387022,0.18377089243637265,27.106785462548743,-0.3260209247384408,3.99257509281134,True,True
2022-02-14,2022,LONG,PM_LONG,73.76,1.012592831772683,4.262835001614466,55.30357142857143,1.8617636207108594,0.9016949152542373,0.9016949152542373,1.3335485954149175,2.0,0.7929751481204376,0.9627360049466424,105.0,2.780109783661608,1.0,2.9428479173393605,,2.3416209234743297,-0.1265741039715854,1.2753680324743588,0.1230732724033899,66.36427774658463,0.6961575718437197,5.487891507910882,False,True
2022-02-15,2022,LONG,PM_LONG,-104.24,1.4513447432762836,3.0601466992665034,36.517857142857146,1.7683046683046684,0.9933774834437086,0.9933774834437086,1.0337408312958434,3.0,0.7834533496144643,0.9314190530821161,70.0,2.115403422982885,1.0,2.6014669926650367,-3.9911980440097796,1.8552567237163813,-0.006845965770171149,1.363710208982834,0.0396626811702767,55.7496773509079,0.5613691931540342,10.179951100244498,False,False
2022-02-15,2022,LONG,ORB_LONG,90.76,2.4473503097040603,0.9731589814177564,25.946428571428573,1.7683046683046684,0.8805970149253731,0.8805970149253731,1.9366827253957328,4.0,0.90184184231438,1.16252361521129,230.0,2.9772883688919474,1.0,5.2415691672401925,-5.212663454920853,2.206469373709566,-1.3392980041293874,1.1249049835558074,-0.03437332286184085,58.42118767479533,-0.2216104611149346,14.327598072952512,False,True
2022-02-17,2022,SHORT,ORB_SHORT,26.26,4.364285714285714,1.8357142857142856,35.0,1.115433403805497,0.30808080808080807,0.30808080808080807,1.4142857142857144,3.0,0.8313497265793023,1.4308768085999186,75.0,4.5928571428571425,0.0,4.821428571428571,-1.042857142857143,3.3785714285714286,-0.4928571428571429,1.7795528090508534,0.6938631990658385,51.292027965886916,-0.3142857142857143,13.0,True,True
2022-02-17,2022,SHORT,ORB_SHORT,111.26,5.2416,0.6048,22.321428571428573,1.115433403805497,0.7685185185185185,0.7685185185185185,1.2096,2.0,1.2465602505767908,0.9433520015115164,220.0,7.201599999999999,1.0,8.6464,-3.2367999999999997,6.8991999999999996,-0.2576,3.4211307796787933,0.1957476729164482,37.11383561677674,1.5119999999999998,20.384,True,True
2022-02-18,2022,SHORT,ORB_SHORT,96.26,3.119610048743907,1.5159355080614922,51.28846153846154,0.9812907550734353,0.6871508379888268,0.6871508379888268,0.8725159355080615,5.0,0.8057273886853107,0.939918533604888,60.0,3.299962504686914,0.0,3.299962504686914,-1.5061867266591675,2.7004124484439442,-0.27296587926509186,1.4393204486331623,0.2869371507026128,19.05822640922098,0.7262842144731908,3.075740532433446,True,True
2022-02-22,2022,LONG,PM_LONG,-407.24,0.06927899686520377,5.509717868338558,61.34615384615385,0.903018603018603,0.7643097643097643,-0.7643097643097643,1.210344827586207,3.0,0.8110000451251057,0.9160505361652506,60.0,4.022257053291536,0.0,4.022257053291536,-2.681504702194357,2.7344827586206897,-0.9821316614420063,0.752772309330375,0.44017237590562563,72.73549628029184,-0.6275862068965518,6.129153605015674,False,False
2022-02-23,2022,SHORT,ORB_SHORT,6.76,6.3195380173243505,2.8498556304138596,37.107142857142854,1.6910033546813055,0.36401673640167365,-0.36401673640167365,1.610202117420597,1.0,0.8124301430471397,0.9146004679701544,120.0,6.629451395572667,1.0,8.563041385948027,1.300288739172281,6.366698748796921,-1.21944177093359,2.495896670013378,0.5999942150823782,35.19048921372705,-1.1992300288739173,25.958614051973054,True,True
2022-02-23,2022,SHORT,ORB_SHORT,576.02,5.216,1.2,31.25,1.6910033546813055,0.8860759493670886,0.8860759493670886,1.896,4.0,1.1476137500140466,1.0198738170347004,220.0,7.872,1.0,11.056,-0.744,9.848,-0.048,4.664348872531671,0.25648631698213287,27.526507019787616,0.912,30.824,True,True
2022-02-24,2022,LONG,PM_LONG,120.76,5.218915801614763,0.35201845444059976,77.41071428571429,1.4583714547118025,0.2993421052631579,-0.2993421052631579,0.9817762399077277,4.0,0.7502773185403047,0.7898444184673231,90.0,5.480507497116493,0.0,5.658131487889273,7.757324106113033,4.6117647058823525,-0.8525951557093425,1.2509803636619736,0.3094133642676114,81.67596327516137,-0.4004613610149942,11.820069204152249,True,True
2022-02-24,2022,LONG,PM_LONG,-81.24,4.806973218797372,1.2945932289034865,70.67857142857143,1.4583714547118025,0.01327433628318584,0.01327433628318584,0.7993936331480546,3.0,0.7949138417699401,0.7376133382211452,120.0,6.002526528549772,1.0,7.127337038908539,7.587165234967155,5.960080848913592,-0.9550277918140475,1.8754951132767481,0.40368626026409465,77.76811305726171,-2.6210207175341083,12.945932289034866,True,False
2022-02-24,2022,LONG,PM_LONG,448.76,4.824661439771917,0.9529579472558803,50.107142857142854,1.4583714547118025,0.834733893557423,0.834733893557423,1.7811831789023522,3.0,0.9889181554198088,0.8868336252331473,245.0,8.466856735566644,1.0,10.736992159657877,8.746258018531718,10.362794012829651,-0.07483962936564505,3.701586856718131,0.20093259692786872,67.12610228459616,1.5167498218104063,18.26086956521739,True,True
2022-02-25,2022,LONG,VWAP_LONG,85.46,2.659408602150538,0.653494623655914,71.53846153846153,2.372576260948354,0.11235955056179775,-0.11235955056179775,0.6220430107526882,3.0,0.9150256215534569,0.7363009205606454,60.0,2.5755376344086023,0.0,2.5755376344086023,-0.03844086021505377,-0.12580645161290324,-0.41935483870967744,0.7457935541709744,0.11212715491523713,24.22254177441991,-0.34247311827956994,4.868010752688172,True,True
2022-02-25,2022,LONG,PM_LONG,-43.239999999999995,1.335820895522388,1.4850746268656716,33.5,2.372576260948354,0.2755102040816326,-0.2755102040816326,1.462686567164179,2.0,1.0198607753404045,1.1485273721138942,265.0,5.5,1.0,10.283582089552239,-3.798507462686567,3.4477611940298507,-1.962686567164179,2.477099321591025,0.20246647264215045,47.21232727687588,-2.1940298507462686,10.395522388059701,False,False
2022-02-28,2022,LONG,PM_LONG,188.36,1.973568281938326,3.26431718061674,56.75,1.6066445182724254,0.9395161290322581,0.9395161290322581,1.092511013215859,4.0,0.8198241315318338,0.8859337891534741,65.0,2.299559471365639,1.0,2.7180616740088106,,2.4273127753303965,-0.013215859030837005,1.5976645565671692,0.04497322797938609,41.75565302255727,1.6607929515418502,8.158590308370044,False,True
2022-02-28,2022,LONG,PM_LONG,-253.74,0.387774594078319,4.606494746895892,37.392857142857146,1.6066445182724254,0.8082191780821918,0.8082191780821918,0.9761222540592167,4.0,0.8856428847981416,0.7084720239921107,215.0,3.4899713467048707,1.0,7.100286532951289,,3.3361986628462272,-3.3428844317096464,0.524107702434041,-0.11016309469602735,49.17865646105822,2.9417382999044888,12.38204393505253,False,False
2022-03-01,2022,LONG,PM_LONG,-407.24,0.3264840182648402,4.498695368558383,58.96153846153846,1.6431585292344788,0.28217821782178215,-0.28217821782178215,0.8564905414220483,2.0,0.8224313335766065,0.9468013887375255,60.0,2.136986301369863,0.0,2.136986301369863,1.076973255055447,0.911611219830398,-0.7462491846053491,0.3001692060798286,0.08285329588996608,73.39351402509558,-0.9200913242009132,6.029354207436399,False,False
2022-03-02,2022,LONG,PM_LONG,99.64,2.6323529411764706,1.3455882352941178,68.0,1.6296117965693653,0.7272727272727273,0.7272727272727273,1.1727941176470589,4.0,1.4103652147527226,0.9413789427192006,65.0,2.6323529411764706,0.0,2.6323529411764706,2.4816176470588234,0.5441176470588235,-0.375,0.7744281804773036,-0.18816940286561637,57.290966998840325,1.7647058823529411,4.8161764705882355,True,True
2022-03-04,2022,SHORT,ORB_SHORT,84.78,1.8299776286353469,1.767337807606264,55.875,1.3972055888223553,0.39215686274509803,-0.39215686274509803,1.1409395973154361,3.0,0.7240028792265064,0.8048196445217609,65.0,3.6375838926174495,0.0,3.6375838926174495,-2.134228187919463,1.7628635346756152,-0.7785234899328859,0.8206418212253175,0.5323704722441535,35.7295702445344,-0.6666666666666666,3.373601789709172,False,True
2022-03-04,2022,SHORT,ORB_SHORT,84.12,2.641263940520446,0.44888475836431224,38.42857142857143,1.3972055888223553,0.9892086330935251,0.9892086330935251,1.808550185873606,3.0,0.902399185422456,0.905482759516995,250.0,5.2890334572490705,0.0,6.817843866171003,-2.9014869888475836,2.361524163568773,-2.8624535315985127,0.14698339883642933,-0.06365792036710705,47.111811644425146,-0.22769516728624534,4.905204460966543,True,True
2022-03-08,2022,LONG,PM_LONG,-407.24,4.902566788894709,3.1241487689889995,68.17857142857143,1.3885222060633182,0.2926829268292683,0.2926829268292683,0.9020429544264013,5.0,1.0673557597412275,0.9324882541484234,90.0,3.6631744368779464,0.0,3.6631744368779464,8.034049240440021,0.6600314300680985,-0.6123624934520692,1.3078736530551225,-0.0014122205114396652,64.24045614911859,0.429020429544264,4.653221581980094,True,False
2022-03-08,2022,LONG,PM_LONG,-407.24,0.01592266135911288,3.7259027580324138,62.80357142857143,1.3885222060633182,0.6551724137931034,-0.6551724137931034,0.923514358828547,2.0,0.9893860569829172,0.9437797847168994,235.0,3.9766846744384416,1.0,8.713676428774523,5.648564117145294,3.7895934034688654,-2.2490759169746943,3.0732599748460965,0.42785586266940884,55.57827691759113,-2.0341199886266703,5.051464316178561,False,False
2022-03-09,2022,LONG,ORB_LONG,36.76,2.4946100190234626,1.1274571972098923,56.32142857142857,2.2469162058698426,0.3125,0.3125,0.6391883322764743,3.0,0.6752986310925103,0.7350671560857596,65.0,2.6899175649968297,0.0,2.836398224476855,0.3950538998097654,0.7146480659480026,-0.2175015852885225,0.9952207062301317,0.3278165537816152,84.57775048549323,-0.46163601775523144,9.31705770450222,False,True
2022-03-09,2022,LONG,PM_LONG,94.76,3.463071512309496,0.6565064478311841,30.464285714285715,2.2469162058698426,0.9222797927461139,-0.9222797927461139,1.5838218053927315,1.0,0.8055856851469073,0.8030949046458149,210.0,4.973036342321219,1.0,8.321219226260258,-0.4185228604923798,2.47010550996483,-2.3305978898007034,1.792868692717419,0.34392748498022435,54.96811606572048,-3.28253223915592,17.22508792497069,True,True
2022-03-10,2022,SHORT,ORB_SHORT,15.760000000000002,1.3226014166130071,2.6828718609143594,59.73076923076923,1.1540060272264365,0.6387832699619772,0.6387832699619772,1.1007726980038635,3.0,0.8346559771378701,0.8948094115553974,60.0,2.4275595621377977,0.0,2.4275595621377977,-0.3557630392788152,1.4942047649710237,-0.1464906632324533,0.9746956267938304,-0.0998454583399096,23.83044486213403,3.6204121056020604,4.482614294913072,False,True
2022-03-11,2022,SHORT,ORB_SHORT,107.26,2.632026452527161,0.7935758148323099,37.80357142857143,1.183553597650514,0.5628415300546448,0.5628415300546448,1.2102031176192725,3.0,1.0485353625211564,0.9924654392976479,100.0,5.8063297118564,1.0,6.3155408597071325,2.499763816721776,5.839395370807747,-0.14548889938592346,2.2224149297721154,0.26245699225017616,15.95015838991472,2.8899385923476615,10.071799716580065,True,True
2022-03-15,2022,LONG,PM_LONG,-68.24000000000001,2.306818181818182,1.8006198347107438,34.57142857142857,1.1760587348665337,0.4715447154471545,-0.4715447154471545,1.7789256198347108,2.0,1.4896214896214897,1.5705401260862157,145.0,6.045454545454546,1.0,9.24896694214876,2.003099173553719,4.8161157024793395,-2.5165289256198347,2.249364294532795,0.6990214333072048,44.459344216023325,-2.0898760330578514,15.706611570247935,False,False
2022-03-16,2022,LONG,PM_LONG,-57.74,0.35454545454545455,8.661038961038962,44.42307692307692,1.0341985600606292,0.6229508196721312,0.6229508196721312,1.02987012987013,4.0,0.8685470684419528,0.8992119856017121,60.0,5.672727272727273,0.0,5.672727272727273,-8.177056277056277,5.222510822510823,-0.30952380952380953,2.390428939413687,0.9671036144042274,93.56906155425747,-1.3506493506493507,12.358441558441559,False,False
2022-03-17,2022,LONG,PM_LONG,80.74,3.8988603988603985,0.07977207977207977,25.071428571428573,1.2498245942279806,0.6771653543307087,0.6771653543307087,1.2663817663817662,2.0,1.1525600835945664,0.7063271398303417,230.0,7.767806267806267,0.0,7.767806267806267,-1.4957264957264957,4.905982905982905,-0.7378917378917379,2.7690935262865777,0.16762248627123247,64.07663669739213,1.1566951566951567,9.502849002849002,True,True
2022-03-21,2022,LONG,VWAP_LONG,105.26,3.7253858435337945,4.366152208621607,33.55357142857143,0.9617849291360682,0.6062992125984252,-0.6062992125984252,0.9462480042575838,4.0,0.9925674074833969,0.7714920814684072,95.0,7.115486961149547,0.0,7.115486961149547,,-1.2293773283661522,-4.0681213411389034,0.119593331876942,-0.044729352362892646,62.821991608660774,-1.0058541777541246,4.0681213411389034,True,True
2022-03-22,2022,LONG,PM_LONG,-0.7400000000000002,1.8760806916426513,1.8054755043227666,24.785714285714285,1.1523959881129273,0.5263157894736842,0.5263157894736842,1.1498559077809798,3.0,0.8056024634945863,0.7182355962393773,210.0,9.77377521613833,1.0,12.497118155619598,-6.485590778097983,9.572046109510087,-2.2896253602305476,2.537082242883834,0.16089158497231337,66.33013347823825,-0.11095100864553314,15.180115273775217,False,False
2022-03-23,2022,SHORT,VWAP_SHORT,-5.24,1.2109520846297448,1.8033602986932171,28.696428571428573,0.8112927191679049,0.7647058823529411,0.7647058823529411,1.4810205351586807,4.0,1.3005072970910485,0.9242958360964714,235.0,5.026757934038581,0.0,7.736154324828873,4.443061605476042,1.0280024891101431,-1.4374611076540136,2.235294227201502,0.02938538242170627,29.95061345925727,2.299937772246422,7.945239576851275,False,False
2022-03-24,2022,LONG,PM_LONG,39.26,2.7764540995094604,0.4905395935529082,25.482142857142858,0.9419576523031205,0.1452513966480447,-0.1452513966480447,1.7561317449194114,3.0,0.9619086652508166,0.8719625906716989,210.0,4.8072880168185,1.0,9.153468815697266,2.2466713384723196,4.012613875262789,-1.6089698668535388,3.204872619114455,0.23888485400447648,57.30404184929915,-0.1373510861948143,11.243167484232655,True,True
2022-03-25,2022,LONG,VWAP_LONG,-407.24,0.7487640449438203,5.1658426966292135,39.732142857142854,0.8602340267459139,0.2222222222222222,0.2222222222222222,0.5662921348314607,4.0,0.7120406410467263,0.8704838983256197,65.0,2.3658426966292136,0.0,2.5294382022471913,-0.23910112359550564,0.3712359550561798,-0.43415730337078656,0.8627068849973475,0.06620594896335584,35.58018611937315,-0.522247191011236,3.7186516853932585,False,False
2022-03-29,2022,LONG,PM_LONG,229.76,2.869750889679715,0.8270462633451957,25.089285714285715,0.8515973254086182,0.4627659574468085,0.4627659574468085,1.873309608540925,5.0,1.3438230253933634,1.0459724661510408,255.0,7.4334519572953734,0.0,7.4334519572953734,-7.572953736654804,1.195729537366548,-1.6540925266903914,2.208239703020578,0.046505861431737246,59.175651033027634,2.092526690391459,11.95729537366548,True,True
2022-03-30,2022,SHORT,ORB_SHORT,-85.24,2.2989634478996184,2.2684124386252047,32.732142857142854,0.8554977711738485,0.375,-0.375,0.8554282596835789,4.0,1.1585179805682269,1.0686017052450325,100.0,2.688488816148391,1.0,4.216039279869068,2.7343153300600114,1.3213311511183854,-0.7790507364975451,1.802376987178368,0.29012594851923373,21.300066643245557,-0.47354064375340976,4.613202400436443,False,False
2022-04-01,2022,SHORT,ORB_SHORT,159.76,1.9807583474816073,2.1709111488398416,31.553571428571427,0.7953194650817237,0.7,0.7,1.1884550084889645,5.0,0.9870068920422487,0.9898384864312204,125.0,3.9932088285229206,1.0,4.912280701754386,-2.139219015280136,3.517826825127335,-0.3486134691567629,2.1650178440341574,0.14648429399840684,24.6407124003575,0.7843803056027165,2.511601584606678,False,True
2022-04-04,2022,LONG,PM_LONG,122.76,1.8741517581739666,0.811844540407156,28.946428571428573,0.8554049034175335,0.8333333333333334,0.8333333333333334,1.243676742751388,3.0,0.6924301681106504,0.8913477325482647,90.0,6.373843306600864,1.0,7.220234423195558,,6.753855644663788,-0.06045650832819247,2.658344427670938,0.40841784303756024,89.95743991553243,0.7600246761258482,11.71128932757557,False,True
2022-04-06,2022,SHORT,ORB_SHORT,-3.24,2.467676767676768,4.801010101010101,35.357142857142854,0.8020059435364042,0.5135135135135135,-0.5135135135135135,0.7848484848484849,2.0,0.7753472935696984,0.7240375000838853,65.0,5.331313131313132,0.0,5.331313131313132,-8.407070707070707,3.372727272727273,-0.7848484848484849,1.0584760970733469,0.6155285606594673,17.392395009598786,0.9050505050505051,11.461616161616163,False,False
2022-04-07,2022,SHORT,ORB_SHORT,76.92,2.3498711340206184,3.2429123711340204,55.42857142857143,1.1492496086916488,0.8217821782178217,0.8217821782178217,0.9110824742268041,4.0,0.8611912708898316,0.9923348453326968,70.0,2.6836340206185567,1.0,3.035438144329897,0.9561855670103092,0.3337628865979381,-0.1533505154639175,1.3648689971441197,0.13537451070413264,53.577368268532155,0.5006443298969072,3.071520618556701,False,True
2022-04-14,2022,SHORT,ORB_SHORT,73.26,2.796909492273731,0.9426048565121413,32.357142857142854,0.7203791469194313,0.5419847328244275,0.5419847328244275,1.012141280353201,4.0,0.8798497691406519,0.8835672878146098,130.0,6.636865342163356,1.0,7.278145695364239,2.9746136865342168,6.3741721854304645,-0.20088300220750555,2.27605945501676,0.2256194189753571,18.91411535003158,2.4028697571743933,3.6931567328918327,True,True
2022-04-18,2022,LONG,PM_LONG,-17.740000000000002,2.8354430379746836,0.9254571026722925,25.392857142857142,0.7498177178271965,0.9230769230769231,0.9230769230769231,2.8157524613220817,4.0,1.4298626174981925,1.432217206692882,240.0,6.901547116736991,0.0,8.516174402250352,,2.9142053445850915,-3.0815752461322083,1.3448764143324627,-0.11785662849429628,63.8654378917601,3.032348804500703,10.721518987341772,True,False
2022-04-19,2022,LONG,PM_LONG,30.76,2.6934058463630186,1.3038749150237934,26.267857142857142,0.9040593787226244,0.13286713286713286,-0.13286713286713286,1.3609789259007479,2.0,0.804800128530733,0.7455026157394387,105.0,10.154996600951733,1.0,12.610469068660775,-5.101291638341265,9.945615227736234,-1.0944935418082937,4.845013659099452,0.8222837534726469,37.45432957629133,1.0183548606390211,11.268524813052345,True,True
2022-04-19,2022,LONG,PM_LONG,75.76,2.402030456852792,3.5675126903553296,17.589285714285715,0.9040593787226244,0.7323943661971831,0.7323943661971831,1.0091370558375634,4.0,1.1957233563964578,0.7610263590935853,260.0,15.165482233502537,1.0,20.651776649746193,-9.238578680203045,16.473096446700506,-1.833502538071066,6.0408362462455525,0.32582921840050755,51.64189399739129,1.7908629441624364,16.828426395939086,False,True
2022-04-22,2022,SHORT,VWAP_SHORT,154.76,4.019710502001848,0.7366800123190638,62.44230769230769,1.088060111793274,0.8421052631578947,-0.8421052631578947,0.6846319679704342,4.0,0.7208793516881662,0.723477740297717,60.0,3.12288266091777,0.0,3.12288266091777,-0.8607945796119495,1.5854635047736372,-0.704650446566061,0.7943055640389581,0.22826566745309038,15.800713558765182,-0.3883584847551586,2.033877425315676,True,True
2022-04-25,2022,LONG,PM_LONG,-407.24,0.6748035914702581,3.0092592592592595,68.53846153846153,1.0694495078381334,0.8378378378378378,0.8378378378378378,0.9447250280583614,4.0,0.8362927232109295,0.8924840558650198,60.0,3.187991021324355,0.0,3.187991021324355,,2.305274971941639,-0.10578002244668912,1.9165221840882618,0.2734917018147238,78.34031543454765,1.1672278338945006,5.847081930415264,False,False
2022-04-26,2022,SHORT,ORB_SHORT,-72.74,1.4896551724137932,1.710344827586207,36.25,1.3860736419978128,0.889261744966443,0.889261744966443,2.0551724137931036,2.0,1.3320662630813271,0.9355096936530809,210.0,7.820689655172414,1.0,9.786206896551723,-2.3241379310344827,8.075862068965517,-1.5241379310344827,1.527675919191699,0.07412280771672597,42.64485589418734,-0.42758620689655175,19.724137931034484,False,False
2022-04-27,2022,LONG,PM_LONG,295.76,1.855813953488372,1.324031007751938,69.10714285714286,1.0926904848705796,0.5541561712846348,0.5541561712846348,1.4361757105943151,3.0,0.8129213010544641,1.036563655538407,90.0,4.695607235142119,0.0,4.695607235142119,5.03204134366925,1.1757105943152455,-2.1994832041343666,0.2512172919816994,-0.09235499692158484,64.6895950238959,-2.083720930232558,3.187080103359173,False,True
2022-04-28,2022,SHORT,ORB_SHORT,-407.24,0.47554179566563465,6.828482972136222,67.29166666666667,1.4783084214363837,0.9269102990033222,0.9269102990033222,1.118266253869969,3.0,0.7850376407393196,0.8536778469298406,55.0,3.53312693498452,0.0,3.221052631578947,2.0061919504643964,2.1770897832817337,-0.026006191950464396,1.2048375507838387,0.33764556294947573,16.14735521156949,0.11145510835913312,3.4216718266253867,False,False
2022-05-02,2022,SHORT,VWAP_SHORT,121.76,2.2831926323868,2.229470452801228,46.535714285714285,1.1479219832300402,0.5068493150684932,-0.5068493150684932,1.1765157329240215,4.0,1.2343821597678326,0.8591376985714649,215.0,6.4842670759785115,0.0,6.4842670759785115,,0.5318495778971604,-1.5740598618572526,1.4777720271875825,0.12013649520055403,40.94616205381121,-0.5425940138142747,8.654643131235611,False,True
2022-05-03,2022,LONG,PM_LONG,-168.24,0.9410377358490566,2.179245283018868,60.57142857142857,1.5651545273811676,0.6936416184971098,0.6936416184971098,1.4280660377358492,5.0,0.945937398124766,1.02694857574732,95.0,3.0377358490566038,0.0,3.0377358490566038,-0.7346698113207547,0.8956367924528302,-0.41273584905660377,1.289385612116348,-0.05098548090102599,42.88093570917303,2.2535377358490565,2.397995283018868,False,False
2022-05-04,2022,LONG,ORB_LONG,92.88,9.724176437744276,5.667225013958682,31.982142857142858,1.3030521292878363,0.5172413793103449,0.5172413793103449,1.1334450027917364,3.0,1.197803908250909,1.019576876021381,210.0,5.870463428252373,1.0,7.746510329424902,1.9932998324958124,0.41429369067560023,-0.29704075935231716,3.8037293748401075,0.3100238620593846,73.47637133883372,2.040201005025126,14.437744276940256,True,True
2022-05-05,2022,SHORT,ORB_SHORT,91.3,3.373986376905611,1.4122607849497242,55.05357142857143,1.3892183288409705,0.22169811320754718,0.22169811320754718,0.9626986701265001,3.0,1.0526809019248171,0.8724057602710715,105.0,6.652611093091145,1.0,8.559844307492702,0.43593902043464156,7.928640934155044,-0.5585468699318845,3.0880000408941113,0.8126807867283073,20.573792416051205,0.5267596496918585,13.918261433668505,True,True
2022-05-06,2022,LONG,ORB_LONG,-65.24000000000001,0.9899269207979459,2.731977088682599,90.41071428571429,1.3875770925110134,0.43853820598006643,0.43853820598006643,0.8323128579893343,3.0,0.8740177439797212,0.7472562454239547,80.0,3.550464151688722,0.0,3.5919415366383562,5.6049772861939555,0.8876160379221805,-0.04700770294291921,1.8284782591476365,0.2886821508054202,35.842745441626136,2.776219632628876,2.0655737704918034,False,False
2022-05-09,2022,SHORT,ORB_SHORT,-60.24,1.2902033271719038,1.8040665434380776,67.625,1.744878636598382,0.6839622641509434,0.6839622641509434,0.7837338262476895,5.0,0.776867330029248,0.7455521379892649,65.0,3.6377079482439925,1.0,3.8743068391866915,,2.2476894639556377,-0.04805914972273567,2.0629674706448227,0.48933484627156865,56.97441869344451,1.0277264325323474,7.719038817005545,False,False
2022-05-11,2022,SHORT,ORB_SHORT,-29.74,1.9878833775085196,1.5107913669064748,47.160714285714285,1.518809849521204,0.2803030303030303,0.2803030303030303,0.6997349488829989,4.0,1.1806924371508836,0.8693300054159043,215.0,7.045058689890193,1.0,8.5399469897766,-1.5691026126467247,3.207118515713745,-0.4293828095418402,4.223516650504228,0.32435857710533755,30.043534668007652,0.38167360848163573,13.369178341537296,False,False
2022-05-12,2022,LONG,PM_LONG,-407.24,1.0357723577235771,4.012195121951219,87.85714285714286,1.5631839945280437,0.9742765273311897,0.9742765273311897,0.8849593495934959,3.0,0.7977134941623041,0.7531494434235465,80.0,4.026422764227642,0.0,4.026422764227642,4.971138211382113,2.856910569105691,-0.0540650406504065,1.812855736652515,0.4256270492007255,53.37532608043294,1.030081300813008,4.45609756097561,False,False
2022-05-12,2022,SHORT,VWAP_SHORT,215.26,3.1125501079247613,0.4057971014492754,57.910714285714285,1.5631839945280437,0.19230769230769232,0.19230769230769232,1.0101757631822388,4.0,0.9392932307918004,0.7677593398131202,220.0,6.1085414739438795,0.0,7.597903176071539,-1.1914893617021276,-1.3598519888991674,-3.052112241751465,0.836732236922693,0.008980819336991588,40.95562157815152,-0.526672833795868,6.76040703052729,True,True
2022-05-18,2022,SHORT,ORB_SHORT,257.26,8.87870105062082,0.013371537726838585,37.392857142857146,0.9075058473314904,0.5658914728682171,0.5658914728682171,0.8624641833810888,3.0,0.7784251007029179,0.7554040048858127,95.0,3.2024832855778413,1.0,4.165234001910219,-2.206303724928367,3.175740210124164,-0.14708691499522444,1.8929463933275879,0.27260398889130627,20.789548216476078,1.4441260744985671,19.616045845272204,True,True
2022-05-18,2022,SHORT,ORB_SHORT,432.76,3.9955406911928653,0.241917502787068,32.035714285714285,0.9075058473314904,0.9191489361702128,0.9191489361702128,1.8338907469342252,2.0,0.9997899764306882,0.9799326564509563,215.0,3.738015607580825,1.0,11.190635451505017,-8.94314381270903,10.074693422519509,-0.1326644370122631,5.93824426163304,0.46183177709016116,29.76304445281592,3.1917502787068006,22.896321070234116,True,True
2022-05-19,2022,LONG,PM_LONG,135.26,1.5430639324487334,1.2921592279855247,79.71153846153847,0.9386349138847543,0.5272727272727272,0.5272727272727272,1.0349819059107357,3.0,0.8286550505739806,0.871548601951511,60.0,2.6752714113389624,0.0,2.6752714113389624,5.592038600723763,1.1165259348612786,-0.6868516284680337,0.5113521253651909,0.21607557376088707,70.35877441036283,0.5080820265379975,3.8262967430639323,False,True
2022-05-24,2022,SHORT,ORB_SHORT,-72.74,1.1683673469387754,3.2755102040816326,49.0,1.0565626049009735,0.5617021276595745,-0.5617021276595745,1.1989795918367347,3.0,0.9243967307953641,0.9542912773510311,55.0,5.540816326530612,0.0,5.540816326530612,-2.8010204081632653,3.4744897959183674,-1.433673469387755,0.9303438883775276,1.267835394759273,15.726499676033939,-2.4285714285714284,2.8214285714285716,False,False
2022-05-24,2022,SHORT,ORB_SHORT,-67.24000000000001,0.03530005042864347,4.363086232980333,35.410714285714285,1.0565626049009735,0.948051948051948,0.948051948051948,1.6308623298033282,3.0,0.8804664349030826,0.7940281839323954,210.0,7.667170953101362,0.0,7.667170953101362,-3.9324256177508827,4.8643469490670705,-1.9273827534039334,1.0222888182840855,-0.0033224131486076156,37.45121713108503,0.7060010085728694,3.9041855774079677,False,False
2022-05-25,2022,LONG,PM_LONG,-77.74,1.9341672152732061,2.554641211323239,58.42307692307692,1.0575328699438906,0.6758241758241759,0.6758241758241759,0.7788018433179724,5.0,0.7433198159450566,0.8318987172187426,60.0,3.6714944042132984,0.0,3.6714944042132984,-1.240947992100066,3.4746543778801846,-0.03851217906517446,1.8426304511456266,0.32942335332695377,88.85716711087389,0.5734035549703753,5.524358130348914,False,False
2022-05-26,2022,LONG,PM_LONG,197.36,3.36517719568567,1.2727272727272727,34.767857142857146,1.0246391968207487,0.7294117647058823,0.7294117647058823,1.2223934257832563,4.0,0.8422526817640048,0.9671724650401425,90.0,8.5351823317925,1.0,9.563430919363121,-5.5582948125321,9.00256805341551,-0.14381099126861838,3.4936401679334943,0.5781915983321557,89.73802815215517,0.4889573703133025,12.986132511556239,True,True
2022-05-27,2022,LONG,PM_LONG,40.26,2.532741398446171,1.7402885682574916,32.17857142857143,0.7207697134490691,0.021739130434782608,-0.021739130434782608,0.7147613762486126,2.0,0.7421277979513305,0.706710548051387,75.0,5.663706992230854,0.0,5.958934517203107,-6.844617092119867,4.847946725860155,-0.9245283018867924,1.4259065973878766,0.5865192600595703,89.01750316735338,-1.1498335183129855,6.331853496115427,True,True
2022-05-31,2022,LONG,PM_LONG,-43.74,1.9050847457627118,2.610169491525424,36.875,0.39021618194216806,0.8461538461538461,0.8461538461538461,1.0576271186440678,5.0,0.9167881139186314,0.8543956640743798,140.0,5.661016949152542,1.0,6.033898305084746,3.76271186440678,0.5491525423728814,-0.12203389830508475,3.0780726143052917,0.2063314108877498,62.20912546766179,0.7457627118644068,4.650847457627119,False,False
2022-05-31,2022,LONG,PM_LONG,-132.74,1.0943606923506422,4.111669458403127,31.982142857142858,0.39021618194216806,0.5868263473053892,0.5868263473053892,1.3054159687325517,3.0,0.8698393857338922,0.72811855400845,260.0,6.527079843662758,1.0,8.65326633165829,3.236180904522613,1.7353433835845895,-0.734785036292574,3.3326023512383625,0.19054742512109177,57.620456373105995,0.7504187604690117,5.362367392518146,False,False
2022-06-03,2022,SHORT,ORB_SHORT,55.26,1.3865814696485623,1.1853035143769968,55.892857142857146,0.826200067136623,0.7843137254901961,0.7843137254901961,1.1405750798722043,5.0,0.9525972831940316,1.1782092898192962,65.0,2.1827476038338656,1.0,2.8536741214057506,2.4734824281150156,1.6549520766773163,-0.15207667731629393,1.4211979063909619,0.23675963533230956,12.260394629261341,0.8587859424920128,4.271565495207668,False,True
2022-06-08,2022,LONG,PM_LONG,-254.74,0.8641114982578397,4.585365853658536,35.875,0.733243629635859,0.7532467532467533,0.7532467532467533,1.0731707317073171,2.0,0.8333386250441859,0.7561204972904049,100.0,4.348432055749129,0.0,4.348432055749129,-0.08362369337979095,1.9581881533101044,-1.1149825783972125,0.4971728724300154,-0.025600890482206772,74.35841986534176,1.1428571428571428,4.341463414634147,False,False
2022-06-09,2022,LONG,ORB_LONG,-22.24,0.2819332566168009,6.919447640966628,31.035714285714285,0.7683121688672104,0.6526946107784432,0.6526946107784432,1.3452243958573074,4.0,0.9262792258200334,0.8961593913390887,130.0,5.380897583429229,0.0,5.380897583429229,5.928653624856157,1.8365937859608745,-2.376294591484465,0.25039931494741696,-0.11268385856344901,35.12660929535487,1.7399309551208286,14.926352128883774,False,False
2022-06-10,2022,SHORT,ORB_SHORT,41.76,1.2518168604651163,1.1526162790697676,52.92307692307692,0.805230846858969,0.6064516129032258,-0.6064516129032258,0.7321947674418605,3.0,0.7360495739736638,0.8501743575166617,60.0,4.4876453488372094,0.0,4.4876453488372094,-7.203851744186047,2.886264534883721,-0.6896802325581396,1.202219666896527,0.7600650623021492,50.48156935318239,-0.3968023255813954,6.414970930232559,False,True
2022-06-13,2022,SHORT,ORB_SHORT,-57.24,0.7487386478304742,5.022199798183652,35.392857142857146,0.8778067445967538,0.40236686390532544,-0.40236686390532544,1.1937436932391523,2.0,0.8478441484028075,0.7787825139588723,100.0,5.453077699293642,1.0,7.268415741675075,,3.24217961654894,-0.960645812310797,2.405147549059117,0.7071291868255597,18.224124721340416,0.24722502522704337,9.302724520686175,False,False
2022-06-20,2022,LONG,ORB_LONG,65.76,3.152927120669056,0.8387096774193548,16.096153846153847,0.9358691968824129,0.525,0.525,0.6212664277180406,4.0,0.5838662779748857,0.8754663282181454,60.0,3.2305854241338112,0.0,3.2305854241338112,,0.994026284348865,-0.17084826762246116,1.2466473925251258,0.3888885595396771,31.251734004364465,-0.48148148148148145,11.15173237753883,True,True
2022-06-21,2022,LONG,PM_LONG,-80.74,1.3052011776251227,2.3631010794896956,18.196428571428573,0.3098011251089454,0.16883116883116883,-0.16883116883116883,1.057899901864573,1.0,0.9705762245577836,0.7904070270847842,215.0,10.647693817468106,0.0,11.142296368989204,-10.24926398429833,7.625122669283611,-3.242394504416094,0.38779629263016385,0.04314891819903452,60.17698228479305,-0.8380765456329734,8.133464180569185,False,False
2022-06-22,2022,LONG,PM_LONG,-71.24,0.6010869565217392,3.9945652173913047,32.857142857142854,0.596015731874145,0.5279503105590062,0.5279503105590062,1.225,2.0,0.7940147622474769,0.8915447503431744,120.0,8.453260869565218,0.0,9.130434782608697,-0.6086956521739131,6.9391304347826095,-1.4608695652173915,2.16737330203436,0.3351226595131147,59.14057299949385,-0.41847826086956524,8.65108695652174,False,False
2022-06-23,2022,LONG,VWAP_LONG,-73.24,1.4972030273116157,1.8693649226719316,58.44230769230769,0.8513044595810307,0.05405405405405406,0.05405405405405406,0.6331029944060547,3.0,0.7776399725785097,0.9909237878228546,60.0,2.4725238565317538,0.0,2.4725238565317538,1.544257979598552,-0.09410990457387299,-0.5347153668970056,0.5513282564402113,0.24196483387676104,21.19111341661764,0.3935505100361961,6.095755182625863,False,False
2022-06-28,2022,SHORT,ORB_SHORT,224.76,4.2105831533477325,0.6198704103671706,33.07142857142857,0.7823613086770982,0.732484076433121,0.732484076433121,1.1868250539956804,4.0,1.0384050635220297,0.9717619569327426,130.0,6.569114470842333,1.0,10.923326133909288,-5.352051835853132,7.438444924406048,-0.1285097192224622,6.077941659296917,1.0241406070965937,22.98264202501231,-1.4816414686825055,15.14902807775378,True,True
2022-06-29,2022,LONG,ORB_LONG,-33.739999999999995,0.9349315068493151,1.4125155666251556,61.76923076923077,0.83776771186068,0.02262443438914027,0.02262443438914027,0.8944582814445828,3.0,0.7638217828324124,0.9143243032124921,60.0,2.9626400996264013,0.0,2.9626400996264013,7.819427148194272,0.3642590286425903,-0.9025529265255293,0.5025088140336654,0.25710395856141016,65.01384633771184,2.436488169364882,1.740348692403487,False,False
2022-07-07,2022,LONG,PM_LONG,69.76,3.890359168241966,0.7586641461877757,28.339285714285715,1.0255322988090942,0.35135135135135137,0.35135135135135137,0.9792060491493383,4.0,0.711410295762374,0.732923535788359,75.0,4.737240075614366,0.0,4.940138626339004,-2.6376811594202896,4.578449905482041,-0.3352236925015753,1.15111537000253,0.19919961340404196,74.84685389146084,0.42344045368620037,8.486452425960932,True,True
2022-07-13,2022,LONG,ORB_LONG,-62.74,0.740072202166065,1.4259927797833936,69.25,0.8322026232473994,0.9444444444444444,0.9444444444444444,1.2346570397111913,5.0,0.9956482530469972,1.0561568759965787,70.0,2.9422382671480145,1.0,4.064981949458484,3.2093862815884475,3.7364620938628157,-0.010830324909747292,2.192341670967142,0.24510320619192366,86.44201435006555,1.9530685920577617,7.509025270758123,False,False
2022-07-13,2022,LONG,ORB_LONG,-49.24,0.3563295378432686,3.891493636972539,26.660714285714285,0.8322026232473994,0.4696969696969697,0.4696969696969697,1.8566644340254521,4.0,1.22034301533404,0.8965668378110219,210.0,7.642330877427997,1.0,12.452779638312125,6.8734092431346285,11.168117883456128,-0.4594775619557937,5.112754528513035,0.264304326266698,74.02927228518234,1.8004018754186204,19.504353650368387,False,False
2022-07-19,2022,LONG,PM_LONG,68.76,3.216666666666667,0.5666666666666667,15.0,0.6689746276135381,0.782051282051282,0.782051282051282,1.3,4.0,1.252841359623619,0.923069816617823,245.0,7.066666666666666,1.0,16.083333333333332,-3.033333333333333,11.45,-0.1,8.292445852254726,0.4381489574898296,68.61292707748805,1.6833333333333333,34.36666666666667,True,True
2022-07-20,2022,LONG,PM_LONG,164.96,2.7441364605543708,1.6908315565031982,36.07692307692308,0.6042525594107564,0.6829268292682927,0.6829268292682927,1.136460554371002,4.0,0.981962565564336,1.0690369977874363,60.0,4.739872068230277,0.0,4.739872068230277,-3.6865671641791042,3.5964818763326223,-0.23560767590618334,2.554413843030046,0.5447827270599092,87.13001498071172,1.5106609808102345,5.904051172707889,True,True
2022-07-21,2022,LONG,ORB_LONG,87.26,3.251968503937008,0.9133858267716536,31.75,0.8071099407504937,0.6223404255319149,0.6223404255319149,1.4803149606299213,2.0,1.014509584745701,0.7739430340216755,120.0,5.283464566929134,0.0,5.283464566929134,-0.5905511811023622,1.6614173228346456,-0.15748031496062992,2.320200421449918,0.18945966985604432,73.46976380271417,2.062992125984252,5.181102362204724,True,True
2022-07-22,2022,SHORT,ORB_SHORT,94.26,3.226395939086294,0.49746192893401014,35.17857142857143,0.8514767133661492,0.7168674698795181,0.7168674698795181,1.1796954314720811,4.0,1.265908299952915,1.0289076351655746,120.0,4.384771573604061,1.0,6.879187817258883,2.402030456852792,4.235532994923858,-0.08527918781725888,3.4632041912316254,0.41779710373841666,51.483939156677074,3.2903553299492385,2.7360406091370555,True,True
2022-07-26,2022,SHORT,ORB_SHORT,-18.74,3.452861952861953,0.7306397306397306,21.214285714285715,0.7353533416434941,0.04411764705882353,-0.04411764705882353,0.8013468013468014,3.0,1.0083762697756753,0.8528900750057581,120.0,6.127946127946128,1.0,7.447811447811447,-5.585858585858586,6.151515151515151,-0.6952861952861953,2.7867309348381264,0.3952279168779538,40.087918863597984,1.473063973063973,6.776094276094276,True,False
2022-07-27,2022,LONG,PM_LONG,44.26,8.345098039215687,1.3725490196078431,22.767857142857142,0.6452141239944121,0.3786407766990291,0.3786407766990291,1.1309803921568629,4.0,0.8682786915005628,0.928274743553315,90.0,6.950588235294118,1.0,7.587450980392157,-6.302745098039216,5.808627450980392,-0.6258823529411764,2.481061271491972,0.40754069995646386,88.53763158286523,0.45019607843137255,14.43921568627451,True,True
2022-07-28,2022,LONG,PM_LONG,102.76,2.640794223826715,1.0234657039711192,19.785714285714285,0.8048496605237634,0.5789473684210527,0.5789473684210527,1.44043321299639,5.0,1.2978285582720561,0.8811866272077542,245.0,10.36101083032491,1.0,13.823104693140795,-1.1371841155234657,5.344765342960289,-0.5180505415162455,6.837239823953161,0.37458934614154626,63.96062068296279,0.07581227436823106,22.453068592057765,True,True
2022-07-29,2022,LONG,PM_LONG,-60.74,2.2341772151898733,2.5759493670886076,39.5,0.7984601890653933,0.6627906976744186,-0.6627906976744186,1.0886075949367089,3.0,0.6507288434999279,0.7252385357631498,60.0,4.715189873417722,0.0,4.715189873417722,-3.1202531645569622,2.151898734177215,-1.0759493670886076,0.8147857415327663,0.5426980482288739,87.33003173484212,0.2468354430379747,3.759493670886076,False,False
2022-08-03,2022,LONG,PM_LONG,261.76,4.462633451957295,0.06405693950177936,35.125,0.9636445019147561,0.019801980198019802,-0.019801980198019802,0.7188612099644128,4.0,0.6019327938092921,0.7048626593597322,90.0,5.238434163701068,0.0,5.238434163701068,-1.2455516014234875,4.199288256227758,-0.9252669039145908,1.0434101456887601,0.1110527217358635,82.91562264060835,-0.7402135231316725,10.811387900355871,True,True
2022-08-09,2022,SHORT,ORB_SHORT,9.76,0.6568466993998909,2.52809601745772,32.732142857142854,0.9002359793141537,0.96,0.96,1.336606655755592,4.0,0.8777257049879111,0.8183321886310866,90.0,4.254228041462085,0.0,4.254228041462085,-4.147299509001637,3.56683033278778,-0.35897435897435903,1.4109694639185937,0.042718426283557924,40.29613812768763,1.8101472995090018,6.66012002182215,False,True
2022-08-10,2022,LONG,ORB_LONG,-121.24,0.6685616827743036,1.663445139283684,31.410714285714285,0.7513382486617514,0.9868421052631579,0.9868421052631579,1.2097782831154065,4.0,0.8918013978482034,1.0966282149621565,90.0,3.74076179647527,1.0,4.186469584991473,-8.158044343376918,0.8914155770324048,-0.015918135304150087,1.9330371860679805,0.19118162386709617,42.47046232383578,0.7003979533826038,15.169982944855033,False,False
2022-08-10,2022,LONG,ORB_LONG,-31.74,0.6608122941822173,2.3205268935236005,16.267857142857142,0.7513382486617514,0.42592592592592593,-0.42592592592592593,1.659714599341383,3.0,1.305615957786089,0.7257570058025017,265.0,7.222832052689353,1.0,9.34357848518112,-15.874862788144895,1.8441273326015368,-1.16794731064764,2.6929945139079163,0.15176206761293518,54.28638787359294,-0.7222832052689353,29.290889132821075,False,False
2022-08-11,2022,LONG,PM_LONG,-407.24,0.4701942397856665,8.602813127930341,28.71153846153846,0.6852011567145249,0.6027397260273972,0.6027397260273972,0.6356329537843269,3.0,0.7288179394110254,0.7249215621069068,60.0,4.170797052913597,0.0,4.170797052913597,-4.423308774279973,1.57602143335566,-1.419290020093771,0.8277600256712637,0.7707866279802681,81.08147393206845,-2.777628935030141,6.90488948425988,False,False
2022-08-12,2022,LONG,PM_LONG,84.26,3.282025316455696,0.39696202531645564,35.267857142857146,0.7909289229364314,0.4,0.4,1.1696202531645568,3.0,0.695026227873596,0.9102027744877262,90.0,2.9275949367088603,0.0,3.0622784810126578,3.6081012658227847,1.2972151898734177,-0.5245569620253164,0.9928727401356666,0.06295987157587292,63.73137067527797,2.353417721518987,2.332151898734177,True,True
2022-08-15,2022,LONG,PM_LONG,94.26,3.2191358024691357,0.32407407407407407,23.142857142857142,0.6001126299083602,0.8805970149253731,0.8805970149253731,0.7237654320987654,5.0,0.8741881368632125,0.7049005308031216,125.0,4.33179012345679,0.0,4.33179012345679,,3.7376543209876543,-0.5617283950617284,1.8537207468305408,0.045114632716292735,53.44403774953293,0.5941358024691358,8.242283950617285,True,True
2022-08-16,2022,LONG,PM_LONG,-179.74,2.9374233128834355,8.004907975460123,14.553571428571429,0.6001126299083602,0.7653061224489796,0.7653061224489796,1.683435582822086,4.0,1.137193625249949,0.8537818731611638,245.0,9.293251533742332,1.0,12.230674846625767,0.5496932515337423,3.830674846625767,-0.20613496932515338,5.844877483898026,0.25656630048589735,66.01792350289139,1.0478527607361963,4.225766871165644,True,False
2022-08-18,2022,LONG,ORB_LONG,72.26,2.229299363057325,0.745801968731905,30.839285714285715,0.8862586305352229,0.5271317829457365,0.5271317829457365,1.045744064852345,4.0,0.8211376483061006,0.9505179185575613,70.0,2.594093804284887,1.0,3.104806022003474,3.550665894614939,0.5026056745801969,-0.3729009843659525,1.2011392807708507,0.1850350200012525,87.09565150615944,1.2159814707585408,4.750434279096699,False,True
2022-08-18,2022,LONG,ORB_LONG,22.26,2.0,0.16470588235294117,21.25,0.8862586305352229,0.6388888888888888,-0.6388888888888888,1.2705882352941176,3.0,1.2832775945804784,1.0632778870525532,220.0,3.764705882352941,1.0,7.2,4.635294117647059,1.2470588235294118,-2.7176470588235295,0.8252554577528773,0.06870400299333543,54.637970590029354,-0.9058823529411765,6.894117647058824,False,True
2022-08-19,2022,SHORT,ORB_SHORT,-6.24,2.231578947368421,1.3263157894736841,23.75,0.7127654051809168,0.7033898305084746,0.7033898305084746,1.2421052631578948,2.0,0.8925193810111222,0.8767558481228616,80.0,6.094736842105263,1.0,6.4526315789473685,-6.0,5.031578947368421,-0.3368421052631579,1.8701115603131353,0.47702193027377543,11.472478911061785,0.28421052631578947,6.136842105263158,False,False
2022-08-19,2022,SHORT,ORB_SHORT,20.76,1.1727748691099478,1.9643979057591625,17.053571428571427,0.7127654051809168,0.47692307692307695,0.47692307692307695,1.9057591623036652,5.0,1.3714337035595605,1.2951758626324246,240.0,8.487958115183247,1.0,11.449214659685865,-10.291099476439792,8.942408376963352,-0.9968586387434556,3.150567752251881,0.15911912224054367,32.343215657873486,0.26387434554973827,8.546596858638745,False,True
2022-08-22,2022,SHORT,ORB_SHORT,-48.74,2.397911832946636,1.1612529002320187,33.15384615384615,0.6057208119192234,0.3858267716535433,0.3858267716535433,0.9576566125290024,4.0,0.701799266649612,0.7087912087912088,60.0,3.966357308584687,0.0,3.966357308584687,,3.3857308584686776,-0.22621809744779584,1.6180883026807862,0.5383144759294682,24.271787039417987,-0.47505800464037123,8.61136890951276,False,False
2022-08-22,2022,SHORT,ORB_SHORT,71.26,3.316593886462882,0.07641921397379912,16.357142857142858,0.6057208119192234,0.5294117647058824,0.5294117647058824,0.7794759825327511,3.0,1.1064838829195998,0.7544024842231795,235.0,8.039301310043667,1.0,9.246724890829695,,8.406113537117903,-0.1222707423580786,3.2460331556852364,0.19652854854602714,34.58014293928116,-0.22925764192139736,17.45414847161572,True,True
2022-08-24,2022,LONG,PM_LONG,-60.74,1.5346534653465347,2.485148514851485,25.25,0.8238592119607537,0.17708333333333334,0.17708333333333334,0.9504950495049505,5.0,1.0616187523127767,1.001843332745604,105.0,3.8613861386138613,1.0,5.5049504950495045,1.811881188118812,3.8217821782178216,-0.7128712871287128,2.455410568225993,0.34082889593977744,88.26914818699662,1.2871287128712872,6.069306930693069,False,False
2022-08-26,2022,SHORT,ORB_SHORT,186.26,3.581026605751142,0.16769685568395593,71.5576923076923,0.6284587032134143,0.7737226277372263,0.7737226277372263,0.9572695511959151,5.0,1.140256778991281,1.1093764027535238,60.0,3.9094329481322228,0.0,3.9094329481322228,-0.3877989787691481,2.9661381349099707,-0.21660843859177642,2.10556024267444,0.25867817762129736,23.487510194393224,4.318194033861865,2.1171728030099435,True,True
2022-09-01,2022,SHORT,ORB_SHORT,-46.74,0.7785171102661598,5.462927756653992,37.57142857142857,0.9894240837696335,0.22,0.22,0.6653992395437263,4.0,0.8199331952969243,0.8045711660109026,90.0,3.413498098859316,1.0,4.917300380228137,-6.088403041825095,3.340304182509506,-0.21958174904942968,2.425009537817992,0.5417143296735716,54.735606791975066,-1.244296577946768,5.496197718631179,False,False
2022-09-02,2022,LONG,PM_LONG,-53.74,0.6510673234811166,7.471264367816092,46.84615384615385,1.0060732984293195,0.708029197080292,0.708029197080292,0.7311165845648604,4.0,0.7421095322331941,0.9300789316378655,60.0,3.532840722495895,0.0,3.532840722495895,-2.8070607553366176,0.5656814449917899,-0.13341543513957307,1.836882463258061,0.3471953969954675,84.8326631851911,-0.8165024630541872,3.8530377668308704,False,False
2022-09-06,2022,SHORT,ORB_SHORT,-75.74,0.6299212598425197,3.1443569553805775,47.625,0.3512336071372718,0.6653061224489796,-0.6653061224489796,1.2860892388451444,2.0,0.7524821600771456,1.0055477261723773,55.0,5.018372703412074,0.0,5.018372703412074,-2.325459317585302,2.8083989501312336,-1.3438320209973753,0.7656148534710122,1.1846183011363083,19.24066767960926,-2.2624671916010497,6.771653543307087,False,False
2022-09-06,2022,SHORT,ORB_SHORT,-69.24000000000001,0.8323051037577117,2.2299495232753785,31.839285714285715,0.3512336071372718,0.9595959595959596,0.9595959595959596,1.5546831183398766,4.0,0.9156747396444437,0.7290217729021773,215.0,7.506449803701626,0.0,7.506449803701626,-3.588334268087493,4.310712282669658,-1.900168255748738,2.061512110391025,0.02851357386995353,32.69145577113764,2.983735277621985,10.128996074032528,False,False
2022-09-07,2022,LONG,PM_LONG,38.26,4.583812010443864,1.1404699738903394,34.19642857142857,1.1588385549705467,0.6319444444444444,0.6319444444444444,1.0527415143603134,4.0,0.8758943087301296,0.8801350516080578,100.0,2.8731070496083553,1.0,3.6114882506527417,0.8480417754569191,2.938903394255875,-0.3801566579634465,1.6850850497152385,0.0991732485302011,78.49395746951522,1.593733681462141,10.110704960835509,True,True
2022-09-09,2022,LONG,PM_LONG,-17.740000000000002,1.526542324246772,1.0043041606886658,37.339285714285715,1.0734504509200853,0.4180327868852459,0.4180327868852459,0.816834050693448,3.0,0.6717186652866085,0.7066744025659832,65.0,3.4681970349115256,1.0,3.7025346724055477,-4.499282639885222,3.494978479196557,-0.17407938785270205,1.5070598195989804,0.4178206258147943,65.56704562460182,2.2697274031563843,3.367766618842659,False,False
2022-09-12,2022,LONG,PM_LONG,26.76,1.3555555555555556,3.388888888888889,22.5,0.7131937172774869,0.6015037593984962,-0.6015037593984962,1.4777777777777779,4.0,0.8378514126919303,0.8851933086718826,125.0,5.111111111111111,0.0,5.111111111111111,,2.8333333333333335,-1.8777777777777778,0.18530689891857846,0.020042094976735016,43.962044997650835,-1.9555555555555555,9.322222222222223,False,True
2022-09-21,2022,LONG,PM_LONG,-407.24,6.6340378197997785,16.725250278086765,16.053571428571427,0.843695462478185,0.44313725490196076,0.44313725490196076,3.971078976640712,4.0,1.3386170403447657,0.8778282188785101,265.0,3.8309232480533932,1.0,7.957730812013349,-0.5917686318131258,4.344827586206897,-2.0867630700778643,3.780240604727022,0.17031032454472173,72.80963618130657,0.1557285873192436,27.345939933259178,True,False
2022-09-22,2022,SHORT,ORB_SHORT,-44.24,1.2307692307692308,2.608695652173913,37.375,1.381326352530541,0.9363636363636364,0.9363636363636364,0.7357859531772575,4.0,0.789105334350177,0.7651006530376636,80.0,3.096989966555184,1.0,3.4247491638795986,-3.939799331103679,2.294314381270903,-0.046822742474916385,1.2935820419001034,0.17235705821762634,20.36284967806985,2.040133779264214,7.237458193979933,False,False
2022-09-23,2022,SHORT,ORB_SHORT,77.26,4.70887507066139,1.551158846806105,31.589285714285715,1.0407940663176265,0.7410071942446043,0.7410071942446043,1.1000565291124929,3.0,0.8949900900953573,0.7084325218454458,100.0,4.2102882984737136,0.0,4.2102882984737136,-4.194460146975692,2.643301300169587,-1.2425098925946862,0.40167054921055834,0.014063763600337337,22.378160650473106,-0.23742227247032222,5.706048615036743,True,True
2022-09-29,2022,SHORT,ORB_SHORT,-48.74,2.2346368715083798,0.9720670391061452,22.375,0.9459799682557058,0.5642857142857143,0.5642857142857143,1.5642458100558658,3.0,1.399901299555848,1.330266843945927,260.0,10.860335195530727,1.0,11.955307262569832,-5.564245810055866,10.938547486033519,-0.3240223463687151,3.807897640024484,0.2303767972014449,29.711474227525542,2.9608938547486034,16.491620111731844,False,False
2022-10-03,2022,LONG,PM_LONG,183.76,4.857371794871795,0.2916666666666667,22.285714285714285,1.0799233086825528,0.7901234567901234,0.7901234567901234,1.8173076923076923,3.0,1.0643722927193506,1.061818694450546,230.0,8.076923076923077,1.0,9.725961538461538,,6.4839743589743595,-0.32532051282051283,3.5293130624648095,0.19541895010900426,62.657182708638814,-0.6506410256410257,20.629807692307693,True,True
2022-10-04,2022,LONG,PM_LONG,-102.24,0.5818858560794045,4.707196029776675,28.785714285714285,0.8255398648277378,0.2222222222222222,0.2222222222222222,0.859801488833747,3.0,0.7034999008526671,0.8510102378849569,70.0,5.315136476426799,0.0,5.532258064516129,-10.482630272952854,4.976426799007444,-0.4863523573200993,1.8182371815936706,0.5135056950794137,83.24016767163963,2.3622828784119108,9.00620347394541,False,False
2022-10-04,2022,LONG,PM_LONG,-2.24,1.6744890234670704,1.3141559424678273,23.589285714285715,0.8255398648277378,0.6016260162601627,0.6016260162601627,1.303557910673732,4.0,0.9248111034214692,0.903043281224436,260.0,6.485995457986374,0.0,6.867524602573807,-10.629825889477669,3.9106737320211957,-2.8720666161998483,-0.22287009633520763,-0.13075475942568504,55.12102848914533,0.2331566994700984,10.99015897047691,False,False
2022-10-05,2022,SHORT,ORB_SHORT,-813.24,0.08817829457364341,7.891957364341085,39.69230769230769,0.7996033931915832,0.352,0.352,0.7873062015503876,4.0,0.7929971771165152,0.9136119341849257,60.0,4.308139534883721,0.0,4.308139534883721,-3.508236434108527,2.80281007751938,-0.17635658914728683,2.0522554672258115,0.7942120979750312,9.050477698291957,-0.15746124031007752,6.374031007751938,False,False
2022-10-05,2022,LONG,PM_LONG,22.76,3.452054794520548,1.756308579668349,24.767857142857142,0.7996033931915832,0.8709677419354839,0.8709677419354839,0.9387166546503245,4.0,1.1278574551197982,0.9070913917330299,225.0,6.904109589041096,1.0,9.508291276135544,2.9675558759913483,4.7036770007209805,-0.030281182408074984,5.682058840067977,0.39461560624955405,68.26266954117173,2.3013698630136985,10.214852198990627,True,True
2022-10-07,2022,SHORT,ORB_SHORT,112.76,3.868769716088328,0.8744479495268139,28.303571428571427,1.0474820143884893,0.6933333333333334,0.6933333333333334,1.3249211356466877,4.0,0.8176213324838566,0.7410908507443871,105.0,5.158359621451105,1.0,5.494006309148265,-11.641640378548896,5.255520504731861,-0.07066246056782335,2.217160869300983,0.2035720196688454,28.543184998892343,1.8548895899053628,9.777917981072555,True,True
2022-10-07,2022,SHORT,ORB_SHORT,39.26,2.0494559841740854,1.620178041543027,18.053571428571427,1.0474820143884893,0.5795454545454546,0.5795454545454546,1.218595450049456,3.0,0.9053394522144521,0.7009573898041548,210.0,8.087042532146391,1.0,13.030662710187935,-22.267062314540063,12.25519287833828,-0.5123639960435213,5.882426060443774,0.45022001594714567,27.906702409172965,-0.2769535113748764,15.329376854599408,False,True
2022-10-10,2022,SHORT,ORB_SHORT,-21.24,1.7201743955608402,2.530321046373365,45.05357142857143,0.8569042316258353,0.8584070796460177,0.8584070796460177,1.2540626238604835,2.0,1.2492575166015951,1.1178615534611636,65.0,3.162901307966706,1.0,3.8509710661910423,,3.434799841458581,-0.044391597304795874,1.6084764012489368,0.22779392950450825,14.555916930644685,2.214030915576694,4.805390408244153,False,False
2022-10-10,2022,SHORT,ORB_SHORT,-434.24,0.4412265758091993,7.238500851788756,20.964285714285715,0.8569042316258353,0.5736842105263158,-0.5736842105263158,2.2657580919931855,4.0,1.5408486548249714,1.2041548624765377,220.0,6.797274275979556,1.0,11.877342419080067,,9.18228279386712,-1.896081771720613,3.3739561786862184,0.38734453414098324,37.40936033291724,-1.31175468483816,10.327086882453152,False,False
2022-10-11,2022,LONG,ORB_LONG,2.76,1.5510597302504818,5.63102119460501,37.07142857142857,1.0439866369710469,0.3181818181818182,0.3181818181818182,0.8901734104046243,5.0,0.9963304169805126,0.9033271829057794,135.0,4.208092485549133,1.0,5.577071290944124,3.870905587668594,1.6859344894026975,-0.3506743737957611,2.9318731907149482,0.33172083136242925,64.6560486910996,0.418111753371869,4.194605009633912,False,True
2022-10-13,2022,LONG,PM_LONG,156.26,4.7658629441624365,0.04885786802030457,56.285714285714285,0.9870682416167498,0.5504587155963303,0.5504587155963303,2.4206852791878175,4.0,1.6757797446442897,1.6559353301188413,105.0,3.766497461928934,1.0,7.679568527918782,1.2703045685279188,6.231598984771574,-0.7595177664974619,4.1011777689600795,0.7125781992038166,69.34526550703691,3.2734771573604062,12.21002538071066,True,True
2022-10-13,2022,LONG,PM_LONG,-34.239999999999995,1.0266666666666666,2.871794871794872,34.82142857142857,0.9870682416167498,0.7821782178217822,0.7821782178217822,1.4502564102564104,4.0,1.3137132649866754,0.7347771696124561,240.0,6.088205128205129,1.0,18.17846153846154,-4.6235897435897435,16.74974358974359,-0.3158974358974359,8.599785796770467,0.46772756953593136,72.31665613499996,2.785641025641026,19.736410256410256,False,False
2022-10-19,2022,SHORT,ORB_SHORT,-164.24,0.2733374008541794,2.699206833435021,29.267857142857142,1.1906458797327393,0.2846715328467153,-0.2846715328467153,1.1702257474069555,3.0,1.5837072152148763,1.036330267022081,215.0,5.9536302623550945,1.0,8.00366076876144,-0.23062843197071387,1.8791946308724832,-0.8370957901159244,3.6134869559774674,0.31787368431722335,29.191499132279574,0.37583892617449666,11.232458816351434,False,False
2022-10-25,2022,LONG,PM_LONG,11.760000000000002,1.2978303747534516,2.052596975673899,27.160714285714285,1.0702822357498618,0.7925925925925926,0.7925925925925926,1.2426035502958581,4.0,0.9106710292176109,1.0062139395675378,95.0,5.522682445759369,1.0,5.835634451019066,-5.715976331360947,5.706771860618015,-0.09204470742932282,1.988546601695054,0.22525809296745644,53.12741166270488,0.04602235371466141,3.3504273504273505,False,True
2022-10-25,2022,LONG,PM_LONG,91.76,2.193548387096774,1.5225806451612902,19.375,1.0702822357498618,0.6111111111111112,0.6111111111111112,1.1612903225806452,2.0,0.9953404793246828,0.8591666894795915,240.0,7.741935483870968,0.0,9.870967741935484,-7.393548387096774,7.380645161290323,-2.4387096774193546,1.0636859151823896,0.010765081945799232,49.360283368701516,1.5612903225806452,4.696774193548387,False,True
2022-10-31,2022,LONG,VWAP_LONG,97.76,1.9341510652033571,1.5726275016139446,27.660714285714285,0.8574610244988864,0.5655430711610487,-0.5655430711610487,2.4131697869593287,3.0,1.2350501310077444,1.3682848924088464,145.0,5.224015493867011,0.0,5.6307295029051,,-1.0303421562298258,-2.277598450613299,0.6141533279895414,0.17633215736437996,54.24131050005265,-1.5093608779857974,4.591349257585539,False,True
2022-11-03,2022,SHORT,ORB_SHORT,-81.74,0.255278310940499,2.6938579654510555,37.214285714285715,1.3493282149712094,0.52,0.52,0.8397312859884837,5.0,0.8035309370983614,0.7035944259848224,120.0,3.7687140115163147,0.0,4.850287907869482,-4.72936660268714,1.8272552783109404,-1.430902111324376,1.0754776926504557,-0.0009957212574650165,39.107169343918024,-0.5307101727447217,8.142034548944338,False,False
2022-11-04,2022,LONG,VWAP_LONG,-407.24,0.5081850533807829,4.354448398576512,50.17857142857143,0.9752548974682094,0.7164634146341463,-0.7164634146341463,1.6341637010676155,3.0,0.871188057934631,0.903874019081111,80.0,4.772953736654804,0.0,4.98220640569395,0.14448398576512456,-1.0163701067615658,-1.8533807829181494,0.5006204765947914,0.4797168104292121,30.887558899007885,-0.8270462633451957,6.043416370106761,False,False
2022-11-08,2022,LONG,PM_LONG,152.26,3.5131211613623674,5.291457286432161,34.44230769230769,0.9005393493011656,0.6129032258064516,0.6129032258064516,0.9000558347292016,4.0,0.7576445040922992,0.7856650854000707,60.0,3.237297599106644,0.0,3.237297599106644,-2.0904522613065324,0.9871580122836404,-0.21775544388609713,1.399044823656115,0.38708648597414935,45.84544629590489,-0.4500279173646008,6.09715242881072,True,True
2022-11-08,2022,LONG,PM_LONG,-407.24,0.7368421052631579,12.664473684210526,21.714285714285715,0.9005393493011656,0.5145631067961165,0.5145631067961165,1.1858552631578947,3.0,1.0958133530062708,0.734765982114421,140.0,5.134868421052631,1.0,10.361842105263158,-7.587171052631579,5.837171052631579,-1.300986842105263,4.62355105663888,0.8743756280990558,63.76227231728,-2.8552631578947367,9.671052631578947,False,False
2022-11-10,2022,LONG,PM_LONG,-39.24,2.5649948822927326,1.4974411463664277,34.892857142857146,0.9548906789413119,0.6890756302521008,0.6890756302521008,0.8526100307062435,4.0,0.6905033718973248,0.7214939822324651,120.0,5.731832139201638,1.0,6.133060388945752,-12.187308085977481,3.3746161719549637,-0.24360286591606958,2.113307810335399,0.2244596439623068,58.551645264022945,0.3725690890481064,25.098259979529168,True,False
2022-11-15,2022,LONG,OPEN_LONG,-813.24,0.036101083032490974,8.050541516245488,34.625,0.8965957200023198,0.9798387096774194,0.9798387096774194,1.7906137184115523,3.0,1.073856048227649,1.160728820259994,120.0,2.888086642599278,0.0,3.4512635379061374,-4.166064981949458,0.6137184115523465,-0.5848375451263538,0.9422322224561059,-0.09157452165062577,55.30331326125095,1.3140794223826715,9.111913357400722,False,False
2022-11-16,2022,SHORT,ORB_SHORT,14.760000000000002,1.8621794871794872,0.6842948717948718,22.285714285714285,1.342573798062982,0.7663043478260869,0.7663043478260869,2.0641025641025643,3.0,0.9183954452550214,0.928103911839192,240.0,5.059294871794872,0.0,5.86698717948718,-0.15705128205128205,2.8493589743589745,-2.4455128205128207,0.5455463220942665,-0.05664108787325462,39.203567764173066,1.2115384615384617,9.838141025641026,False,True
2022-11-22,2022,LONG,PM_LONG,34.76,2.8123425692695214,0.9168765743073047,28.357142857142858,0.7347417840375587,0.7696629213483146,0.7696629213483146,1.5692695214105794,3.0,0.9998995144721998,1.0671527953024305,75.0,3.570528967254408,1.0,4.214105793450882,2.036523929471033,0.8727959697732998,-0.17632241813602015,2.081527346811955,0.40838739710461847,29.630776595066024,1.4722921914357683,8.128463476070529,True,True
2022-11-22,2022,LONG,PM_LONG,36.76,2.9655172413793105,0.3103448275862069,14.5,0.7347417840375587,0.6885245901639344,0.6885245901639344,2.103448275862069,3.0,1.390081488887582,0.9405765836438518,215.0,6.982758620689655,1.0,10.568965517241379,1.4482758620689655,4.241379310344827,-0.13793103448275862,4.719783347196865,0.2734904937024112,55.51018793420273,2.3448275862068964,15.89655172413793,True,True
2022-11-23,2022,LONG,PM_LONG,4.76,0.5411764705882353,6.188235294117647,21.25,0.6369718309859156,0.1566265060240964,-0.1566265060240964,0.9764705882352941,3.0,0.6053645779567117,0.7267464156265077,90.0,6.341176470588235,0.0,6.741176470588235,-5.364705882352941,5.811764705882353,-0.6941176470588235,1.8336633042155026,0.4355848379119861,88.36239105586431,0.9411764705882353,8.447058823529412,False,True
2022-11-29,2022,SHORT,ORB_SHORT,-67.74000000000001,1.7531455961653686,1.249850209706411,29.803571428571427,0.6919739696312364,0.3333333333333333,-0.3333333333333333,0.7549430796884362,3.0,1.5809662504788895,1.1003951072126434,100.0,2.6003594967046135,1.0,4.655482324745357,-1.9292989814260038,3.523067705212702,-0.5787896944278011,2.3533169810439403,0.3808831838061338,18.299263448203575,1.8705811863391253,6.928699820251648,False,False
2022-12-06,2022,SHORT,ORB_SHORT,50.76,4.793363499245853,1.2458521870286576,23.678571428571427,0.7665758401453225,0.047619047619047616,-0.047619047619047616,1.1085972850678734,2.0,0.9281570727353861,0.9081785650984656,105.0,8.224736048265461,0.0,9.153846153846155,-5.479638009049774,7.749622926093515,-1.1191553544494721,2.1967062671127313,0.5285698311279341,22.909929477342814,-1.435897435897436,12.078431372549021,True,True
2022-12-06,2022,SHORT,ORB_SHORT,85.26,3.021857923497268,1.3005464480874316,19.607142857142858,0.7665758401453225,0.9369369369369369,0.9369369369369369,1.4153005464480874,4.0,1.1029559271179494,0.7593336493758162,215.0,9.932604735883425,1.0,12.482695810564662,-9.384335154826958,12.125683060109289,-0.012750455373406192,4.518736979993641,0.22474518617784636,27.85552866457148,1.644808743169399,14.586520947176684,True,True
2022-12-07,2022,SHORT,ORB_SHORT,-153.24,0.3760191846522782,2.309832134292566,37.232142857142854,0.8340296699969725,0.9455445544554455,0.9455445544554455,1.3563549160671464,4.0,0.980095066477947,0.8957649075451437,110.0,4.183213429256595,0.0,4.183213429256595,-0.8057553956834533,1.0004796163069545,-0.8527577937649881,1.1535739749529117,-0.11234778431463346,47.12654328210369,1.752517985611511,4.559232613908874,False,False
2022-12-12,2022,LONG,ORB_LONG,-18.74,3.438985736925515,1.5752773375594296,22.535714285714285,0.9130010966248325,0.6923076923076923,0.6923076923076923,1.1537242472266245,4.0,0.9844810311062531,0.9601430585645999,95.0,2.9175911251980984,0.0,3.438985736925515,,0.9429477020602219,-0.4659270998415214,1.1321547307954012,-0.12520310464310966,33.25352714948153,2.8621236133122028,7.698890649762283,True,False
2022-12-14,2022,LONG,PM_LONG,-77.74,1.0520231213872833,14.531791907514451,21.625,1.5305227245034727,0.5925925925925926,0.5925925925925926,1.2485549132947977,4.0,0.8377594745079927,0.933382501483061,90.0,5.2485549132947975,1.0,5.745664739884393,11.699421965317919,5.22543352601156,-0.4393063583815029,1.756547348022934,0.25590857789682486,73.94771579991503,-0.20809248554913296,7.976878612716763,False,False
2022-12-14,2022,LONG,PM_LONG,-407.24,0.2845528455284553,18.894308943089428,17.571428571428573,1.5305227245034727,0.937007874015748,0.937007874015748,1.8069105691056908,4.0,1.3215573585756142,0.9679376487609093,245.0,6.459349593495935,1.0,7.611788617886178,13.38821138211382,7.441056910569105,-0.07113821138211382,2.7742774957967455,0.03532591731567574,67.62071879502501,4.239837398373983,9.817073170731707,False,False
2022-12-15,2022,SHORT,ORB_SHORT,205.76,3.5679879578524836,0.5870546914199698,38.32692307692308,1.4470481380563123,0.13245033112582782,0.13245033112582782,0.9849473156046161,4.0,0.5947028969308595,1.0072506534019054,60.0,4.989964877069744,0.0,4.989964877069744,-4.60511791269443,3.6136477671851477,-0.6261916708479678,1.3063529169957726,0.5854665153706814,46.21602508671709,1.5980933266432513,10.873557451078774,True,True
2022-12-15,2022,SHORT,ORB_SHORT,-67.74000000000001,1.037037037037037,3.4444444444444446,20.25,1.4470481380563123,0.5766423357664233,0.5766423357664233,1.691358024691358,5.0,1.5309629006241672,0.7725121073978114,215.0,9.444444444444445,1.0,14.617283950617283,-14.432098765432098,12.555555555555555,-0.6419753086419753,5.789368550993436,0.3805558691645633,29.475556561218397,1.1728395061728396,20.580246913580247,False,False
2022-12-19,2022,SHORT,ORB_SHORT,59.260000000000005,3.8116025272831706,0.31361286616886846,31.089285714285715,0.9294504691117339,0.7874015748031497,0.7874015748031497,1.0212521539345203,2.0,0.6296913928312919,0.729017244672907,65.0,4.149339460080413,0.0,4.149339460080413,,3.063756461803561,-0.9247558874210223,0.8114986390845216,0.08531327704703394,65.52428584382108,3.063756461803561,11.523262492820217,True,True
2022-12-19,2022,SHORT,ORB_SHORT,114.76,3.379770992366412,0.26717557251908397,18.714285714285715,0.9294504691117339,0.8586956521739131,0.8586956521739131,1.2290076335877862,3.0,1.2172390954678776,0.8092232035327178,250.0,6.893129770992366,1.0,9.551526717557252,,8.041984732824426,-1.2423664122137403,2.6292299045010323,0.10860409319748422,43.100888970028855,1.0286259541984732,19.143129770992367,True,True
2022-12-21,2022,LONG,PM_LONG,-15.74,1.8531618435155413,0.5434083601286174,35.88461538461539,0.9215590145851207,0.7085714285714285,0.7085714285714285,1.2191854233654875,3.0,0.7213684734634632,1.0910400233105086,60.0,4.07556270096463,0.0,4.07556270096463,-2.117899249732047,2.9539121114683815,-0.11146838156484458,1.9643737409287914,0.6343264208562716,91.34565974796844,-0.6966773847802786,5.413183279742765,False,False
2022-12-21,2022,LONG,PM_LONG,-4.24,1.1490280777537798,3.129589632829374,16.535714285714285,0.9215590145851207,0.6036036036036037,0.6036036036036037,1.6781857451403888,4.0,0.9868667355526604,0.7201725924337498,210.0,8.844492440604752,1.0,11.883369330453565,-7.468682505399569,9.282937365010799,-0.408207343412527,4.419308774233495,0.22450721593905965,73.20238802966183,0.8768898488120951,11.747300215982722,False,False
2022-12-22,2022,SHORT,ORB_SHORT,169.26,5.768518518518519,0.6697530864197531,23.142857142857142,0.797194115090943,0.23,0.23,1.080246913580247,4.0,0.7409582386788032,0.834308317465303,100.0,9.05246913580247,0.0,9.387345679012347,-7.648148148148148,8.598765432098766,-0.5725308641975309,2.6933712116163484,0.5468473500509559,17.405302555023297,-0.032407407407407406,16.182098765432098,True,True
2022-12-28,2022,SHORT,VWAP_SHORT,95.26,3.348891481913652,0.8576429404900817,30.607142857142858,0.7984258854394404,0.7961165048543689,0.7961165048543689,0.8413068844807468,3.0,0.6717678921114257,0.8818061361792168,80.0,4.41073512252042,0.0,4.41073512252042,-0.9801633605600933,1.1353558926487748,-0.13885647607934656,2.3652363644932435,0.5155938541058336,17.86270427211018,-1.2170361726954493,5.774795799299883,True,True
2022-12-30,2022,SHORT,MOM_SHORT,-36.239999999999995,1.0398277717976319,4.023681377825619,16.589285714285715,0.6787779733467437,0.832,0.832,1.8837459634015068,5.0,1.3693032508686682,1.0998275408869143,230.0,5.560818083961248,0.0,6.962325080731969,2.139935414424112,1.1754574811625402,-2.20021528525296,1.790225287082353,-0.028819187843046937,32.847669742229925,2.938643702906351,7.2637244348762104,False,False
2023-01-11,2023,LONG,PM_LONG,48.76,2.8676470588235294,1.2824754901960784,31.384615384615383,0.9835717408957462,0.7719298245614035,-0.7719298245614035,1.3621323529411766,3.0,0.7545344337203338,0.9399836241206112,60.0,3.122549019607843,0.0,3.122549019607843,-2.150735294117647,0.9479166666666667,-1.1231617647058825,0.2756752916932194,0.3279351738179266,82.36273272790896,-1.0833333333333335,8.029411764705882,True,True
2023-01-11,2023,LONG,PM_LONG,-18.24,1.736,2.5573333333333332,13.392857142857142,0.9835717408957462,0.8620689655172413,0.8620689655172413,1.624,3.0,0.8058904214281979,0.7202605723633602,210.0,7.317333333333334,1.0,9.818666666666667,-10.024000000000001,7.205333333333334,-0.14933333333333335,4.638630065359486,0.3136126186938103,75.55566568490136,1.6053333333333335,18.816,False,False
2023-01-12,2023,LONG,MOM_LONG,-76.74,1.277981277981278,1.7663817663817665,61.425,0.6787432069460929,0.4827586206896552,0.4827586206896552,0.5901505901505901,4.0,0.9172824422433317,0.9117681324513598,45.0,3.3781033781033782,0.0,3.3781033781033782,-0.28083028083028083,0.10582010582010583,-0.3540903540903541,1.351335047932276,-0.12731104955416017,71.00235597827108,0.20757020757020758,4.745624745624746,False,False
2023-01-12,2023,LONG,ORB_LONG,-129.24,0.37061548643282594,2.529450694904037,26.982142857142858,0.6787432069460929,0.7171052631578947,0.7171052631578947,1.4083388484447386,5.0,0.9135410835354856,0.7652288268120399,260.0,7.690271343481138,1.0,9.663798808735937,-3.1780277961614822,2.7796161482461947,-0.24090006618133686,4.0499075430649905,0.21493977274308895,62.990664624684726,2.872270019854401,10.803441429516877,False,False
2023-01-13,2023,LONG,PM_LONG,14.260000000000002,1.3899521531100478,0.8373205741626795,14.928571428571429,1.195339949454478,0.5277777777777778,0.5277777777777778,1.2057416267942584,5.0,1.6357228812102458,0.9168004228516055,250.0,8.02153110047847,1.0,10.617224880382775,0.9712918660287081,9.126794258373206,-0.41866028708133973,4.881388761793986,0.26879506200288034,68.8636525850215,1.992822966507177,9.696172248803828,False,True
2023-01-17,2023,LONG,PM_LONG,-69.24000000000001,0.2620967741935484,2.5835253456221197,33.38461538461539,0.2797791495319696,0.5483870967741935,-0.5483870967741935,0.9285714285714285,2.0,0.644278275824608,0.853337846882958,60.0,4.066244239631336,0.0,4.066244239631336,-0.90610599078341,1.2805299539170507,-1.3104838709677418,0.5188833299834341,0.5701457024400499,32.07099042813354,-0.9809907834101382,4.889976958525345,False,False
2023-01-19,2023,SHORT,ORB_SHORT,36.76,1.56790770844258,2.413214472994232,36.67307692307692,0.84953461135425,0.5913978494623656,0.5913978494623656,0.633980073413739,3.0,0.6338441501690109,0.700066954161597,60.0,2.665443104352386,0.0,2.665443104352386,-2.8563188253801783,1.1316203460933405,-0.4635553224960672,0.7099515021922812,0.14032525152751715,54.49525755052205,0.9202936549554275,3.865233350812795,False,True
2023-01-20,2023,LONG,PM_LONG,95.26,6.350383631713555,0.9558823529411765,30.076923076923077,0.8807545755512526,0.08791208791208792,-0.08791208791208792,0.7563938618925832,2.0,0.8315801185442923,0.8587352920938554,60.0,3.831841432225064,0.0,3.831841432225064,-1.0057544757033248,1.8785166240409208,-0.44884910485933505,1.265968233206035,0.6040836674724825,90.92776446899259,0.008312020460358057,2.7595907928388748,True,True
2023-01-20,2023,LONG,PM_LONG,255.26,10.322845417236662,2.662106703146375,13.053571428571429,0.8807545755512526,0.34065934065934067,0.34065934065934067,1.7428180574555403,3.0,1.5074409314210648,1.1354569759026778,210.0,8.829001367989056,1.0,13.099863201094392,-6.6265389876880985,8.6374829001368,-0.9958960328317373,4.614806498307981,0.37000033978775965,64.28057546842959,-0.7660738714090287,6.358413132694938,True,True
2023-01-23,2023,LONG,PM_LONG,51.76,3.044378698224852,2.019230769230769,24.142857142857142,0.7194740137758299,0.8563829787234043,0.8563829787234043,1.9467455621301775,3.0,0.8405493786788751,1.0635102846760953,90.0,8.076923076923077,1.0,10.127218934911243,,8.511834319526628,-0.27958579881656803,4.406403114190066,0.8132443660204918,92.3302889964912,0.41420118343195267,11.825443786982248,True,True
2023-01-23,2023,LONG,PM_LONG,-46.24,2.3194278903456493,5.840286054827175,14.982142857142858,0.7194740137758299,0.3333333333333333,0.3333333333333333,1.1513706793802145,4.0,1.5100398832852777,0.7749062820524457,210.0,13.01549463647199,1.0,19.05601907032181,,16.30274135876043,-0.600715137067938,6.487677648449977,0.41353491881234555,72.78590002970539,1.835518474374255,19.05601907032181,False,False
2023-01-24,2023,LONG,PM_LONG,-62.74,0.46808510638297873,2.099290780141844,17.625,0.7984349362615172,0.5063291139240507,0.5063291139240507,1.1205673758865249,4.0,0.8377239994565135,0.7186018270776331,250.0,6.453900709219858,0.0,6.453900709219858,3.049645390070922,3.9290780141843973,-1.2765957446808511,1.6530411183813023,0.05012187806851023,60.012945401455454,0.15602836879432624,10.113475177304965,False,False
2023-01-26,2023,LONG,PM_LONG,36.76,1.6599825632083696,0.9154315605928509,20.482142857142858,0.9504634068392457,0.8671875,0.8671875,1.5623365300784655,4.0,1.137215360053777,0.7173975605574469,245.0,6.249346120313862,0.0,8.3487358326068,-6.237140366172624,0.6102877070619006,-2.184829991281604,2.1323428108011324,0.03978239069309645,62.615834837973,0.7689625108979947,7.189189189189189,False,True
2023-01-27,2023,LONG,PM_LONG,52.76,4.34419817470665,0.4380704041720991,13.696428571428571,1.016171300735059,0.017857142857142856,0.017857142857142856,1.0221642764015646,4.0,1.239148722905368,0.760488381390894,250.0,11.00651890482399,1.0,15.259452411994785,-10.002607561929596,14.711864406779661,-0.16427640156453716,6.309317483670216,0.3933205326308651,70.37704106042604,0.9856584093872229,4.9282920469361144,True,True
2023-01-30,2023,SHORT,ORB_SHORT,-61.24,0.28984111699566684,2.1097737120847375,37.089285714285715,0.8240332374560562,0.5221238938053098,0.5221238938053098,0.7616754935002407,5.0,0.9241420680346922,0.9663250366032211,70.0,3.2286952335098698,1.0,4.31391429947039,,2.4130958112662495,-0.2628791526239769,2.345347465266735,0.5847304206717585,54.44749762424356,0.1348098218584497,6.969667790081848,False,False
2023-01-31,2023,LONG,PM_LONG,24.76,1.840242669362993,0.49544994944388276,35.32142857142857,0.9405634890003859,0.08391608391608392,-0.08391608391608392,1.012133468149646,2.0,0.7516814017654284,0.9539274634078534,80.0,2.87360970677452,0.0,3.2416582406471184,2.3710819009100104,2.4206268958543986,-0.679474216380182,0.9391471666561084,0.32226327887268336,36.559033586856934,-0.31142568250758346,7.120323559150657,False,True
2023-01-31,2023,LONG,PM_LONG,-8.24,2.110363391655451,0.6594885598923285,13.267857142857142,0.9405634890003859,0.77,0.77,1.8842530282637955,3.0,1.5539672410125507,0.8743213752985949,255.0,7.650067294751009,1.0,9.892328398384926,3.5235531628532977,9.232839838492598,-0.28263795423956933,3.78915248545131,0.14115278823376404,57.93046764608845,2.0161507402422614,18.955585464333783,False,False
2023-02-02,2023,LONG,PM_LONG,-9.74,3.1319415448851777,2.1494780793319417,46.05769230769231,1.2549449133432125,0.8697318007662835,0.8697318007662835,1.4167014613778706,4.0,0.8417096517889798,1.2626544359751493,60.0,3.2839248434237995,0.0,3.2839248434237995,-5.959916492693111,2.366597077244259,-0.1791231732776618,1.7701316314946616,0.15403776817224382,65.06468276029126,0.0651356993736952,5.493110647181629,True,False
2023-02-02,2023,LONG,PM_LONG,-188.24,3.872852233676976,7.8298969072164954,20.785714285714285,1.2549449133432125,0.8539325842696629,0.8539325842696629,1.070446735395189,3.0,0.9790165506447922,0.7345791069676488,210.0,7.276632302405499,1.0,10.018900343642612,-16.27319587628866,8.310996563573884,-0.07216494845360825,4.61517929347199,0.26368385662845645,64.52548311262731,2.7302405498281788,12.171821305841926,True,False
2023-02-07,2023,LONG,PM_LONG,256.76,8.452830188679245,5.5911949685534585,22.714285714285715,1.0114340466304694,0.7417218543046358,0.7417218543046358,1.6619496855345912,3.0,0.9876807270735065,0.9973002761281093,120.0,3.3789308176100628,1.0,5.183962264150943,0.9905660377358491,3.621069182389937,-0.3742138364779874,2.9259770351556265,0.3244778473136139,79.56763570399117,-0.0220125786163522,14.154088050314465,True,True
2023-02-07,2023,LONG,PM_LONG,238.26,3.2727854173329067,1.5849056603773584,55.839285714285715,1.0114340466304694,0.676056338028169,-0.676056338028169,1.5893827950111927,0.0,1.47972735066287,1.6428528393528323,235.0,1.3744803325871442,0.0,5.394947233770387,1.0924208506555804,0.7834985609210106,-4.127918132395267,-0.5150110882395035,0.3544143131242958,41.77112274802407,-0.30892228973456987,5.757595139110969,True,True
2023-02-08,2023,SHORT,ORB_SHORT,64.26,2.488118811881188,0.4851485148514852,36.07142857142857,1.3969977642925582,0.1724137931034483,0.1724137931034483,0.803960396039604,4.0,0.7675117683683709,0.912319432204364,90.0,4.144554455445545,0.0,4.498019801980198,4.054455445544555,3.000990099009901,-0.42970297029702975,1.9846178114866047,0.46878913749479934,51.122424634247494,1.1920792079207922,7.415841584158416,False,True
2023-02-13,2023,LONG,PM_LONG,-82.74,1.1608040201005025,4.871859296482413,14.214285714285714,1.0364301021051305,0.8090909090909091,0.8090909090909091,1.934673366834171,4.0,1.176309699137387,0.8395061728395061,235.0,8.512562814070352,1.0,14.386934673366834,,10.5,-0.36934673366834175,5.717103028032686,0.30865941595331253,67.93109862875153,3.113065326633166,18.78391959798995,False,False
2023-02-14,2023,LONG,ORB_LONG,134.76,1.5593635250917994,2.0134638922888617,29.178571428571427,0.7556681443951868,0.18235294117647058,0.18235294117647058,1.4565483476132193,5.0,1.351628286266376,0.8698109951327717,225.0,9.690330477356182,0.0,9.690330477356182,-0.8996328029375765,4.129742962056304,-2.7160342717258263,2.527640607098055,0.15663615852421997,70.85838876491235,-1.6793145654834762,7.736842105263158,False,True
2023-02-15,2023,LONG,MOM_LONG,35.76,3.542796384901648,0.43168527379053695,33.589285714285715,1.3061431285623812,0.4523809523809524,0.4523809523809524,0.937799043062201,3.0,0.7925436241038625,0.8847722440830892,95.0,3.1929824561403506,0.0,3.1929824561403506,2.0988835725677832,1.4736842105263157,-0.8559276980329612,0.6812394715710803,-0.011839312119265857,46.98615505451083,1.7639553429027113,7.785220627325891,True,True
2023-02-17,2023,SHORT,ORB_SHORT,7.76,1.43342175066313,2.7851458885941645,33.660714285714285,1.0410731395720219,0.20652173913043478,0.20652173913043478,0.683289124668435,4.0,0.6438586060245717,0.7380083841398604,90.0,3.787798408488064,0.0,3.787798408488064,-4.820159151193634,2.2578249336870027,-0.5273209549071618,1.1106335413976265,0.09001650772280115,16.415008551866677,-0.3416445623342175,2.413793103448276,False,True
2023-02-24,2023,SHORT,ORB_SHORT,-52.24,1.0733210104744302,2.090573012939002,31.21153846153846,0.9210628645495788,0.12087912087912088,0.12087912087912088,0.7288971041281578,3.0,0.5975965500849825,0.7120026447316337,60.0,3.5003080714725816,0.0,3.5003080714725816,-2.29882932840419,1.2094886013555146,-0.7208872458410351,0.6620741529432294,0.47769986932540953,70.80594218888538,-1.489833641404806,6.888478126925447,False,False
2023-02-24,2023,SHORT,ORB_SHORT,-129.24,1.5388291517323776,4.164874551971327,14.946428571428571,0.9210628645495788,0.7108433734939759,-0.7108433734939759,1.3882915173237753,3.0,0.9885604486449046,0.8500884551843321,230.0,7.309438470728794,0.0,8.045400238948627,-4.599761051373955,2.3249701314217446,-2.4420549581839905,0.543497324811069,0.10491479508013878,55.00803325942026,-2.2580645161290325,14.384707287933095,False,False
2023-02-27,2023,LONG,ORB_LONG,-81.74,0.050980392156862744,3.374901960784314,24.51923076923077,0.8295528191834091,0.38372093023255816,-0.38372093023255816,0.8768627450980392,1.0,0.7737737464255141,1.0788773462532013,60.0,3.385098039215686,0.0,3.385098039215686,,0.6933333333333334,-1.6823529411764706,0.19092011885964036,0.6049146720830307,33.750002570235466,-1.9168627450980391,6.005490196078431,False,False
2023-02-28,2023,LONG,PM_LONG,-107.74,1.1019354838709678,3.8658064516129036,13.839285714285714,0.7438145334112605,0.07368421052631578,-0.07368421052631578,1.7161290322580647,2.0,1.03656301036563,0.9433222747729454,240.0,5.99741935483871,1.0,9.212903225806452,2.24,7.4064516129032265,-0.7406451612903227,4.511214487365891,0.31972704109970496,73.66997078405578,1.9148387096774195,11.561290322580646,False,False
2023-03-01,2023,SHORT,ORB_SHORT,-69.74000000000001,0.28292046936114734,3.769230769230769,27.392857142857142,0.7092373652072236,0.5,0.5,0.6023468057366362,5.0,1.1676006256005276,1.1057886314617686,100.0,4.636245110821382,1.0,5.658409387222947,-3.9426336375488917,4.34419817470665,-0.3011734028683181,2.5669979162000645,0.27965128978068826,45.01412762692583,2.089960886571056,10.477183833116037,False,False
2023-03-03,2023,LONG,PM_LONG,6.76,3.5006218905472637,1.3986318407960199,30.923076923076923,0.8256602779424357,0.4631578947368421,-0.4631578947368421,0.7680348258706468,4.0,0.7754474412979646,0.8019032742999282,60.0,3.953358208955224,0.0,3.953358208955224,-3.7997512437810945,2.5628109452736316,-0.6305970149253731,1.3578660530156186,0.48910117959863936,74.83996747486108,-0.5174129353233831,4.406094527363184,True,True
2023-03-03,2023,LONG,PM_LONG,37.76,4.350769230769231,1.5938461538461537,11.607142857142858,0.8256602779424357,0.6557377049180327,0.6557377049180327,1.3138461538461539,4.0,1.6007105633851684,0.7377692983199083,215.0,10.532307692307691,1.0,14.215384615384615,-15.098461538461537,11.803076923076922,-0.38769230769230767,6.753335011242083,0.5185914696794441,76.73210632432414,-0.6246153846153846,11.738461538461538,True,True
2023-03-06,2023,LONG,PM_LONG,-43.239999999999995,0.5758597437626433,5.21105866486851,26.482142857142858,0.6959002255539338,0.8818897637795275,0.8818897637795275,1.1989211058664868,4.0,0.740102870185078,0.9898477157360406,70.0,3.7950101146325017,1.0,4.7768037761294675,,4.134861766689143,-0.1227242076871207,2.776277982580606,0.7422712129550534,69.97633732296048,0.4342548887390425,3.2757923128792985,False,False
2023-03-07,2023,SHORT,ORB_SHORT,31.76,2.5395072217502124,1.4570943075615974,42.035714285714285,0.7423394617639222,0.8146067415730337,0.8146067415730337,1.058623619371283,3.0,1.2779758737357916,1.0921766072811774,70.0,4.412914188615123,0.0,4.412914188615123,-1.552251486830926,1.7901444350042481,-1.5938827527612576,0.5060946239863136,0.30672989573989706,48.704492117421744,0.3389974511469839,5.786745964316058,True,True
2023-03-07,2023,SHORT,ORB_SHORT,153.26,4.316755929609793,0.11782708492731446,23.339285714285715,0.7423394617639222,0.7790697674418605,0.7790697674418605,0.9211935730680948,4.0,0.8337559525518227,0.7118467015173384,210.0,7.947972456006121,0.0,7.947972456006121,-3.0527926549349655,3.4812547819433814,-2.613618974751339,0.6929308170670135,-0.0359357893195618,46.157786447236866,1.820964039785769,10.422341239479724,True,True
2023-03-08,2023,LONG,PM_LONG,29.26,1.0306553911205074,2.068181818181818,36.38461538461539,1.0430322408739676,0.6276595744680851,0.6276595744680851,1.291754756871036,3.0,1.1504755604481174,1.229059487538085,60.0,3.146934460887949,0.0,3.146934460887949,4.136363636363636,0.8726215644820295,-0.16490486257928116,1.2057667585046785,0.17139414494685168,66.01614886507647,1.4841437632135306,2.6590909090909087,False,True
2023-03-09,2023,LONG,PM_LONG,-407.24,0.48698412698412696,9.879999999999999,30.28846153846154,0.9066631058886366,0.6641221374045801,0.6641221374045801,1.0812698412698412,3.0,0.6019903286131394,0.8565632674553607,60.0,4.077460317460317,0.0,4.077460317460317,-2.575238095238095,2.8476190476190473,-0.7015873015873015,0.853898762580629,0.25299107326556824,77.84156161201912,2.7155555555555555,11.572063492063492,False,False
2023-03-10,2023,SHORT,ORB_SHORT,-27.24,3.3047619047619046,0.9809523809523809,26.25,1.0600881292562423,0.8470588235294118,0.8470588235294118,0.8095238095238095,3.0,0.763137563124731,0.8041170778361556,225.0,6.161904761904762,0.0,8.142857142857142,-3.5714285714285716,5.133333333333334,-0.6666666666666666,2.6690165364554908,0.1570804947314346,31.925021414637456,-0.6952380952380952,7.257142857142857,True,False
2023-03-13,2023,LONG,PM_LONG,74.66,1.580834967778089,0.8708321658727936,63.732142857142854,1.4479903858993188,0.36764705882352944,0.36764705882352944,1.0669655365648643,4.0,1.1482731353091205,0.9584506719258817,100.0,3.820678061081536,1.0,5.021014289717008,,3.377416643317456,-0.6119361165592603,1.7413814467879902,0.3830282018662293,50.95889507885718,-0.27458671896889886,6.570467918184366,False,True
2023-03-14,2023,LONG,PM_LONG,31.76,1.213855421686747,4.377710843373494,31.923076923076923,2.023100547469622,0.4482758620689655,0.4482758620689655,0.6813253012048193,4.0,0.8729431721798133,0.9543958703016616,60.0,3.8216867469879516,0.0,3.8216867469879516,-3.0542168674698793,3.3674698795180724,-0.25060240963855424,1.5984515671979977,0.45298139118107844,93.38967445435142,1.8012048192771084,10.721084337349398,False,True
2023-03-16,2023,LONG,PM_LONG,653.02,7.450582868727826,0.035478966041561075,35.232142857142854,1.5474696221124313,0.7457627118644068,0.7457627118644068,1.255955397871262,4.0,0.878182436351273,1.1611480831257912,70.0,3.391789153573239,1.0,3.888494678155094,-1.0288900152052713,2.7460719716168276,-0.2767359351241764,1.5899538501599402,0.26908750794296016,80.49154898238332,0.7592498732894071,11.14749113025849,True,True
2023-03-16,2023,LONG,PM_LONG,-57.24,0.9810791871058164,2.1878065872459707,25.482142857142858,1.5474696221124313,0.7307692307692307,0.7307692307692307,0.7652417659425368,4.0,1.3891697562071679,0.7056071503386635,210.0,4.689558514365802,1.0,14.333566923615978,-10.74281709880869,13.117028731604766,-0.019621583742116328,6.487525204009794,0.663484122023809,80.05883392193326,0.1373510861948143,15.412754029432376,False,False
2023-03-20,2023,LONG,ORB_LONG,-86.24,1.4878892733564013,2.1730103806228374,36.125,1.0925357190546132,0.6194690265486725,0.6194690265486725,0.7820069204152249,3.0,0.9230333042602831,0.8155509710464537,85.0,2.8719723183391004,1.0,3.370242214532872,,0.5674740484429066,-0.19377162629757785,1.4432451530550219,0.26758779993147436,72.80302076103605,1.3356401384083045,5.882352941176471,False,False
2023-03-22,2023,LONG,PM_LONG,-18.74,6.945359930615785,4.893321769297485,22.173076923076923,0.7763386299906528,0.30158730158730157,-0.30158730158730157,0.7103209019947961,3.0,1.2229008818594875,0.8737534562513923,60.0,3.9236773633998263,0.0,3.9236773633998263,-1.3642671292281006,2.491760624457936,-0.46227233304423243,1.8862051899436265,0.5095882284051725,89.02275895087303,2.1647875108412835,8.704249783174328,True,False
2023-03-23,2023,LONG,PM_LONG,-41.24,1.4010226442658875,9.837837837837837,24.446428571428573,1.319268260114835,0.8551724137931035,-0.8551724137931035,1.482834185536888,2.0,0.8431642110465717,0.855414291977203,115.0,4.52008765522279,1.0,7.547114682249817,4.305332359386413,4.970051132213294,-2.24981738495252,1.7354472512845713,0.7079378309059788,53.24464383826923,-2.0861943024105183,4.826880934989043,False,False
2023-03-28,2023,SHORT,ORB_SHORT,-93.74,1.3611111111111112,3.5176767676767677,14.142857142857142,0.8639742816958006,0.08888888888888889,0.08888888888888889,0.7954545454545455,4.0,1.4266690052553284,0.8256867689554086,255.0,8.979797979797981,0.0,9.227272727272728,-7.901515151515151,8.643939393939394,-0.5303030303030303,2.7923323104484803,0.169059955163829,29.28340078711132,-0.7777777777777778,6.46969696969697,False,False
2023-03-29,2023,LONG,PM_LONG,30.26,3.618586640851887,0.3117134559535334,18.446428571428573,0.7385256367179625,0.8666666666666667,0.8666666666666667,1.4230396902226523,3.0,0.799325881210367,0.9380990006291793,110.0,3.0087124878993223,0.0,4.282671829622458,-6.383349467570183,0.40658276863504356,-2.073572120038722,-0.022808678112153816,-0.24455558591021226,54.739542954167185,-0.5827686350435624,10.774443368828653,True,True
2023-03-29,2023,LONG,PM_LONG,9.76,2.631449631449631,1.995085995085995,14.535714285714286,0.7385256367179625,0.94,0.94,1.71990171990172,3.0,1.3160594202347935,0.9743654399935447,215.0,3.818181818181818,0.0,5.434889434889435,-10.06142506142506,2.4766584766584767,-0.6707616707616707,1.5876692677037674,0.05512222864047117,57.327507252292584,1.565110565110565,13.673218673218672,True,True
2023-03-30,2023,LONG,PM_LONG,-22.74,1.0945347119645494,2.7747415066469716,26.03846153846154,0.6667566291073478,0.3170731707317073,-0.3170731707317073,1.1809453471196454,3.0,1.1039032526759436,1.0436294864172795,60.0,3.1011816838995565,0.0,3.1011816838995565,-3.4756277695716395,0.7200886262924667,-0.9793205317577547,0.759255378684597,0.11006488320123009,30.309226200164403,1.968242245199409,7.56573116691285,False,False
2023-03-31,2023,LONG,PM_LONG,92.26,5.361722488038278,0.17416267942583732,20.096153846153847,0.6874025886020194,0.8152173913043478,0.8152173913043478,1.1444976076555025,5.0,0.9782835900999385,0.9887184795497873,60.0,4.503349282296651,0.0,4.503349282296651,-2.7741626794258374,3.769377990430622,-0.03732057416267943,1.4658366317884803,0.3329887574482609,78.77911196478077,0.8583732057416268,4.067942583732058,True,True
2023-03-31,2023,LONG,PM_LONG,67.76,4.1844197138314785,0.37837837837837834,11.232142857142858,0.6874025886020194,0.68,0.68,1.669316375198728,3.0,0.9637153387153388,0.9117260260578357,265.0,8.057233704292527,1.0,14.445151033386328,-10.372019077901431,12.152623211446741,-1.0461049284578696,4.388502367431106,0.23944470669230444,60.19421397219239,2.314785373608903,7.278219395866454,True,True
2023-04-03,2023,SHORT,ORB_SHORT,-47.24,0.3575418994413408,3.4078212290502794,22.375,0.5905747752655952,0.30434782608695654,0.30434782608695654,0.770949720670391,4.0,0.873326930226794,0.8664401573643574,100.0,3.1508379888268156,1.0,5.094972067039106,,1.9776536312849162,-0.5251396648044693,2.6578086303999355,0.6591903260510997,35.801756595214854,-1.9553072625698324,3.6983240223463687,False,False
2023-04-05,2023,SHORT,ORB_SHORT,160.76,2.954981549815498,0.2686346863468635,26.057692307692307,0.8399671727533853,0.28888888888888886,0.28888888888888886,0.8634686346863469,3.0,0.852356233628617,0.9610783788609177,60.0,3.876014760147602,0.0,3.876014760147602,-3.2907749077490775,3.4922509225092253,-0.05756457564575646,1.6975151379794673,0.5868118256518,16.76148092312627,0.25904059040590405,8.366051660516606,True,True
2023-04-06,2023,LONG,ORB_LONG,239.76,6.084257206208426,0.11382113821138212,24.160714285714285,0.7414587200109988,0.6296296296296297,0.6296296296296297,1.3968957871396896,3.0,0.5999907142715014,0.8544119105293726,90.0,4.1906873614190685,0.0,4.1906873614190685,5.72209903917221,1.3244641537324464,-0.39320029563932,1.5746505075100974,0.2564227147418074,60.50897669396474,1.6141906873614191,7.677753141167775,True,True
2023-04-11,2023,SHORT,ORB_SHORT,-17.240000000000002,1.269817073170732,2.2088414634146343,23.428571428571427,0.7208250918338512,0.23076923076923078,0.23076923076923078,0.8323170731707318,3.0,0.849316331638433,1.1291251156574484,65.0,3.9588414634146343,0.0,3.9588414634146343,4.865853658536586,3.329268292682927,-0.576219512195122,1.1064523497201464,0.5070804894383999,13.37620085295724,0.34146341463414637,6.082317073170732,False,False
2023-04-12,2023,SHORT,ORB_SHORT,-80.24,2.0134680134680134,1.7306397306397305,37.125,0.6755239786856128,0.7337662337662337,0.7337662337662337,1.037037037037037,3.0,0.978954778260553,1.0794893375381527,65.0,3.973063973063973,0.0,3.973063973063973,-0.18855218855218855,3.016835016835017,-0.30303030303030304,1.3404702486188416,0.048018674761772635,19.657961991256585,2.32996632996633,8.505050505050505,False,False
2023-04-13,2023,LONG,PM_LONG,86.76,4.186738836265223,0.5493910690121786,13.196428571428571,1.0678507992895203,0.6266666666666667,0.6266666666666667,1.4208389715832206,4.0,1.5706916271795708,0.9104502237713202,220.0,9.017591339648174,1.0,11.385656292286875,1.3640054127198917,10.230040595399188,-0.530446549391069,4.210656008477035,0.24767917221795177,71.16655808895325,1.155615696887686,19.569688768606223,True,True
2023-04-20,2023,SHORT,MOM_SHORT,-63.74,2.675,4.8625,20.0,0.7030047902453187,0.4830508474576271,0.4830508474576271,1.475,4.0,0.9551161304309876,1.3063908730379141,95.0,5.6,0.0,5.6,1.2125,-2.55,-2.8375,0.8087790108507761,-0.08658770058154915,41.5601802010218,2.35,5.8625,True,False
2023-04-21,2023,LONG,PM_LONG,-79.74,1.6,3.2363636363636363,13.75,0.8021483524459282,0.5972222222222222,0.5972222222222222,1.309090909090909,4.0,1.505441354292624,0.9802607815210821,250.0,7.218181818181818,1.0,8.963636363636363,7.2727272727272725,3.0545454545454547,-0.45454545454545453,3.513395345096598,0.15761778196743267,62.32851038260812,2.4909090909090907,6.418181818181818,False,False
2023-04-25,2023,SHORT,ORB_SHORT,93.26,5.780542986425339,0.17420814479638008,15.785714285714286,0.7072143997677457,0.7926829268292683,0.7926829268292683,1.2986425339366514,4.0,0.9888111457016923,0.9146180949295318,140.0,5.162895927601809,1.0,6.097285067873303,-2.8190045248868776,4.165158371040723,-0.22171945701357465,2.614394935728967,0.2754910211838024,34.982246351895625,-0.332579185520362,6.588235294117647,True,True
2023-04-25,2023,SHORT,ORB_SHORT,15.260000000000002,1.7224409448818898,0.49606299212598426,18.142857142857142,0.7072143997677457,0.4835164835164835,0.4835164835164835,1.2539370078740157,3.0,0.7095809204929056,0.7160733079295953,255.0,4.4921259842519685,1.0,8.942913385826772,-5.75984251968504,6.931102362204725,-0.5236220472440946,4.517358063639172,0.26727960587064215,31.032758940641045,0.19291338582677167,5.73228346456693,False,True
2023-04-27,2023,LONG,PM_LONG,86.26,5.665443873807777,0.6294937637564197,26.21153846153846,0.8425824376690794,0.7407407407407407,0.7407407407407407,1.0300807043286868,4.0,0.596081608099286,0.8520604544960313,60.0,3.309611151870873,0.0,3.309611151870873,-3.319148936170213,2.241379310344828,-0.019075568598679385,1.9022458028768294,0.5908148507099114,85.79795692541029,-1.0491562729273662,10.644167278063097,True,True
2023-04-28,2023,LONG,PM_LONG,-82.24,0.823876197494473,3.4679439941046426,26.096153846153847,0.668826865012151,0.6238532110091743,-0.6238532110091743,1.0442151805453206,4.0,0.9153897998698785,0.9673337459597002,60.0,4.627118644067797,0.0,4.627118644067797,-0.8047162859248341,2.069270449521002,-0.7280766396462786,1.541721890313048,1.0864018777794577,67.80343183792607,-2.0980103168754605,2.577008106116433,False,False
2023-04-28,2023,LONG,PM_LONG,3.76,1.3050847457627117,0.9788135593220338,16.857142857142858,0.668826865012151,0.4639175257731959,-0.4639175257731959,1.4385593220338984,4.0,1.2187339365901442,0.8584768692033591,210.0,7.163135593220339,0.0,7.163135593220339,-1.216101694915254,3.173728813559322,-1.1567796610169492,2.200557768652535,0.14812238739708292,58.32341235284341,0.0,3.989406779661017,False,True
2023-05-01,2023,SHORT,VWAP_SHORT,-26.74,1.7396883593033914,3.2291475710357473,20.98076923076923,0.8932712903464067,0.31313131313131315,-0.31313131313131315,1.1796516956920258,2.0,0.9356130914477458,1.0140649133571715,60.0,2.466544454628781,0.0,2.466544454628781,,0.27406049495875345,-0.9055912007332723,0.2737663407093521,0.20849852654754422,65.51439419559621,0.32172318973418884,4.730522456461962,False,False
2023-05-04,2023,SHORT,ORB_SHORT,-58.74,0.026974951830443163,4.208092485549133,27.803571428571427,1.2394429135324347,0.46601941747572817,0.46601941747572817,0.9261400128452152,4.0,0.7547733878184567,0.8011653947339813,65.0,3.0481695568400773,0.0,3.0481695568400773,-2.796403339755941,2.463712267180475,-0.449582530507386,1.0502951714148174,0.36258447099413016,22.983041851817703,-0.9351316634553629,4.18111753371869,False,False
2023-05-05,2023,LONG,PM_LONG,-14.24,6.52054794520548,1.1187214611872147,15.642857142857142,0.9968449519230769,0.2753623188405797,-0.2753623188405797,1.1027397260273972,2.0,0.6934210259220916,0.752701321961284,95.0,8.262557077625571,1.0,9.876712328767123,-8.02283105022831,7.527397260273973,-1.406392694063927,2.932152879580793,0.8265950593605966,80.2697899237489,-0.0319634703196347,4.7146118721461185,True,False
2023-05-05,2023,LONG,PM_LONG,108.26,6.252225519287833,0.3946587537091988,12.035714285714286,0.9968449519230769,0.5142857142857142,0.5142857142857142,0.7270029673590503,4.0,1.1654987913848829,0.7982627198261196,230.0,10.73887240356083,1.0,13.522255192878337,-12.649851632047477,12.005934718100889,-0.29080118694362017,4.566081798801712,0.33623502362048485,70.06269761362047,-0.3323442136498516,6.127596439169139,True,True
2023-05-08,2023,SHORT,ORB_SHORT,-85.74,0.3076131687242798,5.764403292181069,18.692307692307693,0.623000761614623,0.40540540540540543,0.40540540540540543,1.4845679012345678,3.0,0.7494558474764241,1.0447031431897555,60.0,2.888888888888889,0.0,2.888888888888889,,2.1800411522633745,-0.2139917695473251,0.9811542488607053,0.13906224759231145,20.75432726566254,1.2839506172839505,2.9290123456790123,False,False
2023-05-11,2023,SHORT,ORB_SHORT,-54.74,0.5551601423487544,3.5345195729537364,27.01923076923077,1.0238718620052363,0.7218543046357616,0.7218543046357616,1.397153024911032,2.0,0.8399648215761,1.073684927541168,60.0,2.4427046263345193,0.0,2.4427046263345193,4.209964412811388,1.8690391459074733,-0.3330960854092527,0.6293821663762436,-0.01739727036041055,65.35293560030803,0.1572953736654804,3.3494661921708184,False,False
2023-05-12,2023,SHORT,ORB_SHORT,7.76,3.7126537785588756,1.5764499121265378,21.884615384615383,0.8373386909821499,0.9428571428571428,0.9428571428571428,0.7996485061511424,3.0,0.8322022621423819,1.2861987818383167,60.0,4.42091388400703,0.0,4.42091388400703,1.3594024604569421,3.4956063268892796,-0.03427065026362039,2.0986264662608165,0.7606399044729609,11.357571840842738,1.724956063268893,1.8163444639718807,True,True
2023-05-12,2023,SHORT,ORB_SHORT,-55.24,0.6991676575505351,2.413793103448276,15.017857142857142,0.8373386909821499,0.6,0.6,1.165279429250892,4.0,0.8925607159611707,0.9505227431022601,265.0,6.442330558858502,1.0,11.43638525564804,-2.7300832342449466,9.80499405469679,-0.3329369797859691,4.86321942157485,0.2892866150298197,33.87292944712823,1.8478002378121285,2.646848989298454,False,False
2023-05-15,2023,LONG,ORB_LONG,15.760000000000002,3.303197353914002,0.46306504961411243,16.196428571428573,0.7793833552275714,0.6379310344827587,0.6379310344827587,0.8952590959206174,4.0,0.9939886631835878,1.0778394456028457,105.0,4.754134509371554,0.0,4.815876515986769,,0.5402425578831311,-0.23153252480705622,2.095801203084339,0.23480092658083526,50.4920794115234,2.34619625137817,4.893054024255788,True,True
2023-05-15,2023,LONG,PM_LONG,-33.239999999999995,0.45161290322580644,4.310850439882698,12.178571428571429,0.7793833552275714,0.3333333333333333,0.3333333333333333,1.1085043988269794,4.0,1.6356437007196225,1.2895474962242317,220.0,6.32258064516129,1.0,10.489736070381232,,4.413489736070381,-0.6979472140762463,5.046527605975753,0.4235861978761497,67.39140178232265,0.04105571847507331,6.50733137829912,False,False
2023-05-17,2023,LONG,VWAP_LONG,258.76,10.213399503722085,0.5037220843672456,14.392857142857142,0.7394540942928041,0.45774647887323944,-0.45774647887323944,2.466501240694789,3.0,2.0154900587773463,1.6092134480289864,110.0,4.516129032258065,0.0,6.009925558312656,2.2233250620347396,-0.19106699751861042,-2.7270471464019854,0.40363209093842894,0.42032302637082886,55.424138807029856,-0.9727047146401986,12.523573200992557,True,True
2023-05-18,2023,LONG,PM_LONG,73.98,4.360655737704918,0.44693701466781705,20.696428571428573,0.7065234314183404,0.85,-0.85,1.2079378774805867,3.0,0.8986277646153291,0.8352880881512291,70.0,6.69197584124245,0.0,6.69197584124245,-4.638481449525453,5.387402933563417,-1.2562553925798101,1.7371573412073065,1.1814558446155754,88.75467752546528,-2.4762726488352027,15.89646246764452,True,True
2023-05-18,2023,LONG,PM_LONG,51.76,1.6833667334669338,2.3987975951903806,17.821428571428573,0.7065234314183404,0.6923076923076923,-0.6923076923076923,2.3707414829659315,3.0,1.4976441552613866,1.6125315554404818,235.0,7.771543086172344,1.0,11.376753507014026,-7.266533066132264,8.13627254509018,-3.1843687374749496,1.4662938829076042,0.20794967280835588,54.251302266784926,-0.5050100200400801,18.460921843687373,False,True
2023-05-19,2023,SHORT,ORB_SHORT,44.26,2.8386540120793784,1.2562553925798101,20.696428571428573,0.8976624188882807,0.7448979591836735,0.7448979591836735,1.1837791199309748,2.0,0.8740114033474342,1.016435880528488,95.0,3.249352890422778,0.0,3.249352890422778,10.641932700603968,1.1958584987057808,-0.543572044866264,0.8413258488563974,0.16233082166745103,46.909539539778564,-1.1837791199309748,2.621225194132873,True,True
2023-05-22,2023,LONG,PM_LONG,62.260000000000005,3.6151898734177212,0.21265822784810126,14.107142857142858,0.9127474763283512,0.3804347826086957,0.3804347826086957,1.630379746835443,4.0,1.7586003513225885,1.1719813816485372,225.0,7.070886075949367,0.0,7.070886075949367,,3.0835443037974684,-3.8987341772151898,-0.7297151511912109,-0.06596006180323319,50.266638649478885,-0.9215189873417721,10.845569620253164,True,True
2023-05-24,2023,SHORT,ORB_SHORT,-10.24,0.9408906882591094,2.7319838056680164,22.053571428571427,0.8568281938325991,0.10377358490566038,0.10377358490566038,1.2016194331983807,4.0,0.8401792463722652,0.9958492834064112,75.0,4.035627530364373,0.0,4.307692307692308,-5.6000000000000005,2.505263157894737,-0.3400809716599191,1.6659706655562656,0.5895614092211736,20.074365553011475,-0.4761133603238867,11.608097165991904,False,False
2023-05-25,2023,LONG,VWAP_LONG,95.76,3.8986175115207375,0.423963133640553,27.125,0.9256655344024014,0.4657534246575342,0.4657534246575342,0.6728110599078341,5.0,0.7319656019225956,0.7637496021617439,75.0,4.2304147465437785,0.0,4.2304147465437785,-8.110599078341014,-1.0691244239631337,-1.4838709677419355,1.3630892143823252,0.05561787458044136,34.841235069479694,0.2488479262672811,5.926267281105991,True,True
2023-05-31,2023,SHORT,ORB_SHORT,-32.239999999999995,1.3821138211382114,2.2764227642276422,30.75,1.2324925457329357,0.12371134020618557,0.12371134020618557,0.7886178861788617,5.0,0.9904046427394337,0.9477884347139326,60.0,4.487804878048781,0.0,4.487804878048781,-1.3414634146341464,1.146341463414634,-0.6747967479674797,1.7026997844898473,0.9333009471404848,67.78086954456633,-1.983739837398374,4.504065040650406,False,False
2023-06-01,2023,LONG,PM_LONG,317.26,5.310344827586206,0.5229885057471264,31.071428571428573,1.0645499234426625,0.8461538461538461,0.8461538461538461,1.5689655172413792,3.0,0.8833254914261816,1.2691397000789266,70.0,2.8885057471264366,1.0,3.5724137931034483,1.6735632183908045,1.9954022988505746,-0.08850574712643677,1.828560806346884,0.132067849281533,79.7220301826346,2.7275862068965515,7.748275862068965,True,True
2023-06-02,2023,LONG,PM_LONG,-37.739999999999995,0.4176954732510288,1.2458847736625513,34.714285714285715,0.9954195975789303,0.3300970873786408,0.3300970873786408,0.7417695473251028,5.0,0.6959543670583953,0.8034290800352902,90.0,4.544238683127572,0.0,4.544238683127572,-1.9156378600823045,1.4835390946502056,-0.9506172839506173,1.4390066088187339,0.17107050784427064,49.68860242166071,-0.42489711934156377,2.038065843621399,False,False
2023-06-05,2023,LONG,PM_LONG,79.76,2.7180641530669667,2.056274620146314,31.732142857142858,1.0342493351599646,0.24087591240875914,-0.24087591240875914,1.0793472144063028,2.0,0.7442954430159211,0.9985527225236854,65.0,2.647158131682611,0.0,2.647158131682611,,1.2763083849184018,-1.3472144063027574,-0.12445258965026773,0.013250540937990166,61.94165390037047,0.2993809791783905,2.5289814293753516,True,True
2023-06-06,2023,LONG,PM_LONG,-17.240000000000002,1.0279329608938548,3.2737430167597767,22.375,1.1207994197759692,0.9117647058823529,0.9117647058823529,1.1396648044692737,3.0,0.7598921275056547,1.123954435168812,75.0,3.441340782122905,1.0,4.379888268156424,4.212290502793296,1.7988826815642458,-0.0893854748603352,2.2280733627815112,0.4239208286491713,83.80163430543058,1.675977653631285,2.5027932960893855,False,False
2023-06-07,2023,SHORT,ORB_SHORT,12.760000000000002,1.286034353995519,1.5892457057505602,23.910714285714285,0.8899067560935711,0.23148148148148148,-0.23148148148148148,1.1292008961911875,3.0,1.2850233795576766,0.9501542675787722,230.0,6.011949215832711,1.0,13.571321882001493,-5.614637789395071,9.253174010455565,-0.8259895444361464,5.912634665777267,0.5611091389204528,31.41615323269727,1.8088125466766245,13.174010455563854,False,True
2023-06-12,2023,LONG,ORB_LONG,23.76,5.998517420311342,1.5774647887323943,24.089285714285715,1.1058102989765493,0.3333333333333333,0.3333333333333333,1.027427724240178,3.0,0.7939814043389877,1.0122970787129968,75.0,2.262416604892513,1.0,2.8332097850259452,,0.7368421052631579,-0.44625648628613784,1.0189771769993705,0.15560549770524515,74.29576923363211,-0.43587842846553,12.194217939214232,True,True
2023-06-12,2023,LONG,PM_LONG,148.76,7.557324840764331,0.5573248407643312,11.214285714285714,1.1058102989765493,0.5573770491803278,0.5573770491803278,1.3598726114649682,5.0,2.1393343145609003,1.173316538989842,255.0,4.859872611464969,1.0,10.990445859872612,,6.9108280254777075,-0.535031847133758,6.022972347510028,0.33798157803567463,76.12827892697118,2.050955414012739,26.194267515923567,True,True
2023-06-15,2023,LONG,PM_LONG,96.76,5.578306878306878,0.48148148148148145,36.34615384615385,1.4086550084616005,0.635,-0.635,1.3756613756613756,2.0,0.6239869534520649,0.7621117700271385,60.0,4.3126984126984125,0.0,4.3126984126984125,-0.4058201058201058,2.5105820105820107,-1.0523809523809524,0.7741730621583763,0.7319517952494342,82.04421377797232,-0.28888888888888886,8.549735449735449,True,True
2023-06-15,2023,LONG,PM_LONG,184.26,5.824427480916031,0.40076335877862596,18.714285714285715,1.4086550084616005,0.7105263157894737,0.7105263157894737,1.5229007633587786,4.0,1.3127945229839069,0.8229999378380058,250.0,8.375954198473282,1.0,11.595419847328243,-5.797709923664121,9.885496183206106,-0.2538167938931298,4.443136137456231,0.20522355637458947,66.79829246483567,-0.7614503816793893,16.60496183206107,True,True
2023-06-21,2023,SHORT,ORB_SHORT,-84.74,0.5854858548585486,4.4944649446494465,29.035714285714285,1.0970063798462295,0.1,-0.1,0.5166051660516605,2.0,0.9371877422448055,0.706711708877053,100.0,4.942189421894219,1.0,7.1722017220172205,-3.676506765067651,6.276752767527675,-0.2927429274292743,3.111259374883519,0.7881824719904987,29.845204672156655,0.8351783517835178,8.842558425584256,False,False
2023-06-27,2023,LONG,PM_LONG,290.26,5.668654738237243,0.30616302186878724,26.946428571428573,1.2355635530835924,0.9025974025974026,0.9025974025974026,1.428760768721007,4.0,0.9077699716883623,0.8719578316093199,115.0,3.3863485752153744,1.0,3.534791252485089,6.308813783962889,2.393638170974155,-0.046388336646785946,1.8176546587254532,-0.012064414462811007,66.06626847583289,3.07090788601723,8.15506958250497,True,True
2023-06-28,2023,LONG,PM_LONG,46.76,1.4583756345177663,2.7583756345177664,37.88461538461539,1.0036024234485017,0.5695364238410596,0.5695364238410596,0.9964467005076142,3.0,0.8865094144423753,0.9864634372712532,60.0,3.880203045685279,0.0,3.880203045685279,-0.6269035532994923,3.5370558375634515,-0.23756345177664973,2.0784162726218147,0.3934799265190431,83.07249842520588,0.10558375634517767,4.315736040609137,False,True
2023-06-29,2023,SHORT,ORB_SHORT,-58.24,1.1881380651434128,1.630529897909577,39.55769230769231,1.3299492385786802,0.3548387096774194,-0.3548387096774194,0.9795819154107924,1.0,0.887760690206218,0.9981850729338366,60.0,2.7681088964511424,0.0,2.7681088964511424,1.263976665046184,1.0996596985901799,-1.0175012153621779,0.4224697748890459,0.5298585386637621,24.856389710234538,-1.4598930481283423,2.629071463296062,False,False
2023-06-30,2023,LONG,PM_LONG,-172.24,0.44025157232704404,2.749126484975542,25.553571428571427,1.1342721467168821,0.29,-0.29,0.9783368273934312,3.0,0.6433273088337015,0.9015019904102926,65.0,5.410202655485675,0.0,5.410202655485675,-8.139762403913348,3.952480782669462,-0.9294199860237596,1.4278456916855597,0.7559167912086125,81.38527906087377,-0.8413696715583509,5.576519916142558,False,False
2023-06-30,2023,LONG,PM_LONG,-44.24,0.6232114467408585,2.51510333863275,11.232142857142858,1.1342721467168821,0.6956521739130435,0.6956521739130435,1.5357710651828298,2.0,1.0919639550672757,0.766905448877392,240.0,12.308426073131955,0.0,12.308426073131955,-18.896661367249603,9.370429252782193,-1.7360890302066772,2.987755645290169,0.14100665286831507,63.79585355289929,1.0238473767885532,12.686804451510334,False,False
2023-07-07,2023,LONG,PM_LONG,-115.24,0.7940298507462688,5.265671641791045,11.964285714285714,1.0252129471890974,0.46153846153846156,-0.46153846153846156,1.629850746268657,2.0,1.1221947873799725,0.9358777509687797,245.0,8.232835820895524,1.0,15.065671641791045,-7.7522388059701495,10.385074626865672,-1.2328358208955226,7.235758310880182,0.5179791336904546,66.8833377757237,-1.2955223880597015,11.471641791044776,False,False
2023-07-10,2023,SHORT,ORB_SHORT,-58.24,2.176712328767123,2.780821917808219,26.071428571428573,0.9606003752345217,0.5775862068965517,0.5775862068965517,1.1123287671232875,3.0,0.9228742446372827,1.0985393334999205,135.0,4.947945205479452,0.0,4.947945205479452,,1.8602739726027395,-1.332876712328767,1.3322414654940076,0.06010603588358507,48.69731706304743,3.0205479452054793,4.804109589041095,False,False
2023-07-11,2023,LONG,ORB_LONG,-84.24,0.6227164416203336,3.5361397934868943,22.482142857142858,1.1901756779805563,0.8818897637795275,0.8818897637795275,1.4122319301032564,4.0,1.1656380041433736,0.8874028015252595,145.0,5.548848292295473,1.0,5.671167593328038,-0.9563145353455123,1.51231135822081,-0.022239872915011914,2.610608194477069,0.10274466865502203,68.36977060945001,3.380460683081811,4.570293884034948,False,False
2023-07-12,2023,LONG,PM_LONG,-66.74000000000001,0.9640905542544888,5.520686963309914,24.634615384615383,1.0516800272897837,0.36082474226804123,-0.36082474226804123,0.9843871975019517,1.0,0.6436027895229622,0.7240798612565665,60.0,4.049180327868853,0.0,4.049180327868853,-8.1288056206089,2.009367681498829,-1.1264637002341922,0.8682691912062163,0.6981861776815653,34.35713715643756,-2.3645589383294303,9.59016393442623,False,False
2023-07-13,2023,LONG,PM_LONG,112.76,4.604340567612688,1.5659432387312187,21.392857142857142,1.0467337540508275,0.5918367346938775,0.5918367346938775,0.5726210350584308,4.0,0.7332860395135228,1.057641265567848,90.0,3.2487479131886476,0.0,3.2487479131886476,-5.083472454090151,1.8931552587646077,-0.24540901502504175,1.0293315739675355,0.07616991781805411,72.97821462436573,0.18697829716193656,11.277128547579299,True,True
2023-07-13,2023,LONG,PM_LONG,35.76,4.231197771587744,0.467966573816156,12.821428571428571,1.0467337540508275,0.35185185185185186,0.35185185185185186,1.052924791086351,4.0,0.9973715155288095,0.71453344894284,235.0,5.420612813370473,1.0,9.105849582172702,-11.933147632311979,6.610027855153204,-0.6434540389972145,4.1142867735521715,0.2133506182409725,69.43384077152876,0.935933147632312,18.81615598885794,True,True
2023-07-14,2023,LONG,PM_LONG,-127.24,0.20530638029058748,5.25584333543904,30.442307692307693,0.8195463073511855,0.2689075630252101,0.2689075630252101,0.9772583701831964,3.0,0.7172683761353472,0.9189352570173495,60.0,4.48389134554643,0.0,4.48389134554643,-2.783954516740366,3.4327226784586227,-1.034744156664561,0.8808450013728376,0.6182348869991746,85.8275046278518,-2.283006948831333,1.7820593809222993,False,False
2023-07-17,2023,LONG,PM_LONG,84.76,3.6398037841625785,0.5886475122634899,25.482142857142858,1.172949002217295,0.25217391304347825,-0.25217391304347825,1.1282410651716888,2.0,0.5946291438834866,0.8835471793361659,65.0,2.8549404344779257,0.0,2.8549404344779257,,0.8927820602662929,-1.138051857042747,0.27332595407771654,0.1317683814792452,75.79943103570001,-0.5003503854239664,6.35739313244569,True,True
2023-07-18,2023,LONG,VWAP_LONG,406.26,11.715715715715715,0.14014014014014015,17.839285714285715,0.8683602771362587,0.75,0.75,1.6256256256256256,3.0,1.5252338158285883,1.0132179960972845,125.0,4.624624624624625,0.0,4.624624624624625,4.176176176176176,-0.15415415415415415,-0.2102102102102102,1.9522215161567882,0.20253543325224882,47.87548299218824,0.8408408408408408,9.613613613613612,True,True
2023-07-19,2023,LONG,PM_LONG,-13.24,1.0404040404040404,5.08080808080808,24.75,1.0,0.6742424242424242,0.6742424242424242,1.3333333333333333,4.0,0.8658658067462802,1.078719051729766,70.0,2.707070707070707,0.0,2.878787878787879,-0.2727272727272727,0.9696969696969697,-0.23232323232323232,1.399914981644469,-0.0006717991090033937,86.8165872940018,2.0606060606060606,7.121212121212121,False,False
2023-07-20,2023,SHORT,ORB_SHORT,-130.24,4.4247217340363205,2.0486233157586407,32.82692307692308,1.1796982167352537,0.8324022346368715,0.8324022346368715,1.363210310486233,4.0,0.9897157990946448,0.995172234689325,60.0,5.620386643233743,0.0,5.620386643233743,-5.886936145284124,3.533684827182191,-0.22085530169888692,3.2753576606934267,1.211812503811248,7.779744243825419,0.9748096074985353,10.669595782073813,True,False
2023-07-25,2023,LONG,PM_LONG,43.76,2.915068493150685,1.2082191780821918,13.035714285714286,1.1178577520040935,0.14035087719298245,0.14035087719298245,1.0931506849315067,4.0,1.6072028621691603,0.8822972653212994,210.0,6.558904109589041,1.0,8.87945205479452,-6.117808219178082,8.380821917808218,-0.4602739726027397,4.163893052033341,0.2783915737157844,62.244880795000086,1.3424657534246573,14.153424657534245,True,True
2023-07-26,2023,SHORT,ORB_SHORT,-46.74,1.0208333333333335,6.573717948717949,22.285714285714285,0.8473184500898127,0.8071428571428572,0.8071428571428572,1.5705128205128205,4.0,1.3399872085995763,1.4140420185764808,85.0,3.2868589743589745,1.0,4.790064102564103,-2.266025641025641,3.6570512820512824,-0.2467948717948718,2.7565408308799726,0.3186091332016263,39.10026198612188,2.8044871794871797,4.565705128205129,False,False
2023-07-28,2023,LONG,PM_LONG,60.760000000000005,1.8218527315914488,1.9067695961995248,32.38461538461539,1.458308792595709,0.9936708860759493,0.9936708860759493,1.2197149643705463,2.0,0.8221219391044271,1.008630190406755,60.0,3.7517814726840855,0.0,3.7517814726840855,2.0766033254156766,3.0492874109263655,-0.007719714964370546,1.3974092780678549,0.37632309255930263,81.05378422390523,0.7024940617577197,6.608076009501187,False,True
2023-08-02,2023,SHORT,ORB_SHORT,-163.24,1.5862068965517242,3.0,21.75,0.9356984478935699,0.9207920792079208,0.9207920792079208,1.160919540229885,5.0,1.289972853940684,1.0693010446113342,145.0,6.632183908045977,1.0,10.206896551724139,-12.885057471264368,10.114942528735632,-0.04597701149425287,4.752654883169887,0.5551414662754148,20.588708167194625,1.7586206896551724,12.850574712643677,False,False
2023-08-07,2023,SHORT,ORB_SHORT,-71.74,1.1283043197936815,3.574468085106383,27.696428571428573,1.4438001023366878,0.6,0.6,1.0831721470019342,4.0,1.040168620538504,0.8920022937923613,95.0,4.197292069632495,0.0,4.2695035460992905,,2.455190199871051,-0.3881366860090264,1.5454197817952275,0.10802782633504575,34.39859152266855,0.32495164410058025,3.7730496453900706,False,False
2023-08-08,2023,SHORT,ORB_SHORT,-27.74,1.6007259528130673,2.761040532365396,29.517857142857142,1.1402012621524817,0.1111111111111111,-0.1111111111111111,0.9147005444646098,2.0,0.8032679775481885,0.8505652882924741,80.0,4.573502722323049,0.0,4.573502722323049,-2.4053236539624923,3.9213551119177255,-0.6436781609195402,1.1353383697471213,0.2909301422451491,38.20023967675949,1.2534785238959467,4.310949788263763,False,False
2023-08-09,2023,SHORT,ORB_SHORT,59.760000000000005,3.2572254335260116,3.2673410404624277,24.714285714285715,1.1349138666211838,0.8590604026845637,0.8590604026845637,1.5072254335260116,4.0,1.009038001128939,1.250010691809416,80.0,4.511560693641618,1.0,5.80635838150289,0.3742774566473988,5.472543352601156,-0.0,2.600897538972087,0.42557408913733713,9.310081132659292,2.2760115606936417,9.498554913294797,True,True
2023-08-16,2023,SHORT,VWAP_SHORT,103.26,4.546333601933925,1.2409347300564062,22.160714285714285,1.0548801080715975,0.5877192982456141,0.5877192982456141,1.2860596293311846,5.0,0.9663578879252741,0.9552209113920074,135.0,4.2304593070104755,0.0,4.2304593070104755,-0.7445608380338438,0.9137792103142627,-0.39484286865431106,1.9031789276581357,0.10715033657702074,56.91255938821267,0.5979049153908139,12.544721998388397,True,True
2023-08-17,2023,SHORT,ORB_SHORT,-67.74000000000001,4.036120401337793,3.043478260869565,26.696428571428573,1.229145558932793,0.2916666666666667,0.2916666666666667,1.1237458193979932,3.0,0.7938909300482674,0.7955324382081367,95.0,5.450167224080268,0.0,5.656187290969899,-2.3130434782608695,4.410702341137124,-0.7304347826086957,1.4969534124854822,0.2817674049255897,27.110094930043388,3.1933110367892974,10.778595317725753,True,False
2023-08-17,2023,SHORT,ORB_SHORT,363.76,6.163716814159292,1.0066371681415929,16.142857142857142,1.229145558932793,0.6323529411764706,0.6323529411764706,2.106194690265487,4.0,1.363242031615623,1.1134518958458846,250.0,9.013274336283185,0.0,9.353982300884956,-4.336283185840708,7.8053097345132745,-0.6969026548672567,2.570337301458172,0.06422434079696657,33.545460071047586,0.7588495575221239,17.825221238938052,True,True
2023-08-21,2023,LONG,PM_LONG,77.76,5.442384105960265,2.3456953642384106,26.964285714285715,1.271612101118939,0.5562913907284768,0.5562913907284768,1.4,2.0,0.7707085546389423,0.8890904491119531,90.0,4.700662251655629,0.0,4.700662251655629,,1.5947019867549668,-2.9947019867549667,-0.5058777377711353,-0.2332488281365148,71.0024636316214,-0.352317880794702,9.790728476821192,True,True
2023-08-21,2023,LONG,PM_LONG,214.76,3.9958027282266526,0.10283315844700945,17.017857142857142,1.271612101118939,0.8695652173913043,0.8695652173913043,1.0136411332633788,3.0,0.9973024469766143,0.8650612593912572,230.0,7.448058761804827,0.0,8.461699895068206,,7.154249737670514,-0.11752360965372509,4.3195345534068315,0.24884900631728948,72.47646096247526,0.6757607555089192,15.51311647429171,True,True
2023-08-22,2023,SHORT,ORB_SHORT,-76.74,0.9447852760736196,2.773006134969325,20.375,1.0230794592812398,0.6619718309859155,0.6619718309859155,1.7423312883435582,3.0,1.0627130622765444,1.0382361932736826,210.0,6.03680981595092,1.0,7.803680981595092,7.950920245398773,6.9447852760736195,-0.8343558282208589,3.04856818328864,0.17061605491868986,33.20237171754677,3.067484662576687,8.122699386503067,False,False
2023-08-23,2023,LONG,PM_LONG,34.26,2.7009132420091326,2.077625570776256,15.642857142857142,1.1421319796954315,0.6290322580645161,0.6290322580645161,0.9908675799086758,4.0,1.0263282112498584,0.8590002784402504,145.0,9.317351598173516,1.0,13.21689497716895,-6.904109589041096,12.242009132420092,-0.3675799086757991,5.356630823956816,0.6207511557452036,62.971825930849754,2.9566210045662102,28.159817351598175,True,True
2023-08-24,2023,SHORT,ORB_SHORT,-71.74,1.6773816481589714,2.2255990648743427,30.553571428571427,0.8806287866382838,0.7633587786259542,0.7633587786259542,1.0718877849210988,3.0,0.9643782552935326,0.9131909090909092,125.0,9.499707773232029,1.0,12.14260666277031,-0.908240794856809,11.90531852717709,-0.09818819403857394,5.099997697607194,0.7215944697162757,13.406244382170442,1.3991817650496787,19.359438924605495,False,False
2023-08-25,2023,SHORT,ORB_SHORT,-87.24,1.2794299876084263,3.296158612143742,57.642857142857146,1.3383003111183887,0.5592592592592592,0.5592592592592592,1.1710037174721188,5.0,0.9359218002319484,0.9263772495393932,70.0,3.1703841387856255,1.0,3.872986369268897,-0.4987608426270136,1.2230483271375463,-0.013011152416356876,1.6880651032145813,0.21268598278882003,36.37407465550989,-0.8630731102850061,2.3073110285006195,False,False
2023-08-29,2023,LONG,PM_LONG,18.26,1.7321428571428572,2.4642857142857144,14.0,1.1943428432089735,0.4838709677419355,0.4838709677419355,1.1071428571428572,3.0,1.1496475409279951,0.8174419860382875,245.0,18.446428571428573,1.0,24.142857142857142,-18.982142857142858,22.553571428571427,-0.5535714285714286,8.578402385484099,0.42528082633167025,61.22338447853736,0.5714285714285714,29.875,False,True
2023-08-30,2023,LONG,PM_LONG,65.26,1.495850622406639,1.1690871369294604,34.42857142857143,0.9786231000568968,0.5161290322580645,0.5161290322580645,0.900414937759336,3.0,0.6319171673241826,0.7516253524255623,85.0,3.8703319502074685,0.0,3.8703319502074685,-1.2489626556016598,1.6265560165975104,-1.0020746887966805,0.9355825821202344,0.04629634164724002,44.09859496339854,-0.38485477178423233,4.937759336099584,False,True
2023-09-01,2023,SHORT,ORB_SHORT,-15.74,1.156735102653981,0.8903355032548823,35.660714285714285,1.0085677335919818,0.4132231404958678,0.4132231404958678,0.8482724086129194,4.0,0.8285096669544516,0.8990854986209901,85.0,4.311467200801202,1.0,4.753129694541813,0.16825237856785177,3.8908362543815724,-0.34351527290936407,1.678290192179325,0.2465327532282783,12.512587224674519,0.18227341011517276,4.465698547821733,False,False
2023-09-05,2023,LONG,PM_LONG,-30.24,1.0271979759645793,1.9658444022770398,28.232142857142858,0.3902822040552399,0.9811320754716981,0.9811320754716981,1.4079696394686907,4.0,0.8462959171221927,0.8789372697861374,90.0,2.842504743833017,1.0,4.0910815939278935,0.726122707147375,2.7096774193548385,-0.026565464895635674,2.529703041127571,0.3215525133925176,81.20007460222418,-0.05313092979127135,4.046805819101834,False,False
2023-09-08,2023,LONG,PM_LONG,-47.74,0.4415971394517283,3.0989272943980932,32.26923076923077,1.0895402851193334,0.5,-0.5,1.2550655542312277,3.0,0.695125978144846,1.0019558131111916,60.0,3.718712753277712,0.0,3.718712753277712,-1.3867699642431468,2.564362336114422,-1.0846245530393326,0.16556206677341836,0.28105703629667705,64.32566341918297,-1.1233611442193088,3.7651966626936835,False,False
2023-09-12,2023,SHORT,ORB_SHORT,80.76,2.5144995322731525,0.28811973807296537,19.089285714285715,0.8563073031931709,0.5283018867924528,0.5283018867924528,1.3882132834424694,4.0,1.6895851465042067,0.9523322149683264,260.0,4.753975678203929,1.0,7.307764265668849,0.4452759588400374,3.012160898035547,-1.3358278765201121,2.335144132659554,0.06266706682323407,40.75591440920939,1.794200187090739,10.686623012160897,True,True
2023-09-13,2023,LONG,PM_LONG,0.2599999999999998,1.9444444444444444,1.425925925925926,32.785714285714285,0.8918748024027822,0.15053763440860216,-0.15053763440860216,0.7091503267973857,4.0,0.8210462615408519,0.9116557648356843,70.0,3.217864923747277,0.0,3.530501089324619,3.0729847494553377,1.5555555555555556,-0.5108932461873639,1.01860209435804,-0.02998481232290649,73.4041704714271,-0.4803921568627451,6.595860566448802,False,True
2023-09-14,2023,LONG,ORB_LONG,54.26,2.116006692693809,0.5934188510875626,32.017857142857146,1.019898556379243,0.9202898550724637,0.9202898550724637,1.0775237032905745,5.0,0.7883091489142741,0.8529052920542931,70.0,3.310652537646402,1.0,3.552704963747908,-0.8042387060791968,0.7886224205242609,-0.01561628555493586,1.9426359675407041,0.028397374195464856,75.92550367053036,1.467930842163971,4.7239263803680975,False,True
2023-09-19,2023,SHORT,ORB_SHORT,-38.74,0.21480987324883255,5.743829219479653,26.767857142857142,0.842294186500195,0.8074074074074075,0.8074074074074075,1.2608405603735824,3.0,0.7558325774109433,0.9213088485081563,65.0,3.7358238825883925,1.0,4.4643095396931285,-3.324883255503669,3.763842561707805,-0.018679119412941963,2.306197127818438,0.43490126402871954,15.542409306179238,3.1847898599066045,3.6424282855236827,False,False
2023-09-22,2023,LONG,PM_LONG,-37.739999999999995,1.1218274111675128,4.182106598984772,30.307692307692307,1.0534992223950232,0.9698795180722891,0.9698795180722891,1.369289340101523,3.0,0.7341618358284162,0.9454965054935724,60.0,3.4892131979695433,0.0,3.4892131979695433,0.8826142131979696,1.8477157360406091,-0.01649746192893401,1.9986461110214815,0.32434682583545493,40.187496299283985,1.70748730964467,2.7303299492385786,False,False
2023-09-25,2023,LONG,PM_LONG,-60.74,0.8569527611443779,2.6360612109115102,26.839285714285715,1.0472783825816485,0.8707482993197279,0.8707482993197279,1.3692614770459082,4.0,1.1398566483455648,1.1485110899519644,105.0,4.2475049900199595,1.0,5.0206254158349966,,3.269461077844311,-0.15834996673320026,2.329786115906137,0.10830105686430264,82.12667745002955,3.744510978043912,6.33399866932801,False,False
2023-09-26,2023,SHORT,ORB_SHORT,-49.24,2.9299474605954465,1.7530647985989491,20.392857142857142,1.0825816485225506,0.7916666666666666,-0.7916666666666666,1.1768826619964974,3.0,0.8172754256931135,0.8584416047747864,120.0,5.945709281961471,0.0,5.945709281961471,-1.704028021015762,3.788091068301226,-1.12784588441331,1.3918977157428805,0.2665492394780574,54.95558173361866,-0.9807355516637478,8.802101576182137,True,False
2023-09-26,2023,SHORT,ORB_SHORT,16.26,1.6,1.4285714285714286,17.5,1.0825816485225506,0.6982758620689655,0.6982758620689655,1.6571428571428573,5.0,1.57753386268099,1.3011109407854968,245.0,6.928571428571429,1.0,7.728571428571429,-3.8,6.228571428571429,-0.3,3.044920277282758,0.11814036345001244,35.16012698295833,1.3857142857142857,10.257142857142858,False,True
2023-09-27,2023,SHORT,ORB_SHORT,-313.74,2.378578024007387,9.721144967682363,19.339285714285715,0.9693623639191291,0.6444444444444445,0.6444444444444445,1.1634349030470914,4.0,1.518331345939091,0.9205519573471154,230.0,5.22253000923361,1.0,9.216989843028625,-1.706371191135734,6.204986149584487,-0.2714681440443213,4.383601428685474,0.3573647806665362,35.58002205579032,3.0120036934441363,3.257617728531856,False,False
2023-09-28,2023,SHORT,MOM_SHORT,-407.24,0.05090553108174253,6.369554576603035,39.28846153846154,1.1803024428072897,0.5846153846153846,0.5846153846153846,1.2408223201174742,5.0,0.8959964369471876,1.184657305238078,60.0,2.984336759667156,0.0,2.984336759667156,2.812530592266275,-0.06363191385217817,-1.0562897699461575,0.48979512096523253,-0.31697102781161796,23.536808573758506,0.4645129711209006,5.523250122369065,False,False
2023-09-29,2023,LONG,MOM_LONG,-518.24,-0.009302325581395349,7.255813953488372,26.875,1.2666512666512666,0.7969924812030075,0.7969924812030075,1.2372093023255815,3.0,0.826195873057986,0.9004294092262852,110.0,3.395348837209302,0.0,3.609302325581395,-2.158139534883721,0.14883720930232558,-2.0372093023255813,0.015404711647072893,-0.16119134027428308,46.06290454075143,2.1209302325581394,5.683720930232558,False,False
2023-10-02,2023,LONG,PM_LONG,-235.74,1.153659718856035,3.7799321376635966,36.839285714285715,1.3205513205513204,0.7578947368421053,0.7578947368421053,0.6446921958313137,3.0,0.830014912410075,1.0399898844815698,105.0,3.949587978671837,1.0,4.3635482307319435,,3.522055259331071,-0.11536597188560349,1.6100259727146464,0.16251963671342598,79.33369132797522,0.692195831313621,5.055744062045565,False,False
2023-10-03,2023,SHORT,ORB_SHORT,-75.74,1.8264669163545568,2.237203495630462,28.607142857142858,1.3897165558866222,0.4676258992805755,0.4676258992805755,1.2147315855181025,3.0,0.7914008977084811,0.7885491038592721,120.0,7.270911360799001,1.0,9.009987515605493,-4.413233458177278,5.540574282147316,-0.16604244694132334,3.5293340895889544,0.4775374551306973,24.42950083866647,1.188514357053683,13.67665418227216,False,False
2023-10-04,2023,LONG,PM_LONG,-4.74,1.410016510731976,1.918547055586131,32.44642857142857,1.1816661599270297,0.4748603351955307,0.4748603351955307,1.379196477710512,4.0,0.8832281640447042,0.9364454753817689,135.0,3.0897083104017615,1.0,4.492019812878371,3.336268574573473,3.467253714914695,-0.4391854705558613,2.039375067854987,0.2514171849397306,70.98413963892,1.0016510731975785,10.979636763896533,False,False
2023-10-05,2023,SHORT,ORB_SHORT,-297.24,0.45440494590417313,5.048943843379702,34.660714285714285,1.3186946316347392,0.8595744680851064,0.8595744680851064,1.6950025759917569,3.0,1.0251005824776316,1.397531365360464,65.0,4.702730551262236,1.0,5.763008758371973,-0.07212776919113859,5.12107161257084,-0.14425553838227717,2.5373134367213876,0.8190281643085733,11.985715081653211,0.9881504379185987,3.2962390520350335,False,False
2023-10-09,2023,LONG,PM_LONG,246.76,8.541622760800843,0.23603793466807163,16.946428571428573,1.2045880500787167,0.28125,0.28125,0.9441517386722865,2.0,0.9373379766640514,0.7898162245828545,210.0,6.948366701791358,1.0,8.615384615384615,,3.2897787144362485,-1.608008429926238,2.541348646010716,0.18613224614958584,60.8248195145306,0.9441517386722865,15.711275026343518,True,True
2023-10-10,2023,LONG,PM_LONG,171.76,2.9910641754670997,2.843216896831844,21.982142857142858,1.0100813979538497,0.3893805309734513,-0.3893805309734513,1.2851340373679934,2.0,0.8216803995168112,1.0075532000505847,95.0,6.107229894394801,1.0,7.471974004874086,-4.776604386677498,5.345247766043867,-1.205523964256702,2.6696549190779657,0.7265586813640711,60.23767175100141,-0.3980503655564582,5.948009748172217,True,True
2023-10-11,2023,LONG,PM_LONG,-63.74,1.005420054200542,3.926829268292683,26.357142857142858,0.941677245911433,0.7796610169491526,0.7796610169491526,1.678861788617886,3.0,1.1728814751427197,1.3207019048384745,80.0,3.31029810298103,0.0,3.31029810298103,1.024390243902439,1.1856368563685638,-1.1761517615176151,0.7902465312663554,-0.09858900065252874,61.66667761208366,0.23712737127371272,5.994579945799458,False,False
2023-10-12,2023,LONG,ORB_LONG,37.76,1.4179278230500583,6.837019790454017,30.678571428571427,0.9667687252632365,0.6241610738255033,0.6241610738255033,1.2142025611175786,2.0,0.8196967987059399,0.8822292538532204,75.0,3.112922002328289,0.0,3.112922002328289,-1.2549476135040745,1.0756693830034925,-1.140861466821886,0.6028697657518413,0.23698622564466804,65.87282476042735,0.08149010477299186,4.3841676367869615,False,True
2023-10-12,2023,SHORT,ORB_SHORT,189.76,6.359723289777095,0.1614142966948501,23.232142857142858,0.9667687252632365,0.7536231884057971,0.7536231884057971,1.485011529592621,4.0,2.5980714997382504,1.6341371825284154,215.0,4.1106840891621825,1.0,4.788624135280553,4.777863182167564,1.2482705611068408,-0.24750192159877016,2.305493611892537,0.048059795048770754,32.97894791133146,3.5188316679477323,5.789392774788624,True,True
2023-10-16,2023,LONG,PM_LONG,-60.74,0.6625141562853908,2.8414496036240093,33.96153846153846,1.234143802513198,0.3333333333333333,0.3333333333333333,0.905436013590034,5.0,0.8007770927906067,1.0957765816366332,60.0,4.608154020385051,0.0,4.608154020385051,,3.9014722536806343,-0.5005662514156286,2.0781666293701107,0.6455357609379735,82.32387262331719,0.10305775764439412,6.5515288788221975,False,False
2023-10-16,2023,LONG,PM_LONG,-2.74,1.6189427312775329,5.720264317180616,16.214285714285715,1.234143802513198,0.9183673469387755,0.9183673469387755,1.5110132158590308,4.0,1.2284730195177955,0.9098353748819868,210.0,9.651982378854624,0.0,9.651982378854624,,7.940528634361233,-1.279735682819383,2.6805197977738366,0.10072271053057208,62.85299274910805,1.8348017621145374,13.722466960352422,False,False
2023-10-19,2023,LONG,VWAP_LONG,-407.24,0.26566992524439337,3.493962047153537,62.107142857142854,1.28900029489826,0.568075117370892,0.568075117370892,0.8573893041978149,4.0,0.8241847200602365,1.149605882564154,215.0,1.8113858539390455,0.0,3.41345600920069,1.9764232317423809,0.21736630247268546,-0.5917193789534215,0.9934066677804654,-0.011343235422445168,56.70410121064641,-0.9459459459459459,4.649223691776884,False,False
2023-10-20,2023,SHORT,ORB_SHORT,184.76,2.905027932960894,0.8847130523108178,37.86538461538461,1.6913889708050722,0.1267605633802817,-0.1267605633802817,0.9375317420010157,3.0,0.7689337643468209,0.9921778843508455,60.0,3.9019807008633824,0.0,3.9019807008633824,-2.165566277298121,2.4296597257491115,-0.8450990350431692,1.4467266633969256,0.640778012346483,70.14714372473658,-0.5149822244794312,2.416455053326562,True,True
2023-10-23,2023,LONG,PM_LONG,-84.24,0.36337418889689976,3.3208363374188896,24.767857142857142,1.2507357268981754,0.7092198581560284,-0.7092198581560284,1.4232155731795242,3.0,1.7548587293810223,0.9272965890364806,210.0,7.005046863734679,1.0,13.727469358327326,,9.033886085075704,-1.1506849315068493,5.948847236307996,0.5574242243102807,61.789243323545065,1.1204037490987744,9.992790194664744,False,False
2023-10-24,2023,LONG,PM_LONG,-86.74,-0.006660323501427212,4.089438629876309,37.535714285714285,1.2216184461741812,0.3680555555555556,0.3680555555555556,0.9590865842055186,3.0,0.7127572089896931,0.7492366371662611,90.0,2.5176022835394862,1.0,3.163653663177926,-0.13320647002854424,2.1579448144624167,-0.4928639391056137,1.1092452544845988,0.26507287960350184,57.55019234600782,-1.0390104662226451,3.0304471931493815,False,False
2023-10-25,2023,SHORT,VWAP_SHORT,201.76,5.306849315068493,1.3391780821917807,35.09615384615385,1.0862031147181397,0.6481481481481481,-0.6481481481481481,1.153972602739726,2.0,0.7547532457743692,0.9318186008493482,60.0,4.330958904109589,0.0,4.330958904109589,-1.9304109589041096,2.949041095890411,-1.1682191780821918,0.08009507229121494,0.248168246769733,31.43977313114118,-0.6126027397260274,13.954520547945206,True,True
2023-10-25,2023,SHORT,ORB_SHORT,134.76,3.393939393939394,1.309090909090909,20.625,1.0862031147181397,0.7167630057803468,0.7167630057803468,2.096969696969697,3.0,1.0914668451937555,1.1871885780628775,210.0,7.36969696969697,1.0,11.212121212121213,-8.921212121212122,10.654545454545454,-0.19393939393939394,4.981702529622249,0.3814805550612756,26.78832792714499,-0.6060606060606061,23.745454545454546,True,True
2023-10-26,2023,SHORT,ORB_SHORT,98.28,3.229742612011439,2.001906577693041,37.464285714285715,1.1733567302771075,0.33,0.33,0.667302192564347,4.0,0.8532633852800494,0.7556365047555843,115.0,5.051477597712107,1.0,5.585319351763585,-5.184938036224976,4.357483317445186,-0.2001906577693041,2.106486861124892,0.2778209868827996,21.10336029754167,-1.1877979027645376,4.984747378455672,True,True
2023-10-26,2023,SHORT,ORB_SHORT,-525.24,0.4005085823267641,6.577240940877305,28.089285714285715,1.1733567302771075,0.9081081081081082,0.9081081081081082,1.6465352828989193,3.0,0.8744633324876001,0.8725511452755335,230.0,6.73744437380801,1.0,11.356643356643357,-10.822631913541004,9.71900826446281,-0.2670057215511761,5.075821503922026,0.37077417723628286,31.414979887383495,3.204068658614113,6.648442466624284,False,False
2023-10-27,2023,LONG,PM_LONG,-278.74,0.8670795616960458,4.342067651262506,37.482142857142854,1.452030863298879,0.559322033898305,0.559322033898305,0.7870414483087185,4.0,0.8708970094128045,0.8824084202547782,100.0,2.1143401619818962,1.0,2.7479752262982373,2.2477370176274416,1.8208670795616961,-0.053358742258218204,1.3627791758150973,0.06947094945839306,53.2241596467447,-0.5469271081467366,1.960933777989519,False,False
2023-10-30,2023,LONG,PM_LONG,-5.24,2.0839160839160837,1.986013986013986,35.75,1.3786577376619595,0.8287292817679558,0.8287292817679558,1.2657342657342658,3.0,0.7884039970643031,0.9155340741990694,90.0,4.2727272727272725,0.0,4.755244755244755,,0.45454545454545453,-2.6503496503496504,-0.2638920641910155,-0.4288870944329936,67.65663631399913,1.3916083916083917,2.5384615384615383,False,False
2023-10-30,2023,LONG,PM_LONG,69.26,2.454268292682927,0.8109756097560976,23.428571428571427,1.3786577376619595,0.7261146496815286,0.7261146496815286,1.6753048780487807,4.0,1.2243849097867687,1.111971645204193,235.0,6.519817073170732,0.0,7.25609756097561,,1.4192073170731707,-3.31859756097561,0.9349017672083303,-0.06906456937203097,63.71906198040961,2.539634146341464,3.8734756097560976,False,True
2023-10-31,2023,LONG,VWAP_LONG,-69.24000000000001,2.2795929298339583,1.8371719335832886,33.339285714285715,1.152431489423566,0.8926174496644296,0.8926174496644296,1.1173004820567756,2.0,1.0936631347299415,0.9482154611078775,80.0,3.531869309051955,0.0,3.6068559185859668,1.4622388859132298,0.24745581146223888,-0.11997857525441885,1.6561338784619493,0.27936117077151,38.563801894196544,3.6818425281199785,4.731655061596143,False,False
2023-10-31,2023,LONG,PM_LONG,50.26,1.7471999999999999,1.0304,22.321428571428573,1.152431489423566,0.4306569343065693,0.4306569343065693,1.5344,4.0,1.1439540435056703,0.9280988219025078,250.0,5.2752,1.0,7.3808,0.5264,2.0271999999999997,-0.5152,3.234428187112871,0.17545990830236113,61.79588845085466,1.2431999999999999,7.0672,False,True
2023-11-01,2023,LONG,PM_LONG,-56.74,3.2895579756566304,2.356822549647662,30.01923076923077,1.0759530366719814,0.1038961038961039,-0.1038961038961039,0.6412556053811659,3.0,1.0769758266109961,0.7498343641690443,60.0,4.180653427290198,0.0,4.180653427290198,-4.180653427290198,3.6393337604099933,-0.3914157591287636,1.9274163903677621,0.5835783893702873,80.8901642103988,1.3657911595131327,13.532991672005124,True,False
2023-11-01,2023,LONG,PM_LONG,-64.24000000000001,6.544544544544544,2.9569569569569567,17.839285714285715,1.0759530366719814,0.6770833333333334,0.6770833333333334,1.3453453453453452,4.0,0.9813657884913851,0.766942939053797,220.0,7.035035035035035,0.0,7.525525525525525,-6.026026026026026,5.115115115115115,-2.158158158158158,1.2496315035676668,0.0029518981455321615,59.307130948165685,0.7427427427427427,22.772772772772772,True,False
2023-11-02,2023,LONG,VWAP_LONG,-17.740000000000002,2.453145057766367,0.6020539152759948,27.821428571428573,1.175628794449263,0.7372881355932204,0.7372881355932204,1.0603337612323491,4.0,0.832667278450411,0.7041143173201803,65.0,3.0012836970474965,0.0,3.0012836970474965,-6.370988446726572,0.6739409499358151,-0.47625160462130933,0.8991930503811106,-0.19969037751277455,83.83521090456604,1.3658536585365852,6.721437740693196,False,False
2023-11-02,2023,LONG,PM_LONG,46.26,2.097560975609756,0.7642276422764228,15.375,1.175628794449263,0.7391304347826086,0.7391304347826086,0.7479674796747967,3.0,1.1421846492388685,0.7651515814340084,220.0,5.430894308943089,1.0,7.024390243902439,-13.869918699186991,3.5609756097560976,-0.11382113821138211,2.8163377064367996,0.16066579643009435,72.99895131719455,1.7723577235772359,12.16260162601626,False,True
2023-11-03,2023,LONG,PM_LONG,84.76,2.47255369928401,1.4534606205250598,14.964285714285714,0.7408320046383533,0.5,0.5,1.704057279236277,3.0,1.1030351560695422,0.9720180079125676,265.0,8.219570405727923,1.0,10.959427207637232,-12.212410501193318,9.389021479713604,-0.8520286396181385,4.810864162282747,0.2505141223551523,60.078547817312405,2.1217183770883055,9.021479713603819,False,True
2023-11-06,2023,SHORT,ORB_SHORT,-86.24,1.1697127937336815,4.368146214099217,13.678571428571429,0.8796976084902233,0.7387387387387387,0.7387387387387387,2.028720626631854,4.0,1.2503489613268741,1.038142543992544,225.0,5.336814621409921,1.0,7.785900783289817,,3.6736292428198434,-0.21932114882506526,4.330967661222806,0.23606910196009248,36.27988891980958,3.107049608355091,3.710182767624021,False,False
2023-11-09,2023,LONG,PM_LONG,-72.24,1.5847076461769114,7.377811094452773,23.821428571428573,0.79237566639889,0.7272727272727273,0.7272727272727273,0.808095952023988,4.0,0.858830651053082,0.9805550753651151,95.0,3.6311844077961015,0.0,3.6311844077961015,0.0944527736131934,0.48275862068965514,-0.7241379310344828,1.3250605788910077,0.0409043786656176,43.729260298185004,0.9235382308845577,8.553223388305847,False,False
2023-11-10,2023,LONG,PM_LONG,331.26,6.631081081081081,0.05675675675675676,26.428571428571427,1.0913605491857155,0.9402985074626866,0.9402985074626866,1.2675675675675677,5.0,0.715717245830361,1.1834890286603204,90.0,3.15945945945946,1.0,3.755405405405406,1.8351351351351353,2.904054054054054,0.0,1.980712677183515,0.08940248351384464,82.5849869708062,1.1256756756756758,4.672972972972973,True,True
2023-11-14,2023,LONG,PM_LONG,-64.74000000000001,2.0130718954248366,2.093137254901961,21.857142857142858,0.7319011183048851,0.6914893617021277,-0.6914893617021277,1.0751633986928104,2.0,0.6968964706795089,0.7450566085338548,85.0,4.883986928104575,0.0,5.158496732026143,-12.730392156862745,2.5392156862745097,-1.6013071895424835,0.5362142051447758,0.3604439988754832,68.78813886160468,-1.7042483660130718,17.397058823529413,False,False
2023-11-15,2023,LONG,VWAP_LONG,-124.74,0.29545454545454547,6.034090909090909,22.0,0.731200235918608,0.17567567567567569,0.17567567567567569,0.8409090909090909,3.0,0.8372005664203876,0.9822030017807175,80.0,3.102272727272727,0.0,3.25,-2.1136363636363638,0.375,-0.5454545454545454,1.117525085502662,0.11771516747194255,40.290568025062846,2.534090909090909,10.204545454545455,False,False
2023-11-20,2023,LONG,PM_LONG,-1.7400000000000002,5.054512957998212,0.7381590705987489,19.982142857142858,0.7210491220271171,0.9848484848484849,0.9848484848484849,0.8257372654155496,5.0,0.9975354235565075,1.104204417132803,90.0,5.41733690795353,1.0,6.055406613047364,,6.042895442359249,0.0,2.2681886323171754,0.1655157912086699,77.99659050805641,1.2511170688114388,14.262734584450401,True,False
2023-11-20,2023,LONG,PM_LONG,39.76,5.178362573099416,0.5116959064327485,12.214285714285714,0.7210491220271171,0.9438202247191011,0.9438202247191011,3.6432748538011697,1.0,1.8893234094445146,2.032947575486254,210.0,8.862573099415206,1.0,13.099415204678364,,12.976608187134504,-0.10233918128654972,5.551090178435978,0.32777075644767856,75.09087812664218,3.192982456140351,23.333333333333336,True,True
2023-11-21,2023,SHORT,ORB_SHORT,-77.74,0.17035217035217035,3.2153972153972155,23.48076923076923,0.6410313402978439,0.10606060606060606,0.10606060606060606,0.7027027027027027,4.0,1.2038904705371587,0.8965650099285736,60.0,4.43980343980344,0.0,4.43980343980344,1.298935298935299,3.737100737100737,-0.35135135135135137,2.396961462934624,0.7457668682359911,16.500370178166747,2.5446355446355446,7.282555282555283,False,False
2023-11-24,2023,SHORT,ORB_SHORT,-40.74,0.5227537922987164,1.9439906651108518,15.303571428571429,0.18465479101175922,0.14473684210526316,0.14473684210526316,1.2415402567094516,4.0,0.8520278906722386,1.1054599021991351,80.0,4.133022170361727,0.0,4.672112018669778,-3.6102683780630103,2.0910151691948657,-0.9474912485414235,1.2776248850127352,0.37099040691124296,10.568279528859875,0.8494749124854142,3.071178529754959,False,False
2023-11-27,2023,LONG,PM_LONG,56.26,3.211840888066605,1.515263644773358,19.303571428571427,0.6059025462448445,0.7857142857142857,-0.7857142857142857,0.906567992599445,2.0,0.6353996258904654,0.9007314928445119,90.0,4.1313598519889,0.0,4.2090656799259945,,1.450508788159112,-1.269195189639223,0.5205622109374161,0.2971425797545774,72.18446426217301,-1.1785383903792785,4.234967622571693,True,True
2023-11-27,2023,LONG,PM_LONG,-132.24,0.5292096219931272,8.25085910652921,10.392857142857142,0.6059025462448445,0.6056338028169014,0.6056338028169014,1.7079037800687287,4.0,1.4264667192843987,1.0389432072250788,210.0,7.673539518900344,1.0,11.017182130584192,,8.130584192439862,-0.12027491408934708,5.403230641164493,0.3033186592233615,77.66122928133386,1.3230240549828178,7.8659793814432994,False,False
2023-11-28,2023,LONG,PM_LONG,64.26,2.6859827721221614,1.8198903680501175,22.803571428571427,0.6463658590797955,0.5149700598802395,0.5149700598802395,1.8308535630383713,3.0,0.8202940610849839,1.3920588188233036,65.0,2.148786217697729,1.0,2.389976507439311,3.453406421299922,1.5787000783085356,-0.1096319498825372,1.0965126357387036,0.0983836090447524,38.83474264944677,1.052466718872357,6.205168363351606,True,True
2023-11-30,2023,SHORT,ORB_SHORT,29.76,1.567726161369193,0.48606356968215153,36.517857142857146,0.73522194958733,0.8646288209606987,0.8646288209606987,1.567726161369193,3.0,0.8631931840448067,1.050421138349721,65.0,3.63520782396088,1.0,3.9364303178484104,-2.7520782396088017,3.272371638141809,-0.14376528117359413,1.6540935995138202,0.2266873260314504,13.236848806109634,2.437163814180929,4.1349633251833735,False,True
2023-11-30,2023,SHORT,ORB_SHORT,-65.24000000000001,1.7281795511221945,3.264339152119701,14.321428571428571,0.73522194958733,0.4782608695652174,-0.4782608695652174,2.0074812967581046,3.0,1.3008811757447278,0.9469105299524697,240.0,9.269326683291771,1.0,13.668329177057357,-9.14713216957606,10.473815461346634,-1.8678304239401498,3.5152411812304494,0.2840948215170081,38.23018016389624,-2.3042394014962593,10.543640897755612,False,False
2023-12-01,2023,SHORT,VWAP_SHORT,-242.24,0.5590596330275229,4.4202981651376145,33.53846153846154,0.9379135995241283,0.509090909090909,-0.509090909090909,1.2299311926605503,4.0,0.8342530503393988,1.0783274590660235,60.0,2.959288990825688,0.0,2.959288990825688,1.3715596330275228,0.9466743119266054,-1.1106651376146788,0.37966632133171146,0.15391362046455953,75.04870023214539,-0.4248853211009174,2.4300458715596327,False,False
2023-12-04,2023,SHORT,ORB_SHORT,-162.74,0.47799879445449067,4.12959614225437,31.903846153846153,1.0320812032303475,0.5454545454545454,0.5454545454545454,0.948161543098252,5.0,1.2585436353196393,1.0794780042182797,60.0,4.482218203737191,0.0,4.482218203737191,,3.9415310427968655,-0.10186859553948162,2.7106292892638018,0.8717824868270819,9.546434598660639,0.37613019891500904,5.516576250753466,False,False
2023-12-05,2023,LONG,PM_LONG,-109.24,0.3223684210526316,3.799342105263158,32.57142857142857,0.8158227377500186,0.8018867924528302,0.8018867924528302,0.8135964912280702,4.0,0.7598238343386265,0.9748196376555683,75.0,4.712719298245615,1.0,5.303728070175439,-2.0263157894736845,4.919956140350878,-0.14583333333333334,2.1860488794698845,0.5708701589300561,86.08967239492083,1.842105263157895,6.984649122807018,False,False
2023-12-08,2023,LONG,PM_LONG,-73.74,1.6362666666666668,1.9482666666666668,36.05769230769231,0.8607331400104098,0.798941798941799,-0.798941798941799,1.3104,2.0,0.6722403691605744,0.9097669421594579,60.0,4.6176,0.0,4.6176,0.15946666666666667,2.8842666666666665,-1.4768000000000001,0.7425255182838882,0.9923361027145564,71.357863206852,-2.5792,4.125333333333334,False,False
2023-12-11,2023,LONG,PM_LONG,-50.24,2.4273381294964027,2.5985611510791364,24.821428571428573,0.9476119402985075,0.8074074074074075,0.8074074074074075,1.3597122302158273,2.0,0.8662033986798106,0.9670909754831931,75.0,4.280575539568345,1.0,4.935251798561151,,4.3712230215827335,-0.2014388489208633,1.7401952229511923,0.2538850834360137,89.87262313367738,1.047482014388489,9.16546762589928,False,False
2023-12-11,2023,LONG,PM_LONG,-2.24,1.9099859353023911,0.9451476793248945,12.696428571428571,0.9476119402985075,0.2777777777777778,0.2777777777777778,0.7088607594936709,3.0,1.1359384124033225,0.712417809762459,230.0,8.368495077355837,1.0,12.424753867791843,,11.381153305203938,-0.33473980309423346,5.250196014176942,0.3316036628401801,71.2269065558344,-0.47257383966244726,17.918424753867793,False,False
2023-12-12,2023,LONG,ORB_LONG,118.76,3.0869565217391304,0.2826086956521739,11.5,0.7949621410900368,0.9272727272727272,0.9272727272727272,1.1956521739130435,5.0,1.0141469948099782,0.8510795834527562,255.0,8.26086956521739,1.0,11.304347826086957,-5.891304347826087,7.108695652173913,-0.08695652173913043,4.767963115270623,0.1950532487538547,67.82432073917002,1.6956521739130435,14.956521739130435,True,True
2023-12-18,2023,LONG,PM_LONG,26.26,4.986807387862797,0.5356200527704486,13.535714285714286,1.0389084639028414,0.7297297297297297,0.7297297297297297,0.683377308707124,4.0,0.7772203746500572,0.7274390506155317,120.0,5.503957783641161,1.0,5.651715039577836,,4.451187335092348,-0.12928759894459102,2.2032176951180817,0.16537667025063563,57.425000413534164,-1.920844327176781,9.62269129287599,True,True
2023-12-18,2023,LONG,PM_LONG,17.76,2.8385826771653546,0.7165354330708662,9.071428571428571,1.0389084639028414,0.4878048780487805,0.4878048780487805,1.1299212598425197,5.0,1.3904103007591044,0.7208283902339001,235.0,8.21259842519685,1.0,13.338582677165356,,11.244094488188976,-0.49606299212598426,6.532304725291812,0.36616083078138395,67.95013706007059,1.5433070866141734,14.358267716535433,True,True
2023-12-20,2023,LONG,PM_LONG,-14.24,1.0702836004932181,18.091245376078913,14.482142857142858,0.6579028290282902,0.7283950617283951,-0.7283950617283951,1.3982737361282367,3.0,0.8047480895765781,0.8828523547253783,75.0,7.094944512946979,0.0,7.094944512946979,-1.5536374845869296,4.419235511713933,-1.6226880394574599,1.5623021831464452,0.9157276118267356,81.98149283607614,-2.451294697903822,17.676942046855732,False,False
2023-12-20,2023,LONG,PM_LONG,-407.24,0.4704,24.3936,11.160714285714286,0.6579028290282902,0.08620689655172414,-0.08620689655172414,1.2992,3.0,1.1892504749647606,0.9330498903536538,210.0,9.206399999999999,0.0,9.206399999999999,-2.9343999999999997,6.652799999999999,-1.1871999999999998,2.2528995531427207,0.14762604947234503,65.84712782573189,-0.2688,22.9376,False,False
2023-12-21,2023,SHORT,ORB_SHORT,-169.74,0.1065989847715736,4.2994923857868015,21.107142857142858,0.9283517835178351,0.9215686274509803,0.9215686274509803,1.8121827411167513,3.0,1.181613673786498,1.0796735582154515,225.0,5.460236886632826,1.0,6.810490693739425,2.66497461928934,4.998307952622674,-0.0829103214890017,3.1773748102814277,0.19273785460569348,34.461524639765344,2.9018612521150593,6.490693739424704,False,False
2023-12-27,2023,LONG,PM_LONG,-69.74000000000001,1.2164948453608246,3.9381443298969074,12.125,0.4864990328820116,0.08695652173913043,0.08695652173913043,1.8969072164948453,4.0,3.5393005929229546,1.9538797904376883,220.0,5.690721649484536,0.0,5.938144329896907,0.26804123711340205,1.3402061855670102,-1.5876288659793814,1.5728698923602369,0.12757451793019295,61.931681341759685,2.515463917525773,6.865979381443299,False,False
2023-12-28,2023,SHORT,ORB_SHORT,-20.74,1.9804878048780488,2.2991869918699184,10.982142857142858,0.6766963939511439,0.5390070921985816,0.5390070921985816,3.2097560975609754,3.0,2.6887937584551804,2.5059434348954777,210.0,5.121951219512195,0.0,5.691056910569105,5.1674796747967475,3.3235772357723574,-1.4341463414634146,0.9667172554123681,0.03699433265322047,43.78195265642817,-0.751219512195122,7.6032520325203246,False,False
2023-12-29,2023,SHORT,ORB_SHORT,81.64,5.927116827438371,0.7952840300107181,16.660714285714285,0.5741850151715553,0.7132352941176471,0.7132352941176471,2.0407288317256165,4.0,2.0539857269092536,2.181315009845721,70.0,2.4458735262593785,1.0,4.621650589496249,-2.4908896034297965,3.1511254019292605,-0.36012861736334406,2.758737748565396,0.6379332268273828,20.651264710162224,3.4812433011789925,3.871382636655949,True,True
2024-01-02,2024,SHORT,ORB_SHORT,153.26,5.265486725663717,0.15486725663716816,16.142857142857142,0.8301209520093641,0.9459459459459459,0.9459459459459459,1.1460176991150444,3.0,0.9158525695525006,0.7003616061049268,260.0,10.623893805309734,0.0,11.676991150442479,,9.601769911504425,-1.3628318584070798,2.982850446445391,0.08972906511305549,32.62863398627697,2.1991150442477876,21.309734513274336,True,True
2024-01-04,2024,LONG,PM_LONG,-78.24,0.9509433962264152,4.820754716981132,18.928571428571427,1.099375,0.4105263157894737,-0.4105263157894737,1.2547169811320755,3.0,1.0026258261473648,1.0805305744599683,120.0,4.754716981132076,1.0,7.4490566037735855,5.164150943396227,5.428301886792453,-1.479245283018868,2.5507444428846426,0.6413694438366395,66.29773192131073,-2.6811320754716985,7.713207547169812,False,False
2024-01-08,2024,LONG,PM_LONG,104.26,8.95056179775281,0.5191011235955056,15.892857142857142,1.0108286252354048,0.3142857142857143,-0.3142857142857143,1.101123595505618,1.0,0.9738541689891714,0.874685953559193,100.0,9.469662921348315,0.0,10.586516853932585,,8.76179775280899,-1.4000000000000001,2.4387102342092986,0.5859725364727842,80.46477051443989,-0.802247191011236,26.285393258426968,True,True
2024-01-08,2024,LONG,PM_LONG,84.26,6.449725776965265,0.5118829981718465,9.767857142857142,1.0108286252354048,0.6136363636363636,0.6136363636363636,1.1261425959780622,4.0,1.0500667269361574,0.8250225066958823,255.0,15.407678244972578,1.0,23.36745886654479,,22.36928702010969,-0.3071297989031079,9.162891628038127,0.426953263742759,76.96764376556352,1.4076782449725778,42.76782449725777,True,True
2024-01-09,2024,LONG,PM_LONG,150.76,5.026425591098748,0.14464534075104313,27.653846153846153,0.734934086629002,0.0963855421686747,0.0963855421686747,0.7503477051460362,4.0,0.6021347673755398,0.7673446190070231,60.0,3.109874826147427,0.0,3.109874826147427,2.965229485396384,2.187760778859527,-0.6237830319888734,0.9654475469949132,0.5041572437098776,24.358247133577578,-2.178720445062587,6.96105702364395,True,True
2024-01-09,2024,LONG,PM_LONG,-152.24,0.14219759926131118,2.727608494921514,19.339285714285715,0.734934086629002,0.9117647058823529,0.9117647058823529,1.3185595567867034,3.0,0.9533774107136231,1.0544703166317289,260.0,4.44690674053555,1.0,10.742382271468143,-2.1717451523545703,9.540166204986148,-0.7756232686980609,4.837491559599,0.3837774713827462,58.386827943003496,3.1283471837488457,9.953831948291782,False,False
2024-01-10,2024,LONG,PM_LONG,54.76,6.076707202993451,0.6417212347988774,19.089285714285715,0.9532237673830593,0.5985401459854015,-0.5985401459854015,1.794200187090739,1.0,0.8646634487135209,1.05223384451733,100.0,3.784845650140318,0.0,5.015902712815715,0.06548175865294667,1.4275023386342376,-1.5846585594013096,0.7333186062190225,0.34051048279867546,59.66733263264911,-1.6763330215154348,10.63423760523854,True,True
2024-01-10,2024,LONG,PM_LONG,162.76,5.372693726937269,1.3603936039360394,14.517857142857142,0.9532237673830593,0.75,-0.75,1.997539975399754,4.0,2.4244575616814408,1.0817804179394759,215.0,4.9766297662976635,1.0,9.006150061500616,-2.5313653136531364,4.4944649446494465,-1.8769987699877,2.789404650184956,0.37457700280667666,60.04551784270682,-0.03444034440344403,13.982779827798279,True,True
2024-01-11,2024,SHORT,ORB_SHORT,-81.74,1.2324431256181998,5.158259149357073,36.107142857142854,0.8785283856644466,0.39215686274509803,-0.39215686274509803,0.7062314540059348,3.0,1.0211726470293399,0.998097918831754,105.0,6.051434223541049,1.0,7.3808110781404555,-0.11770524233432246,5.179030662710188,-0.5816023738872405,2.9061978758189064,0.5141636549367519,26.294298718678746,0.7131552917903067,4.5351137487636,False,False
2024-01-16,2024,LONG,PM_LONG,-182.24,0.1323529411764706,4.492647058823529,34.0,0.3666576050020389,0.6538461538461539,0.6538461538461539,1.1470588235294117,4.0,1.1115886465938967,0.9407061689800801,110.0,4.419117647058823,1.0,5.264705882352941,-1.0220588235294117,2.889705882352941,-0.5661764705882353,1.9211210468350628,0.3626589188902204,54.63056221963352,3.1029411764705883,4.977941176470588,False,False
2024-01-18,2024,LONG,MOM_LONG,-78.24,2.3333333333333335,3.0155038759689923,32.25,1.0674778761061945,0.14619883040935672,0.14619883040935672,1.3255813953488371,4.0,0.7775139590859292,1.194595986948998,60.0,2.131782945736434,0.0,2.131782945736434,-4.790697674418604,1.3333333333333333,-0.46511627906976744,0.5501163068882644,-0.06000319445000821,65.16017837202966,-0.05426356589147287,10.4031007751938,False,False
2024-01-19,2024,LONG,ORB_LONG,56.76,7.82093316519546,0.7503152585119798,28.321428571428573,1.15960809102402,0.5909090909090909,0.5909090909090909,0.5825977301387137,3.0,0.7382153666339604,0.7912184561261077,70.0,2.3568726355611602,0.0,2.3568726355611602,-3.5573770491803276,1.2799495586380831,-0.2206809583858764,1.0032836424548806,0.1481099476659988,62.03168757031804,-0.4854981084489281,3.7957124842370744,True,True
2024-01-24,2024,LONG,PM_LONG,52.760000000000005,1.9607843137254901,4.392156862745098,25.5,0.8106826801517066,0.8857142857142857,0.8857142857142857,1.0294117647058822,5.0,0.7435221925385412,0.9491008979478774,65.0,3.4019607843137254,1.0,4.196078431372549,-8.03921568627451,2.0098039215686274,-0.00980392156862745,2.6197426024571575,0.6514013420644059,39.065066865267816,0.5490196078431373,4.137254901960785,False,True
2024-01-25,2024,LONG,PM_LONG,-292.24,0.04612850082372323,9.12191103789127,21.678571428571427,1.107103480863128,0.23529411764705882,0.23529411764705882,0.7841845140032949,2.0,1.117753473465752,0.8942320603853431,140.0,4.082372322899506,1.0,4.716639209225701,2.514003294892916,0.7841845140032949,-0.5766062602965404,1.71718399734477,0.15695465638389916,52.61737983832035,0.7495881383855025,11.232289950576607,False,False
2024-01-30,2024,SHORT,ORB_SHORT,41.76,3.4183333333333334,1.5516666666666667,21.428571428571427,0.7866174507186053,0.6206896551724138,0.6206896551724138,1.0150000000000001,4.0,0.8077816075446407,0.8695994333831746,80.0,3.2083333333333335,0.0,3.2083333333333335,4.736666666666667,1.8550000000000002,-0.24500000000000002,1.5282918505906613,0.19676094900317065,53.57481791902676,1.7733333333333334,14.921666666666667,True,True
2024-01-31,2024,SHORT,ORB_SHORT,-151.24,1.545964125560538,6.0347533632287,31.857142857142858,0.7794928335170893,0.603448275862069,0.603448275862069,0.9103139013452914,4.0,1.0800119783257052,0.955904115924156,65.0,3.9316143497757845,1.0,4.4809417040358746,-8.059417040358744,3.397982062780269,-0.25112107623318386,2.2751692012287483,0.663610685923578,9.643840281421632,0.8161434977578476,6.332959641255605,False,False
2024-02-02,2024,LONG,PM_LONG,83.26,3.179153094462541,1.237785016286645,38.375,1.145062214521972,0.8795180722891566,0.8795180722891566,1.0814332247557004,4.0,0.9968596780956129,1.0894787155685337,70.0,4.1237785016286646,1.0,5.003257328990228,-5.2117263843648205,3.785016286644951,-0.11074918566775244,2.0191779439373576,0.36425028503675266,89.18176261043774,1.980456026058632,4.188925081433225,True,True
2024-02-05,2024,SHORT,ORB_SHORT,-211.24,0.33058758923668313,4.997254255903349,32.517857142857146,1.2774679965444125,0.5798319327731093,-0.5798319327731093,0.9148819330038439,3.0,0.9700434305316104,0.8584844798644254,75.0,4.197693574958813,1.0,5.643053267435475,,4.305326743547501,-0.8841295991213618,2.289464116797066,0.8305183690849561,14.273207180105757,0.6996155958264689,2.075782537067545,False,False
2024-02-06,2024,SHORT,ORB_SHORT,-10.24,1.4162162162162162,2.5837837837837836,23.125,1.0044604429141561,0.8095238095238095,0.8095238095238095,1.8162162162162163,4.0,1.423699125030527,1.4112068272378968,135.0,7.3297297297297295,1.0,7.848648648648648,1.718918918918919,6.4,-0.32432432432432434,2.7659881242915887,0.20582403955049813,25.03011092170277,2.7675675675675677,5.318918918918919,False,False
2024-02-07,2024,LONG,PM_LONG,-32.739999999999995,0.4273356401384083,2.466551326412918,33.34615384615385,1.0924172470459348,0.1262135922330097,-0.1262135922330097,0.7722029988465975,4.0,0.8442149095828052,0.9198325301323882,60.0,4.5432525951557095,0.0,4.5432525951557095,-2.82641291810842,2.646482122260669,-0.23990772779700115,2.57798790962468,0.9663912602491497,44.33502642553371,-0.7122260668973471,6.8523644752018456,False,False
2024-02-08,2024,LONG,PM_LONG,49.26,1.8432956381260097,1.3344103392568658,22.107142857142858,0.9986696924641992,0.35294117647058826,0.35294117647058826,0.9612277867528272,3.0,1.047008007274748,0.9026425152392141,70.0,2.6462035541195474,0.0,2.6462035541195474,0.9159935379644588,0.9159935379644588,-0.46365105008077545,0.698999240415715,0.15783472517939728,78.35553462040772,0.7576736672051696,3.912762520193861,False,True
2024-02-09,2024,LONG,PM_LONG,7.76,3.9458572600492205,0.49056603773584906,23.442307692307693,0.7720478910712889,0.3977272727272727,0.3977272727272727,0.9384741591468416,4.0,0.7132808476978696,0.983199009957276,60.0,4.6177194421657095,0.0,4.6177194421657095,-3.4979491386382278,2.964725184577522,-0.2132895816242822,2.251256920015637,0.7160868393503771,55.65065336962069,0.06398687448728466,4.767022149302707,True,True
2024-02-12,2024,LONG,PM_LONG,-16.240000000000002,2.5772727272727276,9.211363636363636,15.714285714285714,0.6606150716018468,0.7010309278350515,0.7010309278350515,1.5431818181818182,5.0,1.1386911623878448,1.1247915170000296,80.0,2.784090909090909,1.0,4.772727272727273,,3.2772727272727273,-0.07954545454545454,2.731715294558473,0.40868356105618825,49.49727806887431,0.39772727272727276,9.084090909090909,True,False
2024-02-14,2024,LONG,PM_LONG,-3.24,0.2663043478260869,3.994565217391304,19.714285714285715,1.2034469251860558,0.9587628865979382,0.9587628865979382,1.230072463768116,5.0,1.0638203591487665,0.8525583990986769,245.0,5.275362318840579,0.0,7.938405797101449,-0.8496376811594203,1.0144927536231882,-1.9402173913043477,2.0448681459575195,-0.006371887388857009,59.431352130297064,3.576086956521739,10.094202898550725,False,False
2024-02-15,2024,SHORT,ORB_SHORT,-214.74,0.8578648136449779,4.536955148452305,28.267857142857142,1.1238542890716805,0.7962962962962963,0.7962962962962963,1.9102969046114973,3.0,0.8618557274079016,1.004034882207471,90.0,3.740998104864182,0.0,3.740998104864182,4.032849020846494,2.9627289955780163,-0.25647504737839544,1.303656518934119,0.07817091498253614,26.178761548327216,2.228679722046747,3.281111813013266,False,False
2024-02-16,2024,SHORT,ORB_SHORT,-85.74,3.3495327102803736,4.095327102803738,19.107142857142858,1.0397179788484139,0.9347826086956522,0.9347826086956522,1.805607476635514,4.0,1.2815544235097212,0.9167295157032807,210.0,11.34392523364486,0.0,11.34392523364486,2.3551401869158877,5.31214953271028,-5.835514018691589,0.06830113180279275,-0.10915982147396398,38.08380426173469,2.3682242990654205,6.450467289719626,True,False
2024-02-20,2024,SHORT,ORB_SHORT,75.26,3.1558988764044944,2.3497191011235956,25.428571428571427,0.34131274131274136,0.8609625668449198,0.8609625668449198,1.8384831460674158,2.0,0.7727941543219112,0.8420014184139222,120.0,9.51685393258427,0.0,9.51685393258427,-9.418539325842698,5.073033707865169,-1.9957865168539326,1.4600051101314309,0.03683300394435862,19.317973351922817,0.452247191011236,7.324438202247191,True,True
2024-02-20,2024,SHORT,ORB_SHORT,-175.74,0.27488151658767773,3.924170616113744,26.375,0.34131274131274136,0.17204301075268819,0.17204301075268819,0.8815165876777251,2.0,1.2636516189375808,0.7264748915003911,240.0,9.175355450236967,0.0,10.293838862559241,-10.739336492890995,6.549763033175355,-1.3838862559241707,2.1998849114666856,0.139741035364651,39.277830130389404,1.5355450236966826,7.061611374407583,False,False
2024-02-21,2024,SHORT,OPEN_SHORT,-31.74,2.9696969696969697,1.4545454545454546,33.0,1.3366235801018411,0.11016949152542373,0.11016949152542373,0.8939393939393939,3.0,0.7295058685088814,0.8860556425989851,60.0,2.340909090909091,0.0,2.340909090909091,0.5606060606060606,0.7272727272727273,-0.6818181818181818,0.4801847886925371,-0.09212731983952284,35.14794863004984,0.09848484848484848,9.742424242424242,True,False
2024-02-22,2024,LONG,PM_LONG,53.26,3.868332532436329,1.264776549735704,37.160714285714285,1.1713278495887192,0.6896551724137931,-0.6896551724137931,0.9754925516578569,3.0,0.7025498573724137,0.7022129142474446,65.0,2.8592023065833736,0.0,2.987025468524748,-10.784238346948582,1.2715040845747236,-0.8543969245555022,0.6778329872289146,0.2805205352657898,78.10681342922351,0.47092743873137916,7.211917347429121,True,True
2024-03-01,2024,LONG,PM_LONG,359.26,6.430028328611898,0.04419263456090652,33.94230769230769,1.054835651074589,0.6358024691358025,-0.6358024691358025,1.1932011331444758,2.0,0.6703621878556605,0.9245592209112555,60.0,3.041926345609065,0.0,3.041926345609065,-1.3331444759206799,1.7014164305949009,-1.2521246458923512,0.2974243027359665,0.48301338171630087,41.57087277121741,-1.9739376770538244,3.903682719546742,True,True
2024-03-05,2024,SHORT,ORB_SHORT,-42.74,3.2050561797752812,2.212078651685393,25.428571428571427,0.8650857234417559,0.26515151515151514,0.26515151515151514,1.2977528089887642,4.0,0.8219599722982001,0.7337660952218393,130.0,8.160112359550562,1.0,9.054775280898877,-12.94803370786517,8.297752808988765,-0.7078651685393259,2.9640413796900904,0.3154985328739631,36.7935906860451,2.0941011235955056,10.470505617977528,True,False
2024-03-05,2024,SHORT,ORB_SHORT,92.26,3.269534679543459,0.18437225636523266,20.339285714285715,0.8650857234417559,0.5579710144927537,0.5579710144927537,1.6962247585601404,3.0,1.1009068122675096,0.8272905811050211,245.0,10.201931518876206,1.0,11.492537313432836,-16.925373134328357,11.111501316944688,-0.3195785776997366,3.6907772636625418,0.21167019071656173,37.287798266907785,-1.4995610184372257,13.090430201931518,True,True
2024-03-06,2024,LONG,VWAP_LONG,87.26,2.790923824959481,2.5791464073473795,33.05357142857143,1.2408267905784327,0.15748031496062992,0.15748031496062992,0.9605618584548892,4.0,0.8074633562240836,0.979152104744412,90.0,4.923824959481361,0.0,4.923824959481361,1.603457590491626,-0.6655861696380334,-1.338735818476499,1.0377352526119275,0.10348743462736598,57.36448257489768,0.4159913560237709,5.249054565099946,True,True
2024-03-07,2024,LONG,PM_LONG,43.76,2.9647058823529413,0.7601809954751131,19.732142857142858,1.5080916519788494,0.675,0.675,1.0135746606334841,4.0,0.8396676157950098,0.7892063020590905,145.0,6.233484162895928,1.0,9.527601809954751,-6.448868778280543,6.043438914027149,-0.27873303167420815,3.923983294733408,0.4535001363578659,76.80347967826681,0.41809954751131223,19.992760180995475,True,True
2024-03-07,2024,LONG,PM_LONG,-48.74,1.7029239766081872,2.9801169590643277,15.267857142857142,1.5080916519788494,0.42424242424242425,0.42424242424242425,1.080701754385965,4.0,0.8916067839361017,0.7343296677002223,240.0,8.056140350877193,1.0,14.261988304093567,-10.463157894736842,9.939181286549708,-0.18011695906432748,5.984982419292149,0.3284431948017789,74.54969651495476,0.2947368421052632,25.83859649122807,False,False
2024-03-08,2024,LONG,PM_LONG,-407.24,0.13899831176139563,11.792909397861566,34.17307692307692,1.008271099333494,0.3695652173913043,-0.3695652173913043,1.0095666854248735,3.0,0.6434162348020861,0.7917597625060188,60.0,4.338210467079348,0.0,4.338210467079348,-1.6167698368036016,2.8311761395610584,-0.614518851997749,1.3702941826931079,0.7403797221141617,23.03664238608843,-0.02926280247608329,4.813731007315701,False,False
2024-03-11,2024,SHORT,VWAP_SHORT,-139.24,0.21638330757341578,2.574961360123648,34.660714285714285,1.8787440777322733,0.10989010989010989,-0.10989010989010989,0.6563626996393612,4.0,0.8618574546549258,0.9198720027675077,120.0,3.224111282843895,0.0,3.837197320968573,,1.1540443070582174,-1.3199381761978362,0.4209223842784335,-0.03253371512834551,69.71248794044907,-0.512107161257084,4.16898505924781,False,False
2024-03-12,2024,LONG,PM_LONG,-77.74,0.7800586510263929,5.0498533724340176,24.357142857142858,1.45458925560106,0.2826086956521739,-0.2826086956521739,0.9442815249266862,3.0,0.8728013152554498,0.7704251504674094,120.0,9.27859237536657,1.0,11.434017595307918,-7.174486803519062,5.542521994134897,-0.34897360703812313,4.7189707792610465,0.7555884741851565,50.118517392478935,-0.7800586510263929,11.567448680351905,False,False
2024-03-13,2024,SHORT,ORB_SHORT,-10.24,1.9453883495145632,2.1237864077669903,29.428571428571427,1.3233758933590298,0.5986394557823129,0.5986394557823129,1.2487864077669903,3.0,1.1725797949054595,0.997926267281106,80.0,4.247572815533981,0.0,4.247572815533981,5.4793689320388355,3.058252427184466,-1.1468446601941749,0.726851514956243,0.08151057083373373,38.56556986482388,0.2973300970873787,5.674757281553398,False,False
2024-03-14,2024,SHORT,ORB_SHORT,6.76,2.8215266337177374,1.7067545304777594,32.517857142857146,1.1574720950774913,0.6602564102564102,0.6602564102564102,1.1993410214168039,3.0,1.0062538204730334,1.0818010123139683,110.0,5.858319604612849,0.0,5.858319604612849,-0.1845140032948929,3.0214168039538714,-2.1219110378912682,0.7515367503305095,-0.026337501592438677,47.828591517364885,1.5068643602416254,6.219659527732015,True,True
2024-03-18,2024,LONG,PM_LONG,-142.24,0.8109161793372319,4.088369070825211,29.596153846153847,1.4645466955753632,0.5546218487394958,-0.5546218487394958,1.0051981806367771,4.0,0.6911889418378899,0.7121273301475838,60.0,3.48862897985705,0.0,3.48862897985705,,2.41585445094217,-0.8362573099415205,0.9474865009703297,0.34660991830940974,75.03702226181552,-0.7433398310591293,5.853801169590644,False,False
2024-03-21,2024,LONG,VWAP_LONG,-61.24,0.9745331069609509,6.393887945670628,21.035714285714285,1.3196820043363044,0.2073170731707317,0.2073170731707317,0.9745331069609509,5.0,0.8912134269170664,0.7590594059405941,140.0,4.088285229202038,0.0,4.325976230899831,-8.99660441426146,-0.035653650254668934,-1.0220713073005094,1.462342742587802,0.12812042038533256,71.10541623643698,-0.4278438030560272,7.796264855687607,False,False
2024-04-02,2024,SHORT,ORB_SHORT,-33.739999999999995,0.555765595463138,3.2287334593572776,28.339285714285715,1.0944075984606565,0.7155172413793104,0.7155172413793104,1.0233144297416508,3.0,0.6417596108210726,0.709319707229339,75.0,3.2199117832388153,0.0,3.2199117832388153,-6.766225582860743,2.2848141146817893,-0.7674858223062382,0.7315683213804612,0.09227290834970617,23.091261449495164,1.1997479521109011,8.65406427221172,False,False
2024-04-05,2024,LONG,PM_LONG,144.76,3.396005845104725,1.343399902581588,36.660714285714285,1.2040551500405514,0.6881720430107527,0.6881720430107527,0.634193862640039,4.0,0.8246524547002184,0.9090324705561675,80.0,4.112031173891865,1.0,5.0599123234291286,7.773989283974672,3.9551875304432538,-0.12956648806624452,2.285644396028146,0.37488211095221674,50.13896399727512,2.188991719434973,4.009741841207989,True,True
2024-04-08,2024,LONG,ORB_LONG,-110.74,0.5750279955207167,3.0716685330347144,34.34615384615385,1.5134655700693436,0.5,0.5,1.0481522956326987,4.0,0.7699752226866977,1.0475304671337424,60.0,3.981522956326988,0.0,3.981522956326988,,0.8006718924972004,-0.4876819708846584,1.7094611536316384,0.37981946737455174,23.039870753638596,1.5795072788353863,3.5011198208286674,False,False
2024-04-11,2024,LONG,PM_LONG,346.26,7.8976945244956775,1.180115273775216,24.785714285714285,1.6641908975979771,0.8360655737704918,0.8360655737704918,1.845821325648415,4.0,1.1088257051465453,1.0990133998070735,145.0,4.246397694524496,1.0,6.193083573487032,-3.409221902017291,2.0778097982708936,-0.2319884726224784,2.942457206976269,0.19628778894984444,54.72170677461437,1.9567723342939483,16.814121037463977,True,True
2024-04-16,2024,LONG,ORB_LONG,12.760000000000002,3.502250803858521,2.619935691318328,27.767857142857142,1.5952996474735608,0.8186274509803921,-0.8186274509803921,1.8366559485530547,2.0,1.1138997646376423,0.8986160237048091,145.0,3.9254019292604503,0.0,4.159485530546624,16.1427652733119,0.8282958199356913,-1.6836012861736336,0.3947999097185825,0.1261735816804731,43.258275636892144,-0.20707395498392284,5.356913183279743,True,True
2024-04-18,2024,LONG,PM_LONG,-60.74,1.0583657587548638,5.914396887159533,32.125,1.6124248809802544,0.3472222222222222,0.3472222222222222,1.1206225680933852,4.0,0.8693526657248993,0.854295303849767,85.0,4.023346303501945,1.0,5.634241245136187,7.7042801556420235,1.2140077821011672,-0.622568093385214,2.2865450733616686,0.5950829671767852,25.54223473421426,-1.3463035019455254,18.389105058365757,False,False
2024-04-18,2024,SHORT,ORB_SHORT,-26.24,0.6023255813953489,1.8395348837209302,30.714285714285715,1.6124248809802544,0.7078651685393258,0.7078651685393258,1.4488372093023256,3.0,1.466421601860082,1.0441837524362747,230.0,4.2081395348837205,1.0,6.73953488372093,-2.458139534883721,4.313953488372093,-0.04883720930232558,3.586956702688283,0.2540229879295979,20.08612442167852,2.5802325581395347,19.233720930232558,False,False
2024-04-19,2024,SHORT,ORB_SHORT,243.26,5.970245795601552,0.7736093143596378,44.59615384615385,1.4676102340772998,0.3287671232876712,-0.3287671232876712,0.8184562311341095,3.0,0.9798148553900088,0.9140958206775393,60.0,3.9184993531694694,0.0,3.9184993531694694,-2.9935316946959896,2.376886589047003,-1.0539025442000862,1.0671888775770864,0.6722520042055371,15.43847035693041,-1.2501078050884002,4.843467011642949,True,True
2024-04-22,2024,LONG,PM_LONG,86.36,5.352941176470589,0.1286764705882353,19.428571428571427,1.6914984141718883,0.9351851851851852,0.9351851851851852,1.3897058823529413,4.0,0.9980729310576917,0.8559227389936545,235.0,7.656250000000001,1.0,10.075367647058824,,2.856617647058824,-0.02573529411764706,4.929159592092219,0.2522476943977916,76.32378190436484,-0.06433823529411765,7.102941176470589,True,True
2024-04-23,2024,LONG,PM_LONG,66.26,2.5115820601281422,0.6761951700344998,36.232142857142854,1.1840098590464452,0.4819277108433735,-0.4819277108433735,0.5726959093149335,2.0,0.636418059952029,0.710489984499524,75.0,5.112863479546575,0.0,5.112863479546575,-3.242976835879744,3.774273040906851,-0.9176934450468212,1.6569875872183686,0.715024684529278,81.00818466120955,-2.7461803844258257,11.812715623459834,True,True
2024-04-23,2024,LONG,PM_LONG,21.26,2.1377245508982035,0.4471057884231537,17.892857142857142,1.1840098590464452,0.53125,0.53125,1.3413173652694612,4.0,0.9382795993507922,0.7813424295314639,250.0,10.353293413173652,1.0,11.87624750499002,-9.51497005988024,10.590818363273453,-0.43313373253493015,4.125059580083843,0.1957737289424235,66.30581123279276,0.2095808383233533,23.920159680638722,False,True
2024-04-25,2024,LONG,PM_LONG,27.76,1.50253807106599,2.213197969543147,24.625,1.1952698605215282,0.9640718562874252,0.9640718562874252,1.6954314720812182,4.0,1.1555979926826856,0.9154928828103136,245.0,5.675126903553299,1.0,9.736040609137056,10.121827411167512,7.817258883248731,-0.050761421319796954,6.06857504948355,0.3261013216676479,76.32814756675938,3.979695431472081,19.928934010152282,False,True
2024-04-26,2024,LONG,ORB_LONG,44.76,2.215983813859383,0.18411734951947398,38.01923076923077,1.3352478839177753,0.5657894736842105,0.5657894736842105,0.9994941831057158,3.0,0.7585227923163221,0.9815101835273052,60.0,4.530601922104198,0.0,4.530601922104198,-5.562974203338392,3.149721800708144,-0.6181082448153769,1.0289294937702504,0.6882277154821007,82.85532228523661,-1.0257966616084977,3.6889226100151746,False,True
2024-04-26,2024,LONG,PM_LONG,-34.239999999999995,1.0495767835550183,3.0979443772672313,14.767857142857142,1.3352478839177753,0.09278350515463918,-0.09278350515463918,1.6420798065296252,3.0,1.1758908331765359,0.8072371773498492,250.0,11.663845223700122,1.0,15.777509068923822,-18.75695284159613,12.544135429262395,-1.2696493349455864,4.268724231979826,0.28671931038188897,64.31741366915361,-0.9818621523579202,9.496977025392987,False,False
2024-05-01,2024,SHORT,ORB_SHORT,-83.24,0.8681397006414826,14.808267997148967,25.053571428571427,1.153869407496977,0.7239263803680982,0.7239263803680982,1.6265146115466858,5.0,1.175175047061396,1.045621025051026,105.0,3.6721311475409837,1.0,4.2009978617248755,-5.697790449037776,3.2230933713471135,-0.3392729864575909,2.0287634930910494,0.07755541963710122,41.900883622029426,2.175338560228083,5.947255880256593,False,False
2024-05-03,2024,LONG,PM_LONG,63.760000000000005,2.6029411764705883,0.5147058823529411,17.0,1.3308856586243072,0.20388349514563106,-0.20388349514563106,1.5147058823529411,1.0,1.0013826513639388,0.7065287817958452,240.0,9.205882352941176,0.0,9.205882352941176,-17.529411764705884,1.5147058823529411,-3.8970588235294117,1.4169875338578577,0.10385389660158954,50.976923268792795,-1.7352941176470589,14.647058823529411,True,True
2024-05-06,2024,LONG,PM_LONG,40.76,2.8293963254593173,1.727034120734908,13.607142857142858,1.138791101790128,0.11904761904761904,-0.11904761904761904,0.7716535433070866,2.0,0.9042846904848619,0.9792023878895099,210.0,5.456692913385827,0.0,6.118110236220472,,3.0866141732283463,-0.6981627296587927,1.5689145341356883,0.11048440098185171,64.2893264444233,0.6062992125984251,15.671916010498688,True,True
2024-05-07,2024,LONG,PM_LONG,39.76,1.695067264573991,3.42780269058296,19.910714285714285,0.6765036326866901,0.9615384615384616,0.9615384615384616,0.6529147982062781,5.0,0.7357582980340341,0.8862373432317863,80.0,2.7623318385650224,0.0,2.7623318385650224,-1.7955156950672646,1.1426008968609866,-0.11300448430493275,1.322397580923828,-0.019227190255975735,38.373367232384666,1.0170403587443946,3.252017937219731,False,True
2024-05-08,2024,LONG,PM_LONG,-77.24,0.11023622047244096,3.6745406824146984,20.410714285714285,0.7861583401992359,0.20952380952380953,-0.20952380952380953,1.2860892388451444,2.0,0.7772397094430993,0.9362470062392263,90.0,6.589676290463692,0.0,7.99825021872266,2.6701662292213473,6.344706911636046,-1.42082239720035,2.132581058800712,0.7864267285657839,83.65644511982738,-2.7559055118110236,7.055118110236221,False,False
2024-05-09,2024,LONG,ORB_LONG,-34.239999999999995,1.1779661016949152,1.1610169491525424,29.5,0.7394202681447082,0.7692307692307693,0.7692307692307693,1.4322033898305084,3.0,0.7719323874392077,1.1059590714314318,65.0,3.2542372881355934,1.0,3.5762711864406778,1.2881355932203389,0.5932203389830508,-0.3135593220338983,1.622058665925702,0.10735562243669045,37.03956000534839,1.5,4.788135593220339,False,False
2024-05-09,2024,LONG,PM_LONG,-37.739999999999995,0.6764705882352942,2.3088235294117645,17.0,0.7394202681447082,0.28426395939086296,0.28426395939086296,2.8970588235294117,4.0,1.0710470885368313,0.9985188164176184,210.0,5.647058823529412,1.0,7.617647058823529,0.8676470588235294,2.3970588235294117,-0.5882352941176471,2.8178947183508116,0.1428094174788224,55.63859004533436,-0.5,8.308823529411764,False,False
2024-05-14,2024,LONG,PM_LONG,-2.74,3.800942285041225,0.6760895170789163,30.321428571428573,0.6523302862280833,0.703971119133574,-0.703971119133574,2.283863368669022,2.0,1.399703597858567,1.6718057685110286,65.0,3.5041224970553593,0.0,3.5041224970553593,1.088339222614841,0.9811542991755006,-2.2343934040047113,-0.20781854942770897,0.4565592308402947,60.723533066099144,-2.547703180212014,8.945818610129564,True,False
2024-05-15,2024,LONG,PM_LONG,71.26,5.474598930481283,0.18716577540106952,26.714285714285715,0.809980518507418,0.42105263157894735,0.42105263157894735,0.8890374331550802,4.0,0.6669708357846963,0.775903417133632,65.0,3.8743315508021388,1.0,4.398395721925134,-4.585561497326203,1.7593582887700534,-0.3181818181818182,1.8209324190022094,0.41360392235836185,35.2618718559614,-0.0748663101604278,12.95187165775401,True,True
2024-05-22,2024,SHORT,ORB_SHORT,78.72,7.168900804289544,0.35656836461126007,13.321428571428571,0.5756368828436161,0.7159090909090909,0.7159090909090909,3.3029490616621984,3.0,1.824218395719154,2.1976833488878516,245.0,3.3967828418230566,1.0,5.348525469168901,7.619302949061662,2.1394101876675604,-0.9195710455764076,2.7351530560634605,0.10504853910968319,29.099255032378096,4.184986595174263,15.801608579088471,True,True
2024-05-24,2024,LONG,PM_LONG,-30.24,1.925318761384335,2.6903460837887065,19.607142857142858,1.3437734152555074,0.8629032258064516,-0.8629032258064516,1.5810564663023678,1.0,0.9132902632670293,1.0766919493918654,125.0,5.5591985428051,1.0,9.537340619307832,4.806921675774134,6.426229508196721,-1.5555555555555556,3.654299414656439,0.9188610998905853,45.73642380692631,-2.4225865209471764,4.564663023679417,False,False
2024-05-30,2024,SHORT,ORB_SHORT,-62.24,1.300959232613909,2.2326139088729016,29.785714285714285,0.9282332606898626,0.2,0.2,0.9652278177458034,4.0,1.2908407315513855,1.1265721647170777,70.0,2.853717026378897,1.0,4.163069544364508,-3.3069544364508396,3.432853717026379,-0.5791366906474821,1.8434581394982288,0.4461842024793528,58.31007926849286,2.274580335731415,9.551558752997602,False,False
2024-06-05,2024,LONG,PM_LONG,147.76,3.662298987492555,0.6813579511614055,32.28846153846154,1.2866232502432817,0.9263803680981595,0.9263803680981595,1.2620607504466943,5.0,1.334392468373051,1.3480954301849826,60.0,4.103633114949375,0.0,4.103633114949375,-5.458606313281715,2.4931506849315066,-0.09291244788564622,2.4263077777835926,0.4377682602707122,52.0368236261597,3.275163787969029,12.682549136390708,True,True
2024-06-05,2024,LONG,PM_LONG,67.26,3.9779310344827588,1.4482758620689655,12.946428571428571,1.2866232502432817,0.7938144329896907,-0.7938144329896907,1.8731034482758622,3.0,1.1509186939661395,0.7583555651855964,225.0,10.23448275862069,1.0,17.10896551724138,-18.769655172413792,11.373793103448277,-1.950344827586207,6.6526699485601695,0.6735934923980225,58.55269555009224,-2.780689655172414,31.630344827586207,True,True
2024-06-06,2024,SHORT,ORB_SHORT,-34.739999999999995,2.3650485436893205,1.5766990291262137,18.392857142857142,0.8547046934650797,0.4305555555555556,0.4305555555555556,0.9786407766990292,3.0,0.9603068274358368,0.87233752231314,120.0,4.539805825242719,0.0,4.539805825242719,14.203883495145632,2.2699029126213595,-1.5766990291262137,0.8488556052679344,0.01823908384220824,49.30257814942459,0.9650485436893205,3.6563106796116505,False,False
2024-06-07,2024,LONG,ORB_LONG,-28.24,2.4279720279720283,3.769230769230769,25.535714285714285,0.8824807130552017,0.898876404494382,0.898876404494382,0.8713286713286713,3.0,1.0965928819444446,1.1683883061460536,70.0,2.8195804195804195,1.0,4.013986013986014,0.8811188811188811,2.0657342657342657,-0.058741258741258746,2.177973888274258,0.406669501387217,84.38924213462013,2.095104895104895,8.223776223776223,False,False
2024-06-11,2024,LONG,PM_LONG,-24.74,4.5515898767034395,1.598961713173264,27.517857142857142,0.8974973774913833,0.6020408163265306,0.6020408163265306,0.8903309539260221,4.0,0.7235404008221822,1.0000673343994613,70.0,3.5976638546398445,1.0,4.260869565217392,0.826735885788449,1.7806619078520443,-0.18170019467878,1.8628637427143437,0.3962116542220975,37.48983267994521,-0.36340038935756,8.748864373783258,True,False
2024-06-11,2024,LONG,PM_LONG,134.76,6.691525423728813,1.2338983050847459,15.803571428571429,0.8974973774913833,0.6032608695652174,0.6032608695652174,2.910734463276836,2.0,1.3870748853242136,1.323286387160135,210.0,6.264406779661017,1.0,9.001129943502825,0.20564971751412428,4.334463276836158,-0.6644067796610169,3.0506910252954422,0.14852012358855793,58.12498338061164,1.2971751412429378,15.233898305084745,True,True
2024-06-12,2024,LONG,PM_LONG,6.26,1.6693017127799736,2.4347826086956523,27.107142857142858,0.9346620710325193,0.8805970149253731,-0.8805970149253731,1.2358366271409749,3.0,0.7985693616944796,0.7907530857281572,65.0,6.345191040843215,0.0,6.345191040843215,-9.803689064558629,4.104084321475626,-1.2358366271409749,1.0819110347228411,0.7217422813509444,75.87975504238875,-2.0658761528326743,14.710144927536232,False,True
2024-06-13,2024,SHORT,ORB_SHORT,15.760000000000002,2.282621767889357,1.422730006013229,31.98076923076923,1.2596809227773198,0.046296296296296294,0.046296296296296294,0.8442573662056525,4.0,1.2150952675791626,0.916032696144687,60.0,4.033674082982562,0.0,4.033674082982562,6.206855081178593,1.9933854479855684,-1.196031268791341,1.1909238098161006,0.9408476066205654,66.66847303932624,-2.1028262176788934,3.3223090799759474,False,True
2024-06-14,2024,LONG,PM_LONG,0.7599999999999998,1.5587044534412955,1.1194331983805668,17.642857142857142,1.0476832098210944,0.13636363636363635,-0.13636363636363635,1.2469635627530364,3.0,1.2003734827264239,0.9718685854476017,225.0,5.2145748987854255,0.0,6.3340080971659924,0.8502024291497976,4.0242914979757085,-1.1336032388663968,2.0091665320388614,0.13598042252795914,62.47334484645666,1.0769230769230769,8.941295546558704,False,True
2024-06-17,2024,LONG,PM_LONG,461.76,13.420774647887324,-0.03697183098591549,20.285714285714285,0.9913864130027712,0.8333333333333334,0.8333333333333334,0.8873239436619719,3.0,0.9300724154782533,0.9935681538301755,90.0,3.943661971830986,1.0,4.51056338028169,,1.7253521126760565,-0.14788732394366197,1.9320241487053915,0.2419417387191317,75.2762406208225,1.9225352112676057,13.38380281690141,True,True
2024-06-18,2024,SHORT,ORB_SHORT,-119.74,0.03529411764705882,4.3882352941176475,21.25,0.9324142065038215,0.44660194174757284,0.44660194174757284,1.2117647058823529,5.0,1.2015700713091686,1.0574550581600282,100.0,2.552941176470588,1.0,4.329411764705882,10.329411764705883,2.6823529411764704,-0.3764705882352941,2.1720013842690284,0.41132640521990493,15.243346352157914,0.9882352941176471,4.352941176470588,False,False
2024-06-24,2024,SHORT,ORB_SHORT,37.76,2.3473684210526318,1.305263157894737,23.75,1.3846153846153844,0.7136150234741784,0.7136150234741784,2.2421052631578946,3.0,1.8772040633717564,1.3565692186387288,215.0,5.421052631578948,1.0,7.8,,4.178947368421053,-0.5263157894736842,3.578480869741332,0.24541302327538447,29.921873817319238,0.8,12.094736842105263,False,True
2024-06-25,2024,LONG,PM_LONG,110.76,2.7449874686716793,1.506892230576441,30.692307692307693,1.3879110179012806,0.08163265306122448,0.08163265306122448,1.1973684210526316,4.0,0.7712292028737222,1.068544493911924,60.0,3.5676691729323307,0.0,3.5676691729323307,3.6409774436090223,1.7431077694235588,-0.5864661654135338,1.0821603228679375,0.6468918399899903,43.265316904758,0.724937343358396,9.24498746867168,True,True
2024-06-26,2024,SHORT,VWAP_SHORT,-86.24,0.13953488372093023,3.0852713178294575,32.25,1.003070931016403,0.422360248447205,0.422360248447205,1.248062015503876,4.0,1.2153295813915979,1.4179375842227973,100.0,3.2713178294573644,0.0,3.4728682170542635,4.224806201550388,0.015503875968992248,-0.5116279069767442,1.3329926054081391,0.05399247924950652,53.12782249505386,0.9069767441860465,6.108527131782946,False,False
2024-07-01,2024,SHORT,ORB_SHORT,-352.74,0.0457516339869281,3.7516339869281046,49.17857142857143,1.3677670484317688,0.49321266968325794,0.49321266968325794,1.1234567901234567,4.0,0.8232555243458648,0.8591328761945899,80.0,3.5432098765432096,0.0,3.5432098765432096,,2.129992737835875,-1.1132897603485838,0.7279019222898665,-0.04849681000813409,55.96291971999347,0.30501089324618735,3.1161946259985474,False,False
2024-07-02,2024,LONG,PM_LONG,-3.24,4.082771896053898,0.6333012512030799,37.107142857142854,1.3304919994018245,0.3310344827586207,0.3310344827586207,0.9769008662175169,4.0,0.7961050988528943,0.9171521187135113,75.0,3.233878729547642,0.0,3.537054860442734,-0.39076034648700675,2.8700673724735326,-0.5187680461982677,0.8994606098687631,0.14702253198987325,75.83567344460738,-0.4379210779595766,9.243503368623678,True,False
2024-07-02,2024,LONG,PM_LONG,212.76,4.641630901287554,0.09012875536480687,16.642857142857142,1.3304919994018245,0.9821428571428571,0.9821428571428571,1.6824034334763949,5.0,1.26271084544299,0.8946988624803011,215.0,7.210300429184549,1.0,11.206008583690988,-5.332618025751073,10.860515021459229,-0.015021459227467811,5.021774295904186,0.19691029846568442,71.84755493794404,1.3369098712446352,20.609442060085836,True,True
2024-07-05,2024,LONG,PM_LONG,103.76,3.0850951374207187,0.9963002114164904,36.38461538461539,0.2731133129702749,0.3302752293577982,0.3302752293577982,0.7489429175475687,5.0,0.5769642704138462,0.7041879319632243,60.0,3.2019027484143763,0.0,3.2019027484143763,-3.304968287526427,2.33615221987315,-0.49471458773784355,1.023443333944958,0.22006114055084464,83.64345315525749,1.044397463002114,3.1331923890063424,True,True
2024-07-08,2024,LONG,PM_LONG,-56.74,0.6467391304347826,2.510869565217391,19.714285714285715,0.8960932247702995,0.6696428571428571,0.6696428571428571,1.4202898550724636,5.0,0.9296114819071688,1.1093976131757748,110.0,2.9166666666666665,1.0,3.994565217391304,,1.3442028985507246,-0.4184782608695652,1.8430399836479012,0.08724790563486538,51.72731344768497,0.3297101449275362,8.407608695652174,False,False
2024-07-11,2024,SHORT,ORB_SHORT,73.76,3.566237698713096,0.3285389856169568,47.17857142857143,0.7744591661052473,0.8908450704225352,0.8908450704225352,1.5049205147615443,4.0,0.8179093778313204,0.9951446197370744,110.0,5.214231642694928,1.0,7.699470098410295,-3.359576078728236,7.418622255866767,-0.1165783497350492,4.049444375080808,0.7262515401230775,18.87325492894273,1.8970476911430734,12.293716881150642,True,True
2024-07-11,2024,SHORT,ORB_SHORT,-70.74,1.5597826086956523,2.023913043478261,32.857142857142854,0.7744591661052473,0.3651685393258427,0.3651685393258427,1.3543478260869566,5.0,0.960635359116022,0.715457075951045,210.0,7.486956521739131,1.0,14.661956521739132,-8.384782608695653,14.213043478260872,-0.21304347826086958,6.975110285609829,0.49148927322530656,25.744023825393683,-1.3847826086956523,17.65217391304348,False,False
2024-07-15,2024,LONG,PM_LONG,83.44,2.7429319371727745,4.042931937172774,36.73076923076923,1.275160759682967,0.5181818181818182,0.5181818181818182,0.7486910994764397,4.0,0.5932315743946517,0.8193718726475667,60.0,3.3963350785340314,0.0,3.3963350785340314,,2.3345549738219895,-0.2858638743455497,1.5197273289093383,0.42264699532269623,83.96143086622223,0.9869109947643978,2.22565445026178,True,True
2024-07-15,2024,LONG,PM_LONG,-229.24,0.3032844164919637,7.425576519916143,25.553571428571427,1.275160759682967,0.8571428571428571,0.8571428571428571,1.3696715583508037,3.0,1.8144649446494465,0.7629314424118363,125.0,4.881900768693222,1.0,8.413696715583509,,4.96995108315863,-2.328441649196366,2.424173062094611,0.6620790770004525,63.35879750495925,-3.541579315164221,3.19916142557652,False,False
2024-07-23,2024,LONG,PM_LONG,-189.74,0.16075886170743883,4.4663005491762355,35.767857142857146,1.4927954445820106,0.6691176470588235,0.6691176470588235,0.9505741387918122,5.0,0.892174388525521,1.0330699290296046,105.0,3.201198202695956,1.0,4.4103844233649525,-0.8666999500748876,3.2850723914128803,-0.27259111333000496,2.1192294785414805,0.022630939592516185,75.76286163396443,1.4887668497254118,6.423364952571143,False,False
2024-07-24,2024,SHORT,ORB_SHORT,145.26,6.103125,0.3572916666666667,34.285714285714285,1.2621494831954225,0.5357142857142857,0.5357142857142857,1.0208333333333333,4.0,0.813011541963609,0.8427956178169032,75.0,5.5125,1.0,6.78125,-13.788541666666667,6.088541666666667,-0.2552083333333333,2.4816649143744294,0.5390544367060708,6.319357295085311,1.1885416666666666,17.069791666666667,True,True
2024-07-25,2024,SHORT,ORB_SHORT,-813.24,0.31434796140678495,4.7899159663865545,80.325,1.328589909443726,0.8046272493573264,-0.8046272493573264,1.2107065048241519,4.0,1.0562384241525984,1.0100499159457663,45.0,4.270152505446623,0.0,4.270152505446623,-2.001244942421413,2.6330532212885154,-1.5219421101774042,0.6972213680589983,1.122666002156994,19.23329643359706,-2.079053843759726,3.4889511360099594,False,False
2024-07-31,2024,LONG,PM_LONG,-74.24,2.258600237247924,5.355871886120997,30.107142857142858,1.6420101637492943,0.48031496062992124,0.48031496062992124,1.0545670225385528,4.0,0.8161458976575686,0.7766841961370836,120.0,5.67141162514828,1.0,6.825622775800712,-6.186239620403321,4.467378410438909,-0.3487544483985765,3.05714417474191,0.3195864228976527,78.84013002652729,-0.265717674970344,20.684460260972717,False,False
2024-08-01,2024,SHORT,ORB_SHORT,348.26,9.564371719666564,0.024081506637851188,62.28846153846154,1.7312252964426877,0.32682926829268294,-0.32682926829268294,0.8227848101265822,3.0,0.9902183276269934,0.9948602601626674,60.0,4.202222908305032,0.0,4.202222908305032,2.460327261500463,0.9873417721518987,-0.7023772769373263,1.6324172833873352,0.5626289944405121,36.1367991888031,0.20067922198209323,16.170731707317074,True,True
2024-08-02,2024,SHORT,ORB_SHORT,-47.24,1.169331158238173,1.4570962479608485,54.732142857142854,2.1921230942970076,0.019417475728155338,-0.019417475728155338,0.9409461663947798,3.0,1.1313042396284265,0.7064441943871836,210.0,6.86068515497553,0.0,6.86068515497553,-6.56378466557912,2.603588907014682,-2.247308319738989,0.5683768380234865,-0.0036063328410041494,58.518517061884396,-0.04110929853181077,5.389885807504078,False,False
2024-08-07,2024,LONG,PM_LONG,-407.24,0.26141913243320886,8.578569376615915,62.160714285714285,2.280773574251835,0.6197916666666666,0.6197916666666666,0.7721918988796324,3.0,0.6764760181299245,0.7590187931803206,75.0,2.4653835104854926,0.0,2.4653835104854926,-0.808388394139615,1.2829646653260558,-0.4062051134731399,0.639163950590729,-0.19295830659763652,67.29407744956575,0.9773053720195346,11.542660155127837,False,False
2024-08-09,2024,LONG,PM_LONG,-83.24,2.814498933901919,1.0106609808102345,58.625,1.822958771220695,0.7902097902097902,0.7902097902097902,1.2196162046908317,1.0,0.7782843137254901,0.7515638837735636,75.0,2.7547974413646057,0.0,2.7547974413646057,0.7846481876332623,1.0021321961620469,-0.9552238805970149,0.4608626609508282,-0.0055140038976557,68.32787532934869,1.6631130063965884,4.597014925373134,True,False
2024-08-12,2024,LONG,PM_LONG,-285.24,0.09287925696594428,4.520123839009288,40.375,1.5932363244408516,0.6524064171122995,0.6524064171122995,1.1578947368421053,3.0,0.6473588462574267,0.8549519979621579,90.0,5.046439628482972,1.0,5.981424148606811,,2.9102167182662537,-0.16718266253869968,2.859482405475671,0.5900183554347526,39.830600657175296,0.10526315789473684,2.278637770897833,False,False
2024-08-13,2024,LONG,PM_LONG,309.76,4.079710144927536,0.5217391304347826,34.5,1.4281503316138542,0.9015544041450777,0.9015544041450777,1.3985507246376812,4.0,0.8054942264986518,1.0267106473479766,75.0,3.079710144927536,1.0,3.8333333333333335,-5.268115942028985,3.63768115942029,-0.021739130434782608,1.7377398487282123,0.17551169120059162,50.19586879062129,2.0,14.695652173913043,True,True
2024-08-14,2024,LONG,VWAP_LONG,-55.74,1.9569138276553104,3.2404809619238475,35.642857142857146,0.9994666666666666,0.7588652482269503,0.7588652482269503,0.9889779559118236,4.0,0.7155373290804892,0.7890845628494035,120.0,6.9579158316633265,0.0,6.999999999999999,-0.5961923847695391,-0.08416833667334668,-1.1503006012024046,2.5118569794528787,0.20986247373882663,68.45418697512487,1.508016032064128,6.158316633266533,False,False
2024-08-15,2024,LONG,PM_LONG,78.76,2.6808510638297873,0.7827808015833746,36.089285714285715,1.294717330861909,0.4772727272727273,0.4772727272727273,0.6095992083127164,5.0,0.67510092272203,0.7346749090818357,65.0,4.260267194458189,1.0,4.5927758535378524,-8.091044037605146,3.9762493814943096,-0.17318159327065807,2.0299908071628194,0.5498889552480211,89.43525669683495,-0.235526966848095,14.983671449777338,True,True
2024-08-21,2024,LONG,PM_LONG,-83.74,1.3368171021377673,4.269833729216152,37.589285714285715,0.9962368785898198,0.753125,0.753125,2.1282660332541568,2.0,1.2996033135534795,1.612023482202571,65.0,2.7068883610451304,1.0,3.4783847980997624,-0.18622327790973872,2.3876484560570073,-0.32589073634204274,1.5547782235442895,0.32308007729380234,85.19621639167958,1.3767220902612827,4.1501187648456055,False,False
2024-08-23,2024,LONG,PM_LONG,-407.24,0.02506426735218509,4.352827763496144,59.84615384615385,1.468929503916449,0.5555555555555556,-0.5555555555555556,0.9023136246786633,1.0,1.0958845491404303,1.0998263679228828,60.0,3.2875964010282774,0.0,3.2875964010282774,2.894922879177378,1.6166452442159382,-0.8480077120822622,0.6409963603582629,0.9193622784832606,78.97622769282503,0.8104113110539846,1.8881748071979434,False,False
2024-08-26,2024,SHORT,ORB_SHORT,10.260000000000002,2.8402154398563733,1.4913225613405146,29.839285714285715,1.664021852237253,0.04,-0.04,1.2567324955116697,4.0,0.9139847636815921,0.9638248656818202,135.0,8.53740275284261,0.0,9.886295631358468,,5.5128665469778575,-3.0915619389587072,1.5289725913814372,0.23368496105518946,34.71535594784787,0.08378216636744464,10.916816277678036,True,True
2024-08-26,2024,SHORT,ORB_SHORT,-103.24,1.6863863150392018,2.7141838916607273,25.053571428571427,1.664021852237253,0.7946428571428571,0.7946428571428571,2.235210263720599,3.0,1.3026783447575527,0.9963383874091163,245.0,10.168210976478974,0.0,11.774768353528154,,8.262295081967213,-1.985744832501782,2.957311749494636,0.11819477590817494,35.73184293974778,2.3948681397006415,13.002138275124734,False,False
2024-08-28,2024,SHORT,ORB_SHORT,202.76,6.151309408341416,0.061105722599418044,36.82142857142857,1.0232438679851033,0.8355555555555556,0.8355555555555556,1.527643064985451,3.0,0.8193786345035536,1.1216727201100662,70.0,3.8971871968962173,1.0,4.297769156159069,1.697381183317168,3.2929194956353056,-0.15615906886517944,1.7060540675946216,0.1509952610732768,9.136606921199913,3.1639185257032008,14.964112512124153,True,True
2024-08-28,2024,SHORT,ORB_SHORT,-506.24,0.7106598984771574,5.916243654822335,28.142857142857142,1.0232438679851033,0.8798586572438163,0.8798586572438163,2.513959390862944,5.0,1.9136927685066323,1.5536421081869316,265.0,5.098984771573604,1.0,12.98730964467005,-5.116751269035533,11.645939086294417,-0.23096446700507614,6.278888359789488,0.31956232621759306,22.767556559553526,3.171319796954315,19.578680203045685,False,False
2024-08-29,2024,LONG,PM_LONG,34.26,1.8917999319496428,2.9397754338210276,73.475,1.2759727751380505,0.5808219178082191,-0.5808219178082191,1.2419190200748556,2.0,0.738115145219455,0.9284785292605333,45.0,2.8206873086083704,0.0,2.8206873086083704,1.4120449132357946,0.7553589656345696,-1.7999319496427357,-0.47621018079069644,0.22569298760976717,31.610445495080143,-0.9833276624702281,3.297039809459,False,True
2024-09-03,2024,SHORT,ORB_SHORT,90.42,4.200427960057062,0.15763195435092725,53.92307692307692,0.439542093966134,0.8480565371024735,0.8480565371024735,1.3120542082738944,2.0,0.7216066883131511,1.0973670914203633,60.0,4.390513552068474,0.0,4.390513552068474,-6.133737517831669,4.093794579172611,-0.19472182596291013,1.802048663735888,0.5501223400953026,13.789185553860378,0.46362339514978607,15.216119828815978,True,True
2024-09-03,2024,SHORT,ORB_SHORT,166.76,4.240337315530569,1.1117357695010541,25.410714285714285,0.439542093966134,0.7165775401069518,0.7165775401069518,1.8397751229796206,3.0,1.2296422058731056,0.7137028775905022,240.0,9.316936050597329,1.0,14.068868587491217,-17.689388615600844,13.360505973295854,-0.49191848208011246,4.914120015440582,0.2897898026244065,37.98806627095457,0.11806043569922699,32.289529163738585,True,True
2024-09-04,2024,LONG,PM_LONG,-61.74,1.1510996858040559,1.930876892316481,67.32692307692308,1.3726724027224861,0.7258064516129032,0.7258064516129032,0.9208797486432447,3.0,0.7278331732059239,0.982621969900815,60.0,3.0077120822622105,0.0,3.0077120822622105,6.62067980576978,2.3690374178806053,-0.014852899171665239,1.3678777021923263,0.22547212769620886,37.17531784004962,1.210511282490717,2.6363896029705796,False,False
2024-09-05,2024,LONG,PM_LONG,-407.24,0.3193033381712627,4.601959361393324,62.63636363636363,1.5533581610376266,0.9413680781758957,0.9413680781758957,1.2253265602322208,3.0,0.8948616964923191,0.92843932280552,50.0,4.238751814223512,0.0,3.987300435413643,-0.24346879535558782,3.8915094339622645,-0.06785195936139332,1.6382592233309334,0.7909051410307311,94.61353306764562,0.01995645863570392,3.3925979680696665,False,False
2024-09-11,2024,LONG,PM_LONG,96.26,3.191278493557978,1.4568880079286424,36.035714285714285,1.2615442846328537,0.9248826291079812,0.9248826291079812,1.4777006937561943,5.0,0.925329124053186,0.81853752654365,255.0,8.318136769078295,1.0,14.381565906838455,-5.22398414271556,4.502477700693756,-0.027750247770069375,7.832215116624156,0.39428589686441173,77.06435168746003,1.2071357779980179,16.79583746283449,True,True
2024-09-12,2024,LONG,ORB_LONG,-36.239999999999995,3.3256187720990034,0.931533269045323,55.55357142857143,1.6087090606303582,0.603448275862069,-0.603448275862069,1.8270652523304403,3.0,0.8673197627137589,1.4100993140463982,65.0,3.253616200578592,0.0,3.253616200578592,-0.0900032144005143,0.7020250723240116,-1.215043394406943,0.4353421050372642,0.4655131023764183,42.92773877415624,-1.863066538090646,4.045644487303118,True,False
2024-09-13,2024,LONG,PM_LONG,-23.24,1.6054254007398274,0.6732429099876696,43.44642857142857,1.3279692566350427,0.45614035087719296,-0.45614035087719296,0.9839704069050556,3.0,0.8671773530892994,0.8551599221685213,80.0,3.066995478832717,0.0,3.1820797369502674,-0.5524044389642417,2.255651459103987,-0.6214549938347719,0.6379918569115633,0.07349466749888645,71.19526529007699,1.455815865187012,1.8988902589395809,False,False
2024-09-13,2024,LONG,PM_LONG,-112.74,0.6255585344057194,3.6407506702412866,19.982142857142858,1.3279692566350427,0.38461538461538464,0.38461538461538464,1.6264521894548705,3.0,1.1689219236389046,0.8367660509709217,245.0,6.668453976764969,1.0,8.920464700625558,-4.066130473637176,7.769436997319034,-0.4879356568364611,3.2493599492457967,0.19989518150948865,65.48689989995567,0.6505808757819481,4.128686327077748,False,False
2024-09-17,2024,LONG,PM_LONG,-407.24,0.06311992786293959,6.627592425608657,39.607142857142854,1.0995863061334614,0.6474820143884892,0.6474820143884892,0.8773669972948603,4.0,0.9540819159371471,1.1111254046868635,75.0,2.9918845807033367,1.0,3.541027953110911,-3.528403967538323,1.0730387736699731,-0.2966636609558161,1.3840000187659083,0.19823788490185607,74.16841661971834,2.12082957619477,4.443642921550947,False,False
2024-09-19,2024,LONG,PM_LONG,-32.739999999999995,1.3930802498798656,2.4363286881307067,40.01923076923077,1.644646924829157,0.6456692913385826,0.6456692913385826,0.7933685728015378,5.0,0.9025673317853254,0.9147387655238626,60.0,4.872657376261413,0.0,4.872657376261413,-6.184526669870255,2.386352715040846,-0.2623738587217684,2.4755881537924713,0.6323634917821492,91.59073702997316,0.11244593945218645,5.797212878423835,False,False
2024-09-23,2024,LONG,ORB_LONG,-68.24000000000001,0.7873345935727788,2.05765595463138,37.785714285714285,1.0745867647917762,0.4953271028037383,-0.4953271028037383,0.7079395085066162,3.0,0.7808145340154989,0.7895124388576237,85.0,2.3421550094517958,0.0,2.5141776937618148,,0.5226843100189036,-0.8071833648393195,0.4343790830697436,0.13465335384455362,53.00512593305702,-0.33081285444234404,5.425330812854442,False,False
2024-09-25,2024,LONG,PM_LONG,-137.24,0.27267119062307216,3.3843306600863663,31.173076923076923,0.9139111950873877,0.45901639344262296,0.45901639344262296,0.9784083898827884,3.0,0.9154213511572881,0.9232738119992893,60.0,4.314620604565083,0.0,4.314620604565083,-0.8420727945712523,3.215916101172116,-1.0185070943861814,0.8698456109958482,0.6727048758408786,64.48318674020776,-1.9648365206662555,9.832202344231955,False,False
2024-09-30,2024,LONG,PM_LONG,-8.74,1.7286956521739132,4.666666666666667,30.803571428571427,0.9532153495707026,0.7074829931972789,-0.7074829931972789,1.1930434782608696,3.0,0.7955329215436261,0.8622468189578251,120.0,4.431304347826087,0.0,4.431304347826087,,0.7223188405797102,-2.0371014492753625,0.07398569798351778,0.0305060891682903,59.10667817270243,-0.03246376811594203,6.931014492753624,False,False
2024-10-01,2024,SHORT,ORB_SHORT,-161.24,0.4302600472813239,4.534278959810875,52.875,1.033412199203647,0.9467680608365019,0.9467680608365019,1.243498817966903,4.0,0.7671500345262757,0.9893599093665167,95.0,7.546099290780142,1.0,8.080378250591016,-4.099290780141844,7.777777777777778,-0.03309692671394799,2.8991113325745945,0.38426368030653135,13.039205833457345,1.011820330969267,8.189125295508275,False,False
2024-10-01,2024,SHORT,ORB_SHORT,-251.24,0.905850445563735,3.628826036419992,46.089285714285715,1.033412199203647,0.7781456953642384,-0.7781456953642384,1.6381247578457963,3.0,0.8294889992902769,0.946991887425654,240.0,8.657109647423479,0.0,9.725687717938783,-3.12979465323518,7.349864393645873,-2.066640836884928,0.9597261704296264,0.14586548373785893,45.291955668746986,-2.1208833785354515,9.394808213870592,False,False
2024-10-08,2024,LONG,PM_LONG,26.76,2.167887323943662,1.2816901408450703,34.13461538461539,0.9757268009597678,0.7301587301587301,0.7301587301587301,0.9228169014084506,2.0,0.7542389920246633,0.8640046928856145,60.0,4.145352112676056,0.0,4.145352112676056,-0.5859154929577465,3.061408450704225,-0.0952112676056338,1.9378574759567329,0.6529157941227427,88.29360255214443,1.0619718309859154,10.414647887323943,False,True
2024-10-09,2024,LONG,PM_LONG,93.26,3.5867117117117115,1.0326576576576576,31.714285714285715,0.7854472406673734,0.17307692307692307,-0.17307692307692307,0.8198198198198198,4.0,0.6891540498390473,0.7142130569813621,65.0,3.6813063063063063,0.0,3.7759009009009006,-0.5596846846846847,2.0337837837837838,-0.33896396396396394,1.8483633589762534,0.6565993253156325,90.71252074792602,-1.0247747747747746,8.797297297297296,True,True
2024-10-09,2024,LONG,PM_LONG,29.26,2.625,3.6334745762711864,16.857142857142858,0.7854472406673734,0.04819277108433735,-0.04819277108433735,1.2309322033898304,4.0,0.8352607764006529,0.7303906790036061,240.0,6.9258474576271185,1.0,12.472457627118644,-5.1758474576271185,7.9491525423728815,-1.8834745762711864,4.300926530287558,0.2417032779611549,60.842430333905064,-0.5190677966101694,16.550847457627118,True,True
2024-10-10,2024,LONG,PM_LONG,-38.74,1.4107692307692308,4.447692307692307,23.214285714285715,0.8058702081357066,0.8761061946902655,0.8761061946902655,1.2169230769230768,3.0,0.6850911244584356,0.7980983142970184,145.0,4.964615384615384,1.0,7.592307692307692,0.30153846153846153,4.975384615384615,-0.09692307692307692,3.846043266503951,0.301385584464722,69.8229219606817,0.6138461538461538,6.558461538461538,False,False
2024-10-18,2024,LONG,ORB_LONG,-13.74,0.8972972972972973,2.637837837837838,23.125,1.0156757054067433,0.3644067796610169,-0.3644067796610169,1.2756756756756757,4.0,1.0808874881363824,1.1121371900662318,120.0,3.902702702702703,0.0,4.281081081081081,3.145945945945946,1.6108108108108108,-1.2432432432432432,0.9800160522761477,0.1611453117459786,67.12787035847902,-0.41081081081081083,6.52972972972973,False,False
2024-10-21,2024,SHORT,ORB_SHORT,-192.24,1.1661176470588235,2.846117647058824,37.94642857142857,0.6957813101589572,0.7277777777777777,-0.7277777777777777,1.1858823529411766,3.0,1.130653306143274,0.9772850390123283,100.0,3.458823529411765,1.0,5.356235294117647,,1.0145882352941178,-1.008,1.877772447186495,0.676282602737151,52.18095703928072,0.8367058823529412,5.303529411764706,False,False
2024-10-22,2024,LONG,PM_LONG,10.260000000000002,3.3147982062780272,1.1551569506726458,19.910714285714285,0.8045762059292668,0.0,0.0,1.5067264573991033,5.0,1.703165305245056,1.2375574650617016,250.0,7.5713004484304935,1.0,9.680717488789238,0.9165919282511211,6.69237668161435,-1.2807174887892376,3.2749460116910254,0.23168895369784015,73.98383467911631,1.0923766816143499,8.902242152466368,True,True
2024-10-23,2024,SHORT,ORB_SHORT,384.26,6.6953367875647665,1.516062176165803,34.464285714285715,0.7625543149441725,0.7956204379562044,0.7956204379562044,0.993782383419689,4.0,0.9552117612659676,0.8717679944095038,115.0,3.387564766839378,1.0,4.562694300518134,-1.7119170984455958,3.626943005181347,-0.1233160621761658,2.595985255549029,0.39297688019055077,45.777017268598605,-0.805181347150259,7.964766839378238,True,True
2024-10-24,2024,SHORT,ORB_SHORT,-233.24,0.3904382470119522,4.51792828685259,26.892857142857142,1.0100654529453825,0.8908296943231441,0.8908296943231441,2.1288180610889773,3.0,1.0447753702839304,1.3460667634252539,135.0,3.104913678618858,1.0,4.090305444887118,7.139442231075697,3.7742363877822047,-0.055776892430278883,2.450155218506924,0.09221465095810319,44.480208771698656,2.351925630810093,4.53652058432935,False,False
2024-10-25,2024,LONG,PM_LONG,-57.24,0.43336831059811126,5.942287513116474,34.035714285714285,0.8987404433199493,0.37640449438202245,-0.37640449438202245,1.3074501573976915,1.0,0.7031365041967309,0.8005780075628912,70.0,6.390346274921301,0.0,6.390346274921301,-7.448058761804827,5.031479538300105,-1.329485834207765,0.8414589218555689,0.6837141678396852,82.26028198073024,-1.8730325288562435,4.318992654774397,False,False
2024-10-28,2024,SHORT,MOM_SHORT,37.76,1.8267898383371826,0.3799076212471132,30.928571428571427,0.9915846213079589,0.3125,0.3125,1.5519630484988454,4.0,1.071678648626315,1.4597498415232548,90.0,3.2009237875288683,0.0,3.2009237875288683,,2.1016166281755195,-1.0427251732101617,0.5705873340295982,-0.07072585280554805,46.96585794504698,2.4087759815242493,7.153579676674365,False,True
2024-10-28,2024,SHORT,ORB_SHORT,-23.74,0.37775960752248566,2.2436631234668845,21.839285714285715,0.9915846213079589,0.8516129032258064,0.8516129032258064,1.7743254292722812,3.0,1.0823722190710279,0.9199002633090027,220.0,4.533115290269828,1.0,5.529026982829109,,5.185609157808667,-0.2632869991823385,2.3652315319020354,0.10985344800310329,39.8152689395093,-0.4578904333605887,10.130825838103025,False,False
2024-10-29,2024,LONG,PM_LONG,48.76,2.00145878920496,0.5922684172137126,24.482142857142858,0.8042461910785985,0.6285714285714286,0.6285714285714286,1.4296134208606857,5.0,1.1609286917928894,1.2071008527351106,210.0,6.9846827133479215,1.0,10.252370532458059,-1.776805251641138,6.514952589350838,-0.5105762217359592,4.4290518936536,0.3846474443960357,74.86336677189438,-0.21444201312910283,13.836615609044493,False,True
2024-10-30,2024,SHORT,MOM_SHORT,-37.739999999999995,2.4996900185988844,1.935523868567886,28.803571428571427,0.840217809801441,0.9146341463414634,0.9146341463414634,1.4234345939243647,5.0,0.9581267569887225,1.2050537095786722,80.0,5.433353998760075,0.0,5.433353998760075,6.882827030378178,1.0936143831370118,-3.029138251704898,0.10075634518718077,-0.39318647936819545,37.7009597242892,2.1872287662740235,12.65468071915685,False,False
2024-10-30,2024,SHORT,VWAP_SHORT,34.26,2.1994355597365947,1.211665098777046,18.982142857142858,0.840217809801441,0.616,0.616,1.6462841015992473,3.0,1.5106259278869616,1.0395222401492619,240.0,8.24459078080903,0.0,8.24459078080903,8.850423330197554,3.2530573847601127,-3.002822201317027,2.116195948381774,0.05255352019200711,30.218532875161188,1.3565380997177798,19.20225776105362,False,True
2024-10-31,2024,SHORT,ORB_SHORT,140.76,3.262056414922657,0.22292993630573246,54.95,0.8322974533854023,0.7553191489361702,-0.7553191489361702,1.2829845313921746,3.0,0.7288142965788004,0.951504206775105,45.0,4.549590536851683,0.0,4.549590536851683,-5.969062784349409,3.2529572338489534,-1.2374886260236577,0.4372007522982911,0.9630854713412039,21.023056786197245,-1.0100090991810737,7.402183803457689,True,True
2024-11-05,2024,LONG,PM_LONG,102.26,2.3296237413884473,0.5861155272919979,33.69642857142857,0.9293809938971229,0.7032967032967034,0.7032967032967034,1.350291467938527,3.0,1.078487482198235,0.7975842576932081,95.0,5.267620561738209,0.0,5.267620561738209,-2.010598834128246,4.221515633280339,-0.8903020667726551,1.0313354626394933,0.12264493631501176,71.5530968160942,1.3131955484896662,16.485426603073662,False,True
2024-11-06,2024,LONG,PM_LONG,-14.74,2.0979068197164077,1.8784604996623904,56.96153846153846,0.8499346120313863,0.12030075187969924,0.12030075187969924,0.5837272113436868,4.0,0.627686771714413,0.7665448961648484,60.0,3.133693450371371,0.0,3.133693450371371,-7.483119513841999,2.0101282916948007,-0.399392302498312,1.2513442835448705,0.2699777266690642,88.69535025813536,-0.9611748818365969,8.202903443619176,False,False
2024-11-07,2024,LONG,PM_LONG,81.76,3.2837209302325583,1.013953488372093,26.875,0.9763513513513514,0.9481481481481482,0.9481481481481482,1.255813953488372,3.0,0.9352558512639902,1.021726097430899,75.0,4.67906976744186,1.0,5.497674418604651,-8.009302325581395,5.386046511627907,-0.018604651162790697,2.4035578311794588,0.38300731249091347,91.15221977814537,2.5860465116279068,12.530232558139534,True,True
2024-11-11,2024,SHORT,ORB_SHORT,-75.24,1.6375,3.425,20.0,0.6146469049694856,0.6114285714285714,0.6114285714285714,2.1875,3.0,1.750050341406264,1.9127164503130596,210.0,6.8625,1.0,8.925,,7.5875,-0.85,3.5516748435296903,0.2760126125707757,26.561037424649797,0.2375,7.4875,False,False
2024-11-12,2024,SHORT,ORB_SHORT,-227.74,0.3520710059171598,5.788461538461538,24.142857142857142,0.7019556429585929,0.1310344827586207,-0.1310344827586207,1.5014792899408285,4.0,2.179463622652488,1.444556723468925,210.0,3.0340236686390534,1.0,8.180473372781066,-1.1183431952662721,5.933431952662722,-0.6834319526627219,4.727180227731018,0.5123935402519307,31.936762809996026,0.849112426035503,4.6079881656804735,False,False
2024-11-13,2024,SHORT,ORB_SHORT,-160.74,0.695364238410596,4.145695364238411,37.75,0.7796050822287003,0.4652777777777778,0.4652777777777778,0.9536423841059603,2.0,0.8394795325731401,0.977408818726184,65.0,3.370860927152318,0.0,3.370860927152318,1.5231788079470199,1.2317880794701987,-1.4503311258278146,0.3711415552732686,0.31236677216676245,21.548894793913718,-0.09933774834437085,3.7682119205298013,False,False
2024-11-14,2024,SHORT,OPEN_SHORT,49.26,3.0399579390115665,1.4721345951629863,33.964285714285715,0.9134811066497993,0.7032967032967034,0.7032967032967034,1.3396424815983174,2.0,0.7988632830648739,0.8801054885425472,85.0,3.952681388012618,0.0,3.952681388012618,0.9716088328075709,1.3838065194532072,-1.4794952681388012,0.33805235455118804,-0.06485460203305436,28.938591235460734,1.9726603575184016,9.06098843322818,True,True
2024-11-14,2024,SHORT,ORB_SHORT,48.26,1.6592592592592592,2.6237037037037036,24.107142857142858,0.9134811066497993,0.7457627118644068,0.7457627118644068,1.2237037037037037,4.0,1.344079761612137,1.0415873254658532,265.0,5.568888888888889,1.0,6.543703703703703,-1.2548148148148148,4.573333333333333,-0.43555555555555553,2.7233282241846557,0.08175325964984949,33.822357765186936,2.1985185185185183,12.765925925925925,False,True
2024-11-15,2024,SHORT,ORB_SHORT,112.76,4.407565588773642,0.1537522879804759,29.267857142857142,0.9976411212902518,0.04310344827586207,0.04310344827586207,0.9908480780964003,4.0,1.011089126756871,0.7479826564723794,135.0,6.543014032946919,1.0,8.738255033557047,-14.922513727882855,7.661989017693716,-0.5466748017083588,3.237148077676855,0.40833310293485603,18.282555919526658,1.221476510067114,6.056131787675412,True,True
2024-11-18,2024,LONG,PM_LONG,-64.24000000000001,0.9737283398546674,2.9211850195640023,34.40384615384615,0.962422513577267,0.9166666666666666,0.9166666666666666,1.2207937395192845,5.0,0.8327123834510536,1.1456978940190712,60.0,5.558971492453885,0.0,5.558971492453885,,3.89491335941867,-0.02179988820570151,3.4724340678220313,0.9285365131726286,92.72043106897019,1.5913918390162103,6.2493012856344325,False,False
2024-11-19,2024,LONG,PM_LONG,100.76,5.93239901071723,0.9810387469084914,21.660714285714285,0.7500275664351086,0.8790322580645161,-0.8790322580645161,1.4311624072547404,4.0,0.8626523666297292,0.9472217740011045,140.0,5.193734542456719,1.0,8.887056883759275,2.7930750206100576,6.555647155812037,-1.685078318219291,3.13242432123392,0.5373978180481526,75.83164153662406,-1.89282769991756,20.90189612530915,True,True
2024-11-19,2024,LONG,PM_LONG,-15.74,2.399164054336468,2.4723092998955067,17.089285714285715,0.7500275664351086,0.8076923076923077,0.8076923076923077,1.5214211076280042,3.0,0.9996102883865939,0.733768892224762,245.0,6.583072100313479,1.0,14.409613375130615,-1.579937304075235,13.429467084639498,-0.16091954022988506,7.672029931214516,0.4014753361704018,77.51188159424632,1.5360501567398117,26.493207941483803,False,False
2024-11-27,2024,SHORT,ORB_SHORT,68.26,2.2169042769857437,2.2026476578411405,35.07142857142857,0.7838927637314734,0.09821428571428571,-0.09821428571428571,0.7983706720977597,3.0,0.8569835058333028,0.7209463483012842,80.0,4.968431771894094,1.0,6.108961303462322,-4.305498981670062,5.232179226069246,-0.7769857433808555,2.0120885669909168,0.8468352723313077,20.64452519440745,-2.1812627291242364,5.232179226069246,False,True
2024-11-29,2024,LONG,PM_LONG,-4.24,1.1839080459770115,1.103448275862069,21.75,0.2902291692614274,0.6239316239316239,0.6239316239316239,1.3448275862068966,5.0,0.9278279244103387,0.895796226205054,100.0,7.724137931034483,1.0,8.67816091954023,-3.8045977011494254,7.390804597701149,-0.10344827586206896,3.4356836167339107,0.5332759652641701,87.17206339880525,2.3333333333333335,5.689655172413793,False,False
2024-12-02,2024,LONG,PM_LONG,104.26,2.0640569395017794,1.309608540925267,35.125,0.691700888864553,0.3333333333333333,-0.3333333333333333,0.8540925266903915,3.0,0.702838689949453,0.8433300725943469,65.0,4.93950177935943,0.0,5.0462633451957295,,4.106761565836299,-0.47686832740213525,1.1457089142154262,0.44939253449506705,72.25298956426506,-0.021352313167259787,8.562277580071175,False,True
2024-12-04,2024,LONG,PM_LONG,-17.240000000000002,1.5688135593220338,1.3484745762711863,28.365384615384617,0.6045999779905359,0.6507936507936508,0.6507936507936508,1.1105084745762712,4.0,0.6587749672670443,0.8731350531561214,60.0,3.1552542372881356,0.0,3.1552542372881356,-6.636610169491525,2.0888135593220336,-0.017627118644067796,1.7422693553297006,0.482490394008632,36.199821342034696,0.11457627118644068,6.566101694915254,False,False
2024-12-04,2024,LONG,PM_LONG,60.760000000000005,2.964234620886981,1.7224606580829755,12.482142857142858,0.6045999779905359,0.8192771084337349,0.8192771084337349,1.6623748211731044,4.0,1.182812312234983,0.77161673096119,260.0,7.170243204577968,1.0,8.672389127324749,-15.682403433476395,5.347639484978541,-0.9413447782546495,2.6588948337374623,0.08125064594683454,55.64414626924441,3.765379113018598,14.921316165951358,True,True
2024-12-05,2024,SHORT,ORB_SHORT,-54.74,1.2845117845117844,3.146464646464646,21.214285714285715,0.5311638168781027,0.823076923076923,0.823076923076923,1.531986531986532,2.0,0.8144984984233967,0.8862053839660581,75.0,2.557239057239057,0.0,2.557239057239057,5.314814814814815,1.6144781144781144,-0.1531986531986532,1.0126411902243178,0.1169096681728676,23.529539882679316,0.5420875420875421,5.373737373737374,False,False
2024-12-05,2024,SHORT,ORB_SHORT,-9.74,1.0731132075471699,2.2617924528301887,15.142857142857142,0.5311638168781027,0.7473118279569892,0.7473118279569892,3.0707547169811322,4.0,2.466275826740281,2.112346371074567,230.0,3.582547169811321,1.0,5.712264150943397,6.71933962264151,2.9882075471698113,-0.5778301886792453,2.3488448655348035,-0.004271673319790181,28.72214049794033,3.681603773584906,7.528301886792453,False,False
2024-12-06,2024,LONG,PM_LONG,-44.24,1.1501014198782962,2.1156186612576064,17.607142857142858,0.585608489001879,0.6989247311827957,0.6989247311827957,1.3204868154158214,4.0,1.3040012307175923,1.085143132202622,215.0,9.115618661257606,1.0,9.711967545638945,-4.628803245436106,8.987829614604463,-0.38336713995943206,2.6190471376961737,0.13888271228468982,63.361320334902906,0.48275862068965514,5.168356997971602,False,False
2024-12-09,2024,SHORT,ORB_SHORT,75.12,3.0337477797513324,1.2930728241563056,30.160714285714285,0.6163131956365246,0.46113989637305697,0.46113989637305697,1.5997631734754294,5.0,1.7824293546854577,1.4363649931144893,65.0,3.4481941977501482,1.0,4.625222024866785,,2.867969212551806,-0.6299585553582001,2.310629427874741,0.7150667275273784,60.0247296042406,1.541740674955595,8.222616933096507,True,True
2024-12-10,2024,LONG,PM_LONG,-385.74,0.1403174603174603,6.520634920634921,30.28846153846154,0.7362154342625048,0.35658914728682173,0.35658914728682173,1.0647619047619048,3.0,0.7132267097428949,0.9868836576137946,60.0,3.351111111111111,0.0,3.351111111111111,2.500952380952381,1.337142857142857,-1.106031746031746,0.4273594694635609,0.4017399165737775,72.78476274057198,-1.6095238095238094,4.275555555555555,False,False
2024-12-11,2024,LONG,PM_LONG,28.76,2.015525758645025,0.8595624558927312,25.303571428571427,0.73678334170714,0.57,0.57,0.9880028228652082,4.0,0.6836949399492896,0.7250911074199866,115.0,6.4516584333098095,1.0,7.528581510232887,-6.184897671136204,6.8369795342272415,-0.009880028228652082,3.049850577574005,0.34237532875411153,71.16524595644842,-1.0077628793225124,14.286520818630912,False,True
2024-12-16,2024,LONG,PM_LONG,118.76,3.950837988826816,0.9005586592178771,34.42307692307692,0.9471285323609845,0.5845070422535211,0.5845070422535211,1.0312849162011175,3.0,0.9821383685739853,1.038122142295483,60.0,3.544134078212291,0.0,3.544134078212291,,3.3770949720670393,-0.06536312849162011,1.8084839363849652,0.45873003514207494,81.63171572071897,3.0430167597765365,9.891620111731845,True,True
2024-12-23,2024,LONG,PM_LONG,81.76,2.7822698490014615,0.8865075499269363,36.660714285714285,1.6831683168316833,0.8108108108108109,0.8108108108108109,1.7661958110082807,3.0,1.0328612378333413,0.779592431161644,130.0,5.44179249878227,0.0,5.605455431076473,,1.520701412566975,-0.17730150998538724,2.383855956981585,0.1577438818099819,68.29086284224141,0.4364344861178763,5.925962006819289,True,True
2024-12-24,2024,LONG,PM_LONG,297.76,4.261437908496732,1.411764705882353,19.125,1.1831393665682357,0.5644171779141104,-0.5644171779141104,2.130718954248366,2.0,0.9844221515373951,0.9701956180098207,140.0,7.42483660130719,1.0,10.235294117647058,-10.013071895424837,7.4640522875816995,-1.3725490196078431,2.8569288787390548,0.4417866273936085,68.4477181195651,-0.8758169934640523,5.686274509803922,True,True
2024-12-26,2024,LONG,PM_LONG,-52.24,1.9193548387096775,2.6870967741935483,22.142857142857142,0.8891053048297703,0.7818181818181819,0.7818181818181819,1.2419354838709677,4.0,0.8863999140497896,0.7522650330064446,130.0,6.232258064516129,1.0,7.496774193548387,,3.206451612903226,-0.1806451612903226,2.857298514065206,0.2435241161254629,63.98790770075998,2.7435483870967743,9.235483870967743,False,False
2024-12-26,2024,LONG,PM_LONG,52.76,1.246928746928747,0.9975429975429975,29.071428571428573,0.8891053048297703,0.44329896907216493,0.44329896907216493,0.8341523341523341,3.0,0.7939558804479874,0.7432857075707379,245.0,4.746928746928747,1.0,7.034398034398034,,2.0896805896805897,-1.8144963144963144,1.1646282427817638,0.10359472482642476,50.6378410940139,-0.29238329238329236,7.034398034398034,False,True
2025-01-15,2025,LONG,PM_LONG,-57.24,1.212514307516215,2.900419687142312,46.80357142857143,1.4142325476485846,0.03076923076923077,0.03076923076923077,1.041587180465471,2.0,0.7312635127727842,0.9089971306529392,65.0,4.743227775658146,0.0,4.743227775658146,-5.400228920259443,2.772224341854254,-0.5661961083555894,1.1470292398234887,0.5516265384638999,48.419826098987656,-0.9614650896604349,11.521556657764211,False,False
2025-01-22,2025,LONG,PM_LONG,1.7599999999999998,1.7003636363636365,1.8836363636363638,24.553571428571427,0.9792749072223808,0.7840909090909091,0.7840909090909091,0.896,4.0,0.8839745811669556,0.8000283875654114,115.0,5.477818181818182,1.0,6.139636363636364,-11.413818181818183,5.620363636363637,-0.04072727272727273,2.2062722123366867,0.19908388927307996,62.474984968164115,1.445818181818182,5.936,False,True
2025-01-23,2025,LONG,PM_LONG,-3.24,0.8970482361411087,2.4895608351331897,24.803571428571427,0.71840175529765,0.2,0.2,1.4614830813534918,4.0,0.9179132344865459,1.1155259497840568,135.0,2.338372930165587,1.0,4.394528437724983,5.3218142548596115,2.9431245500359973,-0.5241180705543557,1.8927145247164356,0.2710576100650861,69.29146177464995,-0.8970482361411087,8.204463642908568,False,False
2025-01-28,2025,LONG,PM_LONG,4.26,2.660614525139665,1.340782122905028,59.666666666666664,1.7768942937324603,0.6051282051282051,0.6051282051282051,0.8170391061452514,4.0,0.7209847700987557,0.9327587072346956,55.0,5.371508379888269,0.0,5.371508379888269,-0.8254189944134078,2.761173184357542,-0.2346368715083799,2.866306981864137,1.0459372370188253,43.37679715224291,0.029329608938547486,6.050279329608939,True,True
2025-01-29,2025,SHORT,ORB_SHORT,-262.24,0.23756582796957285,6.373317729666471,30.517857142857142,1.130729653882133,0.7886497064579256,0.7886497064579256,4.186073727325922,4.0,2.4411362952330236,2.661158410819949,210.0,4.120538326506729,1.0,7.806904622586308,7.331772966647162,7.053247513165594,-0.5406670567583383,4.129366552524532,0.22144642365330583,25.836901165295828,3.342305441778818,6.283206553540082,False,False
2025-01-31,2025,LONG,PM_LONG,0.2599999999999998,1.5326035221323178,9.388862446454068,37.517857142857146,1.3762862488306828,0.8,-0.8,0.8995716325559256,3.0,0.8553115477566461,0.7535245293437559,70.0,4.471204188481675,0.0,4.65111851499286,-4.25130890052356,3.5716325559257496,-0.806282722513089,1.2329262819111975,0.5180904183689199,45.32435800053812,0.35982865302237027,2.2922417896239886,False,True
2025-02-03,2025,LONG,PM_LONG,83.22,1.8753894080996885,0.49221183800623053,80.25,1.429022450888681,0.268,0.268,0.778816199376947,3.0,1.6233181422033247,1.162598525298754,60.0,3.370716510903427,0.0,3.370716510903427,,1.9190031152647975,-0.17757009345794392,1.5762734668221647,0.16346172658299354,83.49798316969964,3.8348909657320873,7.492211838006231,False,True
2025-02-04,2025,LONG,PM_LONG,77.36,3.253399258343634,0.00865265760197775,28.892857142857142,1.7076707202993453,0.12048192771084337,-0.12048192771084337,0.7181705809641533,2.0,0.8186315468374913,0.7352289818329085,215.0,8.946847960444995,0.0,10.028430160692213,-2.284301606922126,5.684796044499382,-3.7639060568603213,-0.4574182425879858,-0.014510780616511006,51.52198550293689,-0.9258343634116193,13.281829419035846,True,True
2025-02-05,2025,LONG,PM_LONG,-21.74,1.2883939038686987,1.0339976553341148,30.464285714285715,0.9835776090411442,0.7723577235772358,0.7723577235772358,1.0093786635404454,5.0,1.0239786895295555,0.9865791040654476,140.0,3.545134818288394,1.0,6.852286049237984,-0.2626025791324736,4.997655334114889,-0.2297772567409144,4.09343077040589,0.4577662981419319,78.49218610818406,-0.4595545134818288,12.391559202813598,False,False
2025-02-06,2025,LONG,PM_LONG,-67.74000000000001,1.1285231116121759,2.6820744081172494,34.11538461538461,0.936964795432921,0.3409090909090909,0.3409090909090909,0.967305524239008,2.0,0.912835237119191,0.8118119161466002,60.0,3.2683201803833146,0.0,3.2683201803833146,-0.9966178128523112,0.7767756482525366,-1.3556933483652762,0.265629439865098,0.3847297182341395,60.43843945518391,-2.601465614430665,5.664599774520857,False,False
2025-02-06,2025,LONG,PM_LONG,-116.24,1.3852065321805955,5.608069164265129,18.589285714285715,0.936964795432921,0.09322033898305085,-0.09322033898305085,1.5869356388088376,2.0,1.1314617943478733,0.7145555773352977,220.0,5.9980787704130645,0.0,5.9980787704130645,-2.514889529298751,2.111431316042267,-1.8021133525456292,1.405816635178637,0.10798072339584433,58.159740161836645,-1.0893371757925072,10.395773294908741,False,False
2025-02-11,2025,LONG,PM_LONG,49.76,2.224864864864865,0.7113513513513514,16.517857142857142,0.6707204275290329,0.8943089430894309,0.8943089430894309,1.8616216216216217,3.0,0.9536991171071418,0.8660094653789787,240.0,9.02054054054054,0.0,10.352432432432433,5.448648648648649,5.902702702702703,-4.0864864864864865,0.5850475159145552,-0.08830923986422981,58.524877313674125,1.5135135135135136,9.792432432432433,False,True
2025-02-13,2025,LONG,PM_LONG,210.26,3.7306590257879657,1.4441260744985673,31.160714285714285,1.074676077380799,0.43283582089552236,0.43283582089552236,1.0750716332378223,3.0,1.6434842834632333,0.7779707844835512,255.0,5.182808022922636,0.0,7.156446991404012,-4.220057306590258,3.2492836676217767,-2.8080229226361033,0.5579968747952726,-0.018458460621955407,44.96787806784832,-0.8263610315186247,12.7243553008596,True,True
2025-02-14,2025,LONG,PM_LONG,-86.74,2.0408719346049047,2.346049046321526,26.214285714285715,1.0775611138301433,0.5275590551181102,0.5275590551181102,1.2111716621253406,2.0,0.7503940899138233,0.7015406872050933,80.0,2.746594005449591,0.0,2.746594005449591,-1.1253405994550407,1.70708446866485,-0.25749318801089915,1.077840583335338,0.05825633216971735,46.09815872610689,2.2029972752043596,4.5585831062670295,False,False
2025-02-14,2025,LONG,PM_LONG,18.76,2.7419689119170982,0.8559585492227979,17.232142857142858,1.0775611138301433,0.0945945945945946,0.0945945945945946,1.0735751295336786,4.0,1.246550458640358,0.7502661709337982,210.0,4.178238341968912,0.0,4.860103626943005,-2.0746113989637305,2.9595854922279794,-0.7108808290155441,1.775427043936945,0.054664550551335164,59.488627481853804,0.0,6.934715025906735,True,True
2025-02-19,2025,SHORT,ORB_SHORT,-215.74,0.0438871473354232,4.88025078369906,28.482142857142858,0.9164799120750795,0.593103448275862,0.593103448275862,1.2727272727272727,2.0,0.8982986697683865,1.085199383248695,85.0,3.6338557993730407,0.0,3.6338557993730407,2.027586206896552,1.6413793103448275,-1.5009404388714733,0.3037118483130049,-0.10413550551373842,34.20228246052871,2.30846394984326,4.151724137931034,False,False
2025-02-24,2025,SHORT,ORB_SHORT,129.26,1.8565022421524664,1.3281695882592743,68.13888888888889,1.3324060001889013,0.8566978193146417,-0.8566978193146417,1.1777415409702405,3.0,1.287132188234642,1.0163884673748103,40.0,5.3567060741948636,0.0,5.3567060741948636,,2.6746840603342847,-1.9665715450468815,0.6657493984187679,1.6308565740000647,14.849274883624659,-2.15002038320424,6.55279249898084,False,True
2025-02-25,2025,SHORT,ORB_SHORT,93.78,2.170289855072464,2.050724637681159,69.0,1.3810909902715884,0.6816901408450704,0.6816901408450704,1.286231884057971,3.0,0.9372397460407726,0.8824077871723607,40.0,5.355072463768116,0.0,3.8043478260869565,-3.88768115942029,3.63768115942029,-0.07608695652173914,1.9571981935306226,1.1373766551592595,56.14068150279498,0.9782608695652174,3.670289855072464,False,True
2025-02-25,2025,SHORT,ORB_SHORT,216.28,1.8686207799005494,2.3998953153624702,68.23214285714286,1.3810909902715884,0.7346153846153847,-0.7346153846153847,0.9526302015179272,3.0,0.9366939280843501,0.9758973627200437,65.0,5.415336299398063,0.0,5.415336299398063,-4.257524208322429,4.004710808688825,-1.3190264328709762,1.250763623394641,1.2281462572131367,54.17718078454973,-2.9238419261973303,3.7115938236063855,False,True
2025-02-26,2025,LONG,ORB_LONG,99.26,1.5453120100344937,4.513013483850737,56.94642857142857,1.6646660312717343,0.205,0.205,0.8780181875195987,3.0,0.8759268955543921,0.786427673224067,65.0,3.222326748196927,0.0,3.222326748196927,1.330197554092192,1.4619002822201317,-0.8824082784571966,0.6811971681867189,0.4006840217877061,84.68590814601416,-0.6848541862652869,3.946691752900596,False,True
2025-02-28,2025,LONG,MOM_LONG,181.26,2.126086956521739,1.8608695652173912,57.5,2.0019748761409204,0.1794871794871795,0.1794871794871795,1.017391304347826,5.0,0.9917645404132888,1.0764843483856315,250.0,5.521739130434782,0.0,5.521739130434782,12.81304347826087,0.9304347826086956,-2.3217391304347825,0.13480285762710517,-0.14609030070385653,57.89984681864335,0.19130434782608696,2.273913043478261,False,True
2025-03-03,2025,SHORT,ORB_SHORT,89.52,5.099367088607595,1.869620253164557,56.42857142857143,2.117616753818809,0.22084367245657568,-0.22084367245657568,1.7854430379746835,3.0,1.0421797106217876,1.1341403432490398,255.0,6.397468354430379,1.0,8.29367088607595,,6.051898734177215,-1.089873417721519,3.024002454479811,0.3305037495796476,32.02952242224973,-2.033544303797468,11.248734177215189,True,True
2025-03-04,2025,SHORT,ORB_SHORT,94.68,1.0808231434536235,4.700268416343573,104.78125,2.303877907574252,0.4036144578313253,0.4036144578313253,0.792126453921861,5.0,0.7900302837908655,0.7793311916561763,35.0,3.380852967491798,0.0,2.5099910527885476,-1.2263644497464956,1.4649567551446465,-0.2099612287503728,1.04119478589167,0.3528569012191069,75.35938740780543,0.5893229943334327,3.1804354309573517,False,True
2025-03-05,2025,SHORT,MOM_SHORT,93.78,1.32571566033197,4.077700264613904,94.47727272727273,2.507968601332065,0.3785900783289817,0.3785900783289817,1.0134712533076737,3.0,0.8636290876905548,0.9776447744633636,50.0,2.397401972576377,0.0,2.397401972576377,2.799615107048352,0.8573490497955255,-0.7409189319220592,0.5522519471735086,-0.05070274418952259,22.871785925173455,2.5402934808756314,2.8393071926870337,False,True
2025-03-05,2025,SHORT,VWAP_SHORT,-407.24,0.11394891944990176,6.086444007858546,63.625,2.507968601332065,0.592,-0.592,1.9646365422396856,1.0,1.0644707657009942,1.1786588213519393,145.0,3.5599214145383105,0.0,4.428290766208251,4.12573673870334,1.3045186640471513,-1.9371316306483302,0.3172082861066404,0.24240540599000818,44.63203468618002,-2.7151277013752457,4.216110019646365,False,False
2025-03-07,2025,SHORT,ORB_SHORT,534.02,2.230769230769231,4.018461538461539,81.25,2.1853367633302154,0.3191489361702128,-0.3191489361702128,0.8676923076923077,3.0,1.135795036833656,0.9494715305052333,70.0,3.8892307692307693,0.0,4.366153846153846,-0.683076923076923,1.1076923076923078,-0.7353846153846154,1.771980900298043,0.58204744650548,27.617738728441722,0.6861538461538461,3.0,False,True
2025-03-10,2025,SHORT,ORB_SHORT,237.26,5.177001127395716,0.5652010522360015,83.15625,2.381600184459304,0.12716763005780346,0.12716763005780346,0.5201052236001503,4.0,0.9144182407837161,0.7396885355288902,35.0,3.3701615933859452,0.0,2.53739195791056,,2.15858699736941,-0.13528748590755355,1.1982167526652245,0.3961713219933668,58.24076447144049,-0.14130026305900037,12.178880120255544,True,True
2025-03-10,2025,SHORT,ORB_SHORT,85.68,4.695811903012491,1.080088170462895,48.607142857142854,2.381600184459304,0.3229166666666667,-0.3229166666666667,0.9875091844232183,3.0,1.3260462199494962,0.8811442781409812,220.0,5.765613519470977,1.0,9.19617927994122,,7.853783982365908,-0.9257898603967671,3.3141041592349296,0.28590763958415133,40.266364037833824,1.0183688464364438,20.835415135929466,True,True
2025-03-11,2025,LONG,MOM_LONG,-813.24,1.8822269807280514,2.284796573875803,116.75,2.0707862577818767,0.8938906752411575,0.8938906752411575,1.3319057815845825,3.0,0.8365981997821678,0.8851511632386855,95.0,2.569593147751606,0.0,2.982869379014989,3.71948608137045,0.4089935760171306,-1.2483940042826553,0.3842365934828666,-0.2191516849755724,71.41344774281566,-0.4989293361884368,1.5546038543897216,False,False
2025-03-12,2025,SHORT,ORB_SHORT,-407.24,0.6640461215932915,4.219077568134172,68.14285714285714,2.6609041796986066,0.5737704918032787,0.5737704918032787,0.8951781970649896,4.0,0.9025797192559504,0.9005168777825254,90.0,3.4743186582809225,1.0,5.114255765199162,3.511006289308176,3.760482180293501,-0.17610062893081763,2.7303265944703425,0.5712086697801266,41.03907513642966,0.6236897274633124,5.895702306079665,False,False
2025-03-13,2025,SHORT,ORB_SHORT,120.76,2.289391086001255,1.7664783427495292,56.892857142857146,1.917088427637191,0.8181818181818182,0.8181818181818182,1.3534212178279974,3.0,1.0116688110307077,0.9403804004370864,125.0,4.446955430006277,1.0,5.158819836785939,-1.7445072190834903,4.886377903327055,-0.21531701192718142,2.655089903445447,0.27893755761100075,26.740638531505155,1.5819209039548021,5.879472693032015,False,True
2025-03-14,2025,LONG,PM_LONG,183.26,2.456336528221512,0.5218317358892439,67.07142857142857,1.907395933081733,0.5828402366863905,0.5828402366863905,1.2598509052183173,4.0,0.842333108392009,0.9753070607736243,65.0,2.8998935037273696,0.0,2.8998935037273696,0.43610223642172524,1.2337593184238551,-1.08839190628328,0.3108452275342222,-0.3038002615450888,76.09680200324607,0.134185303514377,2.4414270500532482,False,True
2025-03-14,2025,LONG,PM_LONG,-27.24,1.15702479338843,1.9360881542699726,32.410714285714285,1.907395933081733,0.24742268041237114,-0.24742268041237114,1.4964187327823693,3.0,1.0247981264179942,0.843337485549392,210.0,6.001101928374656,1.0,8.685399449035813,-3.0236914600550966,6.479338842975207,-1.0104683195592288,2.8403699730912586,0.2728275030550384,62.7858758957083,-1.6275482093663913,5.0523415977961434,False,False
2025-03-17,2025,LONG,MOM_LONG,309.76,5.927116827438371,0.39013933547695606,33.32142857142857,1.35057824459467,0.6377952755905512,0.6377952755905512,0.9528403001071812,4.0,0.96907111349091,0.7287625641405127,235.0,4.921757770632369,0.0,6.587352625937835,,1.7706323687031083,-2.5884244372990355,1.0004333186729515,-0.013377120480319938,65.29365400338563,0.5101822079314041,9.108252947481244,True,True
2025-03-18,2025,SHORT,ORB_SHORT,-146.24,0.46838235294117647,3.2014705882352943,48.57142857142857,1.3358254756458183,0.6915584415584416,0.6915584415584416,1.585294117647059,4.0,0.8937377642306643,0.924421309625262,90.0,5.3375,1.0,5.919117647058823,-4.215441176470589,5.522794117647059,-0.36544117647058827,1.934830494696411,0.2160449870625384,15.981797122510471,-0.2058823529411765,7.540441176470589,False,False
2025-03-19,2025,LONG,PM_LONG,-68.74000000000001,7.213134328358209,5.349253731343284,29.910714285714285,1.4489761758634159,0.6330935251798561,0.6330935251798561,1.1617910447761195,5.0,1.0778261443081387,0.9462303060667604,140.0,6.394029850746269,1.0,7.639402985074627,-0.8859701492537314,4.513432835820896,-0.3928358208955224,3.1509354749876564,0.30412774091176414,67.53303305125696,0.6770149253731343,14.376119402985076,True,False
2025-03-24,2025,LONG,PM_LONG,119.76,1.6347695390781563,0.534068136272545,38.38461538461539,1.4137527187552283,0.3111111111111111,-0.3111111111111111,0.8792585170340681,3.0,0.6218479961652986,0.8666038038074342,60.0,3.2174348697394786,0.0,3.2174348697394786,,1.8887775551102204,-0.6122244488977956,0.8593643065030186,0.35664874236872507,86.4034938385854,-0.6447895791583166,7.262024048096192,False,True
2025-03-25,2025,LONG,PM_LONG,-32.239999999999995,0.9098671726755218,1.6005692599620491,37.642857142857146,0.806090011711561,0.8702290076335878,0.8702290076335878,0.8700189753320683,3.0,0.7568094537894335,0.7198618513115194,65.0,2.490512333965844,1.0,2.7229601518026563,-1.4079696394686907,1.613851992409867,-0.07305502846299809,1.3870075706793352,0.32883931724614457,56.634011275680216,0.2988614800759013,6.50189753320683,False,False
2025-03-26,2025,SHORT,ORB_SHORT,325.26,7.997532387415175,0.8291178285009253,28.946428571428573,0.763816853493949,0.4246575342465753,0.4246575342465753,1.2609500308451573,2.0,0.9418430430453835,0.9307700901489304,115.0,8.6020974706971,0.0,8.6020974706971,-3.100555212831585,5.75200493522517,-1.6150524367674275,2.0997204630282376,0.22801360561045814,53.51795810841557,1.7791486736582356,17.12646514497224,True,True
2025-04-01,2025,LONG,MOM_LONG,559.02,3.5787164015359294,0.39166209544706526,65.10714285714286,1.6659680088251516,0.64,0.64,1.3439385628085572,3.0,0.9632669994394941,1.0987020905599487,65.0,3.0872188699945142,0.0,3.0872188699945142,1.2172243554580362,0.45693911135490944,-0.7986834887547998,0.662476340393742,-0.34174230292496166,69.8617928358169,1.351618211738892,5.8634119583104765,True,True
2025-04-02,2025,LONG,PM_LONG,333.76,4.795863909272849,1.027351567711808,53.535714285714285,1.507868383404864,0.6529680365296804,0.6529680365296804,1.0226817878585723,2.0,0.6668621877772266,0.7020742458785234,85.0,5.8232154769846565,1.0,6.0333555703802535,0.1867911941294196,5.701801200800534,-0.12608405603735823,1.665846935821085,0.32780080591589583,87.19136663894592,1.1674449633088726,14.485657104736491,True,True
2025-04-03,2025,SHORT,ORB_SHORT,279.76,1.871582643591673,1.8926511161274142,71.19642857142857,1.5216590859865713,0.30666666666666664,0.30666666666666664,0.7900677200902935,4.0,0.8434178071726366,0.8939863828435531,70.0,3.0619513418610484,1.0,3.3920240782543267,-6.510158013544018,0.9867067970905443,-0.2949586155003762,1.3413816356099968,0.4210496475542512,36.03900835789274,1.2009029345372462,9.196388261851016,False,True
2025-04-04,2025,SHORT,ORB_SHORT,-813.24,1.5728482398517771,4.067710965133906,106.01785714285714,1.772818827520407,0.9464944649446494,0.9464944649446494,1.2780865757116389,4.0,0.9512089616801659,1.1709217310108748,75.0,3.5159171298635674,1.0,5.043961596766044,-8.951322216607714,4.124305204648813,-0.016506653191847735,2.9182033178248714,0.7143767716669935,12.342915799101348,0.20043793161529394,8.074111504126664,False,False
2025-04-07,2025,LONG,PM_LONG,-407.24,0.24569169960474307,1.7345981554677206,338.8392857142857,3.177636754602192,0.8568281938325991,0.8568281938325991,1.004901185770751,4.0,0.666214732054054,0.7107508532423209,80.0,4.97802371541502,0.0,4.97802371541502,,2.3919894598155467,-1.8349407114624505,1.1068242539953497,0.08737713247429327,56.16221067043531,2.4480632411067194,4.1457707509881425,False,False
2025-04-07,2025,LONG,PM_LONG,38.46,0.8047798742138365,1.8860377358490565,141.96428571428572,3.177636754602192,0.043532338308457715,0.043532338308457715,1.4158490566037736,4.0,1.0089559768205956,0.7707176119402985,255.0,11.881509433962263,0.0,11.881509433962263,,5.4908176100628925,-4.597987421383648,2.198129856778981,0.1235090918605122,63.65163116596583,0.4561006289308176,9.895094339622641,False,True
2025-04-08,2025,LONG,PM_LONG,-407.24,0.6340508806262231,10.804025719876991,99.36111111111111,5.649589525096124,0.3192771084337349,-0.3192771084337349,0.8353368744758177,4.0,0.8494713852804039,0.769934387448218,40.0,2.968968409281521,0.0,2.6922001677383283,0.6642437797036622,1.461839530332681,-0.3572826390830305,0.9994349853103229,0.5988455129942275,23.90346689229372,-0.7045009784735812,13.403131115459882,False,False
2025-04-09,2025,LONG,PM_LONG,51.26,17.962119832453105,0.900018211619013,98.05357142857143,3.088731235862636,0.41705069124423966,-0.41705069124423966,1.106537971225642,2.0,0.7365999137384556,0.7841257063484548,120.0,4.089601165543617,0.0,4.089601165543617,10.234201420506283,1.4889819704971772,-2.483336368603169,-0.4462912577630538,-0.022054614755813703,67.09583810852696,-1.7184483700600983,27.02094336186487,True,True
2025-04-09,2025,LONG,PM_LONG,593.76,19.211542730299666,1.849056603773585,80.44642857142857,3.088731235862636,0.8960573476702509,-0.8960573476702509,1.7340732519422863,3.0,1.3741888310026504,0.8363195544148966,215.0,4.984683684794673,0.0,6.320976692563818,9.792230854605993,4.496781354051055,-1.681243063263041,1.9431461265717647,0.207238211955363,63.70905146742976,-0.1895671476137625,32.93496115427303,True,True
2025-04-10,2025,SHORT,ORB_SHORT,199.76,6.319983569521463,2.3318956664612855,86.94642857142857,4.48682434121706,0.7094017094017094,0.7094017094017094,0.6728280961182994,4.0,0.9297786304801114,0.8516999685232064,115.0,3.545286506469501,1.0,4.658040665434381,14.62394742246868,3.717806531115219,-0.011501334976381188,2.451449184080303,0.33999574638795527,28.16416098748222,1.4002875333744096,12.815362497432737,True,True
2025-04-11,2025,LONG,PM_LONG,75.96,2.055754899254761,2.2489649461772014,64.69642857142857,3.657006673021926,0.055900621118012424,0.055900621118012424,1.2442727021805133,3.0,1.0567092293251057,0.9106952862085543,210.0,5.842671818934585,1.0,8.002760143527464,2.0325696936240685,5.027325420921888,-0.7341981783052719,3.579653228614686,0.42910236691075193,70.92116043891079,-2.3262489649461773,7.388352194314105,False,True
2025-04-11,2025,LONG,PM_LONG,-11.74,0.0994956441999083,1.7620357634112793,77.89285714285714,3.657006673021926,0.4518950437317784,0.4518950437317784,1.1008711600183403,3.0,1.2800414650735754,0.8005550066397522,260.0,4.852819807427785,1.0,7.744612563044475,0.30490600641907384,5.558917927556167,-0.3241632278771206,3.9197977748551835,0.2761946404213737,70.89449160592463,0.5680880330123796,6.13663457129757,False,False
2025-04-15,2025,LONG,PM_LONG,-34.739999999999995,0.2874103388572842,2.569379173880782,72.19642857142857,1.634837069982754,0.739240506329114,0.739240506329114,1.3677961909473164,2.0,0.8494659333086612,0.880747617726566,70.0,3.033391046252783,0.0,3.033391046252783,2.5659163987138265,1.1496413554291367,-1.0353697749196142,0.4317522720663147,-0.3949741972756198,74.69846914516742,3.0610932475884245,5.592381894632699,False,False
2025-04-16,2025,SHORT,ORB_SHORT,327.26,12.20921802175039,1.2252718798549975,34.482142857142854,1.2975678908430424,0.1488095238095238,0.1488095238095238,1.2180217503883999,3.0,0.7743533037969361,0.78188611120497,210.0,4.9083376488865875,0.0,6.539616778871052,-9.570170895908856,0.8772656654583119,-1.2977731745209737,1.5979542084874478,0.10443591242532221,44.315602410801475,-0.9207664422578975,14.935266701191095,True,True
2025-04-21,2025,SHORT,ORB_SHORT,-52.24,1.724578733294596,0.8948285880302149,30.732142857142858,1.4098924731182796,0.6268656716417911,0.6268656716417911,2.1801278326554328,4.0,1.3496021796392008,1.2842602860112386,210.0,8.720511330621731,1.0,13.650203370133642,,12.226612434631027,-0.21963974433468914,5.8090956256028194,0.42569614297884273,26.617821072442297,2.578733294596165,12.771644392794887,False,False
2025-04-22,2025,LONG,PM_LONG,250.76,4.821867881548975,2.9084282460136675,39.19642857142857,0.9805591397849461,0.14814814814814814,0.14814814814814814,1.033257403189066,4.0,0.872240651063921,0.8648834686674436,80.0,5.242824601366743,1.0,6.03371298405467,-4.050113895216401,4.394533029612757,-0.31252847380410026,2.1943040048057565,0.5989730455928031,90.31501836834899,-0.18496583143507975,21.188154897494307,True,True
2025-04-23,2025,LONG,PM_LONG,-407.24,0.3026283468435274,4.608204372390076,72.69642857142857,1.1159746717096597,0.6054421768707483,-0.6054421768707483,0.505526897568165,1.0,0.7397146790443818,0.7101351337721467,80.0,3.1775976418570377,0.0,3.4217636944239747,-7.820191599115697,1.8295259150085974,-1.152051093097519,0.3754735375985579,0.28643902750940375,60.35254223250498,-1.6438221567182512,4.0063866371898795,False,False
2025-04-24,2025,LONG,PM_LONG,87.26,2.4787644787644787,0.7876447876447876,32.375,1.5992186504734809,0.7625,0.7625,1.2355212355212355,2.0,0.9092004280257666,0.7016945710943902,230.0,9.513513513513514,1.0,13.35135135135135,-2.4555984555984556,11.420849420849422,-1.0347490347490347,3.8694598972824363,0.3378541677524776,60.98678230251418,0.4015444015444015,26.934362934362934,False,True
2025-04-25,2025,LONG,PM_LONG,-21.24,0.34686854783207155,5.75223675154852,25.946428571428573,0.9146035925092361,0.620253164556962,-0.620253164556962,1.522367515485203,4.0,1.3144729163350841,1.0892177649648322,240.0,6.60013764624914,1.0,12.3331039229181,-7.130075705437027,8.527185134205093,-1.194769442532691,6.3612660892029815,0.5996384093152666,70.98975730780944,-1.6187198898830006,10.868547832071576,False,False
2025-05-01,2025,LONG,PM_LONG,161.8,1.7653160453808752,2.1555915721231766,55.089285714285715,1.2105702596643568,0.7218543046357616,0.7218543046357616,0.6852512155591572,5.0,0.7590445481156239,0.851924176274479,65.0,2.672933549432739,1.0,3.1358184764991894,-5.66807131280389,1.025607779578606,-0.04991896272285251,1.5393497452682026,0.24785393277855627,41.832699034269545,-0.48557536466774714,5.218800648298217,False,True
2025-05-07,2025,SHORT,ORB_SHORT,57.26,4.542517814726841,2.0285035629453683,37.589285714285715,0.890456708691659,0.8308605341246291,0.8308605341246291,2.241330166270784,5.0,1.296582933940038,1.8492168168095493,80.0,3.185748218527316,1.0,3.611401425178147,2.9529691211401423,1.3434679334916864,-0.19287410926365794,1.8104149187353826,-0.08756360480583421,26.447884597672186,3.0593824228028503,7.748218527315914,True,True
2025-05-07,2025,SHORT,ORB_SHORT,172.76,5.687203791469194,2.853080568720379,26.375,0.890456708691659,0.6566666666666666,0.6566666666666666,2.843601895734597,4.0,1.3052904559990326,1.1962290694739788,260.0,4.540284360189573,1.0,7.317535545023697,3.4218009478672986,2.7014218009478674,-1.6587677725118484,1.698828510346412,0.021633647452880985,39.65391750272075,0.11374407582938388,11.042654028436019,True,True
2025-05-08,2025,LONG,VWAP_LONG,204.76,3.7891304347826087,0.15217391304347827,49.285714285714285,1.2360243272515203,0.9264069264069265,0.9264069264069265,1.1717391304347826,4.0,0.825255669186305,1.1705272970629947,110.0,3.033333333333333,0.0,3.9869565217391307,-1.942753623188406,-0.23840579710144927,-0.4818840579710145,1.4987310996815644,-0.1244577633360071,58.91255564102593,1.1565217391304348,3.68768115942029,True,True
2025-05-13,2025,LONG,PM_LONG,171.26,3.8419243986254297,0.027491408934707903,36.375,0.7954677997167374,0.45185185185185184,0.45185185185185184,0.9278350515463918,3.0,0.6866858057496995,0.8101570225052407,75.0,7.3883161512027495,0.0,7.3883161512027495,-6.9553264604811,5.580756013745704,-0.9553264604810997,1.901522529758837,0.8060757766881417,86.3251565765137,-0.12371134020618557,13.305841924398626,True,True
2025-05-15,2025,LONG,PM_LONG,183.26,4.544715447154472,0.5934959349593496,30.75,0.7567274847954677,0.6228070175438597,0.6228070175438597,0.926829268292683,4.0,0.9236855342694666,0.9530483010425167,105.0,3.2113821138211383,1.0,4.934959349593496,0.967479674796748,2.83739837398374,-0.3252032520325203,2.537055507920208,0.37005725697513925,42.77659747798212,-1.2113821138211383,7.934959349593496,True,True
2025-05-19,2025,LONG,PM_LONG,105.76,3.378712871287129,1.256188118811881,28.857142857142858,0.6207558989350594,0.06779661016949153,-0.06779661016949153,1.0222772277227723,2.0,1.100594816073986,1.006536939370368,130.0,9.053217821782178,0.0,9.529702970297029,,8.51608910891089,-0.9876237623762376,2.31930504939865,0.27668111675041357,80.75314027544971,2.027227722772277,15.594059405940595,True,True
2025-05-21,2025,LONG,PM_LONG,110.76,2.834567901234568,10.114567901234569,36.160714285714285,0.7133013155147212,0.9158415841584159,0.9158415841584159,1.3965432098765433,4.0,0.9140223456454473,1.0440555047967108,85.0,4.521481481481482,1.0,5.0330864197530865,0.4908641975308642,4.894814814814815,-0.08296296296296296,2.0475507240656357,0.25767608141073856,84.17691136423406,1.8874074074074074,7.508148148148148,True,True
2025-05-27,2025,LONG,PM_LONG,147.76,5.072088724584103,1.1386321626617375,19.321428571428573,0.34605048440030817,0.15384615384615385,0.15384615384615385,0.8410351201478743,4.0,0.9094470820877795,0.8587549117288166,115.0,10.027726432532347,1.0,10.739371534195932,-4.269870609981515,6.76709796672828,-0.5434380776340111,3.6339536576104736,0.5375685519487174,64.40669424758735,-0.5046210720887245,17.584103512014785,True,True
2025-05-27,2025,LONG,PM_LONG,-90.74,0.869220607661823,3.439894319682959,13.517857142857142,0.34605048440030817,0.6226415094339622,0.6226415094339622,0.9801849405548217,4.0,1.1531525139103236,0.7125774785094151,265.0,14.332892998678997,1.0,21.23117569352708,-12.483487450462352,16.052840158520475,-0.2774108322324967,8.64587110018937,0.4953607754460662,71.72235037966283,0.9247027741083224,25.1334214002642,False,False
2025-05-30,2025,SHORT,VWAP_SHORT,368.26,6.421314741035857,1.554780876494024,35.857142857142854,1.0038642829844155,0.41007194244604317,0.41007194244604317,0.9691235059760956,3.0,1.3185378939232253,0.9870169667199927,130.0,4.462151394422311,0.0,4.594621513944223,0.020916334661354584,2.258964143426295,-1.8685258964143427,0.9635226292504734,0.03208989139767867,32.05309268444218,2.4332669322709166,5.452191235059761,True,True
2025-05-30,2025,SHORT,ORB_SHORT,-407.24,0.07423117709437964,4.369741958289148,50.517857142857146,1.0038642829844155,0.5721649484536082,-0.5721649484536082,0.96005655708731,3.0,0.8215185288146445,1.0548121646786033,210.0,3.1671968893601976,1.0,6.492753623188405,-3.251325556733828,4.869565217391304,-1.2916224814422057,2.8446659812989292,0.5949977673631025,33.61796591326019,-0.2771297278190173,3.8699186991869916,False,False
2025-06-02,2025,LONG,PM_LONG,7.26,2.7271151178918167,0.03432732316227462,65.54545454545455,1.0185570512548303,0.6,0.6,1.0107489597780859,3.0,0.6828571386140232,0.8279779660836594,50.0,3.409847434119279,0.0,3.409847434119279,,0.9649791955617198,-1.6286407766990292,0.06465895700745936,-0.6503509995997324,78.69152580198876,0.6751040221914009,5.976768377253814,True,True
2025-06-02,2025,LONG,PM_LONG,25.26,2.7595072308516335,1.1098018211033744,33.339285714285715,1.0185570512548303,0.8089171974522293,0.8089171974522293,1.177289769683985,4.0,1.0308536626175417,0.8414866822827327,140.0,6.703802892340653,0.0,6.703802892340653,,4.499196572040707,-0.5998928762720942,2.2663148511273317,0.11704622855746132,71.94154486777273,2.324584895554365,11.750401713979645,True,True
2025-06-03,2025,LONG,PM_LONG,88.76,2.9262599469496022,0.7798408488063661,33.660714285714285,0.8240193786919383,0.7777777777777778,0.7777777777777778,0.7352785145888594,4.0,0.7947126704363293,0.7246730538049615,85.0,3.8249336870026527,1.0,4.560212201591512,-3.490716180371353,3.416445623342175,-0.06684350132625995,2.1230395604661774,0.29403838513049096,61.39894027563427,1.693368700265252,9.76657824933687,True,True
2025-06-05,2025,LONG,VWAP_LONG,150.26,2.0688427299703265,3.410682492581602,60.17857142857143,0.595601841890089,0.25249169435215946,-0.25249169435215946,1.2504451038575668,3.0,1.6065264996182664,1.13669322960369,75.0,2.4635014836795253,0.0,3.1032640949554895,-0.14955489614243322,-0.00830860534124629,-1.1091988130563797,0.7449428894047957,0.2757819429246532,31.052154438116162,0.8682492581602373,7.112166172106825,False,True
2025-06-06,2025,LONG,PM_LONG,-77.74,0.9942726231386025,4.089347079037801,31.178571428571427,1.1299221069845506,0.3313253012048193,0.3313253012048193,1.3310423825887745,3.0,0.9679375844291898,1.2891111407362863,95.0,3.1993127147766325,0.0,3.4158075601374573,2.798396334478809,1.6517754868270333,-0.6815578465063001,0.8799206679520216,0.1061401577935904,78.56015657540193,0.2726231386025201,6.711340206185567,False,False
2025-06-09,2025,LONG,PM_LONG,-86.24,0.17854807063440156,2.236102027468934,29.403846153846153,0.6956147523346388,0.5955056179775281,0.5955056179775281,1.5134074558534991,3.0,0.8860664787087473,1.400690248723083,60.0,4.8378024852845,0.0,4.8378024852845,,2.7547416612164812,-0.4591236102027469,2.217936911362196,0.8299762845867504,42.8681014896492,-0.578155657292348,8.306736429038587,False,False
2025-06-09,2025,LONG,PM_LONG,30.26,1.995837669094693,0.21852237252861603,17.160714285714285,0.6956147523346388,0.5862068965517241,-0.5862068965517241,1.6899063475546308,1.0,1.350577133709664,0.9561606238626671,225.0,8.289281997918835,0.0,8.289281997918835,,2.709677419354839,-2.797086368366285,0.7538858237162387,0.21461240065921391,45.16454534801171,-2.4474505723205,14.233090530697192,False,True
2025-06-12,2025,LONG,PM_LONG,-64.74000000000001,0.019021739130434784,3.347826086956522,26.285714285714285,0.8659465507595644,0.8208092485549133,0.8208092485549133,1.6453804347826089,3.0,0.8384678474354542,1.173881630441327,90.0,4.375,1.0,6.144021739130435,3.690217391304348,5.345108695652174,-0.29483695652173914,2.9092848684940495,0.5347860345493799,88.40002875745886,-0.07608695652173914,17.10054347826087,False,False
2025-06-16,2025,LONG,PM_LONG,-79.74,0.4003466204506066,3.772963604852686,20.607142857142858,0.9842922924646038,0.5393258426966292,0.5393258426966292,1.0797227036395147,5.0,0.8605144916802449,0.7597397754112626,105.0,9.135181975736568,1.0,9.814558058925476,,9.450606585788561,-0.30329289428076256,3.4288004734400563,0.43499028887537666,83.47495031131898,0.9462738301559792,13.636048526863085,False,False
2025-06-16,2025,LONG,PM_LONG,-67.24000000000001,0.6037735849056604,3.006289308176101,19.875,0.9842922924646038,0.6415094339622641,0.6415094339622641,1.3333333333333333,3.0,1.045596407094466,0.7843274368191602,235.0,9.471698113207546,0.0,10.276729559748428,,8.89308176100629,-1.320754716981132,2.05757254176574,0.060563692318219925,62.49992130707966,2.50314465408805,14.138364779874214,False,False
2025-06-17,2025,LONG,PM_LONG,-407.24,0.6804860614724804,8.215868477483918,24.982142857142858,0.598614278951672,0.378698224852071,-0.378698224852071,1.6912080057183703,3.0,0.984539089848308,0.9068027210884354,105.0,4.213009292351679,0.0,4.213009292351679,4.303073624017155,1.9814152966404575,-0.7505360972122945,1.0440858085603577,0.1238075831297842,55.6215245820241,0.5103645461043602,10.317369549678341,False,False
2025-06-23,2025,LONG,PM_LONG,231.76,3.3596256684491976,0.12165775401069519,53.42857142857143,0.6619646730709636,0.2606837606837607,0.2606837606837607,1.0949197860962567,3.0,0.9917578124439972,1.236042130000923,215.0,4.739973262032086,0.0,5.231283422459893,,0.7720588235294117,-2.012032085561497,0.09326915377197319,-0.17267234472405457,58.29293955698593,-0.3649732620320855,9.63903743315508,True,True
2025-06-24,2025,LONG,PM_LONG,64.26,3.798780487804878,1.2463414634146341,29.285714285714285,0.9583424209378408,0.7818181818181819,0.7818181818181819,0.9390243902439025,3.0,0.6639963714648932,0.7778887192938664,70.0,2.501219512195122,1.0,2.731707317073171,-8.314634146341463,1.724390243902439,-0.11951219512195123,1.084014796918892,0.15636961633471202,75.15818686368672,0.5036585365853659,7.324390243902439,True,True
2025-06-24,2025,LONG,PM_LONG,36.26,2.234375,0.3125,16.0,0.9583424209378408,0.4782608695652174,0.4782608695652174,1.4375,4.0,0.890518569829486,0.8097877990263446,250.0,4.578125,1.0,10.171875,-19.9375,7.875,-0.671875,4.488663980185038,0.3146062102969154,63.96793914391386,2.59375,13.40625,False,True
2025-06-26,2025,LONG,ORB_LONG,89.26,3.1247165532879824,0.9064625850340137,33.92307692307692,0.5607222684840251,0.3484848484848485,0.3484848484848485,0.9727891156462586,4.0,0.6691085799954689,1.124270133303955,60.0,3.6258503401360547,0.0,3.6258503401360547,-0.9506802721088436,0.8180272108843538,-0.5527210884353742,1.241809091766879,0.3902807392963592,32.909080143793474,0.9875283446712019,6.536848072562359,True,True
2025-06-27,2025,LONG,PM_LONG,41.26,1.583159359777314,6.377870563674322,27.634615384615383,0.5006418485237485,0.3111111111111111,-0.3111111111111111,0.81419624217119,1.0,0.7825787949364217,0.773346998888956,60.0,5.129436325678497,0.0,5.129436325678497,-3.0215727209464163,2.4968684759916493,-1.7188587334725123,0.526816321414377,0.7607509771559476,86.80274844730776,-0.651356993736952,3.6457898399443285,False,True
2025-07-01,2025,SHORT,ORB_SHORT,133.26,3.525374577090382,1.042049299178347,36.94642857142857,0.5980257624717809,0.37333333333333335,0.37333333333333335,1.0149830836152731,5.0,1.621751401767254,1.218897796133663,65.0,3.0178830352827455,1.0,3.4238762687288546,-1.5157080715321412,2.138231029482842,-0.14886418559690673,1.8410469059789465,0.41913596439068007,42.88066775129344,1.4818753020782989,5.494441759304012,True,True
2025-07-02,2025,LONG,PM_LONG,80.26,3.1743625086147484,0.03859407305306685,25.910714285714285,0.7907573812580232,0.5393258426966292,-0.5393258426966292,1.717436250861475,3.0,0.9741506336971817,1.2390910722150628,70.0,5.953135768435562,0.0,6.406616126809097,2.6436940041350794,4.718125430737422,-1.5534114403859407,1.597904868669105,1.0785363579769365,87.31945282901893,-1.8911095796002757,11.481736733287388,True,True
2025-07-03,2025,LONG,PM_LONG,-27.74,2.053533190578159,2.338329764453962,16.678571428571427,0.5076315316933022,0.13333333333333333,0.13333333333333333,1.3490364025695933,4.0,0.8804058708932717,0.7785081328454705,115.0,8.4389721627409,0.0,8.978586723768737,-12.48608137044968,8.09421841541756,-0.7494646680942185,2.9997620284839037,0.45229516927506486,52.48977814687425,-1.4689507494646683,13.92505353319058,False,False
2025-07-07,2025,SHORT,VWAP_SHORT,-28.74,4.483355525965379,2.3209054593874834,26.821428571428573,0.3551548110714927,0.20175438596491227,-0.20175438596491227,1.062583222370173,3.0,1.291421862363957,1.0769204200055262,90.0,2.898801597869507,0.0,3.551264980026631,,1.5938748335552595,-0.6617842876165113,1.1064742643124887,0.26085382069250385,35.05900891511838,1.4727030625832223,7.205059920106525,True,False
2025-07-08,2025,LONG,VWAP_LONG,-24.24,1.1909424724602204,2.981640146878825,29.178571428571427,0.7529179385886156,0.3177570093457944,-0.3177570093457944,0.9167686658506733,3.0,1.1267613717893528,0.892299040759606,70.0,3.247246022031824,0.0,3.247246022031824,1.7135862913096696,-0.23990208078335373,-0.5483476132190943,0.9954926984641603,0.003320404977471148,48.293247222488745,2.0134638922888617,4.078335373317014,False,False
2025-07-11,2025,LONG,PM_LONG,9.26,0.9098966026587888,3.1225997045790255,24.178571428571427,0.5304363440474053,0.6583333333333333,0.6583333333333333,1.2407680945347122,5.0,0.8644133644133645,1.0107210818440353,130.0,5.852289512555392,0.0,6.079763663220089,3.722304283604136,3.494830132939439,-0.4239290989660266,2.034188692863042,0.0642358337243253,43.62248729152446,0.6410635155096012,5.180206794682423,False,True
2025-07-14,2025,LONG,PM_LONG,-5.74,2.0907372400756143,0.6969124133585382,28.339285714285715,0.6198599389477465,0.4473684210526316,0.4473684210526316,1.3408947700063012,4.0,1.0419661016949153,1.1570082762278266,90.0,5.13421550094518,1.0,6.360428481411468,,2.3201008191556394,-0.502835538752363,2.4882860191552214,0.36577208759312674,64.01445591625415,0.8557025834908633,13.011972274732198,False,False
2025-07-14,2025,LONG,PM_LONG,-14.74,0.7832167832167832,1.1356643356643357,12.767857142857142,0.6198599389477465,0.08064516129032258,0.08064516129032258,1.2139860139860141,2.0,1.1657596487935808,0.8697452903284484,255.0,11.395804195804196,1.0,17.64195804195804,,8.4,-1.3902097902097903,6.2691574918478645,0.4388411741118823,62.095668647631456,-0.41118881118881123,28.881118881118883,False,False
2025-07-15,2025,LONG,VWAP_LONG,-47.24,0.40603123317178247,2.3521809369951536,35.71153846153846,0.5243311186927635,0.30434782608695654,-0.30434782608695654,1.1270866989768444,1.0,0.7491465927024314,0.9093725923134136,60.0,2.905223478729133,0.0,2.905223478729133,-2.765212708669898,-0.9450726978998385,-1.5751211631663975,0.07005394329121949,0.15250924066924892,36.36211903188816,-1.9601507808292946,6.881529348411417,False,False
2025-07-16,2025,LONG,VWAP_LONG,-74.74,1.8853883758826724,5.0418250950570345,35.40384615384615,0.6757047943975579,0.31896551724137934,0.31896551724137934,0.8191200434546442,5.0,0.7331739505649101,0.880425739356516,60.0,4.003802281368821,0.0,4.003802281368821,5.889190657251494,-1.7017925040738728,-2.1395980445410103,0.36404300778773196,-0.20638786825736644,78.07199821260939,-0.049429657794676805,4.399239543726236,False,False
2025-07-17,2025,LONG,PM_LONG,99.76,3.2421052631578946,0.4328947368421053,27.142857142857142,0.8162510709293411,0.7232142857142857,0.7232142857142857,1.0315789473684212,4.0,0.7697613032681347,0.8431437831667493,75.0,4.163157894736842,1.0,4.761842105263158,-3.4263157894736844,3.417105263157895,-0.0736842105263158,2.073405786256262,0.3655742734704338,62.50197322136952,-0.5526315789473685,9.64342105263158,True,True
2025-07-23,2025,LONG,VWAP_LONG,60.760000000000005,4.506508875739645,0.033136094674556214,15.089285714285714,0.65400765139498,0.16853932584269662,-0.16853932584269662,2.9491124260355033,4.0,2.557567943268127,1.6793510884739462,260.0,8.068639053254438,0.0,10.040236686390534,6.21301775147929,-0.36449704142011835,-2.5183431952662723,3.0469245603467208,0.20598028611234037,63.9902575163162,-0.16568047337278108,12.724260355029587,True,True
2025-07-24,2025,LONG,PM_LONG,-24.24,0.9,2.316666666666667,15.0,0.6515311510031679,0.8888888888888888,0.8888888888888888,1.5,5.0,1.2080395220200144,1.116166428314437,220.0,6.816666666666666,1.0,7.666666666666667,-5.766666666666667,2.5,-0.13333333333333333,3.40093525879347,0.12054300095890842,63.177378654997014,2.1166666666666667,7.683333333333334,False,False
2025-07-29,2025,SHORT,ORB_SHORT,-54.74,1.94,1.51,25.0,0.5211558307533539,0.5759493670886076,-0.5759493670886076,1.58,4.0,1.3786949272759095,1.1805567492307958,120.0,4.54,1.0,7.95,1.98,4.36,-1.32,2.936025261987961,0.7592083635147719,40.54008098805505,-0.53,6.67,False,False
2025-07-29,2025,SHORT,ORB_SHORT,10.260000000000002,1.539858728557013,0.9465186680121089,17.696428571428573,0.5211558307533539,0.45689655172413796,0.45689655172413796,1.6387487386478303,4.0,1.3203265057024067,0.9469734569494352,245.0,6.41372351160444,1.0,12.10696266397578,2.952573158425832,6.004036326942482,-2.8960645812310797,2.616752682649454,0.11262863463912827,46.09322955903565,1.3985872855701311,9.422805247225025,False,True
2025-07-30,2025,LONG,PM_LONG,8.26,2.797111913357401,6.016606498194946,26.634615384615383,0.684653951517031,0.45098039215686275,0.45098039215686275,0.9574007220216607,3.0,0.841224504308046,0.9192919533268351,60.0,2.956678700361011,0.0,2.956678700361011,5.143682310469314,1.0512635379061372,-0.516245487364621,0.8787917499447814,0.14149712693482674,74.41108483775055,0.11263537906137185,12.690252707581228,True,True
2025-08-01,2025,SHORT,ORB_SHORT,-147.24,2.430188679245283,2.2264150943396226,33.125,1.1196590082129119,0.2578616352201258,0.2578616352201258,1.2,5.0,1.5536196898533232,0.9336252307415245,210.0,8.943396226415095,0.0,8.943396226415095,-13.19245283018868,6.626415094339623,-2.09811320754717,2.356596615252893,0.059327407084945764,26.928636398384242,0.5207547169811321,8.860377358490567,False,False
2025-08-04,2025,LONG,PM_LONG,65.76,1.209486166007905,1.9209486166007905,31.625,1.3002391100946045,0.5873015873015873,0.5873015873015873,1.4940711462450593,2.0,0.7644854303520295,0.9351372963770266,75.0,5.533596837944664,0.0,5.533596837944664,,4.869565217391305,-0.4901185770750988,1.2947433220963187,0.32970678400473297,83.64916698021617,-0.015810276679841896,13.5098814229249,False,True
2025-08-14,2025,LONG,ORB_LONG,-84.24,0.7962085308056872,3.085308056872038,30.142857142857142,0.7404771172774287,0.47770700636942676,-0.47770700636942676,1.302132701421801,2.0,1.0558707717111586,1.064224592012124,85.0,4.6030805687203795,0.0,5.449052132701422,3.7571090047393367,3.234597156398104,-1.650473933649289,0.6907925824294037,0.5174379832355717,66.53926762410586,-1.9241706161137442,5.697867298578199,False,False
2025-08-15,2025,SHORT,ORB_SHORT,-139.24,0.009465855307640297,4.013522650439486,26.410714285714285,0.807429238725463,0.7401129943502824,0.7401129943502824,1.6754563894523327,4.0,1.2291620360080018,1.37354136619903,130.0,5.480730223123732,1.0,6.663962136578769,-3.7674104124408387,6.342123056118999,-0.2650439486139283,3.2220507706126065,0.2665870623610173,25.870301456318373,2.0162271805273835,3.455037187288709,False,False
2025-08-19,2025,SHORT,ORB_SHORT,7.76,2.7525423728813556,1.1567796610169492,42.142857142857146,0.7197183911362455,0.775,0.775,1.423728813559322,4.0,0.9442736171588556,0.9336715790581895,85.0,3.749152542372881,1.0,5.475423728813559,-4.211864406779661,5.25,-0.02966101694915254,2.7812747714395947,0.6989200914532421,48.488659223565065,-0.02966101694915254,11.081355932203389,True,True
2025-08-19,2025,SHORT,ORB_SHORT,10.760000000000002,1.1826923076923077,2.3076923076923075,26.0,0.7197183911362455,0.592,0.592,1.2019230769230769,4.0,1.1278828627392525,0.7019012335626755,225.0,6.076923076923077,1.0,12.51923076923077,-10.10576923076923,11.788461538461538,-0.41346153846153844,5.6574490668310595,0.5291535337962089,33.08302682266016,-0.33653846153846156,17.96153846153846,False,True
2025-08-22,2025,LONG,PM_LONG,159.12,1.1623672230652504,0.5735963581183612,82.375,1.174216631080847,0.24267782426778242,0.24267782426778242,0.7253414264036419,3.0,1.1787326834273986,0.9794028989422114,55.0,5.186646433990895,0.0,5.186646433990895,-2.5007587253414263,3.5144157814871018,-0.9620637329286799,1.373957791321696,1.9266088047536154,86.79835194919744,-4.309559939301972,2.509863429438543,False,True
2025-08-22,2025,LONG,PM_LONG,25.26,1.838183108587651,0.2782114975159688,25.160714285714285,1.174216631080847,0.5564516129032258,0.5564516129032258,1.2320794889992903,3.0,1.088958749436488,0.7223529906267077,220.0,16.98083747338538,0.0,17.636621717530165,-9.171043293115686,12.489709013484742,-2.821859474804826,2.6245994898580873,0.10266303371675158,62.61272154873753,2.702625975869411,8.217175301632365,False,True
2025-08-25,2025,LONG,PM_LONG,-42.24,0.4692028985507246,2.9039855072463765,19.714285714285715,1.152057245080501,0.5350877192982456,0.5350877192982456,1.4456521739130435,2.0,0.7585733882030179,0.7574421531610029,140.0,5.884057971014492,1.0,8.71195652173913,,5.516304347826087,-0.608695652173913,3.513420912135874,0.3694454244814815,81.37563390622643,0.9891304347826086,10.005434782608695,False,False
2025-08-28,2025,LONG,PM_LONG,27.26,2.2241379310344827,2.3706896551724137,29.0,0.658732086470731,0.20833333333333334,0.20833333333333334,1.0344827586206897,3.0,0.7325182677665669,0.755644874865054,105.0,5.887931034482759,0.0,6.267241379310345,-2.6206896551724137,3.206896551724138,-0.7155172413793104,2.172046742397752,0.27928519316064293,53.20847410872334,0.9482758620689655,7.7155172413793105,False,True
2025-08-29,2025,SHORT,ORB_SHORT,-62.24,1.430232558139535,2.058139534883721,21.5,0.8995037220843671,0.9837837837837838,0.9837837837837838,2.1511627906976742,3.0,1.1733844175791937,0.8427179095369686,210.0,11.162790697674419,0.0,11.837209302325581,-6.523255813953488,10.220930232558139,-0.872093023255814,3.029265836902913,0.08015376255105705,31.687842211701692,2.255813953488372,5.813953488372093,False,False
2025-09-03,2025,LONG,PM_LONG,-349.74,0.4338358458961474,4.438023450586265,42.642857142857146,1.1693839452395767,0.7535211267605634,0.7535211267605634,0.8324958123953098,4.0,0.8347597169254177,0.9471480900052328,70.0,2.5092127303182576,1.0,3.4179229480737017,-5.100502512562814,1.9698492462311556,-0.18760469011725292,1.930780678285818,0.4232170428213996,63.820449727617905,0.7797319932998324,5.26465661641541,False,False
2025-09-04,2025,LONG,PM_LONG,67.26,2.1304347826086953,1.092885375494071,18.071428571428573,1.0642190416925947,0.7373737373737373,0.7373737373737373,1.3695652173913042,3.0,1.0365199161425578,0.9021282317675728,260.0,7.650197628458497,1.0,10.74901185770751,-4.053359683794466,6.5849802371541495,-0.27667984189723316,5.0305581708982405,0.2276734289258068,61.119754332638735,2.033596837944664,16.199604743083004,False,True
2025-09-08,2025,LONG,PM_LONG,-11.74,0.8553561718325178,2.7003806416530725,35.36538461538461,1.3811405985319027,0.168141592920354,-0.168141592920354,0.7988036976617727,2.0,0.8079707044740657,0.824946999005857,60.0,3.075040783034258,0.0,3.075040783034258,,2.0783034257748776,-0.6291462751495378,0.6244718965028528,0.12857188220237345,34.142842325063285,2.269168026101142,3.428493746601414,False,False
2025-09-09,2025,SHORT,ORB_SHORT,-176.74,0.8214492753623189,3.0597101449275366,33.17307692307692,0.8211836423672847,0.9578059071729957,0.9578059071729957,1.7860869565217392,3.0,0.8020123614159834,1.2290359749071822,60.0,3.15768115942029,0.0,3.15768115942029,-0.14318840579710146,2.449275362318841,-0.022608695652173914,1.9521079051365446,0.15891384771454783,18.575324826956788,2.5698550724637683,3.6023188405797106,False,False
2025-09-11,2025,LONG,PM_LONG,74.26,1.976672805402087,0.5500306936771024,29.089285714285715,0.9451123106716187,0.44525547445255476,-0.44525547445255476,1.1774094536525475,3.0,0.843625800225829,0.9263194574465872,80.0,3.2142418661755676,0.0,3.858809085328422,0.3265807243707796,0.4898710865561694,-1.0570902394106814,0.7085208350336156,0.3013846142349154,20.724430353295816,-2.2173112338858196,6.342541436464088,False,True
2025-09-12,2025,LONG,PM_LONG,-5.74,3.1172465960665656,0.33434190620272314,25.423076923076923,0.7416624248251419,0.4,0.4,0.7866868381240545,4.0,0.8392093490110599,0.8817288639365918,60.0,3.245083207261725,0.0,3.245083207261725,-1.2193645990922843,1.5438729198184569,-0.18683812405446293,1.493681534009785,0.4340390403569401,31.383597334002204,0.8161875945537065,3.3434190620272313,True,False
2025-09-12,2025,LONG,PM_LONG,22.26,3.344709897610922,1.0511945392491469,10.464285714285714,0.7416624248251419,0.4897959183673469,0.4897959183673469,1.1706484641638226,4.0,1.5370151821254976,0.9357901406665822,265.0,7.883959044368601,1.0,12.136518771331058,-7.191126279863481,7.979522184300341,-0.47781569965870313,4.974680045963837,0.24740864590200543,62.00040131904749,1.696245733788396,8.122866894197953,True,True
2025-09-15,2025,LONG,PM_LONG,62.760000000000005,1.4929840972871842,1.3227315247895228,19.089285714285715,0.6419307394036635,0.17647058823529413,0.17647058823529413,1.1131898971000935,4.0,0.7245182975903044,0.9399756148940652,90.0,4.898035547240411,1.0,5.592142188961646,,4.609915809167446,-0.6810102899906454,1.5657490102368514,0.24286133864257653,77.56448131504844,0.9691300280636108,14.18334892422825,False,True
2025-09-18,2025,LONG,PM_LONG,-120.24,0.8578680203045684,1.62994923857868,37.88461538461539,1.5757534618517515,0.13392857142857142,-0.13392857142857142,0.7390862944162436,2.0,0.7204762756674021,1.020251550739206,60.0,5.470558375634518,0.0,5.470558375634518,-6.038071065989848,2.665989847715736,-0.6928934010152283,2.0601911701983906,0.8800665809124203,34.16733047759486,-0.9436548223350253,4.65228426395939,False,False
2025-09-22,2025,LONG,PM_LONG,64.76,4.953664700926706,0.9907329401853411,21.196428571428573,0.96329209105202,0.7592592592592593,0.7592592592592593,0.636899747262005,4.0,0.7261397771032837,0.7780378587421128,70.0,4.316764953664701,1.0,5.059814658803706,,4.871103622577928,-0.14153327716933445,2.385622288955,0.5547728104857773,42.65240537909544,-1.214827295703454,12.278011794439763,True,True
2025-09-22,2025,LONG,PM_LONG,60.260000000000005,3.263803680981595,0.06871165644171778,14.553571428571429,0.96329209105202,0.3050847457627119,-0.3050847457627119,1.0134969325153373,1.0,0.5965282569576924,0.7207440355843105,225.0,6.287116564417178,1.0,12.471165644171778,,11.045398773006134,-1.3570552147239263,4.721674417306996,0.38142471840413017,58.85535421401761,-1.9754601226993864,17.882208588957056,True,True
2025-09-23,2025,SHORT,ORB_SHORT,143.26,8.066027689030884,0.7305644302449414,16.767857142857142,0.650418783468351,0.6551724137931034,0.6551724137931034,1.2971246006389776,4.0,1.0384982544655013,0.8603935554117814,210.0,4.785942492012779,1.0,6.0234291799787005,5.978700745473908,5.158679446219383,-0.34291799787007454,2.1770854149808705,0.1387881289239471,33.1164148619788,2.653887113951012,12.851970181043663,True,True
2025-09-23,2025,SHORT,ORB_SHORT,16.76,1.2140921409214092,1.1382113821138211,26.357142857142858,0.650418783468351,0.7704918032786885,0.7704918032786885,1.1571815718157181,4.0,2.0154766737536436,1.223479123217816,260.0,3.0447154471544713,1.0,8.745257452574526,0.06639566395663957,7.018970189701897,-1.3943089430894309,4.118210977593478,0.9000454475389945,27.980387074104712,-2.6937669376693765,8.176151761517614,False,True
2025-09-24,2025,SHORT,ORB_SHORT,173.26,6.801940177849636,1.4260307194826192,22.089285714285715,0.9118294360385145,0.64,0.64,0.8488278092158448,4.0,0.9110963252321025,0.963685432653124,100.0,5.172190784155214,1.0,5.534357316087307,-0.04527081649151172,4.8326596604688765,-0.05658852061438965,1.8844487401048848,0.23745286510542046,29.70578695579202,-0.1131770412287793,7.877122069523039,True,True
2025-09-25,2025,SHORT,VWAP_SHORT,-204.74,2.2270742358078603,4.296943231441048,28.625,0.9436250861474845,0.7486033519553073,0.7486033519553073,1.5633187772925765,4.0,0.8702973698181286,0.8291159965645063,265.0,7.676855895196507,0.0,9.606986899563319,-3.868995633187773,2.069868995633188,-3.3275109170305677,2.362333813840808,0.08156147967491759,30.29123192138681,0.4192139737991266,8.655021834061136,False,False
2025-10-01,2025,LONG,PM_LONG,91.76,5.128133704735376,0.5654596100278552,12.821428571428571,1.1817930653405166,0.8227848101265823,0.8227848101265823,1.5403899721448469,3.0,1.1965885513772958,0.9232646668620462,210.0,13.395543175487466,1.0,19.167130919220057,-4.484679665738161,16.2033426183844,-0.03899721448467967,8.542078570092926,0.5021324864522444,74.31507621944345,3.2952646239554317,34.551532033426184,True,True
2025-10-06,2025,LONG,VWAP_LONG,-12.24,2.6610486891385765,1.048689138576779,19.071428571428573,1.1628102650399663,0.9619047619047619,0.9619047619047619,1.3764044943820224,3.0,1.0059540907333921,1.0034410981301665,135.0,5.49250936329588,0.0,5.846441947565543,,-0.6292134831460674,-1.0224719101123594,2.33212844325761,0.11923988976648049,69.07658456732851,1.048689138576779,10.303370786516853,True,False
2025-10-06,2025,LONG,PM_LONG,27.26,2.2664756446991405,1.7249283667621778,12.464285714285714,1.1628102650399663,0.819672131147541,0.819672131147541,2.4469914040114613,3.0,2.0711498627101497,1.0994069948254808,230.0,8.404011461318053,1.0,9.487106017191978,,0.842406876790831,-0.3008595988538682,4.665289760213415,0.19876556739679413,68.5347832445104,3.5100286532951293,15.765042979942695,False,True
2025-10-07,2025,SHORT,ORB_SHORT,74.66,6.117808219178082,0.08630136986301369,26.071428571428573,0.8055358410220015,0.8106796116504854,0.8106796116504854,1.9753424657534246,4.0,1.1089008939824616,1.4695345874241175,90.0,2.224657534246575,1.0,4.813698630136986,1.3232876712328767,3.547945205479452,-0.1821917808219178,2.9225651518378744,0.6270443823814873,31.63904016760371,0.7191780821917808,9.493150684931507,True,True
2025-10-07,2025,SHORT,ORB_SHORT,76.68,3.467539552645936,0.8325150027277688,32.732142857142854,0.8055358410220015,0.3333333333333333,0.3333333333333333,1.054009819967267,4.0,2.3781583043946832,1.0430424903913533,105.0,1.7719585379159848,1.0,6.469176213857065,-0.3513366066557556,4.231314784506274,-1.374795417348609,2.744880000579904,1.2676288574944707,33.6779189310016,-0.06873977086743045,7.56137479541735,True,True
2025-10-08,2025,LONG,PM_LONG,21.76,3.0625,0.3625,20.0,1.231653655074521,0.5050505050505051,0.5050505050505051,1.2375,4.0,0.9089993380723517,1.0426377315833293,115.0,7.8875,1.0,8.6625,1.4375,7.825,-0.4875,2.7143361860775257,0.32768285040965567,82.23907461913856,0.4375,18.3375,True,True
2025-10-09,2025,SHORT,ORB_SHORT,-153.24,0.5191932335718933,3.1242680546519193,27.446428571428573,0.7281007614032591,0.05825242718446602,0.05825242718446602,0.9381912817176317,5.0,1.0686608822579413,0.9594263244222776,240.0,3.962264150943396,1.0,6.2940793754066355,3.707221860767729,5.610930383864671,-0.4736499674690956,2.697048891859784,0.24684228765753702,30.427562252904252,0.10019518542615484,3.042290175666883,False,False
2025-10-10,2025,SHORT,ORB_SHORT,60.260000000000005,1.5328174261966179,1.6130696474634565,62.30357142857143,1.0491709955169712,0.44206008583690987,-0.44206008583690987,0.9349383777586701,3.0,1.0174249237783322,0.7248229821647834,225.0,1.5127543708799083,1.0,12.591573516766982,-8.189739180280883,10.637431928919462,-0.7543708799082831,5.186200298762779,0.6098044769458059,33.33758098642261,-1.5689309257666952,1.653195758096876,False,True
2025-10-16,2025,LONG,PM_LONG,-407.24,1.0599369085173502,9.470732562215213,50.94642857142857,1.8069552874378993,0.39285714285714285,0.39285714285714285,0.8243953732912723,4.0,0.8179965293168112,0.8845403145073409,65.0,2.1983876621100595,1.0,2.595864002804066,-0.15702769015071855,1.5800911321416053,-0.3925692253767964,1.039000229770944,0.09196055841843269,31.993892737143256,0.1962846126883982,7.723799509288469,False,False
2025-10-16,2025,SHORT,ORB_SHORT,272.26,3.176010430247718,1.5076923076923077,68.48214285714286,1.8069552874378993,0.7131367292225201,0.7131367292225201,1.3616688396349412,1.0,0.9689383967890279,1.100191273311665,210.0,1.6354628422425033,1.0,6.545501955671447,2.880312907431551,2.6941329856584093,-1.8873533246414602,2.1395272596539336,0.44784166170854844,38.779752973639205,-0.22268578878748368,5.746023468057366,True,True
2025-10-20,2025,LONG,PM_LONG,1.7599999999999998,1.933609958506224,0.24896265560165975,30.125,2.203618005889777,0.4827586206896552,0.4827586206896552,0.7219917012448133,4.0,0.7162680450733999,0.8853809196980096,70.0,5.651452282157677,1.0,6.323651452282157,,5.908713692946058,-0.2821576763485477,2.30814076946815,0.5622024241442641,85.61557245620703,-0.946058091286307,10.979253112033195,False,True
2025-10-22,2025,SHORT,ORB_SHORT,203.76,4.323108384458077,1.8991138377641443,52.392857142857146,1.0512420156139106,0.06726457399103139,-0.06726457399103139,1.0640763462849352,4.0,1.1856062066138002,1.1887968183908295,120.0,3.8316291751874574,1.0,5.468302658486707,-3.2685753237900474,4.456714383094751,-0.5487389229720517,2.4791908506709435,0.4124346132524392,47.174679755873626,0.5773687798227675,7.396046353101568,True,True
2025-10-22,2025,SHORT,ORB_SHORT,87.26,1.800918836140888,1.7108728943338438,58.30357142857143,1.0512420156139106,0.5279503105590062,-0.5279503105590062,0.6903522205206738,3.0,0.7740768959596075,0.805094267356668,235.0,3.4431852986217457,1.0,7.259418070444104,-5.021133231240428,6.088820826952527,-0.7546707503828484,3.2210837894161664,0.28793075184583283,35.244317312598994,-0.6260336906584992,6.64624808575804,False,True
2025-10-23,2025,LONG,PM_LONG,39.76,2.277365896205844,1.8438726559092893,40.94642857142857,2.060752306600426,0.5394736842105263,0.5394736842105263,1.3920627998255561,3.0,0.7372028551112071,0.9094949531008755,75.0,4.420409943305713,1.0,4.896641953772351,2.3078935891844745,4.3654600959441785,-0.10379415612734409,1.6466727973250286,0.3563920251299347,81.73161079225144,-0.8059310946358482,9.689489751417357,False,True
2025-10-23,2025,LONG,PM_LONG,184.76,3.883303411131059,0.6157989228007181,19.892857142857142,2.060752306600426,0.5167464114832536,-0.5167464114832536,2.6265709156193897,2.0,1.6685937820810686,1.641399719197407,215.0,9.098743267504489,1.0,12.47935368043088,3.9461400359066428,9.789946140035907,-1.8096947935368044,2.765907709111646,0.316570234368294,58.95508220196808,-2.2244165170556554,19.9443447037702,True,True
2025-10-24,2025,LONG,PM_LONG,17.76,0.9477911646586346,1.1164658634538152,31.125,1.1551454932576295,0.7923076923076923,0.7923076923076923,1.0441767068273093,4.0,0.802808173093948,0.7729438157967656,110.0,3.8714859437751006,0.0,3.8714859437751006,-8.072289156626505,2.3453815261044175,-0.3534136546184739,1.2890759344444374,-0.10986164554214407,69.21058226668498,1.2208835341365463,6.514056224899599,False,True
2025-10-27,2025,LONG,PM_LONG,113.76,2.366603892027621,0.7752667922159447,30.634615384615383,0.934279630943932,0.21,0.21,0.8160703075957314,3.0,0.8377629529211705,0.8779018620790773,60.0,2.7746390458254866,0.0,2.7746390458254866,,1.8932831136220967,-0.2448210922787194,0.9872714541181515,0.22051801056382528,84.42577198988062,2.3502824858757063,8.666666666666668,False,True
2025-10-27,2025,LONG,PM_LONG,23.76,2.035541195476575,0.38449111470113084,11.053571428571429,0.934279630943932,0.6333333333333333,0.6333333333333333,1.35702746365105,4.0,1.4974312821089735,0.9634699295151496,250.0,7.689822294022617,1.0,11.94184168012924,,9.77059773828756,-0.407108239095315,4.9952624435285955,0.2710303995809638,66.55457110267704,2.872374798061389,24.019386106623585,False,True
2025-10-28,2025,LONG,PM_LONG,200.76,3.6818181818181817,0.6704545454545454,22.0,0.6777200597737137,0.5467625899280576,0.5467625899280576,1.5795454545454546,2.0,0.7169500933251656,1.0245051706154598,220.0,3.2045454545454546,1.0,6.409090909090909,-6.806818181818182,3.625,-0.7159090909090909,3.022238071201917,0.24030617644728575,64.88790123569322,1.3977272727272727,14.113636363636363,True,True
2025-10-31,2025,SHORT,ORB_SHORT,159.26,8.326990838618745,2.328400281888654,25.339285714285715,1.7126592186721694,0.8316831683168316,0.8316831683168316,1.992952783650458,3.0,1.41427281764145,0.9828551790145469,125.0,5.623678646934461,0.0,5.623678646934461,9.096546863988724,3.966173361522199,-1.6476391825229033,1.0924439773462247,-0.13880165991882173,30.752973181520346,2.2790697674418605,5.081042988019732,True,True
2025-10-31,2025,SHORT,ORB_SHORT,-234.24,0.8499271491015055,3.2841185041282173,36.767857142857146,1.7126592186721694,0.18579234972677597,-0.18579234972677597,1.244293346284604,2.0,0.9970266914252515,0.9880041702283249,240.0,3.8756677999028653,1.0,8.342884895580378,1.380281690140845,7.622146673142302,-0.7139388052452647,4.01660719670135,0.48414860476375926,31.727238790361042,-1.0879067508499272,3.5016998542982027,False,False
2025-11-04,2025,SHORT,MOM_SHORT,200.76,6.116760828625235,0.4416195856873823,37.92857142857143,1.2346118266562298,0.7133333333333334,0.7133333333333334,0.9887005649717514,3.0,0.8439549077159144,0.7984249220603974,80.0,6.0838041431261765,0.0,6.0838041431261765,-5.444444444444444,-1.707156308851224,-3.7768361581920904,0.05086807385734861,-0.4228192241486423,64.05391869124912,1.8653483992467041,16.98587570621469,True,True
2025-11-04,2025,SHORT,ORB_SHORT,147.76,1.38422131147541,1.8934426229508199,34.857142857142854,1.2346118266562298,0.765625,0.765625,1.377049180327869,4.0,0.8665210509247029,0.9544455625600737,225.0,6.619877049180328,1.0,7.79610655737705,-11.195696721311476,3.4139344262295084,-0.01434426229508197,4.152800966882095,0.29249240947676125,31.755260657565714,0.007172131147540985,18.482581967213115,False,True
2025-11-06,2025,SHORT,ORB_SHORT,296.76,1.9815277084373437,1.3944083874188715,71.53571428571429,1.2868701206529454,0.2647058823529412,-0.2647058823529412,0.7129306040938591,4.0,0.9688362647939164,0.8748281618635709,75.0,3.921118322516225,1.0,5.193210184722915,-2.079380928607089,4.679480778831752,-0.35996005991013474,2.2753669894453257,0.5734522429342644,26.064814425934543,0.9575636545182226,9.250624063904143,False,True
2025-11-07,2025,SHORT,VWAP_SHORT,169.76,2.646574679254418,2.615105301379811,79.4423076923077,2.176295244854507,0.7624521072796935,0.7624521072796935,0.8213507625272332,3.0,0.809198077691134,0.7944685584231104,60.0,2.8920358266763495,0.0,2.8920358266763495,-3.4993948196562576,2.4042604696199468,-0.4720406681190995,0.7976412564177636,0.06707649327244916,12.046537337166399,1.9353667392883078,3.6850641491164366,True,True
2025-11-07,2025,SHORT,ORB_SHORT,-407.24,0.8135725429017161,8.31591263650546,45.785714285714285,2.176295244854507,0.41452991452991456,0.41452991452991456,1.2776911076443058,3.0,0.9339938091479152,0.8924336430595275,145.0,5.017940717628705,1.0,8.57254290171607,-9.850234009360374,7.950078003120125,-0.5951638065522621,3.629409991306114,0.45607755330807176,19.16443508949969,1.326833073322933,6.393915756630266,False,False
2025-11-12,2025,SHORT,ORB_SHORT,-108.74,0.5011933174224343,2.806682577565632,44.892857142857146,1.34847409510291,0.6141304347826086,0.6141304347826086,1.0246618933969769,4.0,0.8508990794115117,1.025031825157936,100.0,4.878281622911694,1.0,6.315035799522673,0.7295147175815433,5.953062848050915,-0.31742243436754175,2.1050321878490967,0.3522034353912348,32.543096084702654,0.16706443914081145,7.317422434367542,False,False
2025-11-13,2025,SHORT,ORB_SHORT,166.76,3.4299640841457157,0.5315546434068753,69.60714285714286,1.5822465292385361,0.7588652482269503,0.7588652482269503,1.012827090815803,4.0,0.9480777771341404,1.0823460387095054,75.0,3.1713699332991276,1.0,3.9435608004104665,-3.5628527449974343,3.397639815289892,-0.19753719856336582,1.8344044585731007,0.23737262801089865,16.184551666433777,-0.5926115956900975,10.070805541303232,True,True
2025-11-13,2025,SHORT,ORB_SHORT,146.26,3.597964376590331,0.15436810856658187,42.107142857142854,1.5822465292385361,0.4973544973544973,-0.4973544973544973,1.1221374045801527,3.0,0.8452427677602568,0.7165448832274353,220.0,5.242578456318915,1.0,9.202714164546226,-7.961832061068703,7.68871925360475,-0.9380831212892282,2.9491935023909894,0.31897455778693895,34.76478778128637,-1.6446140797285838,16.64800678541137,True,True
2025-11-14,2025,LONG,PM_LONG,-78.24,1.2858524009023526,2.4228166290686435,55.410714285714285,2.224111710217061,0.1989795918367347,0.1989795918367347,0.8843055107960038,3.0,0.8351408733574339,0.7434581135225891,135.0,7.259426361585563,1.0,11.586206896551724,5.039639058975186,9.01450209474702,-0.8256525942636159,4.2288240631310146,0.7249702625526728,85.19692577241582,-0.7038349983886562,8.369320012890752,False,False
2025-11-18,2025,SHORT,ORB_SHORT,38.16,1.2457859662877302,3.476675813406507,91.10714285714286,2.276498966230186,0.15614617940199335,-0.15614617940199335,0.8259506076048608,4.0,0.6984359043267939,0.7899311843534951,80.0,4.412387299098393,0.0,4.412387299098393,-2.6177969423755387,2.46687573500588,-0.6969815758526068,0.922460478075635,0.26392663953370754,29.702964577987345,-0.537828302626421,4.036456291650333,False,True
2025-11-18,2025,SHORT,ORB_SHORT,-813.24,0.481002425222312,3.160468876313662,88.35714285714286,2.276498966230186,0.3284671532846715,-0.3284671532846715,0.7752627324171382,2.0,1.078376636580129,0.8612259798460444,100.0,4.5497170573969274,0.0,5.115602263540825,-2.2748585286984637,2.1192400970088925,-1.7089733225545674,0.33712221051869645,0.27661451535899756,43.30420041879111,-1.2590945836701697,4.162085691188358,False,False
2025-11-20,2025,LONG,PM_LONG,-407.24,0.21115001346619983,16.39806086722327,66.30357142857143,2.3946145434663753,0.5951219512195122,0.5951219512195122,0.7729598707244816,5.0,0.6895884069710229,0.716628150104545,65.0,2.341502827901966,0.0,2.488553730137355,-4.581201185025586,1.214112577430649,-0.2752491246970105,0.9837492764405333,0.05231466129352865,79.60428969413584,-0.13950983032588204,18.807433342310798,False,False
2025-11-21,2025,SHORT,ORB_SHORT,224.76,1.5252768415984594,4.2746750120365915,115.38888888888889,3.474353769116254,0.7115384615384616,0.7115384615384616,0.6759749638902263,3.0,0.9748990793829932,0.8069665335791694,40.0,2.5067404910929225,0.0,1.9412614347616755,0.03249879634087627,0.8623013962445836,-0.2513240250361098,0.7414147981995961,0.19831221357324771,13.396957664522517,0.6023110255175734,3.3603755416466057,False,True
2025-11-21,2025,LONG,PM_LONG,-73.74,1.3250551876379693,1.2980132450331128,64.71428571428571,3.474353769116254,0.7617602427921093,0.7617602427921093,2.545805739514349,5.0,1.1291521236629407,1.251356427378965,255.0,4.469646799116998,1.0,9.333333333333334,12.350441501103754,4.7593818984547465,-0.31677704194260486,4.93851583198655,0.2245661729106978,69.10587739574964,1.5607064017660046,5.991721854304636,False,False
2025-11-26,2025,LONG,PM_LONG,-67.24000000000001,0.7130434782608696,1.8869565217391304,28.75,1.7493241906771277,0.44,0.44,1.7391304347826086,3.0,1.6354528395843433,0.8909316157851,230.0,5.104347826086957,1.0,8.373913043478261,-7.121739130434783,4.121739130434783,-1.2173913043478262,2.804470770920465,0.241185985624527,52.785323991786825,2.1130434782608694,7.678260869565217,False,False
2025-11-28,2025,LONG,VWAP_LONG,3.76,2.8873929008567933,1.6621787025703796,29.178571428571427,0.27998088867654086,0.7093023255813954,0.7093023255813954,0.736842105263158,4.0,0.813813716253533,0.9577044826232575,80.0,3.152998776009792,0.0,3.152998776009792,-3.3586291309669525,1.9363525091799267,-0.18849449204406366,1.2387972942255405,0.09950216534431948,36.48922435284293,1.2166462668298654,2.604651162790698,True,True
2025-11-28,2025,LONG,PM_LONG,1.7599999999999998,0.4976303317535545,0.5750394944707741,22.607142857142858,0.27998088867654086,0.1885245901639344,-0.1885245901639344,1.34913112164297,3.0,2.727179445082909,2.0771837043849923,210.0,4.069510268562401,1.0,7.552922590837283,-7.210110584518167,5.374407582938389,-0.8515007898894155,3.2975974932341607,0.4184958143260208,64.4387927564914,3.781990521327014,3.361769352290679,False,True
2025-12-02,2025,LONG,PM_LONG,-407.24,1.005611672278339,4.362888140665919,47.732142857142854,1.1890454995054403,0.8888888888888888,0.8888888888888888,1.5084175084175084,3.0,1.1911430587250447,0.9439035072197055,70.0,3.8338945005611675,0.0,3.8338945005611675,-2.6449682005237563,2.7182940516273852,-0.675645342312009,0.7480129851039102,0.005535774274296805,84.37161045099808,2.3150018705574262,7.400673400673401,False,False
2025-12-09,2025,LONG,PM_LONG,22.26,1.2373485388453316,1.6165359942979332,25.053571428571427,1.0188950011958862,0.4605263157894737,0.4605263157894737,1.5167498218104063,3.0,0.7368166862869389,0.8625080835909748,120.0,4.3905915894511764,1.0,5.977191732002852,6.116892373485388,3.5424091233071993,-0.08980755523877407,2.520757276302176,0.3324350460607715,85.93795721880096,-0.16963649322879545,4.929436920883821,False,True
2025-12-09,2025,LONG,PM_LONG,-66.74000000000001,0.22128556375131717,2.847207586933614,16.946428571428573,1.0188950011958862,0.5877192982456141,0.5877192982456141,1.6817702845100104,2.0,1.5438713155097457,0.8598721266555032,260.0,6.49104320337197,1.0,10.533192834562696,7.656480505795574,6.62381454162276,-0.44257112750263433,3.7765275057749568,0.2108775344903905,65.36182058068955,1.6375131717597469,7.287671232876711,False,False
2025-12-10,2025,SHORT,ORB_SHORT,-407.24,0.22126436781609196,8.334291187739463,37.285714285714285,0.7812861461490506,0.3765432098765432,0.3765432098765432,1.0862068965517242,3.0,1.3341189771301007,1.1230530635947378,90.0,2.842911877394636,1.0,3.882183908045977,-0.22796934865900384,2.568007662835249,-0.6235632183908046,1.6537840582216516,0.40828279037480664,40.79302548500248,2.3802681992337167,11.009578544061302,False,False
2025-12-12,2025,SHORT,ORB_SHORT,141.76,3.5580980683506684,0.8267459138187221,64.71153846153847,1.318142082871962,0.3553459119496855,-0.3553459119496855,1.2285289747399701,3.0,1.2246059173625448,1.3213230576860997,60.0,5.026151560178306,0.0,5.026151560178306,-0.6528974739970281,3.2722139673105497,-0.8151560178306091,1.9455109872226117,1.1759017284590847,53.76595075389839,0.5872213967310549,2.661812778603269,True,True
2025-12-12,2025,SHORT,ORB_SHORT,-173.24,1.0884146341463414,2.475609756097561,70.28571428571429,1.318142082871962,0.05263157894736842,0.05263157894736842,0.9461382113821137,4.0,1.4462854607978999,1.2770324287217751,100.0,4.6275406504065035,1.0,6.64430894308943,-2.7886178861788617,5.20020325203252,-0.5797764227642276,2.8037221532941117,1.015775146649355,39.59030676582729,-1.3765243902439024,2.450711382113821,False,False
2025-12-17,2025,SHORT,ORB_SHORT,78.48,3.2596778751059623,0.189884148064425,63.19642857142857,1.717727063162748,0.1875,0.1875,0.949420740322125,4.0,1.6804843083406737,1.6170353168107003,75.0,3.089573325798248,1.0,5.304888386549873,-0.39559197513421873,4.43063012150325,-0.48657812941508904,2.37288229812999,0.6646620719472629,9.147453164569,1.439954789488556,9.359706131675615,True,True
2025-12-17,2025,SHORT,ORB_SHORT,77.58,2.9663120567375887,0.3061465721040189,60.42857142857143,1.717727063162748,0.39880952380952384,-0.39880952380952384,0.6950354609929078,3.0,1.1174992937367816,0.90465872156013,95.0,3.2310874704491725,1.0,6.615248226950355,-0.8563829787234042,5.076241134751773,-1.1335697399527187,2.244379698476049,1.1323054210884478,15.420550183252942,-2.068557919621749,9.788416075650117,True,True
2025-12-18,2025,LONG,PM_LONG,-29.74,0.7516877017904314,2.6786028764308774,65.51923076923077,1.5637445639734493,0.6986301369863014,0.6986301369863014,0.8356325212797182,3.0,0.7471494871941787,0.7161713082143694,60.0,3.083064279424714,0.0,3.083064279424714,1.1714117992368651,1.2439095978867039,-0.01907836806574699,1.7380782743341576,0.09599865164022885,32.300369828050094,3.632521279718227,5.509832697387731,False,False
2025-12-31,2025,SHORT,ORB_SHORT,-71.74,2.7745098039215685,3.1372549019607843,25.5,0.6151974979728947,0.4392523364485981,0.4392523364485981,1.0490196078431373,4.0,0.8942391736193882,1.146836115191957,85.0,4.862745098039215,1.0,5.872549019607843,-4.450980392156863,4.872549019607843,-0.4803921568627451,2.1290404221819665,0.34338743118146964,11.063472752953118,0.7254901960784313,6.509803921568627,True,False
2026-01-07,2026,LONG,PM_LONG,96.72,3.1862068965517243,2.027586206896552,36.25,0.7838726423256619,0.52,0.52,0.8620689655172413,4.0,0.7184927233315079,0.8401283731064231,60.0,3.2344827586206897,0.0,3.2344827586206897,-1.2344827586206897,2.537931034482759,-0.15172413793103448,1.0603159003183527,0.19618540634802575,83.54232110496898,1.4137931034482758,3.4,True,True
2026-01-09,2026,LONG,PM_LONG,220.76,1.5387473460721868,1.4317940552016983,72.46153846153847,1.155025357307515,0.21428571428571427,0.21428571428571427,0.6762208067940552,5.0,0.8424022381861093,0.8708258983076317,60.0,3.63296178343949,0.0,3.63296178343949,-0.8556263269639065,2.073513800424628,-0.196656050955414,1.7425993645115136,0.22523584932162088,88.57795623575561,0.524416135881104,2.384023354564756,False,True
2026-01-12,2026,LONG,PM_LONG,18.76,2.6150943396226416,0.8981132075471698,28.392857142857142,1.0360494392309454,0.9540229885057471,0.9540229885057471,0.7660377358490567,4.0,0.6988722619822165,0.7084149640824704,100.0,6.674213836477987,1.0,7.1672955974842765,,7.061635220125786,-0.03522012578616352,2.206781788433462,0.19898546403074424,80.85259566104662,0.07044025157232704,11.314465408805031,True,True
2026-01-12,2026,LONG,PM_LONG,75.76,2.15748031496063,1.5275590551181102,15.875,1.0360494392309454,0.5689655172413793,0.5689655172413793,0.9133858267716536,3.0,1.0934664038340478,0.8676634761442872,215.0,11.937007874015748,1.0,15.637795275590552,,15.149606299212598,-0.36220472440944884,5.048894067365478,0.30317758031599185,70.68267519609861,-0.7401574803149606,20.236220472440944,False,True
2026-01-14,2026,SHORT,ORB_SHORT,-60.74,0.7113578138343297,3.4133219470538005,41.82142857142857,1.1653988012909176,0.7272727272727273,0.7272727272727273,0.8548249359521777,5.0,1.173838840774163,0.9060100290029044,140.0,6.175064047822374,1.0,8.362937660119556,-8.42271562766866,6.910333048676345,-0.22715627668659266,3.5584586128379074,0.32571256707936563,22.64694135671631,1.8172502134927413,7.675491033304868,False,False
2026-01-14,2026,SHORT,ORB_SHORT,-220.24,0.7561615102254851,4.309386470896696,34.05357142857143,1.1653988012909176,0.7246376811594203,0.7246376811594203,2.0262191924488726,2.0,0.9857580323725271,0.7314686398387067,240.0,7.583639223911903,1.0,10.512847404299947,-10.461457787100157,8.604090194022024,-0.4037755637126376,3.553896842013482,0.17624186504965914,36.9985216874641,0.7414787624541164,9.426324069218667,False,False
2026-01-21,2026,LONG,PM_LONG,169.76,5.55,3.731818181818182,55.0,1.4206408132960193,0.3744075829383886,0.3744075829383886,0.9590909090909091,3.0,0.7553191242448085,1.0306827207835587,45.0,5.404545454545454,0.0,4.5181818181818185,1.490909090909091,2.7545454545454544,-0.5272727272727272,1.6838437795237537,1.190308473408103,97.572651575683,-0.9545454545454546,10.486363636363636,True,True
2026-01-26,2026,LONG,PM_LONG,101.76,1.9419917864476386,0.7207392197125257,37.46153846153846,1.0756664275070367,0.42748091603053434,0.42748091603053434,0.8742299794661191,4.0,0.7343647652523687,0.7827759633485292,60.0,4.871663244353183,0.0,4.871663244353183,,2.9763860369609856,-0.7140657084188912,1.1143096655567886,0.5302449504208714,82.18960155171813,-1.12782340862423,11.231519507186858,False,True
2026-01-26,2026,LONG,PM_LONG,-159.24,0.056338028169014086,2.9014084507042255,17.75,1.0756664275070367,0.5794392523364486,0.5794392523364486,1.5070422535211268,4.0,1.1238862609299203,0.8785121755418785,240.0,10.28169014084507,1.0,12.873239436619718,,9.816901408450704,-0.5633802816901409,3.663664113377872,0.19856777499142123,65.65945865011602,0.8169014084507042,23.704225352112676,False,False
2026-01-27,2026,LONG,PM_LONG,-17.240000000000002,0.8400000000000001,1.2087804878048782,36.607142857142854,0.7595191501258037,0.32926829268292684,0.32926829268292684,0.56,3.0,0.652867705230696,0.7445128558762684,65.0,4.377560975609756,1.0,4.739512195121952,-4.049756097560976,2.6839024390243904,-0.26634146341463416,1.8235720114083678,0.5046847295696371,34.03257898006119,0.9082926829268293,7.1434146341463425,False,False
2026-01-30,2026,LONG,PM_LONG,-407.24,0.7602424242424242,4.201696969696969,73.66071428571429,1.5866217782438323,0.8419540229885057,0.8419540229885057,1.181090909090909,2.0,1.1335061733797158,1.1960851925489535,65.0,2.29430303030303,0.0,2.29430303030303,4.059151515151515,0.5973333333333333,-0.828121212121212,0.1952341560473609,-0.11114687531166992,67.27584417567877,0.6584242424242424,3.475393939393939,False,False
2026-01-30,2026,SHORT,ORB_SHORT,-72.74,0.1063903281519862,3.3948186528497413,51.69642857142857,1.5866217782438323,0.7981651376146789,0.7981651376146789,1.5813471502590675,3.0,1.5243536783313199,0.8797325239108956,240.0,3.269084628670121,1.0,7.166839378238342,1.3492227979274611,4.420034542314335,-0.7157167530224525,3.7846613845240147,0.3611666191738647,34.8084830201755,-1.0397236614853196,4.951986183074266,False,False
2026-02-04,2026,SHORT,ORB_SHORT,148.76,3.4330434782608696,0.9221739130434783,82.14285714285714,1.7425774526678142,0.14027149321266968,0.14027149321266968,0.672608695652174,4.0,0.8772918854512511,0.8491321009256572,95.0,3.3934782608695655,1.0,4.0691304347826085,-1.8504347826086958,3.8834782608695653,-0.1673913043478261,1.9539667090211184,0.29888083772683827,55.3652059892871,1.0104347826086957,7.292173913043479,True,True
2026-02-05,2026,SHORT,ORB_SHORT,-407.24,0.6064077322355468,2.909253624485413,99.76785714285714,2.1954591375551655,0.1347517730496454,-0.1347517730496454,0.7066404152496868,2.0,0.6923406015815258,0.7077574469912176,80.0,4.114551637730446,0.0,4.114551637730446,-1.8693395382137106,1.7390370502953285,-0.4685877930911044,1.2348021317165454,0.3415917413948511,64.50518127766105,1.285484159656345,8.855557544299266,False,False
2026-02-06,2026,LONG,PM_LONG,394.26,2.8899954730647353,0.19646899049343594,78.89285714285714,2.13420552859253,0.8481012658227848,0.8481012658227848,1.0013580805794478,2.0,0.797351267849742,0.735981026471469,85.0,3.5934812132186513,0.0,3.5934812132186513,0.8302399275690358,1.7206880941602536,-1.1186057039384338,0.3976325116317524,0.12141948639137184,70.47842425260178,-0.6432775011317339,5.608872793119058,True,True
2026-02-09,2026,LONG,PM_LONG,69.26,2.472852233676976,0.29828178694158075,25.982142857142858,1.3527990757273396,0.5329341317365269,0.5329341317365269,1.606872852233677,2.0,1.8871289714744128,0.756247623236335,240.0,11.49828178694158,1.0,17.75257731958763,,11.815807560137458,-2.0013745704467354,4.641976258032667,0.42713622522059924,62.75955902854164,-0.5965635738831615,16.49209621993127,False,True
2026-02-10,2026,LONG,PM_LONG,-55.24,0.37899686520376175,2.6203761755485893,61.34615384615385,0.9551517697720827,0.09178743961352658,0.09178743961352658,0.8435736677115987,3.0,0.6745084962285951,0.7544750539545513,60.0,3.190909090909091,0.0,3.190909090909091,0.3749216300940439,0.48495297805642634,-0.6683385579937304,0.6657180269952658,0.39933895602800223,30.58606197572321,-0.09373040752351097,2.7344827586206897,False,False
2026-02-10,2026,SHORT,VWAP_SHORT,76.76,3.3804100227790435,0.05315110098709187,23.517857142857142,0.9551517697720827,0.013513513513513514,0.013513513513513514,1.5732725892179196,5.0,1.7155998493822209,0.8565056142318125,230.0,8.323462414578588,0.0,8.323462414578588,15.70083523158694,2.1898253606681854,-3.1252847380410023,1.653348638868895,0.06080435529068726,34.731818206786414,0.2870159453302961,7.13287775246773,True,True
2026-02-12,2026,SHORT,ORB_SHORT,569.26,5.028248587570621,0.10546139359698682,66.375,1.4297197139725455,0.6758893280632411,0.6758893280632411,0.9529190207156308,3.0,0.7482551533841909,0.9211297787978832,65.0,3.3709981167608287,1.0,4.045197740112994,1.1563088512241055,3.193973634651601,-0.1431261770244821,1.7720745095338917,0.3841312836509583,27.217082030069776,1.8418079096045197,10.719397363465161,True,True
2026-02-12,2026,SHORT,ORB_SHORT,29.26,1.2133048519987792,1.2303936527311565,58.517857142857146,1.4297197139725455,0.07142857142857142,0.07142857142857142,1.016783643576442,3.0,0.905911106676693,0.8047716344859038,135.0,3.8236191638693926,1.0,10.052487030820872,-3.178516936222154,8.112908147696062,-1.136405248703082,3.8652022776941823,1.1601860245300502,25.971841804181267,-1.5166310649984742,12.158681721086358,False,True
2026-02-13,2026,LONG,ORB_LONG,235.76,1.8933232456969924,0.5719689805182523,94.41071428571429,1.6104741245739076,0.8857938718662952,0.8857938718662952,0.9506336296576507,2.0,0.9207332570003622,0.8426120899183477,80.0,3.712502364289767,0.0,3.712502364289767,6.111594477019103,0.7838093436731606,-1.191602042746359,0.5738528165713547,0.2705648244679451,39.678324416428644,-0.6567051257802156,2.1660677132589368,False,True
2026-02-17,2026,LONG,PM_LONG,-24.74,2.0493995014729207,1.5164287332880126,78.80357142857143,0.8464387381630164,0.8973607038123167,0.8973607038123167,1.0818037616134148,5.0,0.8759515416907578,0.8168210551167415,95.0,4.647631996374348,0.0,4.647631996374348,0.8819397235440743,0.8787672784953546,-1.1103557670518922,1.692227993334786,-0.004043336881500815,68.13531014613949,0.48538409245411285,4.092454112848403,False,False
2026-02-17,2026,LONG,PM_LONG,260.76,2.091321439371031,0.5249470819473843,59.05357142857143,0.8464387381630164,0.7763975155279503,0.7763975155279503,2.044753553069247,2.0,1.005595346736355,0.9779377596309969,230.0,6.2019957665557905,0.0,6.2019957665557905,0.5334139703658906,1.8161475657695796,-0.8382219534321137,2.0564737031467923,0.07044772584951126,60.574914008787445,0.8551557302691261,5.4611430299364985,False,True
2026-02-20,2026,LONG,PM_LONG,-16.740000000000002,0.6561307901907357,1.993823796548592,98.30357142857143,1.3181818181818183,0.1972318339100346,0.1972318339100346,0.7349682107175295,3.0,0.7870760185532188,0.8072795190207535,75.0,4.122434150772025,0.0,4.282652134423252,-1.1545867393278837,3.662125340599455,-0.23142597638510445,1.4272834252619602,0.30256904431299003,81.7593945366244,1.6530426884650318,2.939872842870118,False,False
2026-02-20,2026,LONG,PM_LONG,-41.74,0.5889967637540453,1.1244483671668137,60.69642857142857,1.3181818181818183,0.24774774774774774,0.24774774774774774,0.9143865842894969,3.0,1.225094209807599,0.7438495936647699,255.0,6.676669608708444,1.0,7.624007060900265,-2.018240659017358,6.079435127978818,-0.9143865842894969,1.6616128209941043,0.059317921032182364,62.31775870484328,0.11120917917034422,4.761400411885849,False,False
2026-02-23,2026,SHORT,ORB_SHORT,89.74,2.0241529688024156,0.8453539080845355,53.232142857142854,1.7026421854008058,0.7406015037593985,0.7406015037593985,1.2492452197249246,5.0,0.8063687399571857,0.9354219730543624,80.0,3.7665213015766525,1.0,5.0251593425025165,,3.865145924186515,-0.0563569272056357,2.331842845203796,0.403165877500653,15.8433258166731,0.29117745722911775,4.414625964441463,False,True
2026-02-23,2026,SHORT,ORB_SHORT,76.76,1.6935483870967742,0.9553349875930521,28.785714285714285,1.7026421854008058,0.69375,0.69375,1.3895781637717122,4.0,1.2213654750091794,0.7442904633125175,265.0,6.965260545905707,1.0,12.931761786600497,,8.823821339950372,-2.066997518610422,3.264832579851893,0.09717182874299049,38.67175596570643,1.120347394540943,8.163771712158809,False,True
2026-02-25,2026,LONG,PM_LONG,89.76,1.8928363424577752,0.7687827606290041,42.925,0.9645811660969931,0.3706896551724138,-0.3706896551724138,0.6755969714618522,1.0,0.7254116228375308,0.8916809199752538,45.0,4.7582993593477,0.0,4.7582993593477,-5.0553290623179965,3.2032615026208506,-1.4735002912055912,0.22587386740166962,0.8609235785027178,85.80704972603561,-1.1881188118811883,9.34187536400699,False,True
2026-02-26,2026,SHORT,ORB_SHORT,-69.24000000000001,1.1109078435856392,1.5815229819345988,78.08928571428571,0.5816614652994502,0.9739952718676123,-0.9739952718676123,1.3542190715755775,3.0,1.059171161470001,0.9039678789480569,65.0,6.146809970272125,0.0,6.146809970272125,-2.321061056482964,4.683741138806312,-1.4534644408872628,1.7083690582234088,1.5798708756445692,32.00471666656762,-3.672078664532358,5.909901669334554,False,False
2026-03-02,2026,LONG,PM_LONG,202.76,2.7637285271754437,1.1433399042523233,63.410714285714285,1.2235037258531491,0.3048128342245989,-0.3048128342245989,0.7372571106730499,2.0,0.8000101378751013,0.7555391179627808,75.0,5.401295409743734,0.0,5.558997465502675,,4.419600112644326,-0.5204167840045058,0.9295226425017947,0.25160350841465473,39.60639094691484,1.6046184173472262,8.42523232892143,True,True
2026-03-03,2026,SHORT,ORB_SHORT,-813.24,0.35552257790968833,4.900148399406402,90.71153846153847,1.2676777074804615,0.5522388059701493,-0.5522388059701493,0.923256306974772,4.0,0.9860751609406218,1.0522162162162163,60.0,3.420182319270723,0.0,3.420182319270723,-2.1992792028831882,1.4220903116387533,-0.606317574729701,1.032682997859013,0.47351187413422635,70.70160438446263,-0.23425906296374813,5.07377570489718,False,False
2026-03-04,2026,LONG,PM_LONG,99.76,1.329618623080733,0.9883605745418523,77.65384615384616,1.6336670374490174,0.7163120567375887,-0.7163120567375887,0.45393759286775626,3.0,0.9440277629451943,0.7880544844231143,60.0,4.304358593363051,0.0,4.304358593363051,-3.3932639920752847,3.3610698365527485,-0.4378405151064883,1.8821035608038605,0.7757109414369708,29.49624506072064,-0.28008915304606236,9.587419514611193,False,True
2026-03-04,2026,LONG,PM_LONG,3.76,1.1575520833333335,1.39453125,27.428571428571427,1.6336670374490174,0.39849624060150374,0.39849624060150374,1.2122395833333335,2.0,1.066829786708188,0.7142697650215717,240.0,12.186197916666668,1.0,14.227864583333334,-12.213541666666668,12.122395833333334,-0.6744791666666667,4.840866089163437,0.2534028078180389,53.3749970540245,1.7135416666666667,27.143229166666668,False,True
2026-03-05,2026,SHORT,VWAP_SHORT,83.66,3.8152753108348136,1.1438721136767318,70.375,1.0464404894327028,0.7900874635568513,-0.7900874635568513,1.2184724689165187,4.0,1.1438037747324075,0.9865279626259609,65.0,3.946714031971581,0.0,3.946714031971581,3.2539964476021312,-0.7779751332149201,-1.5914742451154529,0.5932934914717035,0.3714243844551093,43.20165380371975,-2.0,3.4706927175843694,True,True
2026-03-10,2026,LONG,PM_LONG,134.76,2.5857880352262375,1.0501062860613422,63.32692307692308,1.4729241877256318,0.8305785123966942,0.8305785123966942,0.9553598542362587,5.0,0.8466196805419421,0.8441085284896043,60.0,2.9766170665047067,0.0,2.9766170665047067,0.01579107197084725,0.9869419981779531,-0.42635894321287576,1.0199993286282787,-0.2590762793654475,49.11025642721585,1.8278165806255693,4.488612207713331,True,True
2026-03-10,2026,LONG,PM_LONG,-813.24,0.6033824331696672,6.430987452264048,32.732142857142854,1.4729241877256318,0.8983050847457628,0.8983050847457628,1.3518821603927988,2.0,1.1564907349573184,0.8504252238517729,225.0,5.758865248226951,1.0,9.39443535188216,-4.368794326241135,6.308783415166395,-0.06110201854882707,3.994051455349726,0.2687893076430495,63.03021773132952,-0.25204582651391166,8.684124386252046,False,False
2026-03-11,2026,SHORT,ORB_SHORT,66.26,1.4398496240601504,1.8120300751879699,66.5,1.3154679255762287,0.6734104046242775,0.6734104046242775,1.300751879699248,3.0,0.9287200445295083,0.9714289039947854,60.0,3.330827067669173,0.0,3.330827067669173,1.1578947368421053,0.9849624060150376,-0.16541353383458646,1.5392758919134442,0.20976464225368135,55.44975597004706,1.406015037593985,6.402255639097745,False,True
2026-03-11,2026,SHORT,ORB_SHORT,18.76,1.1727401798390915,1.3317557974443919,37.732142857142854,1.3154679255762287,0.25380710659898476,-0.25380710659898476,1.3052531945101753,2.0,2.339544513457557,1.1265904916915024,250.0,5.870326549929011,1.0,8.116422148603881,1.1131093232371037,2.6635115948887838,-1.610033128253668,2.113930953693358,0.14796526298031915,43.26978543463117,2.2262186464742073,11.283483199242784,False,True
2026-03-12,2026,SHORT,ORB_SHORT,20.76,0.6919856459330144,2.0176435406698565,64.3076923076923,1.2268814218272703,0.3221476510067114,0.3221476510067114,0.5792464114832536,4.0,0.826865994190518,0.896310054914834,60.0,3.7942583732057416,0.0,3.7942583732057416,-4.171351674641149,2.647428229665072,-0.22936602870813397,1.7065529095623735,0.3850234734605501,27.84725001119496,0.555921052631579,6.80322966507177,False,True
2026-03-17,2026,LONG,PM_LONG,-75.74,0.8160484481453444,2.437547312641938,23.589285714285715,0.9909852485885995,0.8,0.8,1.695685087055261,2.0,1.318404993340887,0.7355519686036207,260.0,6.369417108251325,0.0,7.143073429220287,-9.442846328538986,1.6214988644965935,-3.200605601816805,0.1583683223666815,-0.042379133709717645,57.06726852699698,-0.5299015897047691,17.613928841786525,False,False
2026-03-20,2026,SHORT,ORB_SHORT,23.26,3.1508862948551664,0.909641158668396,72.28125,1.32319799678054,0.05220883534136546,0.05220883534136546,0.8612191958495461,4.0,1.0531003652783089,0.9319994760174569,35.0,3.4621703415477736,0.0,3.1958495460440988,-0.42888024210981407,2.690877648076092,-0.46000864677907477,1.0263174187750452,0.6379531605469753,18.06922868812329,0.6294855166450497,4.195417207090359,True,True
2026-03-23,2026,LONG,ORB_LONG,-407.24,0.9354746200172067,5.231431029538284,62.267857142857146,1.1832358674463939,0.4109090909090909,0.4109090909090909,1.1041009463722398,1.0,0.8986622729900839,1.0264778581163807,75.0,4.13535990823057,0.0,4.13535990823057,,2.188127330083166,-0.9515342701462575,0.883773078300267,0.4428178176119012,82.31517214102308,0.06423860051620303,15.91109836535704,False,False
2026-03-24,2026,SHORT,OPEN_SHORT,-39.74,0.6221441124780316,2.5342706502636205,71.125,1.32586954597752,0.4911504424778761,0.4911504424778761,0.7943760984182777,2.0,0.7428820173596529,0.7659762569388986,65.0,2.562390158172232,0.0,2.562390158172232,-1.4130052724077329,0.7170474516695958,-0.9806678383128296,0.1673248193345625,-0.0010310808981904638,13.330338130632029,-1.0404217926186292,4.407732864674868,False,False
2026-03-24,2026,SHORT,MOM_SHORT,-251.24,0.8249889233495791,3.858218874612317,40.30357142857143,1.32586954597752,0.6875,0.6875,0.9924678777137793,4.0,1.4851905512479635,1.202475703077072,215.0,4.521931767833407,0.0,6.20292423571112,-2.76650420912716,1.5383252104563578,-1.4576871953921133,1.6386780309144295,0.01566971436573199,29.98321308785839,3.2627381479840496,7.7784669915817455,False,False
2026-03-25,2026,LONG,VWAP_LONG,-241.24,0.044515103338632754,4.644409114997351,33.69642857142857,1.344101247898044,0.266304347826087,0.266304347826087,1.365129835718071,5.0,1.1362150381402107,0.8488620079521525,250.0,5.861155272919979,0.0,7.08532061473238,-2.485426603073662,1.1351351351351353,-1.7064122946475888,1.3906462014094527,0.02864066496677191,61.38160810803728,0.5786963434022258,8.813990461049285,False,False
2026-03-26,2026,SHORT,VWAP_SHORT,723.52,4.714457831325301,0.47650602409638554,59.285714285714285,1.1059745520186677,0.4179566563467492,-0.4179566563467492,1.3620481927710844,4.0,1.1917567605192216,1.2108433411053743,85.0,2.9560240963855424,0.0,3.516867469879518,-3.116265060240964,0.9024096385542169,-1.1765060240963856,0.9280709934686325,0.24359749117423465,24.733538878180525,-0.4427710843373494,9.791566265060242,True,True
2026-03-27,2026,SHORT,ORB_SHORT,177.26,5.136446331109763,2.2922983626440265,29.446428571428573,1.0178143647371403,0.375886524822695,0.375886524822695,1.197089144936325,3.0,0.9285554450874256,0.7188836698977003,210.0,7.479684657368101,0.0,7.657974530018192,-10.671922377198301,6.562765312310491,-0.7471194663432383,2.199251732239043,0.16269782934161853,44.98917495535147,2.682838083687083,13.600970285021225,True,True
2026-03-31,2026,LONG,PM_LONG,-77.24,4.940773707634372,2.7264635398836012,66.38636363636364,1.0417992785911308,0.12087912087912088,0.12087912087912088,1.028072577884286,3.0,0.8883940121723417,0.9790646137713873,50.0,3.1595344060253336,0.0,3.0465593974666207,-0.3087983567271482,2.673741869222869,-0.3389250256761383,0.8625180915796082,0.5613809388618385,46.667790828212866,1.65320095857583,12.276617596713454,True,False
2026-03-31,2026,LONG,PM_LONG,172.16,1.4450574712643678,0.34758620689655173,77.67857142857143,1.0417992785911308,0.8115501519756839,-0.8115501519756839,1.0588505747126435,3.0,0.9240522627776798,1.1774606282907845,215.0,2.700229885057471,1.0,6.246896551724138,-3.0413793103448277,5.062528735632184,-1.139310344827586,2.683375520907542,0.8141460215538772,66.71263292218,-1.2197701149425286,10.491954022988505,False,True
2026-03-31,2026,LONG,PM_LONG,14.260000000000002,0.35078299776286354,1.3937360178970917,79.82142857142857,1.0417992785911308,0.848605577689243,0.848605577689243,0.7861297539149888,3.0,0.5779516841819317,0.8037076564606601,240.0,2.6277404921700223,1.0,6.260850111856824,-4.015212527964206,5.982102908277405,-0.2348993288590604,3.3819038712608323,0.3629470201780456,67.52826027889944,-0.39149888143176736,10.210290827740492,False,True
2026-04-01,2026,LONG,VWAP_LONG,554.52,3.041539401343922,0.5201588271227856,62.96153846153846,1.41973265436028,0.4389312977099237,-0.4389312977099237,1.0403176542455712,3.0,0.8513607815771109,0.9796347036455848,60.0,2.755650580329872,0.0,2.755650580329872,-2.9144777031154554,1.0959071472205253,-0.9450213805742211,0.27033081495000455,0.2967121344667455,75.56270108727267,-0.8338423946243128,6.841478313989004,True,True
2026-04-06,2026,LONG,PM_LONG,-131.24,0.41954022988505746,1.75,87.0,1.286653935921918,0.47770700636942676,0.47770700636942676,0.9022988505747126,4.0,1.0358229508806862,0.9499584698515643,40.0,2.3879310344827585,0.0,2.3879310344827585,,1.0316091954022988,-1.1293103448275863,0.2166250349401634,0.23174150494763116,19.87464342386089,-1.7528735632183907,2.824712643678161,False,False
2026-04-07,2026,SHORT,ORB_SHORT,-407.24,0.4573590096286107,4.83837689133425,51.92857142857143,0.986038616592404,0.4803370786516854,-0.4803370786516854,1.7138927097661623,3.0,1.1430174856791004,1.2991823154570574,105.0,5.955295735900963,0.0,6.966299862448418,-2.9752407152682254,3.7696011004126544,-2.0508940852819806,0.9943589659705198,0.5020981232332808,38.41932479193459,-3.3170563961485557,18.992434662998622,False,False
2026-04-09,2026,LONG,MOM_LONG,95.58,6.36105476673428,0.7667342799188641,35.214285714285715,0.8860598345003181,0.1652892561983471,0.1652892561983471,0.859026369168357,5.0,0.8672277553361051,0.8748747065708725,85.0,4.280933062880324,0.0,4.330628803245436,5.998985801217039,-1.1501014198782962,-2.0517241379310343,0.3940374146656868,-0.21078795358289149,76.99985957024289,1.4198782961460445,9.967545638945232,True,True
2026-04-10,2026,LONG,VWAP_LONG,-130.74,0.9426540284360189,3.28388625592417,40.57692307692308,0.8948588104025406,0.34810126582278483,0.34810126582278483,0.9734597156398104,4.0,0.7147197413526248,1.034068129966171,60.0,2.667772511848341,0.0,2.667772511848341,-2.0208530805687204,0.9919431279620853,-0.5360189573459715,0.7684104889559339,0.0061428613426253165,26.058882614259204,-0.5791469194312796,4.029383886255924,False,False
2026-04-14,2026,LONG,PM_LONG,531.52,5.41768131286395,0.7930121757543674,33.732142857142854,0.7694272002817769,0.20634920634920634,-0.20634920634920634,0.9338274219163579,2.0,0.6931520194639833,0.8965107900759459,65.0,4.543144520910535,0.0,4.780307040762309,-7.085230280571731,3.9428268925357335,-0.8226574907358392,1.2258195464415236,0.5848081465913765,47.8067128381297,-1.1635786130227634,14.22233986236104,True,True
2026-04-15,2026,LONG,PM_LONG,97.38,4.567089755213056,0.7896645512239348,42.42307692307692,0.6142136472254182,0.11206896551724138,0.11206896551724138,0.6835902085222122,4.0,0.8368767926086064,0.9231572502660701,60.0,4.00725294650952,0.0,4.00725294650952,-3.1527651858567545,2.675430643699003,-0.3830462375339982,1.779296950834991,0.6209761264981353,86.9129280002088,1.5086128739800546,12.528558476881233,True,True
2026-04-15,2026,LONG,PM_LONG,234.76,5.350260416666667,0.39192708333333337,27.428571428571427,0.6142136472254182,0.7263157894736842,-0.7263157894736842,0.8658854166666667,3.0,0.6615873961293312,0.7506783176592932,250.0,6.197916666666667,1.0,9.84375,-6.58984375,5.8515625,-2.5247395833333335,1.9418990144588786,0.15712243372126977,54.97069918250775,-0.73828125,19.377604166666668,True,True
2026-04-16,2026,LONG,PM_LONG,87.26,2.9224652087475147,2.859840954274354,35.92857142857143,0.7556011782558243,0.671957671957672,-0.671957671957672,1.3151093439363817,4.0,0.827320541843659,0.7315327596489734,115.0,4.9473161033797215,1.0,6.366799204771372,-2.2405566600397613,0.5079522862823062,-1.3011928429423458,2.1589635202897832,0.5420402220964605,46.001761192528484,-2.143141153081511,3.7157057654075545,True,True
2026-04-17,2026,LONG,ORB_LONG,66.26,1.8093041138023838,1.1295655517108805,50.01923076923077,0.9713487701594739,0.9170305676855895,0.9170305676855895,1.144559784698193,3.0,0.7468196614676202,0.8907268252207232,60.0,3.348712033833141,0.0,3.348712033833141,-4.593233371780085,1.9942329873125721,-0.08996539792387544,1.5120507167326893,0.37868112362718936,90.22904055700945,1.0146097654748174,7.382160707420224,False,True
2026-04-22,2026,LONG,PM_LONG,50.26,1.9390026714158504,0.6019590382902938,43.19230769230769,1.209027840345977,0.48704663212435234,-0.48704663212435234,1.1170970614425646,4.0,1.0057466204119487,1.266603536207573,60.0,4.369991095280499,0.0,4.369991095280499,-1.8811219946571682,1.9679430097951913,-0.7003561887800535,1.737788482597562,0.93671002289837,85.26749769523823,-0.9318788958147818,7.674977738201246,False,True
2026-04-22,2026,LONG,PM_LONG,29.76,2.0659025787965617,0.832378223495702,24.928571428571427,1.209027840345977,0.9411764705882353,0.9411764705882353,1.363896848137536,2.0,1.1376949879897842,0.9725844492896955,210.0,7.57163323782235,1.0,8.083094555873926,-4.553008595988539,4.703438395415473,-0.43123209169054444,2.4280914011020305,0.1472111486428368,59.99577301538512,0.48137535816618915,13.297994269340975,False,True
2026-04-24,2026,LONG,ORB_LONG,508.52,3.6166666666666667,0.2602564102564103,55.714285714285715,1.2345800232080693,0.165,0.165,0.8974358974358975,3.0,0.8008023236743749,0.9742862058844367,75.0,2.467948717948718,0.0,2.6878205128205126,-1.889102564102564,0.9153846153846154,-0.33205128205128204,0.7899319305073172,0.06266257760580629,74.59664192438844,2.0955128205128206,6.295512820512821,True,True
2026-04-24,2026,LONG,PM_LONG,11.760000000000002,0.44164037854889593,2.2965299684542586,22.642857142857142,1.2345800232080693,0.3853658536585366,0.3853658536585366,2.2634069400630916,5.0,0.9955630301350838,0.8819299229866884,260.0,6.072555205047319,1.0,14.695583596214512,-12.354889589905364,9.958990536277602,-1.192429022082019,6.230343052986381,0.3490984206295057,70.04849605369292,1.5347003154574133,15.490536277602525,False,True
2026-04-28,2026,SHORT,ORB_SHORT,-78.24,0.9817483189241114,2.9362792186999678,55.767857142857146,0.694903150941712,0.7534246575342466,0.7534246575342466,0.9817483189241114,3.0,1.440050755619622,0.9888391097093294,75.0,3.254562920268972,1.0,3.770092859430035,-4.249759846301632,1.7976304835094459,-0.3675952609670189,1.7595499348559525,0.4470997379926187,53.68322974924275,0.7755363432596861,7.235350624399615,False,False
2026-04-30,2026,LONG,VWAP_LONG,445.76,4.031094527363184,0.11318407960199005,28.714285714285715,0.9552798357582789,0.503030303030303,0.503030303030303,1.4365671641791045,4.0,1.1493913642295197,0.9529938112382736,240.0,11.414179104477611,0.0,11.832089552238806,-5.023631840796019,-0.19154228855721392,-0.7052238805970149,5.3560201055694066,0.3038304724049797,62.49072998516797,0.5310945273631841,17.003731343283583,True,True
2026-05-01,2026,LONG,PM_LONG,-40.239999999999995,0.539553752535497,2.5557809330628802,35.214285714285715,1.0707142224975663,0.27900552486187846,-0.27900552486187846,2.5699797160243407,4.0,0.8815687106584623,1.1448994599594264,140.0,8.327586206896552,0.0,8.59026369168357,-7.397565922920892,7.170385395537525,-0.922920892494929,1.865237503004901,0.2452475084304471,71.50780497133431,-0.9016227180527383,3.088235294117647,False,False
2026-05-05,2026,LONG,PM_LONG,-47.74,1.893851132686084,1.6582524271844659,27.589285714285715,1.0785893541143838,0.552,0.552,1.1326860841423947,2.0,0.8092489375504746,0.7413955831843083,125.0,5.962459546925566,1.0,6.506148867313915,-7.095145631067961,5.391585760517799,-0.48025889967637536,1.8970699644546758,0.20991404139567513,71.55101236833566,0.2174757281553398,23.396763754045306,False,False
2026-05-05,2026,LONG,PM_LONG,14.260000000000002,1.627556512378902,0.4671689989235737,16.589285714285715,1.0785893541143838,0.52,0.52,1.130247578040904,4.0,0.8740947392893017,0.7007791928233162,260.0,9.916038751345532,1.0,11.890204520990311,-13.321851453175457,10.48869752421959,-0.34660925726587727,3.8736127657410173,0.1698861145768733,66.53753574554278,0.7082884822389666,38.91065662002153,False,True
2026-05-06,2026,LONG,ORB_LONG,83.88,2.9167626728110596,0.1497695852534562,66.76923076923077,0.6370475263297637,0.956989247311828,0.956989247311828,1.044642857142857,2.0,0.6793378340613921,0.7111301511083417,60.0,2.5385944700460827,0.0,2.5385944700460827,-4.436923963133641,1.4340437788018432,-0.31077188940092165,0.5618334407860651,0.005618461587293856,44.02272197044027,1.171947004608295,6.249135944700461,True,True
2026-05-07,2026,LONG,PM_LONG,-813.24,0.3827338129496403,8.836450839328538,37.232142857142854,0.8207622958136213,0.3160377358490566,-0.3160377358490566,1.4235011990407676,2.0,1.0041247905325574,1.1352938767005456,95.0,5.08968824940048,0.0,6.3654676258992815,-4.210071942446043,3.5520383693045567,-1.6786570743405278,1.5645197893947373,0.6457161270146208,68.55124274336157,-1.5040767386091127,7.325659472422063,False,False
2026-05-08,2026,LONG,PM_LONG,230.26,4.7736585365853665,0.1229268292682927,36.607142857142854,1.2132464518432562,0.2824427480916031,-0.2824427480916031,0.8946341463414635,2.0,0.8200758462474835,0.7459203550557628,105.0,8.270243902439026,0.0,8.919024390243903,-5.490731707317074,7.327804878048781,-1.2019512195121953,1.8019739151938832,0.47453020166035,69.83879119831647,-1.1609756097560977,5.975609756097562,True,True
2026-05-11,2026,LONG,PM_LONG,210.84,1.879751954704772,0.1623078997034241,66.23214285714286,0.8722415271447267,0.6751054852320675,0.6751054852320675,0.8945807495281747,3.0,1.3468903149207456,0.9844523458159598,65.0,2.872472364518738,0.0,2.872472364518738,,0.7700188730115933,-1.2267457535723914,-0.013622899793440474,-0.13918354722478524,23.90861773928907,-0.6605554057697492,3.4688595308708545,False,True
2026-05-12,2026,SHORT,ORB_SHORT,133.76,4.934841982052283,1.1330472103004292,80.09375,0.9584492588369441,0.5340314136125655,-0.5340314136125655,0.5961763558330082,3.0,1.0260229866318877,0.7582913520699684,35.0,3.617635583300819,0.0,2.5938353492001562,-1.3796332422941866,0.9520093640265314,-0.6055403823644167,0.6618699601436615,0.06995696907520906,69.24042649423548,1.0643776824034334,3.517752633632462,True,True
2026-05-12,2026,SHORT,ORB_SHORT,375.76,4.333333333333333,0.025396825396825397,78.75,0.9584492588369441,0.24615384615384617,0.24615384615384617,0.8253968253968254,4.0,0.9584264804644017,0.7148737920397363,70.0,3.679365079365079,0.0,3.679365079365079,-2.088888888888889,1.6539682539682539,-0.9714285714285714,1.0005921589297018,0.3354886663521433,55.317962677248495,-1.3015873015873016,3.577777777777778,True,True
2026-05-14,2026,LONG,PM_LONG,84.26,1.3954692556634303,2.020711974110032,55.17857142857143,1.0768529076396807,0.8383838383838383,0.8383838383838383,0.44854368932038835,4.0,0.6679201027569388,0.751885855617642,75.0,4.181877022653722,1.0,4.594174757281554,-2.564401294498382,4.1773462783171516,-0.013592233009708738,1.8170889797799052,0.3091948278474736,80.01396720819841,1.4271844660194175,5.16957928802589,False,True
2026-05-18,2026,SHORT,ORB_SHORT,-30.24,1.996845978622744,1.064657438233748,101.91071428571429,1.4483620458805675,0.7347480106100795,0.7347480106100795,0.9248291571753986,3.0,0.9662461591506019,0.8116123029078673,75.0,3.380410022779043,0.0,3.7876292272647625,,3.147362887681794,-0.45873488698090065,1.6197610324430238,0.46712971517314844,25.710992533008437,-2.161205537059751,4.805677238479061,False,False
2026-05-19,2026,SHORT,ORB_SHORT,-407.24,0.2213720989543484,4.7523590920683505,70.01785714285714,1.8524655180011453,0.28307692307692306,-0.28307692307692306,1.160418260647794,2.0,0.8934323943089171,0.7226179682223649,120.0,5.784238714613619,0.0,5.784238714613619,-0.2963529711808212,0.8105075235909207,-1.8638102524866107,0.5171116842594051,0.11288555392153196,63.136683896507,-0.3998979852078552,4.702371843917368,False,False
2026-05-19,2026,LONG,PM_LONG,-32.239999999999995,0.9748549323017408,3.357833655705996,36.92857142857143,1.8524655180011453,0.42290748898678415,-0.42290748898678415,1.536750483558994,1.0,0.9120747922329947,0.7658420112437007,255.0,10.967117988394584,0.0,12.54448742746615,7.886847195357833,5.835589941972921,-1.6382978723404253,5.262922568461496,0.45355090923439084,65.77788024303081,0.14216634429400385,8.915860735009671,False,False
2026-05-20,2026,LONG,PM_LONG,533.52,1.9785579146520917,0.4809754046668068,91.48076923076923,1.5826600642863347,0.08898305084745763,0.08898305084745763,0.6449442926214001,4.0,0.8241571448723374,0.9573856262373844,60.0,2.790203910027328,0.0,2.790203910027328,-0.9646836241328569,1.5413075467731765,-0.5328988858524281,0.9839422408945331,0.20539707572568622,27.518635915020667,-0.4864410342652933,5.583140634853899,False,True
2026-05-22,2026,LONG,PM_LONG,-53.74,2.169135802469136,3.3444444444444446,28.928571428571427,1.3879343423577064,0.7375,0.7375,1.3827160493827162,3.0,0.9637902263925364,0.7067708001415207,230.0,7.881481481481482,0.0,7.881481481481482,-4.537037037037037,3.612345679012346,-1.1493827160493828,1.804444034239148,0.13222324195920482,58.343773828560934,-1.5037037037037038,7.881481481481482,False,False
2026-06-03,2026,SHORT,ORB_SHORT,80.26,2.2343434343434345,1.7591919191919192,44.19642857142857,0.7676827968450224,0.05405405405405406,-0.05405405405405406,1.0464646464646465,3.0,1.1935514825832454,0.8740702127232993,135.0,7.053737373737374,0.0,7.053737373737374,4.08969696969697,3.3995959595959597,-2.454949494949495,1.1325896549957095,0.08989901535231809,45.979298827466216,-0.1301010101010101,10.102626262626263,False,True
2026-06-05,2026,SHORT,ORB_SHORT,438.76,9.839896373056995,0.544041450777202,68.92857142857143,0.9843530164144106,0.708185053380783,0.708185053380783,1.0191709844559584,3.0,0.9267773188913998,0.7844468621342809,100.0,4.9689119170984455,1.0,5.425906735751295,-6.140414507772021,4.468393782383419,-0.018134715025906734,2.2238643391578248,0.2320519893567625,24.313794819434378,1.9621761658031087,3.5689119170984456,True,True
2026-06-05,2026,SHORT,ORB_SHORT,1048.02,6.877494626957323,0.9542523794903286,58.160714285714285,0.9843530164144106,0.5674740484429066,0.5674740484429066,1.2422474669941663,3.0,1.0973951701663898,0.9733174301106972,210.0,5.8888547743322075,1.0,12.405280933374272,-12.061406202026404,10.079828062634327,-1.212158428001228,5.158771775633903,0.8379465403383921,27.69544850610575,-1.1519803500153516,4.229659195578754,True,True
2026-06-08,2026,LONG,ORB_LONG,186.26,1.5435203094777563,1.5681378582732548,101.55357142857143,1.7456735663386493,0.5660377358490566,0.5660377358490566,0.6523650430807104,4.0,0.7503608733703869,0.8864796070081953,65.0,2.4863724283453488,1.0,2.6808510638297873,,0.593282925971514,-0.17232284156848954,1.2148919961697384,0.10759330225929274,70.78722436962455,1.0807103921223844,6.218392825742923,False,True
2026-06-11,2026,LONG,PM_LONG,378.32,3.050131926121372,0.17678100263852242,94.75,2.503799236045509,0.9669811320754716,0.9669811320754716,3.9155672823219,3.0,1.5521878434949368,1.761760327157939,235.0,4.20844327176781,1.0,5.443271767810026,1.7387862796833773,3.503957783641161,-0.08443271767810026,2.7637914135710564,0.0006484869368574619,66.24787726204568,3.87598944591029,10.638522427440634,True,True
2026-06-11,2026,LONG,PM_LONG,285.76,1.4190385831752055,1.28842504743833,112.92857142857143,2.503799236045509,0.38317757009345793,0.38317757009345793,0.7106261859582542,2.0,0.8723314138437553,0.8017701487124638,265.0,3.5309930423782414,1.0,6.417773561037318,0.3187855787476281,4.080012650221379,-0.7814674256799494,2.9637043809794696,0.4952894900527926,65.82755256965288,-2.335547122074636,8.925996204933586,False,True
2026-06-12,2026,LONG,PM_LONG,355.52,1.3717085119412125,1.6374770361298225,116.64285714285714,2.474062512835257,0.9356846473029046,0.9356846473029046,2.0661359461114515,3.0,1.2023909003319682,1.1938826722839957,80.0,3.405695039804042,0.0,3.405695039804042,-0.47795468462951624,0.8916105327617881,-0.23361910593998775,1.3122511714875884,0.20653018689697816,76.51712781011676,0.0385793018983466,3.55786895284752,False,True
2026-06-15,2026,LONG,PM_LONG,239.76,2.7395923054837787,0.48521389606660925,66.98076923076923,1.9262732944582637,0.4789915966386555,-0.4789915966386555,0.8883146712604078,1.0,0.6858898850955158,0.8159373486194089,60.0,2.9150157909847834,0.0,2.9150157909847834,,1.466838931955211,-1.0226815963250073,0.24913282753418006,0.09629327713521761,65.69555141998458,0.3359173126614987,10.405971863336205,True,True
2026-06-16,2026,SHORT,ORB_SHORT,89.74,3.065440778799351,1.4975662520281234,71.11538461538461,0.8920605146189291,0.810958904109589,0.810958904109589,1.283126014061655,5.0,1.2296714647826745,1.386066707357588,60.0,4.190373174689022,0.0,4.190373174689022,0.04921579232017307,2.872093023255814,-0.24256354786371012,2.402699729169271,0.5714361749444766,19.13645953827279,0.5905895078420769,9.407247160627366,True,True
2026-06-23,2026,SHORT,VWAP_SHORT,-44.24,2.9772065955383127,1.6193016488845782,73.64285714285714,1.3491443527280047,0.4219269102990033,0.4219269102990033,1.021823472356935,4.0,0.8097485192737159,0.7167831303255542,95.0,5.845780795344326,0.0,5.845780795344326,-9.593598448108633,-1.062560620756547,-2.4442289039767218,0.9970880100035969,0.05551833403740666,45.88971512061901,0.061105722599418044,11.263821532492726,True,False
2026-06-24,2026,LONG,ORB_LONG,-407.24,0.08272601930273783,6.551900728776836,90.66071428571429,1.5272098144070463,0.48134328358208955,-0.48134328358208955,0.7390191057711246,3.0,0.8461610224834407,0.7791582370390596,90.0,3.4910380145755364,1.0,4.21902698443963,2.0764230844987197,1.6269450462871773,-0.5377191254677959,1.4839971075367757,0.32240974544997725,37.33807668430035,-0.49635611581642697,5.666732322237541,False,False
2026-06-26,2026,LONG,PM_LONG,140.26,1.6024818142918273,2.318356867779204,83.46428571428571,2.342245989304813,0.10270270270270271,-0.10270270270270271,1.1082584510055629,3.0,1.076280255471716,1.0402242103868893,120.0,5.7958921694480106,0.0,5.7958921694480106,7.31750106974754,2.632862644415918,-0.9944373127941807,1.5025362069187336,0.20010779780409152,64.59302862740324,1.042362002567394,4.211382113821139,False,True
2026-06-26,2026,LONG,PM_LONG,74.22,1.6654056326187474,1.9978982765868014,84.96428571428571,2.342245989304813,0.4962686567164179,-0.4962686567164179,1.577133249264397,2.0,1.2996514179971599,1.223951221061323,140.0,5.693568726355612,0.0,6.290878520386718,7.4678436317780585,2.3068516183270282,-1.853720050441362,0.9446537520713286,0.36901704893566273,55.655495007601466,-2.498108448928121,4.137032366540564,False,True
2026-06-29,2026,LONG,VWAP_LONG,615.26,3.3137697516930023,0.3905191873589165,110.75,1.772805913809374,0.3092105263157895,-0.3092105263157895,0.3431151241534989,2.0,0.6850473181521688,0.7122078790556596,90.0,5.112866817155756,0.0,5.112866817155756,,0.5372460496613995,-1.2415349887133182,1.0286872601175983,0.10281868317482061,41.83498155983395,1.7720090293453725,5.772009029345372,True,True
2026-06-30,2026,LONG,PM_LONG,101.26,2.880327868852459,0.3442622950819672,43.57142857142857,1.385419943378421,0.8650306748466258,0.8650306748466258,0.9352459016393443,4.0,0.8772191432429521,0.7675565857190161,140.0,9.358196721311476,1.0,10.040983606557377,-9.134426229508197,9.650819672131147,-0.06885245901639345,3.391481700179453,0.3072408770906551,69.83536851542361,1.0098360655737706,12.777868852459017,True,True
2026-07-02,2026,SHORT,ORB_SHORT,213.56,5.072847682119205,0.7350993377483444,113.25,1.107720973564691,0.27061310782241016,0.27061310782241016,1.044150110375276,4.0,1.1916668470691807,1.2164112459534022,60.0,3.5805739514348787,0.0,3.5805739514348787,-1.3333333333333333,1.5253863134657837,-0.13245033112582782,1.888459148099159,0.294589947944838,13.675840922306207,1.3178807947019868,7.046357615894039,True,True
2026-07-02,2026,SHORT,ORB_SHORT,148.76,3.903353997774599,0.7566364647909712,112.33928571428571,1.107720973564691,0.4784394250513347,0.4784394250513347,1.0837704657447147,3.0,1.120808884768591,0.7597477099028112,80.0,3.6096010173263395,1.0,5.009378477189636,-2.5547607693530443,2.7483706882848513,-0.32268319821967895,2.536549987179819,0.9189133518895772,14.29190579530156,-0.0022254013670322684,7.103481163567001,True,True
2026-07-02,2026,SHORT,ORB_SHORT,75.34,1.8074315161377816,1.2226742609167345,65.83928571428571,1.107720973564691,0.39473684210526316,-0.39473684210526316,1.4429075128831028,4.0,1.1941513677284166,0.8429569555902995,215.0,6.158936804990508,1.0,13.760781122864119,-9.211825332248441,9.542175210197994,-0.9113100081366966,6.078294172399399,0.6298246027629739,29.219833674300148,1.0138323840520749,12.120423108218064,False,True
2026-07-07,2026,SHORT,ORB_SHORT,76.68,1.0680028632784537,3.1782390837508947,87.3125,1.0300408933626928,0.18309859154929578,-0.18309859154929578,0.6098783106657122,3.0,0.774854597900948,0.7799399632611,55.0,4.8790264853256975,0.0,4.8790264853256975,-5.417322834645669,3.3185397279885467,-0.49821045096635647,1.8586845857721408,0.8054169582972772,37.60552234969741,-0.9878310665712241,5.474588403722262,False,True
2026-07-08,2026,SHORT,ORB_SHORT,-407.24,0.3373493975903614,4.768072289156627,83.0,1.2294553782850044,0.8298429319371727,0.8298429319371727,1.1506024096385543,3.0,0.9118731942398391,0.7150087794392407,110.0,2.3855421686746987,1.0,4.132530120481928,-1.783132530120482,1.6957831325301205,-0.07228915662650602,2.5404922006923423,0.28616864879801274,34.397441186619986,0.9457831325301205,8.11144578313253,False,False
2026-07-09,2026,LONG,PM_LONG,4.760000000000002,2.05,1.48,25.0,1.3592640037265633,0.64,0.64,1.5,3.0,1.2302927927927927,1.0201941659277447,215.0,12.67,1.0,13.38,-17.69,7.84,-0.27,4.666550636988831,0.2683606085102656,71.01530245268535,0.89,20.07,False,True
2026-07-10,2026,LONG,PM_LONG,502.76,1.9413420929141247,1.2613796339746597,76.10714285714286,0.8890959201894336,0.6646884272997032,0.6646884272997032,1.1069920225246364,3.0,0.7876276198493384,0.9414938158057299,105.0,3.8564054434537773,0.0,3.8564054434537773,0.8343500703894885,1.2515251055842327,-0.5058657907085875,0.5895293348220125,-0.10063459186507899,42.41137147855678,2.9432191459408727,3.041764429845143,False,True
2026-07-14,2026,LONG,VWAP_LONG,74.88,1.082856537401992,1.186692095783005,84.26785714285714,1.2022648631645172,0.34349030470914127,0.34349030470914127,1.070989616444162,3.0,0.8007168873215008,1.2271747163744695,90.0,3.230769230769231,0.0,3.2812036448400086,-0.6170798898071626,-0.07713498622589532,-0.46874337783428693,0.9255219058871686,0.12977117737600627,77.5333115868401,2.391184573002755,7.689764780673872,False,True
2026-07-15,2026,SHORT,ORB_SHORT,37.86,3.211647727272727,1.3721590909090908,75.42857142857143,1.1164939249252746,0.4754601226993865,-0.4754601226993865,1.0804924242424243,3.0,1.0677969522656172,0.8461544074190277,75.0,4.484375,0.0,5.843276515151515,0.9512310606060606,4.1893939393939394,-1.3589015151515151,1.7159947159164775,1.036208267703435,15.601186539230582,-0.7855113636363636,6.187973484848484,True,True
2026-07-16,2026,SHORT,VWAP_SHORT,148.26,3.579946603381786,1.2708395134974786,60.19642857142857,1.2299303944315545,0.5882352941176471,-0.5882352941176471,0.9178285375259567,3.0,0.8878652395790995,0.7126737574780632,105.0,4.593295757935331,0.0,4.593295757935331,-0.09136754672204093,1.2168495995253634,-2.2592702462177394,0.1699412473991139,0.022616247414387912,33.076177091241846,-0.157816671610798,14.863838623553843,True,True
2026-07-16,2026,SHORT,ORB_SHORT,226.76,1.5504699632202699,1.3788312219043728,43.69642857142857,1.2299303944315545,0.6303030303030303,0.6303030303030303,0.9440130772374337,4.0,1.3662307817203092,0.9715021260824689,250.0,6.327748263179403,1.0,6.911319983653454,-3.507151614221496,5.057621577441766,-0.31467102574581124,3.0101210445522897,0.16984564267699964,36.03756710510605,3.0723334695545566,20.476501838986515,False,True
2026-07-21,2026,LONG,PM_LONG,76.0,2.107485604606526,0.7140115163147792,65.125,1.2359789162337416,0.062146892655367235,0.062146892655367235,0.6794625719769674,4.0,0.8343232083262627,0.8834692234735273,75.0,2.7946257197696736,0.0,2.952015355086372,-0.5374280230326296,0.07677543186180422,-0.44529750479846447,1.027148702368062,0.2303508271191952,81.59931590037175,-0.8061420345489443,4.9213051823416505,False,True
2026-07-23,2026,SHORT,ORB_SHORT,104.26,1.5951386251424229,1.6562856057728825,94.03571428571429,0.7943534466224251,0.7148148148148148,0.7148148148148148,0.7178123813140903,4.0,0.8611318765054911,0.7777654770575383,80.0,2.584124572730725,1.0,3.235472844663881,-5.396885681731864,1.4436004557538928,-0.039878465628560573,1.627994055688664,0.2417265515936488,51.090008520406144,2.3342195214584125,7.457273072540827,False,True
2026-07-24,2026,SHORT,ORB_SHORT,-407.24,0.7876640966868098,4.0083350698062095,85.69642857142857,1.290406255960328,0.0782122905027933,-0.0782122905027933,0.5221921233590331,3.0,0.701932893803319,0.742618989248065,70.0,3.7691185663679936,1.0,4.192123359033132,-1.6949364450927278,2.9493644509272765,-0.2858928943529902,1.4329379692382682,0.47117720593952406,14.991539576822092,0.8576786830589707,2.800583454886435,False,False
2026-07-27,2026,SHORT,ORB_SHORT,205.92,1.4254651892117916,1.524984319464771,85.41071428571429,1.3406065229830249,0.5938697318007663,-0.5938697318007663,0.7639556763537528,3.0,1.13632881891817,1.0826049021234685,80.0,6.729249425047041,0.0,7.923478988082793,,5.719422956303575,-1.9084256742630148,2.020373719116142,1.4818401639212058,33.26422313382649,-2.5992055195484003,9.726531465607358,False,True
2026-07-29,2026,SHORT,ORB_SHORT,211.76,1.6513530522341096,5.298930144745123,99.3125,1.3199313370207897,0.5548961424332344,0.5548961424332344,0.8483322844556325,4.0,0.8591368376336364,1.040516421219817,55.0,4.604153555695406,0.0,4.604153555695406,-0.30459408432976715,3.436123348017621,-0.3473882945248584,2.0158026992355307,0.8238739774216909,7.768173222057527,-0.11076148521082442,8.639395846444305,False,True
2026-07-30,2026,LONG,PM_LONG,4.26,1.711947626841244,2.2193126022913257,76.375,1.891131031851993,0.14885496183206107,-0.14885496183206107,0.8576104746317512,2.0,0.6762634243787582,0.7653484639458047,75.0,5.672667757774141,0.0,5.672667757774141,-0.867430441898527,3.797054009819967,-1.0572831423895255,1.1876361601916543,0.6059322568648262,74.65587589125002,-2.4877250409165304,16.16366612111293,False,True
2026-08-03,2026,LONG,PM_LONG,202.76,2.848568281938326,0.8865638766519823,64.85714285714286,1.505550257486172,0.6179775280898876,0.6179775280898876,1.0291850220264316,4.0,0.8619189737057895,1.0384406130986998,80.0,5.83590308370044,1.0,7.474118942731277,,5.566079295154185,-0.28909691629955947,3.317287436855245,0.8140327797166194,93.86433248066905,0.13876651982378854,10.245594713656388,True,True
2026-08-04,2026,LONG,PM_LONG,675.76,7.810236220472442,0.4078740157480315,45.357142857142854,0.8653189612183053,0.7747252747252747,0.7747252747252747,1.0031496062992127,3.0,0.6797625777275297,0.7063889145070552,90.0,7.942519685039371,1.0,8.405511811023622,-13.685826771653545,7.733070866141733,-0.09921259842519686,2.471784109721159,0.4082155154171326,76.55537406194833,0.8212598425196851,20.399212598425198,True,True
2026-08-06,2026,LONG,PM_LONG,-158.74,1.1342062193126023,2.497545008183306,65.46428571428571,1.1147053213808888,0.5650793650793651,-0.5650793650793651,1.2029459901800328,3.0,0.7696104265482135,0.7105893976904637,90.0,6.503546099290781,0.0,6.663938897981452,7.057283142389526,4.231314784506274,-1.0005455537370431,1.439698096407686,0.3497761836035959,72.45443925653674,1.9552645935624662,4.468085106382979,False,False
2026-08-11,2026,SHORT,ORB_SHORT,72.76,3.8505129457743035,0.5813385442110405,36.55357142857143,0.7742895288956704,0.5305164319248826,0.5305164319248826,1.4567659990229604,5.0,0.8549080316949463,0.7775426351562454,120.0,5.765510503175379,0.0,5.765510503175379,-1.217391304347826,4.513922813873962,-1.162677088422081,1.656997316252755,0.12400402801946095,24.774477251978993,-0.9164631167562286,7.174401563263312,True,True
2026-08-13,2026,LONG,PM_LONG,-72.24,1.2315875613747953,2.6350245499181666,43.642857142857146,0.763855704829423,0.5811965811965812,-0.5811965811965812,0.6702127659574467,2.0,0.7089526287582181,0.8076083293034979,75.0,9.228314238952537,0.0,9.256955810147298,-4.9779050736497545,7.057283142389525,-1.111292962356792,2.0990638798010566,0.9081190419413236,91.49630692077739,-2.486088379705401,9.617839607201308,False,False
