date,year,direction,group,retr,fwd6,fwd12
2021-01-19,2021,DOWN,discount_zone,0.47520661157024796,-0.048280907095830286,-0.09924408680809559
2021-01-18,2021,DOWN,generic_pullback,0.1906158357771261,0.0025090954710826744,-0.011290929619872036
2021-01-18,2021,UP,discount_zone,0.5,-0.03763643206624012,0.015054572826496047
2021-01-18,2021,UP,generic_pullback,0.24242424242424243,0.006272738677706687,-0.016309120562037385
2021-01-22,2021,DOWN,discount_zone,0.5114155251141552,-0.033816425120772944,-0.0
2021-01-22,2021,DOWN,generic_pullback,0.726027397260274,-0.018208844295800816,0.05462653288740245
2021-01-22,2021,UP,discount_zone,0.5303030303030303,0.007803790412486064,0.03901895206243032
2021-01-22,2021,UP,generic_pullback,0.8939393939393939,0.10665180230397621,0.02601263470828688
2021-01-25,2021,DOWN,discount_zone,0.49049881235154397,-0.07188065099457504,-0.43399638336347196
2021-01-25,2021,DOWN,generic_pullback,0.27909738717339666,-0.30650994575045204,-0.5479204339963833
2021-01-25,2021,UP,generic_pullback,0.29865125240847784,0.14783001808318263,0.4462025316455696
2021-01-26,2021,UP,discount_zone,0.5294117647058824,0.057489619929734906,0.1303098051740658
2021-01-26,2021,UP,generic_pullback,0.42081447963800905,-0.0038326413286489938,0.029383583519642285
2021-02-02,2021,DOWN,discount_zone,0.5302267002518891,-0.005807875479149727,-0.15448948774538274
2021-01-27,2021,DOWN,generic_pullback,0.19899244332493704,-0.022088046468969735,0.3131305411189239
2021-02-01,2021,DOWN,discount_zone,0.49246231155778897,-0.21030018655661709,-0.2453502176493866
2021-01-29,2021,DOWN,generic_pullback,0.26800670016750416,0.17822284193180377,0.5274432754468247
2021-02-03,2021,UP,generic_pullback,0.4033898305084746,-0.10463463178845607,-0.2433892522035826
2021-02-04,2021,DOWN,generic_pullback,0.31316725978647686,-0.048735205384079834,-0.18333720120677652
2021-02-18,2021,UP,discount_zone,0.47920133111480867,-0.018692753442582092,0.07850956445884479
2021-02-05,2021,UP,generic_pullback,0.26955074875207985,0.07664211723848871,0.11975330818513862
2021-02-08,2021,DOWN,discount_zone,0.46766169154228854,0.05401836624452314,-0.02640897905287798
2021-02-08,2021,DOWN,generic_pullback,0.4079601990049751,-0.015605305803973351,0.09723305924014165
2021-02-09,2021,UP,discount_zone,0.4845679012345679,0.0925700365408039,0.16443361753958588
2021-02-09,2021,UP,generic_pullback,0.16358024691358025,0.0194884287454324,0.0
2021-02-10,2021,DOWN,generic_pullback,0.8020304568527918,-0.11208668036614981,-0.19552898686095024
2021-02-10,2021,UP,discount_zone,0.5252100840336135,0.05977956286194657,0.07970608381592875
2021-02-10,2021,UP,generic_pullback,0.38235294117647056,0.0473254872657077,-0.03487141166946883
2021-02-11,2021,DOWN,generic_pullback,0.4153846153846154,0.16988229583788375,0.10071593253245965
2021-02-12,2021,UP,generic_pullback,0.4166666666666667,-0.012095554883580285,0.002419110976716057
2021-02-16,2021,UP,discount_zone,0.47713717693836977,-0.1462677546086431,-0.3215472952553642
2021-02-16,2021,UP,generic_pullback,0.341948310139165,0.08099123602296766,0.13297068600785736
2021-04-12,2021,DOWN,discount_zone,0.5257731958762887,0.175284837861525,0.007668711656441718
2021-02-16,2021,DOWN,generic_pullback,0.7010309278350515,0.05560592323964944,0.10637654880628589
2021-02-19,2021,DOWN,discount_zone,0.5186335403726708,-0.11131498470948012,-0.1651376146788991
2021-02-17,2021,DOWN,generic_pullback,0.4440993788819876,-0.10847705527454445,-0.14138582485221524
2021-02-18,2021,DOWN,generic_pullback,0.27358490566037735,0.08847903296155524,-0.122125989158203
2021-02-19,2021,UP,discount_zone,0.5008695652173913,-0.1577981651376147,-0.21773700305810398
2021-02-19,2021,UP,generic_pullback,0.21391304347826087,0.10519877675840979,0.13333333333333333
2021-04-05,2021,DOWN,discount_zone,0.5017921146953405,-0.049150642407519186,-0.06122273001638354
2021-02-19,2021,DOWN,generic_pullback,0.6272401433691757,0.08440366972477065,-0.037920489296636085
2021-02-22,2021,DOWN,discount_zone,0.5188866799204771,0.07057416267942583,0.17822966507177032
2021-02-22,2021,DOWN,generic_pullback,0.11530815109343936,-0.19736842105263158,-0.1076555023923445
2021-02-24,2021,DOWN,discount_zone,0.5381578947368421,-0.14924548117848654,-0.3283400585926704
2021-02-23,2021,DOWN,generic_pullback,0.30855263157894736,0.22281424073625578,0.4795349963671591
2021-02-24,2021,UP,discount_zone,0.5308056872037915,-0.0276380520700901,-0.04753744956055497
2021-02-24,2021,UP,generic_pullback,0.3033175355450237,-0.002211044165607208,-0.15698413575811176
2021-02-25,2021,DOWN,discount_zone,0.45901639344262296,0.3774864376130199,0.12432188065099459
2021-02-25,2021,DOWN,generic_pullback,0.3944069431051109,0.19326401446654612,0.5741410488245932
2021-02-26,2021,UP,discount_zone,0.4916286149162861,-0.21300629336775861,-0.16351998278737023
2021-02-26,2021,UP,generic_pullback,0.5844748858447488,-0.10435156796299284,-0.3109031251680921
2021-03-02,2021,UP,discount_zone,0.49634273772204807,-0.06264682850430697,0.00894954692918671
2021-03-01,2021,UP,generic_pullback,0.20480668756530826,0.11534409138801087,0.25286973881217767
2021-03-11,2021,DOWN,discount_zone,0.5347043701799485,-0.12440541529454813,-0.141480668374192
2021-03-03,2021,DOWN,generic_pullback,0.22793487574978577,0.19635501890199178,0.44461998532979746
2021-03-04,2021,DOWN,discount_zone,0.5269186712485682,0.07359125315391085,0.5477291841883936
2021-03-04,2021,DOWN,generic_pullback,0.18900343642611683,-0.0904121110176619,0.09882253994953742
2021-03-08,2021,DOWN,discount_zone,0.46938775510204084,0.30541331382589615,0.3547915142648135
2021-03-08,2021,DOWN,generic_pullback,0.4399092970521542,0.48920994879297736,0.29718361375274327
2021-03-09,2021,UP,generic_pullback,0.6277056277056277,-0.0261802949646566,0.13264682782092677
2021-03-10,2021,UP,discount_zone,0.5108695652173914,0.036676311178124615,-0.04156648600187456
2021-03-09,2021,UP,generic_pullback,0.3130434782608696,0.06283270791517584,0.47473601535910637
2021-03-15,2021,UP,discount_zone,0.5180353031465849,-0.07110635369676581,0.008410428931875526
2021-03-11,2021,UP,generic_pullback,0.10821181887950883,-0.6838232304752613,-0.7643208521364394
2021-03-11,2021,DOWN,discount_zone,0.45454545454545453,0.6838232304752613,0.6643086555270968
2021-03-11,2021,DOWN,generic_pullback,0.7348484848484849,0.010570394763589057,0.6342236858153434
2021-03-12,2021,UP,discount_zone,0.4742647058823529,-0.0330331511266664,0.07393133823587243
2021-03-12,2021,UP,generic_pullback,0.4264705882352941,0.06999882024460262,0.11325651814857053
2021-03-15,2021,DOWN,discount_zone,0.5476190476190477,-0.10168973163085862,-0.18579402094961386
2021-03-15,2021,DOWN,generic_pullback,0.5714285714285714,-0.006116675586818564,-0.0336417157275021
2021-03-16,2021,UP,discount_zone,0.5158562367864693,0.05339842856053093,-0.26622930810893275
2021-03-16,2021,UP,generic_pullback,0.19661733615221988,-0.042718742848424744,0.04424441223586848
2021-03-16,2021,DOWN,discount_zone,0.45422535211267606,0.17697764894347393,0.19757418567396443
2021-03-16,2021,DOWN,generic_pullback,0.3767605633802817,0.17087497139369898,0.25631245709054845
2021-03-23,2021,UP,discount_zone,0.5,-0.06451160507678284,0.07012130986606831
2021-03-22,2021,UP,generic_pullback,0.16310975609756098,0.000714694110920526,0.018582046883933674
2021-03-23,2021,UP,discount_zone,0.49137931034482757,-0.1072856040950845,-0.2601500596031134
2021-03-23,2021,UP,generic_pullback,0.6925287356321839,-0.0042072785919640985,0.13884019353481525
2021-03-24,2021,DOWN,discount_zone,0.4946236559139785,0.05025486395290401,0.11199655395218608
2021-03-24,2021,DOWN,generic_pullback,0.44802867383512546,0.09261253499892311,0.1076889941847943
2021-03-24,2021,DOWN,discount_zone,0.5411392405063291,0.17230239069567088,0.4372173163902649
2021-03-24,2021,DOWN,generic_pullback,0.43037974683544306,0.11989374685907099,0.1421494723239285
2021-03-25,2021,DOWN,discount_zone,0.5,0.0624459240868224,0.17830944588646877
2021-03-25,2021,DOWN,generic_pullback,0.23333333333333334,-0.07674077417898656,-0.08050257683481923
2021-03-26,2021,UP,discount_zone,0.4827586206896552,0.034049636803874093,0.08398910411622276
2021-03-26,2021,UP,generic_pullback,0.7854406130268199,0.009836561743341405,0.12333535108958839
2021-03-30,2021,DOWN,discount_zone,0.48501362397820164,-0.0975609756097561,0.056910569105691054
2021-03-30,2021,DOWN,generic_pullback,0.3869209809264305,0.0032520325203252032,0.03902439024390244
2021-05-12,2021,UP,discount_zone,0.49783549783549785,0.05265313286140526,0.16029953782250045
2021-03-31,2021,UP,generic_pullback,0.1038961038961039,0.07518486388234809,0.09253521708596688
2021-04-01,2021,UP,discount_zone,0.5087719298245614,0.008192020971573687,0.013926435651675268
2021-04-01,2021,UP,generic_pullback,0.6052631578947368,0.024576062914721062,0.06635536986974687
2021-04-01,2021,DOWN,generic_pullback,0.6941176470588235,0.027033669206193166,0.021299254526091587
2021-04-01,2021,UP,generic_pullback,0.40860215053763443,0.03276808388629475,0.4595723765052838
2021-05-04,2021,UP,discount_zone,0.5314197051978278,-0.19240966593439893,0.06211650632527839
2021-04-06,2021,UP,generic_pullback,0.18231186966640806,0.11534537065791226,0.04347633201721308
2021-04-06,2021,DOWN,discount_zone,0.5359116022099447,0.005323632491903643,0.1818907768067078
2021-04-06,2021,DOWN,generic_pullback,0.3259668508287293,-0.0,0.06210904573887583
2021-04-20,2021,UP,discount_zone,0.5289855072463768,0.20270270270270271,0.2278749337572867
2021-04-09,2021,UP,generic_pullback,0.8768115942028986,0.07035872288257555,0.1321891157187783
2021-04-09,2021,UP,generic_pullback,0.7872340425531915,0.030915196418101382,0.07782101167315175
2021-04-12,2021,UP,discount_zone,0.46788990825688076,0.42725679228746716,0.6211656441717792
2021-04-12,2021,UP,generic_pullback,0.40825688073394495,-0.025197195442594217,-0.07887817703768625
2021-04-14,2021,DOWN,discount_zone,0.5014492753623189,0.07177737247749602,0.19062187444843207
2021-04-14,2021,DOWN,generic_pullback,0.3739130434782609,-0.13649467553097605,-0.07060069424016002
2021-04-15,2021,UP,discount_zone,0.4824120603015075,0.1962492016489578,0.09406026824595018
2021-04-15,2021,UP,generic_pullback,0.7688442211055276,0.16837949253904663,0.09870521976426871
2021-04-16,2021,DOWN,discount_zone,0.5064935064935064,-0.1556420233463035,-0.19337342294540738
2021-04-16,2021,DOWN,generic_pullback,0.42207792207792205,-0.10847777384742364,-0.06602994929843178
2021-04-16,2021,UP,generic_pullback,0.35668789808917195,0.04244782454899186,0.060134418111071807
2021-04-22,2021,DOWN,discount_zone,0.4852686308492201,0.04580666891209161,0.05658470865611317
2021-04-19,2021,DOWN,generic_pullback,0.24783362218370883,0.07520210565895845,0.08272231622485429
2021-04-21,2021,DOWN,discount_zone,0.4536290322580645,-0.0040719375636240245,-0.39226331862911434
2021-04-20,2021,DOWN,generic_pullback,0.2217741935483871,-0.01987281399046105,0.010598834128245893
2021-04-22,2021,UP,discount_zone,0.5371900826446281,-0.6359043448972718,-0.3960929605927922
2021-04-21,2021,UP,generic_pullback,0.1487603305785124,-0.0013573125212080082,0.03664743807261622
2021-04-22,2021,UP,generic_pullback,0.35294117647058826,0.15628157628831257,0.22633883462445267
2021-04-22,2021,UP,discount_zone,0.49466192170818507,0.18322667564836645,-0.23576961940047153
2021-04-22,2021,UP,generic_pullback,0.4128113879003559,0.13742000673627483,-0.6412933647692826
2021-04-26,2021,UP,generic_pullback,0.6511627906976745,0.09625160984206603,0.04473666372941097
2021-04-28,2021,DOWN,discount_zone,0.4935064935064935,0.02105410906028493,-0.026668538143027578
2021-04-28,2021,DOWN,generic_pullback,0.5584415584415584,0.008421643624113972,-0.026668538143027578
2021-04-29,2021,DOWN,discount_zone,0.5258358662613982,-0.11137288498607839,-0.2170343399728707
2021-04-29,2021,DOWN,generic_pullback,0.5531914893617021,-0.058542157492682226,-0.26129792246733774
2021-04-30,2021,UP,generic_pullback,0.8776758409785933,0.08886977710886548,-0.07023579158603885
2021-04-30,2021,DOWN,generic_pullback,0.7794871794871795,0.31391098688454094,0.12757113165627465
2021-04-30,2021,DOWN,discount_zone,0.4540540540540541,-0.07883609259657422,-0.04156812155092095
2021-04-30,2021,DOWN,generic_pullback,0.6162162162162163,0.09460331111588906,0.21644090876514013
2021-04-30,2021,DOWN,discount_zone,0.4972067039106145,-0.08886977710886548,-0.4973840751092955
2021-04-30,2021,DOWN,generic_pullback,0.20670391061452514,0.08600301010535369,-0.15623880169139254
2021-05-03,2021,DOWN,generic_pullback,0.4009009009009009,0.188310277395524,0.08256681393496053
2021-05-05,2021,DOWN,discount_zone,0.5470441298917569,-0.040168986771937115,0.148209709813699
2021-05-04,2021,DOWN,generic_pullback,0.11407160699417153,-0.1333232330884024,-0.2424058783425498
2021-05-06,2021,UP,discount_zone,0.45394006659267483,0.07058025110281642,0.2348150661689854
2021-05-05,2021,UP,generic_pullback,0.1320754716981132,-0.09418934829281805,-0.0027702749497887664
2021-05-06,2021,DOWN,discount_zone,0.5420827389443652,0.08958262639972854,0.0339328130302002
2021-05-06,2021,DOWN,generic_pullback,0.3466476462196862,-0.5659993213437394,-0.6365795724465558
2021-05-06,2021,UP,discount_zone,0.53584229390681,1.003053953172718,1.368171021377672
2021-05-06,2021,UP,generic_pullback,0.3960573476702509,-0.16152019002375298,-0.08279606379368849
2021-05-07,2021,UP,discount_zone,0.5397412199630314,-0.14721627408993576,-0.14453961456102782
2021-05-07,2021,UP,generic_pullback,0.1423290203327172,0.021413276231263382,-0.1873661670235546
2021-05-25,2021,DOWN,discount_zone,0.5337837837837838,0.12382950417029115,0.21900424704497776
2021-05-26,2021,DOWN,generic_pullback,0.10810810810810811,0.04294917680744453,-0.03374578177727784
2021-05-10,2021,DOWN,generic_pullback,0.3502824858757062,0.06937307297019528,0.14260020554984584
2021-05-11,2021,DOWN,discount_zone,0.515483870967742,-0.07316341829085457,0.058770614692653676
2021-05-11,2021,DOWN,generic_pullback,0.10838709677419354,-0.14992503748125938,-0.8035982008995503
2021-05-13,2021,DOWN,discount_zone,0.4552590266875981,-0.29334849346219444,-0.28425241614553726
2021-05-12,2021,DOWN,generic_pullback,0.20800627943485087,0.138068215058796,0.2866670566898731
2021-05-13,2021,UP,discount_zone,0.5358490566037736,0.13871517907902217,0.20579874928936895
2021-05-13,2021,UP,generic_pullback,0.19433962264150945,-0.07049459920409323,-0.014781125639567936
2021-05-17,2021,DOWN,discount_zone,0.5298329355608592,0.06259780907668232,0.14246397927796667
2021-05-17,2021,DOWN,generic_pullback,0.3723150357995227,0.030219631968053533,0.04640872052236793
2021-05-18,2021,UP,generic_pullback,0.2308868501529052,-0.03335305826026144,0.09252783904459626
2021-05-18,2021,DOWN,discount_zone,0.48872180451127817,0.05809887567916509,0.3927053633869492
2021-05-18,2021,DOWN,generic_pullback,0.2932330827067669,-0.027973532734412825,0.10328689009629351
2022-02-24,2022,UP,discount_zone,0.5414599574769667,0.07273689082853932,0.30351120809363225
2021-05-21,2021,UP,generic_pullback,0.11552090715804395,-0.11322910715213214,-0.11842310289305563
2021-05-21,2021,DOWN,generic_pullback,0.288961038961039,-0.037396769334649145,0.11322910715213214
2021-05-25,2021,UP,generic_pullback,0.2698907956318253,0.10336181753057361,0.10643197052653124
2021-05-25,2021,DOWN,discount_zone,0.5442477876106194,0.025584608299646934,0.0767538248989408
2021-05-25,2021,DOWN,generic_pullback,0.4424778761061947,0.07982397789489844,-0.04195875761142097
2021-05-26,2021,DOWN,discount_zone,0.48333333333333334,0.10225994477962982,0.10430514367522242
2021-05-26,2021,DOWN,generic_pullback,0.325,0.02863278453829635,0.14725432048266696
2021-05-27,2021,UP,discount_zone,0.5492957746478874,0.04193729862425204,0.0
2021-05-27,2021,UP,generic_pullback,0.7464788732394366,0.04602874239247175,0.038868715798087254
2021-05-28,2021,UP,discount_zone,0.5374149659863946,0.06670195870831128,0.17575436739015352
2021-05-28,2021,UP,generic_pullback,0.35374149659863946,-0.009528851244044468,0.058231868713605084
2021-05-28,2021,DOWN,generic_pullback,0.19205298013245034,0.0021175224986765486,0.23504499735309686
2021-05-31,2021,DOWN,generic_pullback,0.3582089552238806,-0.006405465997651329,0.04804099498238497
2021-06-01,2021,DOWN,discount_zone,0.46853146853146854,-0.0010931948619841486,-0.07980322492484285
2021-06-01,2021,DOWN,generic_pullback,0.6293706293706294,0.03170265099754031,-0.080896419786827
2021-06-01,2021,UP,discount_zone,0.5168539325842697,0.034982235583492755,0.12462421426619295
2021-06-01,2021,UP,generic_pullback,0.6629213483146067,0.03279584585952446,0.11478546050833562
2021-06-03,2021,UP,generic_pullback,0.21288515406162464,-0.015343759221009147,0.03186780761286515
2022-02-23,2022,UP,discount_zone,0.47468354430379744,-0.10913697339786274,-0.31376879851885536
2021-06-04,2021,UP,generic_pullback,0.10284810126582279,0.05102646256081642,0.02729322416043669
2021-06-07,2021,DOWN,generic_pullback,0.5555555555555556,0.05772699939867709,-0.06133493686109441
2021-06-07,2021,UP,discount_zone,0.5,0.0974143114852676,0.7324113048707156
2021-06-07,2021,UP,generic_pullback,0.8571428571428571,0.0132291040288635,0.16596512327119664
2021-06-08,2021,UP,discount_zone,0.5443786982248521,0.06080600297561291,0.10867455850960604
2021-06-08,2021,UP,generic_pullback,0.3609467455621302,-0.1953554563684585,-0.2276990749725079
2021-06-08,2021,DOWN,discount_zone,0.45121951219512196,-0.09314962157966233,-0.020699915906591627
2021-06-08,2021,DOWN,generic_pullback,0.5934959349593496,-0.04786855553399314,0.012937447441619768
2021-06-08,2021,UP,generic_pullback,0.3973509933774834,0.01552493692994372,0.034931108092373375
2021-06-09,2021,UP,generic_pullback,0.2911392405063291,-0.08851337759002213,-0.10728894253336016
2021-06-09,2021,DOWN,discount_zone,0.5157894736842106,0.11533561322336217,-0.03352779454167505
2021-06-09,2021,DOWN,generic_pullback,0.6947368421052632,0.018775564943338027,-0.00670555890833501
2021-06-10,2021,DOWN,generic_pullback,0.7635983263598326,0.12496409077851191,-0.033036483769031885
2021-06-10,2021,UP,generic_pullback,0.17234848484848486,0.18960068945705255,0.08761850043091066
2021-06-11,2021,DOWN,discount_zone,0.47692307692307695,0.0484368119771026,0.051372376339351246
2021-06-11,2021,DOWN,generic_pullback,0.5769230769230769,0.0484368119771026,0.039630118890356676
2021-06-14,2021,UP,discount_zone,0.5373134328358209,0.058581380620645974,0.13299556681443953
2021-06-14,2021,UP,generic_pullback,0.8283582089552238,0.13616212792906904,0.17574414186193793
2021-06-15,2021,DOWN,generic_pullback,0.7556818181818182,0.16241489623492741,0.13452546960872777
2021-06-16,2021,DOWN,discount_zone,0.45145631067961167,0.7425249169435216,1.2574750830564785
2021-06-16,2021,DOWN,generic_pullback,0.33980582524271846,0.06976744186046512,0.9950166112956811
2021-06-21,2021,UP,discount_zone,0.45429362880886426,-0.12743240916135698,0.2755295333218529
2021-06-17,2021,UP,generic_pullback,0.18005540166204986,0.2585627938213566,0.4331766286098052
2021-06-21,2021,UP,generic_pullback,0.17355371900826447,-0.03271913208197003,-0.037885310831754775
2021-06-22,2021,UP,generic_pullback,0.13395638629283488,-0.06382264024185422,-0.016795431642593214
2021-06-25,2021,UP,discount_zone,0.48455598455598453,0.041648590021691974,-0.010412147505422993
2021-06-24,2021,UP,generic_pullback,0.16216216216216217,0.1880657351261095,0.06854732401792775
2021-06-25,2021,DOWN,discount_zone,0.4968553459119497,0.010412147505422993,-0.716702819956616
2021-06-25,2021,DOWN,generic_pullback,0.6037735849056604,-0.02776572668112798,0.04338394793926247
2021-10-04,2021,UP,discount_zone,0.5168350168350169,0.029807967899111495,0.017196904557179708
2021-06-28,2021,UP,generic_pullback,0.1414141414141414,0.02776090916977531,0.029495965992886265
2021-07-01,2021,UP,discount_zone,0.5363984674329502,0.14355742296918766,0.054271708683473384
2021-06-29,2021,UP,generic_pullback,0.2567049808429119,0.040653849411366134,0.1643093080376048
2021-06-30,2021,DOWN,discount_zone,0.5447154471544715,0.048690396239086636,-0.01175285426460712
2021-06-30,2021,DOWN,generic_pullback,0.6178861788617886,-0.1208865010073875,0.013431833445265278
2021-06-30,2021,DOWN,discount_zone,0.5487804878048781,0.07723304231027535,0.01175285426460712
2021-06-30,2021,DOWN,generic_pullback,0.8048780487804879,0.10241773002014774,-0.006715916722632639
2021-07-01,2021,DOWN,discount_zone,0.5412371134020618,-0.08578431372549018,-0.17156862745098037
2021-07-01,2021,DOWN,generic_pullback,0.4072164948453608,0.11554621848739495,0.16631652661064425
2021-07-08,2021,UP,discount_zone,0.5457627118644067,0.2261470890570975,0.11213905242500702
2021-07-02,2021,UP,generic_pullback,0.14576271186440679,0.05271018185012739,0.17042958798207855
2021-07-06,2021,DOWN,generic_pullback,0.29338842975206614,-0.1878114220007666,-0.2127251820620928
2021-07-07,2021,UP,discount_zone,0.5191873589164786,-0.007428040854224698,0.39740018570102137
2021-07-07,2021,UP,generic_pullback,0.7200902934537246,0.14113277623026926,0.3955431754874652
2021-07-07,2021,UP,discount_zone,0.4795539033457249,0.03714020427112349,0.265552460538533
2021-07-07,2021,UP,generic_pullback,0.26394052044609667,-0.10027855153203342,0.018570102135561744
2021-07-09,2021,DOWN,discount_zone,0.5097037793667007,-0.23070873022808705,-0.28489032596347114
2021-07-08,2021,DOWN,generic_pullback,0.2216547497446374,-0.15699467339500983,-0.42612839921502665
2021-07-08,2021,UP,discount_zone,0.5286343612334802,-0.03177273152041866,-0.007475936828333802
2021-07-08,2021,UP,generic_pullback,0.23348017621145375,-0.14951873656667602,-0.005606952621250351
2021-07-15,2021,UP,discount_zone,0.5369127516778524,0.23911762229519237,-0.020207123010861326
2021-07-09,2021,UP,generic_pullback,0.12304250559284116,-0.015730140697369572,0.07865070348684786
2021-07-12,2021,UP,discount_zone,0.4838709677419355,0.006966820517286424,-0.04354262823304015
2021-07-12,2021,UP,generic_pullback,0.3161290322580645,-0.114952538535226,-0.0853435513367587
2021-07-12,2021,DOWN,discount_zone,0.5175438596491229,-0.03135069232778891,-0.07837673081947227
2021-07-12,2021,DOWN,generic_pullback,0.8508771929824561,0.024383871810502483,-0.001741705129321606
2021-07-12,2021,UP,discount_zone,0.5151515151515151,-0.03657580771575372,-0.12540276931115563
2021-07-12,2021,UP,generic_pullback,0.7272727272727273,0.010450230775929636,-0.0296089871984673
2021-07-14,2021,DOWN,generic_pullback,0.4197952218430034,0.15065594583157005,0.16927634363097757
2021-07-16,2021,DOWN,discount_zone,0.5154975530179445,0.3320780554604587,0.5066757959602876
2021-07-15,2021,DOWN,generic_pullback,0.15497553017944535,0.2441694030479077,0.15155342258145996
2021-07-16,2021,DOWN,discount_zone,0.47953216374269003,-0.17117425539198902,0.027387880862718244
2021-07-16,2021,DOWN,generic_pullback,0.2573099415204678,-0.18829168093118792,0.015405682985279013
2021-07-19,2021,DOWN,generic_pullback,0.21420256111757857,0.37089119353137634,0.5203023378449639
2021-07-19,2021,UP,generic_pullback,0.5931372549019608,0.4165934259096502,0.7312357180523819
2021-07-27,2021,UP,discount_zone,0.5168539325842697,0.0755770968536926,0.48139324735069416
2021-07-21,2021,UP,generic_pullback,0.6853932584269663,0.08211831741243505,0.6418635830400535
2021-07-26,2021,UP,generic_pullback,0.3065934065934066,0.24831784684396024,0.2723486062159564
2021-07-26,2021,UP,discount_zone,0.45806451612903226,0.025632809996795895,-0.0368471643703941
2021-07-26,2021,UP,generic_pullback,0.5870967741935483,0.012816404998397948,0.04005126561999359
2021-07-26,2021,DOWN,generic_pullback,0.6022727272727273,-0.02723486062159564,0.028836911246395383
2021-07-27,2021,DOWN,discount_zone,0.5243781094527363,-0.46167748295407873,-0.9496426517703114
2021-07-27,2021,DOWN,generic_pullback,0.29850746268656714,-0.32859607327692436,-0.2546619567896164
2021-07-28,2021,UP,discount_zone,0.49333333333333335,-0.004547521600727603,0.04547521600727603
2021-07-28,2021,UP,generic_pullback,0.19111111111111112,0.04547521600727603,-0.07579202667879338
2021-07-28,2021,DOWN,discount_zone,0.5084745762711864,-0.0515385781415795,-0.34106412005457026
2021-07-28,2021,DOWN,generic_pullback,0.4124293785310734,0.10004547521600726,0.13794148855540397
2021-07-29,2021,UP,discount_zone,0.4608433734939759,-0.6899077193496411,-0.6283872857770616
2021-07-29,2021,UP,generic_pullback,0.2921686746987952,0.0014647722279185586,0.013182950051267028
2021-07-29,2021,DOWN,discount_zone,0.47191011235955055,0.06737952248425369,0.07030906694009081
2021-07-29,2021,DOWN,generic_pullback,0.6853932584269663,0.03076021678628973,0.12597041160099604
2021-08-02,2021,DOWN,discount_zone,0.4886164623467601,-0.25316455696202533,-0.24297977593481743
2021-07-30,2021,DOWN,generic_pullback,0.2574430823117338,0.07172131147540983,0.09806791569086651
2021-08-02,2021,UP,discount_zone,0.5370370370370371,0.016004655899898152,0.10766768514476939
2021-08-02,2021,UP,generic_pullback,0.41798941798941797,0.18769096464426016,0.24297977593481743
2021-08-04,2021,UP,discount_zone,0.5392156862745098,-0.00982594048287479,0.021055586749017408
2021-08-04,2021,UP,generic_pullback,0.6862745098039216,-0.012633352049410443,0.002807411566535654
2021-08-04,2021,UP,generic_pullback,0.26495726495726496,0.113700168444694,-0.058955642897248736
2021-08-05,2021,UP,generic_pullback,0.3165829145728643,0.021332574841783403,-0.04266514968356681
2021-08-09,2021,DOWN,discount_zone,0.5440251572327044,-0.12967200610221205,-0.3127383676582761
2021-08-06,2021,DOWN,generic_pullback,0.3081761006289308,0.011980531636091352,-0.08536128790715088
2021-08-09,2021,DOWN,discount_zone,0.5266666666666666,-0.036613272311212815,-0.07322654462242563
2021-08-09,2021,DOWN,generic_pullback,0.7733333333333333,0.16628527841342486,0.07017543859649122
2021-08-09,2021,UP,discount_zone,0.547945205479452,0.04424103737604882,0.06712433257055683
2021-08-09,2021,UP,generic_pullback,0.3561643835616438,0.012204424103737605,0.032036613272311214
2021-08-11,2021,DOWN,discount_zone,0.49834983498349833,-0.01835002676045569,-0.1376252007034177
2021-08-11,2021,DOWN,generic_pullback,0.32673267326732675,-0.022937533450569612,-0.16820857863751051
2021-08-11,2021,UP,discount_zone,0.5279503105590062,0.06269592476489028,-0.27372123251013075
2021-08-11,2021,UP,generic_pullback,0.2360248447204969,0.0,0.03058337793409282
2021-08-12,2021,UP,discount_zone,0.5061728395061729,-0.00303789777473988,0.1215159109895952
2021-08-12,2021,UP,generic_pullback,0.7283950617283951,-0.0607579554947976,0.01822738664843928
2021-08-16,2021,UP,discount_zone,0.4870967741935484,-0.6291337312469754,-1.003387643168253
2021-08-13,2021,UP,generic_pullback,0.3548387096774194,-0.029574285936648764,0.001556541365086777
2021-08-13,2021,DOWN,discount_zone,0.47619047619047616,0.015565413650867771,0.2039069188263678
2021-08-13,2021,DOWN,generic_pullback,0.8571428571428571,-0.009339248190520663,0.08249669234959918
2021-08-17,2021,UP,generic_pullback,0.8694029850746269,0.37863198617170135,0.1465141163881801
2021-08-17,2021,DOWN,discount_zone,0.5375722543352601,0.2387027738908552,0.2864433286690262
2021-08-17,2021,DOWN,generic_pullback,0.7861271676300579,0.16133015062968145,0.4000329245205366
2021-08-17,2021,DOWN,discount_zone,0.544,0.004938678080500452,-0.15145279446868054
2021-08-17,2021,DOWN,generic_pullback,0.42,-0.1465141163881801,-0.20907070540785247
2021-08-18,2021,UP,discount_zone,0.45525291828793774,-0.05062009617818274,0.05568210579600102
2021-08-18,2021,UP,generic_pullback,0.19844357976653695,-0.1366742596810934,-0.060744115413819286
2021-08-18,2021,DOWN,discount_zone,0.48314606741573035,0.04893275963890998,0.011811355774909306
2021-08-18,2021,DOWN,generic_pullback,0.7415730337078652,0.015186028853454821,0.10630220197418376
2021-08-18,2021,DOWN,generic_pullback,0.5701754385964912,0.9685311735425631,0.7069940099552856
2021-08-19,2021,UP,discount_zone,0.546142208774584,0.023626698168930895,0.44553202261412544
2021-08-19,2021,UP,generic_pullback,0.18608169440242056,-0.05906674542232723,-0.3763395494051135
2021-08-20,2021,UP,discount_zone,0.5444191343963554,0.16795760293518142,0.2022013860578883
2021-08-20,2021,UP,generic_pullback,0.6127562642369021,0.2527517325723604,0.32286995515695066
2021-08-20,2021,UP,discount_zone,0.47619047619047616,-0.047289033836119036,0.00978393803505911
2021-08-20,2021,UP,generic_pullback,0.6666666666666666,0.7794537301263759,1.0794944965348552
2021-08-24,2021,DOWN,discount_zone,0.5301204819277109,0.0015712153350616702,-0.047136460051850106
2021-08-24,2021,DOWN,generic_pullback,0.6265060240963856,-0.025139445360986723,-0.08798805876345353
2021-08-25,2021,DOWN,generic_pullback,0.84375,0.03790489317711923,-0.07064093728463129
2021-08-25,2021,UP,discount_zone,0.48936170212765956,-0.049965541006202624,-0.20158511371467955
2021-08-25,2021,UP,generic_pullback,0.7446808510638298,0.03273604410751206,0.06202618883528601
2021-08-26,2021,DOWN,discount_zone,0.5297297297297298,0.10563065079222989,0.12353415092650614
2021-08-26,2021,DOWN,generic_pullback,0.7081081081081081,0.021484200161131502,0.050129800375973504
2021-09-15,2021,UP,discount_zone,0.4612476370510397,-0.33663366336633666,-0.09000900090009001
2021-08-27,2021,UP,generic_pullback,0.1266540642722117,0.09106329791982859,0.09106329791982859
2021-08-31,2021,DOWN,discount_zone,0.4875,-0.13342696629213482,-0.08251404494382023
2021-08-31,2021,DOWN,generic_pullback,0.315625,-0.19311797752808987,-0.14044943820224717
2021-09-02,2021,UP,discount_zone,0.4885844748858447,0.09067005168192944,0.06346903617735061
2021-08-31,2021,UP,generic_pullback,0.2694063926940639,0.04915730337078651,0.03511235955056179
2021-09-01,2021,UP,discount_zone,0.453125,-0.034467120181405894,0.0018140589569160999
2021-09-01,2021,UP,generic_pullback,0.171875,-0.08344671201814059,-0.0326530612244898
2021-09-01,2021,DOWN,discount_zone,0.4918032786885246,-0.018140589569160998,-0.036281179138321996
2021-09-01,2021,DOWN,generic_pullback,0.8852459016393442,0.0761904761904762,0.050793650793650794
2021-09-01,2021,UP,generic_pullback,0.723404255319149,-0.005442176870748299,-0.07981859410430839
2021-09-03,2021,UP,discount_zone,0.4972067039106145,0.091324200913242,0.069836153639538
2021-09-03,2021,UP,generic_pullback,0.659217877094972,0.13788163667293402,0.130718954248366
2021-09-06,2021,UP,generic_pullback,0.1674641148325359,0.012482168330955778,0.023181169757489302
2021-09-07,2021,UP,generic_pullback,0.5602409638554217,0.09029345372460497,0.17336343115124153
2021-09-08,2021,UP,generic_pullback,0.35443037974683544,0.3979639055992596,0.26469227209625174
2021-09-09,2021,DOWN,discount_zone,0.5167785234899329,0.08843850760018425,0.3703362505757715
2021-09-09,2021,DOWN,generic_pullback,0.610738255033557,-0.011054813450023031,0.4661446338093045
2021-09-10,2021,DOWN,discount_zone,0.5086206896551724,-0.08736059479553904,0.08178438661710037
2021-09-10,2021,DOWN,generic_pullback,0.6982758620689655,-0.0,0.10408921933085502
2021-09-13,2021,DOWN,discount_zone,0.5343283582089552,-0.021518873845602082,0.22953465435308887
2021-09-13,2021,DOWN,generic_pullback,0.6,-0.09683493230520937,-0.12194028512507846
2021-09-15,2021,DOWN,generic_pullback,0.8979591836734694,0.046804680468046804,0.0072007200720072
2021-09-16,2021,UP,discount_zone,0.45263157894736844,-0.056061667834618086,0.09810791871058165
2021-09-16,2021,UP,generic_pullback,0.43508771929824563,-0.019271198318149968,-0.11387526278906798
2021-09-24,2021,UP,discount_zone,0.5275862068965518,0.11840762164001362,0.13201769309288874
2021-09-23,2021,UP,generic_pullback,0.2827586206896552,-0.10937390450816799,-0.05749141134403702
2021-09-23,2021,DOWN,discount_zone,0.4752475247524752,-0.1205917408679801,-0.19631213629671176
2021-09-23,2021,DOWN,generic_pullback,0.35148514851485146,-0.15284302040243988,-0.2439879408259132
2021-09-24,2021,DOWN,discount_zone,0.5353159851301115,-0.005444028581150051,-0.11024157876828854
2021-09-24,2021,DOWN,generic_pullback,0.3420074349442379,-0.03946920721333787,0.055801292956788026
2021-09-24,2021,UP,generic_pullback,0.21052631578947367,0.04491323579448792,-0.636951343994556
2021-09-29,2021,DOWN,discount_zone,0.484472049689441,-0.011145510835913313,0.019814241486068113
2021-09-28,2021,DOWN,generic_pullback,0.2898550724637681,-0.1730614435202576,-0.038905285752616044
2021-09-30,2021,DOWN,discount_zone,0.45532646048109965,-0.22008585766975028,0.1668782876836568
2021-09-29,2021,DOWN,generic_pullback,0.30412371134020616,0.11393188854489164,-0.3913312693498452
2021-09-30,2021,DOWN,generic_pullback,0.3157894736842105,-0.34101215309269,-0.3373843642300018
2021-10-01,2021,DOWN,discount_zone,0.5082508250825083,0.06281109267598957,0.11732638065892392
2021-10-01,2021,DOWN,generic_pullback,0.636963696369637,0.14102867978193886,0.09006873666745675
2021-10-01,2021,UP,generic_pullback,0.7459016393442623,0.0912538516236075,0.18843327802796872
2021-10-04,2021,DOWN,discount_zone,0.4597156398104265,-0.5216394382344511,-0.6202350243622815
2021-10-04,2021,DOWN,generic_pullback,0.22511848341232227,-0.11808541129263399,-0.1467469188879335
2021-10-06,2021,UP,discount_zone,0.518348623853211,-0.3403009189134606,0.1959002322528527
2021-10-06,2021,UP,generic_pullback,0.6551987767584098,-0.24739977784509745,0.35342825406442496
2021-10-06,2021,UP,discount_zone,0.5333333333333333,0.1514692517418964,0.34434009895991113
2021-10-06,2021,UP,generic_pullback,0.8787878787878788,-0.05856811067353328,-0.10501868120771483
2021-10-08,2021,UP,discount_zone,0.5119047619047619,0.10013828620475895,-0.08583281674693626
2021-10-07,2021,UP,generic_pullback,0.14523809523809525,-0.10931628519837978,-0.023424918256795667
2021-10-11,2021,DOWN,discount_zone,0.4512372634643377,0.10138336175857494,0.11085844229675951
2021-10-08,2021,DOWN,generic_pullback,0.22125181950509462,0.20504506222879215,0.12398073530113014
2021-10-11,2021,DOWN,generic_pullback,0.20353982300884957,-0.022740193291642976,0.28709494030699256
2021-10-12,2021,UP,generic_pullback,0.7582417582417582,0.18937600606003221,0.060600321939210305
2021-10-13,2021,UP,discount_zone,0.4714828897338403,0.7137389973210868,0.8295063145809414
2022-01-21,2022,UP,generic_pullback,0.8479087452471483,-0.6716280779125321,-0.28022785740536565
2021-10-15,2021,UP,discount_zone,0.4787234042553192,0.05193333648080827,0.04626788159199283
2021-10-15,2021,UP,generic_pullback,0.2872340425531915,0.035881214295831174,-0.009442424814692414
2022-01-10,2022,UP,discount_zone,0.46246524559777574,-0.13041945717307016,-0.29432499118787453
2021-10-20,2021,UP,generic_pullback,0.28266913809082483,0.06730663135826989,0.09158115414321968
2021-10-20,2021,DOWN,discount_zone,0.4876325088339223,-0.0055169369965794995,-0.21736731766523226
2021-10-20,2021,DOWN,generic_pullback,0.3215547703180212,-0.0044135495972636,0.06841001875758579
2021-10-25,2021,UP,generic_pullback,0.31438127090301005,0.05936712405488659,0.07616914029683562
2021-10-26,2021,UP,discount_zone,0.45553822152886114,-0.28450295659935293,-0.27892446725426756
2021-10-26,2021,UP,generic_pullback,0.26833073322932915,-0.15619770166238983,-0.4016512328461453
2021-10-26,2021,DOWN,generic_pullback,0.3218390804597701,-0.025661050987392617,0.029008144594443827
2021-10-29,2021,UP,discount_zone,0.5349544072948328,0.15287714792392834,0.2066899039931511
2021-10-27,2021,UP,generic_pullback,0.10790273556231003,-0.1336116910229645,-0.12645392186101997
2021-10-28,2021,UP,discount_zone,0.4946524064171123,0.11433385485618004,0.12155494042604405
2021-10-28,2021,UP,generic_pullback,0.13368983957219252,-0.16127091106029606,-0.04693705620411602
2021-10-29,2021,DOWN,discount_zone,0.5350877192982456,-0.03179844676817709,-0.30086222711429095
2021-10-28,2021,DOWN,generic_pullback,0.5701754385964912,-0.007221085569864003,-0.03369839932603202
2021-12-03,2021,UP,discount_zone,0.50390625,-0.3382107235076705,-0.38479064351172093
2021-10-29,2021,UP,generic_pullback,0.294921875,0.0733810310034856,0.16877637130801687
2021-11-01,2021,UP,discount_zone,0.5079365079365079,-0.10853970432287444,0.02245649054956023
2021-11-01,2021,UP,generic_pullback,0.746031746031746,0.12101553240596345,0.1547002682303038
2021-11-10,2021,UP,discount_zone,0.458259325044405,0.8549394050679398,0.7271391847227323
2021-11-02,2021,UP,generic_pullback,0.1492007104795737,-0.09811937857726902,-0.02998092123194331
2021-11-02,2021,DOWN,generic_pullback,0.19801980198019803,-0.004088307440719543,0.12128645407467975
2021-11-03,2021,UP,discount_zone,0.45263157894736844,0.0727065364601896,0.0741321548221541
2021-11-03,2021,UP,generic_pullback,0.5789473684210527,-0.022809893791432032,0.04989664266875757
2021-11-09,2021,UP,discount_zone,0.48013245033112584,0.2806122448979592,-0.025510204081632654
2021-11-04,2021,UP,generic_pullback,0.2108167770419426,0.31497216525051275,0.2842074421330208
2021-11-04,2021,UP,generic_pullback,0.6302521008403361,0.13038382654556108,0.17286844418400235
2021-11-05,2021,UP,discount_zone,0.5050301810865191,-0.30920281359906215,-0.25351699882766704
2021-11-05,2021,UP,generic_pullback,0.16901408450704225,-0.010257913247362251,-0.007327080890973036
2021-11-17,2021,DOWN,discount_zone,0.4786885245901639,0.14394580863674852,0.31047135196161446
2021-11-05,2021,DOWN,generic_pullback,0.25573770491803277,0.06594372801875734,0.15679953106682298
2021-11-08,2021,DOWN,discount_zone,0.4552238805970149,0.051237007758746886,-0.0014639145073927682
2021-11-08,2021,DOWN,generic_pullback,0.7761194029850746,0.01756697408871322,0.013175230566534914
2021-11-09,2021,DOWN,discount_zone,0.506578947368421,0.0015006002400960385,0.15456182472989197
2021-11-09,2021,DOWN,generic_pullback,0.8355263157894737,0.15006002400960386,0.28211284513805523
2021-11-12,2021,DOWN,discount_zone,0.46153846153846156,-0.03776325344952796,-0.10312273057371096
2021-11-10,2021,DOWN,generic_pullback,0.4479638009049774,-0.08960705104663974,0.2805728975394785
2021-11-11,2021,DOWN,generic_pullback,0.3591549295774648,-0.011139734038849823,-0.0027849335097124557
2021-11-11,2021,UP,generic_pullback,0.8395061728395061,-0.12810694144677295,0.0
2021-11-15,2021,UP,discount_zone,0.5154826958105647,-0.1254227733934611,0.057779030439684326
2021-11-12,2021,UP,generic_pullback,0.14025500910746813,0.11619462599854757,0.07407407407407407
2021-11-23,2021,UP,discount_zone,0.489247311827957,-0.3963497684554617,-0.14573685644238626
2021-11-16,2021,UP,generic_pullback,0.11827956989247312,-0.01574465039719459,0.007156659271452087
2021-11-18,2021,UP,discount_zone,0.48014440433212996,0.19607843137254902,0.6347862886161659
2021-11-18,2021,UP,generic_pullback,0.35018050541516244,-0.07053180984624066,0.4401184934405417
2021-11-19,2021,UP,discount_zone,0.5482093663911846,0.06930487213251091,0.076235359345762
2021-11-19,2021,UP,generic_pullback,0.3085399449035813,0.12474876983851964,0.16355949823272575
2021-11-22,2021,DOWN,discount_zone,0.47146401985111663,1.0099175862550636,1.874563486520464
2021-11-22,2021,DOWN,generic_pullback,0.2803970223325062,-0.13828747031708338,-0.0055873725380639755
2021-11-24,2021,DOWN,discount_zone,0.48819742489270385,-0.16526824307144672,-0.21484871599288075
2021-11-23,2021,DOWN,generic_pullback,0.16952789699570817,-0.07218741487333151,0.008172160174339417
2021-11-24,2021,UP,generic_pullback,0.7435897435897436,0.2250190694126621,0.5606407322654462
2021-11-24,2021,UP,discount_zone,0.5045871559633027,0.06102212051868802,0.4246122552758708
2021-11-24,2021,UP,generic_pullback,0.41743119266055045,0.07627765064836003,0.03686753114670735
2021-11-26,2021,DOWN,generic_pullback,0.1898989898989899,-0.09722222222222222,0.16161616161616163
2021-11-29,2021,UP,generic_pullback,0.13912009512485138,0.12187836061656113,0.004779543553590632
2021-11-30,2021,DOWN,discount_zone,0.5105042016806722,-0.7526038750139994,-0.8421995744204278
2021-11-30,2021,DOWN,generic_pullback,0.16596638655462184,-0.2094299473625266,-0.4457386045469818
2021-11-30,2021,UP,discount_zone,0.5118110236220472,0.8533990368462314,0.7682831224101243
2021-12-01,2021,UP,generic_pullback,0.2952755905511811,-0.14330449551510005,-0.22079507457141342
2021-12-02,2021,DOWN,generic_pullback,0.15930521091811414,-0.47430428600446883,-0.4753199268738574
2021-12-02,2021,UP,generic_pullback,0.3270547945205479,-0.21023765996343693,-0.13101767215112736
2021-12-06,2021,DOWN,discount_zone,0.4682151589242054,-0.44804799175141774,-0.11810470075455783
2021-12-03,2021,DOWN,generic_pullback,0.2530562347188264,0.19442053566908005,0.15897929218773735
2021-12-06,2021,UP,generic_pullback,0.2255772646536412,0.0543656559028917,0.026245489056568403
2021-12-08,2021,UP,discount_zone,0.47674418604651164,0.03512679917751885,0.08738862234407128
2021-12-07,2021,UP,generic_pullback,0.27906976744186046,-0.0922897719636217,-0.06988934187536401
2021-12-08,2021,UP,discount_zone,0.4823529411764706,0.027416038382453736,0.10795065113091158
2021-12-08,2021,UP,generic_pullback,0.27941176470588236,-0.015421521590130225,0.11394790952707333
2021-12-10,2021,DOWN,discount_zone,0.4768856447688564,0.033013335650058644,-0.10512141088571304
2021-12-10,2021,DOWN,generic_pullback,0.6204379562043796,0.14942878241605492,0.31883932062030323
2021-12-10,2021,DOWN,discount_zone,0.46357615894039733,-0.007818947917119153,-0.10251509491334
2021-12-10,2021,DOWN,generic_pullback,0.31125827814569534,-0.13813474653577168,-0.154641414360801
2021-12-10,2021,UP,discount_zone,0.5192307692307693,-0.020850527778984405,0.07905825116198253
2021-12-10,2021,UP,generic_pullback,0.375,-0.04343859953955085,-0.06428912731853526
2021-12-13,2021,DOWN,generic_pullback,0.438953488372093,0.012168622338113864,0.060843111690569315
2021-12-14,2021,DOWN,discount_zone,0.49081364829396323,-0.08349832142549711,-0.17302229491262805
2021-12-14,2021,DOWN,generic_pullback,0.14829396325459318,-0.19196005853490575,-0.3271068262029784
2021-12-15,2021,UP,generic_pullback,0.26053042121684866,-0.2407559572719803,-0.40920295809367296
2021-12-16,2021,UP,generic_pullback,0.3880048959608323,-0.333937150507994,-0.41033314956288885
2021-12-22,2021,DOWN,discount_zone,0.5472222222222223,-0.17038714547611344,-0.20849059994967467
2021-12-16,2021,DOWN,generic_pullback,0.20833333333333334,0.34102543908009764,0.45286288099551075
2021-12-21,2021,DOWN,discount_zone,0.5411840411840412,-0.05738985144019469,0.12277069485307472
2021-12-20,2021,DOWN,generic_pullback,0.11132561132561132,-0.10884556603421927,-0.23931114176016702
2021-12-20,2021,UP,discount_zone,0.5317919075144508,0.07678831028441496,0.09244417937152868
2021-12-20,2021,UP,generic_pullback,0.7456647398843931,0.07380623998210759,0.1327021284526783
2021-12-21,2021,UP,discount_zone,0.5087336244541485,0.2869492572009735,0.44095746612909087
2021-12-21,2021,UP,generic_pullback,0.6419213973799127,0.3094693254876321,0.41843739784243217
2022-01-05,2022,UP,discount_zone,0.5460772104607721,-0.37632477097179806,-1.0643075264954194
2021-12-22,2021,UP,generic_pullback,0.11581569115815692,-0.08483410618641934,-0.07117437722419928
2021-12-28,2021,UP,discount_zone,0.5099502487562189,-0.04465592972181552,-0.0424597364568082
2021-12-27,2021,UP,generic_pullback,0.1517412935323383,-0.00675244776231384,0.039014142626702185
2021-12-28,2021,DOWN,discount_zone,0.5147540983606558,0.09004392386530015,-0.010248901903367497
2021-12-28,2021,DOWN,generic_pullback,0.7442622950819672,0.09004392386530015,-0.00951683748169839
2022-01-03,2022,DOWN,discount_zone,0.5013089005235603,-0.14033886702036627,-0.2678418620571624
2021-12-31,2021,DOWN,generic_pullback,0.12041884816753927,-0.06662279980259911,-0.03290014805066623
2022-01-03,2022,UP,discount_zone,0.47648902821316613,-0.09498545267841862,-0.02224884477152148
2022-01-03,2022,UP,generic_pullback,0.6959247648902821,-0.029950367961663532,-0.01454732158137943
2022-01-03,2022,DOWN,discount_zone,0.49099099099099097,0.06075646072223174,-0.006845798391237379
2022-01-03,2022,DOWN,generic_pullback,0.5900900900900901,-0.08557247989046723,0.07615950710251583
2022-01-03,2022,UP,discount_zone,0.45323741007194246,-0.01112442238576074,0.07701523190142051
2022-01-03,2022,UP,generic_pullback,0.8273381294964028,0.08557247989046723,0.08300530549375322
2023-12-12,2023,DOWN,discount_zone,0.5279912184412733,-0.01003584229390681,0.14623655913978495
2022-01-04,2022,DOWN,generic_pullback,0.22502744237102085,0.0695985036321719,0.0661185784505633
2022-01-05,2022,DOWN,discount_zone,0.5209580838323353,0.04670379019220405,0.04490749056942698
2022-01-05,2022,DOWN,generic_pullback,0.313373253493014,-0.04221304113526136,-0.05837973774025507
2022-01-06,2022,DOWN,discount_zone,0.5353075170842825,0.001762502753910553,0.13747521480502314
2022-01-06,2022,DOWN,generic_pullback,0.4009111617312073,-0.10486891385767791,-0.13835646618197842
2022-01-06,2022,UP,discount_zone,0.48660714285714285,-0.09958140559594625,-0.1198501872659176
2022-01-06,2022,UP,generic_pullback,0.8035714285714286,-0.02026878166997136,-0.05375633399427186
2022-01-07,2022,DOWN,generic_pullback,0.16926770708283315,-0.12674386796753898,0.017324701376857845
2022-01-13,2022,UP,discount_zone,0.45163014430785675,-0.1986455981941309,-0.1231274368971886
2022-01-11,2022,UP,generic_pullback,0.13041154462854088,0.07988781710789104,0.045893001317299106
2022-01-12,2022,UP,discount_zone,0.5454545454545454,-0.049950867998689814,0.17933180478218144
2022-01-12,2022,UP,generic_pullback,0.3925619834710744,-0.04012446773665247,-0.07779233540779561
2022-01-13,2022,DOWN,discount_zone,0.5,0.26020931664272523,0.6090703878514262
2022-01-13,2022,DOWN,generic_pullback,0.3924731182795699,0.4506464190437102,0.637800123127437
2022-01-14,2022,DOWN,discount_zone,0.4948604992657856,-0.052666227781435156,-0.10862409479921001
2022-01-14,2022,DOWN,generic_pullback,0.3245227606461087,0.1390717577353522,-0.1291968400263331
2022-01-17,2022,UP,generic_pullback,0.18604651162790697,-0.03387103603031458,-0.01693551801515729
2023-07-12,2023,DOWN,discount_zone,0.5100436681222708,-0.35106173164157517,-0.3786733285122609
2022-01-18,2022,DOWN,generic_pullback,0.2576419213973799,0.17735710347362615,0.06432641058628928
2022-01-20,2022,UP,generic_pullback,0.2680221811460259,0.0582953316722298,-0.22377885383855955
2022-02-02,2022,DOWN,discount_zone,0.5059602649006623,-0.027138754772949605,-0.2549780680993405
2022-01-21,2022,DOWN,generic_pullback,0.15143487858719648,0.07625872840867327,0.2930907754502021
2022-01-25,2022,DOWN,discount_zone,0.450261780104712,-0.27637397346809855,-0.476152874289324
2022-01-24,2022,DOWN,generic_pullback,0.10373036649214659,0.33560521093952206,0.8523854714864982
2022-01-25,2022,UP,discount_zone,0.5065502183406113,0.352179406190777,0.09001895135818067
2022-01-24,2022,UP,generic_pullback,0.35807860262008734,-0.35199723923733933,-0.2795272193943577
2022-01-25,2022,DOWN,generic_pullback,0.6080892608089261,0.22741629816803535,0.01658243840808591
2022-01-26,2022,UP,generic_pullback,0.23865645256334708,0.12423307038603712,0.21035783697267635
2022-01-27,2022,DOWN,discount_zone,0.5162037037037037,0.4665530464422667,0.5269137906547365
2022-01-27,2022,DOWN,generic_pullback,0.8449074074074074,0.20025564550489985,0.5240732850447379
2022-01-28,2022,UP,discount_zone,0.5087719298245614,0.041405056847106735,-0.33191922620057696
2022-01-28,2022,UP,generic_pullback,0.3319838056680162,-0.045477685389445105,-0.24843034108264042
2022-02-03,2022,UP,discount_zone,0.5124013528748591,0.07174713980996704,0.0
2022-02-01,2022,UP,generic_pullback,0.17249154453213078,0.17963330029732408,0.18211100099108027
2022-02-01,2022,UP,discount_zone,0.5116279069767442,-0.00805252725470763,-0.0879583746283449
2022-02-01,2022,UP,generic_pullback,0.8953488372093024,0.047695738354806734,0.07309217046580772
2022-02-01,2022,DOWN,discount_zone,0.5344827586206896,0.06442021803766104,0.027874132804757184
2022-02-01,2022,DOWN,generic_pullback,0.7887931034482759,0.06689791873141725,0.0433597621407334
2022-02-02,2022,UP,discount_zone,0.5115577889447236,0.008835873647006847,0.0959323424532172
2022-02-02,2022,UP,generic_pullback,0.3658291457286432,-0.18807788191486005,-0.3161980497964593
2022-02-02,2022,UP,discount_zone,0.5230263157894737,0.06374451702483512,-0.9391271419104421
2022-02-02,2022,UP,generic_pullback,0.8486842105263158,0.1344315062008899,-0.8829562308687557
2022-02-03,2022,DOWN,discount_zone,0.45038167938931295,0.19067933553099348,0.135091461443992
2022-02-03,2022,DOWN,generic_pullback,0.638676844783715,0.0646370628918622,0.11376123068967747
2022-02-04,2022,DOWN,generic_pullback,0.6440677966101694,0.14041246160596754,-0.052027831755782614
2022-02-07,2022,UP,discount_zone,0.5187566988210075,-0.2778036729747366,-0.21565520027345328
2022-02-07,2022,UP,generic_pullback,0.2132904608788853,-0.057798079612193534,-0.24424349771604364
2022-02-07,2022,DOWN,discount_zone,0.5378787878787878,0.16220751375034959,0.22994934899474845
2022-02-07,2022,DOWN,generic_pullback,0.7878787878787878,0.1864454181038501,0.3492744165812125
2022-02-08,2022,UP,discount_zone,0.49440715883668906,0.4268097885119162,0.4823972909079292
2022-02-08,2022,UP,generic_pullback,0.4250559284116331,-0.003833620854897451,-0.1028688262730816
2022-02-09,2022,UP,generic_pullback,0.5595854922279793,0.07144480888513623,0.10067223070178287
2022-02-15,2022,DOWN,discount_zone,0.5170870626525631,-0.0018190637885035167,-0.012733446519524618
2022-02-14,2022,DOWN,generic_pullback,0.193246541903987,-0.13750622200099552,-0.08586361373817819
2022-02-14,2022,UP,discount_zone,0.47391952309985097,-0.39447486311597807,-0.2308362369337979
2022-02-14,2022,UP,generic_pullback,0.2488822652757079,0.034221005475360874,-0.025510204081632654
2022-02-17,2022,UP,discount_zone,0.48256735340729,0.0006057485537753279,0.07571856922191599
2022-02-15,2022,UP,generic_pullback,0.17987321711568938,0.1885762794081979,0.2085859810817366
2022-02-17,2022,DOWN,discount_zone,0.48355263157894735,0.09873701426537845,0.062392101038858776
2022-02-17,2022,DOWN,generic_pullback,0.625,0.0890450374049732,0.0823818033134446
2022-02-24,2022,DOWN,discount_zone,0.48715144887916895,-0.12695893671890499,0.11836275871189579
2022-02-24,2022,DOWN,generic_pullback,0.22799343903772554,-0.35310454274945446,-0.4298089003504596
2022-02-24,2022,UP,discount_zone,0.473630831643002,0.030417245255570987,0.20498578324406533
2022-02-24,2022,UP,generic_pullback,0.5993914807302231,0.012563644779474973,0.0813330688355485
2022-03-04,2022,UP,discount_zone,0.4594294183030752,-0.06697475051905433,-0.15002344116268168
2022-02-25,2022,UP,generic_pullback,0.10448314190440904,0.12667447825949268,0.027235012825790925
2022-02-28,2022,DOWN,generic_pullback,0.6764705882352942,0.22247154992787305,0.12822567719185768
2022-03-02,2022,UP,generic_pullback,0.6373831775700934,0.1413007593265104,0.2119511389897656
2022-03-03,2022,UP,discount_zone,0.5456852791878173,0.147765536630815,0.09153617313413319
2022-03-02,2022,UP,generic_pullback,0.15355329949238578,0.12809508088478044,0.1696929679762298
2022-03-03,2022,UP,discount_zone,0.5325670498084292,0.06342149138579227,-0.1909183039654778
2022-03-03,2022,UP,generic_pullback,0.3888888888888889,-0.0032691490405047565,-0.22099447513812154
2022-03-03,2022,DOWN,discount_zone,0.5454545454545454,0.037268299061754225,0.02942234136454281
2022-03-03,2022,DOWN,generic_pullback,0.44405594405594406,-0.11245872699336362,0.10265127987184935
2022-03-07,2022,DOWN,generic_pullback,0.6317829457364341,0.07069780089052038,0.14751368070425885
2022-03-10,2022,UP,discount_zone,0.4811957569913211,-0.2657701944118487,-0.4617677840855032
2022-03-09,2022,UP,generic_pullback,0.14271938283510124,0.06610519624980137,0.20912124582869857
2022-03-10,2022,DOWN,generic_pullback,0.20754716981132076,0.010783038914084553,0.03932637721607307
2022-03-11,2022,DOWN,generic_pullback,0.4265975820379965,0.08081573381317676,0.017047068851216974
2022-03-15,2022,DOWN,discount_zone,0.5253164556962026,0.05208668252845477,0.0765224101343965
2022-03-14,2022,DOWN,generic_pullback,0.27848101265822783,0.022746474296484045,0.27555728862026385
2022-04-26,2022,UP,discount_zone,0.49333333333333335,-0.289044289044289,-0.3745143745143745
2022-03-15,2022,UP,generic_pullback,0.1824561403508772,-0.1459713201723362,-0.03343836409234133
2022-03-16,2022,UP,discount_zone,0.5444385311335816,0.2749007840480108,0.7937276159132707
2022-03-16,2022,UP,generic_pullback,0.16444917509313464,-0.25296034588455457,-0.15745490917303906
2022-03-17,2022,UP,discount_zone,0.48590021691973967,0.11485235510088808,0.13807386952019332
2022-03-17,2022,UP,generic_pullback,0.7223427331887202,0.11108670411397371,0.11485235510088808
2022-04-12,2022,UP,discount_zone,0.5030769230769231,-0.24677599108422224,-0.33832192326062727
2022-03-17,2022,UP,generic_pullback,0.22,-0.08033388772083974,0.6131735023692221
2022-03-21,2022,UP,generic_pullback,0.6564299424184261,0.21124296121910094,0.24623803009575923
2022-03-21,2022,DOWN,discount_zone,0.4728789986091794,-0.4740241147838259,-0.6222759520249419
2022-03-21,2022,DOWN,generic_pullback,0.22948539638386647,-0.17688416632201825,-0.11707441224191135
2022-03-24,2022,UP,discount_zone,0.4786273329319687,0.18760768298130306,0.33437559823878504
2022-03-22,2022,UP,generic_pullback,0.17278747742323902,0.09081230036951211,0.0789127575624726
2022-03-24,2022,DOWN,discount_zone,0.5131086142322098,-0.14676791525748198,-0.25333418416182757
2022-03-23,2022,DOWN,generic_pullback,0.3258426966292135,-0.06365650450900241,0.06552875464162013
2022-03-28,2022,DOWN,generic_pullback,0.2119700748129676,-0.15956315154953551,-0.18934827317211547
2022-03-31,2022,UP,discount_zone,0.45091164095371666,-0.038763942219784235,-0.007313951362223441
2022-03-29,2022,UP,generic_pullback,0.2917251051893408,0.11676938047356472,0.21551879482466574
2022-03-30,2022,UP,discount_zone,0.539553752535497,-0.03595053206787461,-0.28041415012942195
2022-03-30,2022,UP,generic_pullback,0.3002028397565923,-0.11576071325855623,-0.26890997986770204
2022-03-30,2022,DOWN,discount_zone,0.5231788079470199,0.05680184066724188,0.0992234685073339
2022-03-30,2022,DOWN,generic_pullback,0.8708609271523179,0.21498418176589015,0.1919758412424504
2022-04-04,2022,DOWN,discount_zone,0.5385906040268457,-0.019738839963559063,-0.057698147585788034
2022-03-31,2022,DOWN,generic_pullback,0.33221476510067116,0.052660449808008776,0.09581276284512708
2022-04-01,2022,DOWN,discount_zone,0.4738955823293173,0.1950521519749972,0.14233535414391688
2022-04-01,2022,DOWN,generic_pullback,0.6746987951807228,0.19881763753436008,0.31178220431524645
2022-04-05,2022,UP,discount_zone,0.5053981106612686,0.05568096313017306,-0.10158013544018059
2022-04-04,2022,UP,generic_pullback,0.15114709851551958,0.14424536896447007,0.15942909201336167
2023-06-14,2023,DOWN,discount_zone,0.4782110091743119,-0.07820743591335114,-0.30538141642356154
2022-04-05,2022,DOWN,generic_pullback,0.25229357798165136,0.2129420617005267,0.1038374717832957
2022-04-05,2022,DOWN,generic_pullback,0.7771739130434783,0.09405568096313018,1.0624529721595184
2022-04-07,2022,DOWN,discount_zone,0.4796747967479675,-0.029201688962550806,-0.41908369835444537
2022-04-07,2022,DOWN,generic_pullback,0.26151761517615174,-0.21309340594293832,-0.1523223235073596
2022-04-08,2022,UP,discount_zone,0.47058823529411764,-0.1139871764426502,-0.14485870339586798
2022-04-08,2022,UP,generic_pullback,0.7079107505070994,-0.00791577614185071,-0.1353597720256471
2022-04-12,2022,DOWN,discount_zone,0.4950263311878291,0.33593376850819934,0.5023085495940137
2022-04-11,2022,DOWN,generic_pullback,0.10005851375073142,0.015180568871844042,-0.03275806967082135
2022-04-13,2022,UP,generic_pullback,0.14580645161290323,0.02775574940523394,0.1514670896114195
2022-04-14,2022,DOWN,discount_zone,0.5315315315315315,0.04587518785098474,0.1874555089772997
2022-04-14,2022,DOWN,generic_pullback,0.6463963963963963,0.14237127264098712,0.3108439452661552
2022-04-19,2022,UP,discount_zone,0.5067750677506775,0.028855270208994598,-0.06348159445978811
2022-04-19,2022,UP,generic_pullback,0.4065040650406504,0.009068799208541159,-0.057710540417989196
2022-04-20,2022,DOWN,discount_zone,0.5336322869955157,-0.03918299291371405,0.10587744893705711
2022-04-20,2022,DOWN,generic_pullback,0.3968609865470852,-0.06836181742392664,-0.05335556481867445
2023-05-19,2023,DOWN,discount_zone,0.541718043567612,-0.07165837964317052,0.09359461830944721
2022-04-22,2022,DOWN,generic_pullback,0.14097821619399917,0.3403203953136208,0.4255997449589543
2022-04-26,2022,DOWN,generic_pullback,0.1564625850340136,0.0675990675990676,0.15773115773115773
2022-04-27,2022,UP,discount_zone,0.49866666666666665,-0.061087354917532075,-0.36194257788637757
2022-04-27,2022,UP,generic_pullback,0.6826666666666666,-0.09010384850335981,-0.08246792913866831
2022-04-29,2022,UP,discount_zone,0.539291217257319,-0.15529308836395453,-0.4017206182560514
2022-04-29,2022,UP,generic_pullback,0.37750385208012327,-0.20924467774861477,-0.415573053368329
2022-05-02,2022,DOWN,discount_zone,0.5026086956521739,0.11255232997048933,0.0061766522544780735
2022-05-02,2022,DOWN,generic_pullback,0.5617391304347826,0.2868711824857594,0.27932194084139733
2022-05-03,2022,UP,discount_zone,0.5309859154929577,-0.1284679513461801,-0.23370233702337023
2022-05-03,2022,UP,generic_pullback,0.2084507042253521,-0.1120677873445401,-0.19133524668580018
2022-05-04,2022,DOWN,discount_zone,0.48604651162790696,-0.18547247216189197,-0.1896094046264695
2022-05-04,2022,DOWN,generic_pullback,0.7209302325581395,0.26062674526838353,0.3040645361464474
2022-08-01,2022,DOWN,discount_zone,0.49710982658959535,0.026213504474374042,-0.3606616650094911
2022-05-05,2022,DOWN,generic_pullback,0.2700247729149463,0.01937531317855353,0.15967930516118256
2022-05-06,2022,UP,discount_zone,0.49529411764705883,-0.2235320642896254,-0.3027667729571295
2022-05-06,2022,UP,generic_pullback,0.6741176470588235,0.12175089380616486,0.0038651077398782494
2022-05-10,2022,DOWN,discount_zone,0.5188843695525857,0.272618522949065,0.7114524963797771
2022-05-09,2022,DOWN,generic_pullback,0.23532829750145265,0.08267879288962382,0.14118993862689605
2022-05-10,2022,DOWN,generic_pullback,0.3945885005636979,0.053516338223257576,-0.1341056475476925
2022-05-13,2022,DOWN,discount_zone,0.5409139213602551,0.03006596103696886,0.08774351894462341
2022-05-11,2022,DOWN,generic_pullback,0.5855472901168969,0.2882079618234334,0.055255556950897906
2022-05-12,2022,DOWN,discount_zone,0.5274151436031331,0.17409687247404093,0.242492072374557
2022-05-12,2022,DOWN,generic_pullback,0.7493472584856397,0.242492072374557,0.42342846483864954
2022-05-13,2022,UP,discount_zone,0.5383458646616541,0.042951372909955515,0.29022856266298513
2022-05-13,2022,UP,generic_pullback,0.12105263157894737,-0.10308329498389324,-0.33379352661451145
2022-05-16,2022,DOWN,discount_zone,0.45454545454545453,0.11574618096357227,0.00763807285546416
2022-05-16,2022,DOWN,generic_pullback,0.6405919661733616,0.1392479435957697,0.0945945945945946
2022-05-19,2022,DOWN,generic_pullback,0.2034587995930824,-0.10770861382451516,-0.2870319974791601
2022-05-19,2022,UP,discount_zone,0.45233265720081134,0.10541694118995101,0.04296886189807786
2022-05-19,2022,UP,generic_pullback,0.35699797160243407,0.25322982611933886,0.19421925577931193
2022-05-20,2022,DOWN,generic_pullback,0.15561959654178675,-0.7303121017220428,-0.5382495035418952
2022-05-24,2022,UP,discount_zone,0.4985233313644418,-0.21635704576347986,-0.24864068871771636
2022-05-23,2022,UP,generic_pullback,0.2238629651506202,0.1745251461648099,0.2600424677855668
2022-05-24,2022,DOWN,discount_zone,0.4883474576271186,-0.07929315813321251,0.0724966017217943
2022-05-24,2022,DOWN,generic_pullback,0.149364406779661,-0.0917535115541459,-0.3234028092433167
2022-05-24,2022,UP,generic_pullback,0.6460674157303371,0.12233801540552787,0.24241051200724967
2022-05-25,2022,UP,discount_zone,0.47514619883040937,0.006749346157091032,0.09449084619927445
2022-05-25,2022,UP,generic_pullback,0.30994152046783624,0.0073117916701819505,-0.09955285581709272
2022-05-26,2022,UP,generic_pullback,0.18004866180048662,-0.017434340025870312,-0.03655587424779259
2022-05-27,2022,UP,generic_pullback,0.18766066838046272,-0.03505399445920733,-0.016396223214790524
2022-06-02,2022,DOWN,discount_zone,0.4624277456647399,-0.060897340219111015,-0.2382160661512284
2022-06-01,2022,DOWN,generic_pullback,0.40028901734104044,-0.07246800303898078,-0.2279235579451815
2022-06-02,2022,UP,discount_zone,0.4935897435897436,0.17731872593211737,0.20120003582196483
2022-06-02,2022,UP,generic_pullback,0.6794871794871795,-0.0023881309889847457,0.051344816263172034
2022-06-03,2022,UP,discount_zone,0.5342465753424658,0.021003212255992092,-0.13466765505312578
2022-06-03,2022,UP,generic_pullback,0.30759651307596514,-0.13775636273783048,-0.3113417346182357
2022-06-03,2022,DOWN,generic_pullback,0.2870249017038008,-0.09266123054114159,-0.1914998764516926
2022-06-06,2022,DOWN,discount_zone,0.4795799299883314,0.18866749688667497,0.20921544209215442
2022-06-06,2022,DOWN,generic_pullback,0.4492415402567094,0.20983810709838108,0.21668742216687423
2022-06-08,2022,UP,generic_pullback,0.20051085568326948,0.0656657422460234,-0.00318765739058366
2022-06-08,2022,DOWN,discount_zone,0.467680608365019,0.24226196168435818,0.21357304516910522
2022-06-08,2022,DOWN,generic_pullback,0.7300380228136882,-0.0337891683401868,-0.020401007299735426
2022-06-09,2022,DOWN,discount_zone,0.5317829457364341,0.21463479064852728,0.19482234843481705
2022-06-08,2022,DOWN,generic_pullback,0.2651162790697674,0.2129355136909885,0.08542921806764209
2022-06-09,2022,DOWN,generic_pullback,0.7347670250896058,0.1703870030379078,0.17765156518293487
2022-06-27,2022,DOWN,discount_zone,0.530437878248487,-0.0014355955927215303,0.09116032013781718
2022-06-10,2022,DOWN,generic_pullback,0.1505873976504094,-0.016181229773462782,-0.026968716289104636
2022-06-10,2022,UP,discount_zone,0.5321637426900585,-0.0040453074433656954,0.020226537216828478
2022-06-10,2022,UP,generic_pullback,0.43859649122807015,0.04854368932038835,0.0337108953613808
2022-06-13,2022,DOWN,discount_zone,0.45750452079566006,-0.03082719643774619,0.07741051549922932
2022-06-13,2022,DOWN,generic_pullback,0.6998191681735986,0.16509676314437405,0.03219729405720158
2022-06-14,2022,DOWN,discount_zone,0.5046728971962616,0.13666536509176103,0.12950670311076404
2022-06-14,2022,DOWN,generic_pullback,0.37783711615487314,0.035793309904985034,0.07874528179096707
2022-06-14,2022,UP,discount_zone,0.4585365853658537,-0.0039047247169074584,-0.22387088376936093
2022-06-14,2022,UP,generic_pullback,0.7024390243902439,0.23818820773135496,-0.03188858518807758
2022-06-14,2022,DOWN,generic_pullback,0.7607361963190185,-0.05141220877261487,0.04425354679161786
2022-06-16,2022,DOWN,generic_pullback,0.2835820895522388,0.0641839941164672,-0.07554990974125828
2022-06-22,2022,UP,discount_zone,0.4740061162079511,0.27748132337246534,0.2437428994388405
2022-06-21,2022,UP,generic_pullback,0.10932721712538226,-0.055303837953091683,-0.03331556503198294
2022-06-21,2022,DOWN,discount_zone,0.5022421524663677,0.04397654584221748,0.08861940298507463
2022-06-21,2022,DOWN,generic_pullback,0.3452914798206278,0.01665778251599147,0.07662579957356078
2022-06-22,2022,DOWN,discount_zone,0.5153846153846153,-0.044755052156849245,-0.06954246565910421
2022-06-22,2022,DOWN,generic_pullback,0.6435897435897436,0.02203325644644886,-0.006885392639515269
2022-06-28,2022,UP,discount_zone,0.5420721236405266,-0.09541984732824427,-0.001467997651203758
2022-06-24,2022,UP,generic_pullback,0.1659988551803091,0.04629135063917672,0.10967489228358793
2022-06-27,2022,DOWN,discount_zone,0.5042918454935622,-0.050963643541614326,-0.11412984962136165
2022-06-27,2022,DOWN,generic_pullback,0.7854077253218884,-0.06316620607974734,0.010049169149050711
2022-06-27,2022,UP,discount_zone,0.47410358565737054,0.0165093493162976,-0.11987223199224778
2022-06-27,2022,UP,generic_pullback,0.8764940239043825,0.030147507447152135,0.020816136094462187
2022-07-07,2022,DOWN,discount_zone,0.4889502762430939,-0.0015507482360238814,-0.04807319531674033
2022-06-28,2022,DOWN,generic_pullback,0.7320441988950276,0.13358778625954199,0.2231356429829712
2022-07-06,2022,DOWN,discount_zone,0.4837837837837838,-0.08634852710808848,-0.1558858365491155
2022-06-29,2022,DOWN,generic_pullback,0.12702702702702703,0.013355827358357938,-0.04639392661324336
2022-06-30,2022,DOWN,discount_zone,0.5428881650380022,-0.08744266055045871,-0.3024655963302752
2022-06-30,2022,DOWN,generic_pullback,0.27904451682953313,-0.16986811926605505,-0.18276949541284404
2022-06-30,2022,UP,generic_pullback,0.24407582938388625,0.000716743119266055,-0.06594036697247706
2022-07-01,2022,DOWN,discount_zone,0.4562841530054645,0.03601267646211466,-0.11956208585422068
2022-07-01,2022,DOWN,generic_pullback,0.8497267759562842,0.14116969173148947,0.12028233938346297
2022-07-04,2022,UP,generic_pullback,0.17634854771784234,0.00594000594000594,0.07276507276507277
2022-07-14,2022,UP,discount_zone,0.5211267605633803,0.07174139728884255,0.21605839416058395
2022-07-05,2022,UP,generic_pullback,0.8591549295774648,0.1009395139374175,0.1762559204907213
2022-07-06,2022,DOWN,discount_zone,0.47307692307692306,-0.10545218354793107,-0.10545218354793107
2022-07-06,2022,DOWN,generic_pullback,0.8692307692307693,0.012226340121499254,0.01757536392465518
2022-07-08,2022,UP,discount_zone,0.49272116461366183,0.27911638844982456,0.32923397201125715
2022-07-08,2022,UP,generic_pullback,0.3594624860022396,0.1225953197887351,0.35467828366552295
2022-07-08,2022,DOWN,discount_zone,0.4608150470219436,-0.13801611473071437,-0.10100620686996414
2022-07-08,2022,DOWN,generic_pullback,0.8557993730407524,0.7386560777208064,0.8219283704074944
2022-07-11,2022,DOWN,discount_zone,0.46841294298921415,-0.07466459265020416,0.038110052498541706
2022-07-11,2022,DOWN,generic_pullback,0.3682588597842835,0.09488625315963445,0.03655454015166246
2022-07-12,2022,UP,discount_zone,0.4942528735632184,-0.020202020202020204,-0.09454545454545454
2022-07-12,2022,UP,generic_pullback,0.6628352490421456,0.04363636363636364,-0.041212121212121214
2022-07-12,2022,DOWN,generic_pullback,0.391304347826087,0.050101010101010104,0.3717171717171717
2022-07-13,2022,UP,discount_zone,0.5340425531914894,0.04774083546462063,0.17647058823529413
2022-07-13,2022,UP,generic_pullback,0.28085106382978725,0.10997442455242967,0.1628303495311168
2022-07-14,2022,UP,discount_zone,0.45257452574525747,0.18185610010427528,0.2969760166840459
2022-07-14,2022,UP,generic_pullback,0.17886178861788618,-0.039207507820646505,0.14264859228362878
2022-09-19,2022,UP,discount_zone,0.5425531914893617,0.03843575418994413,0.1188826815642458
2022-07-15,2022,UP,generic_pullback,0.1400709219858156,0.042984869325997245,0.0593191196698762
2022-07-18,2022,UP,generic_pullback,0.2577833125778331,0.07932527923410075,0.2033280145885571
2022-07-26,2022,UP,discount_zone,0.5332690453230472,-0.0850169119663589,-0.0045708017186214455
2022-07-19,2022,UP,generic_pullback,0.10318225650916105,0.14473380963355612,0.3226549896289468
2022-07-22,2022,UP,discount_zone,0.49074074074074076,-0.1805787549094849,-0.10022120897476412
2022-07-21,2022,UP,generic_pullback,0.2574074074074074,0.0767473732297853,0.36272270443124716
2022-07-22,2022,UP,discount_zone,0.5168316831683168,-0.35483725339713784,-0.35483725339713784
2022-07-21,2022,UP,generic_pullback,0.3584158415841584,0.0758337140246688,0.0968478757423481
2022-07-25,2022,DOWN,generic_pullback,0.22896281800391388,-0.0072717356724083075,0.10453120029086942
2022-07-25,2022,UP,discount_zone,0.5269230769230769,-0.07635322456028723,-0.06271872017452165
2022-07-25,2022,UP,generic_pullback,0.8269230769230769,0.013634504385765576,-0.15997818479298276
2022-07-26,2022,DOWN,generic_pullback,0.1316348195329087,0.04113721546759301,0.06673370509187311
2022-07-27,2022,UP,discount_zone,0.5070422535211268,0.6310515920805434,0.6638084686160219
2022-07-27,2022,UP,generic_pullback,0.38028169014084506,0.02601281371935064,-0.07418469097740739
2022-08-26,2022,UP,discount_zone,0.5190409026798307,0.05901232011595403,-0.23294336887876593
2022-07-29,2022,UP,generic_pullback,0.15796897038081806,-0.09158505622052956,-0.04352557127312296
2022-08-01,2022,UP,discount_zone,0.4594594594594595,-0.17626321974148063,-0.16632016632016633
2022-08-01,2022,UP,generic_pullback,0.5563063063063063,0.0,-0.11750881316098707
2022-08-02,2022,DOWN,discount_zone,0.4936708860759494,-0.2832367423417142,-0.18562900344241579
2022-08-01,2022,DOWN,generic_pullback,0.2389240506329114,-0.16812799421495075,0.10846967368706499
2022-08-02,2022,UP,generic_pullback,0.7301038062283737,0.0967362412305547,0.37997298357226894
2022-08-05,2022,UP,discount_zone,0.4706342991386061,0.16942422236929186,0.2638429296271785
2022-08-04,2022,UP,generic_pullback,0.2505873140172279,0.010432968179447052,0.11824030603373326
2022-08-04,2022,UP,discount_zone,0.5478468899521531,0.11128499391410189,0.038254216657972524
2022-08-04,2022,UP,generic_pullback,0.35406698564593303,0.0495565988523735,-0.00869414014953921
2022-08-05,2022,DOWN,discount_zone,0.5459317585301837,0.314140745643062,0.4985660710346349
2022-08-05,2022,DOWN,generic_pullback,0.5538057742782152,0.3229649238914626,0.4615045223913523
2022-08-05,2022,UP,discount_zone,0.46733668341708545,0.8012353849547761,0.728877123317891
2022-08-05,2022,UP,generic_pullback,0.44221105527638194,0.03176704169424222,0.7729980145598941
2022-08-08,2022,DOWN,generic_pullback,0.14630872483221477,0.008793527963418923,0.13454097784030952
2022-08-10,2022,UP,generic_pullback,0.14032697547683923,0.228310502283105,0.176381054704987
2022-08-10,2022,UP,discount_zone,0.4954954954954955,0.451248992747784,0.655385441847972
2022-08-10,2022,UP,generic_pullback,0.25225225225225223,-0.079684841973319,0.448562986838571
2022-08-12,2022,DOWN,discount_zone,0.479108635097493,-0.07522500335825907,-0.16925625755608292
2022-08-11,2022,DOWN,generic_pullback,0.30919220055710306,0.08812141172281811,0.0320441497173884
2022-08-17,2022,UP,discount_zone,0.46601941747572817,-0.13863856924996534,-0.3410508803549147
2022-08-15,2022,UP,generic_pullback,0.10355987055016182,-0.08427215470593453,0.22176882817351193
2022-08-16,2022,UP,generic_pullback,0.4147465437788018,0.10402062321921215,0.21980009949798743
2022-08-18,2022,DOWN,discount_zone,0.5352760736196319,-0.13997107264498668,-0.09331404842999112
2022-08-17,2022,DOWN,generic_pullback,0.21012269938650308,0.0425158279033227,-0.0397430565183234
2022-08-18,2022,UP,discount_zone,0.5241379310344828,0.12224140344328838,0.10824429617878971
2022-08-18,2022,UP,generic_pullback,0.5724137931034483,0.09424718891429104,0.13623851070778706
2022-08-19,2022,DOWN,discount_zone,0.5,0.0686335255707545,0.10962299223106621
2022-08-19,2022,DOWN,generic_pullback,0.19791666666666666,-0.13917353796291884,-0.13536056432009913
2023-04-03,2023,DOWN,discount_zone,0.4897959183673469,-0.13904982618771727,0.1695986516380491
2022-08-19,2022,DOWN,generic_pullback,0.7210884353741497,0.08769839378485296,0.8359944711882179
2022-08-23,2022,DOWN,discount_zone,0.49271137026239065,-0.03506505490449386,0.0959675186859832
2022-08-23,2022,DOWN,generic_pullback,0.8513119533527697,-0.06459352219248869,-0.03875611331549322
2022-08-23,2022,UP,discount_zone,0.5025641025641026,-0.05813416997323982,-0.040601642520992895
2022-08-23,2022,UP,generic_pullback,0.5846153846153846,-0.009227646027498385,-0.16517486389222108
2022-08-23,2022,DOWN,discount_zone,0.5387755102040817,-0.1079634585217311,-0.12365045676847836
2022-08-23,2022,DOWN,generic_pullback,0.689795918367347,-0.05352034695949063,-0.07105287441173756
2022-08-24,2022,UP,discount_zone,0.4681818181818182,-0.13912231559290383,-0.04108309990662932
2022-08-24,2022,UP,generic_pullback,0.8909090909090909,0.09803921568627451,0.032679738562091505
2022-08-25,2022,UP,generic_pullback,0.20146520146520147,0.009024365787626592,-0.0030081219292088643
2022-08-25,2022,DOWN,discount_zone,0.463768115942029,-0.00501353654868144,-0.13235736488519
2022-08-25,2022,DOWN,generic_pullback,0.8405797101449275,-0.023062268123934623,-0.04111099969918781
2023-02-02,2023,DOWN,discount_zone,0.4618556701030928,0.15394622723330442,-0.11491760624457936
2022-08-26,2022,DOWN,generic_pullback,0.3216494845360825,0.16047209856092765,0.24019049591054975
2022-08-29,2022,DOWN,generic_pullback,0.1926977687626775,0.1055563700337194,-0.15344768606753653
2022-08-30,2022,DOWN,generic_pullback,0.33473389355742295,-0.051999018886436106,0.05788570026980623
2022-08-31,2022,UP,discount_zone,0.5045372050816697,-0.31013762357045943,-0.07171932545066874
2022-08-31,2022,UP,generic_pullback,0.30127041742286753,-0.28203140143438654,-0.13180849001744524
2022-08-31,2022,DOWN,discount_zone,0.5181159420289855,0.07075014537701105,0.09691800736576857
2022-08-31,2022,DOWN,generic_pullback,0.6666666666666666,0.06881178522969568,0.17735995347935649
2022-09-01,2022,DOWN,generic_pullback,0.37475728155339805,0.027636578986329763,-0.35137936139762127
2022-09-02,2022,UP,generic_pullback,0.11772853185595568,-0.2338232487115862,-0.7215117388814659
2022-09-07,2022,DOWN,discount_zone,0.4625748502994012,-0.10144437466789044,-0.24636490990773394
2022-09-02,2022,DOWN,generic_pullback,0.18113772455089822,0.023859515174651652,-0.017178850925749188
2022-09-05,2022,UP,generic_pullback,0.43315508021390375,0.043784060738739576,0.020494666728771715
2022-09-07,2022,DOWN,discount_zone,0.5252918287937743,-0.1584464518622289,-0.20868557074537464
2022-09-06,2022,DOWN,generic_pullback,0.6770428015564203,-0.0438532378307265,0.12961068069970277
2022-09-07,2022,UP,generic_pullback,0.6573208722741433,0.21641466595816627,0.28404424907009324
2022-09-08,2022,DOWN,generic_pullback,0.6443594646271511,-0.07975973610358919,0.00984688100044311
2022-09-08,2022,UP,discount_zone,0.5197215777262181,0.7503323322337649,1.0358918812466151
2022-09-08,2022,UP,generic_pullback,0.20649651972157773,-0.1782285461080203,0.7099601201319482
2022-09-09,2022,UP,generic_pullback,0.42296918767507,0.11479465611083622,0.20682830282038595
2022-09-09,2022,UP,generic_pullback,0.7904191616766467,0.04849084611578427,0.5225136071251856
2022-09-12,2022,UP,discount_zone,0.5283018867924528,0.01658374792703151,-0.14437615842356843
2022-09-12,2022,UP,generic_pullback,0.6118598382749326,0.06438396254023998,-0.11315969173739149
2023-02-01,2023,DOWN,discount_zone,0.49144706426259827,-1.205296514259846,-1.4780443639655954
2022-09-13,2022,DOWN,generic_pullback,0.10355987055016182,0.013672542604619366,0.02246203427901753
2022-09-14,2022,DOWN,discount_zone,0.46440677966101696,-0.03881216716310136,-0.1119234587959202
2022-09-14,2022,DOWN,generic_pullback,0.7593220338983051,0.052351295243253,-0.03159129885368715
2022-09-14,2022,UP,generic_pullback,0.5647058823529412,0.08394259409694015,0.07942955140355627
2022-09-19,2022,DOWN,discount_zone,0.4683794466403162,-0.001787709497206704,0.08670391061452513
2022-09-19,2022,DOWN,generic_pullback,0.650197628458498,0.04022346368715084,0.21810055865921787
2022-09-21,2022,UP,generic_pullback,0.11553030303030302,0.01608249373255759,0.09744099143843717
2022-09-22,2022,DOWN,discount_zone,0.49119718309859156,0.03903944800036316,-0.04539470697716646
2022-09-22,2022,DOWN,generic_pullback,0.2605633802816901,-0.11621044986154613,0.024513141767669888
2022-09-23,2022,DOWN,generic_pullback,0.3941908713692946,0.025648698328559823,0.19749497712991065
2022-09-26,2022,UP,generic_pullback,0.5846153846153846,-0.19631901840490798,-0.12433537832310838
2022-09-27,2022,UP,generic_pullback,0.3210659898477157,-0.14306519318084468,-0.3460978326051572
2022-09-28,2022,DOWN,discount_zone,0.47912524850894633,-0.3193865082374752,-0.35730838916276914
2022-09-27,2022,DOWN,generic_pullback,0.12823061630218688,0.03341043433564637,-0.02570033410434336
2022-09-28,2022,UP,discount_zone,0.5459610027855153,0.32191463363249484,0.29241983735726623
2022-09-28,2022,UP,generic_pullback,0.8050139275766016,-0.09859689040576412,0.23258753634180254
2022-09-29,2022,DOWN,discount_zone,0.5171102661596958,-0.0,0.0923728813559322
2022-09-29,2022,DOWN,generic_pullback,0.7642585551330798,0.04406779661016949,0.1483050847457627
2022-09-30,2022,UP,generic_pullback,0.22654867256637168,0.07498573640883527,-0.06275980112478605
2022-09-30,2022,DOWN,discount_zone,0.5111111111111111,0.18175890455619853,0.1173689787268726
2022-09-30,2022,DOWN,generic_pullback,0.8055555555555556,0.16871790691987937,0.12470453989730214
2022-10-05,2022,UP,discount_zone,0.49924050632911393,-0.09098527475158626,-0.06065684983439083
2022-10-04,2022,UP,generic_pullback,0.15645569620253164,-0.10923949299533021,0.02418278852568379
2022-10-04,2022,DOWN,discount_zone,0.5089285714285714,0.4444629753168779,0.7146430953969313
2022-10-04,2022,DOWN,generic_pullback,0.38095238095238093,-0.021681120747164776,0.008338892595063376
2022-10-05,2022,DOWN,generic_pullback,0.3562753036437247,-0.20671215930404246,-0.2641765433576759
2022-10-06,2022,UP,discount_zone,0.4525277435265105,0.21588402143082255,0.2994011976047904
2022-10-05,2022,UP,generic_pullback,0.1997533908754624,0.0917833911967756,0.30088989983638614
2022-10-06,2022,UP,discount_zone,0.545816733067729,-0.012606366214938543,-0.13315474314528836
2022-10-06,2022,UP,generic_pullback,0.7888446215139442,-0.06303183107469272,-0.033879609202647334
2022-10-06,2022,DOWN,generic_pullback,0.42410714285714285,-0.029152221872045383,0.000787897888433659
2022-10-10,2022,DOWN,discount_zone,0.46632124352331605,-0.06404568077472124,-0.08333654847795054
2022-10-10,2022,DOWN,generic_pullback,0.5932642487046632,-0.09105289555924226,-0.0007716347081291716
2022-10-11,2022,DOWN,discount_zone,0.456359102244389,-0.21731483290990816,-0.25170998632010944
2022-10-11,2022,DOWN,generic_pullback,0.36658354114713215,-0.15946843853820597,-0.11334766464725425
2022-10-11,2022,UP,discount_zone,0.4670138888888889,-0.3173734610123119,-0.12976353332030485
2022-10-11,2022,UP,generic_pullback,0.2222222222222222,-0.07348055501270276,-0.13367207348055501
2022-10-12,2022,DOWN,discount_zone,0.5247524752475248,-0.10297394912779528,0.007684623069238454
2022-10-12,2022,DOWN,generic_pullback,0.44413012729844414,0.06455083378160302,-0.02689618074233459
2022-10-12,2022,UP,generic_pullback,0.2756598240469208,-0.10758472296933835,-0.02228540690079152
2022-10-14,2022,UP,discount_zone,0.5395498392282958,0.05060379528464635,-0.005367069196856431
2022-10-13,2022,UP,generic_pullback,0.16977491961414792,0.0747229025696376,0.3063639005355141
2022-10-14,2022,DOWN,generic_pullback,0.2721417069243156,-0.07283879624305156,-0.019934828445466745
2022-10-17,2022,UP,generic_pullback,0.18555900621118013,0.1775324481575414,0.16559749365955542
2022-10-17,2022,UP,discount_zone,0.5029585798816568,0.030583320901089065,-0.01641056243473072
2022-10-17,2022,UP,generic_pullback,0.7455621301775148,0.024615843652096077,0.0634044457705505
2022-10-18,2022,DOWN,discount_zone,0.4660633484162896,0.06909844710332037,-0.06109757428083064
2022-10-18,2022,DOWN,generic_pullback,0.6855203619909502,0.06691639087900499,-0.03054878714041532
2022-10-19,2022,UP,generic_pullback,0.5944206008583691,-0.10028449502133713,-0.11735419630156473
2022-10-19,2022,DOWN,discount_zone,0.48951048951048953,0.05903271692745377,-0.025604551920341393
2022-10-19,2022,DOWN,generic_pullback,0.42832167832167833,0.044096728307254626,-0.22190611664295876
2022-10-19,2022,UP,generic_pullback,0.4020618556701031,0.22972972972972974,0.5398293029871978
2022-10-21,2022,DOWN,discount_zone,0.4994944388270981,-0.10334756234554034,-0.20070396165655657
2022-10-21,2022,DOWN,generic_pullback,0.16582406471183014,0.037444768965775484,-0.08237849172470606
2022-10-24,2022,UP,discount_zone,0.48945147679324896,0.06217773733697301,0.21686381558993026
2022-10-24,2022,UP,generic_pullback,0.2559774964838256,0.053836821352744924,0.1986654534425235
2022-10-24,2022,UP,discount_zone,0.5202702702702703,0.10691537761601456,0.18501668183196845
2022-10-24,2022,UP,generic_pullback,0.15990990990990991,-0.13193812556869883,-0.02502274795268426
2022-10-25,2022,UP,generic_pullback,0.20359955005624297,0.11662026935520278,0.2279738168685577
2022-10-28,2022,DOWN,discount_zone,0.4723435225618632,0.022384778350721512,0.0031978254786745016
2022-10-27,2022,DOWN,generic_pullback,0.3034934497816594,0.07330246913580248,0.2569444444444444
2022-10-31,2022,DOWN,discount_zone,0.4548022598870056,-0.012539184952978056,-0.0274294670846395
2022-10-31,2022,DOWN,generic_pullback,0.3644067796610169,0.01018808777429467,-0.0023510971786833857
2022-10-31,2022,UP,discount_zone,0.4978165938864629,0.006269592476489028,0.3612852664576803
2022-10-31,2022,UP,generic_pullback,0.7292576419213974,0.06739811912225706,0.016457680250783698
2022-11-01,2022,DOWN,discount_zone,0.5441176470588235,-0.03272146847565842,-0.02154828411811652
2022-11-01,2022,DOWN,generic_pullback,0.36764705882352944,-0.09976057462090981,-0.05746209098164405
2022-11-03,2022,DOWN,discount_zone,0.513986013986014,0.051929376048573936,-0.060717424302947985
2022-11-03,2022,DOWN,generic_pullback,0.7482517482517482,0.053527203003914677,0.02236957737477031
2022-11-03,2022,UP,generic_pullback,0.7019230769230769,0.03435327953982584,-0.008788048254374051
2022-11-03,2022,DOWN,discount_zone,0.5416666666666666,0.19493488855156985,-0.27083166893025484
2022-11-03,2022,DOWN,generic_pullback,0.7986111111111112,-0.003994567388351841,-0.006391307821362946
2022-11-07,2022,UP,discount_zone,0.4517304189435337,0.0,-0.041614321608040204
2022-11-07,2022,UP,generic_pullback,0.3588342440801457,0.0314070351758794,-0.08951005025125629
2022-11-08,2022,UP,discount_zone,0.5279552715654952,-0.2112033030291,-0.07781174322124737
2022-11-08,2022,UP,generic_pullback,0.444888178913738,-0.1786494104569455,-0.44860851959188536
2022-11-09,2022,DOWN,discount_zone,0.46987951807228917,0.07656786517740855,0.07262106800331532
2022-11-09,2022,DOWN,generic_pullback,0.7662650602409639,-0.09314441330860007,0.08919761613450686
2022-11-09,2022,DOWN,generic_pullback,0.7774725274725275,0.15392508978963573,0.17365907566010183
2022-12-15,2022,UP,discount_zone,0.4519846350832266,-0.11395387059661426,-0.05149838382731606
2022-11-10,2022,UP,generic_pullback,0.26888604353393086,0.02495223985340559,0.03508908729385161
2022-11-17,2022,UP,discount_zone,0.51552210724365,0.11854291006379913,0.023873224943403992
2022-11-11,2022,UP,generic_pullback,0.26246472248353714,0.13638653182998178,0.22472780812894727
2022-11-14,2022,UP,generic_pullback,0.6392156862745098,0.0687502469477261,0.012643723576593307
2022-11-15,2022,UP,generic_pullback,0.6905940594059405,0.23488296488946683,0.09509102730819245
2022-11-15,2022,DOWN,discount_zone,0.5141700404858299,0.03250975292587776,0.2934005201560468
2022-11-15,2022,DOWN,generic_pullback,0.3441295546558704,0.0203185955786736,0.4705786736020806
2022-11-17,2022,DOWN,discount_zone,0.5344180225281602,-0.016464293064416546,-0.19674830211977773
2022-11-17,2022,DOWN,generic_pullback,0.21777221526908636,-0.016464293064416546,-0.08890718254784935
2022-11-18,2022,UP,discount_zone,0.4822888283378747,0.03739249657235448,-0.006647554946196352
2022-11-17,2022,UP,generic_pullback,0.34332425068119893,0.2658983329903272,0.03704465939493723
2022-11-18,2022,DOWN,discount_zone,0.48129675810473815,0.0340687190992563,0.07312310440815988
2022-11-18,2022,DOWN,generic_pullback,0.33915211970074816,0.05733516141094353,-0.007478499314470896
2022-11-18,2022,UP,generic_pullback,0.782608695652174,0.14790809755286882,0.10636087913914163
2022-11-21,2022,DOWN,generic_pullback,0.4459016393442623,0.07356360715342662,0.14712721430685324
2022-11-28,2022,UP,discount_zone,0.4628975265017668,-0.18105182488744131,-0.20691637129993293
2022-11-23,2022,UP,generic_pullback,0.284452296819788,0.05649226490526682,-0.0608378237441335
2022-11-23,2022,UP,generic_pullback,0.2435064935064935,0.11037719450721363,0.14253432991482706
2022-11-30,2022,UP,discount_zone,0.460431654676259,0.1552596668795755,0.6279172603547388
2022-11-29,2022,UP,generic_pullback,0.6906474820143885,0.12648524338827138,0.15044078190877733
2022-12-05,2022,UP,discount_zone,0.4523483812129503,0.02984306663236429,-0.033959351685104194
2022-12-01,2022,UP,generic_pullback,0.11719106247150023,-0.03859141341051616,-0.018330921369995177
2022-12-01,2022,DOWN,generic_pullback,0.7007299270072993,0.16690786300048238,-0.029908345393150026
2022-12-01,2022,UP,generic_pullback,0.7703349282296651,0.09068982151471297,0.1890979257115292
2022-12-02,2022,UP,discount_zone,0.49714285714285716,0.04558115978728792,0.43352747531020513
2022-12-02,2022,UP,generic_pullback,0.8628571428571429,0.08609774626487718,0.054697391744745506
2022-12-06,2022,DOWN,discount_zone,0.4967741935483871,0.060371283392866126,0.1579715248779997
2022-12-06,2022,DOWN,generic_pullback,0.864516129032258,0.07244554007143936,0.07546410424108266
2022-12-07,2022,DOWN,discount_zone,0.5260663507109005,-0.08551738014990694,-0.07746868554756275
2022-12-07,2022,DOWN,generic_pullback,0.8412322274881516,0.1499069369686604,0.14387041601690226
2022-12-07,2022,UP,discount_zone,0.4507042253521127,0.10865737713164646,0.23240605664268826
2022-12-07,2022,UP,generic_pullback,0.7136150234741784,-0.05030434126465114,0.131797374113386
2022-12-07,2022,UP,discount_zone,0.465,-0.04024347301172091,-0.08350520649932089
2022-12-07,2022,UP,generic_pullback,0.665,0.11368781125811157,-0.04326173348759998
2022-12-08,2022,DOWN,discount_zone,0.47572815533980584,-0.0858149869745109,-0.18797568575369056
2022-12-08,2022,DOWN,generic_pullback,0.7718446601941747,0.08070695203555192,0.0061296419267507785
2022-12-09,2022,DOWN,discount_zone,0.5426829268292683,-0.0340522133938706,-0.27809307604994327
2022-12-09,2022,DOWN,generic_pullback,0.34146341463414637,-0.20998864926220204,-0.24063564131668558
2022-12-09,2022,UP,discount_zone,0.4690265486725664,-0.10783200908059024,-0.0170261066969353
2022-12-09,2022,UP,generic_pullback,0.7168141592920354,0.039727582292849034,0.02724177071509648
2022-12-09,2022,DOWN,generic_pullback,0.6616541353383458,0.3439273552780931,0.3904653802497162
2022-12-12,2022,DOWN,generic_pullback,0.8181818181818182,-0.01761286913638232,-0.07514824164856455
2022-12-12,2022,UP,discount_zone,0.5306122448979592,-0.03287735572124699,0.014090295309105853
2022-12-12,2022,UP,generic_pullback,0.5850340136054422,-0.0058709563787941055,-0.04579345975459403
2022-12-13,2022,UP,discount_zone,0.5381526104417671,-0.01901931649331352,-0.010698365527488856
2022-12-13,2022,UP,generic_pullback,0.21285140562248997,0.18187221396731054,-0.01901931649331352
2023-01-12,2023,DOWN,discount_zone,0.459214501510574,0.001836210062431142,0.0918105031215571
2023-01-11,2023,DOWN,generic_pullback,0.1311178247734139,0.026807173229802184,-0.039748567202810135
2022-12-19,2022,DOWN,discount_zone,0.47073170731707314,0.1624770079705702,0.31064786429593294
2022-12-19,2022,DOWN,generic_pullback,0.2097560975609756,-0.08072756999795626,0.07357449417535254
2022-12-21,2022,UP,generic_pullback,0.1895424836601307,0.08044806517311609,0.1680244399185336
2023-01-03,2023,DOWN,discount_zone,0.49761336515513127,0.4841064280668707,0.7271014834000471
2022-12-22,2022,DOWN,generic_pullback,0.18377088305489261,0.20280890331085535,-0.20889317041018102
2022-12-23,2022,UP,discount_zone,0.5169491525423728,-0.03535257022740302,0.07930441429390407
2022-12-23,2022,UP,generic_pullback,0.556497175141243,0.09745843684311103,0.03917446971144659
2022-12-27,2022,DOWN,discount_zone,0.49327354260089684,-0.08845025836785997,-0.07820864950421302
2022-12-27,2022,DOWN,generic_pullback,0.6098654708520179,0.05772543177691914,0.09496764582654439
2022-12-28,2022,DOWN,generic_pullback,0.6422018348623854,0.13440860215053765,0.14738598442714126
2022-12-29,2022,UP,generic_pullback,0.257985257985258,-0.0046074456321415404,0.0451529671949871
2022-12-30,2022,DOWN,generic_pullback,0.4253472222222222,0.11782164860367857,0.02878086072761614
2022-12-30,2022,UP,generic_pullback,0.6413043478260869,0.0035976075909520174,0.01439043036380807
2023-01-03,2023,DOWN,discount_zone,0.48284960422163586,0.09983517777254533,-0.12714857546503414
2023-01-03,2023,DOWN,generic_pullback,0.2532981530343008,-0.09041676477513538,0.018836825994819874
2023-01-04,2023,UP,discount_zone,0.5378151260504201,0.1123181734487203,-0.08838151353341926
2023-01-04,2023,UP,generic_pullback,0.1407563025210084,-0.21819186153562878,-0.06352421285214509
2023-01-06,2023,DOWN,discount_zone,0.45152722443559096,-0.3565686181783789,-0.3575144235316372
2023-01-05,2023,DOWN,generic_pullback,0.1394422310756972,-0.008330633590965891,-0.013884389318276485
2023-01-06,2023,UP,generic_pullback,0.1693121693121693,0.03215738201078218,0.1560578832876194
2023-01-11,2023,UP,generic_pullback,0.4268774703557312,0.0776483638380477,0.11832131632464411
2023-01-12,2023,DOWN,discount_zone,0.5421994884910486,-0.022034520749173704,-0.2726771942710246
2023-01-12,2023,DOWN,generic_pullback,0.4194373401534527,-0.07253029746603011,-0.09456481821520382
2023-01-13,2023,DOWN,discount_zone,0.5294117647058824,-0.017068678974082558,-0.10331042536944705
2023-01-13,2023,DOWN,generic_pullback,0.8235294117647058,0.11588734671877104,0.11768404976867447
2023-01-17,2023,UP,discount_zone,0.5125628140703518,0.3501827040194884,0.10353227771010962
2023-01-16,2023,UP,generic_pullback,0.11055276381909548,-0.06235011990407674,-0.09112709832134293
2023-01-18,2023,DOWN,generic_pullback,0.21074380165289255,-0.028885679368959003,0.3932896344850572
2023-01-19,2023,DOWN,discount_zone,0.5189309576837416,-0.08117595436594997,-0.2676612549363756
2023-01-19,2023,DOWN,generic_pullback,0.22939866369710468,-0.09324265028521281,-0.23255813953488372
2023-01-25,2023,UP,discount_zone,0.5277382645803699,0.1306600585717504,0.19261094841180448
2023-01-23,2023,UP,generic_pullback,0.10953058321479374,0.0663598415926362,0.1669699240072782
2023-01-24,2023,DOWN,discount_zone,0.4685714285714286,-0.04431887430059277,-0.09860949531881891
2023-01-24,2023,DOWN,generic_pullback,0.7771428571428571,-0.021051465292781565,0.01329566229017783
2023-01-25,2023,UP,discount_zone,0.4606741573033708,0.1610723135841406,0.2511826988060374
2023-01-25,2023,UP,generic_pullback,0.6853932584269663,0.1306600585717504,0.2613201171435008
2023-01-26,2023,DOWN,discount_zone,0.5285714285714286,0.01641317430791115,0.06127585074953496
2023-01-26,2023,DOWN,generic_pullback,0.6714285714285714,0.12474012474012475,-0.09957325746799431
2023-01-31,2023,UP,discount_zone,0.5352941176470588,-0.009782608695652175,0.09456521739130434
2023-01-26,2023,UP,generic_pullback,0.7411764705882353,0.16960280118174856,0.21884232410548202
2023-01-31,2023,DOWN,discount_zone,0.5299625468164794,-0.015217391304347827,0.030434782608695653
2023-01-30,2023,DOWN,generic_pullback,0.3838951310861423,-0.050119730467227265,0.050119730467227265
2023-01-30,2023,UP,generic_pullback,0.7586206896551724,-0.03898201258562121,-0.047892186890906054
2023-01-31,2023,UP,discount_zone,0.5255102040816326,-0.007608695652173913,-0.06739130434782609
2023-01-31,2023,UP,generic_pullback,0.20408163265306123,-0.02608695652173913,-0.04565217391304348
2023-02-01,2023,UP,discount_zone,0.5026178010471204,0.10411951109099139,-0.055454956994114984
2023-02-01,2023,UP,generic_pullback,0.819371727748691,0.19918515165233136,0.09053870529651425
2023-02-01,2023,DOWN,discount_zone,0.5497835497835498,-0.029425079221367133,-0.040742417383431415
2023-02-01,2023,DOWN,generic_pullback,0.2987012987012987,-0.05092802172928927,-0.09846084200995925
2023-02-07,2023,DOWN,discount_zone,0.5117219078415521,0.044543429844097995,-0.007251256021132232
2023-02-06,2023,DOWN,generic_pullback,0.18916734033953111,0.14529827074593268,0.11050854394761077
2023-02-06,2023,DOWN,discount_zone,0.4798206278026906,0.03376649953954774,0.035812954057096086
2023-02-06,2023,DOWN,generic_pullback,0.3991031390134529,0.038882635833418604,0.19236672464954468
2023-02-08,2023,DOWN,discount_zone,0.5069033530571992,0.18562183314102243,0.016053780163547887
2023-02-08,2023,DOWN,generic_pullback,0.2682445759368836,-0.22575628354989213,-0.005016806301108714
2023-02-13,2023,DOWN,discount_zone,0.45147375988497485,-0.036426285995569775,-0.23430962343096234
2023-02-10,2023,DOWN,generic_pullback,0.1207764198418404,0.10577303281929616,0.3252273625939106
2023-02-14,2023,UP,discount_zone,0.5478615071283096,0.029393637699710803,0.31479637794528986
2023-02-14,2023,UP,generic_pullback,0.38289205702647655,-0.3290191058645048,-0.037927274451239744
2023-02-15,2023,UP,discount_zone,0.474835886214442,-0.06272773396061068,0.05350306720169734
2023-02-14,2023,UP,generic_pullback,0.424507658643326,0.19911819086900867,0.17256909875314083
2023-02-15,2023,UP,generic_pullback,0.296398891966759,0.025829066924957338,0.13006780130067802
2023-02-16,2023,UP,discount_zone,0.5306122448979592,-0.03182626603014135,-0.024337732846578676
2023-02-16,2023,UP,generic_pullback,0.6530612244897959,0.006552466535617336,0.055227932228774694
2023-02-16,2023,DOWN,generic_pullback,0.5612244897959183,1.1120471777590566,1.2047177759056444
2023-03-06,2023,DOWN,discount_zone,0.46271929824561403,-0.09516345723242274,0.07277205553067621
2023-02-17,2023,DOWN,generic_pullback,0.2733918128654971,0.1869334460570194,0.2404771969376732
2023-02-20,2023,UP,generic_pullback,0.1425339366515837,-0.012126300079287347,0.037311692551653376
2023-02-20,2023,DOWN,discount_zone,0.5087719298245614,0.024252600158574694,0.0009327923137913344
2023-02-20,2023,DOWN,generic_pullback,0.7368421052631579,0.021454223217200693,0.004663961568956672
2023-02-23,2023,DOWN,discount_zone,0.46321070234113715,-0.27323209985748687,-0.3390830016217013
2023-02-23,2023,DOWN,generic_pullback,0.11705685618729098,-0.0825593395252838,-0.251609415696103
2023-02-27,2023,UP,generic_pullback,0.11246200607902736,-0.09500266589113471,-0.11632979496873637
2023-02-28,2023,UP,generic_pullback,0.3309608540925267,-0.06715054559818298,0.000987508023502691
2023-03-02,2023,DOWN,discount_zone,0.45265151515151514,0.06632468003523498,-0.5243795015285766
2023-03-01,2023,DOWN,generic_pullback,0.32954545454545453,-0.018848271415108378,0.09424135707554189
2023-03-02,2023,DOWN,generic_pullback,0.25675675675675674,-0.07565158816518991,0.023835431887662573
2023-03-09,2023,UP,discount_zone,0.4588144726712856,0.013976240391334731,-0.22594921965991147
2023-03-03,2023,UP,generic_pullback,0.15011547344110854,0.1865319491478377,0.1676566923888303
2023-03-09,2023,DOWN,discount_zone,0.5024061597690087,0.09550430934078732,-0.045422781271837874
2023-03-07,2023,DOWN,generic_pullback,0.1751684311838306,0.050254062203361434,0.029035680384164386
2023-03-08,2023,DOWN,discount_zone,0.4837962962962963,-0.15968974563704802,-0.30683243983118513
2023-03-08,2023,DOWN,generic_pullback,0.3194444444444444,-0.05361012889243755,-0.19733089996578076
2023-03-09,2023,UP,discount_zone,0.5330948121645797,-0.018634987188446306,-0.14558583740973677
2023-03-09,2023,UP,generic_pullback,0.19141323792486584,-0.05124621476822735,-0.2166317260656883
2023-03-14,2023,DOWN,discount_zone,0.5329636475662354,-0.060686306962374495,0.03199823458016109
2023-03-10,2023,DOWN,generic_pullback,0.17005545286506468,-0.30774590639879223,-0.5388456625246777
2023-03-10,2023,DOWN,discount_zone,0.46372688477951635,0.6828475206131692,-0.1381953315526652
2023-03-10,2023,DOWN,generic_pullback,0.35704125177809387,-0.1358727209383347,-0.21251887121124144
2023-03-13,2023,UP,discount_zone,0.4515625,0.14335286421298138,0.20592752716309232
2023-03-13,2023,UP,generic_pullback,0.275,0.12856248933386427,0.26281358439046587
2023-03-14,2023,UP,generic_pullback,0.1969309462915601,-0.16219794769943727,-0.19529956967891426
2023-03-15,2023,DOWN,discount_zone,0.4578512396694215,0.10616070924388728,-0.17731097182223726
2023-03-15,2023,DOWN,generic_pullback,0.5636363636363636,0.23039132644418092,0.04291603139646507
2023-03-16,2023,UP,generic_pullback,0.12029384756657484,0.012274045971881276,0.19303726846686006
2023-03-22,2023,UP,discount_zone,0.528023598820059,-0.004268715650178753,0.1803532362200523
2023-03-22,2023,UP,generic_pullback,0.1415929203539823,0.12379275385518383,-0.05976201910250254
2023-03-23,2023,UP,discount_zone,0.47300215982721383,-0.1866766227532135,-0.31895034401834765
2023-03-23,2023,UP,generic_pullback,0.19438444924406048,-0.10987252653474852,-0.2122779881593685
2023-03-24,2023,DOWN,discount_zone,0.4943820224719101,-0.22792022792022792,-0.33048433048433046
2023-03-24,2023,DOWN,generic_pullback,0.28370786516853935,-0.0259000259000259,-0.08702408702408702
2023-03-24,2023,UP,discount_zone,0.48742138364779874,0.08080808080808081,0.1585081585081585
2023-03-24,2023,UP,generic_pullback,0.5660377358490566,0.10256410256410256,0.10774410774410774
2023-03-27,2023,DOWN,discount_zone,0.47701149425287354,-0.08129222972972973,-0.16258445945945946
2023-03-27,2023,DOWN,generic_pullback,0.2950191570881226,-0.078125,-0.01689189189189189
2023-03-28,2023,DOWN,generic_pullback,0.7028985507246377,0.05606771254515068,0.08410156881772601
2023-03-29,2023,UP,generic_pullback,0.10574948665297741,0.09473060982830077,0.08934818881532913
2023-03-29,2023,UP,discount_zone,0.5294117647058824,0.07858334678938586,0.18730825125141287
2023-03-29,2023,UP,generic_pullback,0.803921568627451,0.07643037838419721,0.16147263038914902
2023-04-06,2023,UP,discount_zone,0.5412844036697247,0.12295081967213116,0.14731945059813914
2023-03-30,2023,UP,generic_pullback,0.145478374836173,-0.05966712027635298,-0.06699466136292265
2023-03-31,2023,UP,generic_pullback,0.12253521126760564,0.09059784040031604,0.11377403213062945
2023-04-03,2023,DOWN,generic_pullback,0.3371104815864023,0.060044243126514275,0.12008848625302855
2023-04-04,2023,UP,discount_zone,0.5029761904761905,-0.02621088843990608,-0.1801998580243543
2023-04-04,2023,UP,generic_pullback,0.6011904761904762,0.09938295200131055,-0.0677114618030907
2023-04-04,2023,DOWN,discount_zone,0.5276595744680851,0.07644842461639273,0.13214656255119314
2023-04-04,2023,DOWN,generic_pullback,0.40425531914893614,-0.11139627586960084,-0.04040845301152187
2023-04-06,2023,DOWN,discount_zone,0.49027777777777776,-0.09858218874612318,-0.10412051395657954
2023-04-05,2023,DOWN,generic_pullback,0.10277777777777777,-0.06708088194864463,-0.10886897234288227
2023-04-11,2023,DOWN,generic_pullback,0.3508771929824561,-0.11367435640254096,-0.1537947174857907
2023-04-11,2023,UP,discount_zone,0.484472049689441,0.11255990192800625,0.10364426613172853
2023-04-11,2023,UP,generic_pullback,0.2608695652173913,0.040120361083249755,0.0880419034882425
2023-04-12,2023,DOWN,discount_zone,0.5190839694656488,0.10434782608695652,0.08927536231884058
2023-04-12,2023,DOWN,generic_pullback,0.31679389312977096,0.03826086956521739,-0.14144927536231883
2023-04-14,2023,DOWN,generic_pullback,0.4469026548672566,-0.3076192172931884,-0.27911396163667673
2023-04-17,2023,UP,discount_zone,0.463768115942029,-0.0926037282020445,-0.17318099819603128
2023-04-17,2023,UP,generic_pullback,0.4468599033816425,0.0072158749248346366,-0.1371016235718581
2023-04-17,2023,DOWN,generic_pullback,0.26356589147286824,-0.08177991581479255,0.05652435357787132
2023-04-18,2023,UP,discount_zone,0.46078431372549017,0.046192339770321424,-0.055174183614550586
2023-04-18,2023,UP,generic_pullback,0.7009803921568627,0.0256624109835119,-0.11548084942580356
2023-04-18,2023,DOWN,discount_zone,0.46153846153846156,-0.03079489318021428,-0.08725219734394046
2023-04-18,2023,DOWN,generic_pullback,0.7264957264957265,0.03849361647526785,0.00769872329505357
2023-04-18,2023,UP,discount_zone,0.47794117647058826,-0.13986013986013984,-0.3849361647526785
2023-04-18,2023,UP,generic_pullback,0.6102941176470589,-0.055174183614550586,0.029511772631038685
2023-04-19,2023,DOWN,discount_zone,0.5185185185185185,-0.05401581891839753,-0.15818918397530707
2023-04-19,2023,DOWN,generic_pullback,0.4301994301994302,-0.11574818339656615,-0.13889782007587936
2023-04-20,2023,DOWN,discount_zone,0.5078125,0.3551609322974473,0.43219951687667296
2023-04-20,2023,DOWN,generic_pullback,0.2760416666666667,0.10445909773454332,-0.0013057387216817914
2023-04-20,2023,UP,discount_zone,0.4881889763779528,0.0,0.12535091728145198
2023-04-20,2023,UP,generic_pullback,0.889763779527559,-0.002611477443363583,0.07181562969249852
2023-04-21,2023,DOWN,discount_zone,0.4875717017208413,-0.06696578048617156,0.07901962097368245
2023-04-21,2023,DOWN,generic_pullback,0.24665391969407266,-0.10982387999732138,-0.10044867072925735
2023-04-21,2023,UP,discount_zone,0.45222929936305734,-0.02946494341391549,0.14330677024040717
2023-04-21,2023,UP,generic_pullback,0.4394904458598726,-0.017411102926404607,0.16071787316681177
2023-04-24,2023,DOWN,discount_zone,0.5420792079207921,-0.07548752358985111,0.32851051932620395
2023-04-24,2023,DOWN,generic_pullback,0.16831683168316833,-0.07548752358985111,-0.10484378276368211
2023-04-26,2023,UP,generic_pullback,0.13498098859315588,-0.1005786718104161,-0.2535133645632406
2023-04-28,2023,UP,generic_pullback,0.6833976833976834,0.171370282216933,0.11288677320639239
2023-05-01,2023,UP,discount_zone,0.5373961218836565,0.14534485122720417,0.2522967228849582
2023-05-01,2023,UP,generic_pullback,0.43490304709141275,-0.15357191827780065,-0.12203482791718087
2023-05-03,2023,DOWN,discount_zone,0.4507845934379458,-0.037167045219905014,-0.03992015968063872
2023-05-02,2023,DOWN,generic_pullback,0.19400855920114124,-0.09029345372460497,-0.016930022573363433
2023-05-02,2023,UP,discount_zone,0.5401785714285714,0.08465011286681716,0.27370203160270884
2023-05-02,2023,UP,generic_pullback,0.5803571428571429,0.14531602708803612,0.24830699774266368
2023-05-04,2023,DOWN,generic_pullback,0.6990291262135923,-0.009601536245799328,-0.07406899389616625
2023-05-04,2023,UP,discount_zone,0.4879518072289157,0.2784445511281805,0.18517248474041562
2023-05-04,2023,UP,generic_pullback,0.8734939759036144,0.06446745765036692,0.29216103147932243
2023-05-05,2023,UP,generic_pullback,0.17195325542570952,-0.03876773970231914,0.07199723087573555
2023-05-09,2023,DOWN,discount_zone,0.4689655172413793,0.00418147606104955,0.10593072687992194
2023-05-09,2023,DOWN,generic_pullback,0.3931034482758621,0.0501777127325946,-0.029270332427346852
2023-05-10,2023,UP,generic_pullback,0.6041666666666666,0.07004763239002522,-0.04202857943401513
2023-05-12,2023,UP,discount_zone,0.5017543859649123,0.08693730199661093,-0.13114270979149784
2023-05-11,2023,UP,generic_pullback,0.7964912280701755,0.2705957356378834,0.35984982645037894
2023-05-15,2023,UP,generic_pullback,0.356401384083045,0.05338869939196204,0.22541895298828415
2023-05-16,2023,UP,generic_pullback,0.29056603773584905,-0.05626295528575659,-0.035534498075214686
2023-05-17,2023,UP,generic_pullback,0.40588235294117647,0.37455989212675106,0.5588433590531126
2023-05-18,2023,UP,generic_pullback,0.22613065326633167,0.051733057423693746,-0.01034661148473875
2023-05-19,2023,UP,discount_zone,0.45365853658536587,-0.1623281661304475,-0.11406844106463879
2023-05-19,2023,UP,generic_pullback,0.3951219512195122,0.057034220532319393,-0.02778590231061714
2023-05-19,2023,DOWN,generic_pullback,0.41637010676156583,0.1740274934191284,0.15501608657502194
2023-05-22,2023,UP,discount_zone,0.4634146341463415,0.01914721260770307,-0.09868178805508505
2023-05-22,2023,UP,generic_pullback,0.14329268292682926,-0.0014728625082848514,-0.08837175049709109
2023-05-23,2023,DOWN,discount_zone,0.46368715083798884,-0.13372398767936294,-0.08864848621440914
2023-05-23,2023,DOWN,generic_pullback,0.7374301675977654,0.04056795131845842,-0.05409060175794456
2023-05-23,2023,DOWN,generic_pullback,0.17608695652173914,0.6070167530613778,0.8293892269551499
2023-05-24,2023,UP,discount_zone,0.4977973568281938,1.5578534228998413,1.4280323043248546
2023-05-24,2023,UP,generic_pullback,0.24669603524229075,1.4733187410370594,1.5306815608725186
2023-05-25,2023,UP,generic_pullback,0.617737003058104,0.2774861256937153,0.20698965051747412
2023-10-26,2023,UP,discount_zone,0.5390070921985816,-0.07692307692307693,-0.10613437195715676
2023-05-26,2023,UP,generic_pullback,0.11032308904649331,0.12007115327601542,0.3098132226504595
2023-05-29,2023,UP,generic_pullback,0.10679611650485436,-0.03722854188210962,0.016546018614270942
2023-05-30,2023,DOWN,discount_zone,0.4662576687116564,0.21008403361344538,0.6428571428571429
2023-05-31,2023,DOWN,discount_zone,0.5321821036106751,0.20605638705186216,0.027845457709711103
2023-05-31,2023,DOWN,generic_pullback,0.22291993720565148,-0.11973546815175774,-0.43856595892794986
2023-06-01,2023,UP,discount_zone,0.4603960396039604,-0.1601559779959613,0.21446974444676556
2023-05-31,2023,UP,generic_pullback,0.2079207920792079,-0.22415593456317437,-0.2742777584406544
2023-06-07,2023,UP,discount_zone,0.46677740863787376,0.0647829083390765,-0.2412129565816678
2023-06-02,2023,UP,generic_pullback,0.2591362126245847,0.24696356275303644,0.18218623481781376
2023-06-06,2023,DOWN,discount_zone,0.46794871794871795,0.05278877543932763,-0.08335069806209627
2023-06-06,2023,DOWN,generic_pullback,0.5897435897435898,0.12363686879210946,-0.0694589150517469
2023-06-06,2023,DOWN,discount_zone,0.4785276073619632,-0.12224769049107452,-0.1833715357366118
2023-06-06,2023,DOWN,generic_pullback,0.8098159509202454,-0.02500520941862888,-0.1319719385983191
2023-06-08,2023,DOWN,discount_zone,0.5304878048780488,-0.08043779257598734,-0.12922792905650424
2023-06-08,2023,DOWN,generic_pullback,0.16920731707317074,-0.4193314432649832,-0.3863651348322015
2023-06-08,2023,UP,discount_zone,0.538659793814433,0.12395331970725917,0.1595569328146634
2023-06-08,2023,UP,generic_pullback,0.11597938144329897,-0.2531812487637634,-0.2386760730533395
2023-06-09,2023,UP,discount_zone,0.5213675213675214,-0.1096279099761398,-0.24118140194750756
2023-06-09,2023,UP,generic_pullback,0.26638176638176636,-0.3675759334494099,-0.4797833236602824
2023-06-09,2023,DOWN,discount_zone,0.4980544747081712,0.010317920938930806,0.16121751467079384
2023-06-09,2023,DOWN,generic_pullback,0.17509727626459143,-0.05803830528148578,0.0967305088024763
2023-08-18,2023,UP,discount_zone,0.5488013698630136,-0.12324349228288412,-0.10251094217922137
2023-06-13,2023,UP,generic_pullback,0.1541095890410959,0.15072536582302332,0.17082208126609308
2023-06-14,2023,UP,discount_zone,0.533210332103321,0.007448327229842965,-0.6120042207187636
2023-06-14,2023,UP,generic_pullback,0.3118081180811808,0.01862081807460741,-0.06951772081186768
2023-06-21,2023,UP,discount_zone,0.48760330578512395,-0.14573254494415577,-0.062115510959804096
2023-06-15,2023,UP,generic_pullback,0.20385674931129477,-0.10797546012269939,0.03558282208588957
2023-06-20,2023,UP,discount_zone,0.4768211920529801,0.3108618798000732,0.3181762769718396
2023-06-19,2023,UP,generic_pullback,0.10816777041942605,0.003576964349588649,0.017884821747943244
2023-06-20,2023,UP,generic_pullback,0.3619047619047619,0.007314397171766428,0.04022918444471535
2023-06-21,2023,DOWN,discount_zone,0.48201438848920863,0.12303649286268889,0.29265961894523085
2023-06-21,2023,DOWN,generic_pullback,0.24563206577595068,0.04419757510601446,0.13259272531804336
2023-06-21,2023,UP,generic_pullback,0.41379310344827586,0.010750761512273787,0.07644985964283581
2023-06-22,2023,UP,discount_zone,0.5,0.05926979611190138,0.0734945471787577
2023-06-22,2023,UP,generic_pullback,0.33707865168539325,0.04030346135609293,-0.020151730678046466
2023-06-26,2023,UP,discount_zone,0.4604651162790698,0.18945684935719997,-0.011072153533862336
2023-06-23,2023,UP,generic_pullback,0.2744186046511628,-0.22515391380826738,-0.20873644092641455
2023-06-26,2023,DOWN,discount_zone,0.5169082125603864,0.12302392815402595,0.29033647044350125
2023-06-26,2023,DOWN,generic_pullback,0.6086956521739131,0.16239158516331426,0.23866642061881035
2023-06-27,2023,DOWN,discount_zone,0.5033467202141901,-0.18932222642938282,-0.2511674870629812
2023-06-26,2023,DOWN,generic_pullback,0.14457831325301204,0.04920957126161038,-0.14393799594021037
2023-08-16,2023,UP,discount_zone,0.4536082474226804,0.00446977315901218,-0.025701195664320036
2023-06-28,2023,UP,generic_pullback,0.2588774341351661,-0.03244997295835587,0.514392163932456
2023-07-06,2023,UP,discount_zone,0.5490716180371353,-0.02034717365041012,0.1131811534304063
2023-06-30,2023,UP,generic_pullback,0.26525198938992045,0.08688735238328336,0.2263966224071468
2023-06-30,2023,DOWN,generic_pullback,0.85,-0.05751697974668054,-0.013461420791776296
2023-07-03,2023,UP,discount_zone,0.4778761061946903,0.04621465491030709,-0.0814837336576467
2023-06-30,2023,UP,generic_pullback,0.5575221238938053,0.0819922902771829,0.002447531053050236
2023-07-04,2023,UP,generic_pullback,0.3770491803278688,-0.011150343802267237,0.028495323050238493
2023-07-05,2023,DOWN,generic_pullback,0.7142857142857143,-0.0,0.13933273680173847
2023-07-07,2023,UP,generic_pullback,0.4479166666666667,0.07502748851950068,0.2794127158657267
2023-07-11,2023,DOWN,discount_zone,0.4861111111111111,0.25502318392581147,-0.19577537351880475
2023-07-10,2023,DOWN,generic_pullback,0.1919191919191919,-0.06753246753246753,0.02857142857142857
2023-07-11,2023,UP,discount_zone,0.4717948717948718,-0.07599175682637815,0.20994332818134984
2023-07-11,2023,UP,generic_pullback,0.7897435897435897,-0.015455950540958269,-0.06439979392065946
2023-07-12,2023,DOWN,discount_zone,0.5306666666666666,-0.06311222141871015,-0.1827624745250148
2023-07-12,2023,DOWN,generic_pullback,0.376,-0.0696864111498258,-0.2708566169219644
2023-07-24,2023,UP,discount_zone,0.48854961832061067,0.27621976961582534,0.2303841746577408
2023-07-13,2023,UP,generic_pullback,0.16030534351145037,0.11035007610350077,0.11035007610350077
2023-07-17,2023,DOWN,discount_zone,0.4631578947368421,-0.04971544449532282,-0.18708706744292536
2023-07-17,2023,DOWN,generic_pullback,0.30526315789473685,0.030090926931379602,-0.08373127493949106
2023-07-17,2023,UP,discount_zone,0.4602272727272727,0.1583044416824753,0.0928893831359979
2023-07-17,2023,UP,generic_pullback,0.7329545454545454,0.020932818734872766,0.21979459671616405
2023-11-15,2023,DOWN,discount_zone,0.4690265486725664,0.14921452214574688,0.20700887931487416
2023-11-15,2023,DOWN,generic_pullback,0.8053097345132744,0.11558871433825461,0.09036935848263543
2023-07-20,2023,DOWN,generic_pullback,0.337890625,-0.003779765654529419,0.3300995338289026
2023-07-21,2023,DOWN,discount_zone,0.5294117647058824,0.11814345991561181,-0.09041591320072333
2023-07-21,2023,DOWN,generic_pullback,0.8983957219251337,0.08438818565400844,0.04701627486437613
2023-07-24,2023,DOWN,discount_zone,0.4797979797979798,-0.15318738314938787,0.0663409927024908
2023-07-24,2023,DOWN,generic_pullback,0.6767676767676768,0.04342319522344853,0.11941378686448345
2023-07-24,2023,DOWN,discount_zone,0.5025641025641026,-0.20746637717869854,-0.09649598938544117
2023-07-24,2023,DOWN,generic_pullback,0.5794871794871795,0.016886798142452204,-0.09649598938544117
2023-07-26,2023,UP,discount_zone,0.45962732919254656,-0.038020404283632216,-0.04562448514035866
2023-07-26,2023,UP,generic_pullback,0.19254658385093168,0.12166529370762309,0.08111019580508207
2023-07-25,2023,UP,generic_pullback,0.6181818181818182,0.21971162848761003,0.23843705137007679
2023-07-26,2023,DOWN,generic_pullback,0.425531914893617,0.17109181927634498,0.1609530448007097
2023-07-27,2023,UP,discount_zone,0.4708171206225681,-0.1656445596510084,0.1315040778908769
2023-07-27,2023,UP,generic_pullback,0.8054474708171206,-0.0973635961307454,0.13023961560346461
2023-07-28,2023,UP,discount_zone,0.4786516853932584,-0.11060236665279181,0.10822382113337693
2023-07-28,2023,UP,generic_pullback,0.29213483146067415,-0.12606291252898852,-0.40910982933935897
2023-07-28,2023,DOWN,discount_zone,0.4520547945205479,-0.21882618778616875,-0.11060236665279181
2023-07-28,2023,DOWN,generic_pullback,0.7431506849315068,-0.08919545697805792,0.026164000713563656
2023-07-31,2023,UP,discount_zone,0.4507042253521127,-0.15244447091049843,-0.15125349848151015
2023-07-31,2023,UP,generic_pullback,0.8732394366197183,0.09527779431906151,-0.027392365866730186
2023-07-31,2023,DOWN,discount_zone,0.47651006711409394,-0.07384029059727268,0.18698267135115823
2023-07-31,2023,DOWN,generic_pullback,0.7583892617449665,0.028583338295718456,-0.029774310724706723
2023-07-31,2023,UP,generic_pullback,0.5801526717557252,-0.09051390460310844,-0.13338891204668613
2023-07-31,2023,DOWN,discount_zone,0.47586206896551725,-0.003572917286964807,0.19770142321205264
2023-07-31,2023,DOWN,generic_pullback,0.7310344827586207,0.04287500744357768,0.03930209015661287
2023-08-01,2023,UP,discount_zone,0.47794117647058826,-0.03914358578969219,0.05100527845323528
2023-08-01,2023,UP,generic_pullback,0.6176470588235294,-0.05219144771958959,-0.09726587984105332
2023-08-04,2023,DOWN,discount_zone,0.4789762340036563,-0.015551235767842266,-0.22549291863371285
2023-08-02,2023,DOWN,generic_pullback,0.14442413162705667,-0.06149561988745141,-0.03480884144572721
2023-08-03,2023,DOWN,discount_zone,0.510569105691057,-0.12833061446438282,-0.18488308863512778
2023-08-03,2023,DOWN,generic_pullback,0.416260162601626,-0.3197389885807504,-0.35889070146818924
2023-08-04,2023,UP,discount_zone,0.5256849315068494,0.3076923076923077,0.42654818106081643
2023-08-03,2023,UP,generic_pullback,0.15753424657534246,-0.1979336595976074,-0.11854268624252311
2023-08-07,2023,DOWN,discount_zone,0.4593908629441624,0.7139342918056087,0.8604384190674028
2023-08-07,2023,DOWN,generic_pullback,0.38071065989847713,-0.0010933143825507024,-0.03061280271141967
2023-08-07,2023,DOWN,generic_pullback,0.3605769230769231,-0.12026458208057728,-0.12245121084567868
2023-08-08,2023,DOWN,generic_pullback,0.7155963302752294,0.02118407849258557,-0.06912699297580556
2023-08-09,2023,DOWN,generic_pullback,0.26634382566585957,-0.0906707450294953,-0.2468866069477824
2023-08-15,2023,DOWN,discount_zone,0.47783251231527096,0.3155497722836695,0.30687486445456513
2023-08-10,2023,DOWN,generic_pullback,0.1839080459770115,-0.14794215795328142,0.5639599555061179
2023-08-11,2023,DOWN,discount_zone,0.5279503105590062,0.1373701851750096,0.19671410517061377
2023-08-11,2023,DOWN,generic_pullback,0.8975155279503105,0.2879279081268201,0.3362822133084235
2023-08-11,2023,UP,discount_zone,0.5158371040723982,-0.08242211110500576,0.02747403703500192
2023-08-11,2023,UP,generic_pullback,0.8868778280542986,-0.01098961481400077,0.1483597999890104
2023-08-14,2023,UP,discount_zone,0.45985401459854014,0.012070006035003017,-0.08778186207274921
2023-08-14,2023,UP,generic_pullback,0.3819951338199513,-0.07242003621001811,-0.09326822845229604
2023-08-14,2023,DOWN,discount_zone,0.4507042253521127,0.013167279310912383,-0.03840456465682778
2023-08-14,2023,DOWN,generic_pullback,0.6197183098591549,0.024140012070006035,0.08887913534865859
2023-08-15,2023,DOWN,discount_zone,0.49056603773584906,0.15072652353068747,0.08132726089785296
2023-08-15,2023,DOWN,generic_pullback,0.5849056603773585,0.05530253741054001,0.3209715896768597
2023-08-17,2023,DOWN,discount_zone,0.4774624373956594,-0.06210146936512337,0.1275298031605212
2023-08-17,2023,DOWN,generic_pullback,0.18697829716193656,-0.1774327696146382,-0.25284169670085943
2023-08-18,2023,DOWN,discount_zone,0.5100117785630153,0.14052061736926974,-0.7072103202027182
2023-08-18,2023,DOWN,generic_pullback,0.19434628975265017,0.03916148352914075,-0.3052292098594794
2023-08-18,2023,UP,discount_zone,0.52,0.06795669200645012,0.16240497581202487
2023-08-18,2023,UP,generic_pullback,0.648,0.06795669200645012,0.19120018428933425
2023-08-21,2023,UP,discount_zone,0.4842105263157895,0.19938561409609923,0.40572654031182986
2023-08-21,2023,UP,generic_pullback,0.3456140350877193,-0.03129890453834116,0.2017040514693097
2023-08-22,2023,UP,discount_zone,0.5410497981157469,-0.08542685325689878,-0.1438768054853032
2023-08-22,2023,UP,generic_pullback,0.4347240915208614,0.14837295565671893,0.05170572697128084
2023-08-22,2023,DOWN,discount_zone,0.5362776025236593,0.24504018434215705,0.06182206485696622
2023-08-22,2023,DOWN,generic_pullback,0.7854889589905363,0.147248918113865,0.10453549148541562
2023-08-23,2023,UP,generic_pullback,0.11959798994974874,0.17183878808433667,0.20688485670680007
2023-08-24,2023,DOWN,discount_zone,0.503957783641161,0.1893027163259591,0.2206664799775973
2023-08-24,2023,DOWN,generic_pullback,0.43007915567282323,0.12881545785494258,0.19490338840660879
2023-08-28,2023,UP,discount_zone,0.5017361111111112,-0.07300481168076987,-0.00884906808251756
2023-08-28,2023,UP,generic_pullback,0.6059027777777778,-0.07189867817045517,-0.07300481168076987
2023-08-28,2023,DOWN,discount_zone,0.4838709677419355,-0.18361816271223938,-0.08185387976328744
2023-08-28,2023,DOWN,generic_pullback,0.8759305210918115,0.10176428294895194,0.30197444831591175
2023-08-28,2023,UP,discount_zone,0.518796992481203,0.02654720424755268,0.18583042973286876
2023-08-28,2023,UP,generic_pullback,0.7293233082706767,0.1548586914440573,0.32630938554283506
2023-08-30,2023,UP,discount_zone,0.5299401197604791,0.10097329932857961,0.2633633477333056
2023-08-30,2023,UP,generic_pullback,0.16167664670658682,-0.2113152552958934,-0.11866965075729975
2023-08-31,2023,UP,discount_zone,0.47796610169491527,0.07733097657976137,-0.09058771542200618
2023-08-31,2023,UP,generic_pullback,0.2542372881355932,-0.1988510826336721,-0.2375165709235528
2023-09-04,2023,DOWN,discount_zone,0.4654255319148936,0.0011318619128466328,-0.009054895302773062
2023-09-01,2023,DOWN,generic_pullback,0.23138297872340424,0.01453732177802628,-0.0212468549063461
2023-09-05,2023,UP,discount_zone,0.5,0.03328168933264475,0.08492569002123142
2023-09-05,2023,UP,generic_pullback,0.6549295774647887,0.06885866758478223,-0.02295288919492741
2023-09-13,2023,DOWN,discount_zone,0.4650817236255572,0.10875475802066341,0.19092501963627576
2023-09-06,2023,DOWN,generic_pullback,0.1188707280832095,-0.12655261307710336,-0.03163815326927584
2023-09-07,2023,UP,discount_zone,0.5488958990536278,0.12851968687930834,0.046734431592475756
2023-09-07,2023,UP,generic_pullback,0.8296529968454258,0.22198855006425985,0.1378665731978035
2023-09-08,2023,UP,discount_zone,0.5193370165745856,-0.04541108986615679,-0.008365200764818356
2023-09-08,2023,UP,generic_pullback,0.6740331491712708,0.08843212237093691,0.044216061185468454
2023-09-08,2023,DOWN,discount_zone,0.4827586206896552,0.27963671128107076,0.30592734225621415
2023-09-08,2023,DOWN,generic_pullback,0.4206896551724138,0.02868068833652008,0.09201720841300191
2023-09-12,2023,UP,discount_zone,0.5023923444976076,-0.2161374537065145,-0.11171149292696254
2023-09-11,2023,UP,generic_pullback,0.8947368421052632,0.012134449702705982,0.17109574080815435
2023-09-12,2023,DOWN,discount_zone,0.5302663438256658,0.286564264464817,0.28777851982271874
2023-09-12,2023,DOWN,generic_pullback,0.21549636803874092,0.009714042863214135,0.029142128589642404
2023-09-18,2023,UP,discount_zone,0.5381294964028777,-0.2097902097902098,-0.05520794994479205
2023-09-14,2023,UP,generic_pullback,0.3079136690647482,0.16161370678656053,-0.32930311683577373
2023-09-18,2023,DOWN,generic_pullback,0.6006493506493507,-0.0858790332474543,-0.24782235308551098
2023-09-18,2023,UP,generic_pullback,0.23529411764705882,-0.029444239970555758,-0.10428168322905165
2023-09-18,2023,DOWN,discount_zone,0.48739495798319327,0.23800760642865906,0.43552938289780396
2023-09-18,2023,DOWN,generic_pullback,0.680672268907563,0.058888479941111516,0.17911912648754755
2023-09-20,2023,DOWN,discount_zone,0.4946236559139785,0.03151591553734636,0.09580838323353294
2023-09-20,2023,DOWN,generic_pullback,0.6344086021505376,0.06807437756066814,0.3227229751024267
2023-09-21,2023,DOWN,discount_zone,0.5120481927710844,0.022532390311072164,0.15647493271577892
2023-09-21,2023,DOWN,generic_pullback,0.3253012048192771,-0.058834574701132875,0.04882017900732302
2023-09-22,2023,DOWN,discount_zone,0.5471014492753623,0.3712720632988436,0.6025562994522216
2023-09-25,2023,DOWN,generic_pullback,0.22282608695652173,0.038971161340607956,-0.0883346323720447
2023-09-25,2023,UP,discount_zone,0.4951923076923077,0.05975578072226553,-0.007794232268121591
2023-09-25,2023,UP,generic_pullback,0.42788461538461536,-0.033775006495193556,-0.04156923876331515
2023-09-25,2023,DOWN,discount_zone,0.49029126213592233,0.2455183164458301,0.5923616523772409
2023-09-25,2023,DOWN,generic_pullback,0.587378640776699,-0.06884905170174072,-0.027279812938425567
2023-09-26,2023,DOWN,discount_zone,0.4608879492600423,0.2995298858294157,0.2928139691067831
2023-09-26,2023,DOWN,generic_pullback,0.3572938689217759,0.005372733378106112,0.03223640026863667
2023-10-03,2023,UP,discount_zone,0.48743718592964824,-0.03078501795792714,0.04874294510005131
2023-09-28,2023,UP,generic_pullback,0.7814070351758794,0.31040905014830655,0.6980754638890805
2023-09-28,2023,UP,generic_pullback,0.20700985761226726,-0.20142098365179,-0.2234945161067807
2023-10-02,2023,DOWN,generic_pullback,0.6799387442572741,-0.0782552918537524,-0.10006414368184734
2023-10-02,2023,UP,discount_zone,0.5373563218390804,-0.07953816549069917,-0.2450288646568313
2023-10-02,2023,UP,generic_pullback,0.3045977011494253,-0.1988454137267479,-0.1013470173187941
2023-10-03,2023,DOWN,discount_zone,0.5079365079365079,0.24243201641867623,0.3450487429451
2023-10-03,2023,DOWN,generic_pullback,0.44841269841269843,0.00513083632632119,0.2090815802975885
2023-10-04,2023,UP,discount_zone,0.4905335628227194,0.020604811829586088,0.20968426155990547
2023-10-04,2023,UP,generic_pullback,0.1342512908777969,-0.15393006484455488,-0.2957396521422944
2023-10-09,2023,UP,discount_zone,0.45132743362831856,0.2618214648459542,0.3374336982281909
2023-10-09,2023,UP,generic_pullback,0.34292035398230086,-0.07448369258548697,-0.1794379866832186
2023-10-09,2023,DOWN,discount_zone,0.48579545454545453,-0.091411804536734,-0.2618214648459542
2023-10-09,2023,DOWN,generic_pullback,0.625,0.10495429409773163,-0.16363841552872135
2023-10-12,2023,UP,discount_zone,0.45625942684766213,0.1084970938278439,0.3520619983393302
2023-10-10,2023,UP,generic_pullback,0.36048265460030166,0.1074797104628208,0.09212546611098926
2023-10-11,2023,DOWN,discount_zone,0.5239179954441914,0.02745442565341533,0.02745442565341533
2023-10-10,2023,DOWN,generic_pullback,0.3143507972665148,0.0021934634788330775,-0.04167580609782847
2023-10-13,2023,DOWN,discount_zone,0.5038284839203675,0.1725728550496554,0.22684104846149672
2023-10-12,2023,DOWN,generic_pullback,0.1562021439509954,-0.18378079158593966,0.12288956545806809
2023-10-13,2023,DOWN,generic_pullback,0.332220367278798,0.2181581375156021,0.4732186465512563
2023-10-16,2023,UP,discount_zone,0.46785714285714286,0.18888947843158063,0.1644824109937921
2023-10-16,2023,UP,generic_pullback,0.21428571428571427,-0.06579296439751685,-0.047752958030455775
2023-10-17,2023,UP,discount_zone,0.5229357798165137,-0.18412698412698414,-0.3566137566137566
2023-10-17,2023,UP,generic_pullback,0.3577981651376147,-0.12486772486772486,-0.08465608465608465
2023-10-19,2023,DOWN,discount_zone,0.5407407407407407,0.39276485788113696,-0.22015503875968992
2023-10-19,2023,DOWN,generic_pullback,0.3688888888888889,0.3524547803617571,-0.2098191214470284
2023-10-19,2023,DOWN,discount_zone,0.524701873935264,0.044444444444444446,0.3152454780361757
2023-10-19,2023,DOWN,generic_pullback,0.20954003407155025,-0.06511627906976744,0.33798449612403103
2023-10-23,2023,DOWN,discount_zone,0.5033898305084745,-0.21195906280845758,-0.22131019793236012
2023-10-23,2023,DOWN,generic_pullback,0.39322033898305087,-0.23481739311133046,-0.2659878435243389
2023-10-24,2023,UP,discount_zone,0.543859649122807,0.1625689914701455,0.16658304064224785
2023-10-23,2023,UP,generic_pullback,0.2807017543859649,0.0010390150137669489,0.12260377162449997
2023-10-27,2023,DOWN,discount_zone,0.4544159544159544,0.06291134339914828,0.20615563298490128
2023-10-26,2023,DOWN,generic_pullback,0.12108262108262108,-0.1382667964946446,-0.09444985394352483
2023-10-30,2023,UP,generic_pullback,0.42122719734660036,0.09977501711826274,0.10173139000293456
2023-10-31,2023,UP,discount_zone,0.5086505190311419,0.15147101660355372,0.1407903679968929
2023-10-31,2023,UP,generic_pullback,0.3806228373702422,0.07185163608117293,0.1466161763277988
2023-11-02,2023,UP,generic_pullback,0.3858695652173913,0.06657392686804452,0.13513513513513514
2023-11-03,2023,UP,generic_pullback,0.2116991643454039,0.1391727493917275,0.22384428223844283
2023-11-06,2023,DOWN,discount_zone,0.49166666666666664,-0.014244289566057892,0.07122144783028947
2023-11-06,2023,DOWN,generic_pullback,0.7583333333333333,0.10377982398127893,0.10683217174543419
2023-11-09,2023,UP,discount_zone,0.46466809421841543,0.14250537014722062,0.2368103945093519
2023-11-07,2023,UP,generic_pullback,0.12419700214132762,0.11005712488863267,0.1760913998218123
2023-11-09,2023,UP,discount_zone,0.45977011494252873,-0.015717504060355214,0.07230051867763398
2023-11-09,2023,UP,generic_pullback,0.2988505747126437,-0.01990883847644994,-0.035626342536805154
2023-11-10,2023,UP,discount_zone,0.5365853658536586,0.35608622147083685,0.3698224852071006
2023-11-10,2023,UP,generic_pullback,0.7560975609756098,0.39306846999154693,0.3444632290786137
2023-11-13,2023,UP,generic_pullback,0.3386243386243386,0.008434370057986295,0.0316288877174486
2023-12-04,2023,UP,discount_zone,0.4641449960598897,-0.020945541591861162,0.22591262716935967
2023-11-14,2023,UP,generic_pullback,0.13002364066193853,0.002134927412467976,0.11955593509820667
2023-11-15,2023,UP,generic_pullback,0.6310344827586207,-0.1250459727841118,-0.06199758314506384
2023-11-15,2023,DOWN,discount_zone,0.48297213622291024,0.23748226764041402,0.07565806756685757
2023-11-15,2023,DOWN,generic_pullback,0.44891640866873067,-0.07775968055482584,0.05989597015709557
2023-11-16,2023,DOWN,generic_pullback,0.7931034482758621,0.09563785133627331,0.09457520854364805
2023-11-30,2023,UP,discount_zone,0.4950980392156863,-0.06857632688049146,-0.12000857204086006
2023-11-17,2023,UP,generic_pullback,0.20588235294117646,0.32564004166438243,0.17652540979112988
2023-11-21,2023,DOWN,discount_zone,0.4542372881355932,-0.04861673804838523,-0.020835744877879384
2023-11-21,2023,DOWN,generic_pullback,0.2677966101694915,-0.10302118300729252,-0.16205579349461743
2023-11-21,2023,UP,discount_zone,0.5225225225225225,-0.011575413821044102,0.013890496585252923
2023-11-21,2023,UP,generic_pullback,0.36936936936936937,0.06134969325153374,0.026623451788401437
2023-11-22,2023,UP,discount_zone,0.48404255319148937,0.11622554660529344,0.20138089758342922
2023-11-22,2023,UP,generic_pullback,0.3421985815602837,0.04833141542002301,0.04142692750287687
2023-11-22,2023,DOWN,discount_zone,0.5405405405405406,0.16455696202531644,0.07825086306098965
2023-11-22,2023,DOWN,generic_pullback,0.7837837837837838,0.010356731875719217,0.21749136939010358
2023-11-23,2023,DOWN,discount_zone,0.49242424242424243,0.030144088744197262,-0.009646108398143123
2023-11-23,2023,DOWN,generic_pullback,0.3333333333333333,0.008440344848375234,-0.034967142943268824
2023-11-23,2023,UP,discount_zone,0.5466666666666666,0.016880689696750467,-0.1929221679628625
2023-11-23,2023,UP,generic_pullback,0.14666666666666667,-0.033761379393500934,-0.0253210345451257
2023-11-27,2023,DOWN,discount_zone,0.5190311418685121,-0.15272288833813383,-0.26793489182128744
2023-11-24,2023,DOWN,generic_pullback,0.23875432525951557,-0.05848713283077723,-0.05198856251624643
2023-11-28,2023,UP,discount_zone,0.48951048951048953,-0.21582733812949642,-0.08162700608743775
2023-11-28,2023,UP,generic_pullback,0.22377622377622378,-0.17708909795240732,-0.17570558937465414
2023-11-28,2023,DOWN,generic_pullback,0.33649289099526064,-0.07470946319867183,-0.08577753182069729
2023-11-29,2023,DOWN,generic_pullback,0.13157894736842105,0.028288543140028287,0.05091937765205092
2023-12-01,2023,DOWN,discount_zone,0.5346420323325635,-0.09468856339695221,-0.14203284509542832
2023-11-30,2023,DOWN,generic_pullback,0.12240184757505773,-0.04286020430030716,-0.07714836774055289
2023-12-01,2023,UP,generic_pullback,0.37770897832817335,0.04142624648616659,0.0754549489569463
2023-12-04,2023,DOWN,generic_pullback,0.22297297297297297,-0.30371035308198685,-0.47875523638539796
2023-12-04,2023,UP,discount_zone,0.5448717948717948,0.16606822262118492,0.0763016157989228
2023-12-04,2023,UP,generic_pullback,0.21794871794871795,-0.1570915619389587,0.008976660682226212
2023-12-06,2023,UP,discount_zone,0.49853372434017595,-0.06875313328081357,-0.30652438587696057
2023-12-06,2023,UP,generic_pullback,0.3870967741935484,0.06732077633746329,-0.22774475399269498
2023-12-06,2023,DOWN,discount_zone,0.5224719101123596,0.01862064026355368,0.1690181193153334
2023-12-06,2023,DOWN,generic_pullback,0.8258426966292135,0.09167084437441811,0.05442956384731075
2023-12-08,2023,UP,discount_zone,0.5185185185185185,0.3326577678384233,0.1076245719477252
2023-12-07,2023,UP,generic_pullback,0.2138047138047138,-0.029473684210526315,0.11649122807017544
2023-12-07,2023,DOWN,discount_zone,0.5245901639344263,0.296140350877193,-0.296140350877193
2023-12-07,2023,DOWN,generic_pullback,0.7131147540983607,0.015438596491228071,0.28350877192982454
2023-12-08,2023,DOWN,generic_pullback,0.4460093896713615,-0.060102033685093294,-0.1537493884967503
2023-12-11,2023,UP,discount_zone,0.5344827586206896,0.15725101921956902,0.24315666860803728
2023-12-11,2023,UP,generic_pullback,0.896551724137931,0.151426907396622,0.28538147932440305
2023-12-11,2023,UP,generic_pullback,0.3069306930693069,-0.07134536983110076,0.24170064065230054
2023-12-12,2023,UP,generic_pullback,0.8208955223880597,0.08172043010752689,0.14336917562724014
2023-12-13,2023,UP,generic_pullback,0.1592356687898089,-0.08297503205853511,-0.17651052274270196
2023-12-14,2023,UP,discount_zone,0.4883720930232558,0.0687737781679836,0.11852502194907814
2023-12-14,2023,UP,generic_pullback,0.32558139534883723,-0.17705589698565993,-0.030728709394205446
2024-01-02,2024,UP,discount_zone,0.45454545454545453,-0.20863403752788348,-0.27817871670384464
2023-12-18,2023,UP,generic_pullback,0.11519302615193026,0.21384355655599327,0.29825548677546426
2023-12-19,2023,UP,discount_zone,0.5444444444444444,0.06681657565049791,0.08737552200449727
2023-12-19,2023,UP,generic_pullback,0.7222222222222222,0.08223578541599744,-0.0038548024413748794
2023-12-21,2023,DOWN,generic_pullback,0.2202753441802253,-0.21304404652986536,-0.1124036073715854
2023-12-29,2023,UP,discount_zone,0.5412979351032449,0.057291666666666664,0.07421875
2023-12-22,2023,UP,generic_pullback,0.3893805309734513,0.01189767995240928,-0.05552250644457664
2023-12-22,2023,DOWN,discount_zone,0.45985401459854014,0.22076806133914997,0.2842223544186661
2023-12-22,2023,DOWN,generic_pullback,0.5547445255474452,-0.02247339546566197,0.33974486086324274
2023-12-26,2023,UP,generic_pullback,0.23857868020304568,-0.024330900243309004,-0.037136637213471636
2023-12-27,2023,UP,discount_zone,0.5390625,-0.0967783012861327,0.19610339997453205
2023-12-27,2023,UP,generic_pullback,0.796875,0.17954921685979883,0.18209601426206545
2023-12-28,2023,UP,discount_zone,0.5428571428571428,0.016753656807784005,0.02964108512146401
2023-12-28,2023,UP,generic_pullback,0.22857142857142856,-0.06314839873703203,-0.08247954120755203
2023-12-28,2023,DOWN,generic_pullback,0.3305785123966942,-0.016753656807784005,0.05283845608608802
2023-12-29,2023,DOWN,discount_zone,0.4811188811188811,-0.07942708333333333,-0.11197916666666667
2023-12-29,2023,DOWN,generic_pullback,0.12027972027972028,-0.23046875,-0.2630208333333333
2024-01-02,2024,DOWN,discount_zone,0.48360655737704916,-0.0879149717884792,-0.06560818790185015
2024-01-02,2024,DOWN,generic_pullback,0.860655737704918,0.05248655032148012,0.19944889122162446
2024-01-08,2024,DOWN,discount_zone,0.4666666666666667,-0.051366480079025355,-0.10141587092525518
2024-01-03,2024,DOWN,generic_pullback,0.19863945578231293,0.06201935003721161,-0.04341354502604813
2024-01-04,2024,DOWN,discount_zone,0.5,0.07304785894206549,0.04659949622166247
2024-01-04,2024,DOWN,generic_pullback,0.8839285714285714,0.16120906801007556,0.18765743073047858
2024-01-05,2024,DOWN,generic_pullback,0.8051282051282052,0.19538421190663519,0.35798583792289534
2024-01-09,2024,UP,discount_zone,0.5098039215686274,0.32099077467458614,0.36143055731075446
2024-01-09,2024,UP,generic_pullback,0.4264705882352941,0.1150006318716037,0.14406672564134967
2024-01-11,2024,UP,discount_zone,0.5008665511265165,-0.007604080856726443,0.30669792788796657
2024-01-09,2024,UP,generic_pullback,0.2807625649913345,0.018956148110703907,0.09478074055351952
2024-01-10,2024,UP,generic_pullback,0.2761394101876676,0.09273373983739837,0.10797764227642276
2024-01-11,2024,DOWN,discount_zone,0.5,-0.24333058741524619,-0.48666117483049237
2024-01-11,2024,DOWN,generic_pullback,0.6631578947368421,-0.17996324694252583,-0.27374691084215197
2024-01-16,2024,UP,discount_zone,0.5231143552311436,0.4072013093289689,0.5237315875613748
2024-01-12,2024,UP,generic_pullback,0.2615571776155718,0.061614294516327786,-0.11460258780036968
2024-01-12,2024,DOWN,discount_zone,0.48,-0.036968576709796676,0.033271719038817
2024-01-12,2024,DOWN,generic_pullback,0.8436363636363636,0.0751694393099199,0.029574861367837338
2024-01-18,2024,UP,generic_pullback,0.16207276736493936,-0.207773851590106,-0.096113074204947
2024-01-31,2024,UP,discount_zone,0.5231822971549,0.11028468838163633,0.22185175686073352
2024-01-22,2024,UP,generic_pullback,0.11222339304531086,0.13407094044907256,-0.005206638464041653
2024-01-22,2024,DOWN,discount_zone,0.5418502202643172,-0.07419459811259356,0.14969085584119754
2024-01-22,2024,DOWN,generic_pullback,0.7665198237885462,0.06117800195248942,0.06117800195248942
2024-01-23,2024,DOWN,discount_zone,0.5367647058823529,0.032469640885771804,-0.07532956685499058
2024-01-23,2024,DOWN,generic_pullback,0.7720588235294118,0.07273199558412884,0.06493928177154361
2024-01-23,2024,UP,discount_zone,0.48295454545454547,0.1350737060848107,1.0091564387297876
2024-01-23,2024,UP,generic_pullback,0.5909090909090909,0.01948178453146308,0.06753685304240535
2024-01-25,2024,DOWN,discount_zone,0.5493827160493827,-0.09268537074148298,-0.16407815631262526
2024-01-24,2024,DOWN,generic_pullback,0.3045267489711934,-0.1322682032477737,-0.4504976427448926
2024-01-30,2024,DOWN,discount_zone,0.5176151761517616,0.013162618164413066,-0.05265047265765226
2024-01-25,2024,DOWN,generic_pullback,0.22493224932249323,0.2404809619238477,0.08266533066132264
2024-01-29,2024,UP,discount_zone,0.535,0.10389300214951039,0.18748507284451876
2024-01-29,2024,UP,generic_pullback,0.68,-0.057320277048005734,0.057320277048005734
2024-01-29,2024,UP,generic_pullback,0.4,0.031048483401003104,0.1480773823740148
2024-01-30,2024,DOWN,discount_zone,0.5384615384615384,0.04906066770372143,0.31231303099198277
2024-01-30,2024,DOWN,generic_pullback,0.40236686390532544,-0.05863348091420366,-0.03589804953930836
2024-02-02,2024,DOWN,discount_zone,0.45,-0.21980661822112788,-0.3639421055792445
2024-01-30,2024,DOWN,generic_pullback,0.4,0.9524949144429818,1.1056599258106976
2024-02-01,2024,UP,generic_pullback,0.5769230769230769,0.3109059995142094,0.10687393733300947
2024-02-01,2024,UP,generic_pullback,0.740506329113924,0.14330823415108088,0.23439397619625943
2024-02-05,2024,DOWN,generic_pullback,0.26877470355731226,-0.17272151534342794,-0.3696240428349358
2024-02-05,2024,UP,generic_pullback,0.31494252873563217,0.1255109678162243,-0.02187805861016754
2024-02-06,2024,DOWN,generic_pullback,0.8450704225352113,-0.0,0.25933671945025394
2024-02-07,2024,UP,generic_pullback,0.2277339346110485,0.13507859661705815,-0.09802163648317495
2024-02-08,2024,UP,discount_zone,0.5405405405405406,-0.0035450516986706058,0.08980797636632201
2024-02-08,2024,UP,generic_pullback,0.7297297297297297,0.09926144756277695,0.09098966026587887
2024-02-08,2024,UP,generic_pullback,0.3643410852713178,-0.03781388478581979,-0.10989660265878877
2024-02-12,2024,UP,discount_zone,0.5252918287937743,-0.08163265306122448,-1.530307645446238
2024-02-09,2024,UP,generic_pullback,0.1926070038910506,0.16128031759816389,0.18485205632404939
2024-02-22,2024,DOWN,discount_zone,0.5292207792207793,-0.10101010101010101,-0.2771905097486493
2024-02-22,2024,DOWN,generic_pullback,0.2857142857142857,-0.13742071881606766,-0.03171247357293869
2024-02-14,2024,UP,generic_pullback,0.350210970464135,0.09827461053101792,0.16304651292646155
2024-02-15,2024,UP,discount_zone,0.46689895470383275,-0.19150938174572424,-0.03210272873194221
2024-02-15,2024,UP,generic_pullback,0.5574912891986062,-0.2169701666020922,0.01217689710521946
2024-02-16,2024,UP,discount_zone,0.5061728395061729,0.15612444036275971,0.016071633566754676
2024-02-16,2024,UP,generic_pullback,0.37037037037037035,-0.2858454827229939,-0.05280679600505108
2024-02-19,2024,DOWN,discount_zone,0.5,0.005912262031453234,-0.016554333688069054
2024-02-19,2024,DOWN,generic_pullback,0.75,0.0354735721887194,-0.0011824524062906468
2024-02-20,2024,DOWN,discount_zone,0.5384615384615384,-0.05838350665936873,-0.2152891808064222
2024-02-20,2024,DOWN,generic_pullback,0.8218623481781376,0.37706014717508973,0.2700237182995804
2024-02-21,2024,DOWN,discount_zone,0.493006993006993,0.16384930479432297,0.18346506663589685
2024-02-21,2024,DOWN,generic_pullback,0.44405594405594406,-0.22846593203715457,-0.08654012577164946
2024-02-23,2024,UP,discount_zone,0.48891481913652274,0.12141688222562425,0.20482500131974873
2024-02-23,2024,UP,generic_pullback,0.11201866977829639,-0.1319748719843742,-0.5300110858892467
2024-02-23,2024,DOWN,discount_zone,0.4732824427480916,-0.09607770680462441,-0.13830966583962415
2024-02-23,2024,DOWN,generic_pullback,0.8549618320610687,0.08763131499762446,0.0010557989758749934
2024-02-23,2024,UP,discount_zone,0.47685185185185186,-0.16998363511587394,-0.1773742279469989
2024-02-23,2024,UP,generic_pullback,0.4398148148148148,-0.04012036108324975,-0.16364884126062398
2024-02-27,2024,DOWN,discount_zone,0.48936170212765956,-0.049609457462529025,0.06333122229259025
2024-02-27,2024,DOWN,generic_pullback,0.8457446808510638,0.04222081486172683,0.0759974667511083
2024-02-28,2024,DOWN,generic_pullback,0.7181818181818181,-0.016933904852622108,-0.564110705402974
2024-02-29,2024,UP,generic_pullback,0.25675675675675674,0.36807781585055815,0.6046203161268928
2024-03-04,2024,UP,generic_pullback,0.13768115942028986,-0.08741839105897975,0.022131238242779683
2024-03-04,2024,DOWN,discount_zone,0.5347222222222222,0.042049352661281396,0.06860683855261701
2024-03-04,2024,DOWN,generic_pullback,0.5763888888888888,0.0486887241341153,0.012172181033528824
2024-03-05,2024,DOWN,generic_pullback,0.1440972222222222,0.015943514406104087,0.19815510761872224
2024-03-06,2024,UP,discount_zone,0.4827586206896552,0.18564950653507603,0.1643104827954121
2024-03-06,2024,UP,generic_pullback,0.2799188640973631,0.09922646038943718,0.22299279807948785
2024-03-08,2024,UP,discount_zone,0.4591503267973856,-0.2571965575229993,-0.45701849836779107
2024-03-07,2024,UP,generic_pullback,0.2369281045751634,0.12843940896987419,0.1138202892497259
2024-03-08,2024,DOWN,discount_zone,0.51931330472103,0.9743792660005935,0.9961420516371551
2024-03-08,2024,DOWN,generic_pullback,0.44849785407725323,0.5796814719556831,0.8319319418340093
2024-03-11,2024,DOWN,discount_zone,0.5119453924914675,-0.04549116239397242,-0.09572098753731696
2024-03-11,2024,DOWN,generic_pullback,0.7372013651877133,0.03885703454485144,-0.009477325498744254
2024-03-11,2024,UP,discount_zone,0.46078431372549017,0.03601383689522816,0.03506610434535374
2024-03-11,2024,UP,generic_pullback,0.696078431372549,0.05022982514334454,-0.002843197649623276
2024-03-11,2024,DOWN,discount_zone,0.5460122699386503,0.043595697294223565,0.08055726673932616
2024-03-11,2024,DOWN,generic_pullback,0.7975460122699386,0.01895465099748851,-0.0
2024-03-13,2024,DOWN,discount_zone,0.48295454545454547,-0.04434803567124608,-0.09544468546637744
2024-03-13,2024,DOWN,generic_pullback,0.7727272727272727,-0.05109664979513136,-0.04724029886719691
2024-03-14,2024,DOWN,discount_zone,0.4933837429111531,0.04129387474191328,0.2202339986235375
2024-03-14,2024,DOWN,generic_pullback,0.3005671077504726,-0.05997443712515977,-0.025562874840232033
2024-03-18,2024,DOWN,discount_zone,0.457286432160804,0.09715812484819043,0.8685936361428225
2024-03-18,2024,DOWN,generic_pullback,0.2864321608040201,0.036920087442312365,-0.03886324993927617
2024-03-19,2024,DOWN,generic_pullback,0.8475073313782991,-0.05677059097254537,-0.16193578408562123
2024-04-04,2024,UP,discount_zone,0.49712313003452246,0.08490053803247939,0.10661928031985783
2024-03-19,2024,UP,generic_pullback,0.19907940161104717,0.06142391810144253,-0.10051186598417869
2024-03-20,2024,UP,discount_zone,0.5071090047393365,-0.04575016819914779,-0.0923973985198475
2024-03-20,2024,UP,generic_pullback,0.8625592417061612,0.08163265306122448,0.05920610002242655
2024-03-25,2024,UP,discount_zone,0.5375571521881124,0.1413746428034291,0.0912417907454755
2024-03-21,2024,UP,generic_pullback,0.1280209013716525,-0.021016081871345026,0.12152777777777776
2024-03-26,2024,DOWN,discount_zone,0.504601226993865,-0.06269592476489029,0.08089796743856811
2024-03-22,2024,DOWN,generic_pullback,0.12423312883435583,-0.06486486486486487,-0.08198198198198198
2024-03-25,2024,DOWN,discount_zone,0.5066079295154186,-0.08221787737504387,-0.06517270767533964
2024-03-25,2024,DOWN,generic_pullback,0.2643171806167401,-0.0350929964405675,-0.08823381962199829
2024-03-25,2024,UP,discount_zone,0.4601226993865031,0.051135509099112644,0.08021256329272572
2024-03-25,2024,UP,generic_pullback,0.6993865030674846,0.04110893868752193,0.11731087381561137
2024-03-26,2024,UP,discount_zone,0.5419847328244275,-0.03640408534735565,0.016179593487713622
2024-03-26,2024,UP,generic_pullback,0.7557251908396947,0.012134695115785216,0.03337041156840934
2024-03-27,2024,DOWN,discount_zone,0.519774011299435,-0.009126400648988491,0.03751964711250824
2024-03-27,2024,DOWN,generic_pullback,0.6045197740112994,-0.02535111291385692,-0.1308117426355017
2024-03-28,2024,UP,discount_zone,0.5246913580246914,0.0119994000299985,-0.09699515024248788
2024-03-28,2024,UP,generic_pullback,0.6975308641975309,-0.039998000099995004,-0.04899755012249388
2024-04-01,2024,DOWN,discount_zone,0.4645161290322581,0.006019261637239166,0.9209470304975923
2024-04-01,2024,DOWN,generic_pullback,0.4064516129032258,0.04614767255216694,-0.015048154093097914
2024-04-01,2024,UP,discount_zone,0.5214723926380368,-0.03812199036918138,0.03310593900481541
2024-04-01,2024,UP,generic_pullback,0.5521472392638037,0.06119582664526485,0.12439807383627609
2024-04-02,2024,DOWN,discount_zone,0.53515625,-0.09095452273863068,-0.20189905047476261
2024-04-02,2024,DOWN,generic_pullback,0.8671875,0.06796601699150424,-0.031984007996002
2024-04-03,2024,UP,discount_zone,0.5233918128654971,0.5042102059450136,0.5873998173886578
2024-04-02,2024,UP,generic_pullback,0.24561403508771928,-0.051974012993503245,0.04897551224387806
2024-04-03,2024,DOWN,discount_zone,0.5080645161290323,0.03347874606878361,0.07608805924723547
2024-04-03,2024,DOWN,generic_pullback,0.43548387096774194,-0.07811707416049507,-0.04768185046160089
2024-04-05,2024,DOWN,discount_zone,0.5046066619418852,0.0030214523114110185,0.055393292375868666
2024-04-05,2024,DOWN,generic_pullback,0.13253012048192772,-0.2920737234363984,-0.3595528250579112
2024-04-05,2024,UP,discount_zone,0.48172757475083056,0.015107261557055092,0.05841474468727969
2024-04-05,2024,UP,generic_pullback,0.44019933554817275,-0.04632893544163561,-0.17524423406183906
2024-04-05,2024,DOWN,generic_pullback,0.43728813559322033,-0.06848625239198308,-0.16920132943901703
2024-04-08,2024,DOWN,discount_zone,0.5159574468085106,0.04860513391727001,-0.03341602956812313
2024-04-08,2024,DOWN,generic_pullback,0.3617021276595745,0.06075641739658752,-0.06379423826641689
2024-04-09,2024,UP,discount_zone,0.4956772334293948,-0.08152893218275187,-0.18423421038699772
2024-04-09,2024,UP,generic_pullback,0.27953890489913547,-0.08258774948382656,-0.16411668166657842
2024-04-10,2024,DOWN,discount_zone,0.54858934169279,0.21131410961919436,0.28725511776359236
2024-04-10,2024,DOWN,generic_pullback,0.44357366771159873,0.199207572088928,0.2234206471494607
2024-04-11,2024,UP,discount_zone,0.5340314136125655,0.010112359550561797,0.12696629213483146
2024-04-11,2024,UP,generic_pullback,0.32722513089005234,0.03932584269662921,0.06629213483146068
2024-05-10,2024,DOWN,discount_zone,0.4715447154471545,0.0895615959876405,0.16568895257713492
2024-04-12,2024,DOWN,generic_pullback,0.43902439024390244,0.08214008214008214,0.40626040626040627
2024-04-16,2024,DOWN,discount_zone,0.5172704296545914,0.07644721621485691,-0.027158879444751798
2024-04-16,2024,DOWN,generic_pullback,0.12805391743892164,-0.15289443242971382,-0.12472966856108234
2024-04-16,2024,UP,discount_zone,0.5222551928783383,0.08147663833425539,0.11668259317004477
2024-04-16,2024,UP,generic_pullback,0.5667655786350149,-0.028164763868631496,0.050294221193984814
2024-04-17,2024,DOWN,discount_zone,0.452914798206278,0.6088020861050503,0.278856899579586
2024-04-17,2024,DOWN,generic_pullback,0.242152466367713,-0.0010643393113724657,-0.3118514182321324
2024-04-23,2024,DOWN,discount_zone,0.45467224546722457,0.0233849751534639,0.00389749585891065
2024-04-18,2024,DOWN,generic_pullback,0.3193863319386332,0.45369406867845996,0.7804370447450573
2024-04-25,2024,UP,discount_zone,0.5180149558123726,-0.33798882681564246,-0.2346368715083799
2024-04-23,2024,UP,generic_pullback,0.1142080217539089,0.14323297281496639,0.1744129396862516
2024-04-24,2024,DOWN,generic_pullback,0.5611111111111111,0.205879536531648,0.27291008330939387
2024-04-25,2024,DOWN,discount_zone,0.541871921182266,-0.17783985102420857,-0.3063314711359404
2024-04-25,2024,DOWN,generic_pullback,0.18883415435139572,-0.023277467411545624,-0.024208566108007448
2024-05-01,2024,UP,discount_zone,0.5123523093447906,-0.03901573930392374,0.030148525825759255
2024-05-01,2024,UP,generic_pullback,0.4371643394199785,-0.1764575482154733,-0.005320328086898692
2024-04-29,2024,DOWN,discount_zone,0.47619047619047616,0.09437672040896579,-0.027963472713767642
2024-04-29,2024,DOWN,generic_pullback,0.6349206349206349,-0.018351028968410017,0.03757591645912527
2024-04-30,2024,DOWN,generic_pullback,0.6981132075471698,0.014947025981448104,0.38950191234008885
2024-04-30,2024,DOWN,generic_pullback,0.36807817589576547,0.022860157383391217,0.10287070822526048
2024-05-01,2024,DOWN,discount_zone,0.5218884120171674,-0.640212813123476,0.1968521392152516
2024-05-01,2024,DOWN,generic_pullback,0.2094420600858369,-0.11704721791177122,-0.5346929727333185
2024-05-02,2024,UP,generic_pullback,0.7857142857142857,0.16499097705594223,0.2174099853914239
2024-05-08,2024,UP,discount_zone,0.48444444444444446,0.051241966301893344,0.27879103699843666
2024-05-06,2024,UP,generic_pullback,0.1511111111111111,0.20944191392448172,0.143033502192329
2024-05-08,2024,DOWN,discount_zone,0.5402298850574713,0.14156678825777314,0.11030050373458397
2024-05-08,2024,DOWN,generic_pullback,0.735632183908046,0.06079555323953448,0.15198888309883618
2024-05-09,2024,UP,discount_zone,0.498220640569395,0.05349208403433847,0.03105991976187395
2024-05-09,2024,UP,generic_pullback,0.2597864768683274,0.05262930848539753,0.024157715370346406
2024-05-09,2024,UP,discount_zone,0.5035460992907801,0.058668737327984125,0.07678702385574393
2024-05-09,2024,UP,generic_pullback,0.5602836879432624,0.06902204391527544,0.3770329148871921
2024-05-10,2024,DOWN,discount_zone,0.5019455252918288,-0.10836953114504501,-0.08508351618825848
2024-05-10,2024,DOWN,generic_pullback,0.688715953307393,-0.03045094263579777,-0.017016703237651695
2024-05-13,2024,UP,generic_pullback,0.782258064516129,0.031663252002235055,0.035388340473086234
2024-05-13,2024,DOWN,generic_pullback,0.7777777777777778,0.05028869435649097,0.08195194635872602
2024-05-13,2024,DOWN,generic_pullback,0.7685185185185185,-0.012106537530266344,-0.01303780964797914
2024-05-14,2024,UP,discount_zone,0.5446428571428571,0.15136327185244586,0.26964715316760224
2024-05-14,2024,UP,generic_pullback,0.41964285714285715,-0.09522854851643946,-0.0821972734562951
2024-05-31,2024,UP,discount_zone,0.45527908540685946,-0.8382810291207238,-1.023466214305909
2024-05-17,2024,UP,generic_pullback,0.14458641560188298,-0.1271561832299755,0.007295846578769086
2024-05-16,2024,DOWN,generic_pullback,0.5851063829787234,0.22046124149141522,0.1137864472213756
2024-05-17,2024,DOWN,generic_pullback,0.4032258064516129,0.1792693730783261,0.12298712804210746
2024-05-22,2024,UP,discount_zone,0.46742671009771986,0.15002953337271116,0.9616066154754873
2024-05-20,2024,UP,generic_pullback,0.2003257328990228,0.021095875201243546,0.21984122578138013
2024-05-21,2024,UP,generic_pullback,0.4230769230769231,0.07544150425787277,0.11201920329199291
2024-05-22,2024,UP,discount_zone,0.5419354838709678,0.0980507974010632,-0.20318960425280566
2024-05-22,2024,UP,generic_pullback,0.2,-0.04607206142941524,-0.07088009450679268
2024-05-28,2024,UP,discount_zone,0.5233785822021116,0.18429782528566163,-0.015972478191424007
2024-05-24,2024,UP,generic_pullback,0.13423831070889894,-0.037072470700789284,-0.05620664912700311
2024-05-28,2024,UP,generic_pullback,0.8518518518518519,0.009829217348568621,0.06143260842855388
2024-05-29,2024,DOWN,discount_zone,0.48717948717948717,-0.05032396049569101,-0.028936277285022332
2024-05-29,2024,DOWN,generic_pullback,0.8290598290598291,0.14468138642511166,0.12077750518965842
2024-05-30,2024,DOWN,generic_pullback,0.16010165184243966,-0.05945142548304283,-0.11484934468315092
2024-05-31,2024,UP,discount_zone,0.5384615384615384,0.17246253887475263,1.7670342097823015
2024-05-31,2024,UP,generic_pullback,0.705685618729097,0.29403449250777497,2.039864291772689
2024-06-04,2024,DOWN,discount_zone,0.5457142857142857,-0.09092706068392963,0.005271133952691572
2024-06-03,2024,DOWN,generic_pullback,0.26285714285714284,-0.20578147966682997,-0.23937845593896548
2024-06-04,2024,UP,discount_zone,0.4779735682819383,-0.07116030836133623,0.2332476774066021
2024-06-04,2024,UP,generic_pullback,0.43612334801762115,-0.13046056532911643,-0.1686762864861303
2024-06-04,2024,UP,discount_zone,0.5365853658536586,0.3426237069249522,0.6206760229294327
2024-06-04,2024,UP,generic_pullback,0.6195121951219512,0.0961981946366212,0.5416090136390591
2024-06-06,2024,DOWN,discount_zone,0.525,0.21066813644436277,0.13840406638495928
2024-06-06,2024,DOWN,generic_pullback,0.28125,0.028170739175699674,-0.04164370139016473
2024-06-06,2024,DOWN,generic_pullback,0.8333333333333334,0.08451221752709902,0.055116663604629794
2024-06-07,2024,UP,discount_zone,0.5111111111111111,0.12101006359202321,0.10125331851577453
2024-06-07,2024,UP,generic_pullback,0.3422222222222222,0.12718404642835093,0.2210285855405322
2024-06-07,2024,DOWN,discount_zone,0.47737556561085975,0.19139346792615916,0.08643575970858801
2024-06-07,2024,DOWN,generic_pullback,0.39592760180995473,0.16299314687905167,-0.04074828671976292
2024-06-10,2024,UP,discount_zone,0.49137931034482757,0.2122146822948797,-0.22578655151141272
2024-06-10,2024,UP,generic_pullback,0.6206896551724138,0.13818630475015423,-0.12461443553362123
2024-06-11,2024,UP,discount_zone,0.4803921568627451,0.1220703125,0.1123046875
2024-06-11,2024,UP,generic_pullback,0.7647058823529411,0.045166015625,0.19287109375
2024-07-24,2024,UP,discount_zone,0.46715328467153283,-0.14525248586469097,0.013647884577890427
2024-06-12,2024,UP,generic_pullback,0.16002245929253228,0.26197739099228423,0.21053890782941562
2024-06-13,2024,UP,discount_zone,0.45,-0.03649420213079051,0.0
2024-06-13,2024,UP,generic_pullback,0.5823529411764706,0.03649420213079051,-0.11772323267996938
2024-06-14,2024,UP,generic_pullback,0.5824915824915825,0.03479269353435779,0.17512322412293418
2024-06-18,2024,DOWN,discount_zone,0.5316455696202531,-0.04917849558511232,0.07935620878506762
2024-06-18,2024,DOWN,generic_pullback,0.2879746835443038,0.0011176930814798256,-0.11288700122946238
2024-06-18,2024,UP,discount_zone,0.5116279069767442,0.20789091315524755,0.1877724376886107
2024-06-18,2024,UP,generic_pullback,0.6976744186046512,0.29507097351067396,0.2615401810662792
2024-06-19,2024,UP,generic_pullback,0.2816326530612245,0.030076863094575024,0.05346997883480004
2024-06-24,2024,UP,generic_pullback,0.7286432160804021,-0.02656809518308883,-0.15478803280582187
2024-06-24,2024,DOWN,generic_pullback,0.8617021276595744,0.12821993762273304,0.13746101420815524
2024-07-01,2024,UP,discount_zone,0.47417840375586856,0.227234753550543,0.10025062656641603
2024-06-25,2024,UP,generic_pullback,0.5751173708920188,0.1271285281082342,0.3230697457429438
2024-06-26,2024,UP,discount_zone,0.49407114624505927,0.15810276679841898,-0.001145672223176949
2024-06-26,2024,UP,generic_pullback,0.4426877470355731,0.24402818353669015,0.09967348341639456
2024-06-26,2024,DOWN,discount_zone,0.5467980295566502,-0.5739817838116514,-0.40327662255828606
2024-06-26,2024,DOWN,generic_pullback,0.3645320197044335,0.004582688892707796,0.15581142235206508
2024-06-28,2024,UP,discount_zone,0.5331807780320366,0.03854219803888228,-0.17457348523493738
2024-06-28,2024,UP,generic_pullback,0.36384439359267734,-0.02720625743921102,-0.29360086153148557
2024-07-02,2024,DOWN,discount_zone,0.5434298440979956,-0.15563298490127758,-0.3147502903600465
2024-06-28,2024,DOWN,generic_pullback,0.19599109131403117,-0.1451000396757921,0.0793515841976988
2024-07-18,2024,UP,discount_zone,0.5468451242829828,-0.7172282666103306,-0.8355339600718285
2024-07-01,2024,UP,generic_pullback,0.13766730401529637,0.03898635477582846,0.04678362573099415
2024-07-17,2024,UP,discount_zone,0.4807017543859649,-0.0924625468164794,-0.3312265917602996
2024-07-02,2024,UP,generic_pullback,0.3508771929824561,0.31939605110336816,0.3670150987224158
2024-07-17,2024,UP,generic_pullback,0.5979381443298969,-0.5629681647940075,-0.40262172284644193
2024-07-05,2024,UP,discount_zone,0.532258064516129,0.02053915275994865,0.0012836970474967907
2024-07-05,2024,UP,generic_pullback,0.6774193548387096,0.044929396662387676,0.10783055198973042
2024-07-08,2024,UP,discount_zone,0.46511627906976744,0.09619535055805636,-0.03329839057778874
2024-07-08,2024,UP,generic_pullback,0.3333333333333333,0.16155885798853056,0.02219892705185916
2024-07-09,2024,DOWN,discount_zone,0.48120300751879697,0.010064159013712416,0.19373506101396404
2024-07-09,2024,DOWN,generic_pullback,0.8646616541353384,0.10189961001383822,0.08302931186312744
2024-07-10,2024,UP,generic_pullback,0.3706293706293706,0.13426187339230816,0.21331325679151764
2024-07-12,2024,DOWN,discount_zone,0.4686311787072243,-0.3498154088240634,-0.4357562186043697
2024-07-11,2024,DOWN,generic_pullback,0.11596958174904944,-0.16895725633589712,-0.35808851342831927
2024-07-15,2024,UP,discount_zone,0.4667651403249631,0.21014535053411945,0.1564415387309556
2024-07-12,2024,UP,generic_pullback,0.2998522895125554,0.15372511045209708,0.4381770864855051
2024-10-14,2024,DOWN,discount_zone,0.45905707196029777,0.037038795764281304,0.1358089178023648
2024-07-16,2024,DOWN,generic_pullback,0.7642679900744417,0.5914679055011047,0.32972636111268483
2024-07-18,2024,DOWN,discount_zone,0.4670116429495472,-0.17745854019224674,0.48272948135629024
2024-07-17,2024,DOWN,generic_pullback,0.3350582147477361,0.060861423220973786,0.06437265917602997
2024-07-22,2024,DOWN,discount_zone,0.5433376455368694,-0.08151239872329978,-0.22194942302970783
2024-07-18,2024,DOWN,generic_pullback,0.2315653298835705,-0.15633252350269355,-0.08133516425477975
2024-07-19,2024,DOWN,discount_zone,0.5264957264957265,-1.01510812678977,-0.7070208353905401
2024-07-19,2024,DOWN,generic_pullback,0.3487179487179487,0.20637898686679174,-0.14515651229386786
2024-07-22,2024,UP,discount_zone,0.4604758250191865,0.1689172600049104,0.4055978394303953
2024-07-22,2024,UP,generic_pullback,0.1834228702993093,-0.43604222931500125,-0.6275472624601032
2024-07-22,2024,DOWN,generic_pullback,0.7974910394265233,-0.028480235698502332,-0.12177755953842377
2024-07-23,2024,UP,discount_zone,0.5321739130434783,-0.09736624312350908,-0.014604936468526362
2024-07-22,2024,UP,generic_pullback,0.1356521739130435,-0.022587773140191506,0.024551927326295114
2024-07-23,2024,DOWN,discount_zone,0.5186170212765957,0.08081398179251253,0.010710286743586
2024-07-23,2024,DOWN,generic_pullback,0.38563829787234044,-0.05841974587410545,1.6269899225938367
2024-08-01,2024,DOWN,discount_zone,0.501669758812616,0.36512201406014205,0.7699952151348963
2024-07-25,2024,DOWN,generic_pullback,0.11094619666048237,0.19826839826839826,0.3852813852813853
2024-07-25,2024,DOWN,discount_zone,0.4916897506925208,0.04415584415584416,-0.44242424242424244
2024-07-25,2024,DOWN,generic_pullback,0.7146814404432132,0.22597402597402597,-0.24069264069264068
2024-07-26,2024,UP,discount_zone,0.4715447154471545,-0.18111784953286345,0.39911489919685295
2024-07-26,2024,UP,generic_pullback,0.31910569105691056,-0.0729388624815604,-0.23192919193574824
2024-07-30,2024,DOWN,generic_pullback,0.2744140625,0.061513225343448844,-1.1720319868771787
2024-07-31,2024,UP,discount_zone,0.509641873278237,0.11575714623198677,0.35042129301519803
2024-07-31,2024,UP,generic_pullback,0.38016528925619836,0.09134577525789432,-0.16300496102055279
2024-08-13,2024,DOWN,discount_zone,0.4744611059044049,-0.009516508498770783,-0.08564857648893706
2024-08-02,2024,DOWN,generic_pullback,0.10145267104029991,-0.2997419440217032,-0.2884933500959439
2024-08-02,2024,UP,discount_zone,0.5065963060686016,0.13961490107854166,0.20445973665056574
2024-08-02,2024,UP,generic_pullback,0.5725593667546174,-0.0033084099781644943,0.11314762125322571
2024-08-05,2024,UP,discount_zone,0.45714285714285713,-0.0815468416525977,-0.2790430987799828
2024-08-05,2024,UP,generic_pullback,0.42436974789915966,0.1076673143694454,-0.10002229796451438
2024-08-06,2024,DOWN,discount_zone,0.4899135446685879,-0.4178035470668486,-0.584356525693497
2024-08-05,2024,DOWN,generic_pullback,0.8443804034582133,0.2076896123339598,0.2892364539865575
2024-08-08,2024,DOWN,generic_pullback,0.3403816400206292,-0.2592912705272256,-0.45991461721798804
2024-08-08,2024,UP,generic_pullback,0.15422535211267605,0.10738325345066918,-0.011000235719336842
2024-08-09,2024,UP,discount_zone,0.5449591280653951,0.007886228017139403,-0.04205988275807681
2024-08-09,2024,UP,generic_pullback,0.27520435967302453,0.021555689913514368,-0.1214479114639468
2024-09-04,2024,UP,discount_zone,0.4576,-0.00663545545028938,0.3398827736203782
2024-08-14,2024,UP,generic_pullback,0.13333333333333333,-0.23594868888774406,0.0690330225130081
2024-08-14,2024,DOWN,discount_zone,0.5323741007194245,-0.04018340116428829,-0.07263922518159807
2024-08-14,2024,DOWN,generic_pullback,0.7410071942446043,-0.018031013342949875,-0.6125392818504972
2024-08-16,2024,UP,discount_zone,0.5460636515912898,0.16582099701836062,0.00680023016163624
2024-08-15,2024,UP,generic_pullback,0.21775544388609716,0.054774123215187855,0.0723231141482092
2024-08-16,2024,DOWN,discount_zone,0.5274151436031331,-0.04393994873672647,-0.10828058795836167
2024-08-16,2024,DOWN,generic_pullback,0.7650130548302873,0.04603232724799916,-0.021969974368363236
2024-08-26,2024,UP,discount_zone,0.4788732394366197,0.11792918606291437,0.10213006065735647
2024-08-16,2024,UP,generic_pullback,0.6253521126760564,0.06434063922163519,0.1584976722289062
2024-08-19,2024,DOWN,discount_zone,0.5112359550561798,0.008478393344461224,-0.09856132262936174
2024-08-16,2024,DOWN,generic_pullback,0.449438202247191,0.05701731443218078,0.048647800387090025
2024-08-22,2024,UP,discount_zone,0.5239263803680981,0.13808651542905453,-0.10765112019163027
2024-08-20,2024,UP,generic_pullback,0.43803680981595094,0.019128078425121542,-0.01540872984245902
2024-08-21,2024,UP,generic_pullback,0.7982062780269058,0.1061289466702043,0.1777659856725922
2024-08-22,2024,DOWN,discount_zone,0.4537346711259755,0.012963223897421446,0.2970269127800479
2024-08-22,2024,DOWN,generic_pullback,0.6153846153846154,0.2457376356206848,0.3195716499929548
2024-08-23,2024,UP,discount_zone,0.5052083333333334,0.1345329662532285,-0.08685039593562853
2024-08-23,2024,UP,generic_pullback,0.7291666666666666,-0.014758890812590469,-0.22989810688842846
2024-08-23,2024,DOWN,discount_zone,0.5223097112860893,0.14304771095279992,0.2826895240257713
2024-08-23,2024,DOWN,generic_pullback,0.43832020997375326,0.14929185706581896,0.14304771095279992
2024-08-28,2024,DOWN,generic_pullback,0.2348993288590604,0.0063745943439962914,-0.08750579508576728
2024-08-29,2024,UP,generic_pullback,0.16129032258064516,0.037748284849755835,0.06830642020432008
2024-08-30,2024,DOWN,discount_zone,0.5168067226890757,0.04311437991377124,0.2434694395130611
2024-08-30,2024,DOWN,generic_pullback,0.7857142857142857,0.00570631498858737,0.19972102460055793
2024-08-30,2024,UP,discount_zone,0.48148148148148145,0.11159015977681967,0.36837433426325134
2024-08-30,2024,UP,generic_pullback,0.8611111111111112,0.0951052498097895,0.14899822470200355
2024-09-12,2024,DOWN,discount_zone,0.5006045949214026,-0.014876524843796488,0.029009223445403153
2024-09-04,2024,DOWN,generic_pullback,0.12172511084240226,0.19832639068087146,0.1585136579791352
2024-09-05,2024,DOWN,discount_zone,0.5068027210884354,0.015379291783613363,-0.22530662462993578
2024-09-05,2024,DOWN,generic_pullback,0.391156462585034,0.04536891076165942,-0.006920681302626014
2024-09-09,2024,DOWN,discount_zone,0.4693088448525858,0.2793168880455408,0.4144212523719165
2024-09-06,2024,DOWN,generic_pullback,0.13533107781536974,-0.5886541656776644,-0.37898567924677584
2024-09-09,2024,UP,generic_pullback,0.7690217391304348,0.29146110056925995,0.44022770398481975
2025-03-31,2025,UP,discount_zone,0.4558193849746983,0.17692852087756547,0.11828935395814376
2025-03-11,2025,UP,generic_pullback,0.18878941222265472,0.46063651591289784,0.6155778894472362
2024-09-16,2024,DOWN,discount_zone,0.5180722891566265,-0.05634020220730107,-0.0316431272671143
2024-09-16,2024,DOWN,generic_pullback,0.363855421686747,-0.023153507756425096,0.044763448329088525
2024-09-17,2024,UP,discount_zone,0.4557522123893805,-0.11578661071608969,0.014764735594669155
2024-09-16,2024,UP,generic_pullback,0.16592920353982302,0.20529443544030254,0.4036428185536775
2024-09-18,2024,DOWN,discount_zone,0.5493372606774669,-0.015321561267093118,-0.06128624506837247
2024-09-17,2024,DOWN,generic_pullback,0.3696612665684831,-0.19893538485448967,-0.2199168512258616
2024-09-18,2024,UP,discount_zone,0.45652173913043476,-0.05592369862488988,-0.20454284291569313
2024-09-18,2024,UP,generic_pullback,0.26304347826086955,-0.12257249013674494,-0.29800436664496116
2024-10-01,2024,UP,discount_zone,0.488,0.3383714869903379,0.47307861925189426
2024-09-19,2024,UP,generic_pullback,0.2128,0.01432934876880727,0.09351785512274219
2024-09-23,2024,UP,generic_pullback,0.3445121951219512,-0.0726075077660092,-0.1826415659268685
2024-09-24,2024,DOWN,discount_zone,0.516245487364621,0.026395173453996983,-0.2473604826546003
2024-09-23,2024,DOWN,generic_pullback,0.3862815884476534,0.0052397170552790145,0.0336838953553651
2024-09-24,2024,UP,discount_zone,0.48258706467661694,0.038461538461538464,-0.021870286576168928
2024-09-24,2024,UP,generic_pullback,0.2860696517412935,-0.05957767722473605,-0.038461538461538464
2024-09-25,2024,UP,discount_zone,0.48717948717948717,-0.028797696184305256,-0.0053048387707930736
2024-09-25,2024,UP,generic_pullback,0.2400932400932401,-0.02803986207419196,-0.1455041491417529
2024-09-25,2024,DOWN,discount_zone,0.5336658354114713,-0.031071198514645144,-0.01818801864271911
2024-09-25,2024,DOWN,generic_pullback,0.371571072319202,-0.08715092266302907,-0.050017051267477554
2024-09-26,2024,UP,generic_pullback,0.20833333333333334,-0.057850283466388985,0.07713371128851865
2024-09-27,2024,DOWN,discount_zone,0.47474747474747475,0.05744003725840255,0.15446712722192035
2024-09-26,2024,DOWN,generic_pullback,0.397979797979798,0.04242354120868525,0.09873115044930386
2024-09-27,2024,DOWN,discount_zone,0.49516908212560384,0.1040130404408911,-0.010090817356205853
2024-09-27,2024,DOWN,generic_pullback,0.2753623188405797,-0.001552433439416285,-0.00931460063649771
2024-09-30,2024,DOWN,generic_pullback,0.3929471032745592,0.4637497022155166,0.6043039784006988
2024-10-02,2024,UP,discount_zone,0.471563981042654,-0.1470813543741382,-0.2543281752719473
2024-10-02,2024,UP,generic_pullback,0.16350710900473933,-0.10801286961850773,-0.24360349318216637
2024-10-02,2024,DOWN,generic_pullback,0.29393939393939394,-0.043664777079822276,0.026811705224452274
2024-10-03,2024,DOWN,discount_zone,0.487279843444227,-0.22459155957351928,-0.22053756030323915
2024-10-03,2024,DOWN,generic_pullback,0.8767123287671232,0.04135079255685734,-0.10216078161105932
2024-10-03,2024,UP,discount_zone,0.49373433583959897,0.1483763732922528,0.13945757489763652
2024-10-03,2024,UP,generic_pullback,0.8345864661654135,0.14351157416791666,0.21080796205456684
2024-10-03,2024,DOWN,discount_zone,0.4646924829157175,0.0056755989783921846,0.08756638423805084
2024-10-03,2024,DOWN,generic_pullback,0.3895216400911162,-0.0,0.08107998540560263
2024-10-04,2024,UP,generic_pullback,0.7408993576017131,0.01388038375178608,-0.06695243927332109
2024-10-04,2024,DOWN,discount_zone,0.46153846153846156,-0.08328230251071647,0.12329046744233517
2024-10-07,2024,DOWN,generic_pullback,0.7832167832167832,0.067749571463554,-0.05550567300628521
2024-10-07,2024,DOWN,generic_pullback,0.7609756097560976,0.06040323238919272,0.09876744755530162
2024-10-08,2024,UP,discount_zone,0.5478468899521531,0.08855644398589976,0.17367380276846361
2024-10-08,2024,UP,generic_pullback,0.37799043062200954,-0.051586278050038695,0.007737941707505804
2024-10-10,2024,UP,discount_zone,0.45363408521303256,0.15856689808862603,0.08571183680466272
2024-10-09,2024,UP,generic_pullback,0.10150375939849623,-0.040898053082264726,0.021301069313679546
2024-10-10,2024,UP,discount_zone,0.54421768707483,0.11228250621410817,-0.02142795920116568
2024-10-10,2024,UP,generic_pullback,0.2811791383219955,-0.14742435930401987,-0.17228079197737206
2024-10-11,2024,DOWN,discount_zone,0.4968553459119497,-0.02403846153846154,-0.07488905325443787
2024-10-11,2024,DOWN,generic_pullback,0.7075471698113207,0.038831360946745566,-0.0591715976331361
2024-10-11,2024,UP,discount_zone,0.5423728813559322,0.06379437869822485,-0.03513313609467456
2024-10-11,2024,UP,generic_pullback,0.31864406779661014,-0.05177514792899409,0.055473372781065095
2024-10-14,2024,UP,generic_pullback,0.7135135135135136,-0.124412365259509,0.05413362457856498
2024-10-15,2024,DOWN,discount_zone,0.5197657393850659,0.04263988250343488,-0.018951058890415505
2024-10-15,2024,DOWN,generic_pullback,0.39092240117130306,-0.004737764722603876,0.014213294167811627
2024-10-23,2024,UP,discount_zone,0.46208530805687204,-0.1491758814938452,-0.29730857500521596
2024-10-16,2024,UP,generic_pullback,0.14928909952606634,0.4627720504009164,0.35555555555555557
2024-10-18,2024,UP,discount_zone,0.5239520958083832,-0.0770181610725492,0.08652657601977749
2024-10-18,2024,UP,generic_pullback,0.5568862275449101,0.010459256441951127,-0.10649424740895692
2024-10-18,2024,DOWN,discount_zone,0.4714285714285714,-0.013311780926119616,0.0009508414947228297
2024-10-18,2024,DOWN,generic_pullback,0.8714285714285714,0.07606731957782638,0.02852524484168489
2024-10-22,2024,UP,generic_pullback,0.7096774193548387,0.014515292897874546,-0.06117159149818559
2024-10-24,2024,DOWN,discount_zone,0.5355596784168213,-0.05076637703797716,-0.09176998926095871
2024-10-24,2024,DOWN,generic_pullback,0.5769944341372912,-0.09567509518695695,-0.14644147222493412
2024-10-24,2024,UP,discount_zone,0.46265328874024525,-0.005857658888997364,0.16987210778092357
2024-10-24,2024,UP,generic_pullback,0.2831661092530658,-0.0595528653714732,-0.1767060431514205
2024-10-24,2024,UP,discount_zone,0.5286624203821656,-0.03807478277848287,0.6296983305672167
2024-10-24,2024,UP,generic_pullback,0.8089171974522293,-0.023430635555989458,0.044908718148979794
2024-10-25,2024,UP,discount_zone,0.5472972972972973,0.03088572282554548,0.13250971405798545
2024-10-25,2024,UP,generic_pullback,0.10285285285285285,-0.11557238218591212,-0.09963136395337252
2024-10-25,2024,DOWN,generic_pullback,0.5506329113924051,0.03785991830228155,0.41446647404602965
2024-10-28,2024,UP,discount_zone,0.5264227642276422,-0.09450506625097427,-0.0701480904130943
2024-10-28,2024,UP,generic_pullback,0.4349593495934959,-0.16660171473109897,-0.19583008573655494
2024-10-28,2024,DOWN,generic_pullback,0.329700272479564,0.0711223694466095,0.06527669524551831
2024-10-30,2024,UP,discount_zone,0.45396825396825397,0.10024549918166939,-0.0204582651391162
2024-10-30,2024,UP,generic_pullback,0.3238095238095238,0.06853518821603928,-0.11047463175122749
2024-10-30,2024,DOWN,discount_zone,0.527972027972028,-0.0020458265139116204,0.06648936170212766
2024-10-30,2024,DOWN,generic_pullback,0.8846153846153846,0.17900981996726678,0.10229132569558101
2024-11-01,2024,UP,discount_zone,0.4701397712833545,-0.13757690258198904,-0.05134912561158746
2024-11-01,2024,UP,generic_pullback,0.12198221092757307,-0.0009688514266337256,-0.2548079252046698
2024-11-04,2024,DOWN,discount_zone,0.5012531328320802,-0.01082517344880185,0.0216503468976037
2024-11-04,2024,DOWN,generic_pullback,0.40601503759398494,-0.13777493480293265,0.16631402844068296
2024-11-04,2024,UP,discount_zone,0.5,0.5599566993062048,0.6977316341091374
2024-11-04,2024,UP,generic_pullback,0.24367088607594936,-0.12104512129114796,0.43891157801505687
2024-11-05,2024,UP,discount_zone,0.481651376146789,0.10955929526723585,0.29709322410304495
2024-11-05,2024,UP,generic_pullback,0.40825688073394495,0.11153333662340226,0.22898879731530375
2024-11-06,2024,UP,generic_pullback,0.23170731707317074,-0.028788405221621086,-0.050627885044919836
2024-11-08,2024,UP,discount_zone,0.5111940298507462,0.008141112618724558,0.07598371777476255
2024-11-08,2024,UP,generic_pullback,0.7014925373134329,0.018995929443690638,0.06603346901854365
2024-11-08,2024,DOWN,generic_pullback,0.8288288288288288,-0.008141112618724558,-0.05970149253731343
2024-11-08,2024,UP,generic_pullback,0.24568965517241378,0.026232473993668022,0.10764360018091361
2024-11-11,2024,DOWN,discount_zone,0.46368715083798884,0.018336847895846702,0.13477583203447327
2024-11-11,2024,DOWN,generic_pullback,0.6201117318435754,0.06968002200421747,0.1301916200605116
2024-11-11,2024,UP,discount_zone,0.5,0.16136426148345098,0.11185477216466488
2024-11-11,2024,UP,generic_pullback,0.8194444444444444,0.12652425048134225,0.05867791326670945
2024-11-12,2024,DOWN,discount_zone,0.4628099173553719,0.008249690636601126,0.04399835006187268
2024-11-12,2024,DOWN,generic_pullback,0.4214876033057851,0.16407718043906686,0.36573628488931664
2024-11-14,2024,DOWN,generic_pullback,0.2263056092843327,-0.10005663583160279,0.06607513686992637
2024-11-14,2024,DOWN,generic_pullback,0.4229390681003584,-0.14630923164055123,-0.15858032848782327
2024-11-18,2024,DOWN,discount_zone,0.4556013488197827,0.19595092556465948,0.3268738891056488
2024-11-15,2024,DOWN,generic_pullback,0.10977894342450356,-0.19592068524916,-0.41550328900667266
2024-11-19,2024,UP,discount_zone,0.4742268041237113,-0.061988807576409816,0.15841584158415842
2024-11-18,2024,UP,generic_pullback,0.17216494845360825,0.11098105518706378,0.0017340789872978715
2024-11-19,2024,UP,generic_pullback,0.2727272727272727,0.06715454154111063,-0.3857081360309944
2024-11-20,2024,DOWN,discount_zone,0.5159235668789809,0.0017068487305312568,0.05035203755067207
2024-11-20,2024,DOWN,generic_pullback,0.37579617834394907,0.05291231064646896,-0.1356944740772349
2024-11-20,2024,UP,discount_zone,0.4625322997416021,-0.12886707915510986,-0.18775336035843823
2024-11-20,2024,UP,generic_pullback,0.2558139534883721,-0.12459995732878174,-0.20311499893321955
2024-11-22,2024,DOWN,discount_zone,0.5458515283842795,-0.09349000771935843,-0.20928038425250878
2024-11-22,2024,DOWN,generic_pullback,0.8100436681222707,0.015438716871086713,0.006003945449867055
2024-11-22,2024,UP,generic_pullback,0.3684210526315789,0.07547817136975726,0.8053863967750235
2024-11-25,2024,UP,discount_zone,0.5017421602787456,0.015888427928325535,0.022949951452025774
2024-11-25,2024,UP,generic_pullback,0.3623693379790941,-0.08032483008209021,-0.1721246358901933
2024-11-26,2024,UP,discount_zone,0.5348837209302325,0.01797252770764688,-0.17715777311823355
2024-11-26,2024,UP,generic_pullback,0.3612403100775194,-0.009414181180195986,-0.012837519791176344
2024-11-26,2024,DOWN,discount_zone,0.5127118644067796,-0.0581967563866661,0.02396337027686251
2024-11-26,2024,DOWN,generic_pullback,0.7372881355932204,0.025675039582352687,-0.013693354443921434
2024-11-27,2024,DOWN,discount_zone,0.49514563106796117,0.12112234227953991,0.40432206343673754
2024-11-29,2024,UP,discount_zone,0.5390505359877489,0.3072599531615925,0.36533957845433257
2024-11-29,2024,UP,generic_pullback,0.3124042879019908,0.3259953161592506,0.3447306791569087
2025-01-02,2025,UP,discount_zone,0.46554621848739497,-0.15963325283451354,1.0224714502067047
2024-12-02,2024,UP,generic_pullback,0.12605042016806722,-0.061093096480097746,-0.08459044128013535
2024-12-03,2024,DOWN,generic_pullback,0.23015873015873015,-0.003721449504582035,0.050239568311857476
2024-12-03,2024,UP,discount_zone,0.5415384615384615,0.11071312276131554,0.040935944550402385
2024-12-03,2024,UP,generic_pullback,0.44,0.027910871284365264,-0.010233986137600596
2024-12-03,2024,DOWN,discount_zone,0.5289256198347108,-0.034423407917383825,-0.07908080197236825
2024-12-03,2024,DOWN,generic_pullback,0.8925619834710744,-0.030701958412801787,-0.06233427920174909
2024-12-03,2024,UP,discount_zone,0.5408163265306123,0.031632320788947295,0.09210587523840537
2024-12-03,2024,UP,generic_pullback,0.20408163265306123,0.04186630692654789,0.6921896078522585
2024-12-06,2024,UP,generic_pullback,0.26359143327841844,0.015995734470807786,0.06611570247933884
2024-12-06,2024,UP,discount_zone,0.5306122448979592,0.03945614502799254,-0.12583311117035456
2024-12-06,2024,UP,generic_pullback,0.563265306122449,0.08424420154625434,-0.05865102639296188
2024-12-09,2024,DOWN,discount_zone,0.5487465181058496,0.1751166570544749,0.22230378021286637
2024-12-09,2024,DOWN,generic_pullback,0.31754874651810583,-0.0010486027368531432,0.04299271221097887
2024-12-10,2024,DOWN,discount_zone,0.47478991596638653,0.09924780610112828,0.1995403259506895
2024-12-10,2024,DOWN,generic_pullback,0.31092436974789917,-0.0355202674467196,0.0637275386544087
2024-12-13,2024,DOWN,generic_pullback,0.37050359712230213,0.09453206627195382,-0.007960595054480322
2024-12-17,2024,UP,generic_pullback,0.13163972286374134,-0.08371703641691083,0.16743407283382167
2024-12-17,2024,UP,discount_zone,0.5051546391752577,-0.12452909167015487,-0.14545835077438257
2024-12-17,2024,UP,generic_pullback,0.36082474226804123,-0.010464629552113854,-0.11406446211804101
2024-12-18,2024,DOWN,discount_zone,0.4857142857142857,-0.034129692832764506,0.039462457337883956
2024-12-18,2024,DOWN,generic_pullback,0.8571428571428571,0.039462457337883956,0.06079351535836177
2024-12-18,2024,DOWN,discount_zone,0.45925925925925926,-0.022397610921501707,0.8756399317406143
2024-12-18,2024,DOWN,generic_pullback,0.562962962962963,0.04906143344709898,-0.004266211604095563
2024-12-23,2024,UP,discount_zone,0.5156576200417536,0.11742079157809496,0.1518372304889159
2024-12-23,2024,UP,generic_pullback,0.35281837160751567,0.03441643891082093,0.3482133819212471
2024-12-26,2024,UP,generic_pullback,0.6762402088772846,0.09907407407407408,0.23703703703703705
2024-12-26,2024,UP,discount_zone,0.47635135135135137,-0.025925925925925925,-0.08796296296296297
2024-12-26,2024,UP,generic_pullback,0.15202702702702703,-0.06944444444444445,-0.10555555555555556
2024-12-26,2024,DOWN,discount_zone,0.5105263157894737,0.013888888888888888,-0.15
2024-12-26,2024,DOWN,generic_pullback,0.7421052631578947,0.012037037037037037,-0.08888888888888889
2024-12-27,2024,DOWN,discount_zone,0.45006839945280436,-0.29513488586580583,-0.2065944201060641
2024-12-27,2024,DOWN,generic_pullback,0.6826265389876881,0.3513949734839751,0.40765506110214433
2024-12-30,2024,UP,generic_pullback,0.27884615384615385,0.07300875225403528,-0.3843954787351014
2025-01-03,2025,DOWN,generic_pullback,0.387434554973822,-0.06745496389175462,-0.12459328624712325
2025-01-02,2025,UP,generic_pullback,0.7967479674796748,0.2447709876795874,0.0859563669108919
2025-01-02,2025,DOWN,discount_zone,0.4696969696969697,-0.17273136588760182,-0.3069870246817568
2025-01-02,2025,DOWN,generic_pullback,0.2606060606060606,-0.36347263722320006,-0.4281445704228235
2025-01-08,2025,UP,discount_zone,0.5176136363636363,0.2641885636972157,0.37812433240760523
2025-01-03,2025,UP,generic_pullback,0.20681818181818182,0.34441710975319423,0.28331084834536946
2025-01-07,2025,DOWN,discount_zone,0.4806201550387597,0.042747862606869656,0.09824508774561272
2025-01-07,2025,DOWN,generic_pullback,0.8031007751937984,0.11549422528873556,0.2564871756412179
2025-01-08,2025,DOWN,discount_zone,0.5413929040735874,0.3888058107242042,0.07192195399843339
2025-01-08,2025,DOWN,generic_pullback,0.4296977660972405,-0.14028341522466709,0.413017161575162
2025-01-10,2025,DOWN,discount_zone,0.4866898148148148,-0.16613868356212602,0.037310806054206266
2025-01-10,2025,DOWN,generic_pullback,0.11689814814814815,0.10841253079901443,-0.042238648363252376
2025-01-13,2025,DOWN,discount_zone,0.474400518470512,-0.03757087232734476,0.022542523396406857
2025-01-13,2025,DOWN,generic_pullback,0.4225534672715489,0.17692465332331442,0.13525514037844114
2025-01-14,2025,UP,discount_zone,0.4874715261958998,1.3817030450013472,1.6053624360010779
2025-01-13,2025,UP,generic_pullback,0.5603644646924829,-0.014345242161349818,0.021176309857230683
2025-01-14,2025,DOWN,discount_zone,0.45121951219512196,-0.8939638911344651,-1.2153058474804634
2025-01-14,2025,DOWN,generic_pullback,0.8195121951219512,0.04176771759633522,0.36984640258690377
2025-01-16,2025,UP,discount_zone,0.4942528735632184,-0.04545309049006114,-0.06273806856374636
2025-01-16,2025,UP,generic_pullback,0.7172413793103448,0.16836849012515606,-0.09090618098012228
2025-01-16,2025,DOWN,discount_zone,0.4900990099009901,0.023046637431580294,0.26695688358247177
2025-01-16,2025,DOWN,generic_pullback,0.7524752475247525,-0.02368682180467975,0.17220959636375277
2025-01-17,2025,UP,generic_pullback,0.21161048689138576,0.045521574661793934,0.13528242610758479
2025-01-21,2025,UP,generic_pullback,0.2583941605839416,-0.04138510782760516,0.5671053057001519
2025-01-22,2025,UP,generic_pullback,0.10047095761381476,-0.07126289959326364,-0.08538102121079699
2025-01-22,2025,DOWN,discount_zone,0.5449438202247191,0.31261555010252445,0.3953074052909341
2025-01-22,2025,DOWN,generic_pullback,0.39325842696629215,0.017479579145517496,-0.010084372583952401
2025-01-24,2025,UP,discount_zone,0.485,-0.20560414063894342,-0.15063358914867037
2025-01-23,2025,UP,generic_pullback,0.84,0.10506111728457421,0.1272855844024649
2025-01-24,2025,UP,discount_zone,0.473015873015873,-0.03640906657147956,-0.16705336426914152
2025-01-24,2025,UP,generic_pullback,0.43492063492063493,-0.0028556130644297696,0.09352132786007496
2025-01-31,2025,DOWN,discount_zone,0.5166340508806262,-0.0020674683849626133,-0.05030839736742359
2025-01-24,2025,DOWN,generic_pullback,0.22113502935420742,1.61342138140282,1.600571122612886
2025-01-27,2025,DOWN,discount_zone,0.47338403041825095,0.2638637187386734,-0.03334541500543675
2025-01-27,2025,DOWN,generic_pullback,0.2718631178707224,-0.14063066328379847,-0.057267125770206595
2025-01-28,2025,UP,generic_pullback,0.7789473684210526,0.47910193444923327,0.6301159333132873
2025-01-28,2025,UP,generic_pullback,0.1069182389937107,-0.04410143329658214,0.17239651197754838
2025-01-29,2025,DOWN,discount_zone,0.4785714285714286,-0.018198362147406732,0.15232703130792302
2025-01-29,2025,DOWN,generic_pullback,0.3482142857142857,-0.11121221312304114,-0.1294105752704479
2025-01-30,2025,UP,generic_pullback,0.25696969696969696,-0.32801540365836884,-0.07357997524412048
2025-01-30,2025,DOWN,discount_zone,0.4511494252873563,-0.08458258836473662,-0.08045660844450557
2025-01-30,2025,DOWN,generic_pullback,0.6350574712643678,0.005501306560308073,-0.03644615596204098
2025-01-30,2025,UP,discount_zone,0.45408163265306123,0.07839361848439004,0.11071379452619996
2025-01-30,2025,UP,generic_pullback,0.8010204081632653,0.10314949800577637,0.1815431164901664
2025-01-31,2025,UP,discount_zone,0.5282051282051282,-0.23155645911581269,-0.32941662933737637
2025-01-31,2025,UP,generic_pullback,0.183974358974359,0.048240928982460976,0.03170118190276007
2025-02-04,2025,DOWN,discount_zone,0.54185927067283,-0.16513572092063167,-0.19403447208174218
2025-02-03,2025,DOWN,generic_pullback,0.26605033384694404,-0.009022452024846445,-0.02776139084568137
2025-02-03,2025,UP,discount_zone,0.46956521739130436,-0.07911996391019191,-0.11867994586528786
2025-02-03,2025,UP,generic_pullback,0.7956521739130434,-0.09577679841760073,-0.08814241593503835
2025-02-24,2025,UP,discount_zone,0.5324074074074074,0.20344162110003217,0.3859761981344484
2025-02-04,2025,UP,generic_pullback,0.5763888888888888,0.3619224550177177,0.43829772594350985
2025-02-07,2025,UP,discount_zone,0.5432300163132137,-0.1948833984161162,-0.27298273785628263
2025-02-05,2025,UP,generic_pullback,0.1402936378466558,-0.006262612205135343,0.05010089764108274
2025-02-06,2025,UP,generic_pullback,0.10256410256410256,0.005732301519059903,0.5588993981083406
2025-02-07,2025,DOWN,discount_zone,0.47244094488188976,0.19415349804751653,0.34086347213605345
2025-02-07,2025,DOWN,generic_pullback,0.16377952755905512,0.1576584796175322,0.0897777453377614
2025-02-10,2025,UP,generic_pullback,0.3581267217630854,-0.03587115666178624,-0.008784773060029283
2025-02-11,2025,DOWN,discount_zone,0.5074626865671642,0.015390816812635127,0.24185569276998056
2025-02-11,2025,DOWN,generic_pullback,0.845771144278607,0.052035618747480666,0.14731210377807907
2025-02-12,2025,DOWN,discount_zone,0.5317460317460317,-0.007531538316701186,-0.07079646017699115
2025-02-11,2025,DOWN,generic_pullback,0.28835978835978837,-0.1824911136355308,-0.10333834145626443
2025-02-21,2025,UP,discount_zone,0.46320346320346323,-0.27480401247576497,-0.2705892270083453
2025-02-12,2025,UP,generic_pullback,0.3268398268398268,0.18979476558086988,0.4925626059122576
2025-02-21,2025,UP,discount_zone,0.48872180451127817,-0.2579448706060862,-0.4442383882660373
2025-02-13,2025,UP,generic_pullback,0.12781954887218044,-0.06993562743383931,-0.0651672891997139
2025-02-13,2025,DOWN,discount_zone,0.45038167938931295,-0.2026543749503298,-0.27100055630612735
2025-02-13,2025,DOWN,generic_pullback,0.7404580152671756,0.1279504092823651,0.04529921322419137
2025-02-20,2025,UP,discount_zone,0.5241935483870968,-0.2501839587932303,-0.122062069861057
2025-02-14,2025,UP,generic_pullback,0.17096774193548386,-0.052192479538175636,-0.07512553872919221
2025-02-18,2025,UP,discount_zone,0.5252525252525253,-0.12160317657277579,-0.0173718823675394
2025-02-14,2025,UP,generic_pullback,0.8585858585858586,0.11071132023249378,0.16053141433711599
2025-02-20,2025,DOWN,discount_zone,0.4543589743589744,0.07791195948578106,0.07531489416958836
2025-02-20,2025,DOWN,generic_pullback,0.3128205128205128,-0.025104964723196118,-0.18006319525602735
2025-02-20,2025,UP,generic_pullback,0.31648936170212766,0.05453837164004674,0.002597065316192702
2025-02-21,2025,DOWN,discount_zone,0.5269709543568465,0.23097024361460003,0.37764477788080586
2025-02-21,2025,DOWN,generic_pullback,0.4315352697095436,0.17449211835117592,0.35319902216977156
2025-02-24,2025,UP,discount_zone,0.4530046224961479,-0.08925699581859119,-0.6577677709874559
2025-02-24,2025,UP,generic_pullback,0.6255778120184899,-0.7711482791894501,-1.3292055323255068
2025-02-26,2025,DOWN,discount_zone,0.4639048400328138,0.06027164685908319,-0.17232597623089982
2025-02-25,2025,DOWN,generic_pullback,0.10582444626743231,-0.1924653691796487,-0.2649635351486644
2025-02-27,2025,DOWN,discount_zone,0.48657187993680884,0.3218409972068204,0.26264226455997003
2025-02-26,2025,DOWN,generic_pullback,0.18641390205371247,0.36587436332767403,-0.038200339558573854
2025-02-28,2025,DOWN,generic_pullback,0.2132112491824722,-0.13188548864758143,-0.025271470878578478
2025-03-03,2025,UP,discount_zone,0.5237831858407079,-0.0008014104824491105,-0.8807501202115724
2025-03-03,2025,UP,generic_pullback,0.18141592920353983,-0.21718224074370893,-0.4447828177592563
2025-03-04,2025,DOWN,generic_pullback,0.24202334630350195,-0.20299475146650203,-0.4816301327570238
2025-03-05,2025,UP,discount_zone,0.47680412371134023,-0.037533117456579335,-0.373123344127171
2025-03-05,2025,UP,generic_pullback,0.2029639175257732,-0.09125699146305565,-0.38342655284074184
2025-03-05,2025,DOWN,discount_zone,0.4851351351351351,-0.37238740064763026,-0.4489255225198705
2025-03-05,2025,DOWN,generic_pullback,0.6283783783783784,0.337798057109214,0.5217839269944069
2025-03-07,2025,DOWN,discount_zone,0.4815019326339039,0.2128356254092993,0.3117223313686968
2025-03-07,2025,DOWN,generic_pullback,0.22584207620099392,-0.20956123117223313,0.43680419122462344
2025-03-12,2025,DOWN,discount_zone,0.4885670731707317,0.08071955719557194,0.3470940959409594
2025-03-10,2025,DOWN,generic_pullback,0.39253048780487804,0.2540729247478666,0.3335919317300233
2025-03-11,2025,DOWN,discount_zone,0.49079754601226994,-0.04965302703996172,-0.0849485522852357
2025-03-11,2025,DOWN,generic_pullback,0.6809815950920245,0.27159607561617616,-0.05025125628140704
2025-03-11,2025,UP,discount_zone,0.4512820512820513,-0.0191433357262503,-0.10528834649437666
2025-03-11,2025,UP,generic_pullback,0.2987179487179487,0.08016271835367313,-0.24766690595836327
2025-03-14,2025,DOWN,discount_zone,0.47956403269754766,-0.021196485845767676,-0.10542462696973923
2025-03-12,2025,DOWN,generic_pullback,0.3678474114441417,0.6422970479704797,0.3920664206642066
2025-03-14,2025,UP,discount_zone,0.4667207792207792,0.1422395760702831,0.29898201087714404
2025-03-14,2025,UP,generic_pullback,0.3189935064935065,0.14614419188397712,0.3274299260912007
2025-03-18,2025,DOWN,discount_zone,0.4757085020242915,0.04162166433971708,-0.2871367982929849
2025-03-18,2025,DOWN,generic_pullback,0.3319838056680162,0.027923395063354495,0.010010273701957272
2025-03-18,2025,UP,discount_zone,0.5311653116531165,-0.07955533310502885,-0.008956560680698613
2025-03-18,2025,UP,generic_pullback,0.4092140921409214,-0.08166275914754617,0.05584679012670899
2025-03-19,2025,UP,discount_zone,0.5284280936454849,0.14017979582508,0.39666819036009954
2025-03-19,2025,UP,generic_pullback,0.29431438127090304,0.04926608766316217,0.1168164965209
2025-03-26,2025,UP,discount_zone,0.4607438016528926,-0.07713416895349699,-0.01730574303443843
2025-03-24,2025,UP,generic_pullback,0.3347107438016529,0.02419573858726514,0.015307508085820803
2025-03-25,2025,UP,discount_zone,0.5087719298245614,-0.008701326952360235,0.03045464433326082
2025-03-25,2025,UP,generic_pullback,0.24060150375939848,-0.03818915717980325,0.053658182872888115
2025-03-25,2025,DOWN,discount_zone,0.536697247706422,-0.016435839798902667,0.21173228917409903
2025-03-25,2025,DOWN,generic_pullback,0.8256880733944955,0.012568583375631449,-0.020786503275082784
2025-03-27,2025,DOWN,discount_zone,0.45180722891566266,0.3826984246249405,0.741352969168733
2025-03-27,2025,DOWN,generic_pullback,0.6224899598393574,-0.06061061437122749,0.39622310717058634
2025-04-02,2025,DOWN,discount_zone,0.5174934725848565,-0.10754064780437844,-0.21661759057739086
2025-03-28,2025,DOWN,generic_pullback,0.11697127937336814,0.05910284906041625,0.023742170135380887
2025-03-31,2025,DOWN,discount_zone,0.5047619047619047,0.052067536143969265,0.05257304620361945
2025-03-31,2025,DOWN,generic_pullback,0.23585434173669467,-0.005560610656152058,-0.1991709635021737
2025-04-01,2025,DOWN,generic_pullback,0.8601823708206687,0.16722905915045652,0.18608574831282254
2025-04-02,2025,UP,discount_zone,0.47518610421836227,0.012290359749071823,-0.09832287799257458
2025-04-02,2025,UP,generic_pullback,0.7816377171215881,0.04608884905901933,-1.4308027141211113
2025-04-24,2025,DOWN,discount_zone,0.46506364922206506,-0.04588105972503226,-0.06436093100317025
2025-04-03,2025,DOWN,generic_pullback,0.11994342291371994,0.19525228650703935,0.24971739800637138
2025-04-04,2025,DOWN,discount_zone,0.4950980392156863,0.3495451968348658,0.41067863041388325
2025-04-04,2025,DOWN,generic_pullback,0.31932773109243695,-0.06803559543471295,0.10156038159094831
2025-04-07,2025,DOWN,discount_zone,0.4777015437392796,-0.588606264452386,-0.34148506294816994
2025-04-07,2025,DOWN,generic_pullback,0.7671526586620926,-0.45780487235185574,-0.01494873052577488
2025-04-07,2025,UP,discount_zone,0.47768206734534063,0.3765211501179548,0.440987550510359
2025-04-07,2025,UP,generic_pullback,0.7924823805794832,-0.19993927078223903,0.06353210473454324
2025-04-07,2025,DOWN,discount_zone,0.4736159169550173,-1.460771261065564,-1.5266391049447596
2025-04-07,2025,DOWN,generic_pullback,0.24610726643598616,-0.2634713755167823,-0.12753135729801696
2025-04-08,2025,UP,discount_zone,0.46767617938264416,-0.3984935513055188,0.014307054640324855
2025-04-08,2025,UP,generic_pullback,0.250436808386721,0.1767342043804835,-0.08415914494308739
2025-04-09,2025,DOWN,discount_zone,0.4959813326419497,-1.631866766094954,-2.1484795757726407
2025-04-09,2025,DOWN,generic_pullback,0.3279751101892663,0.10729969342944734,0.200927997348579
2025-04-09,2025,UP,discount_zone,0.4609053497942387,-0.050542712735106465,0.10398541718452232
2025-04-09,2025,UP,generic_pullback,0.7191358024691358,-0.09362830391913166,0.009942828734775042
2025-04-10,2025,UP,discount_zone,0.5,-0.027775205999444497,-0.017405795759651885
2025-04-09,2025,UP,generic_pullback,0.12702933637140415,-0.2759134973900074,-0.34219902228850774
2025-04-11,2025,DOWN,discount_zone,0.5498376217836622,-0.14090693465924065,0.08327916088339161
2025-04-10,2025,DOWN,generic_pullback,0.31701224081938545,-0.09554670863808906,-0.23886677159522265
2025-04-11,2025,UP,discount_zone,0.4867292772560229,0.16199026652845372,0.20485970799585362
2025-04-11,2025,UP,generic_pullback,0.4467129440587995,0.11209304777131614,-0.07554860586468015
2025-04-16,2025,UP,discount_zone,0.488135593220339,-0.08817607442893842,-0.04408803721446921
2025-04-11,2025,UP,generic_pullback,0.19830508474576272,0.07027777289737688,0.44345274698244813
2025-04-14,2025,DOWN,discount_zone,0.4919594997022037,-0.11426779773206293,-0.18150464212928288
2025-04-14,2025,DOWN,generic_pullback,0.35080405002977966,-0.10555836192931423,-0.1860335487467122
2025-04-15,2025,UP,discount_zone,0.46677215189873417,-0.08083739247590424,-0.07427367257401458
2025-04-15,2025,UP,generic_pullback,0.24604430379746836,-0.05078246450409369,-0.003800048364251909
2025-04-15,2025,DOWN,discount_zone,0.5474006116207951,0.07600096728503818,0.10640135419905344
2025-04-15,2025,DOWN,generic_pullback,0.6391437308868502,0.015891111341417075,-0.02798217431858224
2025-04-15,2025,DOWN,discount_zone,0.4870689655172414,0.5682799599267627,0.48882440321967735
2025-04-17,2025,DOWN,discount_zone,0.4991394148020654,0.16927878417803105,0.03935138069068458
2025-04-17,2025,DOWN,generic_pullback,0.35972461273666095,0.058009362914716055,-0.04749304566117104
2025-04-21,2025,DOWN,generic_pullback,0.12733644859813084,0.11128558749231925,0.1659042807400833
2025-04-22,2025,UP,discount_zone,0.5251432208784214,0.06774005172269959,0.037040126804037704
2025-04-22,2025,UP,generic_pullback,0.12985359643539146,-0.23892550262784684,-0.23091682656210896
2025-04-23,2025,UP,generic_pullback,0.12009803921568628,-0.15369228204700783,-0.07901316886147691
2025-04-23,2025,DOWN,discount_zone,0.5423387096774194,0.034005667611268546,-0.262710451741957
2025-04-23,2025,DOWN,generic_pullback,0.6532258064516129,-0.06701116852808801,-0.035672612102017005
2025-04-30,2025,UP,discount_zone,0.5311475409836065,0.07838910391455588,0.15220551010076266
2025-04-24,2025,UP,generic_pullback,0.2098360655737705,0.04269487502190502,0.08857593474693727
2025-04-28,2025,UP,discount_zone,0.5082781456953642,-0.024977077998039773,-0.04805716273040564
2025-04-25,2025,UP,generic_pullback,0.37251655629139074,-0.018405978769655523,0.022531456769750727
2025-04-28,2025,UP,discount_zone,0.525974025974026,-0.11192260267476051,-0.19064782320022763
2025-04-25,2025,UP,generic_pullback,0.3233766233766234,0.05680465861669549,0.061247481078336476
2025-04-29,2025,DOWN,discount_zone,0.5136986301369864,-0.19520365926331557,-0.18908341252073638
2025-04-28,2025,DOWN,generic_pullback,0.18356164383561643,-0.055645135793101264,-0.0935850011065794
2025-04-29,2025,UP,discount_zone,0.4929718875502008,0.062490940424229736,0.21227592649261545
2025-04-29,2025,UP,generic_pullback,0.12248995983935743,-0.0650678864211052,-0.12143858010275572
2025-04-30,2025,UP,discount_zone,0.48523985239852396,0.1254225662632894,0.16135090555746084
2025-04-30,2025,UP,generic_pullback,0.7250922509225092,0.11301095814348472,0.1848676367318276
2025-04-30,2025,UP,discount_zone,0.5095785440613027,0.4778469126124802,0.6280926951153789
2025-05-01,2025,UP,discount_zone,0.5291005291005291,-0.0339097999321804,0.04295241324742851
2025-05-01,2025,UP,generic_pullback,0.25396825396825395,-0.018085226630496214,0.01840817710604079
2025-05-02,2025,UP,generic_pullback,0.21560283687943263,0.03544842254519674,0.06348490219457961
2025-05-08,2025,UP,generic_pullback,0.27017841971113,0.02398749223619113,0.377374654644364
2025-05-09,2025,UP,discount_zone,0.4885145482388974,0.0019546043147890247,-0.2624056292604266
2025-05-08,2025,UP,generic_pullback,0.26033690658499237,-0.025700884538776208,0.039836371035103124
2025-05-08,2025,DOWN,generic_pullback,0.6627218934911243,0.07795934976762116,0.16148722451864383
2025-05-09,2025,DOWN,discount_zone,0.4789325842696629,-1.2089227686970119,-1.1199882723741112
2025-05-09,2025,DOWN,generic_pullback,0.2949438202247191,0.058149478364973486,0.04153534168926678
2025-05-09,2025,UP,generic_pullback,0.6666666666666666,1.2973686139412153,1.2768452686359304
2025-05-23,2025,UP,discount_zone,0.48787446504992865,0.2748848742472547,0.13885936946510805
2025-05-12,2025,UP,generic_pullback,0.1754636233951498,-0.017656973166751383,0.23649642847588218
2025-05-21,2025,UP,discount_zone,0.5167243367935409,-0.12806760929627825,-0.18917601170160897
2025-05-13,2025,UP,generic_pullback,0.18223760092272204,0.03834234991333578,0.007878565050685436
2025-05-15,2025,UP,discount_zone,0.45714285714285713,0.008035355564483728,0.09213874380608009
2025-05-15,2025,UP,generic_pullback,0.39085714285714285,-0.03589125485469399,0.013392259274139548
2025-05-16,2025,DOWN,discount_zone,0.5292397660818714,0.2197488584474886,0.06107305936073059
2025-05-16,2025,DOWN,generic_pullback,0.6783625730994152,0.12557077625570776,0.12385844748858447
2025-05-19,2025,DOWN,generic_pullback,0.6763848396501457,-0.07146592295624891,-0.07553308930335251
2025-05-19,2025,UP,generic_pullback,0.43846153846153846,0.07843820812271222,-0.07553308930335251
2025-05-19,2025,DOWN,generic_pullback,0.8145695364238411,0.13770263203765035,0.1946429608971007
2025-05-20,2025,UP,discount_zone,0.5136186770428015,0.10764392839864538,0.08829221093372037
2025-05-20,2025,UP,generic_pullback,0.867704280155642,0.0006047411707789066,0.10824866956942429
2025-05-22,2025,DOWN,discount_zone,0.5425038639876353,-0.08321680706660756,-0.19985675795504929
2025-05-21,2025,DOWN,generic_pullback,0.7202472952086554,0.3620997887209491,0.04290589956118966
2025-05-23,2025,DOWN,generic_pullback,0.8944444444444445,0.12681544456252214,-0.006376195536663124
2025-05-23,2025,UP,generic_pullback,0.5742092457420924,0.1246900460503011,0.1785334750265675
2025-05-29,2025,UP,discount_zone,0.5310173697270472,0.059360391778585736,0.07420048972323218
2025-05-27,2025,UP,generic_pullback,0.1662531017369727,0.13263623285027545,0.06666900593003262
2025-05-29,2025,DOWN,generic_pullback,0.75,0.13430288639905022,0.35096831639088816
2025-05-29,2025,DOWN,generic_pullback,0.6666666666666666,0.2567336944423833,-0.03784224975884841
2025-05-30,2025,DOWN,generic_pullback,0.18822170900692842,-0.17740572920666617,-0.2780124414407496
2025-06-02,2025,UP,generic_pullback,0.27219512195121953,0.09669559920816201,0.09441145119537078
2025-06-03,2025,UP,generic_pullback,0.2228298017771702,0.11874342401923944,0.2735607996392605
2025-06-04,2025,UP,discount_zone,0.46779661016949153,-0.01919975424314569,-0.020735734582597344
2025-06-04,2025,UP,generic_pullback,0.7966101694915254,0.12057445664695493,0.05068735120190462
2025-06-05,2025,DOWN,generic_pullback,0.2862706913339825,-0.5225168680370312,-0.49584183273183746
2025-06-06,2025,UP,discount_zone,0.4592833876221498,0.11406538677805446,0.020885211663587436
2025-06-06,2025,UP,generic_pullback,0.21389793702497287,0.09960639408787854,-0.07952445979596755
2025-06-06,2025,DOWN,generic_pullback,0.8411214953271028,0.11647521889308378,0.07711462768093823
2025-06-10,2025,DOWN,generic_pullback,0.7770700636942676,0.031973000577290286,0.1882854478440428
2025-06-12,2025,DOWN,discount_zone,0.4855072463768116,-0.22734420631711375,-0.2740710787617379
2025-06-12,2025,DOWN,generic_pullback,0.6280193236714976,-0.14916655434245407,-0.2237498315136811
2025-06-12,2025,UP,generic_pullback,0.41788321167883213,0.10154108819697175,0.05750999685492205
2025-06-12,2025,DOWN,generic_pullback,0.3973509933774834,0.7377454284045469,1.109763220559824
2025-06-17,2025,UP,discount_zone,0.523943661971831,-0.13302772909082738,0.029661588243225026
2025-06-16,2025,UP,generic_pullback,0.20985915492957746,-0.02950511869104564,-0.02771692967946712
2025-06-16,2025,DOWN,discount_zone,0.5032258064516129,-0.025928740667888594,-0.0071527560463140955
2025-06-16,2025,DOWN,generic_pullback,0.6903225806451613,0.04470472528946309,0.07242165496893022
2025-06-17,2025,DOWN,discount_zone,0.4930555555555556,-0.0781987326412296,0.10696148487708418
2025-06-17,2025,DOWN,generic_pullback,0.2986111111111111,-0.055727832456968225,-0.006291852051593187
2025-06-18,2025,UP,discount_zone,0.4899328859060403,-0.05329306746014123,0.010658613492028245
2025-06-18,2025,UP,generic_pullback,0.1929530201342282,-0.012435049074032953,-0.08171603677221656
2025-06-19,2025,DOWN,generic_pullback,0.13128930817610063,-0.16375901372412188,-0.12468015817632007
2025-06-19,2025,UP,discount_zone,0.49586776859504134,0.05117469178878809,1.4161432891370087
2025-06-19,2025,UP,generic_pullback,0.6487603305785123,0.05861828332170272,1.3872993719469644
2025-06-23,2025,UP,discount_zone,0.46378269617706236,0.3521897810218978,0.916970802919708
2025-06-23,2025,UP,generic_pullback,0.10814889336016097,-0.18248175182481752,-0.013686131386861315
2025-07-01,2025,UP,discount_zone,0.5111821086261981,-0.000931098696461825,0.06797020484171322
2025-06-27,2025,UP,generic_pullback,0.329073482428115,-0.11340480198458402,0.45982103304686806
2025-06-30,2025,UP,discount_zone,0.47738693467336685,-0.017307341956640555,-0.0018218254691200583
2025-06-30,2025,UP,generic_pullback,0.7035175879396985,-0.02004008016032064,0.08835853525232283
2025-07-01,2025,DOWN,discount_zone,0.5029377203290247,-0.09124767225325885,-0.1564245810055866
2025-07-01,2025,DOWN,generic_pullback,0.34782608695652173,-0.09217877094972067,-0.15176908752327747
2025-07-02,2025,UP,discount_zone,0.4660831509846827,0.18329748433554663,0.3927803235761713
2025-07-01,2025,UP,generic_pullback,0.20350109409190373,-0.164804469273743,-0.08845437616387337
2025-07-02,2025,UP,generic_pullback,0.2113676731793961,0.04862994482371645,-0.0028055737398297955
2025-07-04,2025,UP,discount_zone,0.5461465271170314,-0.027695716395864104,-0.034158050221565726
2025-07-03,2025,UP,generic_pullback,0.12940057088487156,-0.49955228804373436,-0.5278288326499835
2025-07-07,2025,DOWN,generic_pullback,0.29769736842105265,-0.018068565451000905,0.02852931387000143
2025-07-07,2025,DOWN,discount_zone,0.49528301886792453,-0.04469592506300224,0.16927392896200846
2025-07-07,2025,DOWN,generic_pullback,0.5849056603773585,0.005705862774000286,0.3280871095050164
2025-07-08,2025,UP,discount_zone,0.5,-0.015407578602725215,0.10303818190572488
2025-07-08,2025,UP,generic_pullback,0.8173913043478261,0.08570465597765901,0.059704367085560206
2025-07-09,2025,UP,discount_zone,0.5298804780876494,0.11214772562478853,0.12954995891139365
2025-07-09,2025,UP,generic_pullback,0.1952191235059761,0.04930632764538116,0.08797795717117031
2025-07-10,2025,UP,generic_pullback,0.21575342465753425,-0.04851542790607414,0.06598098195226082
2025-07-11,2025,DOWN,discount_zone,0.47883597883597884,-0.0779823305858546,-0.14115788954148364
2025-07-11,2025,DOWN,generic_pullback,0.6084656084656085,0.14313212575884704,0.04540743299935838
2025-07-11,2025,UP,discount_zone,0.495,0.036523370021223044,-0.029613543260451115
2025-07-11,2025,UP,generic_pullback,0.77,0.14017077143280193,0.03948472434726815
2025-07-11,2025,DOWN,discount_zone,0.48295454545454547,0.48566210947139826,0.12536399980257637
2025-07-11,2025,DOWN,generic_pullback,0.8068181818181818,0.20926903904052122,0.20334633038843097
2025-07-16,2025,UP,discount_zone,0.5381818181818182,-0.4960389375032362,-0.15015792471392328
2025-07-14,2025,UP,generic_pullback,0.1290909090909091,-0.005911330049261084,0.42758620689655175
2025-07-15,2025,DOWN,discount_zone,0.47191011235955055,0.1943116033224264,0.7369745784042285
2025-07-15,2025,DOWN,generic_pullback,0.8426966292134831,0.03121067203624465,0.13390385099421093
2025-07-16,2025,UP,generic_pullback,0.3285302593659942,0.1211619116657174,0.14601563713560814
2025-07-18,2025,UP,discount_zone,0.45318352059925093,-0.017506822511714124,0.10504093507028475
2025-07-17,2025,UP,generic_pullback,0.11610486891385768,0.07109370975220236,-0.010303436195971356
2025-07-22,2025,UP,discount_zone,0.5464414957780458,-0.6021855382469193,-0.43478260869565216
2025-07-21,2025,UP,generic_pullback,0.13872135102533173,0.00857449088960343,0.1157556270096463
2025-07-23,2025,DOWN,discount_zone,0.4552752293577982,0.23275344931013797,0.14157168566286743
2025-07-22,2025,DOWN,generic_pullback,0.15022935779816513,-0.019762845849802372,0.016275284817484303
2025-07-23,2025,UP,discount_zone,0.47844827586206895,0.055188962207558485,0.1367726454709058
2025-07-23,2025,UP,generic_pullback,0.41379310344827586,-0.020395920815836834,0.16796640671865626
2025-07-25,2025,UP,generic_pullback,0.2076923076923077,0.023227383863080684,0.039119804400977995
2025-07-29,2025,UP,discount_zone,0.5060240963855421,0.003851338340073175,0.15662109249630912
2025-07-28,2025,UP,generic_pullback,0.20080321285140562,-0.06977323697981559,-0.10590580613007725
2025-07-28,2025,DOWN,discount_zone,0.5420560747663551,0.08846249688512335,0.034886618489907796
2025-07-28,2025,DOWN,generic_pullback,0.616822429906542,-0.0523299277348617,-0.0049838026414154
2025-07-29,2025,UP,discount_zone,0.48088531187122735,-0.3260799794595288,-0.1232428268823416
2025-07-29,2025,UP,generic_pullback,0.1750503018108652,-0.2567558893382117,-0.4865524102959111
2025-07-29,2025,DOWN,discount_zone,0.5176470588235295,0.08858078182168302,0.09499967905513833
2025-07-29,2025,DOWN,generic_pullback,0.21372549019607842,-0.2695936838051223,-0.18101290198343922
2025-07-29,2025,UP,discount_zone,0.48130841121495327,-0.05135117786764234,-0.006418897233455292
2025-07-29,2025,UP,generic_pullback,0.37383177570093457,0.005135117786764233,-0.042364721740804925
2025-07-31,2025,DOWN,discount_zone,0.528023598820059,0.31187318020058236,0.8049175024263993
2025-07-31,2025,DOWN,generic_pullback,0.415929203539823,0.23681656421869945,0.6289226787447428
2025-07-31,2025,DOWN,discount_zone,0.4671717171717172,2.806858621805241,2.361695244257522
2025-07-31,2025,DOWN,generic_pullback,0.42676767676767674,2.6968618570042056,2.164995147201553
2025-08-20,2025,UP,discount_zone,0.5091154625253207,0.6462486757199268,0.440142540691515
2025-08-05,2025,UP,generic_pullback,0.23024983119513842,0.03940781765896262,-0.03621258920012781
2025-08-04,2025,UP,discount_zone,0.5447154471544715,0.46981363687088495,0.07588438790313581
2025-08-04,2025,UP,generic_pullback,0.6585365853658537,0.19863854480526727,0.28233456087490233
2025-08-05,2025,DOWN,discount_zone,0.47495961227786754,0.04899350303546704,-0.10650761529449355
2025-08-05,2025,DOWN,generic_pullback,0.37964458804523427,-0.07242517840025561,-0.20236446905953775
2025-08-07,2025,UP,discount_zone,0.4908424908424908,0.1445071999185875,1.0166386811173866
2025-08-07,2025,UP,generic_pullback,0.1330891330891331,-0.24932580267643617,-0.20963720551569737
2025-08-19,2025,UP,discount_zone,0.5337895637296834,0.06279742923024088,-0.15306873374871216
2025-08-08,2025,UP,generic_pullback,0.23438836612489308,0.19740413561664116,0.15989734984947934
2025-08-11,2025,UP,discount_zone,0.5255474452554745,-0.07561617611868868,-0.23929169657812874
2025-08-11,2025,UP,generic_pullback,0.34306569343065696,-0.028715003589375447,0.1215601818616894
2025-08-14,2025,UP,discount_zone,0.5309278350515464,0.07688611244593946,0.26814031715521386
2025-08-13,2025,UP,generic_pullback,0.18041237113402062,0.09458500827618822,-0.011350200993142587
2025-08-13,2025,DOWN,discount_zone,0.45318352059925093,0.06148025537952235,0.11350200993142587
2025-08-13,2025,DOWN,generic_pullback,0.44569288389513106,0.06337195554504611,0.08985575786237882
2025-08-13,2025,UP,generic_pullback,0.3782051282051282,-0.009458500827618822,0.048238354220856
2025-08-14,2025,UP,discount_zone,0.5380710659898477,-0.0019221528111484864,-0.27294569918308503
2025-08-14,2025,UP,generic_pullback,0.6649746192893401,0.03171552138395002,-0.2383469485824123
2025-09-08,2025,DOWN,discount_zone,0.5071225071225072,-0.066493206128939,-0.05492917028042787
2025-08-15,2025,DOWN,generic_pullback,0.2606837606837607,-0.029117732699213823,0.10773561098709114
2025-08-18,2025,DOWN,discount_zone,0.5246636771300448,-0.09319306336167556,0.045155401835038675
2025-08-18,2025,DOWN,generic_pullback,0.4304932735426009,-0.03650862276024403,0.01248979199692559
2025-08-22,2025,DOWN,discount_zone,0.46108490566037735,-0.14438138479001136,-0.10170261066969354
2025-08-19,2025,DOWN,generic_pullback,0.22169811320754718,0.1265760682922043,0.33655497228082226
2025-08-20,2025,UP,discount_zone,0.5368852459016393,0.037561398439757296,0.1473562554175094
2025-08-20,2025,UP,generic_pullback,0.29918032786885246,0.08475392468458057,-0.1117210825387653
2025-08-21,2025,DOWN,discount_zone,0.4896551724137931,0.0009237875288683603,0.011085450346420323
2025-08-21,2025,DOWN,generic_pullback,0.7264367816091954,-0.03787528868360277,0.3002309468822171
2025-08-22,2025,UP,generic_pullback,0.13366336633663367,-0.06992054483541431,0.18342792281498296
2025-08-25,2025,DOWN,discount_zone,0.5044510385756676,-0.13785378882522722,-0.15853185714901133
2025-08-25,2025,DOWN,generic_pullback,0.2818991097922849,-0.15680868478869597,-0.18179468401326843
2025-08-25,2025,UP,discount_zone,0.46153846153846156,-0.054279929349933226,-0.04307930900788351
2025-08-25,2025,UP,generic_pullback,0.2923076923076923,-0.040494550467410496,-0.09477447981734373
2025-08-27,2025,DOWN,discount_zone,0.5178571428571429,-0.019796866930624893,-0.20141160268548805
2025-08-26,2025,DOWN,generic_pullback,0.336734693877551,0.019543697157666653,0.025491778901304333
2025-08-28,2025,UP,generic_pullback,0.6325411334552102,0.14538806424933617,0.09141165716275627
2025-08-29,2025,DOWN,discount_zone,0.5255905511811023,0.22980186374739892,0.08142585723333032
2025-08-29,2025,DOWN,generic_pullback,0.39173228346456695,-0.047046050845924184,-0.09499683343888538
2025-08-29,2025,UP,discount_zone,0.4975845410628019,-0.04795078259296119,-0.054283904822220216
2025-08-29,2025,UP,generic_pullback,0.8840579710144928,0.07147380801592328,0.00995204921740704
2025-08-29,2025,DOWN,discount_zone,0.5,-0.06514068578666425,-0.14566181127295758
2025-08-29,2025,DOWN,generic_pullback,0.76875,0.06152175879851624,-0.022618293675925088
2025-09-01,2025,UP,generic_pullback,0.17040358744394618,-0.02076549152862334,0.05380150077870593
2025-09-02,2025,DOWN,generic_pullback,0.3402824478816409,0.34449664090518767,0.6829317573369702
2025-09-03,2025,UP,discount_zone,0.5032467532467533,-0.04277451028046468,-0.018470811257473387
2025-09-03,2025,UP,generic_pullback,0.41883116883116883,-0.020415107179312688,-0.06318961745977737
2025-09-04,2025,UP,discount_zone,0.5376712328767124,0.0687984496124031,0.08430232558139535
2025-09-04,2025,UP,generic_pullback,0.4452054794520548,0.041666666666666664,0.0377906976744186
2025-09-05,2025,DOWN,discount_zone,0.534965034965035,-0.021483326009472194,-0.12108783750793418
2025-09-05,2025,DOWN,generic_pullback,0.8986013986013986,0.10839314486597335,-0.02050681119085982
2025-09-05,2025,UP,discount_zone,0.5185185185185185,-0.10839314486597335,0.03124847419559592
2025-09-05,2025,UP,generic_pullback,0.7407407407407407,0.02636590010253406,-0.10741663004736098
2025-09-09,2025,UP,discount_zone,0.521099116781158,-0.0104726995763317,0.12757652211167708
2025-09-08,2025,UP,generic_pullback,0.18253189401373895,-0.12431338537149465,-0.17249686807362435
2025-09-09,2025,DOWN,discount_zone,0.45384615384615384,-0.039986671109630126,0.07521302423001858
2025-09-08,2025,DOWN,generic_pullback,0.2717948717948718,0.04143779512383155,-0.03661944685361858
2025-09-09,2025,UP,generic_pullback,0.2631578947368421,0.03617841671823678,0.3874898843242729
2025-09-11,2025,UP,discount_zone,0.4780361757105943,0.044245612310112585,0.06489356472149846
2025-09-11,2025,UP,generic_pullback,0.19121447028423771,-0.0835750454746571,-0.08259180964554348
2025-09-11,2025,DOWN,discount_zone,0.55,-0.04326237648099897,-0.026547367386067548
2025-09-11,2025,DOWN,generic_pullback,0.675,-0.02064795241138587,-0.021631188240499484
2025-09-12,2025,UP,generic_pullback,0.5815602836879432,0.05907418167731939,0.08715862870424172
2025-09-17,2025,UP,discount_zone,0.522342064714946,-0.14965640111987782,-0.13133112751336218
2025-09-15,2025,UP,generic_pullback,0.1679506933744222,0.058510897654688185,0.04193280998585987
2025-09-16,2025,DOWN,discount_zone,0.46774193548387094,-0.06374348078037473,0.21634151052733241
2025-09-16,2025,DOWN,generic_pullback,0.5806451612903226,0.0038632412594166504,0.018350395982229088
2025-09-16,2025,UP,discount_zone,0.515625,0.07340158392891635,-0.13714506470929108
2025-09-16,2025,UP,generic_pullback,0.890625,0.009658103148541626,0.08305968707745798
2025-11-20,2025,UP,discount_zone,0.4897959183673469,0.12326747272191094,0.05838985549985255
2025-09-17,2025,UP,generic_pullback,0.7573696145124716,0.6912700432680071,1.1229320437770425
2025-09-25,2025,UP,discount_zone,0.48625180897250364,0.4263215492220584,0.36256363895893806
2025-09-18,2025,UP,generic_pullback,0.3096960926193922,0.11311747613117476,0.11726857617268575
2025-09-24,2025,UP,discount_zone,0.5185758513931888,0.019523623584537287,-0.07223740726278796
2025-09-23,2025,UP,generic_pullback,0.10371517027863777,0.023761199940597,-0.07920399980199
2025-09-24,2025,DOWN,discount_zone,0.4914965986394558,0.08297540023428347,0.023428348301444746
2025-09-24,2025,DOWN,generic_pullback,0.28741496598639454,0.021475985942991018,-0.010737992971495509
2025-09-26,2025,DOWN,discount_zone,0.4835164835164835,-0.036228518346493266,-0.7366465397120298
2025-09-24,2025,DOWN,generic_pullback,0.7032967032967034,1.0347520499804763,0.34654431862553686
2025-09-26,2025,DOWN,discount_zone,0.4630681818181818,-0.19879238272178357,-0.1727821644217371
2025-09-26,2025,DOWN,generic_pullback,0.5511363636363636,-0.06316767301439852,-0.02786809103576405
2025-09-30,2025,UP,discount_zone,0.4908862350722816,-0.11247736154799352,-0.024783147459727387
2025-09-29,2025,UP,generic_pullback,0.23444374607165305,-0.013967130685786117,-0.09776991480050282
2025-10-01,2025,DOWN,discount_zone,0.549636803874092,-0.037571032733762263,-0.149344855116705
2025-09-29,2025,DOWN,generic_pullback,0.1549636803874092,-0.005586852274314447,0.10056334093766003
2025-09-30,2025,UP,discount_zone,0.5163934426229508,-0.1792012200934134,-0.24211228672195217
2025-09-30,2025,UP,generic_pullback,0.6038251366120219,-0.04384710704413307,-0.16490325040510914
2025-10-03,2025,UP,discount_zone,0.45601851851851855,-0.09745910198398887,0.569837402416588
2025-10-02,2025,UP,generic_pullback,0.11689814814814815,-0.21332299040046543,-0.26180548821875305
2025-10-02,2025,DOWN,discount_zone,0.5051020408163265,-0.018423349170949288,-0.05139144768738486
2025-10-02,2025,DOWN,generic_pullback,0.5969387755102041,-0.06690584698923689,-0.10472219528750122
2025-10-03,2025,UP,discount_zone,0.4755043227665706,0.006961364427427776,0.04574610909452539
2025-10-03,2025,UP,generic_pullback,0.26512968299711814,0.05867435731689126,0.037790264034607925
2025-10-07,2025,UP,discount_zone,0.5223463687150838,-0.12657571198837994,-0.16185091041137106
2025-10-06,2025,UP,generic_pullback,0.19972067039106145,0.08041413278383676,0.11559531587676534
2025-10-06,2025,UP,discount_zone,0.46236559139784944,0.08544001608282656,0.12564708247474493
2025-10-06,2025,UP,generic_pullback,0.3602150537634409,-0.02110870985575715,0.10855907925817962
2025-10-07,2025,DOWN,generic_pullback,0.3439635535307517,0.10375058359703274,0.11931317113658764
2025-10-09,2025,UP,discount_zone,0.45454545454545453,-0.013972055888223553,0.05189620758483034
2025-10-08,2025,UP,generic_pullback,0.11657754010695187,0.05017921146953405,0.16487455197132617
2025-10-15,2025,DOWN,discount_zone,0.50418410041841,-0.250575920462353,-0.47205270177423914
2025-10-10,2025,DOWN,generic_pullback,0.10390516039051603,0.3197514158271939,-0.5753520773818473
2025-10-13,2025,UP,generic_pullback,0.5928753180661578,0.06004391271228212,0.1828202715418739
2025-10-15,2025,UP,discount_zone,0.49150943396226415,0.18510285737380267,0.28614153497959016
2025-10-14,2025,UP,generic_pullback,0.17452830188679244,-0.0481327087541364,-0.07391808844385234
2025-10-15,2025,DOWN,generic_pullback,0.2735632183908046,0.7549609990704441,0.31847391181344215
2025-10-17,2025,DOWN,discount_zone,0.5423901940755873,0.17210814005022898,0.4439355887132516
2025-10-16,2025,DOWN,generic_pullback,0.449438202247191,0.403561738067031,0.5877632132074752
2025-11-07,2025,UP,discount_zone,0.46612466124661245,-0.1293894435631862,-0.07278156200429224
2025-10-17,2025,UP,generic_pullback,0.6544715447154471,0.23932634067070468,0.48086866597724925
2025-10-22,2025,UP,discount_zone,0.5494148244473342,-0.22848733637983118,-0.046472000619626676
2025-10-21,2025,UP,generic_pullback,0.2106631989596879,0.041193073460981,0.07246929590357769
2025-10-21,2025,UP,discount_zone,0.5194805194805194,-0.008391181630940575,0.026699214280265466
2025-10-21,2025,UP,generic_pullback,0.6536796536796536,0.06407811427263711,0.030513387748874816
2025-10-22,2025,DOWN,generic_pullback,0.11502347417840375,-0.440709472542793,-0.616528541553714
2025-11-06,2025,UP,discount_zone,0.5492227979274611,0.08611837964956444,0.10797919909906926
2025-10-24,2025,UP,generic_pullback,0.17394522575869725,-0.07237455698563701,0.06864390971833613
2025-10-28,2025,UP,generic_pullback,0.1708984375,0.024620732104710524,0.024620732104710524
2025-10-29,2025,UP,generic_pullback,0.11610486891385768,-0.04046858359957402,-0.12779552715654952
2025-10-29,2025,DOWN,discount_zone,0.5021459227467812,0.12921547745828896,0.7838125665601704
2025-10-29,2025,DOWN,generic_pullback,0.7982832618025751,0.04827831025914093,0.04188853390131345
2025-10-30,2025,DOWN,discount_zone,0.4523076923076923,-0.015690749589900865,0.22394978960131234
2025-10-30,2025,DOWN,generic_pullback,0.39487179487179486,-0.04992511233150275,0.11268811069110621
2025-10-31,2025,UP,discount_zone,0.4839357429718876,0.03526217426566522,-0.13752247963609435
2025-10-31,2025,UP,generic_pullback,0.3413654618473896,0.016925843647519305,-0.11989139250326175
2025-11-03,2025,UP,discount_zone,0.48939929328621906,0.025162507863283706,0.15446983993849164
2025-11-03,2025,UP,generic_pullback,0.7049469964664311,0.00838750262109457,0.02656042496679947
2025-12-26,2025,DOWN,discount_zone,0.47339322736696615,0.15452192328810102,0.07137814730567103
2025-11-04,2025,DOWN,generic_pullback,0.3496890117484451,0.2463707426018984,0.2749860413176996
2025-11-06,2025,DOWN,discount_zone,0.4533116178067318,0.07220694909078865,1.2931005928919215
2025-11-06,2025,DOWN,generic_pullback,0.15309446254071662,-0.32128780100029813,-0.3597098473054884
2025-11-07,2025,DOWN,discount_zone,0.4542314335060449,-0.04789897670367951,-0.4074523342975335
2025-11-07,2025,DOWN,generic_pullback,0.3903281519861831,-0.03794594258343442,-0.21585642748281547
2025-11-13,2025,UP,discount_zone,0.4758909853249476,-0.08665624185561636,-0.16940317956737036
2025-11-10,2025,UP,generic_pullback,0.11914744933612859,0.08748850920848258,0.2770469458268615
2025-11-11,2025,UP,generic_pullback,0.26666666666666666,0.025881192999753513,-0.1059896475228001
2025-11-14,2025,UP,discount_zone,0.5448136958710977,0.1357583631049042,0.26891848002598245
2025-11-14,2025,UP,generic_pullback,0.418932527693857,-0.12991230919129587,-0.07794738551477752
2025-11-17,2025,DOWN,generic_pullback,0.5688775510204082,0.17537266691719905,-0.09708129775773519
2025-11-19,2025,DOWN,discount_zone,0.5274941084053417,0.3168724279835391,0.3062904174015285
2025-11-18,2025,DOWN,generic_pullback,0.20856245090337786,-0.04147605977432144,-0.34766697163769444
2025-11-19,2025,DOWN,discount_zone,0.5037783375314862,-0.08171663727219283,0.09288653733098177
2025-11-19,2025,DOWN,generic_pullback,0.24937027707808565,-0.09406231628453851,0.015285126396237508
2025-11-21,2025,DOWN,discount_zone,0.4519303557910674,0.05120603692224768,0.11750437946368414
2025-11-21,2025,DOWN,generic_pullback,0.1752460257380772,-0.06468130979652338,0.18326371109014958
2025-11-25,2025,DOWN,generic_pullback,0.2558746736292428,0.027188550029497015,-0.15441044450714342
2025-11-25,2025,UP,generic_pullback,0.17085862966175194,-0.0071818811398671354,-0.09233847179829174
2025-11-26,2025,UP,discount_zone,0.46652267818574517,0.1047674213614728,0.21356435892915607
2025-11-26,2025,UP,generic_pullback,0.3930885529157667,0.11081169567078854,0.17478026544438008
2025-11-26,2025,DOWN,discount_zone,0.5206896551724138,-0.0700128440829073,0.04835419447452591
2025-11-26,2025,DOWN,generic_pullback,0.8,0.0030221371546578692,0.08310877175309139
2025-11-27,2025,DOWN,discount_zone,0.5492957746478874,0.0020014009806864808,-0.003002101471029721
2025-11-27,2025,DOWN,generic_pullback,0.6901408450704225,0.0015010507355148605,0.011508055638947263
2025-11-28,2025,UP,generic_pullback,0.35039370078740156,0.08003874487012821,0.03364686090081823
2025-12-01,2025,UP,discount_zone,0.4796030871003308,-0.04073634816686433,0.32434383540452744
2025-12-01,2025,UP,generic_pullback,0.11245865490628446,-0.15727324292270406,-0.19904089104315992
2025-12-02,2025,UP,discount_zone,0.4820717131474104,0.15621386911949847,0.0005138614115772976
2025-12-02,2025,UP,generic_pullback,0.8924302788844621,0.20194753474987795,0.2178772385087742
2025-12-02,2025,UP,generic_pullback,0.7076923076923077,0.09455049973022277,0.0632049536240076
2025-12-04,2025,UP,discount_zone,0.516245487364621,0.07886689200064381,0.01824132195933258
2025-12-04,2025,UP,generic_pullback,0.33212996389891697,-0.1727560491442674,-0.10461934653146628
2025-12-04,2025,DOWN,discount_zone,0.5164835164835165,-0.03648264391866516,-0.04506679542893932
2025-12-04,2025,DOWN,generic_pullback,0.6923076923076923,-0.035946134449273026,-0.028435001877783143
2025-12-05,2025,UP,discount_zone,0.46751740139211134,0.08219100965462887,0.024769893320573087
2025-12-05,2025,UP,generic_pullback,0.3874709976798144,0.04616207391561348,-0.019703324232274045
2025-12-05,2025,DOWN,discount_zone,0.4681372549019608,-0.26852816167984916,-0.12553832296563178
2025-12-05,2025,DOWN,generic_pullback,0.3333333333333333,-0.06755425451065387,-0.09063529146846061
2025-12-05,2025,UP,generic_pullback,0.39365079365079364,-0.008444281813831734,0.1007684296450587
2025-12-08,2025,DOWN,discount_zone,0.515625,0.0884486113568017,0.07370717613066807
2025-12-08,2025,DOWN,generic_pullback,0.65625,0.11911079662715962,0.22819741730054838
2025-12-09,2025,UP,discount_zone,0.45714285714285713,-0.19682987399209004,-0.1729159640678174
2025-12-09,2025,UP,generic_pullback,0.2883116883116883,-0.03188521323236349,-0.03065885887727259
2025-12-10,2025,DOWN,discount_zone,0.5136476426799007,0.09027670428196012,-0.01484000618333591
2025-12-10,2025,DOWN,generic_pullback,0.3076923076923077,0.008656670273612613,-0.055031689596537335
2025-12-11,2025,DOWN,discount_zone,0.5468975468975469,-0.31248077751122594,-0.3050993418219844
2025-12-11,2025,DOWN,generic_pullback,0.5743145743145743,-0.06212708371778311,-0.061511964077012975
2025-12-15,2025,DOWN,discount_zone,0.5078901227352426,0.35438894658987186,0.5067195417492839
2025-12-12,2025,DOWN,generic_pullback,0.2232612507305669,-0.15368342458934792,-0.08835241413638625
2025-12-12,2025,UP,discount_zone,0.5495978552278821,0.011199601791936286,-0.43740666998506716
2025-12-12,2025,UP,generic_pullback,0.6514745308310992,0.0,0.16674962667994025
2025-12-15,2025,DOWN,discount_zone,0.46503496503496505,-0.06861171434866081,0.07175904069492965
2025-12-15,2025,DOWN,generic_pullback,0.3916083916083916,-0.04909829100179397,-0.08560727661851257
2025-12-16,2025,DOWN,discount_zone,0.45977011494252873,-0.13724987172909184,-0.049384299640841456
2025-12-16,2025,DOWN,generic_pullback,0.8390804597701149,0.10582349923037455,-0.03142637249871729
2025-12-17,2025,DOWN,generic_pullback,0.25579655946148094,0.16749645553760426,0.25322298789937026
2025-12-18,2025,UP,discount_zone,0.5403587443946188,0.13989688351778268,0.24301336573511545
2025-12-18,2025,UP,generic_pullback,0.8733183856502242,0.31657416833601526,0.3395619191487964
2025-12-23,2025,UP,discount_zone,0.5348837209302325,0.05478672311359351,0.13234195453413497
2025-12-23,2025,UP,generic_pullback,0.8294573643410853,0.09534312853534455,0.0967661603045288
2025-12-26,2025,UP,discount_zone,0.49747474747474746,0.02745313357910424,-0.03843438701074594
2025-12-26,2025,UP,generic_pullback,0.28535353535353536,-0.07451564828614009,-0.04706251470703584
2025-12-26,2025,DOWN,discount_zone,0.5482233502538071,-0.018825005882814338,0.008628127696289905
2025-12-26,2025,DOWN,generic_pullback,0.7563451776649747,-0.08000627500196093,0.018825005882814338
2025-12-30,2025,DOWN,discount_zone,0.483451536643026,0.17260579064587972,0.1662424435252943
2025-12-29,2025,DOWN,generic_pullback,0.15130023640661938,-0.01631321370309951,0.0464926590538336
2025-12-30,2025,UP,discount_zone,0.5223367697594502,0.023067133312122175,0.047725103404390706
2025-12-30,2025,UP,generic_pullback,0.6357388316151202,0.1654470251352211,-0.011135857461024499
2025-12-30,2025,UP,discount_zone,0.5380434782608695,0.022271714922048998,0.06124721603563474
2025-12-30,2025,UP,generic_pullback,0.266304347826087,0.04215717467387846,0.0405663378937321
2025-12-31,2025,DOWN,generic_pullback,0.206794682422452,-0.0,0.04672897196261682
2026-01-02,2026,DOWN,discount_zone,0.4895652173913044,0.0391628931587321,-0.5238036959980418
2026-01-02,2026,DOWN,generic_pullback,0.31043478260869567,0.16888997674703218,0.12075225390609064
2026-01-14,2026,UP,discount_zone,0.5025227043390514,-0.36145057919668805,-0.2826320608256041
2026-01-05,2026,UP,generic_pullback,0.27749747729566093,0.04136423944431437,-0.019511433700148288
2026-01-05,2026,DOWN,discount_zone,0.46116504854368934,0.11862951689690159,0.004682744088035589
2026-01-05,2026,DOWN,generic_pullback,0.6359223300970874,0.1116054007648482,0.046046983532349955
2026-01-06,2026,UP,discount_zone,0.49624060150375937,0.02562012344241295,0.09704592213035208
2026-01-06,2026,UP,generic_pullback,0.6967418546365914,0.06288575754046816,0.10636233065486589
2026-01-07,2026,UP,discount_zone,0.5125184094256259,-0.019423510216766374,-0.822002952373553
2026-01-07,2026,UP,generic_pullback,0.21796759941089838,-0.059047471058969785,-0.1087716572138917
2026-01-09,2026,DOWN,discount_zone,0.50960219478738,-0.35781396805512056,-0.3883495145631068
2026-01-08,2026,DOWN,generic_pullback,0.17901234567901234,0.05561648127839574,-0.008616637944540186
2026-01-15,2026,DOWN,discount_zone,0.5249110320284698,-0.1379648148904037,-0.20653904240989426
2026-01-13,2026,DOWN,generic_pullback,0.1423487544483986,0.7840878547018392,0.6988442191759782
2026-01-19,2026,DOWN,generic_pullback,0.1988338192419825,0.012876745402599494,-0.032996660094161204
2026-02-03,2026,UP,discount_zone,0.48719211822660097,-0.10061570806427392,-0.17795464784502177
2026-01-22,2026,UP,generic_pullback,0.10935960591133005,0.15572192513368985,0.17796791443850268
2026-01-22,2026,UP,generic_pullback,0.2483221476510067,-0.05304812834224599,-0.2079144385026738
2026-01-23,2026,DOWN,discount_zone,0.4588859416445623,-0.052880719860121966,-0.048616145677854064
2026-01-23,2026,DOWN,generic_pullback,0.2917771883289125,-0.14670135187001576,-0.052880719860121966
2026-01-26,2026,UP,generic_pullback,0.3476297968397291,0.04722647997017275,0.08782468204979493
2026-01-26,2026,DOWN,generic_pullback,0.7815126050420168,0.024027507353245783,-0.13256555781101123
2026-01-27,2026,UP,discount_zone,0.5410447761194029,0.0,0.06572008113590264
2026-01-27,2026,UP,generic_pullback,0.3843283582089552,-0.06896551724137931,-0.021095334685598377
2026-01-28,2026,UP,discount_zone,0.4584615384615385,-0.09890956260894239,-0.15485021687137704
2026-01-28,2026,UP,generic_pullback,0.28923076923076924,-0.11917791560257814,-0.22781628764846568
2026-01-28,2026,DOWN,discount_zone,0.4505928853754941,-0.014593214155417731,-0.1759293039847582
2026-01-28,2026,DOWN,generic_pullback,0.43280632411067194,-0.06242652722039807,-0.08674855081276095
2026-01-29,2026,DOWN,generic_pullback,0.31265508684863524,-0.45030993801239755,-0.17116576684663068
2026-01-30,2026,UP,discount_zone,0.5186480186480187,0.09770650755174343,-0.0522095841879545
2026-01-29,2026,UP,generic_pullback,0.15034965034965034,-0.007198560287942412,-0.0615876824635073
2026-01-30,2026,DOWN,generic_pullback,0.2255125284738041,0.15140779414506805,0.382621666977438
2026-02-02,2026,UP,generic_pullback,0.693939393939394,0.03824969400244798,0.14993880048959607
2026-02-03,2026,DOWN,discount_zone,0.47920433996383366,0.002252590479050909,0.16218651449166543
2026-02-03,2026,DOWN,generic_pullback,0.6853526220614828,0.13515542874305453,0.18170896531010663
2026-02-06,2026,DOWN,discount_zone,0.4917095483133219,-0.03480390577164771,-0.030936805130353517
2026-02-04,2026,DOWN,generic_pullback,0.24299599771297883,-0.0481037367540435,-0.38413273842721696
2026-02-06,2026,UP,discount_zone,0.48623853211009177,0.15726209274596373,0.366730044149399
2026-02-05,2026,UP,generic_pullback,0.6256880733944954,0.31137169167577594,0.11792374706018748
2026-02-10,2026,UP,discount_zone,0.5423940149625935,0.01995696778820668,0.05301069568742399
2026-02-09,2026,UP,generic_pullback,0.13466334164588528,-0.008311489035227927,0.002557381241608593
2026-02-11,2026,DOWN,generic_pullback,0.4297752808988764,-0.10022550739163116,-0.053244800801804056
2026-02-11,2026,UP,discount_zone,0.5212527964205816,0.004384865948383864,0.1434477574542721
2026-02-11,2026,UP,generic_pullback,0.4116331096196868,0.06326735154096717,0.05261839138060636
2026-02-18,2026,DOWN,discount_zone,0.5479372457873329,-0.19199801808497463,-0.20190759321194104
2026-02-12,2026,DOWN,generic_pullback,0.21092388146426497,0.11166525516765471,-0.02132931840281045
2026-02-12,2026,UP,discount_zone,0.5130023640661938,-0.011291992095605533,-0.0169379881434083
2026-02-12,2026,UP,generic_pullback,0.8983451536643026,0.020074652614409837,0.1097832564850538
2026-02-13,2026,UP,generic_pullback,0.2205240174672489,-0.38837330392967623,-0.3173144659867071
2026-02-17,2026,DOWN,discount_zone,0.49243306169965073,-0.08935313365215203,-0.5745028945381324
2026-02-16,2026,DOWN,generic_pullback,0.17112922002328287,0.5303213336554724,0.49951679149553035
2026-02-20,2026,DOWN,discount_zone,0.5251798561151079,-0.4638265691958659,-0.2533400554575246
2026-02-19,2026,DOWN,generic_pullback,0.34172661870503596,0.063780745792681,0.07262164124909223
2026-02-19,2026,DOWN,discount_zone,0.4875283446712018,0.06630671592308421,-0.3075368633765906
2026-02-19,2026,DOWN,generic_pullback,0.4376417233560091,0.1262985065201604,0.07325313378169303
2026-02-20,2026,DOWN,discount_zone,0.5318559556786704,-0.17141416687673305,-0.15187799344592892
2026-02-20,2026,DOWN,generic_pullback,0.41412742382271467,-0.26531383917317874,-0.20481472145197882
2026-02-24,2026,DOWN,discount_zone,0.5363957597173145,-0.3265133683384634,-0.24020761663347212
2026-02-23,2026,DOWN,generic_pullback,0.11024734982332156,0.1466646125404406,-0.08011092281620706
2026-02-27,2026,UP,discount_zone,0.5486827033218786,0.04310599350457632,-0.011219368172423975
2026-02-24,2026,UP,generic_pullback,0.19473081328751432,0.04345464421510049,0.6475949061500392
2026-02-26,2026,UP,generic_pullback,0.2771958098307816,-0.30220417633410673,-0.697215777262181
2026-03-04,2026,DOWN,discount_zone,0.4990328820116054,-0.06007629689705927,-0.02042594094500015
2026-02-26,2026,DOWN,generic_pullback,0.2933591231463572,0.06496519721577726,0.14385150812064965
2026-03-02,2026,UP,discount_zone,0.46120689655172414,0.21366370410270222,0.1969057665260197
2026-03-02,2026,UP,generic_pullback,0.16163793103448276,-0.06703175030673011,-0.001196995541191609
2026-03-03,2026,UP,generic_pullback,0.39098436062557496,0.1735730576700927,0.4247504517046296
2026-03-05,2026,UP,discount_zone,0.5287581699346405,0.06247511714084464,-0.32401310752457657
2026-03-05,2026,UP,generic_pullback,0.5509803921568628,0.19048785716473218,-0.289713043211956
2026-03-06,2026,UP,discount_zone,0.5017006802721088,-0.12551007790280697,-0.05131692840361073
2026-03-06,2026,UP,generic_pullback,0.7414965986394558,0.022257944849758873,0.003709657474959812
2026-03-06,2026,DOWN,discount_zone,0.5276497695852534,0.01854828737479906,0.05749969086187708
2026-03-06,2026,DOWN,generic_pullback,0.2557603686635945,-0.046370718436997645,-0.020403116112278966
2026-03-13,2026,UP,discount_zone,0.4913978494623656,-0.37041695490849635,-0.316961197408968
2026-03-09,2026,UP,generic_pullback,0.2118279569892473,0.15176219741627994,0.2357958108616581
2026-03-11,2026,UP,discount_zone,0.48686770428015563,-0.11166103331723805,0.11407532592950266
2026-03-10,2026,UP,generic_pullback,0.1303501945525292,0.11592376752244447,0.10584343991179714
2026-03-11,2026,DOWN,discount_zone,0.5203488372093024,-0.10260743602124578,-0.0012071463061323032
2026-03-11,2026,DOWN,generic_pullback,0.6206395348837209,-0.0748430709802028,0.08208594881699663
2026-03-11,2026,DOWN,discount_zone,0.45293072824156305,0.1484789956542733,0.2009898599710285
2026-03-11,2026,DOWN,generic_pullback,0.4103019538188277,-0.08872525350072429,0.12493964268469339
2026-03-12,2026,UP,discount_zone,0.45321100917431195,-0.06965873331092848,-0.1435947572637561
2026-03-12,2026,UP,generic_pullback,0.6844036697247706,-0.12954080229751613,-0.10998747364883445
2026-03-16,2026,UP,generic_pullback,0.2667660208643815,0.10017844285132893,-0.003130576339104029
2026-03-16,2026,DOWN,generic_pullback,0.8937728937728938,0.18846069561406253,0.06135929624643897
2026-03-18,2026,UP,discount_zone,0.45681818181818185,-0.17691017233490924,-0.05917340247064206
2026-03-17,2026,UP,generic_pullback,0.1318181818181818,-0.1475947521865889,-0.22291059280855197
2026-03-17,2026,DOWN,discount_zone,0.5038363171355499,0.08017492711370262,0.07531584062196307
2026-03-17,2026,DOWN,generic_pullback,0.3989769820971867,-0.007896015549076773,-0.06073858114674441
2026-03-18,2026,DOWN,generic_pullback,0.44654088050314467,0.02440140308067714,0.0036602104621015707
2026-03-23,2026,DOWN,discount_zone,0.5098944591029023,-0.1989755129837444,-0.2889882450478192
2026-03-19,2026,DOWN,generic_pullback,0.31200527704485487,-0.15826893353941268,0.10077279752704792
2026-03-19,2026,DOWN,discount_zone,0.4577114427860697,0.021638330757341576,-0.05255023183925812
2026-03-19,2026,DOWN,generic_pullback,0.6442786069651741,0.0902627511591963,0.0884080370942813
2026-03-23,2026,DOWN,discount_zone,0.46158940397350995,-0.14094098836348562,-0.14627068960412162
2026-03-23,2026,DOWN,generic_pullback,0.20794701986754968,-0.14094098836348562,-0.23983655582862048
2026-03-24,2026,UP,discount_zone,0.49310872894333846,-0.11679676206996242,-0.24631396357328708
2026-03-24,2026,UP,generic_pullback,0.36906584992343033,-0.0942468921653657,-0.36889274356750507
2026-03-25,2026,UP,discount_zone,0.5188940092165899,-0.10916269887353384,-0.02961328533271397
2026-03-25,2026,UP,generic_pullback,0.20276497695852536,-0.24271280919753802,-0.28161653698757405
2026-03-25,2026,DOWN,discount_zone,0.5337748344370861,0.008709789803739402,0.20613169202183254
2026-03-25,2026,DOWN,generic_pullback,0.19735099337748344,-0.18174428057136222,-0.12658227848101267
2026-04-01,2026,DOWN,discount_zone,0.46272666218938885,-0.1328700486448923,-0.18679638637943016
2026-03-26,2026,DOWN,generic_pullback,0.11282740094022835,-0.0047196247898292085,0.19586442877791216
2026-03-31,2026,UP,generic_pullback,0.148740012292563,0.07582235904452427,0.05757938543982669
2026-04-02,2026,DOWN,discount_zone,0.49452954048140046,-0.16906405033119926,-0.2178431861644633
2026-04-02,2026,DOWN,generic_pullback,0.8278628738147338,0.04545328566281422,0.029378343172306753
2026-04-02,2026,UP,discount_zone,0.5213903743315508,0.07649455392034589,0.17349851722513235
2026-04-02,2026,UP,generic_pullback,0.18805704099821746,-0.15132618275546686,-0.18569330118344834
2026-04-02,2026,DOWN,discount_zone,0.4660831509846827,0.04101881876888113,0.08647210443169535
2026-04-02,2026,DOWN,generic_pullback,0.3676148796498906,-0.041573127130622764,-0.0005543083617416369
2026-04-02,2026,UP,generic_pullback,0.5925925925925926,-0.04545328566281422,0.07594024555860425
2026-04-06,2026,UP,discount_zone,0.5084388185654009,0.0697490668337738,0.18200147126937852
2026-04-06,2026,UP,generic_pullback,0.19198312236286919,-0.08991090646541154,-0.08555158978830069
2026-04-07,2026,DOWN,discount_zone,0.46871896722939427,0.030578534960548232,-0.05078220984519617
2026-04-07,2026,DOWN,generic_pullback,0.3316782522343595,-0.09228165014879734,-0.15125453900128322
2026-04-08,2026,UP,discount_zone,0.5142118863049095,-0.20550197281893906,0.036168347216133274
2026-04-08,2026,UP,generic_pullback,0.20930232558139536,0.06082858395440596,-0.16440157825515125
2026-04-09,2026,DOWN,discount_zone,0.5245009074410163,-0.17227150814937076,-0.41211058386630905
2026-04-09,2026,DOWN,generic_pullback,0.676950998185118,0.06498865277491232,-0.020631318341242006
2026-04-09,2026,UP,discount_zone,0.5222222222222223,0.10986177016711368,0.2909015886115123
2026-04-09,2026,UP,generic_pullback,0.8527777777777777,0.1779451206932123,0.28677532494326385
2026-04-09,2026,UP,discount_zone,0.5177045177045178,0.03558902413864246,0.33371157416958946
2026-04-09,2026,UP,generic_pullback,0.2564102564102564,0.052094078811636066,-0.08407262224056117
2026-04-10,2026,DOWN,discount_zone,0.5222929936305732,-0.03611225753198514,-0.027342137845645893
2026-04-10,2026,DOWN,generic_pullback,0.6656050955414012,0.009286009079653322,0.023215022699133305
2026-04-13,2026,UP,generic_pullback,0.6068111455108359,-0.05629060683378489,0.09416839834810743
2026-04-13,2026,UP,generic_pullback,0.44166666666666665,-0.0036825630638924692,0.047347239392903175
2026-04-15,2026,UP,generic_pullback,0.14147627416520211,0.05694400506168934,0.09807023093957609
2026-04-16,2026,UP,generic_pullback,0.2535641547861507,0.16773374252605958,0.22911265146304036
2026-04-20,2026,UP,discount_zone,0.506953223767383,-0.02534854245880862,0.0163709336713139
2026-04-17,2026,UP,generic_pullback,0.17509481668773705,-0.036963696369636964,0.031155115511551156
2026-04-20,2026,DOWN,discount_zone,0.4557823129251701,0.04858470637938319,0.30840726658217155
2026-04-17,2026,DOWN,generic_pullback,0.6156462585034014,-0.06811881188118812,-0.000528052805280528
2026-04-20,2026,DOWN,discount_zone,0.4743276283618582,-0.023764258555133082,-0.07287705956907478
2026-04-20,2026,DOWN,generic_pullback,0.5525672371638142,-0.053865652724968315,-0.07710181664554289
2026-04-21,2026,UP,discount_zone,0.5229982964224872,-0.004379841778215762,-0.11770824778954861
2026-04-21,2026,UP,generic_pullback,0.8449744463373083,-0.03941857600394186,0.0202567682242479
2026-04-21,2026,DOWN,discount_zone,0.5352941176470588,0.09088171689797707,0.0005474802222769703
2026-04-21,2026,DOWN,generic_pullback,0.6558823529411765,0.11332840601133284,0.19654539979743232
2026-04-21,2026,UP,generic_pullback,0.26420454545454547,0.2189920889107881,0.45605102515671625
2026-04-27,2026,UP,discount_zone,0.46522556390977443,-0.017148863196326823,-0.04204237428776899
2026-04-24,2026,UP,generic_pullback,0.1118421052631579,-0.02553498570595909,-0.0821560409669988
2026-04-27,2026,DOWN,discount_zone,0.48725212464589235,-0.0713613984621342,-0.07965923549261493
2026-04-27,2026,DOWN,generic_pullback,0.6798866855524079,0.07357415500359572,0.018808430602422967
2026-04-28,2026,DOWN,discount_zone,0.4865361077111383,-0.03119584055459272,-0.14269208549971116
2026-04-28,2026,DOWN,generic_pullback,0.17135862913096694,0.0034662045060658577,-0.1322934719815136
2026-04-29,2026,DOWN,discount_zone,0.517426273458445,0.021606470261905455,-0.04905252708108266
2026-04-29,2026,DOWN,generic_pullback,0.19571045576407506,0.06598732809717071,0.06657128675289789
2026-04-30,2026,UP,generic_pullback,0.2783882783882784,0.019573178431620153,0.1913120343477712
2026-05-04,2026,UP,discount_zone,0.5366568914956011,0.7839532516988937,0.8837529956337612
2026-05-04,2026,UP,generic_pullback,0.2873900293255132,0.8036505695807754,0.9060766225665605
2026-05-05,2026,UP,generic_pullback,0.2145922746781116,0.06534452902930703,0.1535596432188715
2026-05-07,2026,UP,discount_zone,0.5253968253968254,-0.21205673758865248,-0.36028368794326243
2026-05-07,2026,UP,generic_pullback,0.7936507936507936,0.007801418439716312,-0.09858156028368795
2026-05-07,2026,DOWN,generic_pullback,0.2910521140609636,0.0028368794326241137,0.125531914893617
2026-05-08,2026,UP,generic_pullback,0.12747380675203726,0.2823216224736418,0.39931346106693755
2026-05-11,2026,UP,discount_zone,0.5066413662239089,0.009171006517965347,0.14411581671088403
2026-05-11,2026,UP,generic_pullback,0.8481973434535104,0.13494481019291868,0.1781795552061839
2026-05-15,2026,UP,discount_zone,0.5120921305182342,0.11444469033543044,-0.04109892194366287
2026-05-14,2026,UP,generic_pullback,0.11324376199616124,0.11379529561347743,0.20597584233947872
2026-05-14,2026,UP,discount_zone,0.523728813559322,-0.018436109345200253,-0.062301335028607754
2026-05-14,2026,UP,generic_pullback,0.8050847457627118,0.003814367450731087,0.08518753973299428
2026-05-14,2026,DOWN,discount_zone,0.4708423326133909,-0.09853782581055308,1.0712015257469802
2026-05-14,2026,DOWN,generic_pullback,0.5788336933045356,-0.052129688493324854,1.2987921169739352
2026-05-15,2026,DOWN,discount_zone,0.4852941176470588,-0.15807277670639563,0.001264582213651165
2026-05-15,2026,DOWN,generic_pullback,0.8161764705882353,0.01011665770920932,-0.0252916442730233
2026-05-15,2026,UP,generic_pullback,0.3380614657210402,0.04173121305048844,0.1985394075432329
2026-05-20,2026,DOWN,discount_zone,0.5388101983002833,-0.07603228447771669,-0.14738565914142004
2026-05-18,2026,DOWN,generic_pullback,0.13427762039660057,0.2850958565244279,0.36363636363636365
2026-05-19,2026,DOWN,generic_pullback,0.4200913242009132,-0.12304751665024041,-0.03524176447749604
2026-05-19,2026,UP,generic_pullback,0.25216811207471646,-0.14992682853985603,0.22518890183077978
2026-05-21,2026,UP,discount_zone,0.5253968253968254,0.0951083016788935,-0.16064024125032622
2026-05-20,2026,UP,generic_pullback,0.3674603174603175,0.022809685343315008,0.1696104807579834
2026-05-20,2026,DOWN,generic_pullback,0.28110599078341014,-0.1468007954146684,-0.16200725231021174
2026-05-21,2026,DOWN,generic_pullback,0.44130127298444133,-0.2012352480644881,-0.32939948386348483
2026-05-21,2026,UP,discount_zone,0.5250936329588015,0.7075129759039639,0.5288949459216516
2026-05-21,2026,UP,generic_pullback,0.40898876404494383,0.5932670281555369,0.40652999681039237
2026-05-22,2026,UP,generic_pullback,0.5711382113821138,0.20181399282568754,0.19773105077430078
2026-05-25,2026,DOWN,discount_zone,0.5454545454545454,-0.005988920497080401,-0.06827369366671658
2026-05-25,2026,DOWN,generic_pullback,0.8409090909090909,0.011378948944452762,-0.0017966761491241205
2026-05-26,2026,DOWN,generic_pullback,0.8381742738589212,-0.05348992703276258,-0.048838629029913656
2026-05-26,2026,UP,discount_zone,0.4696969696969697,0.11163115206837408,0.03314049827029855
2026-05-26,2026,UP,generic_pullback,0.6818181818181818,0.09244454780662228,0.10639844181516904
2026-05-27,2026,UP,generic_pullback,0.21814254859611232,0.05008986711452901,0.1661805003093786
2026-06-04,2026,UP,discount_zone,0.5124555160142349,-0.35243354153465495,-0.04043330014181829
2026-05-28,2026,UP,generic_pullback,0.13048635824436536,-0.02905625290562529,0.5067410506741051
2026-05-29,2026,UP,discount_zone,0.4959785522788204,0.009894651068040277,0.04772714044584134
2026-05-29,2026,UP,generic_pullback,0.5549597855227882,-0.11349746813340318,0.020371340434200573
2026-06-01,2026,UP,generic_pullback,0.3707865168539326,0.05915946697905989,0.2764680041001611
2026-06-02,2026,UP,discount_zone,0.4726522187822497,0.044152675303549646,0.1620867948643467
2026-06-01,2026,UP,generic_pullback,0.17027863777089783,-0.3795577683408991,-0.03397276321569776
2026-06-02,2026,UP,discount_zone,0.49072512647554806,-0.02730494393772149,-0.03776215650961483
2026-06-02,2026,UP,generic_pullback,0.11973018549747048,-0.13884854470458374,-0.11154360076686226
2026-06-03,2026,DOWN,discount_zone,0.5157894736842106,0.061315331780797684,0.20693924476019218
2026-06-03,2026,DOWN,generic_pullback,0.8263157894736842,0.0023582819915691417,0.18099814285293164
2026-06-08,2026,DOWN,generic_pullback,0.1115529926426725,-0.23489204730389496,-0.5940110665075404
2026-06-08,2026,UP,discount_zone,0.5107415107415108,0.07974395139416296,0.15189324075078658
2026-06-08,2026,UP,generic_pullback,0.2674982674982675,-0.10578279266572636,-0.22458500596723444
2026-06-08,2026,DOWN,generic_pullback,0.3908256880733945,0.07214928935662362,0.2929369643050884
2026-06-10,2026,DOWN,discount_zone,0.49552143314139474,-0.2830255430552608,0.22736385292105948
2026-06-09,2026,DOWN,generic_pullback,0.22776711452335252,-0.41894306206467985,-0.5106030397970016
2026-06-10,2026,DOWN,discount_zone,0.48513674197384066,0.08632279063185454,-0.14104106228920493
2026-06-10,2026,DOWN,generic_pullback,0.8620689655172413,0.19575933394655537,0.24434538550437512
2026-06-11,2026,UP,discount_zone,0.5304659498207885,0.08743779359099577,0.3004511418073578
2026-06-11,2026,UP,generic_pullback,0.7156511350059738,0.09673968652620808,0.34696060648341936
2026-06-24,2026,UP,discount_zone,0.5056320400500626,-0.028559935639581657,0.13395012067578438
2026-06-12,2026,UP,generic_pullback,0.3733833959115561,0.14842879429462894,0.35703142411410743
2026-06-17,2026,UP,discount_zone,0.5001076426264801,0.41728072760958357,0.1591645964040591
2026-06-16,2026,UP,generic_pullback,0.1666307857911733,-0.0612382802601571,-0.2867640848044598
2026-06-18,2026,DOWN,discount_zone,0.4537861915367483,0.035945663531870425,0.02466039707419018
2026-06-16,2026,DOWN,generic_pullback,0.11191536748329621,0.004645662640425712,0.09206858687389137
2026-06-19,2026,UP,generic_pullback,0.1427882296189098,0.013422255777861667,0.01006669183339625
2026-06-19,2026,DOWN,discount_zone,0.4715447154471545,-0.033555639444654166,-0.1778448890566671
2026-06-19,2026,DOWN,generic_pullback,0.7682926829268293,0.058722369028144795,0.04194454930581771
2026-06-22,2026,DOWN,discount_zone,0.5320945945945946,-0.029599759770065636,-0.05147784307837502
2026-06-22,2026,DOWN,generic_pullback,0.40033783783783783,-0.08408047702801252,-0.1552914932864313
2026-06-25,2026,DOWN,discount_zone,0.4851769206248008,0.8948379257633363,0.6075334143377885
2026-06-23,2026,DOWN,generic_pullback,0.23685049410264583,0.17909684022003328,0.3223743123960599
2026-06-24,2026,DOWN,discount_zone,0.5432756324900133,0.06275140788415125,0.015687851971037812
2026-06-24,2026,DOWN,generic_pullback,0.8641810918774967,0.035398230088495575,0.038616251005631534
2026-06-25,2026,DOWN,generic_pullback,0.7673836918459229,-0.08701446321483165,0.021949594324462036
2026-06-25,2026,UP,discount_zone,0.45667198298777245,-0.12660212440716498,0.009798926037706266
2026-06-25,2026,UP,generic_pullback,0.3593833067517278,-0.08544663504879864,-0.08936620546388115
2026-06-26,2026,DOWN,discount_zone,0.531055900621118,-0.0374093107617896,-0.051768440145102776
2026-06-26,2026,DOWN,generic_pullback,0.41304347826086957,-0.05592503022974607,-0.26715538089480045
2026-06-26,2026,UP,discount_zone,0.46293245469522243,-0.13792321644498184,-0.2626209189842805
2026-06-26,2026,UP,generic_pullback,0.39373970345963755,-0.010958282950423216,-0.06045949214026602
2026-06-29,2026,UP,discount_zone,0.46238244514106586,0.08481167364171698,0.18517832672863968
2026-06-29,2026,UP,generic_pullback,0.219435736677116,0.11406984926484205,0.21147364912410652
2026-07-01,2026,UP,discount_zone,0.5074459117729699,0.20613470991384628,0.08738702232245107
2026-07-01,2026,UP,generic_pullback,0.4051699915706659,0.08879649042442608,-0.022903856657094032
2026-07-01,2026,UP,discount_zone,0.4870775347912525,-0.03629380362585669,-0.05003611762011311
2026-07-01,2026,UP,generic_pullback,0.8807157057654076,0.0285417290649941,-0.0014094681019750173
2026-07-06,2026,UP,generic_pullback,0.3129459734964322,0.005756120374867339,0.1698055510585865
2026-07-09,2026,DOWN,discount_zone,0.46175637393767704,-0.00040084980157934825,0.048903675792680484
2026-07-06,2026,DOWN,generic_pullback,0.6883852691218131,0.6874966272732178,0.8990340510495926
2026-07-07,2026,UP,generic_pullback,0.11579754601226994,-0.11000978274913709,-0.31378629307639777
2026-07-08,2026,DOWN,discount_zone,0.5041825095057034,-0.03457556529084729,-0.7374810914877316
2026-07-08,2026,DOWN,generic_pullback,0.39543726235741444,-0.13515902795513035,-0.08250987171679469
2026-07-16,2026,UP,discount_zone,0.48951048951048953,-0.0008663634394628547,-0.16027723630062812
2026-07-08,2026,UP,generic_pullback,0.386013986013986,0.0,0.7740211775337407
2026-07-13,2026,DOWN,generic_pullback,0.33724340175953077,-0.013583321327872565,0.003292926382514561
2026-07-14,2026,UP,generic_pullback,0.2361904761904762,0.0990916597853014,0.11169542352992307
2026-07-15,2026,DOWN,discount_zone,0.46313799621928164,0.3641530054644809,0.42710382513661205
2026-07-15,2026,DOWN,generic_pullback,0.7523629489603024,-0.06644808743169399,0.12808743169398906
2026-07-16,2026,DOWN,discount_zone,0.4938875305623472,0.11132770197097683,0.002599090318388564
2026-07-16,2026,DOWN,generic_pullback,0.38141809290953543,0.08143816330950834,0.0823045267489712
2026-07-17,2026,UP,discount_zone,0.5300925925925926,0.016344086021505378,0.5617204301075269
2026-07-17,2026,UP,generic_pullback,0.6481481481481481,0.4967741935483871,0.2946236559139785
2026-07-22,2026,UP,discount_zone,0.47684391080617494,-0.08602694667594409,0.11849790203892298
2026-07-21,2026,UP,generic_pullback,0.13636363636363635,-0.027242970703641206,-0.1475999756033098
2026-07-22,2026,DOWN,discount_zone,0.4849726775956284,0.008855715098994243,-0.0016868028759989037
2026-07-22,2026,DOWN,generic_pullback,0.32786885245901637,-0.20452484871486706,-0.17500579838488625
2026-07-22,2026,UP,generic_pullback,0.1325115562403698,-0.04006156830497396,-0.004638707908996985
2026-08-03,2026,DOWN,discount_zone,0.48897312198483806,0.049336470158287835,0.07309106690116716
2026-07-23,2026,DOWN,generic_pullback,0.17195037904893176,0.07892728660198409,0.1626512591300556
2026-07-27,2026,DOWN,discount_zone,0.525,-0.09521267129382453,0.11078483715963695
2026-07-27,2026,DOWN,generic_pullback,0.265,-0.19309485673607404,-0.27540487631251115
2026-07-27,2026,UP,discount_zone,0.5361842105263158,0.11434418935753693,0.0827549386011746
2026-07-27,2026,UP,generic_pullback,0.8223684210526315,0.025360384410037375,0.14682327816337426
2026-07-28,2026,UP,discount_zone,0.47549909255898365,0.04631711484845759,0.05036424138861408
2026-07-28,2026,UP,generic_pullback,0.3793103448275862,-0.09128518751686301,-0.044968072668405426
2026-07-28,2026,DOWN,generic_pullback,0.6958041958041958,0.4047126540156489,0.6448421620649338
2026-07-30,2026,UP,generic_pullback,0.14623955431754876,0.17043447545037088,-0.036647827622748146
2026-07-30,2026,UP,generic_pullback,0.35535714285714287,0.18942069939950545,0.34086895090074176
2026-07-31,2026,DOWN,discount_zone,0.46360582306830905,-0.18031312688786924,-0.2831515598699532
2026-07-31,2026,DOWN,generic_pullback,0.7950727883538634,0.0996103207360096,-0.058106020429338934
2026-07-31,2026,UP,generic_pullback,0.30293159609120524,0.0009223177845926815,0.3573981415296641
2026-08-07,2026,DOWN,discount_zone,0.544179523141655,0.01929866883045681,0.10087940525011514
2026-08-05,2026,DOWN,generic_pullback,0.25666199158485276,-0.00043416910886790404,-0.014761749701508738
2026-08-06,2026,DOWN,generic_pullback,0.2786885245901639,-0.05713288848183523,-0.017445156788346634
2026-08-11,2026,UP,discount_zone,0.521551724137931,0.04545767614849508,0.7222719654705329
2026-08-06,2026,UP,generic_pullback,0.6077586206896551,0.3288412054603341,0.2403070347594749
2026-08-07,2026,DOWN,discount_zone,0.4883720930232558,0.07763328143161034,-0.08640540362727253
2026-08-07,2026,DOWN,generic_pullback,0.6697674418604651,0.04166758042939538,0.11228316410447599
2026-08-10,2026,UP,discount_zone,0.5445783132530121,0.026511134676564158,0.05081300813008131
2026-08-10,2026,UP,generic_pullback,0.3132530120481928,-0.006627783669141039,0.03799929303640863
2026-08-10,2026,DOWN,discount_zone,0.5111940298507462,0.014581124072110287,-0.02165075998586073
2026-08-10,2026,DOWN,generic_pullback,0.6940298507462687,0.005744079179922234,0.025185577942735952
2026-08-11,2026,DOWN,generic_pullback,0.6535947712418301,0.05601855040521615,0.13453635466170766
2026-08-12,2026,UP,generic_pullback,0.19305555555555556,-0.0928806947475967,-0.16439882970324618
2026-08-12,2026,DOWN,discount_zone,0.5434782608695652,-0.04876236474248827,-0.055728416848558025
2026-08-12,2026,DOWN,generic_pullback,0.782608695652174,-0.006966052106069753,-0.008823666001021687
2026-08-12,2026,UP,generic_pullback,0.28888888888888886,0.02275577021316119,-0.04272511958389449
2026-08-13,2026,UP,discount_zone,0.5473684210526316,0.05198487712665406,0.07041587901701324
2026-08-13,2026,UP,generic_pullback,0.6842105263157895,0.09877126654064272,0.13043478260869565
2026-08-14,2026,DOWN,generic_pullback,0.2404040404040404,-0.0038014683171374948,0.017581790966760914
