date,y,side,pnl,macd_hist_aligned,macd_above_sig,macd_above_zero,boll_pctb,boll_extreme,boll_bw
2021-06-04,2021,LONG,-16.240000000000002,-2.5487592557224588,-2.5487592557224588,35.18146809252357,0.3715735145168215,0,0.005559386724500266
2021-06-11,2021,SHORT,-39.24,4.238378677209698,4.238378677209698,-0.03259334559334093,0.4926337680953661,0,0.0038104440746363558
2021-06-14,2021,LONG,-36.239999999999995,0.24600709470670878,0.24600709470670878,7.823025706018598,0.6595253478704648,1,0.0018776188300141173
2021-06-17,2021,LONG,-46.74,1.3103048371487915,1.3103048371487915,42.91431537610697,0.24357399264012647,0,0.01058009004395597
2021-06-21,2021,LONG,-23.74,1.0581986936034218,1.0581986936034218,3.4014637722302723,0.46445006097193364,0,0.0019719017143915514
2021-06-22,2021,LONG,61.260000000000005,2.618263664211339,2.618263664211339,11.390448282540092,0.36286719256727473,0,0.00518814237690737
2021-06-24,2021,LONG,-36.739999999999995,-4.9984002070567115,-4.9984002070567115,13.60425398195548,-0.1810374253756118,0,0.0018514950851767568
2021-06-29,2021,LONG,9.26,0.5564671926149014,0.5564671926149014,7.987903631441441,0.4482923689282403,0,0.00270996682592325
2021-07-01,2021,SHORT,-26.74,5.533444860652117,5.533444860652117,12.18905550652562,0.5920276290175276,1,0.005478887046159916
2021-07-02,2021,LONG,17.26,-0.1654755307412099,-0.1654755307412099,15.004027853281514,0.48271896051380425,0,0.0031843303953218035
2021-07-09,2021,LONG,63.760000000000005,5.207837510009013,5.207837510009013,9.796647047298393,0.7121459052677499,1,0.005036760577798409
2021-07-13,2021,LONG,-22.24,0.36497670390685144,0.36497670390685144,26.38405887488443,0.42225261136788705,0,0.006379431615841543
2021-07-15,2021,SHORT,70.76,5.944430278771861,5.944430278771861,25.737862286317977,0.40251385630529285,0,0.013206976880713962
2021-07-15,2021,SHORT,-72.24,1.93373643861956,1.93373643861956,17.136845315682876,0.3406518067430421,0,0.005456479703848276
2021-07-16,2021,SHORT,-58.74,5.486748894929142,5.486748894929142,5.309458596140757,0.38361496253029426,0,0.00964732549024746
2021-07-19,2021,SHORT,-164.24,-2.7349805903769013,-2.7349805903769013,12.93533663076414,0.22320105198477141,0,0.004610488721208852
2021-07-20,2021,LONG,163.76,-3.3779628606361847,-3.3779628606361847,27.624693981342716,0.07714803970297968,0,0.00592639901856418
2021-07-21,2021,LONG,-21.74,1.7470571449455816,1.7470571449455816,6.870801136648879,0.4513014070236554,0,0.004330982533500969
2021-07-21,2021,LONG,22.26,1.907761314323171,1.907761314323171,2.2988571469977614,0.4155634715463763,0,0.0027302063448931928
2021-07-22,2021,LONG,-83.24,3.057197899836325,3.057197899836325,31.83572455281319,0.30695089970478406,0,0.012696467767377734
2021-07-23,2021,LONG,93.26,2.796025982898037,2.796025982898037,23.765130674928514,0.36054714917762776,0,0.008965206386694458
2021-07-23,2021,LONG,5.76,-1.5931865903885125,-1.5931865903885125,18.186608510610313,0.63441602809392,1,0.002457298989622848
2021-07-27,2021,SHORT,26.76,5.124504148105579,5.124504148105579,50.298205620714725,0.4022567330403677,0,0.01692523625533531
2021-07-27,2021,SHORT,-242.74,-1.7027264826296822,-1.7027264826296822,28.693360758639756,0.5788668166688954,1,0.0050585075596213894
2021-07-28,2021,LONG,30.26,2.937014180915966,2.937014180915966,43.69659330927243,0.10903702833263018,0,0.015178713999988921
2021-07-29,2021,LONG,13.260000000000002,0.8140909900311026,0.8140909900311026,13.474272749379452,0.24397256437773784,0,0.005627572804375464
2021-08-05,2021,LONG,-0.7400000000000002,0.9975619815287189,0.9975619815287189,12.218675803498627,0.41323759987115427,0,0.005395539158474157
2021-08-06,2021,SHORT,-42.74,3.1881593700696573,3.1881593700696573,13.940165641188287,0.49465493699657115,0,0.005048929114242626
2021-08-16,2021,SHORT,-83.24,12.401443081667992,12.401443081667992,39.104098144927775,0.379542471071953,0,0.016162131254306364
2021-08-17,2021,SHORT,-76.24,2.3323803069030085,2.3323803069030085,23.848100666871687,0.2657345302884233,0,0.007338061223420219
2021-08-19,2021,LONG,86.76,8.377906199293868,8.377906199293868,-20.36560206746981,0.23684641858871358,0,0.013227543997383757
2021-08-23,2021,LONG,72.26,-4.468511916242143,-4.468511916242143,35.85838432178025,0.35582385655729176,0,0.005369998985294429
2021-08-24,2021,LONG,-35.239999999999995,0.21590739534017622,0.21590739534017622,12.340210363390725,0.10975167594175228,0,0.004719112383771425
2021-08-25,2021,SHORT,1.2599999999999998,2.42325399338573,2.42325399338573,-2.7898731201748888,0.33278115380188866,0,0.002896346535417841
2021-08-26,2021,SHORT,-69.74000000000001,6.5940601050047425,6.5940601050047425,12.985610502504642,0.5308320849765487,1,0.006011404709212837
2021-08-30,2021,LONG,-12.24,-3.469820101460101,-3.469820101460101,22.0665799986582,0.38071355289764774,0,0.0033121686308517275
2021-09-08,2021,SHORT,92.26,2.8102534132528874,2.8102534132528874,15.845946534142058,0.4551668909676378,0,0.007952883512690547
2021-09-20,2021,SHORT,189.26,15.179490849091138,15.179490849091138,111.0075399648631,0.22552118600422238,0,0.05597498578746343
2021-09-21,2021,LONG,-47.24,1.527483416206703,1.527483416206703,24.982744884346175,0.5149967406782989,1,0.007819557174796814
2021-09-22,2021,LONG,-82.24,1.99194660776811,1.99194660776811,24.392719873689202,0.4267091181299515,0,0.0053736583189369445
2021-09-23,2021,LONG,-68.24000000000001,0.9001362703516449,0.9001362703516449,40.221236053461325,0.21451342625578962,0,0.01909231594655218
2021-09-23,2021,LONG,-7.74,0.478237821346875,0.478237821346875,8.893232285459817,0.5354806424096166,1,0.0031430343194673795
2021-09-28,2021,SHORT,109.26,8.229535928053636,8.229535928053636,82.41218748554274,0.21126178193910733,0,0.03895387328992346
2021-09-29,2021,LONG,-44.24,-1.2045615343357774,-1.2045615343357774,10.664144463600678,0.012477132087962639,0,0.006944547908374608
2021-09-30,2021,SHORT,-59.74,8.610794246553933,8.610794246553933,15.196922948276551,0.6069734745034354,1,0.008081730325270282
2021-10-01,2021,SHORT,-407.24,4.2104067827716065,4.2104067827716065,52.62182524481432,0.13837020538422423,0,0.02316388238272378
2021-10-04,2021,SHORT,102.26,4.707268346162024,4.707268346162024,67.96527509571752,0.2271519729084171,0,0.020886075224367574
2021-10-05,2021,LONG,43.76,4.162203571858548,4.162203571858548,52.409766010721796,0.37312013635050467,0,0.01614989098119907
2021-10-05,2021,LONG,0.2599999999999998,-2.269160647886931,-2.269160647886931,16.289364260068396,0.6987181454768876,1,0.002259519445624439
2021-10-14,2021,LONG,36.26,-6.331826667856696,-6.331826667856696,34.43528865137705,0.5807503014727822,1,0.0022464772229251143
2021-10-15,2021,LONG,-54.74,2.6509877205248458,2.6509877205248458,14.0703811279418,0.5259529391370728,1,0.005277326900594488
2021-10-18,2021,LONG,44.26,-0.8164038863918943,-0.8164038863918943,14.13271617290411,0.6916349115872578,1,0.0021724486651148386
2021-10-19,2021,LONG,15.760000000000002,-0.8690395013379941,-0.8690395013379941,23.251668284921834,0.37983559438584913,0,0.006817505322626869
2021-10-20,2021,SHORT,-28.24,3.4554316446027835,3.4554316446027835,7.665031362377704,0.7008106631452657,1,0.0036292924221777326
2021-10-21,2021,LONG,-40.74,2.6705467649816637,2.6705467649816637,16.15844399116213,0.3013195301661522,0,0.006967376236954944
2021-10-22,2021,LONG,-195.24,0.8935744958715974,0.8935744958715974,2.5822562838857266,-0.021235134390622912,0,0.0038896691636246096
2021-10-27,2021,LONG,-54.24,1.2657028911271695,1.2657028911271695,16.54697824741379,0.4614977514074772,0,0.003997962739835381
2021-11-02,2021,LONG,-42.74,-1.8497293288414731,-1.8497293288414731,17.312370598183406,0.3081615321739608,0,0.0037494577191269428
2021-11-04,2021,LONG,0.2599999999999998,-8.435511324711527,-8.435511324711527,54.22224324698618,0.13887206329525736,0,0.00996604652524374
2021-11-04,2021,LONG,17.26,-1.5859995835151377,-1.5859995835151377,13.361712029691262,0.30389365009472113,0,0.0022324370746447924
2021-11-05,2021,LONG,-168.24,-1.8412399443417442,-1.8412399443417442,11.883452532805677,0.2089203756942687,0,0.001857510253452022
2021-11-10,2021,SHORT,183.26,6.909928722175501,6.909928722175501,28.74958398119088,0.3623802947187789,0,0.00979784405721588
2021-11-12,2021,LONG,185.76,4.992440753018535,4.992440753018535,6.23301185904711,0.49326825111239647,0,0.005452501719134679
2021-11-15,2021,SHORT,-83.24,6.687427149748379,6.687427149748379,14.75780102814133,0.5563388389680252,1,0.0055709096136438
2021-11-17,2021,LONG,29.76,3.8206922388860023,3.8206922388860023,7.172843821783317,0.533756805559511,1,0.003666072542191727
2021-11-18,2021,LONG,95.58,-0.03164195796185432,-0.03164195796185432,3.0146710150129366,0.13649954163928346,0,0.006318579480998612
2021-11-19,2021,LONG,-36.239999999999995,-1.180211463403154,-1.180211463403154,23.53457791022811,0.5346136721596182,1,0.003639809358296118
2021-11-23,2021,SHORT,75.26,13.006121935592525,13.006121935592525,76.31848206903487,0.30764922793213834,0,0.03211247853571567
2021-11-30,2021,SHORT,46.26,15.31598811119877,15.31598811119877,65.15567338147957,0.32581590909942415,0,0.02961650757503382
2021-12-01,2021,LONG,11.760000000000002,-0.45014190034957124,-0.45014190034957124,38.00845876267522,0.22844895915836883,0,0.01875297746390877
2021-12-02,2021,SHORT,-813.24,6.692108679887227,6.692108679887227,84.98297838454528,0.2585707701327109,0,0.02454975714685102
2021-12-03,2021,SHORT,153.76,13.873437023767494,13.873437023767494,73.36628405077317,0.29042802374215493,0,0.03107752250632635
2021-12-07,2021,LONG,-3.24,-12.51054005450439,-12.51054005450439,63.89115037622105,0.40389058539019895,0,0.005622487005226008
2021-12-09,2021,SHORT,-6.24,11.539024408881371,11.539024408881371,13.584413512460742,0.5242561855035892,1,0.008447723136579955
2021-12-09,2021,SHORT,123.26,5.608711257131503,5.608711257131503,15.914999198272199,0.5027307938416211,1,0.005844622519061426
2021-12-10,2021,SHORT,-206.24,10.33524775617879,10.33524775617879,19.136736858697986,0.45878792844028193,0,0.012110907760549135
2021-12-13,2021,SHORT,15.760000000000002,6.4990002587671825,6.4990002587671825,15.959901405609344,0.37626631887028333,0,0.009891572971115809
2021-12-22,2021,LONG,106.76,1.5684899374034238,1.5684899374034238,30.970163282621797,0.5580074984175369,1,0.00835052568297154
2021-12-23,2021,LONG,108.76,5.362997007236459,5.362997007236459,44.84456392239554,0.26162585656283077,0,0.016199859847131445
2021-12-23,2021,LONG,4.26,-2.6249058499135582,-2.6249058499135582,11.468133799437055,0.6534026084643578,1,0.0015830178860139809
2021-12-27,2021,LONG,-28.74,-1.0449423450222568,-1.0449423450222568,42.08053188696795,0.29752555663094005,0,0.009557359720193417
2021-12-30,2021,LONG,21.76,-0.9200231928032814,-0.9200231928032814,18.122463012841763,0.04423343250918288,0,0.0076622740655989605
2022-01-06,2022,SHORT,-813.24,17.65348053508501,17.65348053508501,94.32095733898859,0.411939994915621,0,0.02749668000605033
2022-01-06,2022,LONG,17.76,21.38193482995648,21.38193482995648,-8.456546207295105,0.2548140448558195,0,0.0190536832184076
2022-01-07,2022,SHORT,-80.74,16.414266959561886,16.414266959561886,48.55869466722288,0.4731348072636614,0,0.020442747255066753
2022-01-11,2022,LONG,169.26,4.2520327696993405,4.2520327696993405,42.284395556318486,0.5978067406564558,1,0.013518914300996457
2022-01-14,2022,LONG,-131.24,6.246631715652505,6.246631715652505,-29.576630364665107,0.12953759598450698,0,0.013801528505150155
2022-01-21,2022,SHORT,195.12,33.12484763272292,33.12484763272292,146.85921891962062,0.34120088254114556,0,0.05652739071168765
2022-01-21,2022,LONG,81.64,22.95593470944185,22.95593470944185,-100.55910215821132,0.011602185367925455,0,0.04447669972333256
2022-01-24,2022,SHORT,166.32,39.02895625957633,39.02895625957633,140.30739044950678,0.39191896384031333,0,0.05821782299047986
2022-01-24,2022,SHORT,182.96,19.7208843449595,19.7208843449595,150.30929270273555,0.23552607536125952,0,0.06350539811094078
2022-01-24,2022,SHORT,245.76,-9.707547739450604,-9.707547739450604,94.91354849800882,0.3343685376124448,0,0.013925461437756834
2022-01-25,2022,SHORT,73.76,6.297098268645431,6.297098268645431,-11.59524846018212,0.17452261076059705,0,0.01651290294177826
2022-01-28,2022,LONG,383.76,21.512233339717188,21.512233339717188,2.26100946223778,0.573941933895749,1,0.017552109921262472
2022-01-28,2022,LONG,51.26,20.415974001981738,20.415974001981738,60.36282998608294,0.31583467582541613,0,0.0336707082786395
2022-01-31,2022,LONG,80.76,3.974558834843208,3.974558834843208,121.96820849361211,0.20955776691058803,0,0.05392557813419597
2022-02-01,2022,LONG,-65.24000000000001,5.941127467952608,5.941127467952608,15.304358530631362,0.43220643995146235,0,0.010220608006213652
2022-02-02,2022,SHORT,138.26,5.582471312987394,5.582471312987394,-46.77646958683181,-0.10802250759271226,0,0.026761050333381775
2022-02-09,2022,LONG,-1.2400000000000002,-1.1480881592762842,-1.1480881592762842,50.72629113093535,0.23143645071372687,0,0.018907918967209274
2022-02-11,2022,SHORT,49.76,1.1896848458695004,1.1896848458695004,34.73211314465152,0.47223172448199147,0,0.010117871721840789
2022-02-14,2022,LONG,73.76,10.957170866647285,10.957170866647285,-5.826605800453763,0.5183613005711389,1,0.008351092242673903
2022-02-15,2022,LONG,-104.24,4.220753234064858,4.220753234064858,63.37977108645828,0.2399013154802534,0,0.032795161814940334
2022-02-15,2022,LONG,90.76,1.0213033905223727,1.0213033905223727,1.3559571741752734,0.2481318198300405,0,0.00943908962531398
2022-02-17,2022,SHORT,26.26,10.383910531015907,10.383910531015907,39.68257853012619,0.24683148112693387,0,0.027500980297272482
2022-02-17,2022,SHORT,111.26,0.6642071649097758,0.6642071649097758,16.658692768125547,0.470629341862022,0,0.006056238913814547
2022-02-18,2022,SHORT,96.26,5.3487147641709,5.3487147641709,46.99414763567256,0.4481335830650723,0,0.01619607576565586
2022-02-22,2022,LONG,-407.24,14.255819230932133,14.255819230932133,67.65567026659664,0.22314858814618355,0,0.039298171890457166
2022-02-23,2022,SHORT,6.76,5.10582646882002,5.10582646882002,34.44687461847025,0.17630985181495884,0,0.015421903418142433
2022-02-23,2022,SHORT,576.02,10.768629367455336,10.768629367455336,18.50742224762689,0.6431329610226448,1,0.011870883315377358
2022-02-24,2022,LONG,120.76,22.054402931949078,22.054402931949078,-31.232753485948706,0.18800472935952595,0,0.024777820000341923
2022-02-24,2022,LONG,-81.24,20.554505610502943,20.554505610502943,5.201490380399264,0.24307441598290436,0,0.021674189439928892
2022-02-24,2022,LONG,448.76,8.42684335283634,8.42684335283634,15.989880560937308,0.6028075076872781,1,0.012675501638292588
2022-02-25,2022,LONG,85.46,-0.23352142352855765,-0.23352142352855765,80.0326029979442,0.32880779413202477,0,0.02254681917033746
2022-02-25,2022,LONG,-43.239999999999995,-2.5001975526230567,-2.5001975526230567,13.537055888507894,-0.021666815609531487,0,0.008584269412055917
2022-02-28,2022,LONG,188.36,7.480386832927811,7.480386832927811,4.805837268644609,0.6883625647402112,1,0.009002747147850753
2022-02-28,2022,LONG,-253.74,-5.290418369073228,-5.290418369073228,-16.108801916408993,-0.028129793321534757,0,0.018401934652028985
2022-03-01,2022,LONG,-407.24,8.24110409654023,8.24110409654023,36.63307102434737,0.21927387360344042,0,0.02191132728455665
2022-03-02,2022,LONG,99.64,2.9153708037833237,2.9153708037833237,2.9042506590431003,0.29931116222212384,0,0.013425569510015643
2022-03-04,2022,SHORT,84.78,3.7788563129449955,3.7788563129449955,71.306919781744,0.2288508564392578,0,0.025663032172520927
2022-03-04,2022,SHORT,84.12,-0.6438936402902247,-0.6438936402902247,-10.274616409045848,0.17970867831598752,0,0.00926985501887089
2022-03-08,2022,LONG,-407.24,22.695637646881494,22.695637646881494,-35.926932774147645,0.324430161861196,0,0.02108982953325442
2022-03-08,2022,LONG,-407.24,-5.292618327239879,-5.292618327239879,77.25716167980136,0.020351335005105664,0,0.03963204354293416
2022-03-09,2022,LONG,36.76,7.519093703203879,7.519093703203879,50.660527923586415,0.30053827154231616,0,0.022174361239424244
2022-03-09,2022,LONG,94.76,-1.3409188270456909,-1.3409188270456909,29.807312301334605,0.009237930748996925,0,0.011376913159230407
2022-03-10,2022,SHORT,15.760000000000002,7.276499953903205,7.276499953903205,46.46636901236343,0.3016013463485152,0,0.031216629839975998
2022-03-11,2022,SHORT,107.26,6.372545960899062,6.372545960899062,10.136739176874471,0.39735357396014037,0,0.012171295605653042
2022-03-15,2022,LONG,-68.24000000000001,-5.03042691131963,-5.03042691131963,47.676251334154585,-7.531825737977504e-05,0,0.012456122397268015
2022-03-16,2022,LONG,-57.74,17.310162088506758,17.310162088506758,125.33767632550007,0.31023660609295545,0,0.056171861265464966
2022-03-17,2022,LONG,80.74,-1.6225367920074518,-1.6225367920074518,21.384992422999858,0.35179222576594293,0,0.007913531883684594
2022-03-21,2022,LONG,105.26,-2.672556587863994,-2.672556587863994,51.658141598423754,0.06390198474143483,0,0.016465907522695264
2022-03-22,2022,LONG,-0.7400000000000002,-6.452235440057947,-6.452235440057947,11.198938736781201,0.0384281560222135,0,0.006940020645847721
2022-03-23,2022,SHORT,-5.24,11.36145990945414,11.36145990945414,17.29447884506044,0.6261423979268887,1,0.010741862048361412
2022-03-24,2022,LONG,39.26,-2.720016474892084,-2.720016474892084,16.734746646354324,0.03633595076149121,0,0.004046271843130261
2022-03-25,2022,LONG,-407.24,2.6668931246711267,2.6668931246711267,27.6928538766133,0.35381456728028127,0,0.010936598991951216
2022-03-29,2022,LONG,229.76,3.744140297282634,3.744140297282634,10.218185357409311,0.6113773961006843,1,0.0058509190576946455
2022-03-30,2022,SHORT,-85.24,11.51138579820245,11.51138579820245,11.504554263276077,0.4607848304652153,0,0.008599629947080927
2022-04-01,2022,SHORT,159.76,2.6568151120203396,2.6568151120203396,27.0423360784971,0.5836245603632937,1,0.007351896514474563
2022-04-04,2022,LONG,122.76,-1.9922258274779878,-1.9922258274779878,55.332545224477144,0.28802442145436735,0,0.016771648872146484
2022-04-06,2022,SHORT,-3.24,3.0534093440738985,3.0534093440738985,102.41545998303081,0.18734094790614303,0,0.04711179068423543
2022-04-07,2022,SHORT,76.92,10.25021973242276,10.25021973242276,6.003528163213559,0.5089382955561821,1,0.012447173341483679
2022-04-14,2022,SHORT,73.26,-1.8627257607617764,-1.8627257607617764,23.206459606297358,0.5772626584108506,1,0.004065487267827383
2022-04-18,2022,LONG,-17.740000000000002,13.56016867416514,13.56016867416514,-4.021313766324965,0.7061169075974778,1,0.009366645380912206
2022-04-19,2022,LONG,30.76,0.9459850404971348,0.9459850404971348,50.99994432639687,0.20496260472492978,0,0.020613733170710684
2022-04-19,2022,LONG,75.76,-2.9550978363243354,-2.9550978363243354,4.8929675153049175,0.29374740934654786,0,0.003121205807565299
2022-04-22,2022,SHORT,154.76,2.354390230583931,2.354390230583931,56.050340057010544,0.3044878565659477,0,0.016409115461138976
2022-04-25,2022,LONG,-407.24,17.544945160485746,17.544945160485746,-18.410748548696574,0.3830694136773741,0,0.018793185172777387
2022-04-26,2022,SHORT,-72.74,-7.511007831790016,-7.511007831790016,4.689524814459219,0.044345214542377165,0,0.009062791988965707
2022-04-27,2022,LONG,295.76,5.119867223068393,5.119867223068393,-21.625588940218222,0.061655907372117014,0,0.023490503503415038
2022-04-28,2022,SHORT,-407.24,0.4061743507015412,0.4061743507015412,3.572778802090397,0.22402330355215833,0,0.015372352468078014
2022-05-02,2022,SHORT,121.76,7.487730032174838,7.487730032174838,23.705984796257326,0.3270447915468391,0,0.012249941253317674
2022-05-03,2022,LONG,-168.24,-3.9265790025732414,-3.9265790025732414,46.78441387827479,0.44072215928818304,0,0.013031693643681229
2022-05-04,2022,LONG,92.88,15.40447640578958,15.40447640578958,34.5778274244949,0.41519801393840705,0,0.02185321665391993
2022-05-05,2022,SHORT,91.3,14.094984032817528,14.094984032817528,66.5719913416142,0.2963990923605223,0,0.03368035477248579
2022-05-06,2022,LONG,-65.24000000000001,25.841673063455985,25.841673063455985,-5.231882354761183,0.44603510098491617,0,0.027639380666774887
2022-05-09,2022,SHORT,-60.24,11.851832020377344,11.851832020377344,90.32371607714776,0.3976509366074168,0,0.0378782353802272
2022-05-11,2022,SHORT,-29.74,13.14795354014931,13.14795354014931,53.43694393657643,0.4585974548483962,0,0.025253067280957817
2022-05-12,2022,LONG,-407.24,22.059183608972873,22.059183608972873,-10.547475562114414,0.3104786769191681,0,0.03443008345313781
2022-05-12,2022,SHORT,215.26,1.7556961441793604,1.7556961441793604,20.154274511040057,0.20253823170442103,0,0.016019839601951764
2022-05-13,2022,LONG,99.76,60.57937585274806,60.57937585274806,116.54606040507315,0.4214540497649485,0,0.07779987554704162
2022-05-18,2022,SHORT,257.26,1.5193026872439077,1.5193026872439077,43.4598427593246,0.4944966191261051,0,0.010096128888698534
2022-05-18,2022,SHORT,432.76,-6.847451197789638,-6.847451197789638,43.512247842121724,0.47543028874940774,0,0.011431740649925656
2022-05-19,2022,LONG,135.26,10.469011006461997,10.469011006461997,-16.144972893172962,0.18038542342732145,0,0.013178608720039231
2022-05-24,2022,SHORT,-72.74,19.413109332741215,19.413109332741215,100.08839900748535,0.23491215998873616,0,0.06008400201844982
2022-05-24,2022,SHORT,-67.24000000000001,3.016605692296033,3.016605692296033,8.431633879719811,0.35419480496328765,0,0.013302536940696242
2022-05-25,2022,LONG,-77.74,13.329577115216559,13.329577115216559,42.670230223933686,0.4767209597830465,0,0.025460924850371137
2022-05-26,2022,LONG,73.98,11.253259322557106,11.253259322557106,60.14491680754145,0.3960123963849256,0,0.024673303646549048
2022-05-26,2022,LONG,197.36,0.10161687689208065,0.10161687689208065,63.31979449492064,0.3928869829134962,0,0.021547526465950553
2022-05-27,2022,LONG,40.26,1.5398132366048287,1.5398132366048287,65.82736772529097,0.1872462578349796,0,0.034127209271471504
2022-05-31,2022,LONG,-43.74,15.493378853637816,15.493378853637816,-0.24667550605227007,0.6244245277422742,1,0.011382275458141246
2022-05-31,2022,LONG,-132.74,-2.083525363431768,-2.083525363431768,10.445156757701625,0.2424657692079667,0,0.0071462478799955
2022-06-03,2022,SHORT,55.26,10.865629401232788,10.865629401232788,47.46624163035267,0.3696446887332188,0,0.02812465848008382
2022-06-08,2022,LONG,-254.74,-4.583016254946642,-4.583016254946642,9.774304394048158,0.09205429466575621,0,0.007613418701089836
2022-06-09,2022,LONG,-22.24,0.488492412604435,0.488492412604435,-10.892932166225364,0.054018539408764554,0,0.010437752647484354
2022-06-10,2022,SHORT,41.76,10.642364829380256,10.642364829380256,161.8747030506256,0.2196363773486833,0,0.08295987113625261
2022-06-13,2022,SHORT,-57.24,-6.529301531633664,-6.529301531633664,106.98555595466678,0.26101568045182055,0,0.021729022693986744
2022-06-20,2022,LONG,65.76,8.033167675075305,8.033167675075305,68.01634050813846,0.20800496893254516,0,0.04980176639979832
2022-06-21,2022,LONG,-80.74,-2.2580685819474517,-2.2580685819474517,4.067798544801917,-0.023426834010270514,0,0.0046374918677032475
2022-06-22,2022,LONG,-71.24,-1.7499240318648646,-1.7499240318648646,19.725259728889796,0.1506268618499288,0,0.01467391347668381
2022-06-23,2022,LONG,-73.24,4.421802554849052,4.421802554849052,-2.0146708958982344,0.13483029513210654,0,0.011327290698890328
2022-06-28,2022,SHORT,224.76,13.444260477585793,13.444260477585793,54.129634054361304,0.5188639424529858,1,0.021947944696152636
2022-06-29,2022,LONG,-33.739999999999995,7.136284624131374,7.136284624131374,-15.530185138670277,0.07473713300093343,0,0.01612776478651773
2022-06-30,2022,SHORT,-407.24,30.70949385980677,30.70949385980677,72.28033165916713,0.4692751942603518,0,0.0429922782781593
2022-07-07,2022,LONG,69.76,-2.8101908026698297,-2.8101908026698297,38.5987412908853,0.257260734050355,0,0.013422613055859355
2022-07-13,2022,LONG,-62.74,18.1664616422296,18.1664616422296,-31.104777838063455,0.32694536898612625,0,0.027146570989120756
2022-07-13,2022,LONG,-49.24,7.8017995136694775,7.8017995136694775,16.701899397494344,0.584176334460091,1,0.01074575750539941
2022-07-19,2022,LONG,68.76,-0.9757755392245535,-0.9757755392245535,19.54531513747861,0.5676920991022438,1,0.005494717342902754
2022-07-20,2022,LONG,164.96,8.896986261161146,8.896986261161146,37.34407546405964,0.5720442424971568,1,0.016169245527490442
2022-07-21,2022,LONG,87.26,7.648801879474565,7.648801879474565,15.936580209783642,0.4759305324240507,0,0.012675770275077484
2022-07-22,2022,SHORT,94.26,11.738490004814444,11.738490004814444,25.951008115076547,0.6449242204292522,1,0.012301331925015143
2022-07-26,2022,SHORT,-18.74,-0.9534037726705016,-0.9534037726705016,28.808212916532284,0.3515816860282003,0,0.00929401416913498
2022-07-27,2022,LONG,44.26,-3.5706256945442902,-3.5706256945442902,62.30903958464842,0.18210096408103293,0,0.024018424903383337
2022-07-28,2022,LONG,102.76,0.9630840527811948,0.9630840527811948,20.719120779147488,0.6435183755237084,1,0.0057141942377486625
2022-07-29,2022,LONG,-60.74,4.110215501412064,4.110215501412064,51.56087045847016,0.23311962883646886,0,0.02223605417437901
2022-08-03,2022,LONG,261.76,-0.6233210608039244,-0.6233210608039244,32.13725979947412,0.19492500900359067,0,0.013612260150607026
2022-08-09,2022,SHORT,9.76,-4.254012021015335,-4.254012021015335,30.72631721019752,0.2859642664737922,0,0.012137331818452904
2022-08-10,2022,LONG,-121.24,-2.039555713789781,-2.039555713789781,63.705741251098516,0.2714342284063592,0,0.020649486511029533
2022-08-10,2022,LONG,-31.74,0.5568872261222779,0.5568872261222779,12.881191249733092,0.31583369102601755,0,0.004535414601877435
2022-08-11,2022,LONG,-407.24,5.517794187376239,5.517794187376239,48.14648925633264,0.23181814126389577,0,0.024789803092496985
2022-08-12,2022,LONG,84.26,1.8448078884495587,1.8448078884495587,14.38315456973578,0.2797687737706325,0,0.009714112516665162
2022-08-15,2022,LONG,94.26,3.3395203559153916,3.3395203559153916,12.482236059106071,0.5724677231401598,1,0.005933342690297599
2022-08-16,2022,LONG,-179.74,2.0275929228511433,2.0275929228511433,13.180907141077114,0.5528984914040476,1,0.004596740492237904
2022-08-18,2022,LONG,72.26,2.039998037493591,2.039998037493591,-8.593813424789914,0.10617780118613906,0,0.010942769857807583
2022-08-18,2022,LONG,22.26,-2.0987986937193073,-2.0987986937193073,-2.8630755666708865,-0.14372980607607155,0,0.007204675406328303
2022-08-19,2022,SHORT,-6.24,-1.6381557629327617,-1.6381557629327617,55.39865786932023,0.18391663391483387,0,0.027729880756616223
2022-08-19,2022,SHORT,20.76,1.0253732957320558,1.0253732957320558,9.137914522356368,0.5282805713700388,1,0.004558073888273687
2022-08-22,2022,SHORT,-48.74,8.345038468451378,8.345038468451378,73.4419784100428,0.2676981355764109,0,0.03678303098957307
2022-08-22,2022,SHORT,71.26,0.12345311294359185,0.12345311294359185,14.543237139832854,0.519933761175115,1,0.004492132088191531
2022-08-24,2022,LONG,-60.74,6.031298162601604,6.031298162601604,9.477757470602228,0.49379211899946884,0,0.008075201202403758
2022-08-26,2022,SHORT,186.26,18.409309966039988,18.409309966039988,12.413136399429277,0.5921539125182645,1,0.01897725904771983
2022-09-01,2022,SHORT,-46.74,5.419406668573828,5.419406668573828,56.861688292743565,0.34222647751015745,0,0.022216547111689928
2022-09-02,2022,LONG,-53.74,7.908958377666082,7.908958377666082,65.70155858462931,0.4244003812135474,0,0.025951148057841586
2022-09-06,2022,SHORT,-75.74,11.379882588237827,11.379882588237827,46.4007595165931,0.24773532586025265,0,0.025732337202994397
2022-09-06,2022,SHORT,-69.24000000000001,6.347411334312775,6.347411334312775,12.576391956203224,0.5619170137923013,1,0.011825975212010372
2022-09-07,2022,LONG,38.26,5.0824237072851,5.0824237072851,15.835141749868853,0.5778631387161957,1,0.007971037823677979
2022-09-09,2022,LONG,-17.740000000000002,5.54855777365978,5.54855777365978,67.18819954518585,0.25035601852379785,0,0.03770931889020878
2022-09-12,2022,LONG,26.76,-4.301302075798333,-4.301302075798333,16.8458941341396,-0.10259491139458049,0,0.006205959363763714
2022-09-21,2022,LONG,-407.24,3.0251703396449345,3.0251703396449345,10.747580968069087,0.679681804442325,1,0.004873473134754974
2022-09-22,2022,SHORT,-44.24,-2.430077526562883,-2.430077526562883,85.25837409464111,0.16823742589785656,0,0.053648104690391704
2022-09-23,2022,SHORT,77.26,-6.957698066585415,-6.957698066585415,32.37462612728632,0.042694407040528015,0,0.006148597463827822
2022-09-29,2022,SHORT,-28.74,32.731447984057965,32.731447984057965,62.68825582534737,0.4587755052803316,0,0.042685319377132484
2022-09-29,2022,SHORT,-48.74,1.2812056953676816,1.2812056953676816,20.22929601105716,0.5394017703214903,1,0.007600070951107954
2022-10-03,2022,LONG,183.76,3.222270346107303,3.222270346107303,9.891383703798056,0.639176724298588,1,0.006267691685746607
2022-10-04,2022,LONG,-102.24,-1.1487978881248324,-1.1487978881248324,87.56133187502928,0.2154346825340988,0,0.043661652165750145
2022-10-04,2022,LONG,-2.24,0.504660924291441,0.504660924291441,-8.354575581361132,0.1052697718130089,0,0.011459981719813597
2022-10-05,2022,SHORT,-813.24,13.604242085540392,13.604242085540392,55.54859132924139,0.3513420207147864,0,0.032967717496420496
2022-10-05,2022,LONG,22.76,8.95011036557245,8.95011036557245,32.282676080161764,0.435080497687119,0,0.017610675850136398
2022-10-07,2022,SHORT,112.76,-9.169353295317563,-9.169353295317563,61.246315622332986,0.5320845734750554,1,0.0067067089407199625
2022-10-07,2022,SHORT,39.26,-2.9020188881459603,-2.9020188881459603,36.44221630048196,0.37106500054769775,0,0.009736583194190605
2022-10-10,2022,SHORT,-21.24,2.6593013415772333,2.6593013415772333,33.29122644448944,0.4455392821552736,0,0.018323031388966543
2022-10-10,2022,SHORT,-434.24,1.5502511981361202,1.5502511981361202,24.26752105761807,0.19000571990152176,0,0.01271510031482933
2022-10-11,2022,LONG,2.76,15.718928239811191,15.718928239811191,12.640733502781586,0.5284698835889698,1,0.016776658535418376
2022-10-13,2022,LONG,156.26,31.446055129805785,31.446055129805785,4.891212080683545,0.6825701342545538,1,0.028946719392675846
2022-10-13,2022,LONG,-34.239999999999995,5.1169528373824065,5.1169528373824065,52.3028989675222,0.598445048092983,1,0.017738452538549603
2022-10-14,2022,SHORT,140.76,14.54297924483268,14.54297924483268,-9.74797190420577,0.44495103776568373,0,0.016613496459194924
2022-10-19,2022,SHORT,-164.24,10.338320274218734,10.338320274218734,27.361653573434523,0.5013404959394882,1,0.014955317568955923
2022-10-25,2022,LONG,11.760000000000002,-4.418151439453929,-4.418151439453929,40.35124712421748,0.3183045202011573,0,0.012051916964045383
2022-10-25,2022,LONG,91.76,-5.568603979514975,-5.568603979514975,-1.980347313638049,-0.0682570768037069,0,0.0081947903900024
2022-10-31,2022,LONG,97.76,8.9980846750745,8.9980846750745,3.274519355420125,0.19057836631909075,0,0.01146626721709883
2022-11-03,2022,SHORT,-81.74,-9.696009007000285,-9.696009007000285,62.397786301427914,0.28087991462663187,0,0.014776540917627213
2022-11-04,2022,LONG,-407.24,6.62910797940043,6.62910797940043,32.43242560349972,0.10315552944720818,0,0.024494653977812468
2022-11-08,2022,LONG,152.26,2.9066005516803592,2.9066005516803592,34.046158284460034,0.4841352521961799,0,0.012089342483859842
2022-11-08,2022,LONG,-407.24,1.4244010304336427,1.4244010304336427,43.75901314573093,0.31582946351953445,0,0.015599396683014594
2022-11-10,2022,LONG,-39.24,-13.729915009283559,-13.729915009283559,81.74336079734712,0.4307208205971317,0,0.008343302290592497
2022-11-15,2022,LONG,-813.24,-4.3435223234167495,-4.3435223234167495,16.39962967302199,0.3260100828207657,0,0.008454085015104326
2022-11-16,2022,SHORT,14.760000000000002,0.9130214535058756,0.9130214535058756,-3.0702132370970503,0.31840837943427963,0,0.005987135762936431
2022-11-22,2022,LONG,34.76,6.358891294596772,6.358891294596772,6.855988048217114,0.4766887002482043,0,0.010050881010029562
2022-11-22,2022,LONG,36.76,-0.08314726128070227,-0.08314726128070227,10.869715005097532,0.5664891347379115,1,0.004327845195135796
2022-11-23,2022,LONG,4.76,-2.41868624532119,-2.41868624532119,39.71282254593643,0.20002136666490145,0,0.014039885207522718
2022-11-29,2022,SHORT,-67.74000000000001,7.990103889095069,7.990103889095069,19.303765790778925,0.5461091875501599,1,0.010993392132964866
2022-12-06,2022,SHORT,50.76,-3.0768482180892818,-3.0768482180892818,37.53426273177138,0.17540895564333164,0,0.012445392675577698
2022-12-06,2022,SHORT,85.26,0.4341365504480805,0.4341365504480805,18.47315466272994,0.5776434031555583,1,0.006682419855745617
2022-12-07,2022,SHORT,-153.24,-0.4465357164849557,-0.4465357164849557,4.062013891749302,0.3156643099166847,0,0.010506828349032911
2022-12-12,2022,LONG,-18.74,4.893431197157128,4.893431197157128,-16.9189386048929,0.397511470325295,0,0.0059652825148539075
2022-12-14,2022,LONG,-77.74,0.678617368632441,0.678617368632441,20.199281201163103,0.262523919121759,0,0.010874850694912569
2022-12-14,2022,LONG,-407.24,4.327015829356818,4.327015829356818,2.71359762346583,0.7768678751080609,1,0.005415519607362545
2022-12-15,2022,SHORT,205.76,4.259946171210629,4.259946171210629,95.64956275767327,0.23287826997676703,0,0.05082821476138755
2022-12-15,2022,SHORT,-67.74000000000001,-2.7010751319458635,-2.7010751319458635,30.69057594115293,0.6391110548550798,1,0.006382600641565439
2022-12-19,2022,SHORT,59.260000000000005,0.4499467019456205,0.4499467019456205,17.937962632895506,0.252160054814371,0,0.016132193558207733
2022-12-19,2022,SHORT,114.76,0.30971128494064804,0.30971128494064804,4.912543525553701,0.4931768483742253,0,0.0042081148402933755
2022-12-21,2022,LONG,-15.74,9.14250385878378,9.14250385878378,30.026023464717582,0.439396726701628,0,0.018655215454890413
2022-12-21,2022,LONG,-4.24,1.124611521415007,1.124611521415007,12.726266800182202,0.5657089871084675,1,0.0056710385545168124
2022-12-22,2022,SHORT,169.26,-6.088291535883258,-6.088291535883258,65.5921213232723,0.24972460788945927,0,0.015582494646343656
2022-12-28,2022,SHORT,95.26,8.564801179676483,8.564801179676483,14.924806807670393,0.4943624149063683,0,0.01221951581132935
2022-12-30,2022,SHORT,-36.239999999999995,3.6399869951603696,3.6399869951603696,5.46691714428016,0.8472025710143833,1,0.004915651265825624
2023-01-11,2023,LONG,48.76,3.267300025068973,3.267300025068973,32.637854833939855,0.19004698528565434,0,0.019123114635557537
2023-01-11,2023,LONG,-18.24,-0.9082138529016923,-0.9082138529016923,16.96446316903166,0.45779225401120516,0,0.005568276969658707
2023-01-12,2023,LONG,-76.74,7.772514738704853,7.772514738704853,6.726726264867466,0.4748560829539378,0,0.015425482116186351
2023-01-12,2023,LONG,-129.24,-1.9379399250073988,-1.9379399250073988,14.199886867880195,0.40586423060622745,0,0.006857665759242243
2023-01-13,2023,LONG,14.260000000000002,4.148237964376303,4.148237964376303,12.412737725329862,0.6422883418135708,1,0.0054616073719984115
2023-01-17,2023,LONG,-69.24000000000001,5.542541588211382,5.542541588211382,22.57304917386864,0.18013623832555825,0,0.01467260274821245
2023-01-19,2023,SHORT,36.76,3.5459112775502533,3.5459112775502533,38.89889834457426,0.25520860011846697,0,0.02414187696253241
2023-01-20,2023,LONG,95.26,3.237311301184306,3.237311301184306,20.598895362740222,0.3872994041817299,0,0.009012841779239151
2023-01-20,2023,LONG,255.26,-2.6065704622672605,-2.6065704622672605,14.940124799142723,0.19523837365076502,0,0.0030307557518026314
2023-01-23,2023,LONG,51.76,0.6744848272992314,0.6744848272992314,63.524079115890345,0.37195791241377996,0,0.02193625947795903
2023-01-23,2023,LONG,-46.24,-5.507411284145775,-5.507411284145775,23.413514866473633,0.3979505016300048,0,0.003946934259467633
2023-01-24,2023,LONG,-62.74,2.6583131832397227,2.6583131832397227,1.3372002343367058,0.3186472404044919,0,0.004857921398328688
2023-01-26,2023,LONG,36.76,0.46176813276059114,0.46176813276059114,10.829342717755935,0.6757577714506546,1,0.004003960165030125
2023-01-27,2023,LONG,52.76,-0.594669409073358,-0.594669409073358,18.057642973060865,0.4903079783286943,0,0.004242399128020961
2023-01-30,2023,SHORT,-61.24,12.924684937916254,12.924684937916254,54.65928902812993,0.34519250743684415,0,0.03250272660632838
2023-01-31,2023,LONG,24.76,5.661523446072437,5.661523446072437,12.43269493826483,0.2873647679550193,0,0.009446887484547351
2023-01-31,2023,LONG,-8.24,-0.7885603270440127,-0.7885603270440127,4.024418452951068,0.46869526377506987,0,0.002916398008443151
2023-02-02,2023,LONG,-9.74,2.719643168741271,2.719643168741271,134.98405386640115,0.2897307590212266,0,0.0545935203779324
2023-02-02,2023,LONG,-188.24,-5.960132159282388,-5.960132159282388,34.184874873584704,0.5080693027005647,1,0.006303763498737574
2023-02-07,2023,LONG,256.76,7.029490235557116,7.029490235557116,10.996882429770267,0.584532239328275,1,0.008350597885759802
2023-02-07,2023,LONG,238.26,-8.37517338795092,-8.37517338795092,19.963275253183383,-0.24397031477569597,0,0.021123534216872502
2023-02-08,2023,SHORT,64.26,12.363632082323774,12.363632082323774,10.02494393750203,0.3899269823538721,0,0.013702469460937278
2023-02-13,2023,LONG,-82.74,-4.493881179776242,-4.493881179776242,11.452252731498447,0.36839356694905445,0,0.0031748020434616193
2023-02-14,2023,LONG,-407.24,12.445931047869136,12.445931047869136,10.771549077637246,0.71564153330407,1,0.012259393260866067
2023-02-14,2023,LONG,134.76,12.657914451484555,12.657914451484555,19.270371209106088,0.45811483291398647,0,0.01493817868948028
2023-02-15,2023,LONG,35.76,0.641946572290782,0.641946572290782,-0.6160516849577107,0.28252220916685333,0,0.006386911470704608
2023-02-17,2023,SHORT,7.76,-4.659497746666162,-4.659497746666162,62.58038417507669,0.1874135576813275,0,0.0199230462595965
2023-02-24,2023,SHORT,-52.24,10.193189629495187,10.193189629495187,50.3162290250948,0.21010244789907306,0,0.03868030626831356
2023-02-24,2023,SHORT,-129.24,-0.7447276217228804,-0.7447276217228804,10.674989953111435,0.04139980428233697,0,0.006486706662249341
2023-02-27,2023,LONG,-81.74,3.0224100455617773,3.0224100455617773,49.03498106697043,0.18220237807093176,0,0.026677082547857413
2023-02-28,2023,LONG,-107.74,2.5171733634702598,2.5171733634702598,16.34817232847672,0.33053586460418327,0,0.007308308537765177
2023-03-01,2023,SHORT,-69.74000000000001,2.1013301726993703,2.1013301726993703,34.13849779116754,0.43770970270761916,0,0.013105709281048499
2023-03-03,2023,LONG,6.76,4.387108244630625,4.387108244630625,57.06210858101076,0.2914719698794711,0,0.025108929545304755
2023-03-03,2023,LONG,37.76,1.2801815136061272,1.2801815136061272,23.0068742825315,0.470927858788602,0,0.00766296962005951
2023-03-06,2023,LONG,-43.239999999999995,5.3595748537279135,5.3595748537279135,42.30712630982089,0.4298327023650472,0,0.016881627721287977
2023-03-07,2023,SHORT,31.76,-0.04503851535556791,-0.04503851535556791,31.19997528589556,0.20373712002624317,0,0.01907944002935622
2023-03-07,2023,SHORT,153.26,-2.202782239000025,-2.202782239000025,-0.6007018925029115,0.09234495062306386,0,0.007866352609840935
2023-03-08,2023,LONG,29.26,7.507959565697385,7.507959565697385,-0.6900998439123214,0.686597054064475,1,0.005904152372360558
2023-03-09,2023,LONG,-407.24,2.489962790176996,2.489962790176996,35.572912339710456,0.24953180387524254,0,0.02191553989047669
2023-03-10,2023,SHORT,-27.24,5.715930531405778,5.715930531405778,25.158569880868527,0.3959794867737001,0,0.0132259145525426
2023-03-13,2023,LONG,74.66,11.442694997347619,11.442694997347619,25.900720961624756,0.3880201708863421,0,0.02159507391229965
2023-03-14,2023,LONG,31.76,5.14895529319368,5.14895529319368,39.27710854592078,0.3702566092890167,0,0.01826042134680728
2023-03-16,2023,LONG,653.02,1.2367984942941028,1.2367984942941028,27.18599006946897,0.5760951323305419,1,0.008549254524656305
2023-03-16,2023,LONG,-57.24,-3.0529781909530485,-3.0529781909530485,44.86232662275506,0.5625156976688979,1,0.007567463405041595
2023-03-20,2023,LONG,-86.24,3.4338838320774343,3.4338838320774343,23.717995895885906,0.5147737034933739,1,0.008161606374937016
2023-03-22,2023,LONG,-18.74,3.733553689639166,3.733553689639166,27.311236569621542,0.48768948585942007,0,0.0092068958904067
2023-03-23,2023,LONG,-41.24,3.192312549180798,3.192312549180798,21.66835515134335,0.11123829208461333,0,0.013772521899326836
2023-03-28,2023,SHORT,-93.74,1.8839125876858311,1.8839125876858311,10.518280137541296,0.5418384362761747,1,0.003412007661488436
2023-03-29,2023,LONG,30.26,-8.006991421964472,-8.006991421964472,26.80977084915321,0.050473866798861455,0,0.006263042758713891
2023-03-29,2023,LONG,9.76,-4.50896497430967,-4.50896497430967,10.90658215779331,0.2613055297851653,0,0.002748560978743483
2023-03-30,2023,LONG,-22.74,2.7724764851170107,2.7724764851170107,39.301359306891754,0.2596838860564341,0,0.018030659315710924
2023-03-31,2023,LONG,92.26,2.7123252599271446,2.7123252599271446,25.253586318549424,0.33974456922670904,0,0.011731606681441258
2023-03-31,2023,LONG,67.76,-3.4386157094837557,-3.4386157094837557,6.541131015368592,0.11531512721403947,0,0.002204833579367739
2023-04-03,2023,SHORT,-47.24,9.36095044645097,9.36095044645097,16.09030271573465,0.46572614209980606,0,0.00952861050180579
2023-04-05,2023,SHORT,160.76,4.939297079723012,4.939297079723012,30.849524115363238,0.39369837645094263,0,0.013035204948866693
2023-04-06,2023,LONG,239.76,3.4181232685469336,3.4181232685469336,-1.35417539185255,0.2822394893960286,0,0.008859963741445598
2023-04-11,2023,SHORT,-17.240000000000002,4.47566662224806,4.47566662224806,9.811154947661635,0.3399873649534754,0,0.007840124872547085
2023-04-12,2023,SHORT,-80.24,4.085513059789517,4.085513059789517,8.304686451741873,0.5034684483646105,1,0.008656278609555016
2023-04-13,2023,LONG,86.76,-0.8829525378778253,-0.8829525378778253,10.90528183416609,0.48368059601597,0,0.003039793105966005
2023-04-20,2023,SHORT,-63.74,0.214829348462672,0.214829348462672,13.24147036154136,0.2975665817530311,0,0.0052241566597900375
2023-04-21,2023,LONG,-79.74,1.709751004907396,1.709751004907396,4.841162298282143,0.6062041926732231,1,0.002920365574508851
2023-04-25,2023,SHORT,93.26,0.2045109767302442,0.2045109767302442,15.292703482480647,0.5357288209636333,1,0.0036113263504484673
2023-04-25,2023,SHORT,15.260000000000002,0.9841571785798955,0.9841571785798955,17.976915989134795,0.45166243014104246,0,0.005301734366127881
2023-04-27,2023,LONG,86.26,10.370892996970841,10.370892996970841,41.71894061641251,0.3063522045274881,0,0.026401309895861896
2023-04-28,2023,LONG,-82.24,5.558874243373264,5.558874243373264,20.65637107116345,0.332504169914944,0,0.009112787092721557
2023-04-28,2023,LONG,3.76,2.452592045219154,2.452592045219154,10.321669940080028,0.3232369706769337,0,0.0052325038839067
2023-05-01,2023,SHORT,-26.74,2.4481249191985848,2.4481249191985848,-4.692462678596712,-0.004385700314906593,0,0.004073201658819359
2023-05-04,2023,SHORT,-58.74,3.9680660473762615,3.9680660473762615,50.49464850150616,0.23232179225176475,0,0.026122183396514356
2023-05-05,2023,LONG,-14.24,-0.5299970352812551,-0.5299970352812551,40.04053465339348,0.20507294234472195,0,0.012164268562707645
2023-05-05,2023,LONG,108.26,0.44397136848172636,0.44397136848172636,12.103168813486263,0.48768932785602703,0,0.0035390892989382097
2023-05-08,2023,SHORT,-85.74,4.549475769910508,4.549475769910508,8.927297023758001,0.28811491193748706,0,0.01039613335505942
2023-05-11,2023,SHORT,-54.74,2.4451073386955873,2.4451073386955873,-10.363647141581168,0.41232510087332525,0,0.0027256235869019744
2023-05-12,2023,SHORT,7.76,6.900722818100007,6.900722818100007,9.45794053386453,0.5242753533902225,1,0.007653582017152304
2023-05-12,2023,SHORT,-55.24,-0.7950767783400003,-0.7950767783400003,11.697194343345473,0.4043069531624751,0,0.003997283320545868
2023-05-15,2023,LONG,15.760000000000002,2.956151661554019,2.956151661554019,13.76467682675684,0.4690219521802067,0,0.0057983756504043265
2023-05-15,2023,LONG,-33.239999999999995,1.2293622642165118,1.2293622642165118,14.26190401081476,0.613678596363044,1,0.0035946531125648543
2023-05-17,2023,LONG,258.76,1.8728318608239616,1.8728318608239616,3.1128370827573235,0.08431671251661066,0,0.0052428474962229465
2023-05-18,2023,LONG,73.98,5.417632128936646,5.417632128936646,36.01210227390402,0.27213074450872654,0,0.014758251998909112
2023-05-18,2023,LONG,51.76,-1.1820528147107776,-1.1820528147107776,7.324436571369006,-0.07493623489728646,0,0.005063229465428509
2023-05-19,2023,SHORT,44.26,5.186863559244593,5.186863559244593,-13.370891084898176,0.3352316867960863,0,0.003819820746891295
2023-05-22,2023,LONG,62.260000000000005,-0.4634206390818335,-0.4634206390818335,-1.314677797467084,-0.041451483377107745,0,0.0021705705213144653
2023-05-24,2023,SHORT,-10.24,0.49227682973056375,0.49227682973056375,41.89769618140235,0.25687012091247724,0,0.016142354273671253
2023-05-25,2023,LONG,95.76,0.6886892260010313,0.6886892260010313,65.95491775887422,0.20506277796544303,0,0.03242218296589529
2023-05-31,2023,SHORT,-32.239999999999995,10.206628978074963,10.206628978074963,26.498756652887096,0.4106861017641632,0,0.01372998413160986
2023-06-01,2023,LONG,317.26,3.6152445349159237,3.6152445349159237,0.622305103301187,0.6691921824479268,1,0.005399382054646127
2023-06-02,2023,LONG,-37.739999999999995,5.007542961346717,5.007542961346717,20.361728591873543,0.2893609706902256,0,0.011471953469187095
2023-06-05,2023,LONG,79.76,-0.6049251132553488,-0.6049251132553488,7.12186736550575,0.053226299000853294,0,0.0044539564744366005
2023-06-06,2023,LONG,-17.240000000000002,7.943624336421314,7.943624336421314,-5.758265450434919,0.45799860535562587,0,0.0062554987558950574
2023-06-07,2023,SHORT,12.760000000000002,0.2569166202312303,0.2569166202312303,31.398948027223014,0.3470352721730403,0,0.008476827236949726
2023-06-12,2023,LONG,23.76,2.3732664096243496,2.3732664096243496,11.909433952572726,0.36347943619844536,0,0.00597694747764012
2023-06-12,2023,LONG,148.76,0.7928614349539007,0.7928614349539007,11.593798007708756,0.6570288514779763,1,0.002925323292938055
2023-06-15,2023,LONG,96.76,6.401272448233854,6.401272448233854,32.573758905482464,0.24006675804700095,0,0.011713457167983055
2023-06-15,2023,LONG,184.26,0.7811596623419081,0.7811596623419081,10.561306600488024,0.5985988701693041,1,0.003640183450170821
2023-06-21,2023,SHORT,-84.74,5.210105167826185,5.210105167826185,46.73802522735423,0.39255798448943335,0,0.013154610164003409
2023-06-27,2023,LONG,290.26,4.083946006389902,4.083946006389902,3.395971582696802,0.6153414529100698,1,0.0051891458559582965
2023-06-28,2023,LONG,46.76,5.916317383341799,5.916317383341799,9.746663712920054,0.5364801466756679,1,0.007936309302389104
2023-06-29,2023,SHORT,-58.24,3.8615013457117797,3.8615013457117797,13.864234501917963,0.2312525313392832,0,0.0069197137853401315
2023-06-30,2023,LONG,-172.24,5.888619535406491,5.888619535406491,68.8380432683316,0.21363793068785164,0,0.03155341229205564
2023-06-30,2023,LONG,-44.24,-1.1514926395239655,-1.1514926395239655,12.317985523946845,0.3198700413734935,0,0.004058909115766415
2023-07-07,2023,LONG,-115.24,-0.2764139162655397,-0.2764139162655397,22.65229601557803,0.20829868863616474,0,0.005540052814555373
2023-07-10,2023,SHORT,-58.24,-3.6018491987533494,-3.6018491987533494,20.47325183229441,0.4832577214393517,0,0.004714171657975908
2023-07-11,2023,LONG,-84.24,2.7500101873779785,2.7500101873779785,8.774300195209435,0.6209102582556985,1,0.004784158833955173
2023-07-12,2023,LONG,-66.74000000000001,6.608693878874448,6.608693878874448,75.63160140806394,0.20180261033673508,0,0.03434435264256428
2023-07-13,2023,LONG,112.76,-2.3182167236355085,-2.3182167236355085,29.923929869746644,0.20007524044977054,0,0.008327247421558022
2023-07-13,2023,LONG,35.76,-1.7620565910795207,-1.7620565910795207,14.665795911496389,0.4085439740825043,0,0.0024563140241617657
2023-07-14,2023,LONG,-127.24,3.1867105818077377,3.1867105818077377,42.76842471386226,0.23811652406900374,0,0.0159890183482489
2023-07-17,2023,LONG,84.76,3.9952839516322576,3.9952839516322576,4.908233539432331,0.17319066411914696,0,0.007009488144454136
2023-07-18,2023,LONG,406.26,2.7415923825557775,2.7415923825557775,2.0065563222160563,0.4872998853064625,0,0.003492165937352155
2023-07-19,2023,LONG,-13.24,-0.5405027680423888,-0.5405027680423888,11.546468015325445,0.6514834563544187,1,0.0032672337256928947
2023-07-20,2023,SHORT,-130.24,15.408056384674289,15.408056384674289,51.5727318147583,0.48136213300388353,0,0.02006455353711526
2023-07-25,2023,LONG,43.76,0.9095788928999404,0.9095788928999404,13.926539127509386,0.516161665842594,1,0.003090310572845305
2023-07-26,2023,SHORT,-46.74,5.516766646288218,5.516766646288218,27.96848393505752,0.4546405836121177,0,0.010508238453062653
2023-07-28,2023,LONG,60.760000000000005,12.848057502123833,12.848057502123833,36.020872535669696,0.25626645808247384,0,0.027999650609694827
2023-08-02,2023,SHORT,-163.24,-3.9597887320702227,-3.9597887320702227,47.78850094660447,0.5559885456656687,1,0.0071884263809271175
2023-08-07,2023,SHORT,-71.74,0.5208553899457655,0.5208553899457655,14.424983653691015,0.5339774414264586,1,0.004970038841365362
2023-08-08,2023,SHORT,-27.74,0.38334630567608485,0.38334630567608485,38.869162585919184,0.18964453909705603,0,0.017663049823778112
2023-08-09,2023,SHORT,59.760000000000005,6.098795591876058,6.098795591876058,13.059718703396356,0.5365998474673891,1,0.007777987792736233
2023-08-16,2023,SHORT,103.26,4.300000881992215,4.300000881992215,13.104887784178572,0.6036170180611976,1,0.0052896128359535225
2023-08-17,2023,SHORT,-67.74000000000001,-2.3428994030563928,-2.3428994030563928,30.606809154365692,0.2633932432460506,0,0.008085603352543881
2023-08-17,2023,SHORT,363.76,6.1223539351756555,6.1223539351756555,5.3211544442601735,0.5573900742578186,1,0.0059186306972043275
2023-08-21,2023,LONG,77.76,-8.325916998974318,-8.325916998974318,17.221873927170236,-0.05173774602049963,0,0.011104609904433441
2023-08-21,2023,LONG,214.76,4.986093620931257,4.986093620931257,22.883013046437554,0.4155489384547193,0,0.01023799731234383
2023-08-22,2023,SHORT,-76.74,0.27087447613989646,0.27087447613989646,8.79925537026611,0.3053241295438386,0,0.006496318973933132
2023-08-23,2023,LONG,34.26,-4.957320142214591,-4.957320142214591,33.003896215759596,0.3193417908700181,0,0.005786748574855793
2023-08-24,2023,SHORT,-71.74,4.046113301336916,4.046113301336916,49.23827968389196,0.3630707214243917,0,0.016515031233873552
2023-08-25,2023,SHORT,-87.24,9.544518308578425,9.544518308578425,26.84574409706147,0.6166097494946609,1,0.010716640246385656
2023-08-29,2023,LONG,18.26,-4.576676626714562,-4.576676626714562,18.57253298955402,0.451134648993912,0,0.0022235415851705512
2023-08-30,2023,LONG,65.26,-1.0351264927993977,-1.0351264927993977,14.031770851248439,0.2569663565544067,0,0.007335785185022306
2023-09-01,2023,SHORT,-15.74,7.5939132372882785,7.5939132372882785,12.085025868114826,0.4645851208293992,0,0.008061511188449019
2023-09-05,2023,LONG,-30.24,8.695461975793412,8.695461975793412,5.059620189389534,0.5932742167586207,1,0.007195958767628121
2023-09-08,2023,LONG,-47.74,1.863785163832958,1.863785163832958,25.676078768170555,0.16098647725895687,0,0.010484782608279536
2023-09-12,2023,SHORT,80.76,1.739025862678767,1.739025862678767,1.0564171565965808,0.3781747324968636,0,0.004742559972542575
2023-09-13,2023,LONG,0.2599999999999998,6.7781980383938505,6.7781980383938505,-0.9643088710545271,0.34512566531220046,0,0.007330380274132657
2023-09-14,2023,LONG,54.26,8.106106263230208,8.106106263230208,7.812862865626812,0.5309472972923692,1,0.009002817201814853
2023-09-19,2023,SHORT,-38.74,4.451816590738474,4.451816590738474,37.604776582875274,0.40218575851615457,0,0.013399191187996309
2023-09-22,2023,LONG,-37.739999999999995,7.535221892297598,7.535221892297598,2.6954922761669877,0.7058671960386405,1,0.005695690148627499
2023-09-25,2023,LONG,-60.74,9.048123807365185,9.048123807365185,-5.552765384267332,0.6892276121999614,1,0.005713933213904292
2023-09-26,2023,SHORT,-49.24,-1.618364583000055,-1.618364583000055,23.508339819056346,0.14907514038546882,0,0.004289909617787129
2023-09-26,2023,SHORT,16.26,3.753772639650317,3.753772639650317,7.347152023568924,0.6263744362779913,1,0.004600100734365551
2023-09-27,2023,SHORT,-313.74,0.4914148897260695,0.4914148897260695,14.677618528517996,0.4975576512576202,0,0.0041393044585378656
2023-09-28,2023,SHORT,-407.24,5.006274956109749,5.006274956109749,-12.244638283207678,0.27969715253973115,0,0.009301512034887618
2023-09-29,2023,LONG,-518.24,-6.887555031421346,-6.887555031421346,17.10714679006378,-0.005357824002037714,0,0.0059078094219417315
2023-10-02,2023,LONG,-235.74,3.2201166346359074,3.2201166346359074,20.936434670617018,0.6137923239338199,1,0.0058561804372154296
2023-10-03,2023,SHORT,-75.74,1.105635620416436,1.105635620416436,38.94036251426587,0.2659468606175793,0,0.014424008112087718
2023-10-04,2023,LONG,-4.74,4.310590856177882,4.310590856177882,25.23704952526714,0.41308907663581174,0,0.009434712507474912
2023-10-05,2023,SHORT,-297.24,10.218770593678,10.218770593678,23.515907880007944,0.4905634247967753,0,0.013921429087620434
2023-10-09,2023,LONG,246.76,0.9473357787934544,0.9473357787934544,8.593470229721788,0.20700355691563121,0,0.003998813028724683
2023-10-10,2023,LONG,171.76,1.061715494785318,1.061715494785318,37.166875623644955,0.2618988158587041,0,0.011917955453966428
2023-10-11,2023,LONG,-63.74,1.798395264738355,1.798395264738355,7.958324680732403,0.31580544788195275,0,0.006226564803890801
2023-10-12,2023,LONG,37.76,-0.6668806359630395,-0.6668806359630395,27.224388116599584,0.22862297786028463,0,0.010050009539728162
2023-10-12,2023,SHORT,189.76,10.131527855292328,10.131527855292328,0.6074397359097929,0.7420963512225481,1,0.006194223572392199
2023-10-16,2023,LONG,-60.74,11.381781521880598,11.381781521880598,40.356080426901826,0.41421647587219657,0,0.01672541665063532
2023-10-16,2023,LONG,-2.74,-0.7111926952117757,-0.7111926952117757,6.891565655547311,0.5097203044702812,1,0.0030556370954984997
2023-10-19,2023,LONG,-407.24,7.206759444430138,7.206759444430138,5.0656370218584925,0.3407201158926916,0,0.011609695380034606
2023-10-20,2023,SHORT,184.76,4.897154152409115,4.897154152409115,50.67163271881873,0.3971683287439861,0,0.013287862081442099
2023-10-23,2023,LONG,-84.24,4.564591127467391,4.564591127467391,28.98815775384719,0.46200414945841073,0,0.00790702540253202
2023-10-24,2023,LONG,-86.74,2.7225924598257816,2.7225924598257816,17.11423344744435,0.28388713514313646,0,0.008254151332825133
2023-10-25,2023,SHORT,201.76,5.223178694712352,5.223178694712352,43.117529198512784,0.16508528382983584,0,0.026502412869913162
2023-10-25,2023,SHORT,134.76,1.5798228532347025,1.5798228532347025,28.44354615713746,0.5062276880159707,1,0.00791402712708397
2023-10-26,2023,SHORT,98.28,-0.06588532131782898,-0.06588532131782898,37.10472217964707,0.3846509392226335,0,0.009105674102984223
2023-10-26,2023,SHORT,-525.24,-5.143309838069449,-5.143309838069449,31.992724875384738,0.2998798494210334,0,0.010938924972663404
2023-10-27,2023,LONG,-278.74,2.329953768248455,2.329953768248455,18.65973313908762,0.5464585334275838,1,0.0065491692890192145
2023-10-30,2023,LONG,-5.24,-5.779575477731768,-5.779575477731768,10.888911683307015,0.006841299315393901,0,0.016136855080506905
2023-10-30,2023,LONG,69.26,3.7020704928093715,3.7020704928093715,1.288539774615856,0.4156924065388624,0,0.006987250497164449
2023-10-31,2023,LONG,-69.24000000000001,4.966058470990317,4.966058470990317,1.8079260384256486,0.3064213683338939,0,0.010270534222979083
2023-10-31,2023,LONG,50.26,3.0418305833232306,3.0418305833232306,13.988481279115149,0.4266514520714857,0,0.00672569199339753
2023-11-01,2023,LONG,-56.74,7.196780320347415,7.196780320347415,40.21602665818864,0.4104485807158157,0,0.014356847946703681
2023-11-01,2023,LONG,-64.24000000000001,-1.0215661423652298,-1.0215661423652298,1.7976410774881515,0.37350714604929547,0,0.0029901537295096165
2023-11-02,2023,LONG,-17.740000000000002,-0.4397806528002519,-0.4397806528002519,73.50246975517985,0.20510246318637082,0,0.0335012858215176
2023-11-02,2023,LONG,46.26,-2.079424790619953,-2.079424790619953,16.462725380803022,0.5712672052429713,1,0.003025429734068573
2023-11-03,2023,LONG,84.76,-2.9244982193845583,-2.9244982193845583,11.395088797718927,0.3324919274394844,0,0.002295828132936857
2023-11-06,2023,SHORT,-86.24,4.291563509267149,4.291563509267149,10.070189429306993,0.7322224895221403,1,0.004025553938295884
2023-11-09,2023,LONG,-72.24,2.8196519657346113,2.8196519657346113,6.591070796179338,0.47435717367164254,0,0.004484762971549059
2023-11-10,2023,LONG,331.26,5.504265421995287,5.504265421995287,11.061833561352614,0.45500758267758934,0,0.007704236944400303
2023-11-14,2023,LONG,-64.74000000000001,-6.157015203835357,-6.157015203835357,66.16282701572163,0.08294224077957502,0,0.023486009368576127
2023-11-15,2023,LONG,-124.74,0.992366627691851,0.992366627691851,18.52588197323712,0.37503045150579717,0,0.005177085689306836
2023-11-20,2023,LONG,-1.7400000000000002,2.206382706754484,2.206382706754484,17.30705349810887,0.494487078025425,0,0.005661622084720659
2023-11-20,2023,LONG,39.76,-0.7236115389309425,-0.7236115389309425,11.225776619878161,0.9119618376269296,1,0.002400192434598322
2023-11-21,2023,SHORT,-77.74,11.496967345763753,11.496967345763753,31.216068364979947,0.39081301824323234,0,0.015445354371611455
2023-11-24,2023,SHORT,-40.74,0.854776271115762,0.854776271115762,15.469048012248095,0.2508168053696051,0,0.005730600719655108
2023-11-27,2023,LONG,56.26,1.693271904966016,1.693271904966016,6.592489938786457,0.08990910940135588,0,0.004538715454522257
2023-11-27,2023,LONG,-132.24,1.3550768485946953,1.3550768485946953,11.61205530517509,0.4681577027517465,0,0.0035852080271801053
2023-11-28,2023,LONG,64.26,3.6174229096152057,3.6174229096152057,-11.157529350453842,0.19085079962474372,0,0.004983349475651479
2023-11-30,2023,SHORT,29.76,3.6626903225792162,3.6626903225792162,31.13370555050824,0.4078564935365589,0,0.012493368769206375
2023-11-30,2023,SHORT,-65.24000000000001,-1.4356480086886965,-1.4356480086886965,11.006939645814782,0.05805785669016161,0,0.003090203449281683
2023-12-01,2023,SHORT,-242.24,3.639168858847258,3.639168858847258,-1.2488543170784396,0.19098715030526303,0,0.0039030426592237336
2023-12-04,2023,SHORT,-162.74,14.944381334352734,14.944381334352734,61.82896402910592,0.3774321704941618,0,0.025943223351778028
2023-12-05,2023,LONG,-109.24,7.04306772983789,7.04306772983789,27.352482939420952,0.4057039557187373,0,0.012461304625516284
2023-12-08,2023,LONG,-73.74,7.384903465163828,7.384903465163828,15.159583464737807,0.13104197709941112,0,0.010092758580628872
2023-12-11,2023,LONG,-50.24,0.4054417436899449,0.4054417436899449,18.87199267073811,0.42440720002920074,0,0.0062140713168629316
2023-12-11,2023,LONG,-2.24,2.033191844562811,2.033191844562811,16.545714479729213,0.39031051107310366,0,0.005153185001973222
2023-12-12,2023,LONG,118.76,1.2903550057006115,1.2903550057006115,8.017080832640204,0.5523447576450469,1,0.0027939658265560188
2023-12-18,2023,LONG,26.26,-10.63522775165169,-10.63522775165169,51.760828084898094,0.3573800465201875,0,0.003268387678113887
2023-12-18,2023,LONG,17.76,-3.481541485981836,-3.481541485981836,20.236829599471093,0.4421259683304384,0,0.002734047502959812
2023-12-20,2023,LONG,-14.24,3.0489189051708276,3.0489189051708276,15.878643245225248,0.24113369111832395,0,0.0058670992699884844
2023-12-20,2023,LONG,-407.24,1.0380599918163131,1.0380599918163131,5.354791567457141,0.48688053007761123,0,0.0018330749490910814
2023-12-21,2023,SHORT,-169.74,-0.7496250508045748,-0.7496250508045748,13.365765755548637,0.37506411430403436,0,0.0057605450316762195
2023-12-27,2023,LONG,-69.74000000000001,1.838342685781322,1.838342685781322,3.564401087089209,0.5631239808580069,1,0.0021200139664686855
2023-12-28,2023,SHORT,-20.74,0.27089512385194636,0.27089512385194636,-1.7379418981035997,0.323754700310752,0,0.0013599184728797268
2023-12-29,2023,SHORT,81.64,4.730332064087644,4.730332064087644,13.252374949224759,0.7739279424093142,1,0.00418340829169335
2024-01-02,2024,SHORT,153.26,0.09467402359832988,0.09467402359832988,13.387676277165156,0.36696970189681943,0,0.005268329627874684
2024-01-04,2024,LONG,-78.24,7.036286785278666,7.036286785278666,6.6873856757592876,0.22493296896336867,0,0.0070062087348351666
2024-01-08,2024,LONG,104.26,-2.9427756865412036,-2.9427756865412036,37.957941996955924,0.14683560202691193,0,0.007241854756601509
2024-01-08,2024,LONG,84.26,-1.774511550761332,-1.774511550761332,17.84848606230662,0.41481253557937336,0,0.003195864033631798
2024-01-09,2024,LONG,150.76,0.8038756448731073,0.8038756448731073,-0.9499856987640669,-0.0233532413100081,0,0.009436396581109441
2024-01-09,2024,LONG,-152.24,-3.3619493881695846,-3.3619493881695846,9.957125458800874,0.3343841140472309,0,0.0037776945493294095
2024-01-10,2024,LONG,54.76,1.8606026050052478,1.8606026050052478,13.968296104470937,0.0837082857738567,0,0.005659836038569687
2024-01-10,2024,LONG,162.76,1.412469248607188,1.412469248607188,12.490232531356014,0.23208575542832,0,0.0037850532172354237
2024-01-11,2024,SHORT,-81.74,9.338500697061558,9.338500697061558,31.73299463510193,0.3908242896875973,0,0.012384790091317755
2024-01-16,2024,LONG,-182.24,1.5854516481234064,1.5854516481234064,12.480554882753495,0.23855266711767165,0,0.011280203111261648
2024-01-18,2024,LONG,-78.24,2.7125100743939896,2.7125100743939896,58.325396707004984,0.22249057168910347,0,0.02326894808351278
2024-01-19,2024,LONG,56.76,-1.3221535363771793,-1.3221535363771793,38.07414185422385,0.275682933077246,0,0.010527142326750985
2024-01-24,2024,LONG,52.760000000000005,7.0180245871588625,7.0180245871588625,60.622945831972174,0.3216803982557569,0,0.020527459098828454
2024-01-25,2024,LONG,-292.24,2.584194486154871,2.584194486154871,8.82632457294676,0.4519402974754817,0,0.00311644422213847
2024-01-30,2024,SHORT,41.76,6.2360122071305835,6.2360122071305835,-3.2994259833612887,0.602706489634628,1,0.003475326469607874
2024-01-31,2024,SHORT,-151.24,8.434363659062853,8.434363659062853,67.38929708586875,0.3017444736141034,0,0.025682887356910735
2024-02-02,2024,LONG,83.26,2.712248136562742,2.712248136562742,54.87159540163702,0.36340958943925306,0,0.016541568273275704
2024-02-05,2024,SHORT,-211.24,11.592695417305507,11.592695417305507,37.879167160295765,0.36116293806045496,0,0.014313087479008786
2024-02-06,2024,SHORT,-10.24,0.4958583515433759,0.4958583515433759,12.67356200805807,0.7284122485211129,1,0.003249135918477965
2024-02-07,2024,LONG,-32.739999999999995,14.082618995938645,14.082618995938645,58.50043153029037,0.40658369744374534,0,0.018732476844847853
2024-02-08,2024,LONG,49.26,0.42422370530227704,0.42422370530227704,2.479377324321831,0.21306392912615235,0,0.0026036825036347896
2024-02-09,2024,LONG,7.76,7.890655416628,7.890655416628,27.08503906909391,0.42092505626669796,0,0.00951919791538055
2024-02-12,2024,LONG,-16.240000000000002,4.146174415013462,4.146174415013462,6.8882159069726185,0.6916459580171046,1,0.003265887482218723
2024-02-14,2024,LONG,-3.24,2.549405175768932,2.549405175768932,9.082875632724608,0.4779108970613998,0,0.00573179309100409
2024-02-15,2024,SHORT,-214.74,3.8528504054388293,3.8528504054388293,-8.898227874116856,0.4106951071303045,0,0.004436515669946575
2024-02-16,2024,SHORT,-85.74,4.115558056758674,4.115558056758674,-2.121492960377509,0.7901287449236978,1,0.0027683086760788337
2024-02-20,2024,SHORT,75.26,-9.965649260253329,-9.965649260253329,28.838953554979526,0.11816666610432075,0,0.005709812506631254
2024-02-20,2024,SHORT,-175.74,-5.459763263008902,-5.459763263008902,12.418840292990353,0.025152019902998646,0,0.003977926444169194
2024-02-21,2024,SHORT,-31.74,3.72410694253705,3.72410694253705,11.997221964717028,0.26469646683573733,0,0.009452963434398321
2024-02-22,2024,LONG,53.26,7.3918546021851625,7.3918546021851625,127.06513557268408,0.1774623781507667,0,0.056139843828915556
2024-03-01,2024,LONG,359.26,4.232527270758396,4.232527270758396,36.94105730544834,0.1910456935349596,0,0.013898096628289718
2024-03-05,2024,SHORT,-42.74,-11.169660414752343,-11.169660414752343,53.024710693778616,0.27001374458349914,0,0.00527465223325988
2024-03-05,2024,SHORT,92.26,0.20562756321129427,0.20562756321129427,16.820105645092553,0.51893302351867,1,0.0038701627540057818
2024-03-06,2024,LONG,87.26,3.295632502013003,3.295632502013003,33.3236253717223,0.19357201096367727,0,0.012867062568868754
2024-03-07,2024,LONG,43.76,-2.609037808051049,-2.609037808051049,33.341320241685025,0.42346722128522907,0,0.004563590818653186
2024-03-07,2024,LONG,-48.74,-1.7760774875046081,-1.7760774875046081,17.742889058314177,0.6532293586278948,1,0.0018527683681625739
2024-03-08,2024,LONG,-407.24,6.379242646984377,6.379242646984377,24.402911370358197,0.2989161288159502,0,0.00940714284834406
2024-03-11,2024,SHORT,-139.24,-2.4937211947293605,-2.4937211947293605,20.796710971244465,0.09229694575664105,0,0.007673904392494633
2024-03-12,2024,LONG,-77.74,2.013060725576807,2.013060725576807,48.473487508010294,0.2602788098075707,0,0.012641709252385155
2024-03-13,2024,SHORT,-10.24,-0.3427695449559174,-0.3427695449559174,14.368775323837326,0.1825716600044356,0,0.009241387065274243
2024-03-14,2024,SHORT,6.76,-1.8523901461586956,-1.8523901461586956,11.182557685213396,0.1252884193219701,0,0.006121698761034266
2024-03-18,2024,LONG,-142.24,9.799710112734786,9.799710112734786,83.93717951206781,0.21291418461628242,0,0.03635352600680542
2024-03-21,2024,LONG,-61.24,-5.697425018835496,-5.697425018835496,36.759462624282605,0.4239099698002049,0,0.003815363407625058
2024-04-02,2024,SHORT,-33.739999999999995,-1.9176509113683196,-1.9176509113683196,53.298783916572575,0.1668063528653172,0,0.021160896854042197
2024-04-05,2024,LONG,144.76,18.819884077668966,18.819884077668966,-22.86132300558529,0.4682050449305689,0,0.009012427904472792
2024-04-08,2024,LONG,-110.74,8.830331089155532,8.830331089155532,5.4964800926463795,0.6252299708790134,1,0.005405776185281917
2024-04-11,2024,LONG,346.26,3.1337645819779247,3.1337645819779247,19.929705101953004,0.682065602876821,1,0.005268711240468228
2024-04-16,2024,LONG,12.760000000000002,4.81084807936208,4.81084807936208,1.956725743599236,0.06878589742003172,0,0.004612917552796499
2024-04-18,2024,LONG,-60.74,11.603840846173323,11.603840846173323,4.215661400441604,0.379660527859943,0,0.009340323188090274
2024-04-18,2024,SHORT,-26.24,11.533718650376425,11.533718650376425,30.37019192775915,0.5733871479385864,1,0.010460128921665231
2024-04-19,2024,SHORT,243.26,8.015763639474422,8.015763639474422,49.782633495608025,0.31123194034019136,0,0.01590202052032955
2024-04-22,2024,LONG,86.36,7.268149944904103,7.268149944904103,24.00671815334863,0.6305626037357996,1,0.006478388306347814
2024-04-23,2024,LONG,66.26,4.226000572480231,4.226000572480231,49.862470007119555,0.27838843755595555,0,0.014498372045695537
2024-04-23,2024,LONG,21.26,-1.7077855541293285,-1.7077855541293285,10.415050117662759,0.5662213707968711,1,0.0018036953622480323
2024-04-25,2024,LONG,27.76,5.8458984575998265,5.8458984575998265,23.193453802170552,0.5766507491602348,1,0.0074840768049967196
2024-04-26,2024,LONG,44.76,4.84183885675543,4.84183885675543,77.13045720318769,0.22488372000224066,0,0.029223028147105395
2024-04-26,2024,LONG,-34.239999999999995,-2.382825144768706,-2.382825144768706,18.02605378613589,0.18680000095791038,0,0.003872036602294747
2024-05-01,2024,SHORT,-83.24,-4.199548191300742,-4.199548191300742,42.461112368302565,0.5837273017944296,1,0.004731722496857288
2024-05-03,2024,LONG,63.760000000000005,-4.659701474857858,-4.659701474857858,13.607331502793386,-0.11170841869799364,0,0.0018787095424367259
2024-05-06,2024,LONG,40.76,0.38071310015660575,0.38071310015660575,6.266942948692304,0.3345821259873136,0,0.002259858985728136
2024-05-07,2024,LONG,39.76,0.15074638031004284,0.15074638031004284,18.497520783013897,0.33889177964491657,0,0.005877995943539119
2024-05-08,2024,LONG,-77.24,6.953580793409941,6.953580793409941,8.7240335008064,0.21774575797022866,0,0.008263372182170436
2024-05-09,2024,LONG,-34.239999999999995,4.400341265372075,4.400341265372075,-0.23879279073298676,0.5294887271458089,1,0.004551115976922041
2024-05-09,2024,LONG,-37.739999999999995,1.793353829256045,1.793353829256045,6.140085323633684,0.3643453144019765,0,0.0034450115477437314
2024-05-14,2024,LONG,-2.74,3.4130104951111964,3.4130104951111964,11.675381051580189,0.004136762062318722,0,0.005282857120281303
2024-05-15,2024,LONG,71.26,3.1309546720281247,3.1309546720281247,44.611145255265,0.3415278573891142,0,0.011824726115822658
2024-05-22,2024,SHORT,78.72,2.3295099948365876,2.3295099948365876,3.504983418974007,0.7391750531437068,1,0.002496942950099838
2024-05-24,2024,LONG,-30.24,2.5008520467871023,2.5008520467871023,39.80148041220309,0.18203187021593148,0,0.009727765666809367
2024-05-30,2024,SHORT,-62.24,5.9936849097409635,5.9936849097409635,38.21659484324482,0.38373182565842945,0,0.011547253538114128
2024-06-05,2024,LONG,147.76,7.277994945236138,7.277994945236138,56.41312805362759,0.39741393649759393,0,0.017568666472875763
2024-06-05,2024,LONG,67.26,-3.1258808083785006,-3.1258808083785006,25.91891103497619,0.1590020642079174,0,0.0036149573043656874
2024-06-06,2024,SHORT,-34.739999999999995,5.284524719454183,5.284524719454183,-6.332855275089969,0.23404788658538533,0,0.0035890290550867425
2024-06-07,2024,LONG,-28.24,5.9386933446629335,5.9386933446629335,2.742847595945932,0.49673890411044963,0,0.00499292066110532
2024-06-11,2024,LONG,-24.74,6.546172789382776,6.546172789382776,3.444126427461015,0.3111474433543939,0,0.006396118274180572
2024-06-11,2024,LONG,134.76,1.747633308060483,1.747633308060483,4.595221759409469,0.532572659558038,1,0.002821757501836459
2024-06-12,2024,LONG,6.26,2.1021940311760545,2.1021940311760545,89.07125634241675,0.1845240681672552,0,0.02846680365307721
2024-06-13,2024,SHORT,15.760000000000002,8.074461316255732,8.074461316255732,-14.964250047098176,0.024255841063066053,0,0.012055209063412535
2024-06-14,2024,LONG,0.7599999999999998,2.8774367323789596,2.8774367323789596,8.76349180197576,0.35413648049596924,0,0.003918000287563502
2024-06-17,2024,LONG,461.76,1.3684453009663962,1.3684453009663962,13.46383182372665,0.4679770835214807,0,0.003974298318211763
2024-06-18,2024,SHORT,-119.74,6.281287451626689,6.281287451626689,13.145108590404561,0.5526717221303898,1,0.0038456991852642143
2024-06-24,2024,SHORT,37.76,8.789874998233758,8.789874998233758,11.015924889521557,0.697848690743239,1,0.005019124632634579
2024-06-25,2024,LONG,110.76,6.179545334314486,6.179545334314486,15.309189420131588,0.3367237852528613,0,0.005896381145083107
2024-06-26,2024,SHORT,-86.24,8.1853316666551,8.1853316666551,-3.169279592733801,0.5033488412018301,1,0.004897682045888311
2024-07-01,2024,SHORT,-352.74,-1.9897162951282326,-1.9897162951282326,30.12222844554708,0.2615036744503235,0,0.009557202990499647
2024-07-02,2024,LONG,-3.24,1.9782928353282543,1.9782928353282543,16.62517143331206,0.35770414149629104,0,0.004762306650889643
2024-07-02,2024,LONG,212.76,3.4121930525670923,3.4121930525670923,12.676411816708423,0.5087905609952645,1,0.0046742429508399835
2024-07-05,2024,LONG,103.76,5.31455613492253,5.31455613492253,34.61738463589063,0.2984907779499044,0,0.011511235849766304
2024-07-08,2024,LONG,-56.74,3.4491172045348897,3.4491172045348897,5.781083937694348,0.6475298273338654,1,0.0026696299934751942
2024-07-11,2024,SHORT,73.76,9.262218173091043,9.262218173091043,65.65851617832959,0.38687752343147025,0,0.0191941016007037
2024-07-11,2024,SHORT,-70.74,-2.4530994762615705,-2.4530994762615705,52.38063164126652,0.5140253304335607,1,0.006344564141224532
2024-07-15,2024,LONG,83.44,3.6089926356477005,3.6089926356477005,0.6439486155104532,0.21504458128020354,0,0.006316836522934023
2024-07-15,2024,LONG,-229.24,0.17703384009784529,0.17703384009784529,19.874893460819294,0.12919747557845795,0,0.007724649354923979
2024-07-23,2024,LONG,-189.74,6.928449311267138,6.928449311267138,6.447943236104038,0.5514366079564679,1,0.006406795973605486
2024-07-24,2024,SHORT,145.26,1.6359334709255648,1.6359334709255648,121.0272121492344,0.20619849007519947,0,0.04071163379632715
2024-07-25,2024,SHORT,-813.24,20.343360795691424,20.343360795691424,91.07373828184791,0.31140376768680633,0,0.025237438130597634
2024-07-31,2024,LONG,-74.24,-12.486214581443974,-12.486214581443974,81.51752917305203,0.42397898580499027,0,0.00604331297190016
2024-08-01,2024,SHORT,348.26,20.124051122777807,20.124051122777807,-4.555933985855518,0.43737935063683187,0,0.011071700089583823
2024-08-02,2024,SHORT,-47.24,2.5399273514556295,2.5399273514556295,12.251117172840168,0.3293444062887819,0,0.008080390752031739
2024-08-07,2024,LONG,-407.24,-0.5945579832296772,-0.5945579832296772,18.078619829593663,0.2389307441922378,0,0.016459536314449533
2024-08-08,2024,LONG,199.26,27.24767905826512,27.24767905826512,5.160993801368022,0.589603569630244,1,0.016265875775970908
2024-08-09,2024,LONG,-83.24,-1.919908777713721,-1.919908777713721,0.27415675075462786,0.2309729594004304,0,0.0063187785877603375
2024-08-12,2024,LONG,-285.24,8.85194357728053,8.85194357728053,40.108529677567276,0.36137085706328653,0,0.014860612339219224
2024-08-13,2024,LONG,309.76,1.2061543469549605,1.2061543469549605,62.98244605848231,0.24318334650118656,0,0.023200462194136566
2024-08-14,2024,LONG,-55.74,12.068480462670635,12.068480462670635,17.115428504373995,0.47245657038180333,0,0.010492874656585906
2024-08-15,2024,LONG,78.76,8.909340596249237,8.909340596249237,99.2224328097509,0.24603605749440405,0,0.03487282330856277
2024-08-21,2024,LONG,-83.74,2.6948431184265864,2.6948431184265864,18.155161392933223,0.6123112326896216,1,0.005355729644728816
2024-08-23,2024,LONG,-407.24,16.523781084517708,16.523781084517708,50.93207267777325,0.28231095158857633,0,0.01917920932295556
2024-08-26,2024,SHORT,10.260000000000002,-5.690299190477177,-5.690299190477177,22.632049063216982,-0.02516325279554965,0,0.006743264295967841
2024-08-26,2024,SHORT,-103.24,2.539752126462459,2.539752126462459,6.767717188475217,0.4271345619753565,0,0.005286932899390976
2024-08-28,2024,SHORT,202.76,3.7230026649632357,3.7230026649632357,26.78071479065693,0.44241924612579925,0,0.009139736908371417
2024-08-28,2024,SHORT,-506.24,9.249233032300264,9.249233032300264,22.294500330044684,0.7802479446694888,1,0.007742493729370722
2024-08-29,2024,LONG,34.26,9.531368384047042,9.531368384047042,56.552360608417075,0.1466906406993026,0,0.02414612877314565
2024-09-03,2024,SHORT,90.42,14.539398152698524,14.539398152698524,88.65066234491314,0.3199093118468752,0,0.031155022094120997
2024-09-03,2024,SHORT,166.76,-7.43929061850633,-7.43929061850633,23.512051794743456,0.3452528619015902,0,0.003033126402907416
2024-09-04,2024,LONG,-61.74,10.851362612165616,10.851362612165616,-26.7710252376055,0.22364659495549577,0,0.011196039181385934
2024-09-05,2024,LONG,-407.24,16.606128855348715,16.606128855348715,22.849106656158256,0.5364959243068668,1,0.01319526477279938
2024-09-11,2024,LONG,96.26,5.458912489628155,5.458912489628155,61.93039527046858,0.5889195558912623,1,0.010959596246522185
2024-09-12,2024,LONG,-36.239999999999995,-0.1305443801070254,-0.1305443801070254,71.81351926382558,0.1882822340054464,0,0.01668190727664388
2024-09-13,2024,LONG,-23.24,0.36080536670157315,0.36080536670157315,19.143168362752476,0.24259300041127763,0,0.00540876965947609
2024-09-13,2024,LONG,-112.74,3.362288588268852,3.362288588268852,14.805778030480724,0.3412812764332388,0,0.005536879006047449
2024-09-17,2024,LONG,-407.24,2.3681050687528185,2.3681050687528185,39.76620076376639,0.33511658156495705,0,0.011707526049165118
2024-09-19,2024,LONG,-32.739999999999995,15.255084414281967,15.255084414281967,97.55915098394325,0.3090213103793916,0,0.03462629544486943
2024-09-23,2024,LONG,-68.24000000000001,-1.2573489126556368,-1.2573489126556368,40.03002849789482,0.1293982687590749,0,0.013212728482873215
2024-09-25,2024,LONG,-137.24,4.810438468984604,4.810438468984604,23.27156402197943,0.2483506870377089,0,0.00870960064826576
2024-09-30,2024,LONG,-8.74,5.344749747915733,5.344749747915733,-3.540089550657285,0.17275222995241502,0,0.003827951783170609
2024-10-01,2024,SHORT,-161.24,4.26334517998108,4.26334517998108,62.29267177973088,0.39750782188761447,0,0.016926358720021743
2024-10-01,2024,SHORT,-251.24,1.021047339399832,1.021047339399832,20.076963099618297,0.00799678976769519,0,0.007692217370498515
2024-10-08,2024,LONG,26.76,13.789162352618119,13.789162352618119,27.59889657664462,0.33016171551328444,0,0.016549069317224094
2024-10-09,2024,LONG,93.26,7.194419718838478,7.194419718838478,27.15973273875352,0.45582351664603926,0,0.006519488463434447
2024-10-09,2024,LONG,29.26,-2.2098761748217903,-2.2098761748217903,11.31551123549798,0.15584023994128904,0,0.002841674791800205
2024-10-10,2024,LONG,-38.74,6.430956661462178,6.430956661462178,16.667013958347525,0.5150735099512516,1,0.005598646813703291
2024-10-18,2024,LONG,-13.74,0.8233613742962458,0.8233613742962458,12.22276817877355,0.20014583554600784,0,0.0027307758765294306
2024-10-21,2024,SHORT,-192.24,12.95153585481629,12.95153585481629,26.90473755165658,0.37622567373488675,0,0.010244279966034
2024-10-22,2024,LONG,10.260000000000002,6.828209149766337,6.828209149766337,14.472896120638325,0.4414777014357417,0,0.006061996824700628
2024-10-23,2024,SHORT,384.26,7.268805548747537,7.268805548747537,36.43620212228416,0.5123308782003236,1,0.00798235807077224
2024-10-24,2024,SHORT,-233.24,11.04022994879045,11.04022994879045,-10.577927465637913,0.7267723754818173,1,0.0045774882579378015
2024-10-25,2024,LONG,-57.24,1.7522005374841143,1.7522005374841143,79.0919867646553,0.16652480206855047,0,0.025472502595949808
2024-10-28,2024,SHORT,37.76,0.7886329702818067,0.7886329702818067,-7.178448257673153,0.1755702809027333,0,0.004549978032741056
2024-10-28,2024,SHORT,-23.74,1.3789014882782133,1.3789014882782133,7.474530502971902,0.560429704474727,1,0.002417226171731213
2024-10-29,2024,LONG,48.76,2.2473192859389037,2.2473192859389037,19.52628983628165,0.6316930320559917,1,0.0038010126068102248
2024-10-30,2024,SHORT,-37.739999999999995,0.165826638170115,0.165826638170115,-1.0626914762142405,0.14425985429333094,0,0.008633048781772243
2024-10-30,2024,SHORT,34.26,4.726418804981712,4.726418804981712,9.878974984971137,0.6933619278513037,1,0.003301370148758934
2024-10-31,2024,SHORT,140.76,24.32147557247056,24.32147557247056,124.38794622436035,0.2507639958892866,0,0.041456104154260445
2024-11-05,2024,LONG,102.26,-4.335148626438038,-4.335148626438038,26.732943640949088,0.21476312549729937,0,0.005380753580650443
2024-11-06,2024,LONG,-14.74,14.751710438240139,14.751710438240139,116.63338646935881,0.25000780346075113,0,0.041137731635175714
2024-11-07,2024,LONG,81.76,-1.145509166674266,-1.145509166674266,61.19651215620979,0.2698205755085511,0,0.016328043062297702
2024-11-11,2024,SHORT,-75.24,4.031885101387511,4.031885101387511,15.32806180960688,0.6266929536495502,1,0.004037287803880804
2024-11-12,2024,SHORT,-227.74,8.057647265285889,8.057647265285889,23.16981771279825,0.6021131031411051,1,0.005869924521287609
2024-11-13,2024,SHORT,-160.74,3.565585549648743,3.565585549648743,17.180431188160583,0.2083050044764908,0,0.007316381041232097
2024-11-14,2024,SHORT,49.26,-5.383594457093523,-5.383594457093523,18.111886085509468,0.12693941284392413,0,0.00709985892336296
2024-11-14,2024,SHORT,48.26,4.161956786531493,4.161956786531493,9.592167440445337,0.4872125478630272,0,0.004775465834013996
2024-11-15,2024,SHORT,112.76,-13.214511644934504,-13.214511644934504,69.46331123218624,0.3576077642206923,0,0.0050279114506964215
2024-11-18,2024,LONG,-64.24000000000001,16.789443891481955,16.789443891481955,46.277972932497505,0.5339120023323545,1,0.013666955204030586
2024-11-19,2024,LONG,100.76,3.212468105541344,3.212468105541344,21.260382719745394,0.11853144044849684,0,0.00710484771797375
2024-11-19,2024,LONG,-15.74,3.0307398274285617,3.0307398274285617,20.762309250705584,0.5443040681565174,1,0.004680945413865213
2024-11-27,2024,SHORT,68.26,6.852150013368188,6.852150013368188,46.623978937521315,0.3159067808035895,0,0.012710099296563918
2024-11-29,2024,LONG,-4.24,2.7531861087298637,2.7531861087298637,21.59013752943065,0.34243670916588476,0,0.007442215636753098
2024-12-02,2024,LONG,104.26,3.3769593327645566,3.3769593327645566,51.69110157555042,0.2326098925145227,0,0.01565802606463893
2024-12-04,2024,LONG,-17.240000000000002,6.231389741028579,6.231389741028579,56.9264698369916,0.3010202784931244,0,0.016801255463429532
2024-12-04,2024,LONG,60.760000000000005,-2.55306218212513,-2.55306218212513,3.7698014858287934,0.27208877330758163,0,0.001805613708751206
2024-12-05,2024,SHORT,-54.74,2.915068464240644,2.915068464240644,-4.441294720090809,0.4897113278522868,0,0.0017637900534890547
2024-12-05,2024,SHORT,-9.74,6.630879426926805,6.630879426926805,-0.7592352807550924,0.7145103162075908,1,0.0035169045450967455
2024-12-06,2024,LONG,-44.24,0.38356797777034046,0.38356797777034046,8.529676080517675,0.5734396526065701,1,0.0021301446954844743
2024-12-09,2024,SHORT,75.12,10.156871660664715,10.156871660664715,19.45587709706524,0.6216174018503945,1,0.00632289723956479
2024-12-10,2024,LONG,-385.74,4.526279512960766,4.526279512960766,21.91695541988156,0.19323508589665528,0,0.010335545384259251
2024-12-11,2024,LONG,28.76,-3.176160667950228,-3.176160667950228,50.2848406541234,0.5395543085148959,1,0.004035822957001727
2024-12-16,2024,LONG,118.76,4.704710193617508,4.704710193617508,56.95885834945511,0.3291631215778328,0,0.014967944609383811
2024-12-23,2024,LONG,81.76,-2.5488239160787103,-2.5488239160787103,56.24894711829984,0.5385122500194335,1,0.007981424139278132
2024-12-24,2024,LONG,297.76,-6.224533420261089,-6.224533420261089,37.65874795232594,0.08332585930972392,0,0.004460714037537557
2024-12-26,2024,LONG,-52.24,2.4878908475698616,2.4878908475698616,11.313639803473052,0.40832618975444024,0,0.004678821017551138
2024-12-26,2024,LONG,52.76,-2.209898734680869,-2.209898734680869,2.9920361181102635,-0.11384876670987532,0,0.0031896441277905426
2025-01-10,2025,SHORT,27.76,37.5165296250461,37.5165296250461,85.28361374607994,0.5233984228304457,1,0.027813318035554643
2025-01-15,2025,LONG,-57.24,9.247074179693769,9.247074179693769,115.49201419622477,0.19174295019596033,0,0.04490635892096924
2025-01-22,2025,LONG,1.7599999999999998,-7.884176104776593,-7.884176104776593,46.81639384992377,0.5508434810913103,1,0.00257107105582733
2025-01-23,2025,LONG,-3.24,7.369160053536708,7.369160053536708,-0.9627050435192359,0.4050446741764422,0,0.003722332579671555
2025-01-28,2025,LONG,4.26,27.393840995512896,27.393840995512896,59.40916664355609,0.5074639816023618,1,0.02014982842728699
2025-01-29,2025,SHORT,-262.24,8.987642491415697,8.987642491415697,12.693984222187282,0.9061128086712583,1,0.006061451743088304
2025-01-31,2025,LONG,0.2599999999999998,1.7793723768858172,1.7793723768858172,76.06281083725844,0.21302390498563595,0,0.018400070214867503
2025-02-03,2025,LONG,83.22,20.68446748380697,20.68446748380697,-115.08654391132586,0.002464903135869001,0,0.03678636459642985
2025-02-04,2025,LONG,77.36,-5.122065858085248,-5.122065858085248,-7.59605655301857,-0.22853196899606099,0,0.00702536559404986
2025-02-05,2025,LONG,-21.74,13.026825121694273,13.026825121694273,20.03057164499478,0.5751404266580633,1,0.007839344304625497
2025-02-06,2025,LONG,-67.74000000000001,1.015867657902504,1.015867657902504,26.010755901545053,0.1963618352291865,0,0.008112026987754723
2025-02-06,2025,LONG,-116.24,2.7903387640346367,2.7903387640346367,11.130122014717927,0.2979460625292474,0,0.003642415029318414
2025-02-11,2025,LONG,49.76,4.507363876173832,4.507363876173832,-7.687703978812351,0.4894517456642232,0,0.003213242183729728
2025-02-13,2025,LONG,210.26,-0.005711768254804461,-0.005711768254804461,-4.350555411067035,0.10233188809834426,0,0.0033648365645966307
2025-02-14,2025,LONG,-86.74,-3.189532976171435,-3.189532976171435,26.281250238404027,0.34102299174862893,0,0.004381257254396935
2025-02-14,2025,LONG,18.76,3.117342405826091,3.117342405826091,6.815528011517017,0.4643352477590189,0,0.00299265453270566
2025-02-19,2025,SHORT,-215.74,-2.262273011452896,-2.262273011452896,-2.6720665282591654,0.08979627500853693,0,0.0038115994713665874
2025-02-20,2025,SHORT,-41.74,28.945924656325403,28.945924656325403,47.6264722028136,0.5145860776950012,1,0.016528942119228413
2025-02-24,2025,SHORT,129.26,11.638232734654409,11.638232734654409,63.37268279145792,0.3146079390939711,0,0.01306984722513358
2025-02-25,2025,SHORT,93.78,32.006807260906285,32.006807260906285,110.11655295551463,0.43987944247819166,0,0.030528117786357525
2025-02-25,2025,SHORT,216.28,17.153288171400845,17.153288171400845,130.8295635619288,0.237729307203688,0,0.03629986729856617
2025-02-26,2025,LONG,99.26,2.982107813803559,2.982107813803559,32.896436412123876,0.24897360276140046,0,0.010134192728671965
2025-02-28,2025,LONG,181.26,9.636568830128432,9.636568830128432,-27.104241422992345,0.09200870752101997,0,0.013962735369193239
2025-03-03,2025,SHORT,-19.74,-10.865034293842243,-10.865034293842243,-76.87306318228002,-0.169127999606846,0,0.029042004038902416
2025-03-03,2025,SHORT,89.52,15.867703228027068,15.867703228027068,55.142113796926424,0.24286391645871208,0,0.020955790311188244
2025-03-04,2025,SHORT,94.68,29.977841521302253,29.977841521302253,143.35120349869612,0.3786559953049019,0,0.0415054539059815
2025-03-05,2025,SHORT,93.78,18.513661515254654,18.513661515254654,30.259995207547036,0.3051309031612688,0,0.023495282318627457
2025-03-05,2025,SHORT,-407.24,-1.858295312579628,-1.858295312579628,42.23279132158859,-0.056796265533531676,0,0.011748869864319321
2025-03-07,2025,SHORT,534.02,21.9054070762526,21.9054070762526,37.2697959776342,0.4708507709210577,0,0.015890867849651432
2025-03-10,2025,SHORT,237.26,52.25285261996322,52.25285261996322,99.71649393242842,0.3950317871835536,0,0.04383434068027898
2025-03-10,2025,SHORT,85.68,-0.5368284802090386,-0.5368284802090386,49.266693815727194,0.3506450199486968,0,0.010202739716061997
2025-03-11,2025,LONG,-813.24,3.0256592399040123,3.0256592399040123,-24.294883297792694,0.12514367074068766,0,0.019384909548504824
2025-03-12,2025,SHORT,-407.24,28.96631103656004,28.96631103656004,12.501502513947344,0.4957953090368042,0,0.017501477544740872
2025-03-13,2025,SHORT,151.76,29.18290637398038,29.18290637398038,57.23928582486769,0.44441851751331957,0,0.021025156752174617
2025-03-13,2025,SHORT,120.76,7.059652450873031,7.059652450873031,53.796236637979746,0.5484639464855612,1,0.012313489044170303
2025-03-14,2025,LONG,183.26,-5.106866144419911,-5.106866144419911,48.49649458186104,0.18026414483718756,0,0.020254550657965272
2025-03-14,2025,LONG,-27.24,-3.8783940238224943,-3.8783940238224943,29.68402222776058,0.12781484854016478,0,0.004655305075232159
2025-03-17,2025,LONG,309.76,7.878962353443723,7.878962353443723,8.619727214172599,0.5933099993337911,1,0.004981698065389687
2025-03-18,2025,SHORT,-146.24,-1.29565327100579,-1.29565327100579,79.02766087246346,0.2268705473468921,0,0.02152630365886098
2025-03-19,2025,LONG,-68.74000000000001,4.047620065668063,4.047620065668063,30.023736009847198,0.4961507380897777,0,0.00681074077064878
2025-03-24,2025,LONG,119.76,14.536234143846968,14.536234143846968,168.85403447078716,0.1962838862234052,0,0.06485644076443123
2025-03-25,2025,LONG,-32.239999999999995,4.5205100607968625,4.5205100607968625,26.104150191393273,0.5102454895379553,1,0.005798527158767499
2025-03-26,2025,SHORT,325.26,-3.9803657089804716,-3.9803657089804716,26.10958652755653,0.23827306889050592,0,0.005295610185812277
2025-04-01,2025,LONG,559.02,-4.674220069494883,-4.674220069494883,7.926912618553615,0.2508166200562152,0,0.008026951702594001
2025-04-02,2025,LONG,333.76,6.585424799672193,6.585424799672193,34.31283637521483,0.3458971476261766,0,0.012093742108341627
2025-04-03,2025,SHORT,279.76,2.4574770406904634,2.4574770406904634,198.96344456870065,0.20423270904620539,0,0.06752097654618514
2025-04-04,2025,SHORT,-813.24,21.860075245883507,21.860075245883507,237.69406438187798,0.31937388845060466,0,0.07885350480897528
2025-04-07,2025,LONG,-407.24,42.81273817363646,42.81273817363646,-14.902676025900291,0.2692287269726512,0,0.08067985330022395
2025-04-07,2025,LONG,38.46,40.54147556349593,40.54147556349593,72.79155346502012,0.436650724827655,0,0.03431413379779067
2025-04-08,2025,LONG,-407.24,49.98468315184806,49.98468315184806,189.81871234152277,0.3258856986063666,0,0.07169060758546697
2025-04-09,2025,LONG,51.26,9.299735096231387,9.299735096231387,-28.11648116136712,-0.14946228472876422,0,0.017203966934904877
2025-04-09,2025,LONG,593.76,22.234614859678576,22.234614859678576,48.754466488706385,0.29861409780937864,0,0.024131475190918017
2025-04-10,2025,SHORT,199.76,31.398703099253936,31.398703099253936,33.38602123509918,0.555893262228375,1,0.016648577601007686
2025-04-11,2025,LONG,75.96,15.617140057075588,15.617140057075588,75.37777223428566,0.2992917558591577,0,0.02344145813958702
2025-04-11,2025,LONG,-11.74,6.9527804027899265,6.9527804027899265,62.57828448542932,0.4405469127757382,0,0.01675597285977748
2025-04-15,2025,LONG,-34.739999999999995,-8.615896480870017,-8.615896480870017,11.28849286012337,0.13877645239711434,0,0.009184297605723655
2025-04-16,2025,SHORT,327.26,-0.20606619424480854,-0.20606619424480854,28.357157308335445,0.28231860384067364,0,0.009659493363414045
2025-04-21,2025,SHORT,235.76,48.05954527671855,48.05954527671855,112.83362656095778,0.44671634637358404,0,0.04362049930053467
2025-04-21,2025,SHORT,-52.24,-6.183250938083319,-6.183250938083319,45.63891186293404,0.6724055487181543,1,0.005958373510992071
2025-04-22,2025,LONG,250.76,-0.3658990439534051,-0.3658990439534051,124.30781429896524,0.18314927694529737,0,0.04229698570916204
2025-04-23,2025,LONG,179.36,67.00463795109187,67.00463795109187,195.17298310377737,0.345968686583231,0,0.07235089335761787
2025-04-23,2025,LONG,-407.24,-10.512774307492094,-10.512774307492094,165.52070457052105,0.1145230428224262,0,0.055230190332662264
2025-04-24,2025,LONG,87.26,-5.591098621879489,-5.591098621879489,30.996797047842847,0.1901008350090333,0,0.007236187481864982
2025-04-25,2025,LONG,-21.24,6.3547986843182045,6.3547986843182045,46.53636745078984,0.3099148665172975,0,0.011931160523748398
2025-04-30,2025,SHORT,-813.24,53.58335774086149,53.58335774086149,120.01700172968049,0.35304723070143995,0,0.04777554813127999
2025-05-01,2025,LONG,161.8,8.788444614607272,8.788444614607272,128.0608663701969,0.2516464794580444,0,0.04297993249270006
2025-05-07,2025,SHORT,57.26,6.725838272738816,6.725838272738816,-3.0932825359232083,0.6049424716383838,1,0.006662521452100935
2025-05-07,2025,SHORT,172.76,4.456802308928297,4.456802308928297,-1.0156399358929775,0.3308229010537812,0,0.006597890071055709
2025-05-08,2025,LONG,204.76,-1.1323885568546785,-1.1323885568546785,38.70128601140095,0.6012282915226361,1,0.006686796801344055
2025-05-13,2025,LONG,171.26,2.5623841518516315,2.5623841518516315,77.08843333771438,0.21951911482591113,0,0.022124390261622214
2025-05-15,2025,LONG,183.26,11.626032345801196,11.626032345801196,7.227953264355165,0.5479831194982101,1,0.006291151441080417
2025-05-19,2025,LONG,105.76,5.507631123972375,5.507631123972375,3.492260223512858,0.4165732823309686,0,0.003346979467923635
2025-05-21,2025,LONG,110.76,8.040170190706354,8.040170190706354,7.939744847528345,0.6122680553444977,1,0.005588324294311873
2025-05-27,2025,LONG,147.76,-0.9954551451670142,-0.9954551451670142,26.39591165211823,0.2461502480556511,0,0.0055700770948649385
2025-05-27,2025,LONG,-90.74,-0.4604467457172454,-0.4604467457172454,20.384012207803607,0.42477238541386875,0,0.0032381665990385403
2025-05-30,2025,SHORT,368.26,4.851086367743605,4.851086367743605,9.848059318195737,0.5677271823173426,1,0.004518673400595769
2025-05-30,2025,SHORT,-407.24,14.076393791310522,14.076393791310522,62.830184016263956,0.263375293007795,0,0.01855258869957866
2025-06-02,2025,LONG,7.26,-6.774746110477512,-6.774746110477512,19.4345472364148,0.1074252727751005,0,0.009716217491049228
2025-06-02,2025,LONG,25.26,1.5178123793564602,1.5178123793564602,21.520291635155445,0.5741236683215936,1,0.004852790093925839
2025-06-03,2025,LONG,88.76,1.6132063302332398,1.6132063302332398,37.41952019035671,0.4208384654899562,0,0.007669293964898422
2025-06-05,2025,LONG,150.26,8.161093151865767,8.161093151865767,6.260150992169656,0.3230574771552108,0,0.006402960664681883
2025-06-06,2025,LONG,-77.74,0.8860793080038754,0.8860793080038754,20.31019179166833,0.2915653330698261,0,0.003704700523205641
2025-06-09,2025,LONG,-86.24,6.496672217919643,6.496672217919643,9.974344855985692,0.4542881855065395,0,0.005409730366705993
2025-06-09,2025,LONG,30.26,0.7065560007501377,0.7065560007501377,7.16474440230013,-0.04367681781745775,0,0.00315699627770246
2025-06-12,2025,LONG,-64.74000000000001,8.500703977046033,8.500703977046033,13.282474826803082,0.45823370234251004,0,0.006529428927977068
2025-06-16,2025,LONG,-79.74,-3.7114774840103664,-3.7114774840103664,47.80795079033123,0.28226856822828217,0,0.006137163960471285
2025-06-16,2025,LONG,-67.24000000000001,-0.32098738185567655,-0.32098738185567655,4.541896176386217,0.5759695940828009,1,0.0019778799078052404
2025-06-17,2025,LONG,-407.24,5.326689274836847,5.326689274836847,-6.001457990256313,0.22405306988518647,0,0.004005183284553066
2025-06-23,2025,LONG,1.2599999999999998,45.851235451849696,45.851235451849696,109.16325456707636,0.41173303945233697,0,0.03571261709911489
2025-06-23,2025,LONG,231.76,-4.299230051375325,-4.299230051375325,-6.775692602001072,0.045196088383230526,0,0.00863738906051699
2025-06-24,2025,LONG,64.26,-1.8931309276363777,-1.8931309276363777,72.12473346324987,0.20135661765361568,0,0.021274254309527854
2025-06-24,2025,LONG,36.26,-4.203740298173962,-4.203740298173962,17.003759649349377,0.3427597407923403,0,0.002226072742606656
2025-06-26,2025,LONG,89.26,6.814660999986504,6.814660999986504,36.285050305654295,0.31580104475000537,0,0.010960270185641057
2025-06-27,2025,LONG,41.26,2.2199072184823265,2.2199072184823265,36.624550126478425,0.20544029400745834,0,0.009630786339292255
2025-07-01,2025,SHORT,133.26,9.120630833963341,9.120630833963341,18.17018735810052,0.5623252205900966,1,0.006583430713973799
2025-07-02,2025,LONG,80.26,8.278963210849678,8.278963210849678,19.247082768182736,0.27451207988700366,0,0.00732586702067035
2025-07-03,2025,LONG,-27.74,-5.586343983032997,-5.586343983032997,39.08594437733336,0.23420510994608978,0,0.0034572743937615396
2025-07-07,2025,SHORT,-28.74,3.5013012075950507,3.5013012075950507,6.55275952183365,0.3822705759841663,0,0.00311052096811665
2025-07-08,2025,LONG,-24.24,5.058691431978545,5.058691431978545,11.789373463703669,0.392080299284258,0,0.004335963656176808
2025-07-11,2025,LONG,9.26,4.442105328066676,4.442105328066676,-4.980363014736213,0.333490967994293,0,0.003973533747097211
2025-07-14,2025,LONG,-5.74,8.88697689912426,8.88697689912426,3.376581696433277,0.4731958791693137,0,0.005774619632665821
2025-07-14,2025,LONG,-14.74,-0.5428942048099756,-0.5428942048099756,14.729112141729274,0.18467429265172142,0,0.0030909801359091708
2025-07-15,2025,LONG,-47.24,2.677211173157094,2.677211173157094,33.917921744159685,0.1881271115788966,0,0.009795458721725039
2025-07-16,2025,LONG,-74.74,1.347812436396545,1.347812436396545,-36.500491506852995,-0.09796956259961109,0,0.011369123074549575
2025-07-17,2025,LONG,99.76,2.2355860145597646,2.2355860145597646,32.05252934003511,0.3711432425200395,0,0.007204451488772808
2025-07-23,2025,LONG,60.760000000000005,2.7316225435960417,2.7316225435960417,10.471839858440944,0.3850202064060353,0,0.0027236952107246378
2025-07-24,2025,LONG,-24.24,2.6739188423936175,2.6739188423936175,7.89565701948959,0.6378423406258378,1,0.0026404071264322744
2025-07-29,2025,SHORT,-54.74,10.988343950851764,10.988343950851764,10.858212784405623,0.36427259637109155,0,0.005983082558449791
2025-07-29,2025,SHORT,10.260000000000002,-2.1804366214102227,-2.1804366214102227,-0.05734800299615017,0.039897165465862194,0,0.002867395466681063
2025-07-30,2025,LONG,8.26,3.411988525445871,3.411988525445871,3.656076087099791,0.5330886779924002,1,0.0020403937070502956
2025-08-01,2025,SHORT,-147.24,9.255467735823458,9.255467735823458,28.5672847986134,0.503290999595575,1,0.009080019388386606
2025-08-04,2025,LONG,65.76,-2.3297625461301976,-2.3297625461301976,81.8094311586683,0.15829139417765692,0,0.025818415944408802
2025-08-14,2025,LONG,-84.24,3.9475177490115367,3.9475177490115367,13.159228373777296,0.11966748992750731,0,0.004602731713396445
2025-08-15,2025,SHORT,-139.24,3.313057324117768,3.313057324117768,26.050195129952044,0.6039633496061427,1,0.005545675886220258
2025-08-19,2025,SHORT,7.76,13.18538736167853,13.18538736167853,47.036751830815774,0.46514832139489587,0,0.011528981500112301
2025-08-19,2025,SHORT,10.760000000000002,2.010558182670067,2.010558182670067,37.56646102389277,0.3995922645499392,0,0.0066783426126754385
2025-08-22,2025,LONG,166.76,18.835562044812196,18.835562044812196,40.85814339193166,0.8476243947977498,1,0.011882765478950206
2025-08-22,2025,LONG,159.12,28.773359533292968,28.773359533292968,91.6634674516099,0.36333829042674937,0,0.025099283354189397
2025-08-22,2025,LONG,25.26,-4.752312553680383,-4.752312553680383,6.47440361720146,0.15728395074957735,0,0.004334103716259731
2025-08-25,2025,LONG,-42.24,3.2606263316914763,3.2606263316914763,11.559940109149466,0.3487345688283595,0,0.003872850335750589
2025-08-28,2025,LONG,27.26,5.894172706116397,5.894172706116397,24.027999980713503,0.36208026566225704,0,0.006970533156088063
2025-08-29,2025,SHORT,-62.24,-4.657578724926662,-4.657578724926662,12.356828139112622,0.47971865242622697,0,0.002780763226911069
2025-09-03,2025,LONG,-349.74,6.196928534564279,6.196928534564279,73.38354615529533,0.3234208992997972,0,0.017666222718348303
2025-09-04,2025,LONG,67.26,1.1284789997870615,1.1284789997870615,17.019572257762775,0.5027629620926077,1,0.003559930200493981
2025-09-08,2025,LONG,-11.74,2.2456076426433214,2.2456076426433214,53.265836069378565,0.22219996781806695,0,0.01547171077703831
2025-09-09,2025,SHORT,-176.74,3.943509074956186,3.943509074956186,1.6147180249136,0.5806179766322407,1,0.00398496392933746
2025-09-11,2025,LONG,74.26,4.079311117253116,4.079311117253116,28.30322841883026,0.16035143112157335,0,0.009994465373383008
2025-09-12,2025,LONG,-5.74,4.5291826496667404,4.5291826496667404,11.813754518218047,0.5448074631094795,1,0.0030063274394768577
2025-09-12,2025,LONG,22.26,0.6912236411901027,0.6912236411901027,7.042795506247785,0.6605804423676798,1,0.001146084157091472
2025-09-15,2025,LONG,62.760000000000005,-1.9355903649615627,-1.9355903649615627,27.505480229832756,0.2441255448924068,0,0.004835721193282579
2025-09-18,2025,LONG,-120.24,14.969364297236055,14.969364297236055,94.66250000192304,0.259716500187384,0,0.028225766641094063
2025-09-22,2025,LONG,64.76,2.86728457818036,2.86728457818036,95.43389044622381,0.20333716739567076,0,0.026694099141198555
2025-09-22,2025,LONG,60.260000000000005,-5.34051140709218,-5.34051140709218,30.831542755382543,0.13412313782343488,0,0.004925099453376775
2025-09-23,2025,SHORT,143.26,0.9563598964797819,0.9563598964797819,7.422166356212983,0.5757571095661721,1,0.0017888866193923754
2025-09-23,2025,SHORT,16.76,10.170974827823812,10.170974827823812,32.0934060962245,0.44513260871210963,0,0.00762133687412448
2025-09-24,2025,SHORT,173.26,2.1956746817432062,2.1956746817432062,11.154656394617632,0.5012912580855551,1,0.0027576083769015785
2025-09-25,2025,SHORT,-204.74,9.672932963212883,9.672932963212883,26.86019032684635,0.5236835849120346,1,0.00668058150532599
2025-10-01,2025,LONG,91.76,-0.6769955630229916,-0.6769955630229916,19.506871374462207,0.5396583795087844,1,0.002658539221919087
2025-10-06,2025,LONG,-12.24,0.11564086158022135,0.11564086158022135,21.652852124461788,0.6666560895222882,1,0.0026062639893797753
2025-10-06,2025,LONG,27.26,-1.3352790877810978,-1.3352790877810978,12.485487185509555,0.762020632632165,1,0.001336433696437381
2025-10-07,2025,SHORT,74.66,8.901298707587976,8.901298707587976,13.616830911851139,0.6871355050901067,1,0.0044278669255011505
2025-10-07,2025,SHORT,76.68,14.873157895308783,14.873157895308783,30.883552227136533,0.4577901115972668,0,0.008692456494074506
2025-10-08,2025,LONG,21.76,-2.116056884259745,-2.116056884259745,29.053049840949825,0.49922895016902236,0,0.0026406080415116422
2025-10-09,2025,SHORT,-153.24,6.697321103466026,6.697321103466026,18.40213769440379,0.4360444420813995,0,0.005149007296182086
2025-10-10,2025,SHORT,60.260000000000005,-2.0171765016892635,-2.0171765016892635,105.39628865502164,0.2959233703933397,0,0.01356488247982231
2025-10-16,2025,LONG,-407.24,4.609854151634288,4.609854151634288,48.23644633984077,0.33308068775438293,0,0.01117792952994157
2025-10-16,2025,SHORT,272.26,3.3105447419939082,3.3105447419939082,51.712660208711895,0.17950114821952118,0,0.014421845000848343
2025-10-17,2025,LONG,93.56,16.589545998424384,16.589545998424384,-7.0478171656650375,0.42254034165304966,0,0.008979520868512994
2025-10-20,2025,LONG,1.7599999999999998,1.5827134405626708,1.5827134405626708,78.55275581621754,0.27249405864941967,0,0.016523210112542347
2025-10-22,2025,SHORT,203.76,8.676422182443694,8.676422182443694,50.800808703705115,0.4026230023387346,0,0.011425997260965166
2025-10-22,2025,SHORT,87.26,6.0272663874659145,6.0272663874659145,53.63692098644242,0.3728590606930642,0,0.010225439784441638
2025-10-23,2025,LONG,39.76,4.386126217759369,4.386126217759369,55.067216023933725,0.293025632741028,0,0.012461049483566593
2025-10-23,2025,LONG,184.76,-2.81515569252209,-2.81515569252209,23.311898749132524,0.04770835431770659,0,0.004282638783174768
2025-10-24,2025,LONG,17.76,-7.26382411038383,-7.26382411038383,37.867900848741556,0.3732212359595525,0,0.0037124311487059187
2025-10-27,2025,LONG,113.76,4.946528095714925,4.946528095714925,80.53659576428618,0.2209376102945333,0,0.02301512659843295
2025-10-27,2025,LONG,23.76,-2.994173662986558,-2.994173662986558,12.225509720581613,0.6229893823591961,1,0.0010192086552905898
2025-10-28,2025,LONG,200.76,1.4376596972831628,1.4376596972831628,22.992726666358067,0.3637410101277473,0,0.004536665638150429
2025-10-31,2025,SHORT,159.26,7.537190561925129,7.537190561925129,-18.21850641652418,0.2663143505728957,0,0.005174163453498436
2025-10-31,2025,SHORT,-234.24,3.8851482853052275,3.8851482853052275,45.03498129060972,0.27134157863623376,0,0.00726040326152521
2025-11-04,2025,SHORT,200.76,-4.87449216000411,-4.87449216000411,53.29548086527575,0.13586123611487771,0,0.018357900543844036
2025-11-04,2025,SHORT,147.76,-0.19740606526026738,-0.19740606526026738,43.68858351680319,0.4775847763124282,0,0.0062664742327311175
2025-11-06,2025,SHORT,296.76,18.263409139266358,18.263409139266358,112.9222368264891,0.31768609662816305,0,0.027892469506345496
2025-11-07,2025,SHORT,169.76,11.299663777524415,11.299663777524415,103.0399313557864,0.2458971255447489,0,0.03290941841467799
2025-11-07,2025,SHORT,-407.24,-7.8472751535865655,-7.8472751535865655,85.29928015710902,0.35798198547618953,0,0.009967174393520975
2025-11-12,2025,SHORT,-108.74,7.992282688929954,7.992282688929954,27.41815048328499,0.4763760925112102,0,0.00642725522043475
2025-11-13,2025,SHORT,166.76,10.724243011359114,10.724243011359114,64.56425335163294,0.3964239612733024,0,0.016119041900358674
2025-11-13,2025,SHORT,146.26,-0.7189190182346081,-0.7189190182346081,38.14401550239563,0.23960928173364893,0,0.00534819574851487
2025-11-14,2025,LONG,-78.24,13.328308966192239,13.328308966192239,58.48976375575876,0.2544688294652121,0,0.01722934748577346
2025-11-18,2025,SHORT,38.16,-4.869109661619731,-4.869109661619731,92.14189106849881,0.21656818465378913,0,0.01753842295204705
2025-11-18,2025,SHORT,-813.24,-12.53311919771268,-12.53311919771268,77.83695038369478,0.002798000482496399,0,0.012019220580479929
2025-11-20,2025,LONG,-407.24,6.109889351504108,6.109889351504108,150.5654406055546,0.21101275830968125,0,0.043083969610776485
2025-11-21,2025,SHORT,224.76,6.171410985915692,6.171410985915692,67.31379839665897,0.4797859992649561,0,0.012925847543576988
2025-11-21,2025,LONG,-73.74,10.517195304475763,10.517195304475763,35.59721820100822,0.6132055918743482,1,0.01153973489888347
2025-11-26,2025,LONG,-67.24000000000001,-8.332844263973811,-8.332844263973811,16.90461582136777,0.03384622782246205,0,0.002186290936946778
2025-11-28,2025,LONG,3.76,1.791613614134281,1.791613614134281,21.78496692578483,0.3393371762419368,0,0.005239981985434955
2025-11-28,2025,LONG,1.7599999999999998,4.169217773686173,4.169217773686173,16.087896472636203,0.6013902976215992,1,0.0038640156785985126
2025-12-02,2025,LONG,-407.24,-1.3825573352605076,-1.3825573352605076,40.33135161564496,0.19888430434176818,0,0.015237428769781201
2025-12-09,2025,LONG,22.26,3.066672325450135,3.066672325450135,20.295148131863243,0.39556511844100917,0,0.003971717190062967
2025-12-09,2025,LONG,-66.74000000000001,-1.4036056946460977,-1.4036056946460977,8.096515961857222,0.44440653174072975,0,0.001554414705727663
2025-12-10,2025,SHORT,-407.24,5.528732295175249,5.528732295175249,29.328407429213257,0.5003534757852625,1,0.005254132831736209
2025-12-11,2025,SHORT,-81.74,39.71298746570723,39.71298746570723,52.27508845963166,0.3753717690016427,0,0.021673577236392478
2025-12-12,2025,SHORT,141.76,27.521654580367034,27.521654580367034,76.04694582036245,0.39243996345108667,0,0.020690000063335618
2025-12-12,2025,SHORT,-173.24,19.53562002833651,19.53562002833651,103.98143055204855,0.38930223207943543,0,0.020309578961437768
2025-12-16,2025,LONG,-46.74,1.370917370381859,1.370917370381859,-10.752363114377658,-0.01873449839722746,0,0.005977334389181317
2025-12-17,2025,SHORT,78.48,21.921566073029627,21.921566073029627,26.17260665437061,0.6101671348171357,1,0.010412934760179987
2025-12-17,2025,SHORT,77.58,23.089742327921325,23.089742327921325,53.43927558248106,0.33808170354509137,0,0.016154601102051563
2025-12-18,2025,LONG,-29.74,17.13850360992329,17.13850360992329,78.83510295721135,0.3613000023729991,0,0.023302548669521767
2025-12-31,2025,SHORT,-71.74,1.401913657767814,1.401913657767814,33.89812211177923,0.36610511487660136,0,0.005971221674654189
2026-01-07,2026,LONG,96.72,1.0338971904554413,1.0338971904554413,20.316286611112446,0.4678641994442462,0,0.00368941773446773
2026-01-09,2026,LONG,220.76,17.47583343170803,17.47583343170803,43.856155377343384,0.5134521668925338,1,0.011706531148863083
2026-01-12,2026,LONG,18.76,5.296591910345351,5.296591910345351,0.987179395982821,0.5427251277733209,1,0.0033009641076179623
2026-01-12,2026,LONG,75.76,1.519143770784316,1.519143770784316,12.099524009699962,0.513266363512576,1,0.0020696180143348797
2026-01-14,2026,SHORT,-20.24,27.241701259512936,27.241701259512936,73.4767683989594,0.5193010249542511,1,0.016935369138205345
2026-01-14,2026,SHORT,-60.74,-3.1794868709852224,-3.1794868709852224,55.08271279525434,0.3881219658765888,0,0.009581477299208479
2026-01-14,2026,SHORT,-220.24,-6.539850093440634,-6.539850093440634,20.749633417592122,0.3559786936053656,0,0.002861765963798899
2026-01-21,2026,LONG,169.76,23.177977905206504,23.177977905206504,29.057074526761426,0.43953163464384126,0,0.012276140533227701
2026-01-26,2026,LONG,101.76,6.886540472509257,6.886540472509257,30.00320169911356,0.2902500831163356,0,0.0084139319071982
2026-01-26,2026,LONG,-159.24,-1.1116717865433365,-1.1116717865433365,7.647214598811843,0.3303350459569896,0,0.002061089698782973
2026-01-27,2026,LONG,-17.240000000000002,7.10039628111771,7.10039628111771,45.499658903612726,0.29502459099873324,0,0.012327739614175694
2026-01-30,2026,LONG,-407.24,-5.155429501076069,-5.155429501076069,-1.0681706378345552,0.11699474221374695,0,0.005093667284551504
2026-01-30,2026,SHORT,-72.74,6.649236237654463,6.649236237654463,43.93930377189099,0.49561479180707185,0,0.00747285741116563
2026-02-04,2026,SHORT,148.76,13.098873758642597,13.098873758642597,50.88874776065495,0.46921926153521176,0,0.012795278295976388
2026-02-05,2026,SHORT,-407.24,10.558588168665864,10.558588168665864,92.76973408371123,0.23208770700036024,0,0.028608725502191262
2026-02-06,2026,LONG,394.26,0.061015873386679687,0.061015873386679687,29.95221291351845,0.13262046382838288,0,0.009529894000562682
2026-02-09,2026,LONG,69.26,-9.628692513488005,-9.628692513488005,12.85670913697686,-0.22235414663170594,0,0.0027797734452062526
2026-02-10,2026,LONG,-55.24,2.821754936455354,2.821754936455354,4.9499304673445295,0.13401378682722875,0,0.006154561391998705
2026-02-10,2026,SHORT,76.76,3.9616048214580752,3.9616048214580752,5.777185883878701,0.3653243579667213,0,0.00348274199836355
2026-02-12,2026,SHORT,569.26,13.269981570149234,13.269981570149234,31.37135934168691,0.49507515513858347,0,0.010145797961758057
2026-02-12,2026,SHORT,29.26,9.352006429040657,9.352006429040657,101.71823817724362,0.2649278560849756,0,0.022766458884042124
2026-02-13,2026,LONG,235.76,6.2909797602152935,6.2909797602152935,-15.351776680781768,0.11556520327520492,0,0.010944968738438383
2026-02-17,2026,LONG,-24.74,23.12827715131577,23.12827715131577,-18.813546216242685,0.35021686634303406,0,0.01626532388401277
2026-02-17,2026,LONG,260.76,0.19541100642873754,0.19541100642873754,2.4062685783865163,0.36905631614591006,0,0.006555722323846602
2026-02-18,2026,LONG,105.76,12.252618567647925,12.252618567647925,34.08771797794179,0.7646059965462013,1,0.0086887742550006
2026-02-20,2026,LONG,-16.740000000000002,14.880493555313016,14.880493555313016,56.04199224668628,0.4370002160458831,0,0.014496401553432365
2026-02-20,2026,LONG,-41.74,8.502724600710318,8.502724600710318,11.688738984270458,0.4731524879847535,0,0.007828836588254697
2026-02-23,2026,SHORT,89.74,9.272995675433428,9.272995675433428,53.72060599572069,0.39950006943717453,0,0.013413039811690161
2026-02-23,2026,SHORT,76.76,-0.7070887784375204,-0.7070887784375204,1.186459102689696,0.2020520004749154,0,0.006316746658227245
2026-02-25,2026,LONG,89.76,16.285852064366196,16.285852064366196,81.17606441791577,0.23614494343310144,0,0.0238152266188818
2026-02-26,2026,SHORT,-69.24000000000001,32.86144735851583,32.86144735851583,108.95642318636237,0.30124554167300777,0,0.027744204242456362
2026-03-02,2026,LONG,202.76,6.631795445993561,6.631795445993561,3.4873908033187035,0.2065682286848366,0,0.006478787307819339
2026-03-03,2026,SHORT,-813.24,22.228483287192915,22.228483287192915,161.2744662307232,0.24215196273381928,0,0.04647891152616572
2026-03-04,2026,LONG,99.76,21.5125523007885,21.5125523007885,85.70940984790286,0.4316410545848741,0,0.018328619076345254
2026-03-04,2026,LONG,3.76,-5.304677050090703,-5.304677050090703,23.67170390886531,0.5075226650658748,1,0.0020087606643368044
2026-03-05,2026,LONG,-407.24,-1.5665712740719533,-1.5665712740719533,-8.895481794785155,0.026079292445688518,0,0.0073516411665126655
2026-03-05,2026,SHORT,83.66,14.685702080873863,14.685702080873863,35.37103821762139,0.28259653794822015,0,0.010955918508603781
2026-03-09,2026,LONG,346.76,-35.49336803711003,-35.49336803711003,-115.56362527180318,-0.24394234242641333,0,0.032875738543973014
2026-03-10,2026,LONG,134.76,6.154295625367027,6.154295625367027,85.50747135763595,0.2753905970397773,0,0.02559534739859083
2026-03-10,2026,LONG,-813.24,-3.6395152247384814,-3.6395152247384814,30.741266001212352,0.5925123994487156,1,0.0035329696801300473
2026-03-11,2026,SHORT,66.26,6.497847880135586,6.497847880135586,16.456286086700857,0.5923037903431199,1,0.00592254483887549
2026-03-11,2026,SHORT,18.76,2.550354608666994,2.550354608666994,5.6189811218682735,0.2557009776177029,0,0.00572424467203477
2026-03-12,2026,SHORT,20.76,14.475051266714033,14.475051266714033,80.489016089894,0.36250533590562023,0,0.02055010813866647
2026-03-17,2026,LONG,-75.74,0.13121797921177603,0.13121797921177603,6.395064956108399,0.5088549199958332,1,0.001800927360389052
2026-03-20,2026,SHORT,23.26,25.37745944975007,25.37745944975007,37.900734048678714,0.38028984359730433,0,0.016716710512673823
2026-03-23,2026,LONG,-407.24,3.10890933827784,3.10890933827784,106.2595246692872,0.1674976188747873,0,0.03432465010126432
2026-03-24,2026,SHORT,-39.74,3.2113616036170356,3.2113616036170356,59.925496492480306,0.17561295798655352,0,0.023292078460663713
2026-03-24,2026,SHORT,-251.24,11.05843241705421,11.05843241705421,18.514448738540523,0.6245920917500758,1,0.007045623844887653
2026-03-25,2026,LONG,-241.24,5.290032992829051,5.290032992829051,12.214264039186673,0.42238753433538057,0,0.0051161636227164825
2026-03-26,2026,SHORT,723.52,4.699752100329299,4.699752100329299,61.13184841866314,0.26125462797555826,0,0.012130142829418685
2026-03-27,2026,SHORT,-73.74,28.83944900103245,28.83944900103245,112.08250807402146,0.3974339267760861,0,0.026294894216327136
2026-03-27,2026,SHORT,177.26,-1.0114322068851678,-1.0114322068851678,27.800882970368548,0.3300779905728931,0,0.006965271313653088
2026-03-31,2026,LONG,-77.24,25.763486907256663,25.763486907256663,92.96275782991506,0.26597111996989387,0,0.03520191260044166
2026-03-31,2026,LONG,172.16,22.674208793301773,22.674208793301773,88.67388044577456,0.33188693854622575,0,0.022492954087865193
2026-03-31,2026,LONG,14.260000000000002,9.744506723959475,9.744506723959475,96.28826328873402,0.28983614328589713,0,0.02506488513191309
2026-04-01,2026,LONG,554.52,1.5374494123386313,1.5374494123386313,98.24176632894887,0.19328004794089215,0,0.024158345820555573
2026-04-06,2026,LONG,-131.24,11.547246062445595,11.547246062445595,60.274724391703785,0.2815977904535262,0,0.018294488104976775
2026-04-07,2026,SHORT,148.76,25.66461534155527,25.66461534155527,44.00578275087901,0.5694480414295621,1,0.014518490910414178
2026-04-07,2026,SHORT,-407.24,0.8583335322774701,0.8583335322774701,61.88763963394376,0.10768143032057736,0,0.01090617602232553
2026-04-09,2026,LONG,95.58,4.526450480650707,4.526450480650707,-8.56359652898027,0.1627308675249889,0,0.005400630043488288
2026-04-10,2026,LONG,-130.74,4.446972193318722,4.446972193318722,38.10183947521,0.28293875712046035,0,0.010632697320235331
2026-04-14,2026,LONG,531.52,4.6359799407364335,4.6359799407364335,94.32422452286846,0.21192492263483897,0,0.023361393822656288
2026-04-15,2026,LONG,97.38,10.23372149856764,10.23372149856764,51.15471679183611,0.37082818399608874,0,0.012037418114780395
2026-04-15,2026,LONG,234.76,-1.196649418352365,-1.196649418352365,8.814116913752514,-0.026008003455383455,0,0.004790288794709497
2026-04-16,2026,LONG,87.26,4.8314166047691245,4.8314166047691245,46.691943523281225,0.27924432253155074,0,0.009130678253738629
2026-04-17,2026,LONG,66.26,9.99902073151128,9.99902073151128,81.27365367677339,0.279517671182139,0,0.021846170844437615
2026-04-22,2026,LONG,50.26,14.601523321224612,14.601523321224612,66.76657316144701,0.334895792747851,0,0.01477088159453352
2026-04-22,2026,LONG,29.76,-5.624028405911247,-5.624028405911247,13.560226207504456,0.3248440064463429,0,0.001602831597710847
2026-04-24,2026,LONG,508.52,2.208994108422843,2.208994108422843,69.60036144640617,0.18806024448528835,0,0.02108338054614657
2026-04-24,2026,LONG,11.760000000000002,-4.439040341421602,-4.439040341421602,24.74486043752404,0.589612650114701,1,0.001992885061410291
2026-04-28,2026,SHORT,-78.24,10.956138630022352,10.956138630022352,72.37170431371487,0.3541678802195447,0,0.015776113886755844
2026-04-30,2026,LONG,445.76,3.6306487365087854,3.6306487365087854,27.954328656771395,0.545174657796756,1,0.004372075209506631
2026-05-01,2026,LONG,-40.239999999999995,-3.2903446267373226,-3.2903446267373226,46.00928303849287,0.2502587614490893,0,0.005206700972044457
2026-05-05,2026,LONG,-47.74,-9.000931768239326,-9.000931768239326,51.40239546777593,0.3200700930415471,0,0.003259656705094042
2026-05-05,2026,LONG,14.260000000000002,0.35930494800231116,0.35930494800231116,14.304201645791181,0.5015728168467899,1,0.002264468933239944
2026-05-06,2026,LONG,83.88,0.48676254610450087,0.48676254610450087,74.93567641109257,0.2305794344004185,0,0.019887179566740396
2026-05-07,2026,LONG,-813.24,-2.0060935881801214,-2.0060935881801214,62.257826973695046,0.16910547957655708,0,0.008501330982455655
2026-05-08,2026,LONG,230.26,-10.957100614959714,-10.957100614959714,88.14343624312824,0.154116833012374,0,0.005748774540872394
2026-05-11,2026,LONG,210.84,-5.417456130751553,-5.417456130751553,19.21569731724594,0.09182462986334561,0,0.007619576867875223
2026-05-12,2026,SHORT,133.76,27.663593727430623,27.663593727430623,77.24316867526431,0.3868934427320163,0,0.017778489009893986
2026-05-12,2026,SHORT,375.76,10.41883130076556,10.41883130076556,83.62685837542085,0.2816888338288496,0,0.01714050712998012
2026-05-14,2026,LONG,84.26,7.520338054242124,7.520338054242124,46.46596448452328,0.42269518757979996,0,0.008911027785448609
2026-05-18,2026,SHORT,-30.24,19.203912800088737,19.203912800088737,76.15788135585535,0.4552614500368785,0,0.014707085296458249
2026-05-19,2026,SHORT,-407.24,-8.30408268485477,-8.30408268485477,28.129676759024733,-0.06736627384098504,0,0.008840341575689432
2026-05-19,2026,LONG,-32.239999999999995,0.7545331473767263,0.7545331473767263,61.83338245982304,0.15288017264598308,0,0.01233311310288491
2026-05-20,2026,LONG,533.52,12.123125173536344,12.123125173536344,40.6575082916861,0.4410333610525363,0,0.01032949301669003
2026-05-22,2026,LONG,-53.74,-1.9315156439398002,-1.9315156439398002,13.140566180205496,0.19759040807926365,0,0.0027356998811650973
2026-06-03,2026,SHORT,80.26,10.473267849804799,10.473267849804799,9.021105081727,0.49485108244002485,0,0.00445542244224619
2026-06-05,2026,SHORT,438.76,-8.897620100228039,-8.897620100228039,138.3344494460216,0.49169687851333044,0,0.00856588613311438
2026-06-05,2026,SHORT,1048.02,-6.687678749562977,-6.687678749562977,107.23250899895356,0.351148888863582,0,0.011815976797205339
2026-06-08,2026,LONG,186.26,29.35324757935108,29.35324757935108,45.399813217591145,0.3409278468547642,0,0.021704968626238105
2026-06-11,2026,LONG,378.32,4.032423439343331,4.032423439343331,3.9371831431453757,0.6390867324446348,1,0.012874051156830543
2026-06-11,2026,LONG,285.76,40.2202479093262,40.2202479093262,101.85529724963271,0.3394705809747649,0,0.02733789709708837
2026-06-12,2026,LONG,355.52,-9.400837190129877,-9.400837190129877,85.7293039257529,0.3759786835446707,0,0.015151232401499098
2026-06-15,2026,LONG,239.76,10.535709355467418,10.535709355467418,272.027434656291,0.18263436157978508,0,0.06698855279445669
2026-06-16,2026,SHORT,89.74,23.065222023222987,23.065222023222987,40.70553882888635,0.6889914858191877,1,0.009563701086619312
2026-06-23,2026,SHORT,-44.24,-6.960256904580007,-6.960256904580007,140.34368684812216,0.27688737541183606,0,0.011252335295372052
2026-06-24,2026,LONG,-407.24,25.443201235329667,25.443201235329667,28.9742182669288,0.3977021923291405,0,0.010828639194193758
2026-06-26,2026,LONG,140.26,14.885464228925834,14.885464228925834,-11.800447181711206,0.24265742436479154,0,0.006605049033544145
2026-06-26,2026,LONG,74.22,15.701418280568411,15.701418280568411,10.23131278980145,0.012548716319645048,0,0.008526981279995174
2026-06-29,2026,LONG,615.26,19.451812740801362,19.451812740801362,26.824361075792694,0.18356025684551924,0,0.018218536098767894
2026-06-30,2026,LONG,101.26,-5.645006971547488,-5.645006971547488,60.24089498201283,0.454964344226231,0,0.005191096940253655
2026-07-02,2026,SHORT,213.56,26.408477541441695,26.408477541441695,40.28286712993213,0.63302608492467,1,0.012410720071066613
2026-07-02,2026,SHORT,148.76,41.428329532377646,41.428329532377646,92.32453864765921,0.48936411327747614,0,0.021324825467201863
2026-07-02,2026,SHORT,75.34,0.454043712026845,0.454043712026845,107.04127962065468,0.32557966842872277,0,0.014525492583942574
2026-07-07,2026,SHORT,145.26,50.969855302735084,50.969855302735084,134.36364144763138,0.39651760097481614,0,0.03145246069497335
2026-07-07,2026,SHORT,76.68,34.243035308713615,34.243035308713615,169.05816524663533,0.31295384171666646,0,0.03845767933096387
2026-07-08,2026,SHORT,-407.24,11.797578983376475,11.797578983376475,72.8637052810991,0.590960485336379,1,0.010751080736698546
2026-07-09,2026,LONG,4.760000000000002,-5.480610828677463,-5.480610828677463,34.606040079954255,0.6570864527639744,1,0.0022689839395533817
2026-07-10,2026,LONG,502.76,1.5785237084149664,1.5785237084149664,-14.909478546811442,0.20850815821765945,0,0.005821757928548629
2026-07-14,2026,LONG,74.88,4.71602236082451,4.71602236082451,50.17493075196762,0.28883983739569774,0,0.010494937298672291
2026-07-15,2026,SHORT,37.86,23.145851921831724,23.145851921831724,51.3463661338028,0.36782626850944716,0,0.012585823285884276
2026-07-16,2026,SHORT,148.26,-0.216774303045149,-0.216774303045149,39.74426352786031,0.06762548992077771,0,0.00873646974805994
2026-07-16,2026,SHORT,226.76,-0.16310057517740972,-0.16310057517740972,30.440924429582083,0.575941039807117,1,0.0033155752654890525
2026-07-21,2026,LONG,76.0,10.741428117618199,10.741428117618199,65.45910447122515,0.23148683914120227,0,0.018916214459183282
2026-07-23,2026,SHORT,104.26,3.6550202776330423,3.6550202776330423,138.02669538329064,0.2735246447862697,0,0.027709458666743396
2026-07-24,2026,SHORT,-407.24,10.713415177949166,10.713415177949166,68.67489764223865,0.35556427667352075,0,0.014034152316499782
2026-07-27,2026,SHORT,205.92,23.756624188911772,23.756624188911772,94.63430132160283,0.22368359687333011,0,0.02476085253035398
2026-07-29,2026,SHORT,174.76,22.03553266930562,22.03553266930562,44.763277019206726,0.41506935156639835,0,0.01090122718258128
2026-07-29,2026,SHORT,211.76,31.026250093290898,31.026250093290898,89.06241596425389,0.4775722051512335,0,0.02024084772623769
2026-07-30,2026,LONG,4.26,-1.6520064361962028,-1.6520064361962028,97.1512184738458,0.18521657435790317,0,0.017044537008999282
2026-08-03,2026,LONG,202.76,17.298546088422924,17.298546088422924,82.39800427541923,0.42339826123476043,0,0.016654104249432644
2026-08-04,2026,LONG,675.76,-12.05392283162044,-12.05392283162044,136.20466541942733,0.18687541192732737,0,0.01992711898676245
2026-08-06,2026,LONG,-158.74,13.353325371939128,13.353325371939128,-18.659533259160526,0.12247827277898515,0,0.013117890999399572
2026-08-11,2026,SHORT,72.76,8.117790481114339,8.117790481114339,14.751341872997727,0.5383390937635653,1,0.00445335746396656
2026-08-13,2026,LONG,-72.24,6.0399452498846244,6.0399452498846244,84.05491728802735,0.1985492656404958,0,0.018413025692580295
