side,entry,exit,pnl,reason,time,d
LONG,13721.75,13739.089285714286,34.67857142857247,stop,04:10,2021-06-01
LONG,13718.0,13739.964285714286,43.92857142857247,stop,04:50,2021-06-01
LONG,13666.0,13666.333035714286,0.6660714285717404,be,04:45,2021-06-03
LONG,13666.25,13666.58125,0.6624999999985448,be,04:50,2021-06-03
LONG,13545.25,13545.769642857143,1.0392857142869616,be,07:05,2021-06-04
LONG,13549.5,13550.029464285713,1.0589285714268044,be,07:15,2021-06-04
SHORT,13708.75,13708.335714285715,0.8285714285702852,be,05:15,2021-06-07
SHORT,13703.5,13702.875,1.25,be,05:25,2021-06-07
LONG,13833.0,13842.723214285714,19.446428571427532,stop,05:00,2021-06-08
LONG,13836.75,13837.157142857142,0.8142857142847788,be,05:05,2021-06-08
LONG,13848.25,13848.548214285714,0.5964285714289872,be,06:50,2021-06-09
LONG,13849.0,13849.282142857142,0.5642857142847788,be,06:55,2021-06-09
SHORT,13766.0,13786.17857142857,-40.3571428571413,stop,04:30,2021-06-10
SHORT,13772.0,13771.607142857143,0.785714285713766,be,05:50,2021-06-10
SHORT,13951.0,13950.661607142858,0.6767857142840512,be,04:10,2021-06-11
SHORT,13949.5,13962.82142857143,-26.642857142858702,stop,04:30,2021-06-11
LONG,14040.5,14040.722321428571,0.4446428571427532,be,06:45,2021-06-14
LONG,14040.75,14040.966071428571,0.4321428571420256,be,06:50,2021-06-14
SHORT,14142.25,14141.517857142857,1.464285714286234,be,05:35,2021-06-15
SHORT,14140.75,14133.776785714286,13.946428571427532,stop,05:40,2021-06-15
SHORT,14036.0,14047.0,-22.0,stop,04:30,2021-06-16
SHORT,14038.75,14038.482142857143,0.535714285713766,be,04:35,2021-06-16
SHORT,13888.75,13888.2375,1.0250000000014552,be,04:45,2021-06-17
SHORT,13887.0,13886.480357142857,1.0392857142869616,be,04:50,2021-06-17
SHORT,14179.0,14173.32142857143,11.357142857141298,stop,07:10,2021-06-18
SHORT,14173.25,14155.357142857143,35.785714285713766,stop,07:15,2021-06-18
LONG,14116.75,14117.333035714286,1.1660714285717404,be,05:15,2021-06-21
LONG,14116.0,14116.626785714287,1.2535714285731956,be,05:25,2021-06-21
LONG,14126.75,14137.330357142857,21.160714285713766,stop,06:10,2021-06-22
LONG,14131.0,14133.107142857143,4.214285714286234,be,06:45,2021-06-22
SHORT,14255.5,14255.111607142857,0.776785714286234,be,05:05,2021-06-23
SHORT,14257.75,14244.544642857143,26.410714285713766,stop,07:20,2021-06-23
LONG,14332.0,14332.409821428571,0.8196428571427532,be,04:10,2021-06-24
LONG,14331.0,14342.92857142857,23.857142857141298,stop,04:15,2021-06-24
LONG,14367.0,14367.325892857143,0.651785714286234,be,04:10,2021-06-25
LONG,14363.25,14369.92857142857,13.357142857141298,stop,04:15,2021-06-25
SHORT,14474.25,14473.84375,0.8125,be,04:10,2021-06-29
SHORT,14470.5,14486.17857142857,-31.357142857141298,stop,04:15,2021-06-29
SHORT,14567.5,14561.482142857143,12.035714285713766,stop,04:15,2021-06-30
SHORT,14559.0,14558.673214285714,0.6535714285710128,be,04:20,2021-06-30
SHORT,14539.25,14538.846428571429,0.8071428571420256,be,05:25,2021-07-01
SHORT,14542.75,14542.322321428572,0.8553571428565192,be,05:45,2021-07-01
LONG,14593.75,14606.92857142857,26.357142857141298,stop,07:45,2021-07-02
LONG,14598.5,14598.819642857143,0.6392857142855064,be,07:50,2021-07-02
LONG,14699.75,14700.025,0.5499999999992724,be,05:25,2021-07-05
LONG,14700.25,14700.517857142857,0.535714285713766,be,05:35,2021-07-05
LONG,14704.25,14704.697321428572,0.8946428571434808,be,04:15,2021-07-06
LONG,14704.0,14704.425,0.8499999999985448,be,04:20,2021-07-06
LONG,14849.25,14849.849107142858,1.1982142857159488,be,04:10,2021-07-07
LONG,14854.5,14855.047321428572,1.0946428571442084,be,04:15,2021-07-07
SHORT,14647.25,14646.124107142858,2.251785714284779,be,04:30,2021-07-08
SHORT,14647.25,14646.1375,2.224999999998545,be,04:35,2021-07-08
SHORT,14680.25,14679.660714285714,1.178571428572468,be,06:05,2021-07-09
SHORT,14677.25,14676.6375,1.2249999999985448,be,06:10,2021-07-09
LONG,14836.25,14836.760714285714,1.0214285714282596,be,04:50,2021-07-12
LONG,14840.25,14840.751785714287,1.0035714285731956,be,04:55,2021-07-12
LONG,14873.0,14873.249107142858,0.4982142857152212,be,04:20,2021-07-13
LONG,14876.0,14876.270535714286,0.5410714285717404,be,04:25,2021-07-13
LONG,14894.25,14910.651785714286,32.80357142857247,stop,05:05,2021-07-14
LONG,14913.0,14913.526785714286,1.053571428572468,be,05:10,2021-07-14
LONG,14934.75,14953.38392857143,37.2678571428587,stop,04:10,2021-07-15
LONG,14947.5,14948.138392857143,1.276785714286234,be,04:15,2021-07-15
LONG,14817.5,14817.917857142857,0.8357142857130384,be,07:00,2021-07-16
LONG,14820.0,14820.423214285714,0.8464285714289872,be,07:05,2021-07-16
SHORT,14620.5,14619.773214285715,1.4535714285702852,be,04:40,2021-07-19
SHORT,14626.25,14621.80357142857,8.892857142858702,be,04:50,2021-07-19
SHORT,14595.25,14594.778571428571,0.9428571428579744,be,05:50,2021-07-20
SHORT,14594.25,14593.746428571429,1.0071428571427532,be,05:55,2021-07-20
LONG,14747.25,14747.85,1.2000000000007276,be,04:20,2021-07-21
LONG,14761.0,14736.32142857143,-49.3571428571413,stop,04:25,2021-07-21
SHORT,14850.25,14849.8875,0.7249999999985448,be,04:40,2021-07-22
SHORT,14852.0,14851.66875,0.6624999999985448,be,04:45,2021-07-22
LONG,14999.25,14999.666071428572,0.8321428571434808,be,04:10,2021-07-23
LONG,15004.0,15004.4,0.7999999999992724,be,04:15,2021-07-23
SHORT,15043.75,15043.2,1.0999999999985448,be,04:10,2021-07-26
SHORT,15045.5,15044.969642857142,1.0607142857152212,be,04:15,2021-07-26
LONG,15103.5,15103.88125,0.7625000000007276,be,06:05,2021-07-27
LONG,15102.5,15102.873214285713,0.7464285714268044,be,06:10,2021-07-27
LONG,14943.0,14984.49107142857,82.9821428571413,stop,04:10,2021-07-28
LONG,14950.75,14984.642857142857,67.78571428571377,stop,04:15,2021-07-28
SHORT,14992.75,14992.330357142857,0.839285714286234,be,04:25,2021-07-29
SHORT,14998.0,14997.577678571428,0.8446428571442084,be,04:30,2021-07-29
LONG,14859.0,14859.575892857143,1.151785714286234,be,04:15,2021-07-30
LONG,14861.75,14862.301785714286,1.1035714285717404,be,04:20,2021-07-30
SHORT,15032.5,15032.202678571428,0.5946428571442084,be,04:25,2021-08-02
SHORT,15033.5,15033.215178571429,0.5696428571427532,be,04:30,2021-08-02
SHORT,14967.75,14967.49375,0.5125000000007276,be,05:15,2021-08-03
SHORT,14963.25,14962.994642857142,0.5107142857159488,be,05:20,2021-08-03
SHORT,15045.25,15058.82142857143,-27.142857142858702,stop,04:10,2021-08-04
SHORT,15046.75,15036.86607142857,19.767857142858702,stop,07:30,2021-08-04
LONG,15098.25,15098.466964285713,0.4339285714268044,be,05:20,2021-08-05
LONG,15098.75,15098.970535714287,0.4410714285731956,be,05:25,2021-08-05
LONG,15154.5,15154.711607142857,0.4232142857144936,be,04:50,2021-08-06
LONG,15154.75,15155.67857142857,1.857142857141298,be,04:55,2021-08-06
LONG,15095.0,15095.363392857143,0.7267857142869616,be,04:20,2021-08-09
LONG,15091.75,15092.099107142858,0.6982142857159488,be,04:25,2021-08-09
LONG,15143.25,15143.458035714286,0.4160714285717404,be,05:35,2021-08-10
LONG,15145.0,15145.20625,0.4124999999985448,be,05:40,2021-08-10
SHORT,14984.25,14999.5,-30.5,stop,05:20,2021-08-11
SHORT,14991.25,14990.846428571429,0.8071428571420256,be,05:25,2021-08-11
LONG,14997.5,14997.773214285715,0.5464285714297148,be,04:25,2021-08-12
LONG,15002.0,15004.464285714286,4.928571428572468,stop,04:30,2021-08-12
SHORT,15077.0,15072.8125,8.375,stop,07:15,2021-08-13
SHORT,15074.75,15074.570535714285,0.3589285714297148,be,07:20,2021-08-13
SHORT,15079.5,15066.017857142857,26.964285714286234,stop,06:20,2021-08-16
SHORT,15067.0,15066.640178571428,0.7196428571442084,be,06:25,2021-08-16
LONG,15024.75,15025.144642857143,0.7892857142869616,be,06:55,2021-08-18
LONG,15027.5,15010.892857142857,-33.214285714286234,stop,07:10,2021-08-18
SHORT,14720.5,14719.765178571428,1.4696428571442084,be,04:20,2021-08-19
SHORT,14715.0,14714.292857142857,1.4142857142869616,be,04:25,2021-08-19
SHORT,15358.5,15353.44642857143,10.107142857141298,stop,05:40,2021-08-24
SHORT,15351.75,15351.482142857143,0.535714285713766,be,05:45,2021-08-24
LONG,15381.25,15381.577678571428,0.6553571428557916,be,04:15,2021-08-25
LONG,15387.5,15373.357142857143,-28.285714285713766,stop,04:20,2021-08-25
LONG,15341.25,15350.82142857143,19.142857142858702,stop,07:20,2021-08-26
LONG,15352.25,15352.52232142857,0.544642857141298,be,07:25,2021-08-26
SHORT,15315.5,15315.20625,0.5875000000014552,be,04:30,2021-08-27
SHORT,15312.75,15312.497321428571,0.5053571428579744,be,07:50,2021-08-27
LONG,15449.25,15449.502678571429,0.5053571428579744,be,04:10,2021-08-30
LONG,15449.75,15450.004464285714,0.508928571427532,be,04:20,2021-08-30
SHORT,15652.75,15652.460714285715,0.5785714285702852,be,04:40,2021-08-31
SHORT,15652.0,15651.717857142858,0.5642857142847788,be,04:45,2021-08-31
SHORT,15616.0,15615.69642857143,0.607142857141298,be,04:10,2021-09-01
SHORT,15608.25,15607.92857142857,0.642857142858702,be,04:15,2021-09-01
LONG,15644.0,15644.279464285713,0.5589285714268044,be,04:10,2021-09-02
LONG,15638.75,15639.033035714287,0.5660714285731956,be,04:15,2021-09-02
LONG,15627.0,15627.269642857143,0.5392857142869616,be,04:10,2021-09-03
LONG,15627.25,15617.142857142857,-20.214285714286234,stop,04:15,2021-09-03
SHORT,15661.5,15659.94642857143,3.107142857141298,be,04:10,2021-09-07
SHORT,15669.0,15668.60625,0.7874999999985448,be,04:15,2021-09-07
LONG,15678.25,15664.0,-28.5,stop,07:15,2021-09-08
LONG,15673.5,15673.85,0.7000000000007276,be,07:20,2021-09-08
LONG,15595.5,15581.964285714286,-27.071428571427532,stop,05:35,2021-09-09
LONG,15595.0,15595.345535714287,0.6910714285731956,be,05:40,2021-09-09
LONG,15614.0,15614.344642857142,0.6892857142847788,be,04:10,2021-09-10
LONG,15611.0,15619.767857142857,17.535714285713766,stop,04:15,2021-09-10
LONG,15497.75,15500.910714285714,6.321428571427532,stop,04:10,2021-09-13
LONG,15505.25,15505.648214285715,0.7964285714297148,be,04:15,2021-09-13
LONG,15437.5,15438.021428571428,1.0428571428565192,be,04:30,2021-09-14
LONG,15440.5,15440.965178571429,0.9303571428572468,be,04:35,2021-09-14
LONG,15432.25,15432.525,0.5499999999992724,be,04:30,2021-09-15
LONG,15435.75,15436.005357142858,0.5107142857159488,be,04:35,2021-09-15
SHORT,15480.75,15480.402678571429,0.6946428571427532,be,04:55,2021-09-16
SHORT,15481.75,15481.403571428571,0.6928571428579744,be,05:10,2021-09-16
SHORT,15498.75,15498.566964285714,0.366071428572468,be,05:15,2021-09-17
SHORT,15502.5,15502.30357142857,0.392857142858702,be,05:20,2021-09-17
SHORT,15164.25,15163.192857142858,2.114285714284051,be,04:15,2021-09-20
SHORT,15159.75,15158.705357142857,2.089285714286234,be,04:20,2021-09-20
LONG,15150.5,15151.127678571429,1.2553571428579744,be,04:15,2021-09-21
LONG,15153.5,15154.09375,1.1875,be,04:35,2021-09-21
LONG,15261.25,15261.858035714286,1.2160714285710128,be,04:10,2021-09-23
LONG,15265.5,15268.07142857143,5.142857142858702,be,04:20,2021-09-23
SHORT,15216.0,15246.285714285714,-60.57142857142753,stop,04:25,2021-09-24
SHORT,15214.25,15235.75,-43.0,stop,06:00,2021-09-24
SHORT,15332.75,15332.407142857142,0.6857142857152212,be,04:20,2021-09-27
SHORT,15330.5,15330.15,0.7000000000007276,be,04:25,2021-09-27
SHORT,14973.25,14972.074107142857,2.3517857142869616,be,04:10,2021-09-28
SHORT,14976.5,14975.360714285714,2.278571428571013,be,04:15,2021-09-28
SHORT,14806.25,14793.67857142857,25.142857142858702,stop,05:45,2021-09-30
SHORT,14808.75,14808.188392857142,1.1232142857152212,be,05:50,2021-09-30
LONG,14663.75,14664.391071428572,1.2821428571442084,be,07:05,2021-10-01
LONG,14668.25,14709.723214285714,82.94642857142753,stop,07:10,2021-10-01
LONG,14701.25,14702.140178571428,1.7803571428557916,be,05:05,2021-10-04
LONG,14699.5,14700.402678571429,1.8053571428572468,be,05:10,2021-10-04
LONG,14540.0,14540.784821428571,1.5696428571427532,be,05:05,2021-10-05
LONG,14539.0,14539.713392857142,1.4267857142840512,be,05:10,2021-10-05
SHORT,14466.0,14464.933928571429,2.132142857142753,be,04:10,2021-10-06
SHORT,14466.5,14465.533035714287,1.9339285714268044,be,04:50,2021-10-06
LONG,14900.25,14900.769642857143,1.0392857142869616,be,04:35,2021-10-07
LONG,14905.0,14905.501785714287,1.0035714285731956,be,04:40,2021-10-07
SHORT,14719.25,14718.758035714285,0.9839285714297148,be,06:35,2021-10-11
SHORT,14719.0,14718.511607142857,0.9767857142869616,be,06:40,2021-10-11
LONG,14673.75,14674.521428571428,1.5428571428565192,be,04:25,2021-10-12
LONG,14671.75,14672.509821428572,1.5196428571434808,be,04:30,2021-10-12
LONG,14689.5,14690.226785714285,1.4535714285702852,be,04:20,2021-10-13
LONG,14698.5,14699.220535714287,1.4410714285731956,be,04:25,2021-10-13
LONG,14880.75,14881.339285714286,1.178571428572468,be,04:10,2021-10-14
LONG,14893.0,14893.586607142857,1.1732142857144936,be,04:15,2021-10-14
LONG,15087.0,15072.357142857143,-29.285714285713766,stop,06:05,2021-10-15
LONG,15085.0,15085.38125,0.7625000000007276,be,06:15,2021-10-15
LONG,15087.75,15088.482142857143,1.464285714286234,be,04:10,2021-10-18
LONG,15088.0,15088.724107142858,1.4482142857159488,be,04:15,2021-10-18
LONG,15334.75,15335.326785714286,1.1535714285710128,be,04:10,2021-10-19
LONG,15334.5,15335.060714285713,1.1214285714268044,be,04:20,2021-10-19
LONG,15360.25,15349.92857142857,-20.642857142858702,stop,06:05,2021-10-21
LONG,15437.0,15437.257142857143,0.5142857142855064,be,06:15,2021-10-22
LONG,15437.0,15442.19642857143,10.392857142858702,stop,06:20,2021-10-22
LONG,15385.5,15385.957142857143,0.9142857142869616,be,04:10,2021-10-25
LONG,15388.5,15388.894642857143,0.7892857142869616,be,07:50,2021-10-25
SHORT,15565.5,15533.919642857143,63.160714285713766,stop,04:50,2021-10-27
SHORT,15558.25,15534.098214285714,48.30357142857247,stop,04:55,2021-10-27
LONG,15642.5,15659.107142857143,33.214285714286234,stop,04:40,2021-10-28
LONG,15654.75,15655.245535714286,0.991071428572468,be,04:45,2021-10-28
SHORT,15604.5,15603.95,1.0999999999985448,be,06:15,2021-10-29
SHORT,15605.25,15604.707142857143,1.0857142857130384,be,06:20,2021-10-29
LONG,15894.0,15894.382142857143,0.7642857142855064,be,04:20,2021-11-01
LONG,15895.25,15895.638392857143,0.776785714286234,be,04:25,2021-11-01
SHORT,15872.75,15872.354464285714,0.7910714285717404,be,04:10,2021-11-02
SHORT,15875.75,15875.364285714286,0.7714285714282596,be,04:15,2021-11-02
LONG,15975.0,15975.314285714287,0.6285714285731956,be,04:10,2021-11-03
LONG,15973.75,15974.047321428572,0.5946428571442084,be,04:15,2021-11-03
LONG,16188.25,16200.892857142857,25.285714285713766,stop,04:10,2021-11-04
LONG,16203.75,16204.067857142858,0.6357142857159488,be,04:15,2021-11-04
LONG,16341.75,16342.109821428572,0.7196428571442084,be,04:15,2021-11-05
LONG,16343.25,16344.07142857143,1.642857142858702,be,04:20,2021-11-05
LONG,16337.75,16338.297321428572,1.0946428571442084,be,04:15,2021-11-08
LONG,16338.0,16338.330357142857,0.660714285713766,be,05:15,2021-11-08
LONG,16343.5,16343.972321428571,0.9446428571427532,be,04:15,2021-11-09
LONG,16346.25,16346.644642857143,0.7892857142869616,be,04:25,2021-11-09
SHORT,16196.75,16196.248214285713,1.0035714285731956,be,04:10,2021-11-10
SHORT,16195.0,16194.519642857143,0.9607142857130384,be,04:15,2021-11-10
LONG,16039.5,16059.651785714286,40.30357142857247,stop,04:10,2021-11-11
LONG,16057.75,16058.4625,1.4249999999992724,be,04:15,2021-11-11
SHORT,16042.75,16059.42857142857,-33.3571428571413,stop,05:15,2021-11-12
LONG,16235.5,16223.92857142857,-23.142857142858702,stop,05:40,2021-11-15
LONG,16236.0,16226.714285714286,-18.571428571427532,stop,06:55,2021-11-15
SHORT,16162.0,16155.107142857143,13.785714285713766,stop,05:15,2021-11-16
SHORT,16155.75,16155.422321428572,0.6553571428557916,be,05:20,2021-11-16
LONG,16405.5,16405.914285714287,0.8285714285739232,be,04:10,2021-11-18
LONG,16403.5,16403.891964285714,0.7839285714289872,be,04:15,2021-11-18
LONG,16569.0,16569.363392857143,0.7267857142869616,be,04:20,2021-11-19
LONG,16566.5,16566.84642857143,0.6928571428579744,be,04:25,2021-11-19
LONG,16642.75,16643.16875,0.8375000000014552,be,04:10,2021-11-22
LONG,16642.25,16642.667857142857,0.8357142857130384,be,04:15,2021-11-22
LONG,16347.5,16348.054464285715,1.1089285714297148,be,06:55,2021-11-23
LONG,16348.75,16367.348214285714,37.19642857142753,stop,07:05,2021-11-23
SHORT,16284.5,16283.869642857142,1.2607142857159488,be,04:45,2021-11-24
SHORT,16280.5,16264.07142857143,32.8571428571413,stop,04:50,2021-11-24
SHORT,16403.0,16392.339285714286,21.321428571427532,stop,06:10,2021-11-25
SHORT,16389.25,16388.928571428572,0.642857142855064,be,06:15,2021-11-25
SHORT,16147.25,16145.740178571428,3.019642857143481,be,04:35,2021-11-26
LONG,16232.0,16234.839285714286,5.678571428572468,be,07:10,2021-11-26
SHORT,16177.25,16176.369642857142,1.7607142857159488,be,04:55,2021-11-29
SHORT,16169.0,16204.107142857143,-70.21428571428623,stop,05:00,2021-11-29
SHORT,16285.5,16284.421428571428,2.1571428571442084,be,04:10,2021-11-30
SHORT,16292.5,16291.45982142857,2.080357142858702,be,04:15,2021-11-30
LONG,16385.5,16385.960714285713,0.9214285714260768,be,06:55,2021-12-01
LONG,16385.5,16385.936607142856,0.8732142857115832,be,07:00,2021-12-01
LONG,15966.0,15967.607142857143,3.214285714286234,be,04:10,2021-12-02
LONG,15973.5,15974.589285714286,2.178571428572468,be,04:15,2021-12-02
SHORT,15921.25,15920.479464285714,1.5410714285717404,be,05:40,2021-12-03
SHORT,15921.0,15920.225892857143,1.5482142857144936,be,05:45,2021-12-03
LONG,15795.25,15796.350892857143,2.2017857142855064,be,04:10,2021-12-06
LONG,15804.75,15763.214285714286,-83.07142857142753,stop,04:15,2021-12-06
LONG,16106.25,16107.183035714286,1.866071428572468,be,04:10,2021-12-07
LONG,16115.0,16115.899107142857,1.7982142857144936,be,04:15,2021-12-07
SHORT,16350.25,16349.725892857143,1.0482142857144936,be,05:40,2021-12-08
SHORT,16353.5,16352.960714285715,1.0785714285702852,be,05:45,2021-12-08
SHORT,16351.5,16350.99107142857,1.017857142858702,be,04:15,2021-12-09
SHORT,16351.0,16341.107142857143,19.785714285713766,stop,04:20,2021-12-09
LONG,16207.5,16210.107142857143,5.214285714286234,stop,06:10,2021-12-10
LONG,16207.25,16210.285714285714,6.071428571427532,stop,06:15,2021-12-10
LONG,16375.5,16389.491071428572,27.982142857144936,stop,04:10,2021-12-13
LONG,16391.5,16392.01339285714,1.026785714282596,be,04:15,2021-12-13
SHORT,16103.75,16103.286607142858,0.9267857142840512,be,04:15,2021-12-14
SHORT,16103.25,16102.791964285714,0.9160714285717404,be,04:20,2021-12-14
SHORT,15904.0,15879.86607142857,48.2678571428587,stop,04:15,2021-12-15
SHORT,15882.75,15861.892857142857,41.714285714286234,stop,04:20,2021-12-15
LONG,16416.25,16427.25,22.0,stop,06:00,2021-12-16
LONG,16416.75,16427.116071428572,20.732142857144936,stop,06:10,2021-12-16
SHORT,15714.75,15712.160714285714,5.178571428572468,be,04:15,2021-12-17
SHORT,15741.5,15797.32142857143,-111.6428571428587,stop,04:20,2021-12-17
SHORT,15510.25,15508.983928571428,2.5321428571442084,be,04:15,2021-12-20
SHORT,15514.75,15513.520535714286,2.4589285714282596,be,04:20,2021-12-20
SHORT,15727.75,15727.041071428572,1.4178571428565192,be,04:50,2021-12-21
SHORT,15729.0,15728.276785714286,1.446428571427532,be,05:00,2021-12-21
LONG,15953.0,15953.548214285714,1.0964285714289872,be,05:50,2021-12-22
LONG,15953.75,15954.313392857142,1.1267857142847788,be,05:55,2021-12-22
LONG,16189.75,16190.054464285715,0.6089285714297148,be,05:25,2021-12-23
LONG,16188.0,16188.29375,0.5875000000014552,be,05:30,2021-12-23
LONG,16340.75,16341.17857142857,0.857142857141298,be,04:55,2021-12-27
LONG,16342.0,16342.427678571428,0.8553571428565192,be,05:00,2021-12-27
LONG,16619.0,16619.595535714285,1.1910714285695576,be,04:10,2021-12-28
LONG,16628.75,16629.391964285714,1.2839285714289872,be,04:15,2021-12-28
SHORT,16525.5,16525.10892857143,0.7821428571405704,be,06:10,2021-12-29
SHORT,16523.75,16523.370535714286,0.758928571427532,be,06:15,2021-12-29
LONG,16522.0,16522.416964285716,0.8339285714318976,be,04:10,2021-12-30
LONG,16518.75,16519.151785714286,0.803571428572468,be,04:15,2021-12-30
SHORT,16405.5,16405.102678571428,0.794642857144936,be,04:20,2021-12-31
SHORT,16401.25,16400.838392857142,0.8232142857159488,be,04:25,2021-12-31
LONG,16411.75,16412.14375,0.7874999999985448,be,05:00,2022-01-03
LONG,16411.0,16418.276785714286,14.553571428572468,stop,05:10,2022-01-03
LONG,16546.0,16546.38839285714,0.776785714282596,be,05:25,2022-01-04
LONG,16546.5,16546.883035714287,0.7660714285739232,be,05:30,2022-01-04
LONG,16234.25,16234.8875,1.2750000000014552,be,04:20,2022-01-05
LONG,16235.25,16252.3125,34.125,stop,04:25,2022-01-05
SHORT,15684.0,15682.95982142857,2.080357142858702,be,06:50,2022-01-06
SHORT,15691.25,15690.286607142858,1.9267857142840512,be,07:00,2022-01-06
LONG,15768.75,15769.842857142858,2.185714285715221,be,04:35,2022-01-07
LONG,15767.25,15768.324107142857,2.1482142857130384,be,04:40,2022-01-07
SHORT,15513.5,15512.575,1.8499999999985448,be,06:40,2022-01-10
SHORT,15516.25,15485.767857142857,60.964285714286234,stop,06:45,2022-01-10
LONG,15658.75,15713.285714285714,109.07142857142753,stop,04:20,2022-01-11
LONG,15687.5,15712.69642857143,50.3928571428587,stop,04:25,2022-01-11
LONG,15880.5,15881.23125,1.4625000000014552,be,05:50,2022-01-12
LONG,15879.0,15879.697321428572,1.3946428571434808,be,06:05,2022-01-12
SHORT,15467.0,15466.233035714286,1.5339285714289872,be,06:40,2022-01-14
SHORT,15468.25,15467.498214285713,1.5035714285731956,be,06:45,2022-01-14
LONG,15592.5,15593.219642857142,1.4392857142847788,be,04:15,2022-01-17
LONG,15596.5,15597.179464285715,1.3589285714297148,be,04:20,2022-01-17
SHORT,15302.0,15300.622321428571,2.7553571428579744,be,04:20,2022-01-18
SHORT,15282.5,15281.19642857143,2.607142857141298,be,04:25,2022-01-18
LONG,15199.25,15200.458928571428,2.417857142856519,be,04:10,2022-01-19
LONG,15205.5,15226.9375,42.875,stop,04:20,2022-01-19
LONG,15158.0,15158.69642857143,1.392857142858702,be,06:05,2022-01-20
LONG,15155.0,15155.686607142858,1.3732142857152212,be,06:10,2022-01-20
LONG,14807.25,14808.183928571429,1.8678571428572468,be,05:20,2022-01-21
LONG,14803.0,14803.926785714286,1.8535714285717404,be,05:25,2022-01-21
SHORT,14463.5,14462.177678571428,2.644642857143481,be,04:20,2022-01-24
SHORT,14453.25,14451.939285714287,2.6214285714268044,be,04:25,2022-01-24
LONG,14297.5,14352.142857142857,109.28571428571377,stop,04:25,2022-01-25
LONG,14324.5,14331.44642857143,13.892857142858702,be,04:30,2022-01-25
LONG,14362.25,14363.786607142858,3.073214285715949,be,04:10,2022-01-26
LONG,14381.25,14382.733928571428,2.9678571428557916,be,04:15,2022-01-26
LONG,14142.75,14144.925,4.349999999998545,be,04:15,2022-01-27
LONG,14150.5,14219.589285714286,138.17857142857247,stop,04:20,2022-01-27
SHORT,14002.25,14000.899107142857,2.7017857142855064,be,05:40,2022-01-28
SHORT,14007.25,14005.925,2.650000000001455,be,05:55,2022-01-28
LONG,14542.25,14491.57142857143,-101.3571428571413,stop,04:15,2022-01-31
LONG,14537.75,14538.994642857142,2.489285714284051,be,04:20,2022-01-31
SHORT,14874.75,14873.641964285714,2.216071428571013,be,04:30,2022-02-01
SHORT,14874.75,14873.636607142857,2.2267857142869616,be,04:35,2022-02-01
LONG,15204.75,15205.604464285714,1.7089285714282596,be,04:15,2022-02-02
LONG,15196.25,15197.072321428572,1.6446428571434808,be,04:20,2022-02-02
SHORT,14801.0,14800.13392857143,1.732142857141298,be,04:45,2022-02-03
SHORT,14798.0,14797.086607142857,1.8267857142855064,be,04:55,2022-02-03
SHORT,14688.75,14687.695535714285,2.108928571429715,be,04:25,2022-02-04
SHORT,14686.5,14685.503571428571,1.9928571428572468,be,05:00,2022-02-04
LONG,14603.5,14604.49375,1.9874999999992724,be,04:20,2022-02-08
LONG,14605.25,14606.244642857142,1.9892857142840512,be,04:25,2022-02-08
LONG,14874.75,14875.316071428571,1.1321428571427532,be,05:15,2022-02-09
LONG,14873.5,14874.024107142857,1.0482142857144936,be,05:20,2022-02-09
SHORT,14588.75,14587.79017857143,1.919642857141298,be,04:50,2022-02-11
SHORT,14586.75,14585.801785714286,1.8964285714282596,be,04:55,2022-02-11
SHORT,14062.5,14060.414285714285,4.171428571429715,be,04:15,2022-02-14
SHORT,14069.5,14133.07142857143,-127.1428571428587,stop,05:05,2022-02-14
LONG,14494.0,14495.825892857143,3.651785714286234,be,04:10,2022-02-15
LONG,14526.25,14527.965178571429,3.430357142857247,be,04:20,2022-02-15
SHORT,14231.75,14266.5,-69.5,stop,04:15,2022-02-18
SHORT,14234.5,14257.42857142857,-45.8571428571413,stop,06:50,2022-02-18
SHORT,13998.0,13996.851785714285,2.296428571429715,be,04:10,2022-02-21
SHORT,14003.5,14002.33482142857,2.330357142858702,be,04:15,2022-02-21
LONG,13744.25,13745.730357142857,2.9607142857130384,be,04:30,2022-02-22
LONG,13747.25,13748.7125,2.9249999999992724,be,04:35,2022-02-22
LONG,14045.25,14046.116964285715,1.7339285714297148,be,04:15,2022-02-23
LONG,14048.75,14049.60625,1.7125000000014552,be,04:20,2022-02-23
LONG,13231.0,13148.035714285714,-165.92857142857247,stop,04:10,2022-02-24
LONG,13218.75,13136.464285714286,-164.57142857142753,stop,04:25,2022-02-24
LONG,13865.75,13867.119642857142,2.739285714284051,be,05:00,2022-02-25
LONG,13863.0,13864.286607142858,2.573214285715949,be,05:05,2022-02-25
LONG,14040.25,13971.392857142857,-137.71428571428623,stop,04:10,2022-02-28
LONG,14028.5,14029.596428571429,2.1928571428579744,be,07:20,2022-02-28
SHORT,14162.0,14106.0,112.0,stop,04:10,2022-03-01
SHORT,14161.0,14159.460714285715,3.078571428570285,be,04:15,2022-03-01
LONG,14069.0,14077.267857142857,16.535714285713766,be,04:35,2022-03-02
LONG,14068.25,14076.875,17.25,be,04:40,2022-03-02
SHORT,13928.75,13927.188392857142,3.123214285715221,be,04:10,2022-03-04
SHORT,13925.75,13924.247321428571,3.0053571428579744,be,04:15,2022-03-04
LONG,13643.25,13574.57142857143,-137.3571428571413,stop,04:10,2022-03-07
LONG,13639.0,13573.785714285714,-130.42857142857247,stop,04:15,2022-03-07
LONG,13379.25,13403.669642857143,48.839285714286234,stop,07:10,2022-03-08
LONG,13415.0,13364.5,-101.0,stop,07:15,2022-03-08
LONG,13474.25,13523.11607142857,97.7321428571413,stop,04:20,2022-03-09
LONG,13494.25,13495.722321428571,2.944642857142753,be,04:25,2022-03-09
SHORT,13584.25,13582.704464285714,3.091071428571013,be,06:00,2022-03-10
SHORT,13587.25,13585.410714285714,3.678571428572468,be,06:05,2022-03-10
LONG,13623.25,13624.577678571428,2.6553571428557916,be,04:15,2022-03-11
LONG,13622.75,13624.032142857142,2.564285714284779,be,04:20,2022-03-11
SHORT,13320.25,13318.9125,2.6749999999992724,be,04:30,2022-03-14
SHORT,13315.25,13313.914285714285,2.671428571429715,be,04:35,2022-03-14
SHORT,12956.25,12954.882142857143,2.7357142857144936,be,05:10,2022-03-15
LONG,13080.25,13081.411607142858,2.323214285715949,be,06:55,2022-03-15
LONG,13633.5,13634.4125,1.8250000000007276,be,04:10,2022-03-16
LONG,13651.0,13652.047321428572,2.0946428571442084,be,04:20,2022-03-16
SHORT,13926.75,13925.828571428572,1.8428571428557916,be,05:10,2022-03-17
SHORT,13916.5,13915.55625,1.8875000000007276,be,05:15,2022-03-17
LONG,14052.0,14052.786607142858,1.5732142857159488,be,04:15,2022-03-18
LONG,14053.5,14020.357142857143,-66.28571428571377,stop,04:25,2022-03-18
LONG,14369.0,14369.900892857142,1.8017857142840512,be,04:20,2022-03-21
LONG,14369.25,14370.111607142857,1.723214285713766,be,04:40,2022-03-21
LONG,14406.0,14424.651785714286,37.30357142857247,stop,04:15,2022-03-22
LONG,14404.75,14424.455357142857,39.410714285713766,stop,04:20,2022-03-22
SHORT,14631.75,14626.857142857143,9.785714285713766,stop,04:20,2022-03-23
SHORT,14617.75,14617.186607142858,1.1267857142847788,be,04:25,2022-03-23
LONG,14552.75,14553.544642857143,1.589285714286234,be,04:10,2022-03-24
LONG,14548.75,14549.59375,1.6875,be,04:20,2022-03-24
SHORT,14733.0,14709.92857142857,46.1428571428587,stop,04:10,2022-03-25
SHORT,14708.0,14707.257142857143,1.4857142857144936,be,04:15,2022-03-25
LONG,14739.0,14739.6375,1.2750000000014552,be,06:20,2022-03-28
LONG,14746.75,14720.07142857143,-53.3571428571413,stop,06:25,2022-03-28
LONG,15044.75,15045.4,1.2999999999992724,be,05:15,2022-03-29
LONG,15051.25,15065.607142857143,28.714285714286234,stop,05:20,2022-03-29
SHORT,15157.75,15156.945535714285,1.6089285714297148,be,04:15,2022-03-30
SHORT,15161.25,15160.483928571428,1.5321428571442084,be,04:20,2022-03-30
SHORT,15135.5,15134.883035714285,1.2339285714297148,be,04:25,2022-03-31
SHORT,15134.5,15133.927678571428,1.1446428571434808,be,04:35,2022-03-31
LONG,14956.5,14957.145535714286,1.2910714285717404,be,06:10,2022-04-01
LONG,14953.75,14954.347321428571,1.1946428571427532,be,06:20,2022-04-01
LONG,14887.5,14913.660714285714,52.32142857142753,stop,05:05,2022-04-04
LONG,14905.25,14906.839285714286,3.178571428572468,be,05:10,2022-04-04
SHORT,15143.0,15141.30357142857,3.392857142858702,be,05:45,2022-04-05
SHORT,15133.75,15123.151785714286,21.196428571427532,stop,05:50,2022-04-05
SHORT,14722.25,14721.313392857142,1.8732142857152212,be,04:20,2022-04-06
SHORT,14714.0,14713.0875,1.8250000000007276,be,04:25,2022-04-06
LONG,14576.25,14577.11607142857,1.732142857141298,be,05:00,2022-04-07
LONG,14566.5,14567.24375,1.4874999999992724,be,05:20,2022-04-07
LONG,14639.25,14608.107142857143,-62.285714285713766,stop,04:10,2022-04-08
LONG,14630.75,14601.42857142857,-58.6428571428587,stop,04:15,2022-04-08
SHORT,14173.25,14171.711607142857,3.0767857142855064,be,04:20,2022-04-11
SHORT,14170.0,14168.536607142858,2.926785714284051,be,04:25,2022-04-11
LONG,13993.25,14001.0,15.5,stop,04:35,2022-04-12
LONG,14005.5,14006.433928571429,1.8678571428572468,be,04:40,2022-04-12
LONG,14073.0,14074.047321428572,2.0946428571442084,be,04:10,2022-04-13
LONG,14070.0,14070.855357142857,1.7107142857130384,be,04:45,2022-04-13
SHORT,14205.0,14231.107142857143,-52.214285714286234,stop,06:35,2022-04-14
SHORT,14207.5,14233.142857142857,-51.285714285713766,stop,06:40,2022-04-14
LONG,13829.25,13829.902678571429,1.3053571428572468,be,04:10,2022-04-18
LONG,13822.5,13823.132142857143,1.2642857142855064,be,04:15,2022-04-18
SHORT,13879.5,13842.75892857143,73.4821428571413,stop,04:50,2022-04-19
SHORT,13865.5,13864.420535714286,2.158928571428987,be,04:55,2022-04-19
LONG,14146.0,14146.691071428571,1.3821428571427532,be,05:00,2022-04-20
LONG,14152.0,14152.667857142857,1.3357142857130384,be,05:05,2022-04-20
LONG,14166.0,14167.001785714287,2.0035714285731956,be,04:10,2022-04-21
LONG,14163.0,14163.961607142857,1.9232142857144936,be,04:15,2022-04-21
SHORT,13188.0,13228.82142857143,-81.6428571428587,stop,07:20,2022-04-25
LONG,13158.0,13159.809821428571,3.6196428571420256,be,04:15,2022-04-27
LONG,13168.5,13170.259821428572,3.519642857143481,be,04:20,2022-04-27
LONG,13338.25,13339.173214285714,1.8464285714289872,be,05:00,2022-04-28
LONG,13336.25,13299.142857142857,-74.21428571428623,stop,05:05,2022-04-28
SHORT,13312.5,13311.449107142857,2.1017857142869616,be,05:30,2022-04-29
SHORT,13312.75,13311.666964285714,2.1660714285717404,be,05:35,2022-04-29
SHORT,12876.5,12875.752678571429,1.4946428571420256,be,07:20,2022-05-02
SHORT,12870.5,12850.94642857143,39.1071428571413,stop,07:30,2022-05-02
LONG,13119.75,13070.857142857143,-97.78571428571377,stop,04:10,2022-05-03
LONG,13110.75,13111.898214285715,2.296428571429715,be,04:15,2022-05-03
LONG,13145.0,13145.519642857143,1.0392857142869616,be,07:25,2022-05-04
LONG,13150.5,13151.026785714286,1.053571428572468,be,07:30,2022-05-04
SHORT,13410.25,13390.99107142857,38.5178571428587,stop,04:35,2022-05-05
SHORT,13412.0,13390.723214285714,42.55357142857247,stop,04:40,2022-05-05
LONG,12837.5,12838.780357142858,2.560714285715221,be,04:30,2022-05-06
LONG,12852.25,12800.464285714286,-103.57142857142753,stop,04:35,2022-05-06
SHORT,12513.5,12512.232142857143,2.535714285713766,be,04:20,2022-05-09
SHORT,12504.75,12503.466071428571,2.5678571428579744,be,04:25,2022-05-09
LONG,12407.25,12408.45982142857,2.419642857141298,be,04:35,2022-05-10
LONG,12416.0,12384.214285714286,-63.57142857142753,stop,05:40,2022-05-10
LONG,12436.0,12436.952678571428,1.9053571428557916,be,04:15,2022-05-11
LONG,12438.0,12438.91875,1.8375000000014552,be,04:20,2022-05-11
SHORT,11824.5,11822.5625,3.875,be,04:50,2022-05-12
SHORT,11839.5,11837.657142857142,3.685714285715221,be,04:55,2022-05-12
LONG,12186.5,12191.482142857143,9.964285714286234,stop,07:50,2022-05-13
LONG,12199.5,12200.316964285714,1.633928571427532,be,08:00,2022-05-13
LONG,12323.5,12324.619642857142,2.239285714284051,be,04:25,2022-05-16
LONG,12332.25,12333.25,2.0,be,04:55,2022-05-16
LONG,12436.5,12517.86607142857,162.7321428571413,stop,04:10,2022-05-17
LONG,12436.5,12518.160714285714,163.32142857142753,stop,04:15,2022-05-17
SHORT,12465.0,12464.283928571429,1.4321428571420256,be,04:35,2022-05-18
SHORT,12462.5,12491.285714285714,-57.57142857142753,stop,04:40,2022-05-18
SHORT,11741.0,11739.700892857143,2.598214285713766,be,05:00,2022-05-19
SHORT,11734.5,11733.194642857143,2.6107142857144936,be,05:05,2022-05-19
LONG,12068.0,12068.860714285714,1.7214285714289872,be,04:30,2022-05-20
LONG,12083.0,12083.882142857143,1.7642857142855064,be,04:35,2022-05-20
SHORT,11943.25,11901.089285714286,84.32142857142753,stop,04:10,2022-05-23
SHORT,11913.0,11911.74375,2.5125000000007276,be,04:15,2022-05-23
LONG,11825.75,11826.421428571428,1.3428571428557916,be,06:00,2022-05-24
LONG,11829.5,11830.126785714287,1.2535714285731956,be,06:10,2022-05-24
SHORT,11771.0,11769.80357142857,2.392857142858702,be,04:10,2022-05-25
SHORT,11777.5,11776.347321428571,2.305357142857247,be,04:15,2022-05-25
LONG,11986.75,11987.55357142857,1.607142857141298,be,07:15,2022-05-26
LONG,11984.75,12008.767857142857,48.035714285713766,stop,07:20,2022-05-26
LONG,12283.5,12316.375,65.75,stop,04:20,2022-05-27
LONG,12308.0,12308.842857142858,1.6857142857152212,be,04:25,2022-05-27
LONG,12874.75,12875.280357142858,1.0607142857152212,be,05:30,2022-05-30
LONG,12864.75,12865.298214285714,1.0964285714289872,be,05:35,2022-05-30
LONG,12715.25,12716.3375,2.1749999999992724,be,04:20,2022-05-31
LONG,12724.0,12725.0625,2.125,be,04:25,2022-05-31
SHORT,12611.25,12605.857142857143,10.785714285713766,be,04:10,2022-06-01
SHORT,12588.75,12587.625,2.25,be,04:15,2022-06-01
LONG,12638.0,12638.990178571428,1.9803571428565192,be,04:20,2022-06-02
LONG,12641.0,12641.974107142858,1.9482142857159488,be,04:25,2022-06-02
SHORT,12817.5,12816.91517857143,1.169642857141298,be,05:20,2022-06-03
SHORT,12819.75,12819.2,1.0999999999985448,be,05:25,2022-06-03
LONG,12720.5,12739.910714285714,38.82142857142753,stop,04:10,2022-06-06
LONG,12733.75,12734.642857142857,1.785714285713766,be,04:15,2022-06-06
LONG,12564.75,12535.142857142857,-59.214285714286234,stop,04:40,2022-06-07
LONG,12554.5,12525.42857142857,-58.1428571428587,stop,04:45,2022-06-07
LONG,12675.5,12676.20982142857,1.419642857141298,be,04:30,2022-06-08
LONG,12679.0,12679.683928571429,1.3678571428572468,be,04:35,2022-06-08
LONG,12622.5,12660.892857142857,76.78571428571377,stop,04:35,2022-06-09
LONG,12626.0,12626.761607142857,1.5232142857130384,be,04:40,2022-06-09
SHORT,11530.0,11451.07142857143,157.8571428571413,stop,04:10,2022-06-13
SHORT,11502.25,11500.86875,2.7625000000007276,be,04:15,2022-06-13
SHORT,11403.5,11402.414285714285,2.171428571429715,be,04:50,2022-06-14
SHORT,11396.25,11395.19375,2.1124999999992724,be,04:55,2022-06-14
LONG,11398.0,11399.208928571428,2.417857142856519,be,04:10,2022-06-15
LONG,11399.5,11400.65,2.2999999999992724,be,04:15,2022-06-15
SHORT,11262.0,11260.670535714286,2.658928571428987,be,05:00,2022-06-16
SHORT,11249.5,11248.192857142858,2.614285714284051,be,05:05,2022-06-16
LONG,11238.5,11243.67857142857,10.357142857141298,be,04:30,2022-06-17
LONG,11256.25,11257.120535714286,1.741071428572468,be,04:35,2022-06-17
LONG,11585.0,11593.69642857143,17.392857142858702,stop,04:10,2022-06-23
LONG,11613.75,11615.229464285714,2.9589285714282596,be,04:15,2022-06-23
LONG,11864.0,11841.857142857143,-44.285714285713766,stop,06:10,2022-06-24
LONG,12261.0,12221.142857142857,-79.71428571428623,stop,04:15,2022-06-27
LONG,12256.75,12219.214285714286,-75.07142857142753,stop,04:20,2022-06-27
LONG,11695.5,11653.17857142857,-84.6428571428587,stop,04:10,2022-06-29
LONG,11692.0,11692.779464285713,1.5589285714268044,be,05:05,2022-06-29
SHORT,11473.25,11472.245535714286,2.008928571427532,be,05:15,2022-06-30
SHORT,11464.0,11502.67857142857,-77.3571428571413,stop,05:20,2022-06-30
LONG,11480.75,11481.8375,2.1749999999992724,be,04:25,2022-07-01
LONG,11485.0,11486.066964285714,2.133928571427532,be,04:30,2022-07-01
LONG,11569.0,11569.524107142857,1.0482142857144936,be,05:40,2022-07-04
LONG,11571.0,11571.502678571429,1.0053571428579744,be,05:50,2022-07-04
SHORT,11614.25,11567.223214285714,94.05357142857247,stop,04:10,2022-07-05
SHORT,11604.0,11566.910714285714,74.17857142857247,stop,04:15,2022-07-05
SHORT,11779.0,11778.04375,1.9124999999985448,be,04:35,2022-07-06
SHORT,11780.25,11779.320535714285,1.8589285714297148,be,04:40,2022-07-06
LONG,11946.75,11917.714285714286,-58.07142857142753,stop,04:10,2022-07-07
LONG,11940.0,11940.645535714286,1.2910714285717404,be,04:25,2022-07-07
SHORT,12065.75,12065.24107142857,1.017857142858702,be,05:05,2022-07-08
SHORT,12062.25,12061.739285714286,1.0214285714282596,be,05:10,2022-07-08
LONG,12070.25,12071.059821428571,1.6196428571420256,be,04:20,2022-07-11
LONG,12068.0,12068.795535714286,1.5910714285710128,be,04:25,2022-07-11
LONG,11825.75,11826.251785714287,1.0035714285731956,be,05:15,2022-07-12
LONG,11825.5,11825.985714285714,0.9714285714289872,be,05:20,2022-07-12
SHORT,11783.0,11782.226785714285,1.5464285714297148,be,04:10,2022-07-13
SHORT,11783.5,11813.535714285714,-60.07142857142753,stop,04:15,2022-07-13
SHORT,11660.0,11658.933035714286,2.133928571427532,be,04:25,2022-07-14
SHORT,11662.75,11661.766964285714,1.9660714285710128,be,04:30,2022-07-14
LONG,11832.75,11837.5,9.5,stop,04:45,2022-07-15
LONG,11844.75,11845.48125,1.4625000000014552,be,04:50,2022-07-15
LONG,12170.0,12170.629464285714,1.258928571427532,be,04:30,2022-07-18
LONG,12174.75,12175.344642857142,1.1892857142847788,be,04:35,2022-07-18
LONG,11978.25,11978.869642857142,1.2392857142840512,be,05:25,2022-07-19
LONG,11979.25,11979.864285714286,1.2285714285717404,be,05:30,2022-07-19
SHORT,12274.75,12274.15625,1.1875,be,06:35,2022-07-20
SHORT,12265.0,12264.364285714286,1.2714285714282596,be,06:40,2022-07-20
SHORT,12409.0,12408.158035714287,1.6839285714268044,be,04:25,2022-07-21
SHORT,12409.75,12408.927678571428,1.6446428571434808,be,04:30,2022-07-21
LONG,12585.75,12562.5,-46.5,stop,05:20,2022-07-22
LONG,12580.25,12580.80625,1.1124999999992724,be,05:25,2022-07-22
LONG,12441.0,12441.766071428572,1.5321428571442084,be,04:25,2022-07-25
LONG,12437.5,12438.233035714286,1.4660714285710128,be,04:30,2022-07-25
SHORT,12293.5,12293.025,0.9500000000007276,be,06:25,2022-07-26
SHORT,12294.0,12293.5125,0.9749999999985448,be,06:30,2022-07-26
LONG,12321.0,12321.660714285714,1.321428571427532,be,04:10,2022-07-27
LONG,12321.0,12295.535714285714,-50.92857142857247,stop,04:15,2022-07-27
SHORT,12516.75,12493.125,47.25,stop,04:10,2022-07-28
SHORT,12523.25,12509.55357142857,27.392857142858702,stop,04:15,2022-07-28
SHORT,12895.25,12894.608035714286,1.2839285714289872,be,04:25,2022-07-29
SHORT,12888.25,12887.615178571428,1.2696428571434808,be,04:40,2022-07-29
SHORT,12916.25,12915.795535714286,0.9089285714289872,be,04:50,2022-08-01
SHORT,12917.5,12935.285714285714,-35.57142857142753,stop,04:55,2022-08-01
SHORT,12838.0,12837.49375,1.0125000000007276,be,05:55,2022-08-02
SHORT,12829.5,12828.98125,1.0374999999985448,be,06:00,2022-08-02
LONG,12943.25,12979.375,72.25,stop,05:10,2022-08-03
LONG,12960.25,12978.982142857143,37.464285714286234,stop,05:15,2022-08-03
LONG,13287.25,13271.857142857143,-30.785714285713766,stop,05:30,2022-08-04
LONG,13278.75,13291.723214285714,25.946428571427532,stop,05:40,2022-08-04
SHORT,13334.0,13333.575892857143,0.848214285713766,be,04:30,2022-08-05
SHORT,13334.5,13334.079464285714,0.8410714285710128,be,04:35,2022-08-05
LONG,13314.0,13314.470535714287,0.9410714285731956,be,06:45,2022-08-08
LONG,13315.5,13315.9875,0.9749999999985448,be,06:50,2022-08-08
SHORT,13170.0,13197.285714285714,-54.57142857142753,stop,04:10,2022-08-09
SHORT,13165.25,13164.827678571428,0.8446428571442084,be,06:00,2022-08-09
LONG,13049.5,13050.075892857143,1.151785714286234,be,04:25,2022-08-10
LONG,13063.5,13076.482142857143,25.964285714286234,stop,04:30,2022-08-10
SHORT,13426.0,13425.348214285714,1.303571428572468,be,04:10,2022-08-11
SHORT,13425.5,13424.892857142857,1.214285714286234,be,04:15,2022-08-11
LONG,13404.5,13383.142857142857,-42.714285714286234,stop,04:45,2022-08-12
SHORT,13498.75,13513.142857142857,-28.785714285713766,stop,05:40,2022-08-15
LONG,13548.75,13549.225,0.9500000000007276,be,07:00,2022-08-15
LONG,13658.75,13659.266964285714,1.0339285714289872,be,04:10,2022-08-16
LONG,13661.25,13661.744642857142,0.9892857142840512,be,04:15,2022-08-16
SHORT,13596.0,13595.385714285714,1.2285714285717404,be,04:10,2022-08-17
SHORT,13592.75,13592.078571428572,1.3428571428557916,be,04:30,2022-08-17
LONG,13456.75,13483.892857142857,54.285714285713766,stop,04:10,2022-08-18
LONG,13463.0,13463.525,1.0499999999992724,be,04:45,2022-08-18
SHORT,13421.25,13396.580357142857,49.339285714286234,stop,04:15,2022-08-19
SHORT,13415.25,13396.794642857143,36.910714285713766,stop,04:20,2022-08-19
SHORT,13088.5,13066.80357142857,43.3928571428587,stop,04:10,2022-08-22
SHORT,13074.0,13073.076785714286,1.8464285714289872,be,04:15,2022-08-22
LONG,12950.0,12951.016071428572,2.0321428571442084,be,04:10,2022-08-23
LONG,12956.5,12957.486607142857,1.973214285713766,be,04:15,2022-08-23
LONG,12909.5,12910.360714285714,1.7214285714289872,be,04:35,2022-08-24
LONG,12909.5,12910.252678571429,1.5053571428579744,be,04:50,2022-08-24
SHORT,13049.25,13036.044642857143,26.410714285713766,stop,05:15,2022-08-25
SHORT,13032.5,13032.069642857143,0.8607142857144936,be,05:20,2022-08-25
SHORT,13096.75,13096.121428571429,1.2571428571427532,be,04:10,2022-08-26
SHORT,13099.5,13098.889285714286,1.2214285714289872,be,04:15,2022-08-26
LONG,12646.0,12646.988392857143,1.9767857142869616,be,04:10,2022-08-30
LONG,12645.5,12646.464285714286,1.928571428572468,be,04:15,2022-08-30
SHORT,12382.0,12381.057142857142,1.8857142857159488,be,04:25,2022-08-31
SHORT,12382.5,12381.550892857143,1.8982142857130384,be,04:30,2022-08-31
SHORT,12126.5,12156.32142857143,-59.6428571428587,stop,04:55,2022-09-01
SHORT,12119.5,12147.82142857143,-56.6428571428587,stop,05:25,2022-09-01
SHORT,12253.5,12251.410714285714,4.178571428572468,be,06:30,2022-09-02
SHORT,12249.5,12248.94375,1.1124999999992724,be,06:35,2022-09-02
SHORT,12173.0,12172.049107142857,1.901785714286234,be,04:10,2022-09-06
SHORT,12171.5,12170.600892857143,1.7982142857144936,be,04:15,2022-09-06
LONG,12062.5,12023.42857142857,-78.1428571428587,stop,04:10,2022-09-07
LONG,12050.0,12050.951785714286,1.9035714285710128,be,04:20,2022-09-07
LONG,12459.0,12459.561607142858,1.1232142857152212,be,06:35,2022-09-09
LONG,12464.25,12467.785714285714,7.071428571427532,stop,06:40,2022-09-09
LONG,12676.75,12690.419642857143,27.339285714286234,stop,04:40,2022-09-12
LONG,12684.25,12684.898214285715,1.2964285714297148,be,04:45,2022-09-12
LONG,12817.0,12817.44375,0.8875000000007276,be,06:55,2022-09-13
LONG,12817.5,12829.0625,23.125,stop,07:00,2022-09-13
LONG,12117.25,12118.183035714286,1.866071428572468,be,04:25,2022-09-14
LONG,12133.0,12097.964285714286,-70.07142857142753,stop,04:35,2022-09-14
SHORT,12126.75,12147.714285714286,-41.92857142857247,stop,04:50,2022-09-15
SHORT,12125.25,12084.25892857143,81.9821428571413,stop,06:35,2022-09-15
SHORT,11806.0,11805.509821428572,0.9803571428565192,be,04:20,2022-09-16
SHORT,11805.75,11791.88392857143,27.732142857141298,stop,04:25,2022-09-16
SHORT,11815.25,11814.604464285714,1.2910714285717404,be,05:00,2022-09-19
SHORT,11805.25,11804.658035714287,1.1839285714268044,be,05:20,2022-09-19
SHORT,11988.25,11987.402678571429,1.6946428571427532,be,04:10,2022-09-20
SHORT,11983.0,11982.142857142857,1.714285714286234,be,04:15,2022-09-20
LONG,11730.0,11731.05357142857,2.107142857141298,be,04:10,2022-09-22
LONG,11744.0,11745.0875,2.1749999999992724,be,04:20,2022-09-22
SHORT,11481.25,11428.25892857143,105.9821428571413,stop,04:50,2022-09-23
SHORT,11476.25,11475.492857142857,1.5142857142855064,be,04:55,2022-09-23
SHORT,11421.75,11421.025892857142,1.4482142857159488,be,05:25,2022-09-27
SHORT,11421.0,11420.279464285713,1.4410714285731956,be,05:30,2022-09-27
SHORT,11157.0,11155.942857142858,2.114285714284051,be,05:20,2022-09-28
SHORT,11155.25,11154.202678571428,2.0946428571442084,be,05:25,2022-09-28
SHORT,11279.0,11278.167857142857,1.6642857142869616,be,06:55,2022-09-30
SHORT,11275.75,11248.25892857143,54.9821428571413,stop,07:00,2022-09-30
SHORT,10958.75,10957.396428571428,2.707142857143481,be,04:10,2022-10-03
SHORT,10960.75,10959.880357142858,1.7392857142840512,be,05:05,2022-10-03
LONG,11499.5,11500.213392857142,1.4267857142840512,be,05:30,2022-10-04
LONG,11497.75,11521.589285714286,47.67857142857247,stop,05:45,2022-10-04
SHORT,11541.0,11540.157142857142,1.6857142857152212,be,04:20,2022-10-05
SHORT,11518.5,11517.640178571428,1.7196428571442084,be,04:25,2022-10-05
SHORT,11586.0,11584.938392857142,2.123214285715221,be,04:25,2022-10-06
SHORT,11590.25,11589.210714285715,2.078571428570285,be,04:30,2022-10-06
LONG,11526.25,11502.5,-47.5,stop,05:40,2022-10-07
SHORT,11016.25,11015.2875,1.9249999999992724,be,04:20,2022-10-10
SHORT,11014.0,11013.104464285714,1.7910714285717404,be,04:25,2022-10-10
LONG,10952.25,10953.104464285714,1.7089285714282596,be,05:25,2022-10-12
LONG,10971.75,10937.857142857143,-67.78571428571377,stop,05:30,2022-10-12
LONG,10853.75,10854.384821428572,1.2696428571434808,be,04:40,2022-10-13
LONG,10857.0,10857.525892857142,1.0517857142840512,be,04:55,2022-10-13
SHORT,11070.25,11014.25,112.0,stop,04:20,2022-10-14
SHORT,11045.75,11044.559821428571,2.3803571428579744,be,04:25,2022-10-14
LONG,10905.25,10905.867857142857,1.2357142857144936,be,06:10,2022-10-17
LONG,10909.5,10883.642857142857,-51.714285714286234,stop,06:15,2022-10-17
SHORT,11260.0,11259.185714285713,1.6285714285731956,be,05:00,2022-10-18
SHORT,11261.25,11258.07142857143,6.357142857141298,be,05:05,2022-10-18
SHORT,11201.5,11198.517857142857,5.964285714286234,be,04:20,2022-10-19
SHORT,11185.0,11183.983928571428,2.0321428571442084,be,04:25,2022-10-19
LONG,11103.5,11075.285714285714,-56.42857142857247,stop,05:50,2022-10-20
LONG,11110.0,11125.375,30.75,stop,06:40,2022-10-20
SHORT,10997.25,10996.225892857143,2.0482142857144936,be,04:25,2022-10-21
SHORT,10998.75,10997.55357142857,2.392857142858702,be,04:30,2022-10-21
SHORT,11288.25,11286.882142857143,2.7357142857144936,be,04:20,2022-10-24
SHORT,11275.25,11273.895535714286,2.7089285714282596,be,04:25,2022-10-24
SHORT,11461.5,11457.142857142857,8.714285714286234,stop,05:05,2022-10-25
SHORT,11461.0,11456.464285714286,9.071428571427532,stop,05:10,2022-10-25
LONG,11559.25,11560.132142857143,1.7642857142855064,be,04:10,2022-10-26
LONG,11544.75,11545.622321428571,1.7446428571420256,be,04:15,2022-10-26
SHORT,11433.25,11432.400892857142,1.6982142857159488,be,04:10,2022-10-27
SHORT,11421.0,11420.283035714287,1.4339285714268044,be,05:10,2022-10-27
LONG,11126.0,11126.625892857142,1.2517857142847788,be,06:35,2022-10-28
LONG,11127.5,11128.13392857143,1.267857142858702,be,07:20,2022-10-28
SHORT,11509.25,11508.654464285713,1.1910714285731956,be,04:10,2022-10-31
SHORT,11510.5,11509.899107142857,1.2017857142855064,be,04:15,2022-10-31
LONG,11556.0,11556.733928571428,1.4678571428557916,be,04:10,2022-11-01
LONG,11568.5,11569.229464285714,1.4589285714282596,be,04:15,2022-11-01
LONG,11376.5,11377.063392857142,1.1267857142847788,be,04:20,2022-11-02
LONG,11378.0,11378.546428571428,1.0928571428557916,be,04:25,2022-11-02
SHORT,10911.25,10910.346428571429,1.8071428571420256,be,04:35,2022-11-03
SHORT,10907.25,10906.364285714286,1.7714285714282596,be,04:40,2022-11-03
LONG,10825.5,10803.642857142857,-43.714285714286234,stop,06:55,2022-11-04
LONG,10935.75,10936.752678571429,2.0053571428579744,be,04:10,2022-11-07
LONG,10940.75,10941.379464285714,1.258928571427532,be,05:25,2022-11-07
LONG,11023.5,11044.205357142857,41.410714285713766,stop,04:25,2022-11-08
LONG,11038.25,11038.9375,1.375,be,04:30,2022-11-08
SHORT,11091.0,11087.05357142857,7.892857142858702,be,04:10,2022-11-09
SHORT,11083.75,11082.935714285713,1.6285714285731956,be,04:15,2022-11-09
LONG,10892.5,10893.183928571429,1.3678571428572468,be,06:25,2022-11-10
LONG,10889.75,10890.429464285715,1.3589285714297148,be,06:35,2022-11-10
SHORT,11696.5,11695.769642857143,1.4607142857130384,be,05:45,2022-11-11
SHORT,11692.25,11691.509821428572,1.4803571428565192,be,05:50,2022-11-11
SHORT,11770.5,11769.655357142858,1.6892857142847788,be,04:10,2022-11-14
SHORT,11767.0,11766.183928571429,1.6321428571427532,be,04:15,2022-11-14
LONG,11872.5,11873.05357142857,1.107142857141298,be,05:05,2022-11-15
LONG,11869.25,11869.789285714285,1.0785714285702852,be,05:10,2022-11-15
SHORT,11915.75,11915.130357142858,1.2392857142840512,be,04:10,2022-11-16
SHORT,11919.5,11918.909821428571,1.1803571428572468,be,04:15,2022-11-16
SHORT,11763.75,11733.892857142857,59.714285714286234,stop,04:10,2022-11-17
SHORT,11763.75,11733.49107142857,60.5178571428587,stop,04:15,2022-11-17
LONG,11743.0,11743.848214285714,1.696428571427532,be,04:10,2022-11-18
LONG,11737.0,11768.30357142857,62.6071428571413,stop,04:15,2022-11-18
SHORT,11627.5,11626.735714285714,1.5285714285710128,be,04:15,2022-11-21
SHORT,11632.75,11631.960714285715,1.5785714285702852,be,04:25,2022-11-21
LONG,11605.25,11607.464285714286,4.428571428572468,be,04:35,2022-11-22
LONG,11620.5,11589.357142857143,-62.285714285713766,stop,04:40,2022-11-22
LONG,11774.5,11774.939285714287,0.8785714285731956,be,04:45,2022-11-23
LONG,11773.0,11773.427678571428,0.8553571428565192,be,04:50,2022-11-23
LONG,11910.5,11914.267857142857,7.535714285713766,stop,04:10,2022-11-24
LONG,11918.25,11918.661607142858,0.8232142857159488,be,04:15,2022-11-24
SHORT,11868.0,11853.05357142857,29.892857142858702,stop,04:45,2022-11-25
SHORT,11859.5,11858.375,2.25,be,04:50,2022-11-25
SHORT,11671.75,11655.00892857143,33.4821428571413,stop,04:50,2022-11-28
SHORT,11659.5,11657.232142857143,4.535714285713766,be,04:55,2022-11-28
SHORT,11664.0,11663.42857142857,1.142857142858702,be,04:35,2022-11-29
SHORT,11663.75,11663.195535714285,1.1089285714297148,be,04:40,2022-11-29
LONG,11575.25,11575.875892857142,1.2517857142847788,be,04:10,2022-11-30
LONG,11573.5,11574.078571428572,1.1571428571442084,be,04:20,2022-11-30
SHORT,12011.75,12011.058035714286,1.383928571427532,be,04:10,2022-12-01
SHORT,12006.0,12005.296428571428,1.4071428571442084,be,04:15,2022-12-01
LONG,12056.75,12057.25892857143,1.017857142858702,be,05:00,2022-12-02
LONG,12056.75,12057.246428571429,0.9928571428572468,be,05:05,2022-12-02
LONG,11993.75,11994.14732142857,0.794642857141298,be,06:50,2022-12-05
LONG,11994.0,11994.373214285713,0.7464285714268044,be,07:00,2022-12-05
LONG,11841.75,11842.176785714286,0.8535714285717404,be,07:15,2022-12-06
LONG,11842.0,11842.458035714286,0.9160714285717404,be,07:30,2022-12-06
SHORT,11535.5,11521.401785714286,28.196428571427532,stop,04:35,2022-12-07
SHORT,11529.75,11529.123214285713,1.2535714285731956,be,04:40,2022-12-07
LONG,11544.5,11520.214285714286,-48.57142857142753,stop,04:15,2022-12-08
LONG,11541.75,11524.892857142857,-33.714285714286234,stop,05:35,2022-12-08
SHORT,11676.25,11675.753571428571,0.9928571428572468,be,04:35,2022-12-09
SHORT,11672.25,11671.75,1.0,be,04:40,2022-12-09
LONG,11585.75,11586.201785714286,0.9035714285710128,be,04:45,2022-12-12
LONG,11589.5,11593.089285714286,7.178571428572468,stop,04:50,2022-12-12
LONG,11756.0,11756.534821428571,1.0696428571427532,be,04:35,2022-12-13
LONG,11760.75,11739.07142857143,-43.3571428571413,stop,04:40,2022-12-13
SHORT,11833.5,11832.925,1.1500000000014552,be,04:15,2022-12-14
SHORT,11830.5,11829.926785714286,1.1464285714282596,be,04:20,2022-12-14
SHORT,11599.5,11598.507142857143,1.9857142857144936,be,04:10,2022-12-15
SHORT,11587.75,11586.765178571428,1.9696428571442084,be,04:15,2022-12-15
SHORT,11217.0,11216.017857142857,1.964285714286234,be,04:15,2022-12-16
SHORT,11214.25,11247.035714285714,-65.57142857142753,stop,04:25,2022-12-16
LONG,11407.75,11408.20982142857,0.919642857141298,be,05:45,2022-12-19
LONG,11409.5,11391.285714285714,-36.42857142857247,stop,05:50,2022-12-19
LONG,11172.5,11173.499107142858,1.9982142857152212,be,04:35,2022-12-20
LONG,11170.75,11146.0,-49.5,stop,05:30,2022-12-20
LONG,11246.75,11247.349107142858,1.1982142857159488,be,04:10,2022-12-21
LONG,11248.25,11248.823214285714,1.1464285714282596,be,04:15,2022-12-21
SHORT,11348.0,11347.557142857142,0.8857142857159488,be,04:20,2022-12-22
SHORT,11345.75,11345.336607142857,0.8267857142855064,be,04:25,2022-12-22
LONG,11072.0,11072.450892857143,0.901785714286234,be,05:30,2022-12-23
LONG,11074.5,11096.776785714286,44.55357142857247,stop,05:35,2022-12-23
SHORT,11139.75,11125.67857142857,28.142857142858702,stop,04:10,2022-12-27
SHORT,11138.5,11125.526785714286,25.946428571427532,stop,04:15,2022-12-27
SHORT,10913.25,10897.82142857143,30.857142857141298,stop,04:10,2022-12-28
SHORT,10893.5,10913.214285714286,-39.42857142857247,stop,04:15,2022-12-28
LONG,10833.25,10833.694642857143,0.8892857142855064,be,04:10,2022-12-29
LONG,10834.25,10835.142857142857,1.785714285713766,be,04:15,2022-12-29
LONG,10992.5,10993.033035714287,1.0660714285731956,be,05:00,2022-12-30
LONG,10986.75,10987.291071428572,1.0821428571434808,be,05:05,2022-12-30
LONG,11134.75,11140.642857142857,11.785714285713766,stop,04:10,2023-01-03
LONG,11149.25,11150.11875,1.7374999999992724,be,04:15,2023-01-03
SHORT,10990.75,10990.161607142858,1.1767857142840512,be,05:40,2023-01-04
SHORT,10977.75,11001.92857142857,-48.3571428571413,stop,05:45,2023-01-04
LONG,10980.25,10980.98125,1.4625000000014552,be,04:25,2023-01-05
LONG,10983.75,10984.432142857142,1.3642857142840512,be,05:00,2023-01-05
SHORT,10809.25,10793.026785714286,32.44642857142753,stop,04:10,2023-01-06
SHORT,10795.0,10794.398214285715,1.2035714285702852,be,04:15,2023-01-06
LONG,11160.25,11160.910714285714,1.321428571427532,be,04:20,2023-01-09
LONG,11167.0,11167.646428571428,1.2928571428565192,be,04:25,2023-01-09
LONG,11200.75,11201.226785714285,0.9535714285702852,be,05:40,2023-01-10
LONG,11203.25,11203.725,0.9500000000007276,be,05:50,2023-01-10
LONG,11291.0,11305.9375,29.875,stop,04:10,2023-01-11
LONG,11288.5,11306.205357142857,35.410714285713766,stop,04:15,2023-01-11
LONG,11473.0,11473.466071428571,0.9321428571420256,be,04:10,2023-01-12
LONG,11474.0,11474.474107142858,0.9482142857159488,be,04:15,2023-01-12
SHORT,11496.75,11518.357142857143,-43.214285714286234,stop,04:30,2023-01-13
LONG,11529.75,11530.266071428572,1.0321428571442084,be,05:15,2023-01-13
SHORT,11528.0,11527.440178571429,1.1196428571420256,be,04:10,2023-01-16
SHORT,11531.75,11531.183928571429,1.1321428571427532,be,04:15,2023-01-16
LONG,11572.25,11552.964285714286,-38.57142857142753,stop,04:10,2023-01-17
SHORT,11540.75,11561.892857142857,-42.285714285713766,stop,04:25,2023-01-17
LONG,11664.0,11664.339285714286,0.678571428572468,be,07:45,2023-01-18
LONG,11662.25,11669.94642857143,15.392857142858702,stop,07:50,2023-01-18
SHORT,11436.75,11436.169642857143,1.160714285713766,be,04:30,2023-01-19
SHORT,11436.75,11436.170535714286,1.1589285714289872,be,04:35,2023-01-19
SHORT,11373.0,11396.785714285714,-47.57142857142753,stop,04:15,2023-01-20
SHORT,11375.5,11374.963392857142,1.0732142857159488,be,05:05,2023-01-20
SHORT,11901.25,11889.232142857143,24.035714285713766,stop,04:45,2023-01-24
SHORT,11905.75,11905.32142857143,0.857142857141298,be,04:50,2023-01-24
SHORT,11821.5,11820.392857142857,2.214285714286234,be,04:15,2023-01-25
SHORT,11819.0,11818.569642857143,0.8607142857144936,be,04:20,2023-01-25
SHORT,11927.0,11926.480357142857,1.0392857142869616,be,04:35,2023-01-26
SHORT,11917.0,11938.0,-42.0,stop,04:40,2023-01-26
LONG,12045.25,12045.671428571428,0.8428571428557916,be,05:10,2023-01-27
LONG,12050.0,12050.404464285713,0.8089285714268044,be,05:25,2023-01-27
SHORT,12075.0,12074.24375,1.5125000000007276,be,04:35,2023-01-30
SHORT,12061.5,12060.725892857143,1.5482142857144936,be,04:40,2023-01-30
SHORT,11903.5,11902.994642857142,1.0107142857159488,be,05:25,2023-01-31
SHORT,11903.0,11891.267857142857,23.464285714286234,stop,05:30,2023-01-31
SHORT,12118.75,12118.248214285713,1.0035714285731956,be,04:35,2023-02-01
SHORT,12117.75,12117.292857142857,0.9142857142869616,be,04:45,2023-02-01
LONG,12611.75,12612.534821428571,1.5696428571427532,be,08:00,2023-02-02
LONG,12629.5,12630.13392857143,1.267857142858702,be,04:15,2023-02-03
LONG,12635.25,12635.889285714286,1.2785714285710128,be,04:20,2023-02-03
SHORT,12519.0,12518.230357142857,1.5392857142869616,be,04:15,2023-02-06
SHORT,12516.25,12515.505357142858,1.4892857142840512,be,04:20,2023-02-06
LONG,12538.0,12560.86607142857,45.7321428571413,stop,04:10,2023-02-07
LONG,12561.5,12562.417857142857,1.8357142857130384,be,04:15,2023-02-07
LONG,12674.75,12698.330357142857,47.160714285713766,stop,04:40,2023-02-09
LONG,12679.5,12679.988392857143,0.9767857142869616,be,04:45,2023-02-09
SHORT,12398.0,12397.250892857142,1.4982142857152212,be,04:20,2023-02-10
SHORT,12395.75,12395.04375,1.4124999999985448,be,04:30,2023-02-10
LONG,12363.0,12363.691071428571,1.3821428571427532,be,04:10,2023-02-13
LONG,12363.0,12368.375,10.75,stop,04:15,2023-02-13
LONG,12561.0,12561.650892857142,1.3017857142840512,be,04:55,2023-02-14
LONG,12561.0,12561.6375,1.2750000000014552,be,05:00,2023-02-14
LONG,12586.75,12587.389285714286,1.2785714285710128,be,04:10,2023-02-15
LONG,12584.75,12585.316071428571,1.1321428571427532,be,04:40,2023-02-15
SHORT,12739.75,12739.25,1.0,be,04:40,2023-02-16
SHORT,12736.75,12736.265178571428,0.9696428571442084,be,04:45,2023-02-16
SHORT,12358.25,12357.86607142857,0.767857142858702,be,04:35,2023-02-20
SHORT,12358.5,12358.117857142857,0.7642857142855064,be,04:40,2023-02-20
LONG,12147.25,12147.999107142858,1.4982142857152212,be,07:35,2023-02-22
LONG,12147.0,12147.744642857142,1.4892857142840512,be,07:40,2023-02-22
SHORT,12163.75,12193.392857142857,-59.285714285713766,stop,04:25,2023-02-23
SHORT,12170.0,12203.32142857143,-66.6428571428587,stop,04:35,2023-02-23
SHORT,12132.0,12131.555357142857,0.8892857142855064,be,04:30,2023-02-24
SHORT,12130.75,12130.332142857143,0.8357142857130384,be,04:45,2023-02-24
LONG,12074.25,12074.749107142858,0.9982142857152212,be,04:35,2023-02-27
LONG,12077.5,12059.92857142857,-35.1428571428587,stop,05:15,2023-02-27
LONG,12071.0,12090.026785714286,38.05357142857247,stop,05:10,2023-02-28
LONG,12078.5,12078.95,0.9000000000014552,be,05:15,2023-02-28
LONG,12119.25,12119.908035714287,1.3160714285731956,be,04:15,2023-03-01
LONG,12121.75,12122.185714285713,0.8714285714268044,be,05:30,2023-03-01
LONG,11900.0,11900.632142857143,1.2642857142855064,be,06:05,2023-03-02
LONG,11901.25,11901.895535714286,1.2910714285717404,be,06:10,2023-03-02
LONG,12081.25,12081.916964285714,1.3339285714282596,be,04:10,2023-03-03
LONG,12088.25,12088.836607142857,1.1732142857144936,be,04:15,2023-03-03
SHORT,12308.75,12308.17857142857,1.142857142858702,be,04:55,2023-03-06
SHORT,12306.75,12328.5,-43.5,stop,05:10,2023-03-06
LONG,12378.5,12356.535714285714,-43.92857142857247,stop,04:10,2023-03-07
LONG,12369.0,12369.55357142857,1.107142857141298,be,04:15,2023-03-07
LONG,12195.5,12195.896428571428,0.7928571428565192,be,05:55,2023-03-08
LONG,12196.75,12197.151785714286,0.803571428572468,be,06:00,2023-03-08
SHORT,12162.75,12162.215178571429,1.0696428571427532,be,04:15,2023-03-09
SHORT,12160.0,12159.467857142858,1.0642857142847788,be,04:25,2023-03-09
LONG,11993.5,11994.49375,1.9874999999992724,be,04:10,2023-03-10
LONG,11991.5,11992.455357142857,1.910714285713766,be,04:15,2023-03-10
SHORT,12011.25,12043.92857142857,-65.3571428571413,stop,04:10,2023-03-13
SHORT,11998.25,11997.2875,1.9249999999992724,be,04:30,2023-03-13
LONG,12011.0,12011.7375,1.4749999999985448,be,07:25,2023-03-14
LONG,12004.5,12005.226785714285,1.4535714285702852,be,07:30,2023-03-14
SHORT,12198.75,12198.025,1.4500000000007276,be,05:05,2023-03-15
SHORT,12188.5,12187.785714285714,1.428571428572468,be,05:10,2023-03-15
SHORT,12598.25,12597.663392857143,1.1732142857144936,be,04:55,2023-03-17
SHORT,12597.75,12581.875,31.75,stop,05:00,2023-03-17
SHORT,12528.25,12576.142857142857,-95.78571428571377,stop,04:20,2023-03-20
SHORT,12538.75,12586.5,-95.5,stop,04:25,2023-03-20
LONG,12747.0,12766.026785714286,38.05357142857247,stop,07:20,2023-03-21
LONG,12758.75,12774.339285714286,31.178571428572468,stop,07:25,2023-03-21
SHORT,12825.5,12814.223214285714,22.553571428572468,stop,04:10,2023-03-22
SHORT,12820.75,12820.325892857143,0.848214285713766,be,04:15,2023-03-22
LONG,12826.5,12826.984821428572,0.9696428571442084,be,04:10,2023-03-23
LONG,12825.25,12835.6875,20.875,stop,04:15,2023-03-23
SHORT,12844.25,12874.642857142857,-60.785714285713766,stop,04:10,2023-03-24
SHORT,12857.0,12832.3125,49.375,stop,04:20,2023-03-24
LONG,12954.0,12934.535714285714,-38.92857142857247,stop,07:20,2023-03-27
LONG,12953.0,12933.25,-39.5,stop,07:30,2023-03-27
LONG,13009.25,13009.541964285714,0.5839285714282596,be,05:30,2023-03-30
LONG,13009.25,13009.519642857143,0.5392857142869616,be,05:35,2023-03-30
SHORT,13076.75,13093.785714285714,-34.07142857142753,stop,04:20,2023-03-31
SHORT,13080.0,13079.639285714286,0.7214285714289872,be,05:00,2023-03-31
SHORT,13216.0,13212.892857142857,6.214285714286234,stop,04:20,2023-04-03
SHORT,13212.0,13211.529464285713,0.9410714285731956,be,04:25,2023-04-03
LONG,13267.25,13267.579464285714,0.6589285714289872,be,04:55,2023-04-04
LONG,13266.25,13266.576785714286,0.6535714285710128,be,05:00,2023-04-04
SHORT,13192.5,13191.94642857143,1.107142857141298,be,04:15,2023-04-05
SHORT,13192.5,13191.978571428572,1.0428571428565192,be,04:30,2023-04-05
SHORT,13046.75,13046.378571428571,0.7428571428572468,be,05:10,2023-04-06
SHORT,13046.25,13032.901785714286,26.696428571427532,stop,05:25,2023-04-06
LONG,13168.75,13170.232142857143,2.964285714286234,stop,04:30,2023-04-07
LONG,13172.75,13172.950892857143,0.401785714286234,be,04:35,2023-04-07
LONG,13140.25,13140.526785714286,0.553571428572468,be,04:10,2023-04-10
LONG,13141.25,13130.535714285714,-21.428571428572468,stop,04:15,2023-04-10
LONG,13181.75,13182.215178571429,0.9303571428572468,be,04:15,2023-04-11
LONG,13182.25,13182.684821428571,0.8696428571420256,be,04:20,2023-04-11
LONG,13079.5,13079.94642857143,0.892857142858702,be,04:10,2023-04-12
LONG,13081.5,13082.05357142857,1.107142857141298,be,04:15,2023-04-12
SHORT,12978.25,12977.80357142857,0.892857142858702,be,04:15,2023-04-13
SHORT,12975.5,12975.05357142857,0.892857142858702,be,04:20,2023-04-13
SHORT,13174.25,13173.911607142858,0.6767857142840512,be,05:05,2023-04-14
SHORT,13172.25,13171.892857142857,0.714285714286234,be,05:10,2023-04-14
SHORT,13190.0,13189.534821428571,0.9303571428572468,be,04:35,2023-04-17
SHORT,13189.0,13188.541071428572,0.9178571428565192,be,04:40,2023-04-17
LONG,13219.75,13222.42857142857,5.357142857141298,stop,04:10,2023-04-18
LONG,13231.0,13243.13392857143,24.267857142858702,stop,04:15,2023-04-18
SHORT,13106.25,13105.715178571429,1.0696428571427532,be,04:15,2023-04-19
SHORT,13104.25,13090.955357142857,26.589285714286234,stop,05:05,2023-04-19
SHORT,13052.0,13033.19642857143,37.6071428571413,stop,04:10,2023-04-20
SHORT,13055.25,13054.650892857142,1.1982142857159488,be,04:30,2023-04-20
LONG,13076.5,13077.085714285715,1.1714285714297148,be,04:10,2023-04-21
LONG,13079.5,13055.25,-48.5,stop,04:20,2023-04-21
LONG,13047.75,13063.1875,30.875,stop,05:15,2023-04-24
LONG,13058.75,13072.24107142857,26.982142857141298,stop,05:20,2023-04-24
SHORT,12972.75,12998.785714285714,-52.07142857142753,stop,04:25,2023-04-25
SHORT,12974.5,12973.875892857142,1.2482142857152212,be,04:30,2023-04-25
SHORT,12946.25,12945.758035714285,0.9839285714297148,be,06:40,2023-04-26
SHORT,12933.75,12933.208928571428,1.0821428571434808,be,06:55,2023-04-26
SHORT,12979.25,12978.916071428572,0.6678571428565192,be,06:05,2023-04-27
SHORT,12977.25,12976.907142857142,0.6857142857152212,be,06:10,2023-04-27
SHORT,13177.0,13176.513392857143,0.973214285713766,be,05:10,2023-04-28
SHORT,13178.25,13196.57142857143,-36.6428571428587,stop,05:15,2023-04-28
SHORT,13312.75,13312.377678571429,0.7446428571420256,be,04:10,2023-05-01
SHORT,13309.0,13308.621428571429,0.7571428571427532,be,04:15,2023-05-01
SHORT,13299.0,13314.357142857143,-30.714285714286234,stop,05:15,2023-05-02
SHORT,13300.0,13314.535714285714,-29.071428571427532,stop,05:25,2023-05-02
LONG,13210.25,13210.686607142858,0.8732142857152212,be,04:45,2023-05-03
LONG,13210.75,13211.15625,0.8125,be,05:15,2023-05-03
SHORT,13095.25,13094.729464285714,1.0410714285717404,be,07:10,2023-05-04
SHORT,13097.0,13096.507142857143,0.9857142857144936,be,07:15,2023-05-04
LONG,13116.0,13116.404464285713,0.8089285714268044,be,05:25,2023-05-05
LONG,13115.5,13115.896428571428,0.7928571428565192,be,05:30,2023-05-05
SHORT,13309.0,13308.608928571428,0.7821428571442084,be,04:10,2023-05-08
SHORT,13310.25,13309.767857142857,0.964285714286234,be,04:15,2023-05-08
SHORT,13312.0,13311.607142857143,0.785714285713766,be,04:15,2023-05-09
SHORT,13311.25,13310.874107142858,0.7517857142847788,be,04:20,2023-05-09
SHORT,13212.25,13211.6625,1.1749999999992724,be,04:10,2023-05-10
SHORT,13218.75,13243.17857142857,-48.8571428571413,stop,04:15,2023-05-10
LONG,13458.5,13459.020535714286,1.0410714285717404,be,04:20,2023-05-11
LONG,13459.5,13459.905357142858,0.8107142857152212,be,05:35,2023-05-11
LONG,13493.25,13479.32142857143,-27.857142857141298,stop,05:10,2023-05-12
LONG,13487.75,13488.09375,0.6875,be,05:15,2023-05-12
SHORT,13421.0,13420.711607142857,0.5767857142855064,be,06:10,2023-05-15
SHORT,13421.75,13433.392857142857,-23.285714285713766,stop,06:15,2023-05-15
LONG,13509.75,13510.183928571429,0.8678571428572468,be,04:25,2023-05-17
LONG,13507.25,13507.686607142858,0.8732142857152212,be,04:30,2023-05-17
LONG,13670.5,13670.95,0.9000000000014552,be,04:10,2023-05-18
LONG,13672.5,13672.94375,0.8875000000007276,be,04:15,2023-05-18
LONG,13911.75,13922.32142857143,21.142857142858702,stop,04:30,2023-05-19
LONG,13922.75,13923.1625,0.8250000000007276,be,04:35,2023-05-19
SHORT,13846.5,13846.23125,0.5374999999985448,be,05:35,2023-05-22
SHORT,13851.75,13851.488392857143,0.5232142857130384,be,05:40,2023-05-22
SHORT,13896.25,13885.30357142857,21.892857142858702,stop,05:25,2023-05-23
SHORT,13889.5,13889.158928571429,0.6821428571420256,be,05:45,2023-05-23
LONG,13728.25,13728.7875,1.0750000000007276,be,05:05,2023-05-24
SHORT,13686.75,13686.328571428572,0.8428571428557916,be,06:25,2023-05-24
LONG,13874.0,13874.574107142857,1.1482142857130384,be,04:30,2023-05-25
LONG,13875.25,13875.76875,1.0374999999985448,be,04:45,2023-05-25
LONG,13985.0,13985.525,1.0499999999992724,be,04:45,2023-05-26
LONG,13989.0,13989.496428571429,0.9928571428572468,be,04:50,2023-05-26
SHORT,14401.0,14400.725,0.5499999999992724,be,04:45,2023-05-29
SHORT,14399.5,14399.228571428572,0.5428571428565192,be,04:50,2023-05-29
LONG,14445.0,14477.848214285714,65.69642857142753,stop,04:10,2023-05-30
LONG,14454.0,14477.785714285714,47.57142857142753,stop,04:15,2023-05-30
LONG,14374.5,14375.05357142857,1.107142857141298,be,05:10,2023-05-31
LONG,14370.5,14370.974107142858,0.9482142857159488,be,05:15,2023-05-31
LONG,14327.25,14327.610714285714,0.7214285714289872,be,06:40,2023-06-01
LONG,14326.25,14326.614285714286,0.7285714285717404,be,06:55,2023-06-01
LONG,14520.5,14520.877678571429,0.7553571428579744,be,04:35,2023-06-02
LONG,14520.0,14520.379464285714,0.758928571427532,be,04:40,2023-06-02
SHORT,14571.25,14570.894642857143,0.7107142857130384,be,06:15,2023-06-06
SHORT,14566.75,14579.92857142857,-26.357142857141298,stop,06:20,2023-06-06
LONG,14572.5,14579.24107142857,13.482142857141298,stop,06:20,2023-06-07
LONG,14578.75,14579.03125,0.5625,be,06:25,2023-06-07
LONG,14307.0,14307.534821428571,1.0696428571427532,be,04:10,2023-06-08
LONG,14316.25,14328.705357142857,24.910714285713766,stop,04:20,2023-06-08
LONG,14502.25,14506.232142857143,7.964285714286234,stop,05:00,2023-06-09
LONG,14513.25,14513.711607142857,0.9232142857144936,be,05:05,2023-06-09
LONG,14627.5,14627.921428571428,0.8428571428557916,be,04:25,2023-06-12
LONG,14636.5,14636.91875,0.8375000000014552,be,04:30,2023-06-12
SHORT,14857.25,14871.32142857143,-28.142857142858702,stop,05:45,2023-06-13
SHORT,14862.25,14861.894642857143,0.7107142857130384,be,05:50,2023-06-13
LONG,14956.0,14956.595535714287,1.1910714285731956,be,04:25,2023-06-14
LONG,14958.5,14959.025892857142,1.0517857142840512,be,04:30,2023-06-14
SHORT,14943.75,14943.190178571429,1.1196428571420256,be,04:45,2023-06-15
SHORT,14946.5,14945.935714285713,1.1285714285731956,be,04:50,2023-06-15
LONG,15183.25,15183.795535714286,1.0910714285710128,be,04:10,2023-06-16
LONG,15184.75,15211.839285714286,54.17857142857247,stop,04:15,2023-06-16
SHORT,15266.5,15265.99375,1.0125000000007276,be,04:30,2023-06-19
SHORT,15265.25,15264.733928571428,1.0321428571442084,be,04:35,2023-06-19
SHORT,15195.0,15179.544642857143,30.910714285713766,stop,04:30,2023-06-20
SHORT,15183.5,15182.911607142858,1.1767857142840512,be,04:35,2023-06-20
LONG,15258.0,15236.785714285714,-42.42857142857247,stop,04:35,2023-06-21
LONG,15252.25,15252.761607142857,1.0232142857130384,be,04:40,2023-06-21
LONG,15020.25,15020.652678571429,0.8053571428572468,be,05:50,2023-06-22
LONG,15020.5,15003.785714285714,-33.42857142857247,stop,06:00,2023-06-22
SHORT,15103.0,15102.33482142857,1.330357142858702,be,04:55,2023-06-23
SHORT,15099.25,15123.67857142857,-48.8571428571413,stop,05:00,2023-06-23
SHORT,15004.75,15034.285714285714,-59.07142857142753,stop,04:50,2023-06-26
SHORT,15009.75,15009.039285714285,1.4214285714297148,be,04:55,2023-06-26
LONG,14926.25,14926.559821428571,0.6196428571420256,be,06:40,2023-06-27
LONG,14930.25,14930.5625,0.625,be,06:45,2023-06-27
SHORT,15040.25,15036.75,7.0,stop,04:35,2023-06-28
SHORT,15029.75,15029.201785714286,1.0964285714289872,be,04:40,2023-06-28
LONG,15147.25,15151.42857142857,8.357142857141298,stop,04:10,2023-06-29
LONG,15156.25,15156.791071428572,1.0821428571434808,be,04:15,2023-06-29
LONG,15150.75,15151.266964285714,1.0339285714289872,be,04:10,2023-06-30
LONG,15151.5,15152.014285714286,1.0285714285710128,be,04:15,2023-06-30
LONG,15378.25,15378.683035714286,0.866071428572468,be,04:10,2023-07-03
LONG,15382.5,15382.934821428571,0.8696428571420256,be,04:15,2023-07-03
SHORT,15346.25,15346.019642857143,0.4607142857130384,be,04:45,2023-07-04
SHORT,15343.75,15352.607142857143,-17.714285714286234,stop,04:50,2023-07-04
LONG,15312.0,15312.409821428571,0.8196428571427532,be,04:10,2023-07-05
LONG,15314.0,15297.57142857143,-32.8571428571413,stop,04:20,2023-07-05
LONG,15301.75,15302.236607142857,0.973214285713766,be,04:50,2023-07-06
LONG,15297.75,15298.208928571428,0.9178571428565192,be,04:55,2023-07-06
LONG,15212.0,15212.508035714285,1.0160714285702852,be,04:50,2023-07-07
LONG,15210.75,15211.224107142858,0.9482142857159488,be,04:55,2023-07-07
LONG,15120.5,15138.50892857143,36.0178571428587,stop,04:15,2023-07-10
LONG,15128.25,15133.32142857143,10.142857142858702,stop,04:20,2023-07-10
SHORT,15195.25,15194.771428571428,0.9571428571434808,be,04:20,2023-07-11
SHORT,15194.5,15194.039285714285,0.9214285714297148,be,04:30,2023-07-11
LONG,15301.25,15301.535714285714,0.571428571427532,be,05:30,2023-07-12
LONG,15301.25,15301.517857142857,0.535714285713766,be,05:40,2023-07-12
LONG,15536.75,15537.16517857143,0.830357142858702,be,04:25,2023-07-13
LONG,15536.25,15536.682142857142,0.8642857142840512,be,04:30,2023-07-13
LONG,15735.0,15735.439285714287,0.8785714285731956,be,04:10,2023-07-14
LONG,15724.0,15706.357142857143,-35.285714285713766,stop,04:40,2023-07-14
LONG,15723.5,15723.898214285715,0.7964285714297148,be,04:10,2023-07-17
LONG,15724.75,15725.126785714287,0.7535714285731956,be,04:15,2023-07-17
SHORT,15816.5,15826.714285714286,-20.428571428572468,stop,06:50,2023-07-18
SHORT,15815.0,15814.675,0.6500000000014552,be,07:40,2023-07-18
SHORT,15965.25,15980.07142857143,-29.642857142858702,stop,04:10,2023-07-19
LONG,15995.0,16002.13392857143,14.267857142858702,stop,05:40,2023-07-19
SHORT,15835.25,15834.740178571428,1.0196428571434808,be,04:15,2023-07-20
SHORT,15833.0,15832.483928571428,1.0321428571442084,be,04:20,2023-07-20
LONG,15645.25,15654.38392857143,18.267857142858702,stop,04:20,2023-07-21
LONG,15649.5,15658.580357142857,18.160714285713766,stop,04:25,2023-07-21
LONG,15592.0,15592.363392857143,0.7267857142869616,be,05:35,2023-07-24
LONG,15604.0,15604.451785714286,0.9035714285710128,be,04:10,2023-07-25
LONG,15606.0,15620.348214285714,28.696428571427532,stop,04:15,2023-07-25
SHORT,15654.0,15653.54375,0.9124999999985448,be,04:15,2023-07-26
SHORT,15651.0,15650.589285714286,0.821428571427532,be,04:45,2023-07-26
LONG,15778.75,15792.05357142857,26.607142857141298,stop,04:10,2023-07-27
LONG,15784.5,15786.267857142857,3.535714285713766,be,04:15,2023-07-27
LONG,15705.25,15705.74107142857,0.982142857141298,be,07:15,2023-07-28
LONG,15713.75,15714.253571428571,1.0071428571427532,be,07:20,2023-07-28
LONG,15842.25,15842.799107142857,1.098214285713766,be,04:10,2023-07-31
LONG,15837.0,15837.519642857143,1.0392857142869616,be,04:25,2023-07-31
SHORT,15816.25,15815.846428571429,0.8071428571420256,be,04:20,2023-08-01
SHORT,15814.0,15802.348214285714,23.303571428572468,stop,04:25,2023-08-01
SHORT,15617.0,15616.135714285714,1.7285714285717404,be,04:10,2023-08-02
SHORT,15616.5,15610.375,12.25,stop,04:15,2023-08-02
LONG,15419.75,15420.622321428571,1.7446428571420256,be,05:10,2023-08-03
LONG,15411.75,15412.595535714287,1.6910714285731956,be,05:15,2023-08-03
LONG,15546.75,15547.499107142858,1.4982142857152212,be,04:10,2023-08-04
LONG,15554.75,15555.4375,1.375,be,04:15,2023-08-04
SHORT,15407.5,15432.42857142857,-49.8571428571413,stop,04:50,2023-08-07
SHORT,15409.75,15408.732142857143,2.035714285713766,be,06:25,2023-08-07
SHORT,15402.75,15402.215178571429,1.0696428571427532,be,06:35,2023-08-08
SHORT,15401.5,15375.357142857143,52.285714285713766,stop,06:40,2023-08-08
SHORT,15383.25,15370.50892857143,25.482142857141298,stop,07:00,2023-08-09
SHORT,15374.5,15374.075,0.8499999999985448,be,07:05,2023-08-09
SHORT,15203.0,15197.767857142857,10.464285714286234,stop,04:10,2023-08-11
SHORT,15193.25,15192.703571428572,1.0928571428557916,be,04:15,2023-08-11
SHORT,15200.75,15199.85625,1.7874999999985448,be,04:10,2023-08-15
SHORT,15196.0,15195.372321428571,1.2553571428579744,be,06:10,2023-08-15
LONG,15159.75,15160.20625,0.9124999999985448,be,04:30,2023-08-16
LONG,15155.75,15156.217857142858,0.9357142857152212,be,04:35,2023-08-16
LONG,14974.0,14974.623214285713,1.2464285714268044,be,04:35,2023-08-17
LONG,14976.25,14976.867857142857,1.2357142857144936,be,04:40,2023-08-17
SHORT,14716.25,14715.699107142857,1.1017857142869616,be,06:35,2023-08-18
SHORT,14714.75,14714.213392857142,1.0732142857159488,be,06:40,2023-08-18
LONG,14826.0,14826.6125,1.2249999999985448,be,04:25,2023-08-21
LONG,14827.0,14827.608035714286,1.2160714285710128,be,04:30,2023-08-21
LONG,15051.5,15052.188392857142,1.3767857142847788,be,04:10,2023-08-22
LONG,15053.0,15053.690178571429,1.3803571428579744,be,04:15,2023-08-22
LONG,15073.5,15074.113392857143,1.2267857142869616,be,04:15,2023-08-23
LONG,15076.75,15052.714285714286,-48.07142857142753,stop,04:20,2023-08-23
SHORT,15349.5,15348.933035714286,1.133928571427532,be,05:35,2023-08-24
SHORT,15342.75,15365.714285714286,-45.92857142857247,stop,05:40,2023-08-24
LONG,14860.75,14879.160714285714,36.82142857142753,stop,04:10,2023-08-25
LONG,14873.75,14874.509821428572,1.5196428571434808,be,04:15,2023-08-25
LONG,15024.0,15024.648214285715,1.2964285714297148,be,04:25,2023-08-28
LONG,15029.75,15004.964285714286,-49.57142857142753,stop,04:30,2023-08-28
SHORT,15072.0,15097.607142857143,-51.214285714286234,stop,04:15,2023-08-29
SHORT,15080.75,15080.11875,1.2625000000007276,be,04:20,2023-08-29
SHORT,15378.75,15378.202678571428,1.0946428571442084,be,04:30,2023-08-30
SHORT,15384.0,15383.466964285713,1.0660714285731956,be,04:40,2023-08-30
SHORT,15475.0,15474.50625,0.9874999999992724,be,05:10,2023-08-31
SHORT,15476.75,15475.767857142857,1.964285714286234,be,05:15,2023-08-31
LONG,15565.5,15565.900892857142,0.8017857142840512,be,05:20,2023-09-01
LONG,15568.0,15551.642857142857,-32.714285714286234,stop,05:25,2023-09-01
LONG,15567.25,15554.82142857143,-24.857142857141298,stop,04:25,2023-09-04
LONG,15566.5,15566.7625,0.5250000000014552,be,06:00,2023-09-04
SHORT,15431.75,15431.007142857143,1.4857142857144936,be,04:15,2023-09-05
SHORT,15420.5,15451.17857142857,-61.3571428571413,stop,04:20,2023-09-05
LONG,15494.75,15504.92857142857,20.357142857141298,stop,06:15,2023-09-06
LONG,15493.25,15493.626785714287,0.7535714285731956,be,06:35,2023-09-06
SHORT,15293.0,15289.714285714286,6.571428571427532,be,04:15,2023-09-07
SHORT,15300.0,15282.42857142857,35.1428571428587,stop,04:20,2023-09-07
SHORT,15289.25,15288.65625,1.1875,be,04:20,2023-09-08
SHORT,15279.5,15278.884821428572,1.2303571428565192,be,04:25,2023-09-08
LONG,15402.75,15404.017857142857,2.535714285713766,be,07:35,2023-09-11
LONG,15412.25,15394.035714285714,-36.42857142857247,stop,07:40,2023-09-11
SHORT,15429.0,15428.569642857143,0.8607142857144936,be,04:35,2023-09-12
SHORT,15428.5,15428.077678571428,0.8446428571442084,be,04:40,2023-09-12
SHORT,15286.0,15285.33482142857,1.330357142858702,be,04:50,2023-09-13
SHORT,15285.25,15284.625,1.25,be,05:00,2023-09-13
SHORT,15399.5,15398.947321428572,1.1053571428565192,be,04:10,2023-09-14
SHORT,15395.25,15394.703571428572,1.0928571428557916,be,04:15,2023-09-14
SHORT,15460.75,15460.204464285714,1.0910714285710128,be,04:55,2023-09-15
SHORT,15460.25,15459.780357142858,0.9392857142847788,be,05:05,2023-09-15
SHORT,15389.75,15389.323214285714,0.8535714285717404,be,07:10,2023-09-18
SHORT,15389.75,15389.325,0.8499999999985448,be,07:15,2023-09-18
LONG,15431.75,15432.240178571428,0.9803571428565192,be,04:15,2023-09-19
LONG,15430.25,15430.644642857143,0.7892857142869616,be,04:50,2023-09-19
LONG,15391.0,15391.483035714286,0.9660714285710128,be,04:25,2023-09-20
LONG,15396.5,15396.973214285714,0.946428571427532,be,04:35,2023-09-20
SHORT,15054.5,15053.9625,1.0750000000007276,be,04:55,2023-09-21
SHORT,15053.0,15052.432142857142,1.1357142857159488,be,05:20,2023-09-21
LONG,14933.5,14933.935714285713,0.8714285714268044,be,05:50,2023-09-22
LONG,14933.5,14933.9375,0.875,be,05:55,2023-09-22
SHORT,14910.75,14891.214285714286,39.07142857142753,stop,04:15,2023-09-25
SHORT,14901.75,14860.026785714286,83.44642857142753,stop,04:20,2023-09-25
LONG,14854.25,14878.598214285714,48.69642857142753,stop,04:10,2023-09-26
LONG,14868.25,14871.089285714286,5.678571428572468,be,04:15,2023-09-26
SHORT,14747.0,14765.07142857143,-36.1428571428587,stop,06:15,2023-09-27
SHORT,14722.25,14721.54017857143,1.419642857141298,be,04:10,2023-09-28
SHORT,14723.5,14722.80357142857,1.392857142858702,be,04:15,2023-09-28
LONG,14957.25,14957.879464285714,1.258928571427532,be,04:25,2023-09-29
LONG,14961.5,14962.107142857143,1.214285714286234,be,04:30,2023-09-29
SHORT,14965.0,14949.660714285714,30.678571428572468,stop,05:00,2023-10-02
SHORT,14952.5,14951.934821428571,1.1303571428579744,be,05:05,2023-10-02
LONG,15014.25,15014.969642857142,1.4392857142847788,be,04:10,2023-10-03
LONG,15014.75,15015.454464285714,1.4089285714289872,be,04:15,2023-10-03
LONG,14662.75,14663.71875,1.9375,be,04:15,2023-10-04
LONG,14660.25,14661.225,1.9500000000007276,be,04:20,2023-10-04
LONG,14907.0,14907.670535714286,1.3410714285710128,be,04:10,2023-10-05
LONG,14902.0,14902.652678571429,1.3053571428572468,be,04:15,2023-10-05
LONG,14897.5,14916.38392857143,37.7678571428587,stop,06:10,2023-10-06
LONG,14899.75,14900.207142857143,0.9142857142869616,be,06:15,2023-10-06
LONG,15019.25,15019.997321428571,1.4946428571420256,be,04:55,2023-10-09
LONG,15016.5,15017.225892857143,1.4517857142855064,be,05:00,2023-10-09
LONG,15235.5,15217.714285714286,-35.57142857142753,stop,06:45,2023-10-10
SHORT,15190.5,15190.010714285714,0.9785714285717404,be,07:25,2023-10-10
SHORT,15282.75,15282.082142857143,1.3357142857130384,be,04:25,2023-10-11
SHORT,15285.0,15284.344642857142,1.3107142857152212,be,04:30,2023-10-11
SHORT,15310.5,15309.988392857143,1.0232142857130384,be,04:30,2023-10-13
SHORT,15307.75,15295.982142857143,23.535714285713766,stop,04:35,2023-10-13
SHORT,15091.75,15090.878571428571,1.7428571428572468,be,04:10,2023-10-16
SHORT,15091.5,15090.661607142858,1.6767857142840512,be,04:15,2023-10-16
SHORT,15252.75,15252.128571428571,1.2428571428572468,be,04:40,2023-10-17
SHORT,15254.5,15253.857142857143,1.285714285713766,be,04:45,2023-10-17
LONG,15209.5,15210.095535714287,1.1910714285731956,be,04:50,2023-10-18
LONG,15204.75,15205.320535714285,1.1410714285702852,be,04:55,2023-10-18
LONG,15042.5,15043.080357142857,1.160714285713766,be,06:00,2023-10-19
LONG,15046.25,15046.827678571428,1.1553571428557916,be,06:05,2023-10-19
LONG,14849.75,14879.732142857143,59.964285714286234,stop,04:15,2023-10-20
LONG,14854.0,14854.704464285714,1.4089285714289872,be,04:20,2023-10-20
SHORT,14616.25,14615.482142857143,1.535714285713766,be,05:05,2023-10-23
SHORT,14604.25,14603.451785714286,1.5964285714289872,be,05:10,2023-10-23
SHORT,14765.0,14764.375,1.25,be,04:20,2023-10-24
SHORT,14773.5,14772.860714285714,1.2785714285710128,be,04:25,2023-10-24
LONG,14764.0,14764.667857142857,1.3357142857130384,be,04:30,2023-10-25
LONG,14766.25,14766.86607142857,1.232142857141298,be,04:35,2023-10-25
LONG,14330.5,14331.330357142857,1.660714285713766,be,04:10,2023-10-26
LONG,14330.25,14331.00892857143,1.517857142858702,be,04:15,2023-10-26
LONG,14317.75,14318.389285714286,1.2785714285710128,be,04:20,2023-10-27
LONG,14317.25,14317.823214285714,1.1464285714282596,be,04:30,2023-10-27
LONG,14390.25,14367.75,-45.0,stop,05:20,2023-10-30
LONG,14384.25,14384.799107142857,1.098214285713766,be,05:25,2023-10-30
LONG,14371.25,14371.713392857142,0.9267857142840512,be,04:25,2023-10-31
LONG,14373.75,14374.230357142857,0.9607142857130384,be,04:30,2023-10-31
SHORT,14452.5,14449.910714285714,5.178571428572468,be,04:20,2023-11-01
SHORT,14453.5,14450.017857142857,6.964285714286234,stop,04:25,2023-11-01
LONG,14825.5,14836.74107142857,22.482142857141298,stop,04:20,2023-11-02
LONG,14837.0,14837.449107142857,0.8982142857130384,be,04:25,2023-11-02
SHORT,14941.75,14941.419642857143,0.660714285713766,be,04:30,2023-11-03
SHORT,14937.25,14936.842857142858,0.8142857142847788,be,05:05,2023-11-03
LONG,15223.0,15223.425892857143,0.8517857142869616,be,05:10,2023-11-06
LONG,15220.0,15220.423214285714,0.8464285714289872,be,05:15,2023-11-06
SHORT,15182.5,15182.119642857142,0.7607142857159488,be,06:40,2023-11-07
SHORT,15181.0,15196.0,-30.0,stop,06:45,2023-11-07
LONG,15371.0,15371.315178571429,0.6303571428579744,be,06:25,2023-11-08
LONG,15369.25,15370.32142857143,2.142857142858702,be,06:30,2023-11-08
LONG,15400.5,15387.107142857143,-26.785714285713766,stop,05:45,2023-11-09
SHORT,15235.75,15221.089285714286,29.321428571427532,stop,04:15,2023-11-10
SHORT,15225.25,15220.625,9.25,stop,04:20,2023-11-10
LONG,15549.5,15549.876785714287,0.7535714285731956,be,04:20,2023-11-13
LONG,15551.25,15551.613392857143,0.7267857142869616,be,04:25,2023-11-13
LONG,15601.25,15601.597321428571,0.6946428571427532,be,04:10,2023-11-14
LONG,15603.75,15604.083928571428,0.6678571428565192,be,04:15,2023-11-14
LONG,15967.5,15967.819642857143,0.6392857142855064,be,05:55,2023-11-15
LONG,15965.0,15965.319642857143,0.6392857142855064,be,06:00,2023-11-15
LONG,15870.25,15870.732142857143,0.964285714286234,be,04:20,2023-11-16
LONG,15869.75,15857.57142857143,-24.357142857141298,stop,05:35,2023-11-16
LONG,15918.25,15901.32142857143,-33.8571428571413,stop,04:15,2023-11-17
LONG,15914.5,15914.904464285713,0.8089285714268044,be,07:45,2023-11-17
LONG,15900.0,15910.794642857143,21.589285714286234,stop,04:10,2023-11-20
LONG,15904.75,15924.67857142857,39.8571428571413,stop,04:15,2023-11-20
SHORT,16071.0,16070.6625,0.6749999999992724,be,06:40,2023-11-21
SHORT,16067.25,16066.908928571429,0.6821428571420256,be,06:45,2023-11-21
LONG,15982.5,15982.957142857143,0.9142857142869616,be,04:15,2023-11-22
LONG,15984.25,15984.705357142857,0.910714285713766,be,04:45,2023-11-22
LONG,16081.5,16081.804464285715,0.6089285714297148,be,04:40,2023-11-23
LONG,16082.5,16082.785714285714,0.571428571427532,be,04:45,2023-11-23
LONG,16058.75,16059.090178571429,0.6803571428572468,be,04:10,2023-11-24
LONG,16062.25,16062.583928571428,0.6678571428565192,be,04:15,2023-11-24
SHORT,15974.75,15986.75,-24.0,stop,05:00,2023-11-27
LONG,15999.75,16000.047321428572,0.5946428571442084,be,05:30,2023-11-27
LONG,15983.25,15983.764285714286,1.0285714285710128,be,04:30,2023-11-28
LONG,15985.75,15986.254464285714,1.008928571427532,be,04:35,2023-11-28
LONG,16104.5,16105.024107142857,1.0482142857144936,be,04:25,2023-11-29
LONG,16113.0,16113.558928571429,1.1178571428572468,be,04:30,2023-11-29
LONG,16074.5,16074.810714285713,0.6214285714268044,be,07:40,2023-11-30
LONG,16077.25,16077.558928571429,0.6178571428572468,be,07:45,2023-11-30
LONG,15988.0,15990.535714285714,5.071428571427532,stop,04:15,2023-12-01
LONG,15991.25,15991.600892857143,0.7017857142855064,be,04:20,2023-12-01
SHORT,15940.75,15938.25,5.0,stop,07:05,2023-12-04
SHORT,15938.0,15937.594642857142,0.8107142857152212,be,07:10,2023-12-04
LONG,15808.0,15808.530357142858,1.0607142857152212,be,04:10,2023-12-05
LONG,15812.0,15812.49107142857,0.982142857141298,be,04:15,2023-12-05
SHORT,15947.0,15968.535714285714,-43.07142857142753,stop,04:40,2023-12-06
SHORT,15948.75,15970.0,-42.5,stop,04:45,2023-12-06
SHORT,15808.0,15807.533035714287,0.9339285714268044,be,04:20,2023-12-07
SHORT,15810.5,15828.357142857143,-35.714285714286234,stop,04:25,2023-12-07
LONG,16012.5,16023.57142857143,22.142857142858702,stop,04:10,2023-12-08
LONG,16017.75,16020.80357142857,6.107142857141298,stop,04:15,2023-12-08
LONG,16077.75,16078.189285714287,0.8785714285731956,be,04:10,2023-12-11
LONG,16078.75,16080.517857142857,3.535714285713766,be,04:15,2023-12-11
SHORT,16256.0,16255.633035714285,0.7339285714297148,be,04:35,2023-12-12
SHORT,16257.75,16257.515178571428,0.4696428571442084,be,05:50,2023-12-12
SHORT,16382.0,16391.10714285714,-18.214285714282596,stop,05:45,2023-12-13
SHORT,16625.0,16624.10714285714,1.785714285717404,be,04:10,2023-12-14
SHORT,16618.75,16618.063392857144,1.3732142857115832,be,04:15,2023-12-14
LONG,16594.75,16595.076785714286,0.6535714285710128,be,04:15,2023-12-15
LONG,16595.75,16596.083035714284,0.6660714285681024,be,04:20,2023-12-15
LONG,16847.25,16847.758035714287,1.0160714285739232,be,04:10,2023-12-18
LONG,16850.25,16850.73482142857,0.9696428571405704,be,04:15,2023-12-18
LONG,16951.5,16958.66964285714,14.339285714282596,stop,06:25,2023-12-19
LONG,16958.0,16958.275892857142,0.5517857142840512,be,06:30,2023-12-19
SHORT,16969.0,16968.36160714286,1.276785714282596,be,04:10,2023-12-20
SHORT,16969.0,16968.41607142857,1.1678571428565192,be,04:15,2023-12-20
LONG,16889.5,16872.10714285714,-34.785714285717404,stop,04:25,2023-12-21
LONG,16886.75,16887.178571428572,0.857142857144936,be,04:30,2023-12-21
LONG,16921.25,16932.196428571428,21.892857142855064,stop,04:35,2023-12-22
LONG,16920.25,16920.589285714286,0.678571428572468,be,04:40,2023-12-22
SHORT,17021.25,17005.633928571428,31.232142857144936,stop,04:10,2023-12-26
SHORT,17018.0,17005.64285714286,24.714285714282596,stop,04:15,2023-12-26
SHORT,17145.25,17152.14285714286,-13.785714285717404,stop,06:55,2023-12-28
LONG,17159.75,17159.95,0.4000000000014552,be,07:30,2023-12-28
SHORT,17105.0,17104.749107142856,0.5017857142884168,be,05:20,2023-12-29
SHORT,17105.0,17104.75267857143,0.4946428571420256,be,05:25,2023-12-29
SHORT,17011.5,17003.821428571428,15.357142857144936,stop,04:10,2024-01-02
SHORT,17003.75,17003.428571428572,0.642857142855064,be,04:15,2024-01-02
SHORT,16665.0,16664.425,1.1500000000014552,be,04:10,2024-01-03
SHORT,16667.0,16666.423214285714,1.1535714285710128,be,04:15,2024-01-03
SHORT,16544.5,16533.285714285714,22.428571428572468,stop,06:55,2024-01-04
SHORT,16529.25,16520.29464285714,17.910714285717404,stop,07:00,2024-01-04
SHORT,16394.0,16393.534821428573,0.9303571428536088,be,04:45,2024-01-05
SHORT,16397.0,16396.548214285714,0.9035714285710128,be,05:00,2024-01-05
SHORT,16407.5,16390.45535714286,34.089285714282596,stop,04:25,2024-01-08
SHORT,16403.0,16390.241071428572,25.517857142855064,stop,04:30,2024-01-08
SHORT,16733.75,16729.535714285714,8.428571428572468,stop,04:10,2024-01-09
SHORT,16724.5,16724.066964285714,0.866071428572468,be,04:15,2024-01-09
LONG,16882.5,16897.258928571428,29.517857142855064,stop,04:10,2024-01-10
LONG,16890.25,16890.849107142858,1.1982142857159488,be,04:15,2024-01-10
SHORT,17005.75,17005.29642857143,0.9071428571405704,be,04:35,2024-01-11
SHORT,17002.25,17001.800892857143,0.8982142857130384,be,04:40,2024-01-11
SHORT,16913.0,16912.43482142857,1.1303571428579744,be,06:20,2024-01-12
SHORT,16914.75,16874.723214285714,80.05357142857247,stop,06:25,2024-01-12
SHORT,16961.75,16961.209821428572,1.080357142855064,be,04:45,2024-01-15
SHORT,16965.75,16965.224107142858,1.0517857142840512,be,04:50,2024-01-15
LONG,16886.75,16887.21875,0.9375,be,06:55,2024-01-16
LONG,16881.25,16881.71875,0.9375,be,07:00,2024-01-16
SHORT,16823.25,16849.75,-53.0,stop,04:15,2024-01-17
LONG,16862.5,16863.135714285716,1.2714285714318976,be,04:45,2024-01-17
LONG,16920.0,16920.65892857143,1.3178571428579744,be,04:25,2024-01-18
LONG,16923.25,16923.840178571427,1.1803571428536088,be,04:40,2024-01-18
LONG,17211.5,17223.821428571428,24.642857142855064,stop,04:10,2024-01-19
LONG,17229.0,17229.597321428573,1.1946428571463912,be,04:15,2024-01-19
LONG,17547.75,17528.64285714286,-38.214285714282596,stop,05:15,2024-01-22
LONG,17543.5,17543.87767857143,0.7553571428579744,be,06:20,2024-01-22
LONG,17660.25,17660.67142857143,0.8428571428594296,be,04:25,2024-01-24
LONG,17656.5,17656.929464285713,0.8589285714260768,be,04:30,2024-01-24
LONG,17655.0,17655.461607142857,0.9232142857144936,be,07:05,2024-01-25
LONG,17658.0,17639.071428571428,-37.857142857144936,stop,07:10,2024-01-25
LONG,17506.0,17506.567857142858,1.1357142857159488,be,04:30,2024-01-26
LONG,17502.75,17532.4375,59.375,stop,04:35,2024-01-26
LONG,17589.0,17570.321428571428,-37.357142857144936,stop,04:10,2024-01-29
SHORT,17428.25,17382.83035714286,90.8392857142826,stop,04:10,2024-01-31
SHORT,17413.25,17383.10714285714,60.285714285717404,stop,04:15,2024-01-31
LONG,17360.5,17360.970535714285,0.9410714285695576,be,07:45,2024-02-01
LONG,17355.5,17355.9875,0.9749999999985448,be,07:55,2024-02-01
LONG,17631.5,17632.928571428572,2.857142857144936,be,07:25,2024-02-02
LONG,17637.0,17637.408035714285,0.8160714285695576,be,07:30,2024-02-02
SHORT,17678.0,17698.821428571428,-41.642857142855064,stop,04:55,2024-02-05
SHORT,17684.0,17704.39285714286,-40.785714285717404,stop,05:00,2024-02-05
SHORT,17734.5,17734.019642857143,0.9607142857130384,be,04:50,2024-02-06
SHORT,17732.25,17731.770535714284,0.9589285714318976,be,04:55,2024-02-06
LONG,17659.75,17668.51785714286,17.535714285717404,stop,04:20,2024-02-07
LONG,17671.75,17672.09107142857,0.6821428571420256,be,04:25,2024-02-07
SHORT,17816.5,17816.194642857143,0.6107142857144936,be,06:25,2024-02-08
SHORT,17803.75,17817.321428571428,-27.142857142855064,stop,06:30,2024-02-08
LONG,17927.75,17929.660714285714,3.821428571427532,be,07:05,2024-02-09
LONG,17936.25,17921.535714285714,-29.428571428572468,stop,07:25,2024-02-09
LONG,18057.25,18042.75,-29.0,stop,04:10,2024-02-12
LONG,18056.5,18041.464285714286,-30.071428571427532,stop,04:35,2024-02-12
SHORT,17886.0,17885.358035714286,1.2839285714289872,be,04:15,2024-02-13
SHORT,17889.0,17888.329464285714,1.3410714285710128,be,04:30,2024-02-13
LONG,17758.5,17762.26785714286,7.535714285717404,stop,04:10,2024-02-14
LONG,17763.25,17763.74732142857,0.9946428571420256,be,04:15,2024-02-14
SHORT,17901.25,17900.77142857143,0.9571428571434808,be,04:10,2024-02-15
SHORT,17894.25,17891.928571428572,4.642857142855064,be,04:15,2024-02-15
LONG,18017.25,18017.689285714285,0.8785714285695576,be,04:30,2024-02-16
LONG,18018.25,18018.623214285715,0.7464285714304424,be,05:05,2024-02-16
LONG,17783.0,17783.3,0.5999999999985448,be,05:15,2024-02-19
SHORT,17628.0,17627.21607142857,1.5678571428579744,be,05:10,2024-02-20
SHORT,17635.5,17634.727678571428,1.544642857144936,be,05:15,2024-02-20
SHORT,17508.25,17532.678571428572,-48.857142857144936,stop,07:10,2024-02-21
SHORT,17508.0,17507.311607142856,1.3767857142884168,be,07:40,2024-02-21
LONG,17913.25,17913.78392857143,1.0678571428579744,be,06:20,2024-02-22
LONG,17917.0,17894.714285714286,-44.57142857142753,stop,06:25,2024-02-22
SHORT,18005.25,18004.777678571427,0.9446428571463912,be,04:30,2024-02-23
SHORT,18004.25,18022.964285714286,-37.42857142857247,stop,04:35,2024-02-23
LONG,17972.75,17973.21607142857,0.9321428571420256,be,04:35,2024-02-26
LONG,17976.75,17977.225,0.9499999999970896,be,04:40,2024-02-26
LONG,17997.5,17998.133928571428,1.267857142855064,be,04:10,2024-02-27
LONG,17992.25,17992.85714285714,1.214285714282596,be,04:15,2024-02-27
SHORT,17928.5,17927.882142857143,1.2357142857144936,be,04:30,2024-02-28
SHORT,17919.75,17919.13839285714,1.223214285717404,be,04:35,2024-02-28
SHORT,18089.5,18041.39285714286,96.2142857142826,stop,05:15,2024-03-01
SHORT,18061.75,18042.151785714286,39.19642857142753,stop,05:20,2024-03-01
SHORT,18350.75,18341.401785714286,18.696428571427532,stop,04:25,2024-03-04
SHORT,18344.25,18343.820535714287,0.8589285714260768,be,04:30,2024-03-04
SHORT,18130.5,18129.852678571428,1.294642857144936,be,04:50,2024-03-05
SHORT,18129.0,18128.375,1.25,be,04:55,2024-03-05
LONG,18039.75,18056.75,34.0,stop,04:10,2024-03-06
LONG,18048.25,18051.303571428572,6.107142857144936,be,04:15,2024-03-06
LONG,17997.25,18058.29464285714,122.0892857142826,stop,04:10,2024-03-07
LONG,18009.0,18058.29464285714,98.5892857142826,stop,04:15,2024-03-07
SHORT,18277.75,18299.035714285714,-42.57142857142753,stop,06:50,2024-03-08
SHORT,18286.0,18285.451785714286,1.0964285714289872,be,06:55,2024-03-08
SHORT,17988.25,17951.633928571428,73.23214285714494,stop,04:10,2024-03-11
SHORT,17969.5,17962.196428571428,14.607142857144936,stop,04:15,2024-03-11
SHORT,18063.5,18063.0375,0.9250000000029104,be,04:15,2024-03-12
SHORT,18066.5,18066.04107142857,0.9178571428565192,be,04:20,2024-03-12
SHORT,18224.5,18201.366071428572,46.267857142855064,stop,04:25,2024-03-13
SHORT,18204.75,18204.217857142856,1.0642857142884168,be,04:30,2024-03-13
LONG,18160.0,18172.26785714286,24.535714285717404,stop,04:10,2024-03-14
LONG,18166.0,18166.42410714286,0.848214285717404,be,04:15,2024-03-14
LONG,17996.0,17996.511607142857,1.0232142857130384,be,04:15,2024-03-15
LONG,17996.75,17997.261607142857,1.0232142857130384,be,04:25,2024-03-15
LONG,18173.0,18173.6125,1.2249999999985448,be,04:50,2024-03-18
LONG,18181.0,18181.61517857143,1.2303571428565192,be,04:55,2024-03-18
SHORT,18167.0,18166.378571428573,1.2428571428536088,be,04:15,2024-03-19
SHORT,18165.0,18189.321428571428,-48.642857142855064,stop,04:20,2024-03-19
SHORT,18250.5,18249.99017857143,1.0196428571434808,be,04:40,2024-03-20
SHORT,18247.5,18246.980357142857,1.0392857142869616,be,04:45,2024-03-20
SHORT,18616.25,18615.635714285716,1.2285714285681024,be,04:25,2024-03-21
SHORT,18622.0,18621.382142857143,1.2357142857144936,be,04:30,2024-03-21
LONG,18575.25,18575.820535714287,1.1410714285739232,be,04:15,2024-03-22
LONG,18575.5,18576.121428571427,1.2428571428536088,be,04:25,2024-03-22
LONG,18556.75,18557.159821428573,0.8196428571463912,be,04:10,2024-03-25
LONG,18555.5,18555.9,0.8000000000029104,be,04:15,2024-03-25
LONG,18608.5,18608.905357142856,0.8107142857115832,be,05:35,2024-03-26
LONG,18610.0,18610.43125,0.8625000000029104,be,06:05,2024-03-26
LONG,18503.0,18503.45625,0.9124999999985448,be,04:20,2024-03-27
LONG,18505.5,18505.95267857143,0.9053571428594296,be,04:25,2024-03-27
SHORT,18482.0,18470.776785714286,22.446428571427532,stop,05:00,2024-03-28
SHORT,18472.75,18470.071428571428,5.357142857144936,stop,05:20,2024-03-28
SHORT,18564.75,18564.339285714286,0.821428571427532,be,04:10,2024-04-01
SHORT,18562.0,18578.535714285714,-33.07142857142753,stop,04:15,2024-04-01
LONG,18507.25,18474.89285714286,-64.7142857142826,stop,04:20,2024-04-02
LONG,18502.5,18503.298214285714,1.5964285714289872,be,04:25,2024-04-02
LONG,18303.75,18277.785714285714,-51.92857142857247,stop,04:50,2024-04-03
SHORT,18262.25,18261.786607142858,0.9267857142840512,be,06:35,2024-04-03
LONG,18450.0,18450.576785714286,1.1535714285710128,be,04:10,2024-04-04
LONG,18447.5,18448.04464285714,1.089285714282596,be,04:15,2024-04-04
LONG,18143.0,18143.48660714286,0.973214285717404,be,05:55,2024-04-05
LONG,18141.0,18141.350892857143,0.7017857142855064,be,07:25,2024-04-05
SHORT,18259.0,18293.535714285714,-69.07142857142753,stop,04:25,2024-04-08
SHORT,18273.0,18272.10625,1.7874999999985448,be,04:30,2024-04-08
SHORT,18261.25,18260.61875,1.2624999999970896,be,06:40,2024-04-09
SHORT,18264.5,18291.39285714286,-53.785714285717404,stop,06:45,2024-04-09
LONG,18404.25,18404.719642857144,0.9392857142884168,be,05:00,2024-04-10
SHORT,18366.5,18366.025,0.9499999999970896,be,05:55,2024-04-10
SHORT,18180.5,18161.276785714286,38.44642857142753,stop,04:50,2024-04-11
SHORT,18175.75,18175.130357142858,1.2392857142840512,be,04:55,2024-04-11
SHORT,18465.0,18464.49375,1.0124999999970896,be,04:10,2024-04-12
SHORT,18459.75,18480.14285714286,-40.785714285717404,stop,04:15,2024-04-12
LONG,18290.5,18291.075,1.1500000000014552,be,05:05,2024-04-15
LONG,18293.5,18271.285714285714,-44.42857142857247,stop,05:10,2024-04-15
LONG,17880.75,17844.821428571428,-71.85714285714494,stop,04:15,2024-04-16
SHORT,17835.0,17834.272321428572,1.455357142855064,be,05:55,2024-04-16
LONG,17893.25,17894.04732142857,1.5946428571405704,be,04:25,2024-04-17
LONG,17896.0,17903.803571428572,15.607142857144936,stop,04:30,2024-04-17
SHORT,17730.0,17725.14285714286,9.714285714282596,stop,04:15,2024-04-18
SHORT,17724.25,17723.586607142857,1.3267857142855064,be,04:20,2024-04-18
SHORT,17401.25,17443.89285714286,-85.2857142857174,stop,04:15,2024-04-19
SHORT,17409.75,17408.586607142857,2.3267857142855064,be,04:40,2024-04-19
SHORT,17235.0,17264.60714285714,-59.214285714282596,stop,04:10,2024-04-22
LONG,17307.25,17307.789285714287,1.0785714285739232,be,06:05,2024-04-22
LONG,17375.5,17392.196428571428,33.392857142855064,stop,04:10,2024-04-23
LONG,17395.75,17396.425,1.3499999999985448,be,04:15,2024-04-23
SHORT,17709.5,17708.970535714285,1.0589285714304424,be,04:50,2024-04-24
SHORT,17694.25,17693.715178571427,1.0696428571463912,be,04:55,2024-04-24
LONG,17478.25,17478.879464285714,1.258928571427532,be,04:10,2024-04-25
LONG,17485.25,17485.89285714286,1.285714285717404,be,04:15,2024-04-25
SHORT,17732.25,17731.685714285715,1.1285714285695576,be,04:55,2024-04-26
SHORT,17723.5,17722.944642857143,1.1107142857144936,be,05:05,2024-04-26
LONG,17909.25,17890.285714285714,-37.92857142857247,stop,04:15,2024-04-29
SHORT,17880.5,17876.678571428572,7.642857142855064,stop,05:35,2024-04-29
SHORT,17872.75,17872.324107142857,0.8517857142869616,be,04:55,2024-04-30
SHORT,17871.0,17870.574107142857,0.8517857142869616,be,05:00,2024-04-30
SHORT,17431.5,17430.788392857143,1.4232142857144936,be,05:10,2024-05-01
SHORT,17437.5,17432.875,9.25,stop,05:15,2024-05-01
LONG,17591.0,17591.70535714286,1.410714285717404,be,04:25,2024-05-02
LONG,17601.0,17581.75,-38.5,stop,06:10,2024-05-02
LONG,17754.0,17754.51785714286,1.035714285717404,be,04:10,2024-05-03
LONG,17748.75,17761.491071428572,25.482142857144936,stop,04:20,2024-05-03
LONG,18030.75,18031.227678571428,0.955357142855064,be,04:30,2024-05-06
LONG,18035.0,18035.472321428573,0.9446428571463912,be,04:35,2024-05-06
SHORT,18160.25,18159.851785714287,0.7964285714260768,be,04:10,2024-05-07
SHORT,18155.75,18172.035714285714,-32.57142857142753,stop,04:15,2024-05-07
SHORT,18192.5,18192.13839285714,0.723214285717404,be,05:00,2024-05-08
SHORT,18193.5,18193.14107142857,0.7178571428594296,be,05:05,2024-05-08
SHORT,18107.0,18124.0,-34.0,stop,05:20,2024-05-09
SHORT,18118.75,18136.714285714286,-35.92857142857247,stop,05:25,2024-05-09
SHORT,18241.0,18261.428571428572,-40.857142857144936,stop,04:10,2024-05-10
LONG,18291.0,18292.73214285714,3.464285714282596,be,05:00,2024-05-10
SHORT,18274.25,18291.35714285714,-34.214285714282596,stop,04:20,2024-05-13
SHORT,18278.5,18278.071428571428,0.857142857144936,be,04:45,2024-05-13
LONG,18300.0,18300.275892857142,0.5517857142840512,be,04:25,2024-05-14
LONG,18298.5,18298.772321428572,0.544642857144936,be,04:30,2024-05-14
LONG,18419.5,18409.214285714286,-20.571428571427532,stop,05:45,2024-05-15
SHORT,18631.75,18631.360714285714,0.7785714285710128,be,04:10,2024-05-17
SHORT,18627.0,18626.592857142856,0.8142857142884168,be,04:15,2024-05-17
LONG,18668.5,18668.798214285714,0.5964285714289872,be,04:10,2024-05-20
LONG,18669.5,18669.750892857144,0.5017857142884168,be,05:50,2024-05-20
SHORT,18739.0,18738.75267857143,0.4946428571420256,be,04:45,2024-05-21
SHORT,18740.0,18739.745535714286,0.508928571427532,be,04:50,2024-05-21
SHORT,18786.5,18786.210714285713,0.5785714285739232,be,05:20,2024-05-22
SHORT,18785.5,18785.211607142857,0.5767857142855064,be,05:25,2024-05-22
LONG,18958.25,18966.5625,16.625,stop,06:45,2024-05-23
LONG,18963.75,18964.000892857144,0.5017857142884168,be,06:50,2024-05-23
LONG,18712.5,18738.8125,52.625,stop,04:10,2024-05-24
LONG,18718.5,18719.003571428573,1.0071428571463912,be,04:15,2024-05-24
SHORT,18865.0,18878.285714285714,-26.571428571427532,stop,04:15,2024-05-27
LONG,18943.5,18962.125,37.25,stop,04:10,2024-05-28
LONG,18960.25,18960.800892857143,1.1017857142869616,be,04:15,2024-05-28
SHORT,18840.5,18821.4375,38.125,stop,04:10,2024-05-29
SHORT,18829.0,18828.167857142857,1.6642857142869616,be,04:15,2024-05-29
LONG,18703.25,18703.839285714286,1.178571428572468,be,04:10,2024-05-30
LONG,18705.5,18726.785714285714,42.57142857142753,stop,04:15,2024-05-30
LONG,18564.0,18564.654464285715,1.3089285714304424,be,04:20,2024-05-31
LONG,18569.75,18543.10714285714,-53.285714285717404,stop,04:25,2024-05-31
LONG,18674.0,18674.667857142857,1.3357142857130384,be,05:10,2024-06-03
LONG,18673.5,18651.071428571428,-44.857142857144936,stop,05:35,2024-06-03
SHORT,18562.25,18561.33035714286,1.839285714282596,be,04:35,2024-06-04
SHORT,18560.0,18559.06875,1.8625000000029104,be,04:50,2024-06-04
LONG,18749.25,18749.925892857143,1.3517857142869616,be,04:10,2024-06-05
LONG,18750.0,18750.65625,1.3125,be,04:15,2024-06-05
LONG,19104.75,19105.227678571428,0.955357142855064,be,04:20,2024-06-06
LONG,19105.5,19105.95267857143,0.9053571428594296,be,04:25,2024-06-06
SHORT,19072.0,19071.6,0.8000000000029104,be,05:20,2024-06-07
SHORT,19071.5,19071.196428571428,0.607142857144936,be,06:20,2024-06-07
SHORT,18981.5,18981.03125,0.9375,be,05:25,2024-06-10
SHORT,18988.25,19007.64285714286,-38.785714285717404,stop,05:30,2024-06-10
SHORT,19080.75,19064.035714285714,33.42857142857247,stop,04:40,2024-06-11
SHORT,19072.5,19072.02857142857,0.9428571428579744,be,04:50,2024-06-11
LONG,19259.75,19260.133035714287,0.7660714285739232,be,04:15,2024-06-12
LONG,19260.25,19260.63125,0.7624999999970896,be,04:50,2024-06-12
SHORT,19631.75,19631.27857142857,0.9428571428579744,be,04:50,2024-06-13
SHORT,19633.75,19633.290178571428,0.919642857144936,be,04:55,2024-06-13
SHORT,19605.25,19604.560714285715,1.3785714285695576,be,05:10,2024-06-14
SHORT,19601.5,19600.866964285713,1.2660714285739232,be,05:15,2024-06-14
LONG,19734.5,19734.991964285713,0.9839285714260768,be,04:10,2024-06-17
LONG,19737.25,19738.053571428572,1.607142857144936,be,04:15,2024-06-17
LONG,19953.25,19953.7375,0.9749999999985448,be,04:10,2024-06-18
LONG,19947.25,19947.716964285715,0.9339285714304424,be,04:15,2024-06-18
LONG,19961.5,19962.60714285714,2.214285714282596,stop,06:45,2024-06-19
LONG,19963.75,19963.92767857143,0.3553571428565192,be,06:50,2024-06-19
SHORT,20028.75,20019.75,18.0,stop,07:40,2024-06-20
SHORT,20029.5,20019.866071428572,19.267857142855064,stop,07:50,2024-06-20
SHORT,19732.0,19713.258928571428,37.482142857144936,stop,04:15,2024-06-21
SHORT,19718.75,19717.88482142857,1.7303571428565192,be,04:20,2024-06-21
SHORT,19973.25,19972.713392857142,1.0732142857159488,be,05:35,2024-06-24
SHORT,19970.5,19947.428571428572,46.142857142855064,stop,05:40,2024-06-24
LONG,19789.0,19789.838392857142,1.6767857142840512,be,04:25,2024-06-25
LONG,19793.5,19828.321428571428,69.64285714285506,stop,04:30,2024-06-25
SHORT,19983.0,19982.339285714286,1.321428571427532,be,07:35,2024-06-26
SHORT,19991.0,19990.326785714286,1.3464285714289872,be,07:40,2024-06-26
SHORT,19939.0,19938.525,0.9499999999970896,be,04:25,2024-06-27
SHORT,19943.5,19962.60714285714,-38.214285714282596,stop,04:30,2024-06-27
SHORT,20094.25,20093.742857142857,1.0142857142855064,be,04:10,2024-06-28
SHORT,20095.5,20115.178571428572,-39.357142857144936,stop,04:15,2024-06-28
SHORT,19923.5,19922.61875,1.7624999999970896,be,04:45,2024-07-01
SHORT,19926.75,19925.8375,1.8249999999970896,be,05:00,2024-07-01
SHORT,19932.75,19932.26517857143,0.9696428571405704,be,07:20,2024-07-02
SHORT,19932.5,19931.985714285714,1.0285714285710128,be,07:30,2024-07-02
LONG,20258.5,20258.929464285713,0.8589285714260768,be,04:35,2024-07-03
LONG,20266.25,20266.689285714285,0.8785714285695576,be,04:40,2024-07-03
SHORT,20397.25,20405.85714285714,-17.214285714282596,stop,05:05,2024-07-04
LONG,20455.75,20436.571428571428,-38.357142857144936,stop,04:15,2024-07-05
LONG,20608.75,20609.13482142857,0.7696428571434808,be,04:25,2024-07-08
LONG,20608.25,20608.60625,0.7125000000014552,be,04:30,2024-07-08
LONG,20742.5,20742.792857142857,0.5857142857130384,be,05:30,2024-07-09
LONG,20742.5,20742.789285714287,0.5785714285739232,be,05:35,2024-07-09
LONG,20723.0,20723.31875,0.6374999999970896,be,04:10,2024-07-10
LONG,20724.25,20724.567857142858,0.6357142857159488,be,04:15,2024-07-10
LONG,20433.75,20434.316071428573,1.1321428571463912,be,04:40,2024-07-12
LONG,20434.0,20434.532142857144,1.0642857142884168,be,04:50,2024-07-12
LONG,20633.25,20633.576785714286,0.6535714285710128,be,07:05,2024-07-15
LONG,20635.5,20637.35714285714,3.714285714282596,be,07:10,2024-07-15
SHORT,20550.25,20549.48214285714,1.535714285717404,be,04:10,2024-07-16
SHORT,20556.5,20555.772321428572,1.455357142855064,be,04:15,2024-07-16
SHORT,20338.5,20336.0,5.0,be,04:15,2024-07-17
SHORT,20330.25,20329.166964285716,2.1660714285681024,be,04:20,2024-07-17
SHORT,20028.25,20027.34107142857,1.8178571428579744,be,06:10,2024-07-18
SHORT,20029.25,20065.428571428572,-72.35714285714494,stop,06:15,2024-07-18
LONG,19918.75,19920.678571428572,3.857142857144936,be,07:20,2024-07-19
LONG,19938.25,19901.678571428572,-73.14285714285506,stop,07:25,2024-07-19
LONG,19845.75,19846.32589285714,1.151785714282596,be,05:50,2024-07-22
LONG,19843.5,19844.074107142857,1.1482142857130384,be,05:55,2024-07-22
LONG,19953.0,19955.303571428572,4.607142857144936,be,05:20,2024-07-23
LONG,19965.25,19965.96875,1.4375,be,05:25,2024-07-23
SHORT,19695.75,19694.8375,1.8249999999970896,be,04:25,2024-07-24
SHORT,19689.75,19725.321428571428,-71.14285714285506,stop,04:30,2024-07-24
SHORT,19095.0,19093.10714285714,3.785714285717404,be,04:10,2024-07-25
SHORT,19085.25,19083.375,3.75,be,04:15,2024-07-25
LONG,19155.0,19156.229464285716,2.4589285714318976,be,04:10,2024-07-26
LONG,19156.75,19157.970535714285,2.4410714285695576,be,04:15,2024-07-26
LONG,19251.75,19252.6125,1.7249999999985448,be,04:40,2024-07-30
LONG,19261.0,19226.85714285714,-68.2857142857174,stop,05:05,2024-07-30
SHORT,19179.25,19217.678571428572,-76.85714285714494,stop,04:15,2024-07-31
LONG,19240.0,19240.988392857143,1.9767857142869616,be,04:35,2024-07-31
SHORT,19559.25,19531.23214285714,56.035714285717404,stop,04:10,2024-08-01
SHORT,19526.25,19524.8125,2.875,be,04:15,2024-08-01
LONG,17979.5,17851.10714285714,-256.7857142857174,stop,04:10,2024-08-05
LONG,17923.75,17927.066964285714,6.633928571427532,be,04:15,2024-08-05
SHORT,18193.75,18191.722321428573,4.055357142853609,be,04:10,2024-08-06
SHORT,18156.5,18154.38125,4.23750000000291,be,04:15,2024-08-06
LONG,18356.75,18358.98125,4.462500000001455,be,04:15,2024-08-07
LONG,18359.25,18418.410714285714,118.32142857142753,stop,04:20,2024-08-07
LONG,18574.5,18575.96607142857,2.9321428571420256,be,04:10,2024-08-09
LONG,18573.5,18574.880357142858,2.760714285715949,be,04:15,2024-08-09
SHORT,18736.25,18735.483035714286,1.5339285714289872,be,05:10,2024-08-13
SHORT,18736.0,18735.284821428573,1.4303571428536088,be,05:15,2024-08-13
SHORT,19076.5,19075.75982142857,1.4803571428565192,be,04:10,2024-08-14
SHORT,19079.0,19078.21875,1.5625,be,04:15,2024-08-14
SHORT,19148.25,19131.41964285714,33.660714285717404,stop,04:30,2024-08-15
SHORT,19127.5,19126.821428571428,1.357142857144936,be,04:35,2024-08-15
SHORT,19623.5,19622.849107142858,1.3017857142840512,be,04:25,2024-08-16
SHORT,19616.75,19616.085714285713,1.3285714285739232,be,04:30,2024-08-16
SHORT,19543.5,19578.39285714286,-69.7857142857174,stop,04:10,2024-08-19
SHORT,19544.25,19578.60714285714,-68.7142857142826,stop,04:15,2024-08-19
SHORT,19878.75,19860.401785714286,36.69642857142753,stop,04:30,2024-08-20
SHORT,19870.75,19870.090178571427,1.3196428571463912,be,04:35,2024-08-20
SHORT,19792.0,19820.10714285714,-56.214285714282596,stop,05:05,2024-08-21
SHORT,19795.5,19794.85892857143,1.2821428571405704,be,05:30,2024-08-21
LONG,19935.0,19919.035714285714,-31.928571428572468,stop,05:20,2024-08-22
LONG,19938.75,19939.139285714286,0.7785714285710128,be,06:20,2024-08-22
LONG,19709.25,19709.775892857142,1.0517857142840512,be,04:55,2024-08-23
LONG,19713.5,19693.0,-41.0,stop,05:00,2024-08-23
LONG,19843.25,19815.0,-56.5,stop,04:10,2024-08-26
LONG,19839.75,19840.41875,1.3375000000014552,be,04:20,2024-08-26
LONG,19635.75,19636.46875,1.4375,be,04:10,2024-08-27
LONG,19642.25,19642.976785714287,1.4535714285739232,be,04:15,2024-08-27
LONG,19663.25,19677.25,28.0,stop,04:35,2024-08-28
LONG,19670.75,19682.991071428572,24.482142857144936,stop,04:40,2024-08-28
LONG,19413.0,19413.92142857143,1.8428571428594296,be,04:15,2024-08-29
LONG,19416.5,19379.035714285714,-74.92857142857247,stop,04:20,2024-08-29
LONG,19545.75,19524.785714285714,-41.92857142857247,stop,07:00,2024-08-30
LONG,19542.0,19542.540178571428,1.080357142855064,be,07:05,2024-08-30
LONG,19567.5,19568.235714285714,1.4714285714289872,be,04:25,2024-09-02
LONG,19565.0,19579.071428571428,28.142857142855064,stop,04:30,2024-09-02
SHORT,19566.0,19565.1875,1.625,be,04:40,2024-09-03
SHORT,19566.75,19565.90892857143,1.6821428571420256,be,04:45,2024-09-03
LONG,18922.25,18923.347321428573,2.194642857146391,be,04:35,2024-09-04
LONG,18925.0,18926.039285714287,2.078571428573923,be,05:20,2024-09-04
LONG,18623.25,18623.99375,1.4875000000029104,be,05:10,2024-09-09
LONG,18627.5,18628.235714285714,1.4714285714289872,be,05:15,2024-09-09
SHORT,18588.0,18622.071428571428,-68.14285714285506,stop,05:10,2024-09-10
SHORT,18594.0,18593.155357142856,1.6892857142884168,be,05:15,2024-09-10
SHORT,18770.5,18769.61517857143,1.7696428571434808,be,04:45,2024-09-11
SHORT,18770.25,18769.290178571428,1.919642857144936,be,04:55,2024-09-11
LONG,19536.75,19537.29464285714,1.089285714282596,be,04:10,2024-09-16
LONG,19534.5,19535.05267857143,1.1053571428565192,be,04:15,2024-09-16
LONG,19517.25,19546.64285714286,58.785714285717404,stop,05:05,2024-09-17
LONG,19522.5,19522.991071428572,0.982142857144936,be,05:10,2024-09-17
SHORT,19431.75,19431.149107142857,1.2017857142855064,be,04:10,2024-09-18
SHORT,19428.0,19427.397321428572,1.205357142855064,be,04:15,2024-09-18
LONG,19709.75,19736.035714285714,52.57142857142753,stop,05:05,2024-09-19
LONG,19713.75,19736.214285714286,44.92857142857247,stop,05:10,2024-09-19
SHORT,19777.0,19776.367857142857,1.2642857142855064,be,04:30,2024-09-20
SHORT,19775.0,19800.035714285714,-50.07142857142753,stop,04:35,2024-09-20
LONG,20157.75,20158.473214285714,1.446428571427532,be,04:15,2024-09-24
LONG,20168.5,20169.24732142857,1.4946428571420256,be,04:20,2024-09-24
LONG,20122.25,20123.696428571428,2.892857142855064,be,06:05,2024-09-25
LONG,20128.75,20129.308928571427,1.1178571428536088,be,06:10,2024-09-25
LONG,20319.75,20320.773214285713,2.046428571426077,be,04:35,2024-09-27
LONG,20321.5,20289.785714285714,-63.42857142857247,stop,05:20,2024-09-27
SHORT,20176.5,20209.285714285714,-65.57142857142753,stop,04:20,2024-09-30
SHORT,20182.5,20181.60625,1.7874999999985448,be,04:35,2024-09-30
LONG,20294.5,20294.95267857143,0.9053571428594296,be,06:30,2024-10-01
LONG,20295.75,20296.208035714284,0.9160714285681024,be,06:35,2024-10-01
SHORT,19892.25,19891.433035714286,1.633928571427532,be,06:05,2024-10-02
SHORT,19895.25,19894.444642857143,1.6107142857144936,be,06:10,2024-10-02
LONG,19978.0,19978.70892857143,1.4178571428565192,be,08:00,2024-10-03
LONG,20046.5,20047.164285714287,1.3285714285739232,be,06:05,2024-10-04
LONG,20053.25,20055.196428571428,3.892857142855064,be,06:10,2024-10-04
SHORT,20130.0,20078.678571428572,102.64285714285506,stop,04:55,2024-10-07
SHORT,20113.25,20078.66964285714,69.1607142857174,stop,05:00,2024-10-07
LONG,20045.0,20068.714285714286,47.42857142857247,stop,05:05,2024-10-08
LONG,20042.75,20061.6875,37.875,stop,05:10,2024-10-08
LONG,20241.75,20242.475,1.4499999999970896,be,04:50,2024-10-09
LONG,20243.5,20244.2125,1.4250000000029104,be,05:00,2024-10-09
SHORT,20410.5,20430.071428571428,-39.142857142855064,stop,05:10,2024-10-10
SHORT,20412.75,20412.276785714286,0.946428571427532,be,05:15,2024-10-10
SHORT,20358.75,20358.050892857143,1.3982142857130384,be,04:50,2024-10-11
SHORT,20365.75,20365.03392857143,1.4321428571420256,be,04:55,2024-10-11
LONG,20469.25,20471.64285714286,4.785714285717404,be,04:15,2024-10-14
LONG,20477.0,20477.525,1.0500000000029104,be,04:20,2024-10-14
SHORT,20587.0,20572.151785714286,29.696428571427532,stop,04:20,2024-10-15
SHORT,20578.0,20577.285714285714,1.428571428572468,be,04:25,2024-10-15
LONG,20462.0,20494.339285714286,64.67857142857247,stop,04:25,2024-10-17
LONG,20470.0,20470.823214285716,1.6464285714318976,be,04:30,2024-10-17
LONG,20456.75,20457.23125,0.9625000000014552,be,04:10,2024-10-18
LONG,20458.25,20458.72857142857,0.9571428571434808,be,04:15,2024-10-18
SHORT,20428.0,20427.58035714286,0.839285714282596,be,05:25,2024-10-21
SHORT,20422.5,20406.35714285714,32.285714285717404,stop,05:30,2024-10-21
SHORT,20440.0,20439.183928571427,1.6321428571463912,be,04:35,2024-10-22
SHORT,20430.5,20429.72857142857,1.5428571428565192,be,05:00,2024-10-22
SHORT,20492.0,20491.558035714286,0.883928571427532,be,04:45,2024-10-23
SHORT,20488.25,20487.805357142857,0.8892857142855064,be,04:50,2024-10-23
LONG,20391.75,20392.376785714285,1.2535714285695576,be,04:15,2024-10-24
LONG,20393.75,20394.344642857144,1.1892857142884168,be,04:20,2024-10-24
LONG,20442.5,20443.03392857143,1.0678571428579744,be,05:25,2024-10-25
LONG,20440.0,20440.498214285715,0.9964285714304424,be,05:30,2024-10-25
SHORT,20610.25,20639.0,-57.5,stop,04:10,2024-10-28
LONG,20661.0,20661.805357142857,1.6107142857144936,be,04:40,2024-10-28
SHORT,20503.0,20488.696428571428,28.607142857144936,stop,04:10,2024-10-29
SHORT,20516.0,20488.785714285714,54.42857142857247,stop,04:15,2024-10-29
SHORT,20734.0,20733.39642857143,1.2071428571434808,be,04:10,2024-10-30
SHORT,20731.5,20729.535714285714,3.928571428572468,be,04:40,2024-10-30
SHORT,20304.75,20303.8125,1.875,be,04:10,2024-10-31
SHORT,20304.75,20303.879464285714,1.741071428572468,be,04:25,2024-10-31
LONG,20103.25,20104.061607142856,1.6232142857115832,be,04:10,2024-11-01
LONG,20107.75,20108.560714285715,1.6214285714304424,be,04:15,2024-11-01
LONG,20210.5,20181.89285714286,-57.214285714282596,stop,05:40,2024-11-04
LONG,20208.0,20180.964285714286,-54.07142857142753,stop,05:45,2024-11-04
LONG,20162.5,20163.152678571427,1.3053571428536088,be,04:10,2024-11-05
LONG,20161.5,20162.125,1.25,be,04:15,2024-11-05
SHORT,20636.75,20635.80982142857,1.8803571428579744,be,06:50,2024-11-06
SHORT,20606.0,20650.25,-88.5,stop,06:55,2024-11-06
LONG,20964.0,20964.4625,0.9250000000029104,be,07:15,2024-11-07
LONG,20966.0,20966.500892857144,1.0017857142884168,be,07:25,2024-11-07
SHORT,21202.75,21202.316071428573,0.8678571428536088,be,05:15,2024-11-08
SHORT,21210.25,21181.04464285714,58.410714285717404,stop,05:20,2024-11-08
SHORT,21282.5,21282.04464285714,0.910714285717404,be,05:30,2024-11-11
SHORT,21283.0,21282.55,0.9000000000014552,be,05:35,2024-11-11
SHORT,21193.75,21193.07767857143,1.3446428571405704,be,04:10,2024-11-12
SHORT,21193.5,21192.785714285714,1.428571428572468,be,04:50,2024-11-12
LONG,21186.5,21187.083035714284,1.1660714285681024,be,04:10,2024-11-14
LONG,21175.75,21151.35714285714,-48.785714285717404,stop,04:15,2024-11-14
LONG,20860.25,20840.535714285714,-39.42857142857247,stop,07:10,2024-11-15
LONG,20861.75,20862.292857142857,1.0857142857130384,be,08:00,2024-11-15
SHORT,20570.75,20567.48214285714,6.535714285717404,be,04:35,2024-11-18
SHORT,20559.25,20558.338392857142,1.8232142857159488,be,04:40,2024-11-18
SHORT,20521.5,20519.87767857143,3.2446428571420256,be,04:30,2024-11-19
SHORT,20530.5,20528.745535714286,3.508928571427532,be,04:35,2024-11-19
SHORT,20789.25,20788.44732142857,1.6053571428565192,be,04:50,2024-11-20
SHORT,20785.5,20781.01785714286,8.964285714282596,be,05:05,2024-11-20
SHORT,20629.75,20628.276785714286,2.946428571427532,be,04:10,2024-11-21
SHORT,20631.0,20629.59642857143,2.8071428571420256,be,04:15,2024-11-21
SHORT,20772.5,20771.400892857142,2.198214285715949,be,04:10,2024-11-22
SHORT,20772.75,20771.665178571428,2.169642857144936,be,04:15,2024-11-22
LONG,20965.0,20965.49375,0.9875000000029104,be,04:45,2024-11-25
LONG,20967.75,20968.214285714286,0.928571428572468,be,04:50,2024-11-25
LONG,20895.25,20866.75,-57.0,stop,05:05,2024-11-26
LONG,20894.5,20895.10982142857,1.2196428571405704,be,06:05,2024-11-26
SHORT,20918.0,20917.16875,1.6624999999985448,be,04:30,2024-11-27
SHORT,20909.5,20940.678571428572,-62.357142857144936,stop,04:35,2024-11-27
LONG,20868.25,20872.883928571428,9.267857142855064,stop,07:55,2024-11-28
LONG,20873.0,20873.229464285716,0.4589285714318976,be,08:00,2024-11-28
LONG,20907.5,20907.964285714286,0.928571428572468,be,04:25,2024-11-29
LONG,20905.5,20905.94375,0.8874999999970896,be,04:30,2024-11-29
SHORT,20948.25,20947.834821428572,0.830357142855064,be,05:05,2024-12-02
SHORT,20945.25,20944.829464285714,0.8410714285710128,be,05:10,2024-12-02
SHORT,21206.5,21194.410714285714,24.178571428572468,stop,05:35,2024-12-03
SHORT,21208.25,21207.958035714284,0.5839285714318976,be,05:40,2024-12-03
LONG,21397.5,21398.025892857142,1.0517857142840512,be,04:15,2024-12-04
LONG,21393.25,21393.773214285713,1.0464285714260768,be,04:20,2024-12-04
LONG,21510.5,21510.821428571428,0.642857142855064,be,05:05,2024-12-05
LONG,21515.0,21515.316071428573,0.6321428571463912,be,05:10,2024-12-05
SHORT,21466.25,21465.851785714287,0.7964285714260768,be,04:20,2024-12-06
SHORT,21468.5,21459.303571428572,18.392857142855064,stop,04:30,2024-12-06
SHORT,21668.5,21667.874107142856,1.2517857142884168,be,04:10,2024-12-09
SHORT,21669.75,21648.758928571428,41.982142857144936,stop,04:15,2024-12-09
LONG,21470.0,21470.34375,0.6875,be,05:05,2024-12-10
LONG,21477.5,21479.821428571428,4.642857142855064,stop,05:10,2024-12-10
LONG,21449.25,21449.708035714284,0.9160714285681024,be,04:10,2024-12-11
LONG,21453.75,21435.571428571428,-36.357142857144936,stop,04:15,2024-12-11
SHORT,21739.5,21739.054464285713,0.8910714285739232,be,04:35,2024-12-12
SHORT,21737.5,21737.07767857143,0.8446428571405704,be,04:40,2024-12-12
LONG,21773.0,21773.48660714286,0.973214285717404,be,04:25,2024-12-13
LONG,21776.0,21756.928571428572,-38.142857142855064,stop,04:30,2024-12-13
LONG,21820.75,21822.25,3.0,be,04:10,2024-12-16
LONG,21828.25,21828.775892857142,1.0517857142840512,be,04:15,2024-12-16
LONG,22073.0,22073.770535714284,1.5410714285681024,be,04:35,2024-12-17
LONG,22077.0,22077.776785714286,1.553571428572468,be,04:40,2024-12-17
SHORT,22014.75,22038.39285714286,-47.285714285717404,stop,04:10,2024-12-18
SHORT,22025.5,22024.915178571428,1.169642857144936,be,04:15,2024-12-18
LONG,21321.0,21321.819642857143,1.6392857142855064,be,05:20,2024-12-19
LONG,21325.5,21326.276785714286,1.553571428572468,be,05:25,2024-12-19
SHORT,20886.0,20884.71607142857,2.5678571428579744,be,04:10,2024-12-20
SHORT,20879.75,20878.408035714285,2.6839285714304424,be,04:25,2024-12-20
SHORT,21659.75,21658.683035714286,2.133928571427532,be,04:25,2024-12-23
SHORT,21641.0,21640.215178571427,1.5696428571463912,be,05:25,2024-12-23
LONG,21786.25,21787.051785714284,1.6035714285681024,be,04:10,2024-12-24
LONG,21792.75,21793.554464285713,1.6089285714260768,be,04:15,2024-12-24
SHORT,21955.5,21954.32857142857,2.3428571428594296,be,04:15,2024-12-26
SHORT,21943.25,21942.023214285713,2.453571428573923,be,04:20,2024-12-26
LONG,21947.0,21947.3875,0.7750000000014552,be,07:05,2024-12-27
LONG,21955.0,21938.89285714286,-32.214285714282596,stop,07:10,2024-12-27
SHORT,21614.5,21614.004464285714,0.991071428572468,be,07:25,2024-12-30
SHORT,21614.75,21601.464285714286,26.571428571427532,stop,07:30,2024-12-30
LONG,21417.75,21456.23214285714,76.9642857142826,stop,04:10,2024-12-31
LONG,21464.75,21465.792857142857,2.0857142857130384,be,04:15,2024-12-31
LONG,21425.75,21458.946428571428,66.39285714285506,stop,06:45,2025-01-02
LONG,21441.75,21462.741071428572,41.982142857144936,stop,06:50,2025-01-02
LONG,21286.25,21250.964285714286,-70.57142857142753,stop,04:25,2025-01-03
LONG,21278.5,21248.0,-61.0,stop,04:45,2025-01-03
LONG,21636.0,21636.72857142857,1.4571428571434808,be,04:10,2025-01-06
LONG,21640.0,21640.724107142858,1.4482142857159488,be,04:15,2025-01-06
LONG,21769.75,21770.583035714284,1.6660714285681024,be,04:10,2025-01-07
LONG,21765.5,21734.14285714286,-62.714285714282596,stop,04:40,2025-01-07
LONG,21429.75,21430.5625,1.625,be,04:10,2025-01-08
LONG,21427.5,21428.276785714286,1.553571428572468,be,04:15,2025-01-08
LONG,21309.25,21310.030357142856,1.5607142857115832,be,04:45,2025-01-09
LONG,21311.0,21311.749107142856,1.4982142857115832,be,05:00,2025-01-09
LONG,21309.0,21309.715178571427,1.4303571428536088,be,05:40,2025-01-10
LONG,21316.25,21316.938392857144,1.3767857142884168,be,05:45,2025-01-10
SHORT,20739.0,20731.089285714286,15.821428571427532,be,04:10,2025-01-13
SHORT,20717.25,20715.670535714286,3.158928571428987,be,04:15,2025-01-13
SHORT,21039.25,21016.6875,45.125,stop,06:50,2025-01-14
SHORT,21043.75,21043.074107142857,1.3517857142869616,be,06:55,2025-01-14
LONG,20957.0,20957.54642857143,1.0928571428594296,be,04:40,2025-01-15
LONG,20966.25,20966.81517857143,1.1303571428579744,be,04:45,2025-01-15
SHORT,21502.5,21472.73214285714,59.535714285717404,stop,04:25,2025-01-16
SHORT,21491.75,21467.214285714286,49.07142857142753,stop,04:30,2025-01-16
LONG,21329.5,21348.741071428572,38.482142857144936,stop,04:10,2025-01-17
LONG,21341.25,21341.98214285714,1.464285714282596,be,04:15,2025-01-17
SHORT,21586.5,21585.9625,1.0749999999970896,be,07:25,2025-01-20
SHORT,21576.5,21573.23214285714,6.535714285717404,be,07:30,2025-01-20
LONG,21683.75,21684.59375,1.6875,be,04:15,2025-01-21
LONG,21674.5,21718.991071428572,88.98214285714494,stop,04:25,2025-01-21
LONG,21900.25,21900.694642857143,0.8892857142855064,be,06:15,2025-01-22
LONG,21898.75,21899.175892857143,0.8517857142869616,be,06:20,2025-01-22
LONG,22012.75,22013.338392857142,1.1767857142840512,be,04:20,2025-01-24
LONG,22018.0,22018.571428571428,1.142857142855064,be,04:25,2025-01-24
SHORT,21173.25,21171.39375,3.712500000001455,be,04:50,2025-01-27
SHORT,21189.0,21130.053571428572,117.89285714285506,stop,04:55,2025-01-27
LONG,21405.75,21406.710714285713,1.9214285714260768,be,05:05,2025-01-28
LONG,21413.5,21414.44375,1.8874999999970896,be,05:10,2025-01-28
SHORT,21656.75,21655.882142857143,1.7357142857144936,be,04:10,2025-01-29
SHORT,21657.25,21656.29732142857,1.9053571428594296,be,04:20,2025-01-29
SHORT,21645.5,21644.79732142857,1.4053571428594296,be,04:40,2025-01-30
SHORT,21648.5,21647.0,3.0,be,04:50,2025-01-30
LONG,21794.75,21795.461607142857,1.4232142857144936,be,04:30,2025-01-31
LONG,21798.75,21799.45,1.4000000000014552,be,04:35,2025-01-31
LONG,21254.5,21255.62767857143,2.2553571428579744,be,06:05,2025-02-03
LONG,21263.0,21264.141964285714,2.283928571428987,be,06:10,2025-02-03
LONG,21424.75,21389.571428571428,-70.35714285714494,stop,06:10,2025-02-04
LONG,21422.75,21424.196428571428,2.892857142855064,be,07:05,2025-02-04
SHORT,21444.75,21443.474107142858,2.551785714284051,be,04:45,2025-02-05
SHORT,21444.75,21443.594642857144,2.310714285711583,be,04:50,2025-02-05
LONG,21822.0,21822.710714285713,1.4214285714260768,be,04:10,2025-02-06
LONG,21828.5,21801.35714285714,-54.285714285717404,stop,04:15,2025-02-06
LONG,21719.5,21719.954464285714,0.9089285714289872,be,05:20,2025-02-10
LONG,21723.0,21723.44017857143,0.8803571428579744,be,05:25,2025-02-10
LONG,21783.5,21756.14285714286,-54.714285714282596,stop,04:10,2025-02-11
SHORT,21764.5,21763.866964285713,1.2660714285739232,be,04:10,2025-02-12
SHORT,21762.75,21748.633928571428,28.232142857144936,stop,04:15,2025-02-12
SHORT,22099.75,22099.20089285714,1.098214285717404,be,05:40,2025-02-14
SHORT,22094.25,22080.714285714286,27.071428571427532,stop,06:05,2025-02-14
LONG,22255.25,22255.600892857143,0.7017857142855064,be,05:50,2025-02-17
LONG,22256.5,22256.79910714286,0.598214285717404,be,05:55,2025-02-17
SHORT,22268.25,22288.85714285714,-41.214285714282596,stop,05:05,2025-02-18
SHORT,22244.75,22235.08035714286,19.339285714282596,stop,04:55,2025-02-19
SHORT,22241.25,22240.80625,0.8874999999970896,be,05:10,2025-02-19
LONG,22192.5,22193.00982142857,1.0196428571434808,be,04:10,2025-02-20
LONG,22188.75,22189.246428571427,0.9928571428536088,be,04:15,2025-02-20
LONG,22159.25,22159.938392857144,1.3767857142884168,be,04:20,2025-02-21
LONG,22158.25,22158.92767857143,1.3553571428565192,be,04:25,2025-02-21
LONG,21797.25,21798.350892857143,2.2017857142855064,be,04:10,2025-02-24
LONG,21793.5,21794.60357142857,2.207142857143481,be,04:15,2025-02-24
SHORT,21304.5,21303.349107142858,2.301785714284051,be,05:00,2025-02-25
SHORT,21296.5,21333.35714285714,-73.7142857142826,stop,06:00,2025-02-25
LONG,21298.75,21299.41875,1.3375000000014552,be,04:10,2025-02-26
LONG,21309.0,21314.39285714286,10.785714285717404,stop,04:15,2025-02-26
LONG,21330.25,21331.21607142857,1.9321428571420256,be,04:30,2025-02-27
LONG,21329.0,21329.725,1.4499999999970896,be,05:20,2025-02-27
SHORT,20602.75,20635.178571428572,-64.85714285714494,stop,07:15,2025-02-28
SHORT,20608.0,20606.951785714286,2.096428571428987,be,07:35,2025-02-28
LONG,20995.25,20998.089285714286,5.678571428572468,be,04:50,2025-03-03
LONG,21011.0,21011.96875,1.9375,be,04:55,2025-03-03
SHORT,20459.0,20457.691071428573,2.617857142853609,be,05:40,2025-03-04
SHORT,20457.5,20456.2,2.599999999998545,be,05:45,2025-03-04
LONG,20618.75,20619.908035714285,2.3160714285695576,be,04:45,2025-03-05
LONG,20623.25,20624.351785714287,2.203571428573923,be,04:50,2025-03-05
SHORT,20424.75,20422.945535714287,3.608928571426077,be,04:20,2025-03-06
SHORT,20418.5,20416.842857142856,3.314285714288417,be,04:25,2025-03-06
LONG,20209.0,20210.133035714287,2.266071428573923,be,04:10,2025-03-07
LONG,20223.0,20177.60714285714,-90.7857142857174,stop,04:15,2025-03-07
SHORT,20046.0,20044.871428571427,2.257142857146391,be,04:10,2025-03-10
SHORT,20040.0,20038.871428571427,2.257142857146391,be,04:15,2025-03-10
LONG,19503.75,19535.48214285714,63.464285714282596,stop,04:10,2025-03-11
LONG,19550.5,19552.045535714286,3.091071428571013,be,04:15,2025-03-11
LONG,19498.5,19526.723214285714,56.44642857142753,stop,04:40,2025-03-12
LONG,19515.75,19542.973214285714,54.44642857142753,stop,04:45,2025-03-12
LONG,19513.75,19604.089285714286,180.67857142857247,stop,05:15,2025-03-13
LONG,19540.25,19541.675892857143,2.8517857142869616,be,05:20,2025-03-13
LONG,19432.25,19433.175,1.8499999999985448,be,04:25,2025-03-14
LONG,19444.25,19445.222321428573,1.9446428571463912,be,04:30,2025-03-14
LONG,19600.0,19600.758035714287,1.5160714285739232,be,04:15,2025-03-17
LONG,19608.25,19609.121428571427,1.7428571428536088,be,04:25,2025-03-17
LONG,19786.25,19786.851785714287,1.2035714285739232,be,04:10,2025-03-18
LONG,19794.0,19794.60625,1.2125000000014552,be,04:15,2025-03-18
LONG,19538.5,19539.621428571427,2.242857142853609,be,04:35,2025-03-19
LONG,19537.0,19565.16964285714,56.339285714282596,stop,05:30,2025-03-19
SHORT,19828.25,19827.551785714284,1.3964285714318976,be,05:05,2025-03-20
SHORT,19821.75,19821.01517857143,1.4696428571405704,be,05:15,2025-03-20
SHORT,19587.75,19586.839285714286,1.821428571427532,be,04:25,2025-03-21
SHORT,19583.0,19582.07767857143,1.8446428571405704,be,04:30,2025-03-21
LONG,20214.75,20215.374107142856,1.2482142857115832,be,04:10,2025-03-24
LONG,20218.5,20219.13839285714,1.276785714282596,be,04:15,2025-03-24
SHORT,20328.25,20327.777678571427,0.9446428571463912,be,04:10,2025-03-25
SHORT,20318.5,20306.375,24.25,stop,04:15,2025-03-25
SHORT,20463.5,20452.660714285714,21.678571428572468,stop,04:10,2025-03-26
SHORT,20458.5,20457.948214285716,1.1035714285681024,be,04:15,2025-03-26
SHORT,20028.75,20027.766964285714,1.9660714285710128,be,04:10,2025-03-27
SHORT,20038.0,20076.75,-77.5,stop,04:15,2025-03-27
LONG,19949.25,19949.991071428572,1.482142857144936,be,06:25,2025-03-28
LONG,19950.0,19950.741964285713,1.4839285714260768,be,06:30,2025-03-28
SHORT,19183.0,19181.874107142856,2.251785714288417,be,05:05,2025-03-31
SHORT,19177.75,19176.585714285713,2.328571428573923,be,05:10,2025-03-31
LONG,19482.5,19483.41607142857,1.8321428571434808,be,05:20,2025-04-01
LONG,19487.0,19487.895535714284,1.7910714285681024,be,05:25,2025-04-01
SHORT,19512.0,19553.75,-83.5,stop,04:10,2025-04-02
SHORT,19483.25,19482.305357142857,1.8892857142855064,be,06:05,2025-04-02
LONG,19134.0,19135.839285714286,3.678571428572468,be,04:20,2025-04-03
LONG,19130.5,19132.26785714286,3.535714285717404,be,04:25,2025-04-03
SHORT,18569.5,18567.851785714287,3.296428571426077,be,05:05,2025-04-04
SHORT,18570.75,18562.303571428572,16.892857142855064,be,05:15,2025-04-04
LONG,16846.0,16850.053571428572,8.107142857144936,be,04:10,2025-04-07
LONG,16807.75,16831.035714285714,46.57142857142753,be,04:15,2025-04-07
SHORT,17744.0,17741.999107142856,4.001785714288417,be,04:25,2025-04-08
SHORT,17739.0,17819.964285714286,-161.92857142857247,stop,04:30,2025-04-08
SHORT,17005.75,17001.233035714286,9.033928571428987,be,07:10,2025-04-09
SHORT,16995.5,16987.589285714286,15.821428571427532,be,07:35,2025-04-09
SHORT,18845.25,18831.89285714286,26.714285714282596,be,04:25,2025-04-10
SHORT,18795.25,18791.645535714284,7.208928571431898,be,04:35,2025-04-10
SHORT,18488.75,18388.04464285714,201.4107142857174,stop,04:20,2025-04-11
SHORT,18409.75,18396.14285714286,27.214285714282596,be,04:25,2025-04-11
SHORT,19071.75,19070.654464285715,2.1910714285695576,be,05:30,2025-04-14
SHORT,19062.5,19052.714285714286,19.571428571427532,stop,05:35,2025-04-14
SHORT,18892.0,18890.772321428572,2.455357142855064,be,07:50,2025-04-15
SHORT,18901.75,18900.498214285715,2.5035714285695576,be,07:55,2025-04-15
LONG,18654.5,18691.366071428572,73.73214285714494,stop,04:30,2025-04-16
LONG,18696.25,18698.155357142856,3.810714285711583,be,04:35,2025-04-16
SHORT,18556.25,18555.29732142857,1.9053571428594296,be,04:50,2025-04-17
SHORT,18549.0,18548.041964285716,1.9160714285681024,be,04:55,2025-04-17
SHORT,18138.5,18173.678571428572,-70.35714285714494,stop,05:20,2025-04-21
SHORT,18141.5,18174.821428571428,-66.64285714285506,stop,05:25,2025-04-21
SHORT,18067.0,18065.709821428572,2.580357142855064,be,04:10,2025-04-22
SHORT,18061.5,18107.571428571428,-92.14285714285506,stop,04:15,2025-04-22
LONG,18791.25,18823.4375,64.375,stop,04:10,2025-04-23
LONG,18822.5,18823.558035714286,2.116071428572468,be,04:15,2025-04-23
SHORT,18634.5,18633.01875,2.962500000001455,be,04:30,2025-04-24
SHORT,18640.0,18629.214285714286,21.571428571427532,stop,04:35,2025-04-24
SHORT,19371.25,19370.042857142857,2.4142857142869616,be,05:15,2025-04-25
SHORT,19372.0,19368.589285714286,6.821428571427532,be,05:45,2025-04-25
SHORT,19455.5,19454.62767857143,1.7446428571420256,be,04:10,2025-04-28
SHORT,19465.5,19464.64375,1.7125000000014552,be,04:15,2025-04-28
SHORT,19518.25,19465.33035714286,105.8392857142826,stop,06:35,2025-04-29
SHORT,19519.5,19518.654464285715,1.6910714285695576,be,06:40,2025-04-29
LONG,19602.0,19602.79642857143,1.5928571428594296,be,04:15,2025-04-30
LONG,19607.25,19573.428571428572,-67.64285714285506,stop,04:20,2025-04-30
LONG,19981.25,19982.11160714286,1.723214285717404,be,04:50,2025-05-01
LONG,19977.5,19978.339285714286,1.678571428572468,be,04:55,2025-05-01
SHORT,19895.5,19874.73214285714,41.535714285717404,stop,04:55,2025-05-02
SHORT,19870.0,19868.964285714286,2.071428571427532,be,05:00,2025-05-02
SHORT,20023.0,20022.040178571428,1.919642857144936,be,04:40,2025-05-05
SHORT,20022.5,19992.383928571428,60.232142857144936,stop,04:45,2025-05-05
SHORT,19879.75,19849.83035714286,59.839285714282596,stop,04:15,2025-05-06
SHORT,19857.0,19855.883035714287,2.233928571426077,be,04:20,2025-05-06
LONG,20205.0,20205.854464285716,1.7089285714318976,be,04:20,2025-05-08
LONG,20196.75,20217.526785714286,41.55357142857247,stop,04:25,2025-05-08
LONG,20234.5,20235.066964285714,1.133928571427532,be,06:35,2025-05-09
LONG,20233.0,20234.303571428572,2.607142857144936,be,07:10,2025-05-09
LONG,20966.75,20926.64285714286,-80.2142857142826,stop,06:35,2025-05-12
LONG,20937.5,20938.542857142857,2.0857142857130384,be,06:40,2025-05-12
LONG,20874.0,20874.53125,1.0625,be,05:55,2025-05-13
LONG,20881.5,20882.01785714286,1.035714285717404,be,06:00,2025-05-13
SHORT,21259.5,21295.75,-72.5,stop,04:10,2025-05-14
SHORT,21281.0,21280.04107142857,1.9178571428565192,be,04:15,2025-05-14
SHORT,21257.75,21256.678571428572,2.142857142855064,be,04:15,2025-05-15
SHORT,21255.0,21254.007142857143,1.9857142857144936,be,04:35,2025-05-15
LONG,21458.25,21459.016964285714,1.5339285714289872,be,04:10,2025-05-16
LONG,21466.5,21467.25,1.5,be,04:15,2025-05-16
SHORT,21160.5,21159.39017857143,2.2196428571405704,be,04:15,2025-05-19
SHORT,21158.0,21129.76785714286,56.464285714282596,stop,04:25,2025-05-19
SHORT,21272.25,21271.446428571428,1.607142857144936,be,05:45,2025-05-21
SHORT,21280.5,21279.710714285713,1.5785714285739232,be,05:50,2025-05-21
LONG,21240.0,21205.35714285714,-69.2857142857174,stop,07:10,2025-05-22
SHORT,21167.75,21166.696428571428,2.107142857144936,be,07:40,2025-05-22
SHORT,21120.0,21159.464285714286,-78.92857142857247,stop,05:30,2025-05-23
SHORT,21113.25,21092.026785714286,42.44642857142753,stop,07:20,2025-05-23
LONG,21278.5,21278.98660714286,0.973214285717404,be,07:45,2025-05-26
LONG,21278.0,21278.49375,0.9875000000029104,be,07:50,2025-05-26
SHORT,21427.25,21426.561607142856,1.3767857142884168,be,04:10,2025-05-28
SHORT,21426.25,21425.56875,1.3625000000029104,be,04:15,2025-05-28
SHORT,21739.25,21738.269642857143,1.9607142857130384,be,06:20,2025-05-29
SHORT,21731.0,21730.001785714285,1.9964285714304424,be,06:25,2025-05-29
LONG,21391.0,21391.974107142858,1.9482142857159488,be,04:15,2025-05-30
LONG,21386.5,21387.369642857142,1.7392857142840512,be,05:20,2025-05-30
LONG,21279.0,21279.834821428572,1.669642857144936,be,07:15,2025-06-02
LONG,21273.25,21274.045535714286,1.5910714285710128,be,07:20,2025-06-02
LONG,21494.5,21518.89285714286,48.785714285717404,stop,07:00,2025-06-03
LONG,21489.0,21506.839285714286,35.67857142857247,stop,07:05,2025-06-03
LONG,21736.25,21736.84375,1.1875,be,04:10,2025-06-04
LONG,21745.25,21745.867857142857,1.2357142857144936,be,04:15,2025-06-04
SHORT,21639.5,21670.678571428572,-62.357142857144936,stop,04:25,2025-06-06
LONG,21680.5,21681.183035714286,1.366071428572468,be,05:25,2025-06-06
LONG,21799.25,21772.571428571428,-53.357142857144936,stop,04:55,2025-06-09
LONG,21798.75,21815.848214285714,34.19642857142753,stop,07:25,2025-06-09
LONG,21833.75,21834.715178571427,1.9303571428536088,be,05:10,2025-06-10
LONG,21833.75,21834.691071428573,1.8821428571463912,be,05:15,2025-06-10
LONG,21950.5,21951.16875,1.3375000000014552,be,04:35,2025-06-11
LONG,21954.5,21928.5,-52.0,stop,04:40,2025-06-11
SHORT,21751.0,21749.85892857143,2.2821428571405704,be,04:10,2025-06-12
SHORT,21748.75,21747.57232142857,2.355357142856519,be,04:20,2025-06-12
LONG,21653.75,21605.285714285714,-96.92857142857247,stop,04:15,2025-06-13
LONG,21652.5,21653.532142857144,2.064285714288417,be,07:00,2025-06-13
LONG,21793.25,21832.616071428572,78.73214285714494,stop,07:40,2025-06-16
LONG,21793.25,21832.526785714286,78.55357142857247,stop,07:45,2025-06-16
SHORT,21781.5,21780.789285714287,1.4214285714260768,be,06:40,2025-06-17
SHORT,21777.0,21805.928571428572,-57.857142857144936,stop,06:45,2025-06-17
LONG,21809.0,21828.348214285714,38.69642857142753,stop,04:10,2025-06-18
LONG,21807.75,21829.758928571428,44.017857142855064,stop,05:00,2025-06-18
LONG,21720.75,21721.36875,1.2375000000029104,be,04:10,2025-06-20
LONG,21727.5,21703.0,-49.0,stop,04:15,2025-06-20
LONG,21919.5,21920.645535714284,2.2910714285681024,be,04:10,2025-06-23
LONG,21918.0,21919.196428571428,2.392857142855064,be,04:15,2025-06-23
LONG,22434.5,22434.99375,0.9875000000029104,be,05:00,2025-06-25
LONG,22435.5,22436.016964285714,1.0339285714289872,be,05:10,2025-06-25
LONG,22558.5,22570.35714285714,23.714285714282596,stop,04:20,2025-06-26
LONG,22566.5,22567.07857142857,1.1571428571405704,be,04:25,2025-06-26
LONG,22760.25,22760.64107142857,0.7821428571405704,be,07:25,2025-06-27
LONG,22766.5,22766.90357142857,0.8071428571420256,be,07:35,2025-06-27
LONG,22887.25,22887.836607142857,1.1732142857144936,be,04:15,2025-06-30
LONG,22884.75,22908.339285714286,47.17857142857247,stop,05:15,2025-06-30
SHORT,22819.75,22819.19375,1.1125000000029104,be,05:50,2025-07-01
SHORT,22820.5,22841.178571428572,-41.357142857144936,stop,05:55,2025-07-01
SHORT,22710.25,22709.551785714284,1.3964285714318976,be,04:35,2025-07-02
SHORT,22712.0,22711.338392857142,1.3232142857159488,be,04:40,2025-07-02
SHORT,22870.0,22858.258928571428,23.482142857144936,stop,04:50,2025-07-03
SHORT,22866.5,22863.071428571428,6.857142857144936,stop,04:55,2025-07-03
SHORT,22936.25,22935.5125,1.4749999999985448,be,04:15,2025-07-04
SHORT,22941.5,22970.35714285714,-57.714285714282596,stop,04:20,2025-07-04
SHORT,22922.75,22922.116071428572,1.267857142855064,be,04:10,2025-07-07
SHORT,22921.0,22920.350892857143,1.2982142857144936,be,04:15,2025-07-07
SHORT,22910.0,22932.928571428572,-45.857142857144936,stop,06:05,2025-07-08
SHORT,22917.0,22916.402678571427,1.1946428571463912,be,06:10,2025-07-08
LONG,22909.0,22909.4625,0.9250000000029104,be,05:15,2025-07-09
LONG,22919.5,22936.214285714286,33.42857142857247,stop,05:20,2025-07-09
LONG,23024.75,23039.758928571428,30.017857142855064,stop,04:20,2025-07-10
LONG,23038.5,23039.005357142858,1.0107142857159488,be,04:25,2025-07-10
SHORT,22888.0,22887.027678571427,1.9446428571463912,be,04:10,2025-07-11
SHORT,22886.25,22885.301785714284,1.8964285714318976,be,04:15,2025-07-11
LONG,22894.0,22894.530357142856,1.0607142857115832,be,04:55,2025-07-14
LONG,22887.0,22887.535714285714,1.071428571427532,be,05:00,2025-07-14
LONG,23170.75,23171.269642857143,1.0392857142869616,be,05:25,2025-07-15
LONG,23177.25,23177.70892857143,0.9178571428565192,be,05:40,2025-07-15
LONG,22995.25,23008.20535714286,25.910714285717404,stop,04:35,2025-07-16
LONG,22999.25,23002.839285714286,7.178571428572468,stop,04:40,2025-07-16
SHORT,23095.25,23094.597321428573,1.3053571428536088,be,04:20,2025-07-17
SHORT,23090.25,23116.89285714286,-53.285714285717404,stop,04:25,2025-07-17
SHORT,23257.5,23257.164285714287,0.6714285714260768,be,06:25,2025-07-18
SHORT,23259.75,23259.413392857143,0.6732142857144936,be,06:30,2025-07-18
LONG,23305.0,23305.36517857143,0.7303571428565192,be,04:10,2025-07-21
LONG,23300.0,23289.10714285714,-21.785714285717404,stop,06:25,2025-07-21
SHORT,23281.0,23280.269642857143,1.4607142857130384,be,04:45,2025-07-22
SHORT,23282.75,23282.00625,1.4875000000029104,be,04:55,2025-07-22
LONG,23279.25,23279.68125,0.8625000000029104,be,05:00,2025-07-23
LONG,23277.5,23277.92767857143,0.8553571428565192,be,05:05,2025-07-23
LONG,23371.25,23383.285714285714,24.071428571427532,stop,04:15,2025-07-24
LONG,23377.25,23377.73482142857,0.9696428571405704,be,04:20,2025-07-24
SHORT,23526.0,23525.645535714284,0.7089285714318976,be,05:25,2025-07-28
SHORT,23530.0,23529.636607142857,0.7267857142869616,be,05:30,2025-07-28
LONG,23602.25,23602.597321428573,0.6946428571463912,be,06:05,2025-07-29
LONG,23599.5,23599.855357142857,0.7107142857130384,be,06:10,2025-07-29
LONG,23512.0,23512.39017857143,0.7803571428594296,be,07:30,2025-07-30
LONG,23515.25,23515.635714285716,0.7714285714318976,be,07:35,2025-07-30
SHORT,23783.5,23783.010714285716,0.9785714285681024,be,06:00,2025-07-31
SHORT,23776.5,23794.89285714286,-36.785714285717404,stop,07:00,2025-07-31
SHORT,23082.75,23081.25625,2.9875000000029104,be,04:30,2025-08-01
SHORT,23091.75,23090.23392857143,3.0321428571405704,be,04:35,2025-08-01
LONG,23046.0,23046.84642857143,1.6928571428579744,be,04:25,2025-08-04
LONG,23046.25,23047.06875,1.6374999999970896,be,04:40,2025-08-04
SHORT,23320.5,23319.726785714287,1.5464285714260768,be,04:10,2025-08-05
SHORT,23315.5,23346.85714285714,-62.714285714282596,stop,04:15,2025-08-05
SHORT,23189.5,23188.91607142857,1.1678571428565192,be,04:30,2025-08-06
SHORT,23188.0,23187.439285714285,1.1214285714304424,be,04:35,2025-08-06
LONG,23537.5,23538.176785714284,1.3535714285681024,be,04:10,2025-08-07
LONG,23542.0,23542.688392857144,1.3767857142884168,be,04:15,2025-08-07
LONG,23554.75,23555.332142857143,1.1642857142869616,be,04:15,2025-08-08
LONG,23556.25,23570.383928571428,28.267857142855064,stop,04:25,2025-08-08
SHORT,23688.5,23683.910714285714,9.178571428572468,stop,04:10,2025-08-11
SHORT,23679.5,23678.75267857143,1.4946428571420256,be,04:15,2025-08-11
SHORT,23637.75,23637.275892857142,0.9482142857159488,be,04:55,2025-08-12
SHORT,23637.25,23636.8375,0.8249999999970896,be,05:25,2025-08-12
LONG,23998.0,23998.554464285713,1.1089285714260768,be,04:10,2025-08-13
LONG,23996.25,23998.303571428572,4.107142857144936,be,04:15,2025-08-13
LONG,23936.25,23936.654464285715,0.8089285714304424,be,04:25,2025-08-14
LONG,23936.25,23936.616071428572,0.732142857144936,be,04:30,2025-08-14
SHORT,23916.75,23916.276785714286,0.946428571427532,be,04:40,2025-08-15
SHORT,23915.5,23884.071428571428,62.857142857144936,stop,04:45,2025-08-15
SHORT,23769.25,23768.389285714286,1.7214285714289872,be,04:15,2025-08-18
SHORT,23774.5,23751.883928571428,45.232142857144936,stop,04:20,2025-08-18
LONG,23773.5,23787.33035714286,27.660714285717404,stop,04:45,2025-08-19
LONG,23782.75,23783.242857142857,0.9857142857144936,be,04:50,2025-08-19
SHORT,23385.5,23384.813392857144,1.3732142857115832,be,04:15,2025-08-20
SHORT,23382.0,23381.313392857144,1.3732142857115832,be,04:25,2025-08-20
SHORT,23321.75,23300.553571428572,42.392857142855064,stop,04:55,2025-08-21
SHORT,23298.25,23297.43125,1.6374999999970896,be,05:00,2025-08-21
LONG,23224.0,23224.748214285715,1.4964285714304424,be,04:10,2025-08-22
LONG,23232.25,23232.925892857143,1.3517857142869616,be,04:15,2025-08-22
SHORT,23501.5,23499.553571428572,3.892857142855064,be,05:10,2025-08-25
SHORT,23494.25,23493.691964285714,1.116071428572468,be,05:15,2025-08-25
LONG,23465.0,23465.8375,1.6750000000029104,be,04:15,2025-08-26
LONG,23466.75,23467.35892857143,1.2178571428594296,be,05:10,2025-08-26
SHORT,23575.0,23574.525892857142,0.9482142857159488,be,04:35,2025-08-27
SHORT,23570.5,23589.39285714286,-37.785714285717404,stop,04:50,2025-08-27
LONG,23645.5,23646.235714285714,1.4714285714289872,be,04:10,2025-08-28
LONG,23648.25,23648.95892857143,1.4178571428565192,be,04:15,2025-08-28
SHORT,23674.5,23662.348214285714,24.303571428572468,stop,04:10,2025-08-29
SHORT,23657.0,23678.428571428572,-42.857142857144936,stop,04:15,2025-08-29
LONG,23478.5,23479.226785714287,1.4535714285739232,be,04:10,2025-09-01
LONG,23486.0,23487.035714285714,2.071428571427532,be,04:25,2025-09-01
SHORT,23268.25,23246.276785714286,43.94642857142753,stop,06:25,2025-09-02
SHORT,23254.5,23253.739285714284,1.5214285714318976,be,06:30,2025-09-02
LONG,23403.5,23411.0,15.0,stop,04:10,2025-09-03
LONG,23412.0,23412.900892857142,1.8017857142840512,be,04:15,2025-09-03
LONG,23506.5,23507.10982142857,1.2196428571405704,be,04:30,2025-09-04
LONG,23507.5,23507.899107142857,0.7982142857144936,be,05:40,2025-09-04
LONG,23776.5,23776.972321428573,0.9446428571463912,be,04:30,2025-09-05
LONG,23777.25,23777.694642857143,0.8892857142855064,be,04:35,2025-09-05
LONG,23784.5,23784.89375,0.7874999999985448,be,05:55,2025-09-08
LONG,23786.0,23786.3875,0.7750000000014552,be,06:15,2025-09-08
SHORT,23839.0,23838.539285714287,0.9214285714260768,be,04:10,2025-09-09
SHORT,23844.0,23843.504464285714,0.991071428572468,be,04:20,2025-09-09
SHORT,23918.5,23918.053571428572,0.892857142855064,be,04:10,2025-09-10
SHORT,23928.5,23914.3125,28.375,stop,04:15,2025-09-10
LONG,23938.75,23939.239285714284,0.9785714285681024,be,04:15,2025-09-11
LONG,23937.75,23938.079464285714,0.6589285714289872,be,06:30,2025-09-11
SHORT,24003.5,23977.125,52.75,stop,04:10,2025-09-12
SHORT,23985.0,23982.464285714286,5.071428571427532,be,04:15,2025-09-12
SHORT,24120.25,24114.23214285714,12.035714285717404,stop,04:10,2025-09-15
SHORT,24112.25,24111.47142857143,1.5571428571420256,be,04:15,2025-09-15
LONG,24390.5,24391.095535714285,1.1910714285695576,be,04:10,2025-09-16
LONG,24391.5,24392.083035714284,1.1660714285681024,be,04:15,2025-09-16
SHORT,24261.5,24246.660714285714,29.678571428572468,stop,04:35,2025-09-17
SHORT,24248.25,24227.366071428572,41.767857142855064,stop,04:40,2025-09-17
LONG,24435.0,24481.473214285714,92.94642857142753,stop,04:10,2025-09-18
LONG,24444.0,24444.741964285713,1.4839285714260768,be,04:15,2025-09-18
LONG,24454.5,24455.089285714286,1.178571428572468,be,04:10,2025-09-19
LONG,24455.75,24456.308928571427,1.1178571428536088,be,04:15,2025-09-19
LONG,25015.0,25015.57767857143,1.1553571428594296,be,04:10,2025-09-23
LONG,25013.75,25014.301785714284,1.1035714285681024,be,04:15,2025-09-23
LONG,24901.0,24901.63482142857,1.2696428571434808,be,04:10,2025-09-24
LONG,24899.25,24899.852678571428,1.205357142855064,be,04:15,2025-09-24
LONG,24755.25,24755.95625,1.4124999999985448,be,04:10,2025-09-25
LONG,24759.5,24760.17232142857,1.3446428571405704,be,04:15,2025-09-25
SHORT,24621.25,24598.401785714286,45.69642857142753,stop,04:45,2025-09-26
SHORT,24592.25,24585.589285714286,13.321428571427532,stop,04:50,2025-09-26
LONG,24873.5,24874.074107142857,1.1482142857130384,be,04:10,2025-09-29
LONG,24873.0,24873.53392857143,1.0678571428579744,be,04:15,2025-09-29
LONG,24710.25,24714.76785714286,9.035714285717404,be,04:35,2025-10-01
LONG,24708.75,24714.803571428572,12.107142857144936,stop,04:40,2025-10-01
LONG,25104.75,25105.41964285714,1.339285714282596,be,04:10,2025-10-02
LONG,25091.25,25105.616071428572,28.732142857144936,stop,04:15,2025-10-02
SHORT,25170.5,25162.48214285714,16.035714285717404,stop,06:35,2025-10-03
SHORT,25163.0,25162.64107142857,0.7178571428594296,be,06:40,2025-10-03
LONG,25106.75,25107.444642857143,1.3892857142855064,be,04:10,2025-10-06
LONG,25107.25,25107.8125,1.125,be,05:00,2025-10-06
SHORT,25133.25,25154.10714285714,-41.714285714282596,stop,04:35,2025-10-07
LONG,25169.5,25170.045535714286,1.0910714285710128,be,04:55,2025-10-07
LONG,25094.0,25094.454464285714,0.9089285714289872,be,04:30,2025-10-08
LONG,25101.0,25101.432142857142,0.8642857142840512,be,04:35,2025-10-08
SHORT,25313.75,25313.18482142857,1.1303571428579744,be,04:35,2025-10-09
SHORT,25316.0,25310.910714285714,10.178571428572468,stop,04:40,2025-10-09
LONG,25330.25,25330.97142857143,1.4428571428579744,be,04:10,2025-10-10
LONG,25333.0,25333.69375,1.3874999999970896,be,04:15,2025-10-10
SHORT,24825.0,24790.25,69.5,stop,07:05,2025-10-13
SHORT,24775.25,24773.909821428573,2.680357142853609,be,07:10,2025-10-13
SHORT,24577.5,24572.73214285714,9.535714285717404,be,06:30,2025-10-14
SHORT,24555.75,24554.522321428572,2.455357142855064,be,06:35,2025-10-14
LONG,24927.25,24927.998214285715,1.4964285714304424,be,04:55,2025-10-15
LONG,24929.5,24980.5,102.0,stop,05:00,2025-10-15
LONG,25063.75,25064.44375,1.3874999999970896,be,06:10,2025-10-16
LONG,25060.5,25061.201785714286,1.4035714285710128,be,06:15,2025-10-16
SHORT,24424.75,24518.964285714286,-188.42857142857247,stop,04:20,2025-10-17
LONG,24635.0,24636.840178571427,3.680357142853609,be,07:10,2025-10-17
SHORT,25098.0,25097.186607142856,1.6267857142884168,be,04:20,2025-10-20
SHORT,25095.75,25094.969642857144,1.5607142857115832,be,04:25,2025-10-20
SHORT,25259.0,25285.85714285714,-53.714285714282596,stop,04:20,2025-10-21
LONG,25291.75,25292.25625,1.0124999999970896,be,05:35,2025-10-21
SHORT,25268.0,25267.385714285716,1.2285714285681024,be,04:15,2025-10-22
SHORT,25264.75,25264.13839285714,1.223214285717404,be,04:20,2025-10-22
SHORT,25065.25,25043.16964285714,44.160714285717404,stop,05:15,2025-10-23
SHORT,25051.0,25045.196428571428,11.607142857144936,stop,05:20,2025-10-23
LONG,25378.75,25379.25625,1.0124999999970896,be,05:25,2025-10-24
LONG,25378.0,25388.035714285714,20.071428571427532,stop,05:30,2025-10-24
SHORT,25777.0,25776.467857142856,1.0642857142884168,be,04:30,2025-10-27
SHORT,25778.0,25799.428571428572,-42.857142857144936,stop,04:35,2025-10-27
SHORT,25949.5,25948.94017857143,1.1196428571420256,be,04:10,2025-10-28
SHORT,25947.5,25946.97142857143,1.0571428571420256,be,04:15,2025-10-28
LONG,26301.5,26302.083035714284,1.1660714285681024,be,04:10,2025-10-29
LONG,26307.0,26282.285714285714,-49.42857142857247,stop,04:20,2025-10-29
LONG,26288.5,26245.64285714286,-85.7142857142826,stop,05:10,2025-10-30
LONG,26222.5,26263.83035714286,82.6607142857174,stop,07:55,2025-10-31
LONG,26220.5,26263.8125,86.625,stop,08:00,2025-10-31
LONG,26117.5,26144.66964285714,54.339285714282596,stop,04:10,2025-11-03
LONG,26122.0,26145.01785714286,46.035714285717404,stop,04:15,2025-11-03
SHORT,25727.0,25725.69732142857,2.605357142856519,be,04:25,2025-11-04
SHORT,25718.0,25684.991071428572,66.01785714285506,stop,04:45,2025-11-04
LONG,25545.0,25546.23214285714,2.464285714282596,be,04:10,2025-11-05
SHORT,25438.0,25437.079464285714,1.8410714285710128,be,05:55,2025-11-05
LONG,25708.5,25730.08035714286,43.160714285717404,stop,04:10,2025-11-06
LONG,25720.5,25721.477678571428,1.955357142855064,be,04:15,2025-11-06
SHORT,25266.0,25264.82857142857,2.3428571428594296,be,04:35,2025-11-07
SHORT,25258.5,25257.4125,2.1750000000029104,be,04:40,2025-11-07
LONG,25543.25,25546.125,5.75,be,04:15,2025-11-10
LONG,25560.5,25524.428571428572,-72.14285714285506,stop,04:20,2025-11-10
SHORT,25628.0,25620.25,15.5,stop,04:25,2025-11-11
SHORT,25623.75,25622.969642857144,1.5607142857115832,be,04:35,2025-11-11
LONG,25813.75,25814.54732142857,1.5946428571405704,be,04:40,2025-11-12
LONG,25821.5,25822.25625,1.5124999999970896,be,04:45,2025-11-12
SHORT,25612.5,25578.035714285714,68.92857142857247,stop,04:10,2025-11-13
SHORT,25591.5,25590.40625,2.1875,be,04:15,2025-11-13
LONG,25020.0,24948.0,-144.0,stop,04:10,2025-11-14
SHORT,24892.75,24833.616071428572,118.26785714285506,stop,06:10,2025-11-14
SHORT,25297.0,25288.73214285714,16.535714285717404,stop,04:35,2025-11-17
SHORT,25279.25,25278.113392857143,2.2732142857130384,be,04:40,2025-11-17
SHORT,24696.75,24695.03392857143,3.4321428571420256,be,07:55,2025-11-18
SHORT,24694.25,24765.071428571428,-141.64285714285506,stop,08:00,2025-11-18
LONG,24656.25,24657.460714285713,2.421428571426077,be,04:50,2025-11-19
LONG,24676.0,24677.20357142857,2.4071428571405704,be,04:55,2025-11-19
SHORT,25115.25,25114.066964285714,2.366071428572468,be,04:20,2025-11-20
SHORT,25116.25,25115.09642857143,2.3071428571420256,be,04:25,2025-11-20
SHORT,24062.25,24060.564285714285,3.3714285714304424,be,04:45,2025-11-21
SHORT,24070.0,23956.785714285714,226.42857142857247,stop,04:55,2025-11-21
SHORT,24437.5,24397.785714285714,79.42857142857247,stop,04:25,2025-11-24
SHORT,24370.75,24429.785714285714,-118.07142857142753,stop,04:30,2025-11-24
SHORT,24854.25,24853.14285714286,2.214285714282596,be,04:20,2025-11-25
SHORT,24850.0,24848.933035714286,2.133928571427532,be,04:25,2025-11-25
SHORT,25158.0,25157.160714285714,1.678571428572468,be,04:10,2025-11-26
SHORT,25162.75,25161.917857142857,1.6642857142869616,be,04:15,2025-11-26
SHORT,25265.25,25264.317857142858,1.8642857142840512,be,07:15,2025-12-01
SHORT,25260.25,25259.29732142857,1.9053571428594296,be,07:20,2025-12-01
LONG,25435.75,25436.600892857143,1.7017857142855064,be,04:15,2025-12-02
LONG,25438.5,25439.3,1.5999999999985448,be,04:20,2025-12-02
LONG,25663.5,25664.340178571427,1.6803571428536088,be,04:35,2025-12-04
LONG,25677.75,25678.582142857143,1.6642857142869616,be,04:40,2025-12-04
SHORT,25717.5,25716.86875,1.2624999999970896,be,04:15,2025-12-05
SHORT,25714.75,25714.119642857142,1.2607142857159488,be,04:20,2025-12-05
LONG,25811.0,25811.492857142857,0.9857142857144936,be,07:50,2025-12-08
SHORT,25673.75,25673.084821428572,1.330357142855064,be,04:10,2025-12-09
SHORT,25680.75,25666.85714285714,27.785714285717404,stop,04:15,2025-12-09
SHORT,25704.0,25632.75,142.5,target,05:15,2025-12-10
SHORT,25704.5,25635.285714285714,138.42857142857247,target,05:20,2025-12-10
LONG,25558.25,25559.54732142857,2.5946428571405704,be,04:10,2025-12-11
LONG,25569.0,25570.22142857143,2.4428571428579744,be,04:15,2025-12-11
SHORT,25626.5,25625.76339285714,1.473214285717404,be,04:10,2025-12-12
SHORT,25638.5,25598.071428571428,80.85714285714494,stop,04:15,2025-12-12
LONG,25310.25,25311.055357142857,1.6107142857144936,be,04:15,2025-12-15
LONG,25303.75,25323.116071428572,38.732142857144936,stop,04:20,2025-12-15
LONG,24966.5,24967.48660714286,1.973214285717404,be,04:10,2025-12-16
LONG,24983.0,24944.285714285714,-77.42857142857247,stop,04:15,2025-12-16
LONG,25199.75,25200.660714285714,1.821428571427532,be,04:25,2025-12-17
LONG,25199.5,25200.43482142857,1.8696428571420256,be,04:35,2025-12-17
LONG,24851.5,24853.071428571428,3.142857142855064,be,04:45,2025-12-18
LONG,24862.75,24863.605357142857,1.7107142857130384,be,04:50,2025-12-18
LONG,25156.0,25156.688392857144,1.3767857142884168,be,04:30,2025-12-19
SHORT,25095.75,25123.214285714286,-54.92857142857247,stop,06:10,2025-12-19
LONG,25719.0,25719.477678571428,0.955357142855064,be,04:35,2025-12-22
LONG,25721.0,25721.480357142857,0.9607142857130384,be,04:40,2025-12-22
LONG,25713.25,25723.116071428572,19.732142857144936,stop,04:20,2025-12-23
LONG,25710.75,25723.214285714286,24.928571428572468,stop,04:25,2025-12-23
LONG,25797.5,25803.241071428572,11.482142857144936,stop,04:15,2025-12-24
LONG,25800.5,25800.79642857143,0.5928571428594296,be,04:20,2025-12-24
LONG,25868.75,25869.11517857143,0.7303571428565192,be,04:10,2025-12-26
LONG,25870.75,25883.446428571428,25.392857142855064,stop,04:15,2025-12-26
LONG,25744.75,25745.245535714286,0.991071428572468,be,04:10,2025-12-30
LONG,25745.0,25745.449107142857,0.8982142857130384,be,04:25,2025-12-30
LONG,25605.0,25605.39285714286,0.785714285717404,be,06:45,2025-12-31
LONG,25605.25,25607.035714285714,3.571428571427532,be,06:50,2025-12-31
LONG,25723.25,25724.07589285714,1.651785714282596,be,04:10,2026-01-02
LONG,25734.25,25735.061607142856,1.6232142857115832,be,04:15,2026-01-02
LONG,25557.5,25558.073214285716,1.1464285714318976,be,06:05,2026-01-05
LONG,25562.0,25562.54732142857,1.0946428571405704,be,06:25,2026-01-05
SHORT,25740.0,25739.448214285716,1.1035714285681024,be,04:10,2026-01-07
SHORT,25744.0,25740.446428571428,7.107142857144936,stop,04:15,2026-01-07
LONG,25716.25,25716.975892857143,1.4517857142855064,be,04:35,2026-01-09
LONG,25718.5,25719.217857142856,1.4357142857115832,be,04:40,2026-01-09
LONG,25757.75,25758.391964285714,1.2839285714289872,be,07:55,2026-01-12
LONG,25753.0,25753.645535714284,1.2910714285681024,be,08:00,2026-01-12
LONG,25927.75,25928.416964285716,1.3339285714318976,be,04:15,2026-01-13
LONG,25930.5,25931.175,1.3499999999985448,be,04:20,2026-01-13
SHORT,25834.25,25778.160714285714,112.17857142857247,stop,05:15,2026-01-14
SHORT,25814.75,25814.117857142857,1.2642857142855064,be,05:20,2026-01-14
LONG,25761.0,25821.10714285714,120.2142857142826,stop,04:10,2026-01-15
LONG,25777.25,25778.226785714287,1.9535714285739232,be,04:15,2026-01-15
LONG,25849.0,25849.571428571428,1.142857142855064,be,05:35,2026-01-16
LONG,25850.5,25852.035714285714,3.071428571427532,be,05:40,2026-01-16
SHORT,25328.25,25324.589285714286,7.321428571427532,be,04:20,2026-01-19
SHORT,25323.0,25321.79107142857,2.417857142856519,be,04:25,2026-01-19
SHORT,25164.75,25163.289285714287,2.921428571426077,be,04:20,2026-01-20
SHORT,25155.0,25120.285714285714,69.42857142857247,stop,04:25,2026-01-20
SHORT,25189.0,25188.084821428572,1.830357142855064,be,04:25,2026-01-21
SHORT,25192.0,25191.141964285714,1.7160714285710128,be,04:35,2026-01-21
LONG,25712.5,25670.928571428572,-83.14285714285506,stop,04:20,2026-01-22
LONG,25712.0,25683.678571428572,-56.642857142855064,stop,06:10,2026-01-22
SHORT,25576.5,25569.25,14.5,stop,04:40,2026-01-23
SHORT,25552.75,25551.625892857144,2.248214285711583,be,04:45,2026-01-23
SHORT,25688.5,25660.473214285714,56.05357142857247,stop,04:30,2026-01-26
SHORT,25653.75,25598.116071428572,111.26785714285506,stop,04:35,2026-01-26
LONG,26024.5,26025.066964285714,1.133928571427532,be,06:35,2026-01-27
LONG,26021.75,26033.491071428572,23.482142857144936,stop,06:40,2026-01-27
SHORT,26266.75,26265.825,1.8499999999985448,be,04:20,2026-01-28
SHORT,26262.25,26261.326785714286,1.8464285714289872,be,04:25,2026-01-28
SHORT,26224.75,26217.678571428572,14.142857142855064,stop,04:55,2026-01-29
SHORT,26211.25,26210.420535714286,1.6589285714289872,be,05:00,2026-01-29
SHORT,25662.5,25660.855357142857,3.2892857142869616,be,04:50,2026-01-30
LONG,25806.0,25807.27142857143,2.542857142856519,be,06:15,2026-01-30
LONG,25453.25,25454.661607142858,2.823214285715949,be,04:25,2026-02-02
LONG,25437.75,25439.12232142857,2.7446428571420256,be,04:30,2026-02-02
SHORT,25967.0,25966.167857142857,1.6642857142869616,be,04:25,2026-02-03
SHORT,25965.75,25964.91875,1.6624999999985448,be,04:30,2026-02-03
SHORT,25384.0,25382.558035714286,2.883928571427532,be,04:20,2026-02-04
SHORT,25366.0,25424.75,-117.5,stop,04:25,2026-02-04
SHORT,24974.25,24924.258928571428,99.98214285714494,stop,07:20,2026-02-05
SHORT,24893.0,24891.13839285714,3.723214285717404,be,07:25,2026-02-05
LONG,24623.25,24663.571428571428,80.64285714285506,stop,04:10,2026-02-06
LONG,24656.5,24658.342857142856,3.685714285711583,be,04:15,2026-02-06
SHORT,25145.0,25135.214285714286,19.571428571427532,stop,04:35,2026-02-09
SHORT,25125.75,25124.673214285714,2.153571428571013,be,04:40,2026-02-09
LONG,25382.0,25383.147321428572,2.294642857144936,be,04:10,2026-02-10
LONG,25377.5,25381.125,7.25,be,04:15,2026-02-10
SHORT,25208.25,25165.26785714286,85.9642857142826,stop,04:40,2026-02-11
SHORT,25204.5,25165.741071428572,77.51785714285506,stop,05:00,2026-02-11
LONG,25373.75,25374.386607142857,1.2732142857130384,be,07:35,2026-02-12
LONG,25375.0,25375.619642857142,1.2392857142840512,be,07:40,2026-02-12
LONG,24785.0,24786.75,3.5,be,04:20,2026-02-13
LONG,24797.0,24798.680357142857,3.3607142857144936,be,04:25,2026-02-13
LONG,24910.5,24911.290178571428,1.580357142855064,be,04:30,2026-02-16
LONG,24914.0,24914.741964285713,1.4839285714260768,be,04:35,2026-02-16
SHORT,24607.25,24606.395535714284,1.7089285714318976,be,05:45,2026-02-17
SHORT,24611.0,24610.136607142857,1.7267857142869616,be,05:50,2026-02-17
LONG,24919.25,24921.48214285714,4.464285714282596,be,04:30,2026-02-18
LONG,24931.5,24932.336607142857,1.6732142857144936,be,04:35,2026-02-18
SHORT,24934.75,24869.348214285714,130.80357142857247,stop,04:30,2026-02-19
SHORT,24938.0,24869.60714285714,136.7857142857174,stop,04:35,2026-02-19
LONG,24953.75,24954.65,1.8000000000029104,be,04:10,2026-02-20
LONG,24960.5,24964.589285714286,8.178571428572468,be,04:15,2026-02-20
LONG,24974.5,24975.5375,2.0749999999970896,be,04:10,2026-02-23
LONG,24994.5,24995.523214285713,2.046428571426077,be,04:15,2026-02-23
LONG,24837.5,24838.79107142857,2.582142857143481,be,04:15,2026-02-24
LONG,24837.5,24838.503571428573,2.007142857146391,be,04:50,2026-02-24
LONG,25096.75,25097.288392857143,1.0767857142855064,be,06:35,2026-02-25
LONG,25106.0,25106.555357142857,1.1107142857144936,be,06:40,2026-02-25
LONG,25393.25,25393.91607142857,1.3321428571434808,be,04:45,2026-02-26
LONG,25398.75,25373.0,-51.5,stop,04:50,2026-02-26
LONG,25092.0,25092.930357142857,1.8607142857144936,be,04:20,2026-02-27
SHORT,25031.0,25030.097321428573,1.8053571428536088,be,04:45,2026-02-27
LONG,24617.5,24619.496428571427,3.992857142853609,be,04:10,2026-03-02
LONG,24618.0,24619.89285714286,3.785714285717404,be,04:15,2026-03-02
SHORT,24502.75,24500.644642857143,4.210714285713038,be,04:35,2026-03-03
SHORT,24502.0,24499.813392857144,4.373214285711583,be,04:45,2026-03-03
LONG,24692.75,24694.77857142857,4.057142857142026,be,04:15,2026-03-04
LONG,24699.5,24701.520535714284,4.041071428568102,be,04:20,2026-03-04
LONG,25162.5,25164.558035714286,4.116071428572468,be,04:10,2026-03-05
LONG,25183.75,25103.85714285714,-159.7857142857174,stop,04:15,2026-03-05
SHORT,25017.5,25015.938392857144,3.123214285711583,be,04:10,2026-03-06
SHORT,25026.25,25024.708035714284,3.0839285714318976,be,04:15,2026-03-06
LONG,24328.5,24330.59107142857,4.182142857142026,be,04:35,2026-03-09
LONG,24316.25,24318.350892857143,4.201785714285506,be,04:40,2026-03-09
LONG,25138.5,25072.464285714286,-132.07142857142753,stop,04:10,2026-03-10
LONG,25112.75,25114.35982142857,3.2196428571405704,be,04:15,2026-03-10
SHORT,24931.25,24929.711607142857,3.0767857142855064,be,05:05,2026-03-11
SHORT,24943.0,24941.435714285715,3.1285714285695576,be,05:10,2026-03-11
LONG,24899.0,24860.964285714286,-76.07142857142753,stop,04:10,2026-03-12
LONG,24879.5,24880.474107142858,1.9482142857159488,be,04:15,2026-03-12
SHORT,24408.0,24406.692857142858,2.614285714284051,be,04:10,2026-03-13
SHORT,24409.5,24459.214285714286,-99.42857142857247,stop,04:15,2026-03-13
SHORT,24498.75,24497.45892857143,2.582142857143481,be,04:50,2026-03-16
SHORT,24502.25,24500.810714285715,2.8785714285695576,be,05:10,2026-03-16
LONG,24626.75,24627.941071428573,2.382142857146391,be,05:30,2026-03-17
LONG,24625.25,24626.378571428573,2.257142857146391,be,05:35,2026-03-17
LONG,24972.25,24972.883035714287,1.2660714285739232,be,06:20,2026-03-18
LONG,24971.75,24972.34375,1.1875,be,06:25,2026-03-18
SHORT,24322.0,24320.474107142858,3.051785714284051,be,04:35,2026-03-19
SHORT,24311.0,24309.45892857143,3.082142857143481,be,04:40,2026-03-19
LONG,24394.5,24395.548214285714,2.096428571428987,be,04:10,2026-03-20
LONG,24394.75,24358.071428571428,-73.35714285714494,stop,04:15,2026-03-20
LONG,23917.25,23919.42767857143,4.355357142856519,be,04:15,2026-03-23
LONG,23933.0,23935.07767857143,4.15535714285943,be,04:35,2026-03-23
SHORT,24345.75,24343.410714285714,4.678571428572468,be,05:10,2026-03-24
SHORT,24306.75,24383.071428571428,-152.64285714285506,stop,05:15,2026-03-24
LONG,24480.25,24481.608035714286,2.716071428571013,be,04:10,2026-03-25
LONG,24497.0,24499.75,5.5,be,04:15,2026-03-25
SHORT,24192.5,24190.980357142857,3.0392857142869616,be,04:30,2026-03-26
SHORT,24195.75,24188.321428571428,14.857142857144936,be,04:40,2026-03-26
SHORT,23830.25,23829.10982142857,2.2803571428594296,be,04:10,2026-03-27
SHORT,23836.25,23829.053571428572,14.392857142855064,stop,04:15,2026-03-27
LONG,23420.25,23421.423214285714,2.346428571428987,be,04:15,2026-03-30
LONG,23424.25,23425.399107142857,2.2982142857144936,be,04:20,2026-03-30
LONG,23380.5,23319.10714285714,-122.7857142857174,stop,04:10,2026-03-31
LONG,23381.5,23383.595535714285,4.191071428569558,be,07:45,2026-03-31
SHORT,24054.5,24053.182142857142,2.635714285715949,be,04:10,2026-04-01
SHORT,24048.75,24101.0,-104.5,stop,04:15,2026-04-01
SHORT,23788.25,23787.344642857144,1.8107142857115832,be,06:15,2026-04-02
SHORT,23785.25,23784.320535714287,1.8589285714260768,be,06:20,2026-04-02
LONG,24328.5,24329.70535714286,2.410714285717404,be,04:10,2026-04-06
LONG,24328.5,24329.636607142857,2.2732142857130384,be,04:15,2026-04-06
LONG,24290.0,24341.321428571428,102.64285714285506,stop,04:10,2026-04-07
LONG,24314.5,24315.889285714286,2.778571428571013,be,04:15,2026-04-07
LONG,25215.75,25216.80982142857,2.1196428571420256,be,05:00,2026-04-08
LONG,25211.75,25220.535714285714,17.571428571427532,stop,05:05,2026-04-08
SHORT,24962.75,24961.81517857143,1.8696428571420256,be,04:10,2026-04-09
SHORT,24957.0,24956.100892857143,1.7982142857144936,be,04:15,2026-04-09
SHORT,25217.5,25216.816071428573,1.3678571428536088,be,04:15,2026-04-10
SHORT,25212.5,25211.805357142857,1.3892857142855064,be,04:20,2026-04-10
LONG,25156.25,25171.5625,30.625,stop,07:00,2026-04-13
LONG,25171.75,25172.423214285714,1.3464285714289872,be,07:05,2026-04-13
LONG,25644.5,25645.304464285713,1.6089285714260768,be,04:30,2026-04-14
LONG,25648.0,25648.75625,1.5124999999970896,be,04:40,2026-04-14
LONG,26011.0,26029.04464285714,36.089285714282596,stop,04:15,2026-04-15
LONG,26012.5,26028.946428571428,32.892857142855064,stop,04:25,2026-04-15
SHORT,26436.5,26435.85892857143,1.2821428571405704,be,04:10,2026-04-16
SHORT,26428.75,26428.0875,1.3249999999970896,be,04:15,2026-04-16
LONG,26497.75,26498.308928571427,1.1178571428536088,be,04:30,2026-04-17
LONG,26500.0,26512.196428571428,24.392857142855064,stop,04:35,2026-04-17
SHORT,26624.75,26672.35714285714,-95.2142857142826,stop,04:10,2026-04-20
LONG,26722.5,26723.157142857144,1.3142857142884168,be,06:10,2026-04-20
SHORT,26801.0,26827.10714285714,-52.214285714282596,stop,04:15,2026-04-21
LONG,26848.0,26848.69017857143,1.3803571428579744,be,04:45,2026-04-21
SHORT,26825.0,26791.008928571428,67.98214285714494,stop,04:20,2026-04-22
SHORT,26814.0,26813.245535714286,1.508928571427532,be,04:25,2026-04-22
SHORT,26962.5,26961.519642857143,1.9607142857130384,be,04:10,2026-04-23
SHORT,26970.25,26969.254464285714,1.991071428572468,be,04:15,2026-04-23
LONG,27129.75,27130.633035714287,1.7660714285739232,be,04:20,2026-04-24
LONG,27131.75,27093.0,-77.5,stop,04:25,2026-04-24
SHORT,27394.5,27393.62232142857,1.7553571428579744,be,04:10,2026-04-27
SHORT,27390.5,27424.428571428572,-67.85714285714494,stop,04:15,2026-04-27
SHORT,27314.0,27313.07857142857,1.8428571428594296,be,04:10,2026-04-28
SHORT,27315.25,27351.89285714286,-73.2857142857174,stop,04:15,2026-04-28
SHORT,27209.0,27207.98660714286,2.026785714282596,be,04:15,2026-04-29
LONG,27389.75,27390.9125,2.3249999999970896,be,04:40,2026-04-30
LONG,27384.25,27385.410714285714,2.321428571427532,be,04:45,2026-04-30
SHORT,27566.75,27566.030357142856,1.4392857142884168,be,04:40,2026-05-01
SHORT,27564.5,27563.798214285714,1.4035714285710128,be,04:45,2026-05-01
SHORT,27878.0,27917.35714285714,-78.7142857142826,stop,04:20,2026-05-04
SHORT,27784.25,27690.714285714286,187.07142857142753,stop,06:05,2026-05-04
LONG,27926.5,27927.36517857143,1.7303571428565192,be,04:15,2026-05-05
LONG,27928.75,27929.617857142857,1.7357142857144936,be,04:40,2026-05-05
LONG,28359.75,28360.541964285716,1.5839285714318976,be,04:40,2026-05-06
LONG,28362.25,28362.998214285715,1.4964285714304424,be,04:45,2026-05-06
SHORT,28726.75,28725.550892857143,2.3982142857130384,be,05:05,2026-05-07
SHORT,28715.75,28714.84375,1.8125,be,06:05,2026-05-07
LONG,28850.25,28851.149107142857,1.7982142857144936,be,04:10,2026-05-08
LONG,28847.5,28848.385714285716,1.7714285714318976,be,04:15,2026-05-08
SHORT,29278.75,29277.754464285714,1.991071428572468,be,04:10,2026-05-11
SHORT,29277.75,29276.73482142857,2.0303571428594296,be,04:15,2026-05-11
SHORT,29153.25,29152.141964285714,2.216071428571013,be,07:15,2026-05-12
SHORT,29143.5,29142.355357142857,2.2892857142869616,be,07:20,2026-05-12
LONG,29401.25,29406.696428571428,10.892857142855064,be,04:10,2026-05-13
LONG,29422.75,29425.625,5.75,be,04:15,2026-05-13
SHORT,29556.0,29554.625892857144,2.748214285711583,be,04:45,2026-05-14
SHORT,29550.25,29496.946428571428,106.60714285714494,stop,04:50,2026-05-14
SHORT,29355.75,29354.130357142858,3.239285714284051,be,04:10,2026-05-15
SHORT,29342.75,29307.1875,71.125,stop,04:15,2026-05-15
LONG,29176.75,29214.071428571428,74.64285714285506,stop,04:10,2026-05-18
LONG,29203.0,29204.858035714286,3.716071428571013,be,04:25,2026-05-18
SHORT,29004.75,29003.284821428573,2.930357142853609,be,04:25,2026-05-19
SHORT,28990.25,28988.735714285714,3.028571428571013,be,04:30,2026-05-19
LONG,29079.5,29080.744642857142,2.489285714284051,be,04:15,2026-05-20
LONG,29085.5,29086.764285714286,2.528571428571013,be,04:20,2026-05-20
LONG,29371.5,29438.26785714286,133.5357142857174,stop,04:10,2026-05-21
LONG,29432.75,29434.398214285713,3.296428571426077,be,04:15,2026-05-21
LONG,29596.75,29598.0,2.5,be,04:10,2026-05-22
LONG,29595.5,29622.946428571428,54.892857142855064,stop,04:15,2026-05-22
LONG,29839.5,29840.391964285714,1.7839285714289872,be,05:30,2026-05-26
LONG,29838.5,29839.373214285715,1.7464285714304424,be,05:35,2026-05-26
LONG,30154.0,30154.89642857143,1.7928571428565192,be,04:10,2026-05-27
LONG,30166.25,30184.0,35.5,stop,04:15,2026-05-27
LONG,29966.25,29967.459821428572,2.419642857144936,be,04:15,2026-05-28
LONG,29971.5,29972.635714285716,2.2714285714318976,be,04:20,2026-05-28
LONG,30360.75,30361.691071428573,1.8821428571463912,be,05:15,2026-05-29
LONG,30364.75,30327.39285714286,-74.7142857142826,stop,05:20,2026-05-29
SHORT,30477.5,30476.476785714287,2.046428571426077,be,04:10,2026-06-01
SHORT,30475.75,30474.738392857143,2.0232142857130384,be,04:15,2026-06-01
LONG,30558.25,30559.130357142858,1.7607142857159488,be,04:10,2026-06-02
LONG,30555.75,30556.65892857143,1.8178571428579744,be,04:15,2026-06-02
LONG,29361.5,29363.349107142858,3.698214285715949,be,07:15,2026-06-08
LONG,29376.75,29378.67142857143,3.8428571428594296,be,07:20,2026-06-08
LONG,29693.75,29694.65625,1.8125,be,06:05,2026-06-09
LONG,29691.0,29692.33035714286,2.660714285717404,be,07:05,2026-06-09
LONG,28914.0,28915.81875,3.6374999999970896,be,04:10,2026-06-11
LONG,28915.0,28916.798214285714,3.596428571428987,be,04:15,2026-06-11
LONG,29464.25,29466.35982142857,4.21964285714057,be,04:10,2026-06-12
LONG,29467.25,29517.633928571428,100.76785714285506,stop,04:15,2026-06-12
LONG,30276.5,30277.813392857144,2.626785714288417,be,04:10,2026-06-15
LONG,30279.5,30309.73214285714,60.464285714282596,stop,04:15,2026-06-15
LONG,30573.0,30574.063392857144,2.126785714288417,be,04:10,2026-06-16
LONG,30567.25,30588.508928571428,42.517857142855064,stop,04:15,2026-06-16
SHORT,30215.25,30214.209821428572,2.080357142855064,be,04:20,2026-06-17
SHORT,30219.75,30218.707142857143,2.0857142857130384,be,04:25,2026-06-17
LONG,30172.5,30173.66607142857,2.332142857143481,be,04:10,2026-06-18
LONG,30168.25,30121.285714285714,-93.92857142857247,stop,04:15,2026-06-18
LONG,30640.25,30641.332142857143,2.1642857142869616,be,04:20,2026-06-19
LONG,30640.5,30641.54910714286,2.098214285717404,be,04:25,2026-06-19
SHORT,30718.75,30717.71875,2.0625,be,04:10,2026-06-22
SHORT,30726.5,30716.678571428572,19.642857142855064,stop,04:15,2026-06-22
SHORT,29852.25,29849.699107142857,5.101785714286962,be,04:15,2026-06-23
SHORT,29809.25,29806.79910714286,4.901785714282596,be,04:20,2026-06-23
LONG,29857.5,29787.214285714286,-140.57142857142753,stop,04:15,2026-06-24
LONG,29852.25,29783.89285714286,-136.7142857142826,stop,04:35,2026-06-24
LONG,30205.0,30206.139285714286,2.278571428571013,be,04:10,2026-06-25
LONG,30186.75,30143.678571428572,-86.14285714285506,stop,07:05,2026-06-25
SHORT,29413.5,29410.60714285714,5.785714285717404,be,04:50,2026-06-26
SHORT,29386.0,29384.027678571427,3.944642857146391,be,04:55,2026-06-26
LONG,29713.75,29715.38482142857,3.269642857143481,be,04:20,2026-06-29
LONG,29714.25,29715.829464285714,3.158928571428987,be,04:25,2026-06-29
SHORT,30036.5,30035.023214285713,2.953571428573923,be,04:40,2026-06-30
SHORT,30047.5,30045.957142857143,3.0857142857130384,be,04:45,2026-06-30
LONG,30394.75,30395.525892857142,1.5517857142840512,be,06:30,2026-07-01
LONG,30395.25,30422.25,54.0,stop,06:50,2026-07-01
LONG,29988.25,29990.38482142857,4.269642857143481,be,04:35,2026-07-02
LONG,29998.5,30000.598214285714,4.196428571427532,be,04:40,2026-07-02
LONG,29877.5,29878.548214285714,2.096428571428987,be,05:15,2026-07-03
LONG,29880.5,29881.510714285716,2.0214285714318976,be,05:20,2026-07-03
SHORT,29815.25,29813.834821428572,2.830357142855064,be,04:20,2026-07-06
LONG,29883.5,29884.58392857143,2.167857142856519,be,05:55,2026-07-06
SHORT,29636.5,29635.4125,2.1750000000029104,be,05:35,2026-07-07
SHORT,29634.5,29677.035714285714,-85.07142857142753,stop,05:50,2026-07-07
SHORT,29264.75,29071.428571428572,386.64285714285506,stop,04:20,2026-07-08
SHORT,29126.25,29123.561607142856,5.376785714288417,be,04:25,2026-07-08
LONG,29729.5,29674.10714285714,-110.7857142857174,stop,04:10,2026-07-09
LONG,29715.25,29716.63839285714,2.776785714282596,be,04:20,2026-07-09
LONG,29826.25,29827.386607142857,2.2732142857130384,be,05:40,2026-07-10
LONG,29830.0,29831.104464285716,2.2089285714318976,be,06:05,2026-07-10
LONG,29705.25,29706.680357142857,2.8607142857144936,be,04:15,2026-07-13
LONG,29717.0,29718.398214285713,2.796428571426077,be,04:20,2026-07-13
LONG,29624.5,29625.933928571427,2.867857142853609,be,05:15,2026-07-14
LONG,29635.25,29636.691071428573,2.882142857146391,be,07:20,2026-07-14
SHORT,29927.0,29925.491964285713,3.016071428573923,be,04:10,2026-07-15
SHORT,29918.0,29916.566071428573,2.867857142853609,be,04:15,2026-07-15
SHORT,29527.75,29516.571428571428,22.357142857144936,stop,04:10,2026-07-16
SHORT,29491.5,29490.089285714286,2.821428571427532,be,04:15,2026-07-16
SHORT,28676.5,28608.29464285714,136.4107142857174,stop,04:15,2026-07-17
SHORT,28592.0,28590.060714285715,3.8785714285695576,be,04:20,2026-07-17
LONG,28926.75,28928.416964285716,3.3339285714318976,be,04:15,2026-07-20
LONG,28941.5,28985.026785714286,87.05357142857247,stop,05:45,2026-07-20
LONG,29168.75,29169.8125,2.125,be,04:30,2026-07-21
LONG,29161.0,29162.008928571428,2.017857142855064,be,04:40,2026-07-21
LONG,29131.75,29133.116964285713,2.733928571426077,be,05:05,2026-07-22
LONG,29137.0,29138.38839285714,2.776785714282596,be,05:10,2026-07-22
LONG,29103.25,29104.845535714285,3.1910714285695576,be,05:00,2026-07-23
LONG,29127.0,29060.535714285714,-132.92857142857247,stop,05:05,2026-07-23
LONG,28677.0,28678.399107142857,2.7982142857144936,be,05:10,2026-07-24
LONG,28673.5,28674.866964285713,2.733928571426077,be,05:30,2026-07-24
LONG,28737.0,28738.191071428573,2.382142857146391,be,04:45,2026-07-27
LONG,28743.25,28744.394642857143,2.2892857142869616,be,04:55,2026-07-27
SHORT,27899.0,27897.45089285714,3.098214285717404,be,04:10,2026-07-28
SHORT,27888.5,27949.321428571428,-121.64285714285506,stop,04:15,2026-07-28
SHORT,27859.75,27855.89285714286,7.714285714282596,be,04:15,2026-07-29
SHORT,27867.75,27866.233035714286,3.033928571428987,be,04:20,2026-07-29
LONG,27536.25,27538.150892857142,3.801785714284051,be,05:15,2026-07-30
LONG,27540.0,27541.64017857143,3.2803571428594296,be,05:20,2026-07-30
LONG,28593.25,28595.04642857143,3.5928571428594296,be,04:20,2026-07-31
LONG,28598.25,28600.008035714287,3.516071428573923,be,04:30,2026-07-31
SHORT,28540.25,28491.526785714286,97.44642857142753,stop,04:10,2026-08-03
SHORT,28513.5,28507.64285714286,11.714285714282596,be,04:20,2026-08-03
LONG,29118.5,29119.89285714286,2.785714285717404,be,04:10,2026-08-04
LONG,29119.0,29120.274107142857,2.5482142857144936,be,04:20,2026-08-04
SHORT,29864.75,29834.660714285714,60.17857142857247,stop,04:15,2026-08-05
SHORT,29855.25,29826.375,57.75,stop,04:20,2026-08-05
LONG,29608.75,29609.71875,1.9375,be,04:10,2026-08-07
LONG,29624.75,29625.7,1.9000000000014552,be,04:15,2026-08-07
SHORT,29876.25,29875.241964285713,2.016071428573923,be,07:10,2026-08-10
SHORT,29876.5,29875.47142857143,2.0571428571420256,be,07:15,2026-08-10
SHORT,29722.5,29770.464285714286,-95.92857142857247,stop,04:35,2026-08-11
SHORT,29720.5,29769.14285714286,-97.2857142857174,stop,05:10,2026-08-11
LONG,29767.0,29767.666964285716,1.3339285714318976,be,04:10,2026-08-12
LONG,29771.5,29785.35714285714,27.714285714282596,stop,04:15,2026-08-12
SHORT,29838.5,29837.647321428572,1.705357142855064,be,04:15,2026-08-13
SHORT,29832.25,29831.41607142857,1.6678571428565192,be,05:15,2026-08-13
LONG,30227.25,30227.994642857142,1.4892857142840512,be,04:10,2026-08-14
LONG,30213.5,30215.946428571428,4.892857142855064,be,04:15,2026-08-14
