side,entry,exit,pnl,reason,time,d
LONG,13721.75,13739.089285714286,62.88,stop,04:10,2021-06-01
LONG,13718.0,13739.964285714286,81.38,stop,04:50,2021-06-01
LONG,13666.0,13666.333035714286,-5.15,be,04:45,2021-06-03
LONG,13666.25,13666.58125,-5.16,be,04:50,2021-06-03
LONG,13545.25,13545.769642857143,-4.4,be,07:05,2021-06-04
LONG,13549.5,13550.029464285713,-4.36,be,07:15,2021-06-04
SHORT,13708.75,13708.335714285715,-4.82,be,05:15,2021-06-07
SHORT,13703.5,13702.875,-3.98,be,05:25,2021-06-07
LONG,13833.0,13842.723214285714,32.41,stop,05:00,2021-06-08
LONG,13836.75,13837.157142857142,-4.85,be,05:05,2021-06-08
LONG,13848.25,13848.548214285714,-5.29,be,06:50,2021-06-09
LONG,13849.0,13849.282142857142,-5.35,be,06:55,2021-06-09
SHORT,13766.0,13786.17857142857,-87.19,stop,04:30,2021-06-10
SHORT,13772.0,13771.607142857143,-4.91,be,05:50,2021-06-10
SHORT,13951.0,13950.661607142858,-5.13,be,04:10,2021-06-11
SHORT,13949.5,13962.82142857143,-59.77,stop,04:30,2021-06-11
LONG,14040.5,14040.722321428571,-5.59,be,06:45,2021-06-14
LONG,14040.75,14040.966071428571,-5.62,be,06:50,2021-06-14
SHORT,14142.25,14141.517857142857,-3.55,be,05:35,2021-06-15
SHORT,14140.75,14133.776785714286,21.41,stop,05:40,2021-06-15
SHORT,14036.0,14047.0,-50.48,stop,04:30,2021-06-16
SHORT,14038.75,14038.482142857143,-5.41,be,04:35,2021-06-16
SHORT,13888.75,13888.2375,-4.43,be,04:45,2021-06-17
SHORT,13887.0,13886.480357142857,-4.4,be,04:50,2021-06-17
SHORT,14179.0,14173.32142857143,16.23,stop,07:10,2021-06-18
SHORT,14173.25,14155.357142857143,65.09,stop,07:15,2021-06-18
LONG,14116.75,14117.333035714286,-4.15,be,05:15,2021-06-21
LONG,14116.0,14116.626785714287,-3.97,be,05:25,2021-06-21
LONG,14126.75,14137.330357142857,35.84,stop,06:10,2021-06-22
LONG,14131.0,14133.107142857143,1.95,be,06:45,2021-06-22
SHORT,14255.5,14255.111607142857,-4.93,be,05:05,2021-06-23
SHORT,14257.75,14244.544642857143,46.34,stop,07:20,2021-06-23
LONG,14332.0,14332.409821428571,-4.84,be,04:10,2021-06-24
LONG,14331.0,14342.92857142857,41.23,stop,04:15,2021-06-24
LONG,14367.0,14367.325892857143,-5.18,be,04:10,2021-06-25
LONG,14363.25,14369.92857142857,20.23,stop,04:15,2021-06-25
SHORT,14474.25,14473.84375,-4.86,be,04:10,2021-06-29
SHORT,14470.5,14486.17857142857,-69.19,stop,04:15,2021-06-29
SHORT,14567.5,14561.482142857143,17.59,stop,04:15,2021-06-30
SHORT,14559.0,14558.673214285714,-5.17,be,04:20,2021-06-30
SHORT,14539.25,14538.846428571429,-4.87,be,05:25,2021-07-01
SHORT,14542.75,14542.322321428572,-4.77,be,05:45,2021-07-01
LONG,14593.75,14606.92857142857,46.23,stop,07:45,2021-07-02
LONG,14598.5,14598.819642857143,-5.2,be,07:50,2021-07-02
LONG,14699.75,14700.025,-5.38,be,05:25,2021-07-05
LONG,14700.25,14700.517857142857,-5.41,be,05:35,2021-07-05
LONG,14704.25,14704.697321428572,-4.69,be,04:15,2021-07-06
LONG,14704.0,14704.425,-4.78,be,04:20,2021-07-06
LONG,14849.25,14849.849107142858,-4.08,be,04:10,2021-07-07
LONG,14854.5,14855.047321428572,-4.29,be,04:15,2021-07-07
SHORT,14647.25,14646.124107142858,-1.98,be,04:30,2021-07-08
SHORT,14647.25,14646.1375,-2.03,be,04:35,2021-07-08
SHORT,14680.25,14679.660714285714,-4.12,be,06:05,2021-07-09
SHORT,14677.25,14676.6375,-4.03,be,06:10,2021-07-09
LONG,14836.25,14836.760714285714,-4.44,be,04:50,2021-07-12
LONG,14840.25,14840.751785714287,-4.47,be,04:55,2021-07-12
LONG,14873.0,14873.249107142858,-5.48,be,04:20,2021-07-13
LONG,14876.0,14876.270535714286,-5.4,be,04:25,2021-07-13
LONG,14894.25,14910.651785714286,59.13,stop,05:05,2021-07-14
LONG,14913.0,14913.526785714286,-4.37,be,05:10,2021-07-14
LONG,14934.75,14953.38392857143,68.06,stop,04:10,2021-07-15
LONG,14947.5,14948.138392857143,-3.93,be,04:15,2021-07-15
LONG,14817.5,14817.917857142857,-4.81,be,07:00,2021-07-16
LONG,14820.0,14820.423214285714,-4.79,be,07:05,2021-07-16
SHORT,14620.5,14619.773214285715,-3.57,be,04:40,2021-07-19
SHORT,14626.25,14621.80357142857,11.31,be,04:50,2021-07-19
SHORT,14595.25,14594.778571428571,-4.59,be,05:50,2021-07-20
SHORT,14594.25,14593.746428571429,-4.47,be,05:55,2021-07-20
LONG,14747.25,14747.85,-4.08,be,04:20,2021-07-21
LONG,14761.0,14736.32142857143,-105.19,stop,04:25,2021-07-21
SHORT,14850.25,14849.8875,-5.03,be,04:40,2021-07-22
SHORT,14852.0,14851.66875,-5.16,be,04:45,2021-07-22
LONG,14999.25,14999.666071428572,-4.82,be,04:10,2021-07-23
LONG,15004.0,15004.4,-4.88,be,04:15,2021-07-23
SHORT,15043.75,15043.2,-4.28,be,04:10,2021-07-26
SHORT,15045.5,15044.969642857142,-4.36,be,04:15,2021-07-26
LONG,15103.5,15103.88125,-4.95,be,06:05,2021-07-27
LONG,15102.5,15102.873214285713,-4.99,be,06:10,2021-07-27
LONG,14943.0,14984.49107142857,159.48,stop,04:10,2021-07-28
LONG,14950.75,14984.642857142857,129.09,stop,04:15,2021-07-28
SHORT,14992.75,14992.330357142857,-4.8,be,04:25,2021-07-29
SHORT,14998.0,14997.577678571428,-4.79,be,04:30,2021-07-29
LONG,14859.0,14859.575892857143,-4.18,be,04:15,2021-07-30
LONG,14861.75,14862.301785714286,-4.27,be,04:20,2021-07-30
SHORT,15032.5,15032.202678571428,-5.29,be,04:25,2021-08-02
SHORT,15033.5,15033.215178571429,-5.34,be,04:30,2021-08-02
SHORT,14967.75,14967.49375,-5.45,be,05:15,2021-08-03
SHORT,14963.25,14962.994642857142,-5.46,be,05:20,2021-08-03
SHORT,15045.25,15058.82142857143,-60.77,stop,04:10,2021-08-04
SHORT,15046.75,15036.86607142857,33.06,stop,07:30,2021-08-04
LONG,15098.25,15098.466964285713,-5.61,be,05:20,2021-08-05
LONG,15098.75,15098.970535714287,-5.6,be,05:25,2021-08-05
LONG,15154.5,15154.711607142857,-5.63,be,04:50,2021-08-06
LONG,15154.75,15155.67857142857,-2.77,be,04:55,2021-08-06
LONG,15095.0,15095.363392857143,-5.03,be,04:20,2021-08-09
LONG,15091.75,15092.099107142858,-5.08,be,04:25,2021-08-09
LONG,15143.25,15143.458035714286,-5.65,be,05:35,2021-08-10
LONG,15145.0,15145.20625,-5.66,be,05:40,2021-08-10
SHORT,14984.25,14999.5,-67.48,stop,05:20,2021-08-11
SHORT,14991.25,14990.846428571429,-4.87,be,05:25,2021-08-11
LONG,14997.5,14997.773214285715,-5.39,be,04:25,2021-08-12
LONG,15002.0,15004.464285714286,3.38,stop,04:30,2021-08-12
SHORT,15077.0,15072.8125,10.27,stop,07:15,2021-08-13
SHORT,15074.75,15074.570535714285,-5.76,be,07:20,2021-08-13
SHORT,15079.5,15066.017857142857,47.45,stop,06:20,2021-08-16
SHORT,15067.0,15066.640178571428,-5.04,be,06:25,2021-08-16
LONG,15024.75,15025.144642857143,-4.9,be,06:55,2021-08-18
LONG,15027.5,15010.892857142857,-72.91,stop,07:10,2021-08-18
SHORT,14720.5,14719.765178571428,-3.54,be,04:20,2021-08-19
SHORT,14715.0,14714.292857142857,-3.65,be,04:25,2021-08-19
SHORT,15358.5,15353.44642857143,13.73,stop,05:40,2021-08-24
SHORT,15351.75,15351.482142857143,-5.41,be,05:45,2021-08-24
LONG,15381.25,15381.577678571428,-5.17,be,04:15,2021-08-25
LONG,15387.5,15373.357142857143,-63.05,stop,04:20,2021-08-25
LONG,15341.25,15350.82142857143,31.81,stop,07:20,2021-08-26
LONG,15352.25,15352.52232142857,-5.39,be,07:25,2021-08-26
SHORT,15315.5,15315.20625,-5.3,be,04:30,2021-08-27
SHORT,15312.75,15312.497321428571,-5.47,be,07:50,2021-08-27
LONG,15449.25,15449.502678571429,-5.47,be,04:10,2021-08-30
LONG,15449.75,15450.004464285714,-5.46,be,04:20,2021-08-30
SHORT,15652.75,15652.460714285715,-5.32,be,04:40,2021-08-31
SHORT,15652.0,15651.717857142858,-5.35,be,04:45,2021-08-31
SHORT,15616.0,15615.69642857143,-5.27,be,04:10,2021-09-01
SHORT,15608.25,15607.92857142857,-5.19,be,04:15,2021-09-01
LONG,15644.0,15644.279464285713,-5.36,be,04:10,2021-09-02
LONG,15638.75,15639.033035714287,-5.35,be,04:15,2021-09-02
LONG,15627.0,15627.269642857143,-5.4,be,04:10,2021-09-03
LONG,15627.25,15617.142857142857,-46.91,stop,04:15,2021-09-03
SHORT,15661.5,15659.94642857143,-0.27,be,04:10,2021-09-07
SHORT,15669.0,15668.60625,-4.91,be,04:15,2021-09-07
LONG,15678.25,15664.0,-63.48,stop,07:15,2021-09-08
LONG,15673.5,15673.85,-5.08,be,07:20,2021-09-08
LONG,15595.5,15581.964285714286,-60.62,stop,05:35,2021-09-09
LONG,15595.0,15595.345535714287,-5.1,be,05:40,2021-09-09
LONG,15614.0,15614.344642857142,-5.1,be,04:10,2021-09-10
LONG,15611.0,15619.767857142857,28.59,stop,04:15,2021-09-10
LONG,15497.75,15500.910714285714,6.16,stop,04:10,2021-09-13
LONG,15505.25,15505.648214285715,-4.89,be,04:15,2021-09-13
LONG,15437.5,15438.021428571428,-4.39,be,04:30,2021-09-14
LONG,15440.5,15440.965178571429,-4.62,be,04:35,2021-09-14
LONG,15432.25,15432.525,-5.38,be,04:30,2021-09-15
LONG,15435.75,15436.005357142858,-5.46,be,04:35,2021-09-15
SHORT,15480.75,15480.402678571429,-5.09,be,04:55,2021-09-16
SHORT,15481.75,15481.403571428571,-5.09,be,05:10,2021-09-16
SHORT,15498.75,15498.566964285714,-5.75,be,05:15,2021-09-17
SHORT,15502.5,15502.30357142857,-5.69,be,05:20,2021-09-17
SHORT,15164.25,15163.192857142858,-2.25,be,04:15,2021-09-20
SHORT,15159.75,15158.705357142857,-2.3,be,04:20,2021-09-20
LONG,15150.5,15151.127678571429,-3.97,be,04:15,2021-09-21
LONG,15153.5,15154.09375,-4.11,be,04:35,2021-09-21
LONG,15261.25,15261.858035714286,-4.05,be,04:10,2021-09-23
LONG,15265.5,15268.07142857143,3.81,be,04:20,2021-09-23
SHORT,15216.0,15246.285714285714,-127.62,stop,04:25,2021-09-24
SHORT,15214.25,15235.75,-92.48,stop,06:00,2021-09-24
SHORT,15332.75,15332.407142857142,-5.11,be,04:20,2021-09-27
SHORT,15330.5,15330.15,-5.08,be,04:25,2021-09-27
SHORT,14973.25,14972.074107142857,-1.78,be,04:10,2021-09-28
SHORT,14976.5,14975.360714285714,-1.92,be,04:15,2021-09-28
SHORT,14806.25,14793.67857142857,43.81,stop,05:45,2021-09-30
SHORT,14808.75,14808.188392857142,-4.23,be,05:50,2021-09-30
LONG,14663.75,14664.391071428572,-3.92,be,07:05,2021-10-01
LONG,14668.25,14709.723214285714,159.41,stop,07:10,2021-10-01
LONG,14701.25,14702.140178571428,-2.92,be,05:05,2021-10-04
LONG,14699.5,14700.402678571429,-2.87,be,05:10,2021-10-04
LONG,14540.0,14540.784821428571,-3.34,be,05:05,2021-10-05
LONG,14539.0,14539.713392857142,-3.63,be,05:10,2021-10-05
SHORT,14466.0,14464.933928571429,-2.22,be,04:10,2021-10-06
SHORT,14466.5,14465.533035714287,-2.61,be,04:50,2021-10-06
LONG,14900.25,14900.769642857143,-4.4,be,04:35,2021-10-07
LONG,14905.0,14905.501785714287,-4.47,be,04:40,2021-10-07
SHORT,14719.25,14718.758035714285,-4.51,be,06:35,2021-10-11
SHORT,14719.0,14718.511607142857,-4.53,be,06:40,2021-10-11
LONG,14673.75,14674.521428571428,-3.39,be,04:25,2021-10-12
LONG,14671.75,14672.509821428572,-3.44,be,04:30,2021-10-12
LONG,14689.5,14690.226785714285,-3.57,be,04:20,2021-10-13
LONG,14698.5,14699.220535714287,-3.6,be,04:25,2021-10-13
LONG,14880.75,14881.339285714286,-4.12,be,04:10,2021-10-14
LONG,14893.0,14893.586607142857,-4.13,be,04:15,2021-10-14
LONG,15087.0,15072.357142857143,-65.05,stop,06:05,2021-10-15
LONG,15085.0,15085.38125,-4.95,be,06:15,2021-10-15
LONG,15087.75,15088.482142857143,-3.55,be,04:10,2021-10-18
LONG,15088.0,15088.724107142858,-3.58,be,04:15,2021-10-18
LONG,15334.75,15335.326785714286,-4.17,be,04:10,2021-10-19
LONG,15334.5,15335.060714285713,-4.24,be,04:20,2021-10-19
LONG,15360.25,15349.92857142857,-47.77,stop,06:05,2021-10-21
LONG,15437.0,15437.257142857143,-5.45,be,06:15,2021-10-22
LONG,15437.0,15442.19642857143,14.31,stop,06:20,2021-10-22
LONG,15385.5,15385.957142857143,-4.65,be,04:10,2021-10-25
LONG,15388.5,15388.894642857143,-4.9,be,07:50,2021-10-25
SHORT,15565.5,15533.919642857143,119.84,stop,04:50,2021-10-27
SHORT,15558.25,15534.098214285714,90.13,stop,04:55,2021-10-27
LONG,15642.5,15659.107142857143,59.95,stop,04:40,2021-10-28
LONG,15654.75,15655.245535714286,-4.5,be,04:45,2021-10-28
SHORT,15604.5,15603.95,-4.28,be,06:15,2021-10-29
SHORT,15605.25,15604.707142857143,-4.31,be,06:20,2021-10-29
LONG,15894.0,15894.382142857143,-4.95,be,04:20,2021-11-01
LONG,15895.25,15895.638392857143,-4.93,be,04:25,2021-11-01
SHORT,15872.75,15872.354464285714,-4.9,be,04:10,2021-11-02
SHORT,15875.75,15875.364285714286,-4.94,be,04:15,2021-11-02
LONG,15975.0,15975.314285714287,-5.22,be,04:10,2021-11-03
LONG,15973.75,15974.047321428572,-5.29,be,04:15,2021-11-03
LONG,16188.25,16200.892857142857,44.09,stop,04:10,2021-11-04
LONG,16203.75,16204.067857142858,-5.21,be,04:15,2021-11-04
LONG,16341.75,16342.109821428572,-5.04,be,04:15,2021-11-05
LONG,16343.25,16344.07142857143,-3.19,be,04:20,2021-11-05
LONG,16337.75,16338.297321428572,-4.29,be,04:15,2021-11-08
LONG,16338.0,16338.330357142857,-5.16,be,05:15,2021-11-08
LONG,16343.5,16343.972321428571,-4.59,be,04:15,2021-11-09
LONG,16346.25,16346.644642857143,-4.9,be,04:25,2021-11-09
SHORT,16196.75,16196.248214285713,-4.47,be,04:10,2021-11-10
SHORT,16195.0,16194.519642857143,-4.56,be,04:15,2021-11-10
LONG,16039.5,16059.651785714286,74.13,stop,04:10,2021-11-11
LONG,16057.75,16058.4625,-3.63,be,04:15,2021-11-11
SHORT,16042.75,16059.42857142857,-73.19,stop,05:15,2021-11-12
LONG,16235.5,16223.92857142857,-52.77,stop,05:40,2021-11-15
LONG,16236.0,16226.714285714286,-43.62,stop,06:55,2021-11-15
SHORT,16162.0,16155.107142857143,21.09,stop,05:15,2021-11-16
SHORT,16155.75,16155.422321428572,-5.17,be,05:20,2021-11-16
LONG,16405.5,16405.914285714287,-4.82,be,04:10,2021-11-18
LONG,16403.5,16403.891964285714,-4.91,be,04:15,2021-11-18
LONG,16569.0,16569.363392857143,-5.03,be,04:20,2021-11-19
LONG,16566.5,16566.84642857143,-5.09,be,04:25,2021-11-19
LONG,16642.75,16643.16875,-4.8,be,04:10,2021-11-22
LONG,16642.25,16642.667857142857,-4.81,be,04:15,2021-11-22
LONG,16347.5,16348.054464285715,-4.26,be,06:55,2021-11-23
LONG,16348.75,16367.348214285714,67.91,stop,07:05,2021-11-23
SHORT,16284.5,16283.869642857142,-3.96,be,04:45,2021-11-24
SHORT,16280.5,16264.07142857143,59.23,stop,04:50,2021-11-24
SHORT,16403.0,16392.339285714286,36.16,stop,06:10,2021-11-25
SHORT,16389.25,16388.928571428572,-5.19,be,06:15,2021-11-25
SHORT,16147.25,16145.740178571428,-0.44,be,04:35,2021-11-26
LONG,16232.0,16234.839285714286,4.88,be,07:10,2021-11-26
SHORT,16177.25,16176.369642857142,-2.96,be,04:55,2021-11-29
SHORT,16169.0,16204.107142857143,-146.91,stop,05:00,2021-11-29
SHORT,16285.5,16284.421428571428,-2.17,be,04:10,2021-11-30
SHORT,16292.5,16291.45982142857,-2.32,be,04:15,2021-11-30
LONG,16385.5,16385.960714285713,-4.64,be,06:55,2021-12-01
LONG,16385.5,16385.936607142856,-4.73,be,07:00,2021-12-01
LONG,15966.0,15967.607142857143,-0.05,be,04:10,2021-12-02
LONG,15973.5,15974.589285714286,-2.12,be,04:15,2021-12-02
SHORT,15921.25,15920.479464285714,-3.4,be,05:40,2021-12-03
SHORT,15921.0,15920.225892857143,-3.38,be,05:45,2021-12-03
LONG,15795.25,15796.350892857143,-2.08,be,04:10,2021-12-06
LONG,15804.75,15763.214285714286,-172.62,stop,04:15,2021-12-06
LONG,16106.25,16107.183035714286,-2.75,be,04:10,2021-12-07
LONG,16115.0,16115.899107142857,-2.88,be,04:15,2021-12-07
SHORT,16350.25,16349.725892857143,-4.38,be,05:40,2021-12-08
SHORT,16353.5,16352.960714285715,-4.32,be,05:45,2021-12-08
SHORT,16351.5,16350.99107142857,-4.44,be,04:15,2021-12-09
SHORT,16351.0,16341.107142857143,33.09,stop,04:20,2021-12-09
LONG,16207.5,16210.107142857143,3.95,stop,06:10,2021-12-10
LONG,16207.25,16210.285714285714,5.66,stop,06:15,2021-12-10
LONG,16375.5,16389.491071428572,49.48,stop,04:10,2021-12-13
LONG,16391.5,16392.01339285714,-4.43,be,04:15,2021-12-13
SHORT,16103.75,16103.286607142858,-4.63,be,04:15,2021-12-14
SHORT,16103.25,16102.791964285714,-4.65,be,04:20,2021-12-14
SHORT,15904.0,15879.86607142857,90.06,stop,04:15,2021-12-15
SHORT,15882.75,15861.892857142857,76.95,stop,04:20,2021-12-15
LONG,16416.25,16427.25,37.52,stop,06:00,2021-12-16
LONG,16416.75,16427.116071428572,34.98,stop,06:10,2021-12-16
SHORT,15714.75,15712.160714285714,3.88,be,04:15,2021-12-17
SHORT,15741.5,15797.32142857143,-229.77,stop,04:20,2021-12-17
SHORT,15510.25,15508.983928571428,-1.42,be,04:15,2021-12-20
SHORT,15514.75,15513.520535714286,-1.56,be,04:20,2021-12-20
SHORT,15727.75,15727.041071428572,-3.64,be,04:50,2021-12-21
SHORT,15729.0,15728.276785714286,-3.59,be,05:00,2021-12-21
LONG,15953.0,15953.548214285714,-4.29,be,05:50,2021-12-22
LONG,15953.75,15954.313392857142,-4.23,be,05:55,2021-12-22
LONG,16189.75,16190.054464285715,-5.26,be,05:25,2021-12-23
LONG,16188.0,16188.29375,-5.3,be,05:30,2021-12-23
LONG,16340.75,16341.17857142857,-4.77,be,04:55,2021-12-27
LONG,16342.0,16342.427678571428,-4.77,be,05:00,2021-12-27
LONG,16619.0,16619.595535714285,-4.1,be,04:10,2021-12-28
LONG,16628.75,16629.391964285714,-3.91,be,04:15,2021-12-28
SHORT,16525.5,16525.10892857143,-4.92,be,06:10,2021-12-29
SHORT,16523.75,16523.370535714286,-4.96,be,06:15,2021-12-29
LONG,16522.0,16522.416964285716,-4.81,be,04:10,2021-12-30
LONG,16518.75,16519.151785714286,-4.87,be,04:15,2021-12-30
SHORT,16405.5,16405.102678571428,-4.89,be,04:20,2021-12-31
SHORT,16401.25,16400.838392857142,-4.83,be,04:25,2021-12-31
LONG,16411.75,16412.14375,-4.91,be,05:00,2022-01-03
LONG,16411.0,16418.276785714286,22.63,stop,05:10,2022-01-03
LONG,16546.0,16546.38839285714,-4.93,be,05:25,2022-01-04
LONG,16546.5,16546.883035714287,-4.95,be,05:30,2022-01-04
LONG,16234.25,16234.8875,-3.93,be,04:20,2022-01-05
LONG,16235.25,16252.3125,61.77,stop,04:25,2022-01-05
SHORT,15684.0,15682.95982142857,-2.32,be,06:50,2022-01-06
SHORT,15691.25,15690.286607142858,-2.63,be,07:00,2022-01-06
LONG,15768.75,15769.842857142858,-2.11,be,04:35,2022-01-07
LONG,15767.25,15768.324107142857,-2.18,be,04:40,2022-01-07
SHORT,15513.5,15512.575,-2.78,be,06:40,2022-01-10
SHORT,15516.25,15485.767857142857,115.45,stop,06:45,2022-01-10
LONG,15658.75,15713.285714285714,211.66,stop,04:20,2022-01-11
LONG,15687.5,15712.69642857143,94.31,stop,04:25,2022-01-11
LONG,15880.5,15881.23125,-3.55,be,05:50,2022-01-12
LONG,15879.0,15879.697321428572,-3.69,be,06:05,2022-01-12
SHORT,15467.0,15466.233035714286,-3.41,be,06:40,2022-01-14
SHORT,15468.25,15467.498214285713,-3.47,be,06:45,2022-01-14
LONG,15592.5,15593.219642857142,-3.6,be,04:15,2022-01-17
LONG,15596.5,15597.179464285715,-3.76,be,04:20,2022-01-17
SHORT,15302.0,15300.622321428571,-0.97,be,04:20,2022-01-18
SHORT,15282.5,15281.19642857143,-1.27,be,04:25,2022-01-18
LONG,15199.25,15200.458928571428,-1.64,be,04:10,2022-01-19
LONG,15205.5,15226.9375,79.27,stop,04:20,2022-01-19
LONG,15158.0,15158.69642857143,-3.69,be,06:05,2022-01-20
LONG,15155.0,15155.686607142858,-3.73,be,06:10,2022-01-20
LONG,14807.25,14808.183928571429,-2.74,be,05:20,2022-01-21
LONG,14803.0,14803.926785714286,-2.77,be,05:25,2022-01-21
SHORT,14463.5,14462.177678571428,-1.19,be,04:20,2022-01-24
SHORT,14453.25,14451.939285714287,-1.24,be,04:25,2022-01-24
LONG,14297.5,14352.142857142857,212.09,stop,04:25,2022-01-25
LONG,14324.5,14331.44642857143,21.31,be,04:30,2022-01-25
LONG,14362.25,14363.786607142858,-0.33,be,04:10,2022-01-26
LONG,14381.25,14382.733928571428,-0.54,be,04:15,2022-01-26
LONG,14142.75,14144.925,2.22,be,04:15,2022-01-27
LONG,14150.5,14219.589285714286,269.88,stop,04:20,2022-01-27
SHORT,14002.25,14000.899107142857,-1.08,be,05:40,2022-01-28
SHORT,14007.25,14005.925,-1.18,be,05:55,2022-01-28
LONG,14542.25,14491.57142857143,-209.19,stop,04:15,2022-01-31
LONG,14537.75,14538.994642857142,-1.5,be,04:20,2022-01-31
SHORT,14874.75,14873.641964285714,-2.05,be,04:30,2022-02-01
SHORT,14874.75,14873.636607142857,-2.03,be,04:35,2022-02-01
LONG,15204.75,15205.604464285714,-3.06,be,04:15,2022-02-02
LONG,15196.25,15197.072321428572,-3.19,be,04:20,2022-02-02
SHORT,14801.0,14800.13392857143,-3.02,be,04:45,2022-02-03
SHORT,14798.0,14797.086607142857,-2.83,be,04:55,2022-02-03
SHORT,14688.75,14687.695535714285,-2.26,be,04:25,2022-02-04
SHORT,14686.5,14685.503571428571,-2.49,be,05:00,2022-02-04
LONG,14603.5,14604.49375,-2.51,be,04:20,2022-02-08
LONG,14605.25,14606.244642857142,-2.5,be,04:25,2022-02-08
LONG,14874.75,14875.316071428571,-4.22,be,05:15,2022-02-09
LONG,14873.5,14874.024107142857,-4.38,be,05:20,2022-02-09
SHORT,14588.75,14587.79017857143,-2.64,be,04:50,2022-02-11
SHORT,14586.75,14585.801785714286,-2.69,be,04:55,2022-02-11
SHORT,14062.5,14060.414285714285,1.86,be,04:15,2022-02-14
SHORT,14069.5,14133.07142857143,-260.77,stop,05:05,2022-02-14
LONG,14494.0,14495.825892857143,0.82,be,04:10,2022-02-15
LONG,14526.25,14527.965178571429,0.38,be,04:20,2022-02-15
SHORT,14231.75,14266.5,-145.48,stop,04:15,2022-02-18
SHORT,14234.5,14257.42857142857,-98.19,stop,06:50,2022-02-18
SHORT,13998.0,13996.851785714285,-1.89,be,04:10,2022-02-21
SHORT,14003.5,14002.33482142857,-1.82,be,04:15,2022-02-21
LONG,13744.25,13745.730357142857,-0.56,be,04:30,2022-02-22
LONG,13747.25,13748.7125,-0.63,be,04:35,2022-02-22
LONG,14045.25,14046.116964285715,-3.01,be,04:15,2022-02-23
LONG,14048.75,14049.60625,-3.05,be,04:20,2022-02-23
LONG,13231.0,13148.035714285714,-338.34,stop,04:10,2022-02-24
LONG,13218.75,13136.464285714286,-335.62,stop,04:25,2022-02-24
LONG,13865.75,13867.119642857142,-1.0,be,05:00,2022-02-25
LONG,13863.0,13864.286607142858,-1.33,be,05:05,2022-02-25
LONG,14040.25,13971.392857142857,-281.91,stop,04:10,2022-02-28
LONG,14028.5,14029.596428571429,-2.09,be,07:20,2022-02-28
SHORT,14162.0,14106.0,217.52,stop,04:10,2022-03-01
SHORT,14161.0,14159.460714285715,-0.32,be,04:15,2022-03-01
LONG,14069.0,14077.267857142857,26.59,be,04:35,2022-03-02
LONG,14068.25,14076.875,28.02,be,04:40,2022-03-02
SHORT,13928.75,13927.188392857142,-0.23,be,04:10,2022-03-04
SHORT,13925.75,13924.247321428571,-0.47,be,04:15,2022-03-04
LONG,13643.25,13574.57142857143,-281.19,stop,04:10,2022-03-07
LONG,13639.0,13573.785714285714,-267.34,stop,04:15,2022-03-07
LONG,13379.25,13403.669642857143,91.2,stop,07:10,2022-03-08
LONG,13415.0,13364.5,-208.48,stop,07:15,2022-03-08
LONG,13474.25,13523.11607142857,188.98,stop,04:20,2022-03-09
LONG,13494.25,13495.722321428571,-0.59,be,04:25,2022-03-09
SHORT,13584.25,13582.704464285714,-0.3,be,06:00,2022-03-10
SHORT,13587.25,13585.410714285714,0.88,be,06:05,2022-03-10
LONG,13623.25,13624.577678571428,-1.17,be,04:15,2022-03-11
LONG,13622.75,13624.032142857142,-1.35,be,04:20,2022-03-11
SHORT,13320.25,13318.9125,-1.13,be,04:30,2022-03-14
SHORT,13315.25,13313.914285714285,-1.14,be,04:35,2022-03-14
SHORT,12956.25,12954.882142857143,-1.01,be,05:10,2022-03-15
LONG,13080.25,13081.411607142858,-1.83,be,06:55,2022-03-15
LONG,13633.5,13634.4125,-2.83,be,04:10,2022-03-16
LONG,13651.0,13652.047321428572,-2.29,be,04:20,2022-03-16
SHORT,13926.75,13925.828571428572,-2.79,be,05:10,2022-03-17
SHORT,13916.5,13915.55625,-2.7,be,05:15,2022-03-17
LONG,14052.0,14052.786607142858,-3.33,be,04:15,2022-03-18
LONG,14053.5,14020.357142857143,-139.05,stop,04:25,2022-03-18
LONG,14369.0,14369.900892857142,-2.88,be,04:20,2022-03-21
LONG,14369.25,14370.111607142857,-3.03,be,04:40,2022-03-21
LONG,14406.0,14424.651785714286,68.13,stop,04:15,2022-03-22
LONG,14404.75,14424.455357142857,72.34,stop,04:20,2022-03-22
SHORT,14631.75,14626.857142857143,13.09,stop,04:20,2022-03-23
SHORT,14617.75,14617.186607142858,-4.23,be,04:25,2022-03-23
LONG,14552.75,14553.544642857143,-3.3,be,04:10,2022-03-24
LONG,14548.75,14549.59375,-3.11,be,04:20,2022-03-24
SHORT,14733.0,14709.92857142857,85.81,stop,04:10,2022-03-25
SHORT,14708.0,14707.257142857143,-3.51,be,04:15,2022-03-25
LONG,14739.0,14739.6375,-3.93,be,06:20,2022-03-28
LONG,14746.75,14720.07142857143,-113.19,stop,06:25,2022-03-28
LONG,15044.75,15045.4,-3.88,be,05:15,2022-03-29
LONG,15051.25,15065.607142857143,50.95,stop,05:20,2022-03-29
SHORT,15157.75,15156.945535714285,-3.26,be,04:15,2022-03-30
SHORT,15161.25,15160.483928571428,-3.42,be,04:20,2022-03-30
SHORT,15135.5,15134.883035714285,-4.01,be,04:25,2022-03-31
SHORT,15134.5,15133.927678571428,-4.19,be,04:35,2022-03-31
LONG,14956.5,14957.145535714286,-3.9,be,06:10,2022-04-01
LONG,14953.75,14954.347321428571,-4.09,be,06:20,2022-04-01
LONG,14887.5,14913.660714285714,98.16,stop,05:05,2022-04-04
LONG,14905.25,14906.839285714286,-0.12,be,05:10,2022-04-04
SHORT,15143.0,15141.30357142857,0.31,be,05:45,2022-04-05
SHORT,15133.75,15123.151785714286,35.91,stop,05:50,2022-04-05
SHORT,14722.25,14721.313392857142,-2.73,be,04:20,2022-04-06
SHORT,14714.0,14713.0875,-2.83,be,04:25,2022-04-06
LONG,14576.25,14577.11607142857,-3.02,be,05:00,2022-04-07
LONG,14566.5,14567.24375,-3.51,be,05:20,2022-04-07
LONG,14639.25,14608.107142857143,-131.05,stop,04:10,2022-04-08
LONG,14630.75,14601.42857142857,-123.77,stop,04:15,2022-04-08
SHORT,14173.25,14171.711607142857,-0.33,be,04:20,2022-04-11
SHORT,14170.0,14168.536607142858,-0.63,be,04:25,2022-04-11
LONG,13993.25,14001.0,24.52,stop,04:35,2022-04-12
LONG,14005.5,14006.433928571429,-2.74,be,04:40,2022-04-12
LONG,14073.0,14074.047321428572,-2.29,be,04:10,2022-04-13
LONG,14070.0,14070.855357142857,-3.06,be,04:45,2022-04-13
SHORT,14205.0,14231.107142857143,-110.91,stop,06:35,2022-04-14
SHORT,14207.5,14233.142857142857,-109.05,stop,06:40,2022-04-14
LONG,13829.25,13829.902678571429,-3.87,be,04:10,2022-04-18
LONG,13822.5,13823.132142857143,-3.95,be,04:15,2022-04-18
SHORT,13879.5,13842.75892857143,140.48,stop,04:50,2022-04-19
SHORT,13865.5,13864.420535714286,-2.16,be,04:55,2022-04-19
LONG,14146.0,14146.691071428571,-3.72,be,05:00,2022-04-20
LONG,14152.0,14152.667857142857,-3.81,be,05:05,2022-04-20
LONG,14166.0,14167.001785714287,-2.47,be,04:10,2022-04-21
LONG,14163.0,14163.961607142857,-2.63,be,04:15,2022-04-21
SHORT,13188.0,13228.82142857143,-169.77,stop,07:20,2022-04-25
LONG,13158.0,13159.809821428571,0.76,be,04:15,2022-04-27
LONG,13168.5,13170.259821428572,0.56,be,04:20,2022-04-27
LONG,13338.25,13339.173214285714,-2.79,be,05:00,2022-04-28
LONG,13336.25,13299.142857142857,-154.91,stop,05:05,2022-04-28
SHORT,13312.5,13311.449107142857,-2.28,be,05:30,2022-04-29
SHORT,13312.75,13311.666964285714,-2.15,be,05:35,2022-04-29
SHORT,12876.5,12875.752678571429,-3.49,be,07:20,2022-05-02
SHORT,12870.5,12850.94642857143,71.73,stop,07:30,2022-05-02
LONG,13119.75,13070.857142857143,-202.05,stop,04:10,2022-05-03
LONG,13110.75,13111.898214285715,-1.89,be,04:15,2022-05-03
LONG,13145.0,13145.519642857143,-4.4,be,07:25,2022-05-04
LONG,13150.5,13151.026785714286,-4.37,be,07:30,2022-05-04
SHORT,13410.25,13390.99107142857,70.56,stop,04:35,2022-05-05
SHORT,13412.0,13390.723214285714,78.63,stop,04:40,2022-05-05
LONG,12837.5,12838.780357142858,-1.36,be,04:30,2022-05-06
LONG,12852.25,12800.464285714286,-213.62,stop,04:35,2022-05-06
SHORT,12513.5,12512.232142857143,-1.41,be,04:20,2022-05-09
SHORT,12504.75,12503.466071428571,-1.34,be,04:25,2022-05-09
LONG,12407.25,12408.45982142857,-1.64,be,04:35,2022-05-10
LONG,12416.0,12384.214285714286,-133.62,stop,05:40,2022-05-10
LONG,12436.0,12436.952678571428,-2.67,be,04:15,2022-05-11
LONG,12438.0,12438.91875,-2.8,be,04:20,2022-05-11
SHORT,11824.5,11822.5625,1.27,be,04:50,2022-05-12
SHORT,11839.5,11837.657142857142,0.89,be,04:55,2022-05-12
LONG,12186.5,12191.482142857143,13.45,stop,07:50,2022-05-13
LONG,12199.5,12200.316964285714,-3.21,be,08:00,2022-05-13
LONG,12323.5,12324.619642857142,-2.0,be,04:25,2022-05-16
LONG,12332.25,12333.25,-2.48,be,04:55,2022-05-16
LONG,12436.5,12517.86607142857,318.98,stop,04:10,2022-05-17
LONG,12436.5,12518.160714285714,320.16,stop,04:15,2022-05-17
SHORT,12465.0,12464.283928571429,-3.62,be,04:35,2022-05-18
SHORT,12462.5,12491.285714285714,-121.62,stop,04:40,2022-05-18
SHORT,11741.0,11739.700892857143,-1.28,be,05:00,2022-05-19
SHORT,11734.5,11733.194642857143,-1.26,be,05:05,2022-05-19
LONG,12068.0,12068.860714285714,-3.04,be,04:30,2022-05-20
LONG,12083.0,12083.882142857143,-2.95,be,04:35,2022-05-20
SHORT,11943.25,11901.089285714286,162.16,stop,04:10,2022-05-23
SHORT,11913.0,11911.74375,-1.45,be,04:15,2022-05-23
LONG,11825.75,11826.421428571428,-3.79,be,06:00,2022-05-24
LONG,11829.5,11830.126785714287,-3.97,be,06:10,2022-05-24
SHORT,11771.0,11769.80357142857,-1.69,be,04:10,2022-05-25
SHORT,11777.5,11776.347321428571,-1.87,be,04:15,2022-05-25
LONG,11986.75,11987.55357142857,-3.27,be,07:15,2022-05-26
LONG,11984.75,12008.767857142857,89.59,stop,07:20,2022-05-26
LONG,12283.5,12316.375,125.02,stop,04:20,2022-05-27
LONG,12308.0,12308.842857142858,-3.11,be,04:25,2022-05-27
LONG,12874.75,12875.280357142858,-4.36,be,05:30,2022-05-30
LONG,12864.75,12865.298214285714,-4.29,be,05:35,2022-05-30
LONG,12715.25,12716.3375,-2.13,be,04:20,2022-05-31
LONG,12724.0,12725.0625,-2.23,be,04:25,2022-05-31
SHORT,12611.25,12605.857142857143,15.09,be,04:10,2022-06-01
SHORT,12588.75,12587.625,-1.98,be,04:15,2022-06-01
LONG,12638.0,12638.990178571428,-2.52,be,04:20,2022-06-02
LONG,12641.0,12641.974107142858,-2.58,be,04:25,2022-06-02
SHORT,12817.5,12816.91517857143,-4.14,be,05:20,2022-06-03
SHORT,12819.75,12819.2,-4.28,be,05:25,2022-06-03
LONG,12720.5,12739.910714285714,71.16,stop,04:10,2022-06-06
LONG,12733.75,12734.642857142857,-2.91,be,04:15,2022-06-06
LONG,12564.75,12535.142857142857,-124.91,stop,04:40,2022-06-07
LONG,12554.5,12525.42857142857,-122.77,stop,04:45,2022-06-07
LONG,12675.5,12676.20982142857,-3.64,be,04:30,2022-06-08
LONG,12679.0,12679.683928571429,-3.74,be,04:35,2022-06-08
LONG,12622.5,12660.892857142857,147.09,stop,04:35,2022-06-09
LONG,12626.0,12626.761607142857,-3.43,be,04:40,2022-06-09
SHORT,11530.0,11451.07142857143,309.23,stop,04:10,2022-06-13
SHORT,11502.25,11500.86875,-0.95,be,04:15,2022-06-13
SHORT,11403.5,11402.414285714285,-2.14,be,04:50,2022-06-14
SHORT,11396.25,11395.19375,-2.26,be,04:55,2022-06-14
LONG,11398.0,11399.208928571428,-1.64,be,04:10,2022-06-15
LONG,11399.5,11400.65,-1.88,be,04:15,2022-06-15
SHORT,11262.0,11260.670535714286,-1.16,be,05:00,2022-06-16
SHORT,11249.5,11248.192857142858,-1.25,be,05:05,2022-06-16
LONG,11238.5,11243.67857142857,14.23,be,04:30,2022-06-17
LONG,11256.25,11257.120535714286,-3.0,be,04:35,2022-06-17
LONG,11585.0,11593.69642857143,28.31,stop,04:10,2022-06-23
LONG,11613.75,11615.229464285714,-0.56,be,04:15,2022-06-23
LONG,11864.0,11841.857142857143,-95.05,stop,06:10,2022-06-24
LONG,12261.0,12221.142857142857,-165.91,stop,04:15,2022-06-27
LONG,12256.75,12219.214285714286,-156.62,stop,04:20,2022-06-27
LONG,11695.5,11653.17857142857,-175.77,stop,04:10,2022-06-29
LONG,11692.0,11692.779464285713,-3.36,be,05:05,2022-06-29
SHORT,11473.25,11472.245535714286,-2.46,be,05:15,2022-06-30
SHORT,11464.0,11502.67857142857,-161.19,stop,05:20,2022-06-30
LONG,11480.75,11481.8375,-2.13,be,04:25,2022-07-01
LONG,11485.0,11486.066964285714,-2.21,be,04:30,2022-07-01
LONG,11569.0,11569.524107142857,-4.38,be,05:40,2022-07-04
LONG,11571.0,11571.502678571429,-4.47,be,05:50,2022-07-04
SHORT,11614.25,11567.223214285714,181.63,stop,04:10,2022-07-05
SHORT,11604.0,11566.910714285714,141.88,stop,04:15,2022-07-05
SHORT,11779.0,11778.04375,-2.66,be,04:35,2022-07-06
SHORT,11780.25,11779.320535714285,-2.76,be,04:40,2022-07-06
LONG,11946.75,11917.714285714286,-122.62,stop,04:10,2022-07-07
LONG,11940.0,11940.645535714286,-3.9,be,04:25,2022-07-07
SHORT,12065.75,12065.24107142857,-4.44,be,05:05,2022-07-08
SHORT,12062.25,12061.739285714286,-4.44,be,05:10,2022-07-08
LONG,12070.25,12071.059821428571,-3.24,be,04:20,2022-07-11
LONG,12068.0,12068.795535714286,-3.3,be,04:25,2022-07-11
LONG,11825.75,11826.251785714287,-4.47,be,05:15,2022-07-12
LONG,11825.5,11825.985714285714,-4.54,be,05:20,2022-07-12
SHORT,11783.0,11782.226785714285,-3.39,be,04:10,2022-07-13
SHORT,11783.5,11813.535714285714,-126.62,stop,04:15,2022-07-13
SHORT,11660.0,11658.933035714286,-2.21,be,04:25,2022-07-14
SHORT,11662.75,11661.766964285714,-2.55,be,04:30,2022-07-14
LONG,11832.75,11837.5,12.52,stop,04:45,2022-07-15
LONG,11844.75,11845.48125,-3.55,be,04:50,2022-07-15
LONG,12170.0,12170.629464285714,-3.96,be,04:30,2022-07-18
LONG,12174.75,12175.344642857142,-4.1,be,04:35,2022-07-18
LONG,11978.25,11978.869642857142,-4.0,be,05:25,2022-07-19
LONG,11979.25,11979.864285714286,-4.02,be,05:30,2022-07-19
SHORT,12274.75,12274.15625,-4.11,be,06:35,2022-07-20
SHORT,12265.0,12264.364285714286,-3.94,be,06:40,2022-07-20
SHORT,12409.0,12408.158035714287,-3.11,be,04:25,2022-07-21
SHORT,12409.75,12408.927678571428,-3.19,be,04:30,2022-07-21
LONG,12585.75,12562.5,-99.48,stop,05:20,2022-07-22
LONG,12580.25,12580.80625,-4.26,be,05:25,2022-07-22
LONG,12441.0,12441.766071428572,-3.42,be,04:25,2022-07-25
LONG,12437.5,12438.233035714286,-3.55,be,04:30,2022-07-25
SHORT,12293.5,12293.025,-4.58,be,06:25,2022-07-26
SHORT,12294.0,12293.5125,-4.53,be,06:30,2022-07-26
LONG,12321.0,12321.660714285714,-3.84,be,04:10,2022-07-27
LONG,12321.0,12295.535714285714,-108.34,stop,04:15,2022-07-27
SHORT,12516.75,12493.125,88.02,stop,04:10,2022-07-28
SHORT,12523.25,12509.55357142857,48.31,stop,04:15,2022-07-28
SHORT,12895.25,12894.608035714286,-3.91,be,04:25,2022-07-29
SHORT,12888.25,12887.615178571428,-3.94,be,04:40,2022-07-29
SHORT,12916.25,12915.795535714286,-4.66,be,04:50,2022-08-01
SHORT,12917.5,12935.285714285714,-77.62,stop,04:55,2022-08-01
SHORT,12838.0,12837.49375,-4.45,be,05:55,2022-08-02
SHORT,12829.5,12828.98125,-4.41,be,06:00,2022-08-02
LONG,12943.25,12979.375,138.02,stop,05:10,2022-08-03
LONG,12960.25,12978.982142857143,68.45,stop,05:15,2022-08-03
LONG,13287.25,13271.857142857143,-68.05,stop,05:30,2022-08-04
LONG,13278.75,13291.723214285714,45.41,stop,05:40,2022-08-04
SHORT,13334.0,13333.575892857143,-4.78,be,04:30,2022-08-05
SHORT,13334.5,13334.079464285714,-4.8,be,04:35,2022-08-05
LONG,13314.0,13314.470535714287,-4.6,be,06:45,2022-08-08
LONG,13315.5,13315.9875,-4.53,be,06:50,2022-08-08
SHORT,13170.0,13197.285714285714,-115.62,stop,04:10,2022-08-09
SHORT,13165.25,13164.827678571428,-4.79,be,06:00,2022-08-09
LONG,13049.5,13050.075892857143,-4.18,be,04:25,2022-08-10
LONG,13063.5,13076.482142857143,45.45,stop,04:30,2022-08-10
SHORT,13426.0,13425.348214285714,-3.87,be,04:10,2022-08-11
SHORT,13425.5,13424.892857142857,-4.05,be,04:15,2022-08-11
LONG,13404.5,13383.142857142857,-91.91,stop,04:45,2022-08-12
SHORT,13498.75,13513.142857142857,-64.05,stop,05:40,2022-08-15
LONG,13548.75,13549.225,-4.58,be,07:00,2022-08-15
LONG,13658.75,13659.266964285714,-4.41,be,04:10,2022-08-16
LONG,13661.25,13661.744642857142,-4.5,be,04:15,2022-08-16
SHORT,13596.0,13595.385714285714,-4.02,be,04:10,2022-08-17
SHORT,13592.75,13592.078571428572,-3.79,be,04:30,2022-08-17
LONG,13456.75,13483.892857142857,102.09,stop,04:10,2022-08-18
LONG,13463.0,13463.525,-4.38,be,04:45,2022-08-18
SHORT,13421.25,13396.580357142857,92.2,stop,04:15,2022-08-19
SHORT,13415.25,13396.794642857143,67.34,stop,04:20,2022-08-19
SHORT,13088.5,13066.80357142857,80.31,stop,04:10,2022-08-22
SHORT,13074.0,13073.076785714286,-2.79,be,04:15,2022-08-22
LONG,12950.0,12951.016071428572,-2.42,be,04:10,2022-08-23
LONG,12956.5,12957.486607142857,-2.53,be,04:15,2022-08-23
LONG,12909.5,12910.360714285714,-3.04,be,04:35,2022-08-24
LONG,12909.5,12910.252678571429,-3.47,be,04:50,2022-08-24
SHORT,13049.25,13036.044642857143,46.34,stop,05:15,2022-08-25
SHORT,13032.5,13032.069642857143,-4.76,be,05:20,2022-08-25
SHORT,13096.75,13096.121428571429,-3.97,be,04:10,2022-08-26
SHORT,13099.5,13098.889285714286,-4.04,be,04:15,2022-08-26
LONG,12646.0,12646.988392857143,-2.53,be,04:10,2022-08-30
LONG,12645.5,12646.464285714286,-2.62,be,04:15,2022-08-30
SHORT,12382.0,12381.057142857142,-2.71,be,04:25,2022-08-31
SHORT,12382.5,12381.550892857143,-2.68,be,04:30,2022-08-31
SHORT,12126.5,12156.32142857143,-125.77,stop,04:55,2022-09-01
SHORT,12119.5,12147.82142857143,-119.77,stop,05:25,2022-09-01
SHORT,12253.5,12251.410714285714,1.88,be,06:30,2022-09-02
SHORT,12249.5,12248.94375,-4.26,be,06:35,2022-09-02
SHORT,12173.0,12172.049107142857,-2.68,be,04:10,2022-09-06
SHORT,12171.5,12170.600892857143,-2.88,be,04:15,2022-09-06
LONG,12062.5,12023.42857142857,-162.77,stop,04:10,2022-09-07
LONG,12050.0,12050.951785714286,-2.67,be,04:20,2022-09-07
LONG,12459.0,12459.561607142858,-4.23,be,06:35,2022-09-09
LONG,12464.25,12467.785714285714,7.66,stop,06:40,2022-09-09
LONG,12676.75,12690.419642857143,48.2,stop,04:40,2022-09-12
LONG,12684.25,12684.898214285715,-3.89,be,04:45,2022-09-12
LONG,12817.0,12817.44375,-4.7,be,06:55,2022-09-13
LONG,12817.5,12829.0625,39.77,stop,07:00,2022-09-13
LONG,12117.25,12118.183035714286,-2.75,be,04:25,2022-09-14
LONG,12133.0,12097.964285714286,-146.62,stop,04:35,2022-09-14
SHORT,12126.75,12147.714285714286,-90.34,stop,04:50,2022-09-15
SHORT,12125.25,12084.25892857143,157.48,stop,06:35,2022-09-15
SHORT,11806.0,11805.509821428572,-4.52,be,04:20,2022-09-16
SHORT,11805.75,11791.88392857143,48.98,stop,04:25,2022-09-16
SHORT,11815.25,11814.604464285714,-3.9,be,05:00,2022-09-19
SHORT,11805.25,11804.658035714287,-4.11,be,05:20,2022-09-19
SHORT,11988.25,11987.402678571429,-3.09,be,04:10,2022-09-20
SHORT,11983.0,11982.142857142857,-3.05,be,04:15,2022-09-20
LONG,11730.0,11731.05357142857,-2.27,be,04:10,2022-09-22
LONG,11744.0,11745.0875,-2.13,be,04:20,2022-09-22
SHORT,11481.25,11428.25892857143,205.48,stop,04:50,2022-09-23
SHORT,11476.25,11475.492857142857,-3.45,be,04:55,2022-09-23
SHORT,11421.75,11421.025892857142,-3.58,be,05:25,2022-09-27
SHORT,11421.0,11420.279464285713,-3.6,be,05:30,2022-09-27
SHORT,11157.0,11155.942857142858,-2.25,be,05:20,2022-09-28
SHORT,11155.25,11154.202678571428,-2.29,be,05:25,2022-09-28
SHORT,11279.0,11278.167857142857,-3.15,be,06:55,2022-09-30
SHORT,11275.75,11248.25892857143,103.48,stop,07:00,2022-09-30
SHORT,10958.75,10957.396428571428,-1.07,be,04:10,2022-10-03
SHORT,10960.75,10959.880357142858,-3.0,be,05:05,2022-10-03
LONG,11499.5,11500.213392857142,-3.63,be,05:30,2022-10-04
LONG,11497.75,11521.589285714286,88.88,stop,05:45,2022-10-04
SHORT,11541.0,11540.157142857142,-3.11,be,04:20,2022-10-05
SHORT,11518.5,11517.640178571428,-3.04,be,04:25,2022-10-05
SHORT,11586.0,11584.938392857142,-2.23,be,04:25,2022-10-06
SHORT,11590.25,11589.210714285715,-2.32,be,04:30,2022-10-06
LONG,11526.25,11502.5,-101.48,stop,05:40,2022-10-07
SHORT,11016.25,11015.2875,-2.63,be,04:20,2022-10-10
SHORT,11014.0,11013.104464285714,-2.9,be,04:25,2022-10-10
LONG,10952.25,10953.104464285714,-3.06,be,05:25,2022-10-12
LONG,10971.75,10937.857142857143,-142.05,stop,05:30,2022-10-12
LONG,10853.75,10854.384821428572,-3.94,be,04:40,2022-10-13
LONG,10857.0,10857.525892857142,-4.38,be,04:55,2022-10-13
SHORT,11070.25,11014.25,217.52,stop,04:20,2022-10-14
SHORT,11045.75,11044.559821428571,-1.72,be,04:25,2022-10-14
LONG,10905.25,10905.867857142857,-4.01,be,06:10,2022-10-17
LONG,10909.5,10883.642857142857,-109.91,stop,06:15,2022-10-17
SHORT,11260.0,11259.185714285713,-3.22,be,05:00,2022-10-18
SHORT,11261.25,11258.07142857143,6.23,be,05:05,2022-10-18
SHORT,11201.5,11198.517857142857,5.45,be,04:20,2022-10-19
SHORT,11185.0,11183.983928571428,-2.42,be,04:25,2022-10-19
LONG,11103.5,11075.285714285714,-119.34,stop,05:50,2022-10-20
LONG,11110.0,11125.375,55.02,stop,06:40,2022-10-20
SHORT,10997.25,10996.225892857143,-2.38,be,04:25,2022-10-21
SHORT,10998.75,10997.55357142857,-1.69,be,04:30,2022-10-21
SHORT,11288.25,11286.882142857143,-1.01,be,04:20,2022-10-24
SHORT,11275.25,11273.895535714286,-1.06,be,04:25,2022-10-24
SHORT,11461.5,11457.142857142857,10.95,stop,05:05,2022-10-25
SHORT,11461.0,11456.464285714286,11.66,stop,05:10,2022-10-25
LONG,11559.25,11560.132142857143,-2.95,be,04:10,2022-10-26
LONG,11544.75,11545.622321428571,-2.99,be,04:15,2022-10-26
SHORT,11433.25,11432.400892857142,-3.08,be,04:10,2022-10-27
SHORT,11421.0,11420.283035714287,-3.61,be,05:10,2022-10-27
LONG,11126.0,11126.625892857142,-3.98,be,06:35,2022-10-28
LONG,11127.5,11128.13392857143,-3.94,be,07:20,2022-10-28
SHORT,11509.25,11508.654464285713,-4.1,be,04:10,2022-10-31
SHORT,11510.5,11509.899107142857,-4.08,be,04:15,2022-10-31
LONG,11556.0,11556.733928571428,-3.54,be,04:10,2022-11-01
LONG,11568.5,11569.229464285714,-3.56,be,04:15,2022-11-01
LONG,11376.5,11377.063392857142,-4.23,be,04:20,2022-11-02
LONG,11378.0,11378.546428571428,-4.29,be,04:25,2022-11-02
SHORT,10911.25,10910.346428571429,-2.87,be,04:35,2022-11-03
SHORT,10907.25,10906.364285714286,-2.94,be,04:40,2022-11-03
LONG,10825.5,10803.642857142857,-93.91,stop,06:55,2022-11-04
LONG,10935.75,10936.752678571429,-2.47,be,04:10,2022-11-07
LONG,10940.75,10941.379464285714,-3.96,be,05:25,2022-11-07
LONG,11023.5,11044.205357142857,76.34,stop,04:25,2022-11-08
LONG,11038.25,11038.9375,-3.73,be,04:30,2022-11-08
SHORT,11091.0,11087.05357142857,9.31,be,04:10,2022-11-09
SHORT,11083.75,11082.935714285713,-3.22,be,04:15,2022-11-09
LONG,10892.5,10893.183928571429,-3.74,be,06:25,2022-11-10
LONG,10889.75,10890.429464285715,-3.76,be,06:35,2022-11-10
SHORT,11696.5,11695.769642857143,-3.56,be,05:45,2022-11-11
SHORT,11692.25,11691.509821428572,-3.52,be,05:50,2022-11-11
SHORT,11770.5,11769.655357142858,-3.1,be,04:10,2022-11-14
SHORT,11767.0,11766.183928571429,-3.22,be,04:15,2022-11-14
LONG,11872.5,11873.05357142857,-4.27,be,05:05,2022-11-15
LONG,11869.25,11869.789285714285,-4.32,be,05:10,2022-11-15
SHORT,11915.75,11915.130357142858,-4.0,be,04:10,2022-11-16
SHORT,11919.5,11918.909821428571,-4.12,be,04:15,2022-11-16
SHORT,11763.75,11733.892857142857,112.95,stop,04:10,2022-11-17
SHORT,11763.75,11733.49107142857,114.56,stop,04:15,2022-11-17
LONG,11743.0,11743.848214285714,-3.09,be,04:10,2022-11-18
LONG,11737.0,11768.30357142857,118.73,stop,04:15,2022-11-18
SHORT,11627.5,11626.735714285714,-3.42,be,04:15,2022-11-21
SHORT,11632.75,11631.960714285715,-3.32,be,04:25,2022-11-21
LONG,11605.25,11607.464285714286,2.38,be,04:35,2022-11-22
LONG,11620.5,11589.357142857143,-131.05,stop,04:40,2022-11-22
LONG,11774.5,11774.939285714287,-4.72,be,04:45,2022-11-23
LONG,11773.0,11773.427678571428,-4.77,be,04:50,2022-11-23
LONG,11910.5,11914.267857142857,8.59,stop,04:10,2022-11-24
LONG,11918.25,11918.661607142858,-4.83,be,04:15,2022-11-24
SHORT,11868.0,11853.05357142857,53.31,stop,04:45,2022-11-25
SHORT,11859.5,11858.375,-1.98,be,04:50,2022-11-25
SHORT,11671.75,11655.00892857143,60.48,stop,04:50,2022-11-28
SHORT,11659.5,11657.232142857143,2.59,be,04:55,2022-11-28
SHORT,11664.0,11663.42857142857,-4.19,be,04:35,2022-11-29
SHORT,11663.75,11663.195535714285,-4.26,be,04:40,2022-11-29
LONG,11575.25,11575.875892857142,-3.98,be,04:10,2022-11-30
LONG,11573.5,11574.078571428572,-4.17,be,04:20,2022-11-30
SHORT,12011.75,12011.058035714286,-3.71,be,04:10,2022-12-01
SHORT,12006.0,12005.296428571428,-3.67,be,04:15,2022-12-01
LONG,12056.75,12057.25892857143,-4.44,be,05:00,2022-12-02
LONG,12056.75,12057.246428571429,-4.49,be,05:05,2022-12-02
LONG,11993.75,11994.14732142857,-4.89,be,06:50,2022-12-05
LONG,11994.0,11994.373214285713,-4.99,be,07:00,2022-12-05
LONG,11841.75,11842.176785714286,-4.77,be,07:15,2022-12-06
LONG,11842.0,11842.458035714286,-4.65,be,07:30,2022-12-06
SHORT,11535.5,11521.401785714286,49.91,stop,04:35,2022-12-07
SHORT,11529.75,11529.123214285713,-3.97,be,04:40,2022-12-07
LONG,11544.5,11520.214285714286,-103.62,stop,04:15,2022-12-08
LONG,11541.75,11524.892857142857,-73.91,stop,05:35,2022-12-08
SHORT,11676.25,11675.753571428571,-4.49,be,04:35,2022-12-09
SHORT,11672.25,11671.75,-4.48,be,04:40,2022-12-09
LONG,11585.75,11586.201785714286,-4.67,be,04:45,2022-12-12
LONG,11589.5,11593.089285714286,7.88,stop,04:50,2022-12-12
LONG,11756.0,11756.534821428571,-4.34,be,04:35,2022-12-13
LONG,11760.75,11739.07142857143,-93.19,stop,04:40,2022-12-13
SHORT,11833.5,11832.925,-4.18,be,04:15,2022-12-14
SHORT,11830.5,11829.926785714286,-4.19,be,04:20,2022-12-14
SHORT,11599.5,11598.507142857143,-2.51,be,04:10,2022-12-15
SHORT,11587.75,11586.765178571428,-2.54,be,04:15,2022-12-15
SHORT,11217.0,11216.017857142857,-2.55,be,04:15,2022-12-16
SHORT,11214.25,11247.035714285714,-137.62,stop,04:25,2022-12-16
LONG,11407.75,11408.20982142857,-4.64,be,05:45,2022-12-19
LONG,11409.5,11391.285714285714,-79.34,stop,05:50,2022-12-19
LONG,11172.5,11173.499107142858,-2.48,be,04:35,2022-12-20
LONG,11170.75,11146.0,-105.48,stop,05:30,2022-12-20
LONG,11246.75,11247.349107142858,-4.08,be,04:10,2022-12-21
LONG,11248.25,11248.823214285714,-4.19,be,04:15,2022-12-21
SHORT,11348.0,11347.557142857142,-4.71,be,04:20,2022-12-22
SHORT,11345.75,11345.336607142857,-4.83,be,04:25,2022-12-22
LONG,11072.0,11072.450892857143,-4.68,be,05:30,2022-12-23
LONG,11074.5,11096.776785714286,82.63,stop,05:35,2022-12-23
SHORT,11139.75,11125.67857142857,49.81,stop,04:10,2022-12-27
SHORT,11138.5,11125.526785714286,45.41,stop,04:15,2022-12-27
SHORT,10913.25,10897.82142857143,55.23,stop,04:10,2022-12-28
SHORT,10893.5,10913.214285714286,-85.34,stop,04:15,2022-12-28
LONG,10833.25,10833.694642857143,-4.7,be,04:10,2022-12-29
LONG,10834.25,10835.142857142857,-2.91,be,04:15,2022-12-29
LONG,10992.5,10993.033035714287,-4.35,be,05:00,2022-12-30
LONG,10986.75,10987.291071428572,-4.32,be,05:05,2022-12-30
LONG,11134.75,11140.642857142857,17.09,stop,04:10,2023-01-03
LONG,11149.25,11150.11875,-3.01,be,04:15,2023-01-03
SHORT,10990.75,10990.161607142858,-4.13,be,05:40,2023-01-04
SHORT,10977.75,11001.92857142857,-103.19,stop,05:45,2023-01-04
LONG,10980.25,10980.98125,-3.55,be,04:25,2023-01-05
LONG,10983.75,10984.432142857142,-3.75,be,05:00,2023-01-05
SHORT,10809.25,10793.026785714286,58.41,stop,04:10,2023-01-06
SHORT,10795.0,10794.398214285715,-4.07,be,04:15,2023-01-06
LONG,11160.25,11160.910714285714,-3.84,be,04:20,2023-01-09
LONG,11167.0,11167.646428571428,-3.89,be,04:25,2023-01-09
LONG,11200.75,11201.226785714285,-4.57,be,05:40,2023-01-10
LONG,11203.25,11203.725,-4.58,be,05:50,2023-01-10
LONG,11291.0,11305.9375,53.27,stop,04:10,2023-01-11
LONG,11288.5,11306.205357142857,64.34,stop,04:15,2023-01-11
LONG,11473.0,11473.466071428571,-4.62,be,04:10,2023-01-12
LONG,11474.0,11474.474107142858,-4.58,be,04:15,2023-01-12
SHORT,11496.75,11518.357142857143,-92.91,stop,04:30,2023-01-13
LONG,11529.75,11530.266071428572,-4.42,be,05:15,2023-01-13
SHORT,11528.0,11527.440178571429,-4.24,be,04:10,2023-01-16
SHORT,11531.75,11531.183928571429,-4.22,be,04:15,2023-01-16
LONG,11572.25,11552.964285714286,-83.62,stop,04:10,2023-01-17
SHORT,11540.75,11561.892857142857,-91.05,stop,04:25,2023-01-17
LONG,11664.0,11664.339285714286,-5.12,be,07:45,2023-01-18
LONG,11662.25,11669.94642857143,24.31,stop,07:50,2023-01-18
SHORT,11436.75,11436.169642857143,-4.16,be,04:30,2023-01-19
SHORT,11436.75,11436.170535714286,-4.16,be,04:35,2023-01-19
SHORT,11373.0,11396.785714285714,-101.62,stop,04:15,2023-01-20
SHORT,11375.5,11374.963392857142,-4.33,be,05:05,2023-01-20
SHORT,11901.25,11889.232142857143,41.59,stop,04:45,2023-01-24
SHORT,11905.75,11905.32142857143,-4.77,be,04:50,2023-01-24
SHORT,11821.5,11820.392857142857,-2.05,be,04:15,2023-01-25
SHORT,11819.0,11818.569642857143,-4.76,be,04:20,2023-01-25
SHORT,11927.0,11926.480357142857,-4.4,be,04:35,2023-01-26
SHORT,11917.0,11938.0,-90.48,stop,04:40,2023-01-26
LONG,12045.25,12045.671428571428,-4.79,be,05:10,2023-01-27
LONG,12050.0,12050.404464285713,-4.86,be,05:25,2023-01-27
SHORT,12075.0,12074.24375,-3.45,be,04:35,2023-01-30
SHORT,12061.5,12060.725892857143,-3.38,be,04:40,2023-01-30
SHORT,11903.5,11902.994642857142,-4.46,be,05:25,2023-01-31
SHORT,11903.0,11891.267857142857,40.45,stop,05:30,2023-01-31
SHORT,12118.75,12118.248214285713,-4.47,be,04:35,2023-02-01
SHORT,12117.75,12117.292857142857,-4.65,be,04:45,2023-02-01
LONG,12611.75,12612.534821428571,-3.34,be,08:00,2023-02-02
LONG,12629.5,12630.13392857143,-3.94,be,04:15,2023-02-03
LONG,12635.25,12635.889285714286,-3.92,be,04:20,2023-02-03
SHORT,12519.0,12518.230357142857,-3.4,be,04:15,2023-02-06
SHORT,12516.25,12515.505357142858,-3.5,be,04:20,2023-02-06
LONG,12538.0,12560.86607142857,84.98,stop,04:10,2023-02-07
LONG,12561.5,12562.417857142857,-2.81,be,04:15,2023-02-07
LONG,12674.75,12698.330357142857,87.84,stop,04:40,2023-02-09
LONG,12679.5,12679.988392857143,-4.53,be,04:45,2023-02-09
SHORT,12398.0,12397.250892857142,-3.48,be,04:20,2023-02-10
SHORT,12395.75,12395.04375,-3.66,be,04:30,2023-02-10
LONG,12363.0,12363.691071428571,-3.72,be,04:10,2023-02-13
LONG,12363.0,12368.375,15.02,stop,04:15,2023-02-13
LONG,12561.0,12561.650892857142,-3.88,be,04:55,2023-02-14
LONG,12561.0,12561.6375,-3.93,be,05:00,2023-02-14
LONG,12586.75,12587.389285714286,-3.92,be,04:10,2023-02-15
LONG,12584.75,12585.316071428571,-4.22,be,04:40,2023-02-15
SHORT,12739.75,12739.25,-4.48,be,04:40,2023-02-16
SHORT,12736.75,12736.265178571428,-4.54,be,04:45,2023-02-16
SHORT,12358.25,12357.86607142857,-4.94,be,04:35,2023-02-20
SHORT,12358.5,12358.117857142857,-4.95,be,04:40,2023-02-20
LONG,12147.25,12147.999107142858,-3.48,be,07:35,2023-02-22
LONG,12147.0,12147.744642857142,-3.5,be,07:40,2023-02-22
SHORT,12163.75,12193.392857142857,-125.05,stop,04:25,2023-02-23
SHORT,12170.0,12203.32142857143,-139.77,stop,04:35,2023-02-23
SHORT,12132.0,12131.555357142857,-4.7,be,04:30,2023-02-24
SHORT,12130.75,12130.332142857143,-4.81,be,04:45,2023-02-24
LONG,12074.25,12074.749107142858,-4.48,be,04:35,2023-02-27
LONG,12077.5,12059.92857142857,-76.77,stop,05:15,2023-02-27
LONG,12071.0,12090.026785714286,69.63,stop,05:10,2023-02-28
LONG,12078.5,12078.95,-4.68,be,05:15,2023-02-28
LONG,12119.25,12119.908035714287,-3.85,be,04:15,2023-03-01
LONG,12121.75,12122.185714285713,-4.74,be,05:30,2023-03-01
LONG,11900.0,11900.632142857143,-3.95,be,06:05,2023-03-02
LONG,11901.25,11901.895535714286,-3.9,be,06:10,2023-03-02
LONG,12081.25,12081.916964285714,-3.81,be,04:10,2023-03-03
LONG,12088.25,12088.836607142857,-4.13,be,04:15,2023-03-03
SHORT,12308.75,12308.17857142857,-4.19,be,04:55,2023-03-06
SHORT,12306.75,12328.5,-93.48,stop,05:10,2023-03-06
LONG,12378.5,12356.535714285714,-94.34,stop,04:10,2023-03-07
LONG,12369.0,12369.55357142857,-4.27,be,04:15,2023-03-07
LONG,12195.5,12195.896428571428,-4.89,be,05:55,2023-03-08
LONG,12196.75,12197.151785714286,-4.87,be,06:00,2023-03-08
SHORT,12162.75,12162.215178571429,-4.34,be,04:15,2023-03-09
SHORT,12160.0,12159.467857142858,-4.35,be,04:25,2023-03-09
LONG,11993.5,11994.49375,-2.51,be,04:10,2023-03-10
LONG,11991.5,11992.455357142857,-2.66,be,04:15,2023-03-10
SHORT,12011.25,12043.92857142857,-137.19,stop,04:10,2023-03-13
SHORT,11998.25,11997.2875,-2.63,be,04:30,2023-03-13
LONG,12011.0,12011.7375,-3.53,be,07:25,2023-03-14
LONG,12004.5,12005.226785714285,-3.57,be,07:30,2023-03-14
SHORT,12198.75,12198.025,-3.58,be,05:05,2023-03-15
SHORT,12188.5,12187.785714285714,-3.62,be,05:10,2023-03-15
SHORT,12598.25,12597.663392857143,-4.13,be,04:55,2023-03-17
SHORT,12597.75,12581.875,57.02,stop,05:00,2023-03-17
SHORT,12528.25,12576.142857142857,-198.05,stop,04:20,2023-03-20
SHORT,12538.75,12586.5,-197.48,stop,04:25,2023-03-20
LONG,12747.0,12766.026785714286,69.63,stop,07:20,2023-03-21
LONG,12758.75,12774.339285714286,55.88,stop,07:25,2023-03-21
SHORT,12825.5,12814.223214285714,38.63,stop,04:10,2023-03-22
SHORT,12820.75,12820.325892857143,-4.78,be,04:15,2023-03-22
LONG,12826.5,12826.984821428572,-4.54,be,04:10,2023-03-23
LONG,12825.25,12835.6875,35.27,stop,04:15,2023-03-23
SHORT,12844.25,12874.642857142857,-128.05,stop,04:10,2023-03-24
SHORT,12857.0,12832.3125,92.27,stop,04:20,2023-03-24
LONG,12954.0,12934.535714285714,-84.34,stop,07:20,2023-03-27
LONG,12953.0,12933.25,-85.48,stop,07:30,2023-03-27
LONG,13009.25,13009.541964285714,-5.31,be,05:30,2023-03-30
LONG,13009.25,13009.519642857143,-5.4,be,05:35,2023-03-30
SHORT,13076.75,13093.785714285714,-74.62,stop,04:20,2023-03-31
SHORT,13080.0,13079.639285714286,-5.04,be,05:00,2023-03-31
SHORT,13216.0,13212.892857142857,5.95,stop,04:20,2023-04-03
SHORT,13212.0,13211.529464285713,-4.6,be,04:25,2023-04-03
LONG,13267.25,13267.579464285714,-5.16,be,04:55,2023-04-04
LONG,13266.25,13266.576785714286,-5.17,be,05:00,2023-04-04
SHORT,13192.5,13191.94642857143,-4.27,be,04:15,2023-04-05
SHORT,13192.5,13191.978571428572,-4.39,be,04:30,2023-04-05
SHORT,13046.75,13046.378571428571,-4.99,be,05:10,2023-04-06
SHORT,13046.25,13032.901785714286,46.91,stop,05:25,2023-04-06
LONG,13168.75,13170.232142857143,-0.55,stop,04:30,2023-04-07
LONG,13172.75,13172.950892857143,-5.68,be,04:35,2023-04-07
LONG,13140.25,13140.526785714286,-5.37,be,04:10,2023-04-10
LONG,13141.25,13130.535714285714,-49.34,stop,04:15,2023-04-10
LONG,13181.75,13182.215178571429,-4.62,be,04:15,2023-04-11
LONG,13182.25,13182.684821428571,-4.74,be,04:20,2023-04-11
LONG,13079.5,13079.94642857143,-4.69,be,04:10,2023-04-12
LONG,13081.5,13082.05357142857,-4.27,be,04:15,2023-04-12
SHORT,12978.25,12977.80357142857,-4.69,be,04:15,2023-04-13
SHORT,12975.5,12975.05357142857,-4.69,be,04:20,2023-04-13
SHORT,13174.25,13173.911607142858,-5.13,be,05:05,2023-04-14
SHORT,13172.25,13171.892857142857,-5.05,be,05:10,2023-04-14
SHORT,13190.0,13189.534821428571,-4.62,be,04:35,2023-04-17
SHORT,13189.0,13188.541071428572,-4.64,be,04:40,2023-04-17
LONG,13219.75,13222.42857142857,4.23,stop,04:10,2023-04-18
LONG,13231.0,13243.13392857143,42.06,stop,04:15,2023-04-18
SHORT,13106.25,13105.715178571429,-4.34,be,04:15,2023-04-19
SHORT,13104.25,13090.955357142857,46.7,stop,05:05,2023-04-19
SHORT,13052.0,13033.19642857143,68.73,stop,04:10,2023-04-20
SHORT,13055.25,13054.650892857142,-4.08,be,04:30,2023-04-20
LONG,13076.5,13077.085714285715,-4.14,be,04:10,2023-04-21
LONG,13079.5,13055.25,-103.48,stop,04:20,2023-04-21
LONG,13047.75,13063.1875,55.27,stop,05:15,2023-04-24
LONG,13058.75,13072.24107142857,47.48,stop,05:20,2023-04-24
SHORT,12972.75,12998.785714285714,-110.62,stop,04:25,2023-04-25
SHORT,12974.5,12973.875892857142,-3.98,be,04:30,2023-04-25
SHORT,12946.25,12945.758035714285,-4.51,be,06:40,2023-04-26
SHORT,12933.75,12933.208928571428,-4.32,be,06:55,2023-04-26
SHORT,12979.25,12978.916071428572,-5.14,be,06:05,2023-04-27
SHORT,12977.25,12976.907142857142,-5.11,be,06:10,2023-04-27
SHORT,13177.0,13176.513392857143,-4.53,be,05:10,2023-04-28
SHORT,13178.25,13196.57142857143,-79.77,stop,05:15,2023-04-28
SHORT,13312.75,13312.377678571429,-4.99,be,04:10,2023-05-01
SHORT,13309.0,13308.621428571429,-4.97,be,04:15,2023-05-01
SHORT,13299.0,13314.357142857143,-67.91,stop,05:15,2023-05-02
SHORT,13300.0,13314.535714285714,-64.62,stop,05:25,2023-05-02
LONG,13210.25,13210.686607142858,-4.73,be,04:45,2023-05-03
LONG,13210.75,13211.15625,-4.86,be,05:15,2023-05-03
SHORT,13095.25,13094.729464285714,-4.4,be,07:10,2023-05-04
SHORT,13097.0,13096.507142857143,-4.51,be,07:15,2023-05-04
LONG,13116.0,13116.404464285713,-4.86,be,05:25,2023-05-05
LONG,13115.5,13115.896428571428,-4.89,be,05:30,2023-05-05
SHORT,13309.0,13308.608928571428,-4.92,be,04:10,2023-05-08
SHORT,13310.25,13309.767857142857,-4.55,be,04:15,2023-05-08
SHORT,13312.0,13311.607142857143,-4.91,be,04:15,2023-05-09
SHORT,13311.25,13310.874107142858,-4.98,be,04:20,2023-05-09
SHORT,13212.25,13211.6625,-4.13,be,04:10,2023-05-10
SHORT,13218.75,13243.17857142857,-104.19,stop,04:15,2023-05-10
LONG,13458.5,13459.020535714286,-4.4,be,04:20,2023-05-11
LONG,13459.5,13459.905357142858,-4.86,be,05:35,2023-05-11
LONG,13493.25,13479.32142857143,-62.19,stop,05:10,2023-05-12
LONG,13487.75,13488.09375,-5.11,be,05:15,2023-05-12
SHORT,13421.0,13420.711607142857,-5.33,be,06:10,2023-05-15
SHORT,13421.75,13433.392857142857,-53.05,stop,06:15,2023-05-15
LONG,13509.75,13510.183928571429,-4.74,be,04:25,2023-05-17
LONG,13507.25,13507.686607142858,-4.73,be,04:30,2023-05-17
LONG,13670.5,13670.95,-4.68,be,04:10,2023-05-18
LONG,13672.5,13672.94375,-4.7,be,04:15,2023-05-18
LONG,13911.75,13922.32142857143,35.81,stop,04:30,2023-05-19
LONG,13922.75,13923.1625,-4.83,be,04:35,2023-05-19
SHORT,13846.5,13846.23125,-5.41,be,05:35,2023-05-22
SHORT,13851.75,13851.488392857143,-5.43,be,05:40,2023-05-22
SHORT,13896.25,13885.30357142857,37.31,stop,05:25,2023-05-23
SHORT,13889.5,13889.158928571429,-5.12,be,05:45,2023-05-23
LONG,13728.25,13728.7875,-4.33,be,05:05,2023-05-24
SHORT,13686.75,13686.328571428572,-4.79,be,06:25,2023-05-24
LONG,13874.0,13874.574107142857,-4.18,be,04:30,2023-05-25
LONG,13875.25,13875.76875,-4.41,be,04:45,2023-05-25
LONG,13985.0,13985.525,-4.38,be,04:45,2023-05-26
LONG,13989.0,13989.496428571429,-4.49,be,04:50,2023-05-26
SHORT,14401.0,14400.725,-5.38,be,04:45,2023-05-29
SHORT,14399.5,14399.228571428572,-5.39,be,04:50,2023-05-29
LONG,14445.0,14477.848214285714,124.91,stop,04:10,2023-05-30
LONG,14454.0,14477.785714285714,88.66,stop,04:15,2023-05-30
LONG,14374.5,14375.05357142857,-4.27,be,05:10,2023-05-31
LONG,14370.5,14370.974107142858,-4.58,be,05:15,2023-05-31
LONG,14327.25,14327.610714285714,-5.04,be,06:40,2023-06-01
LONG,14326.25,14326.614285714286,-5.02,be,06:55,2023-06-01
LONG,14520.5,14520.877678571429,-4.97,be,04:35,2023-06-02
LONG,14520.0,14520.379464285714,-4.96,be,04:40,2023-06-02
SHORT,14571.25,14570.894642857143,-5.06,be,06:15,2023-06-06
SHORT,14566.75,14579.92857142857,-59.19,stop,06:20,2023-06-06
LONG,14572.5,14579.24107142857,20.48,stop,06:20,2023-06-07
LONG,14578.75,14579.03125,-5.36,be,06:25,2023-06-07
LONG,14307.0,14307.534821428571,-4.34,be,04:10,2023-06-08
LONG,14316.25,14328.705357142857,43.34,stop,04:20,2023-06-08
LONG,14502.25,14506.232142857143,9.45,stop,05:00,2023-06-09
LONG,14513.25,14513.711607142857,-4.63,be,05:05,2023-06-09
LONG,14627.5,14627.921428571428,-4.79,be,04:25,2023-06-12
LONG,14636.5,14636.91875,-4.8,be,04:30,2023-06-12
SHORT,14857.25,14871.32142857143,-62.77,stop,05:45,2023-06-13
SHORT,14862.25,14861.894642857143,-5.06,be,05:50,2023-06-13
LONG,14956.0,14956.595535714287,-4.1,be,04:25,2023-06-14
LONG,14958.5,14959.025892857142,-4.38,be,04:30,2023-06-14
SHORT,14943.75,14943.190178571429,-4.24,be,04:45,2023-06-15
SHORT,14946.5,14945.935714285713,-4.22,be,04:50,2023-06-15
LONG,15183.25,15183.795535714286,-4.3,be,04:10,2023-06-16
LONG,15184.75,15211.839285714286,101.88,stop,04:15,2023-06-16
SHORT,15266.5,15265.99375,-4.45,be,04:30,2023-06-19
SHORT,15265.25,15264.733928571428,-4.42,be,04:35,2023-06-19
SHORT,15195.0,15179.544642857143,55.34,stop,04:30,2023-06-20
SHORT,15183.5,15182.911607142858,-4.13,be,04:35,2023-06-20
LONG,15258.0,15236.785714285714,-91.34,stop,04:35,2023-06-21
LONG,15252.25,15252.761607142857,-4.43,be,04:40,2023-06-21
LONG,15020.25,15020.652678571429,-4.87,be,05:50,2023-06-22
LONG,15020.5,15003.785714285714,-73.34,stop,06:00,2023-06-22
SHORT,15103.0,15102.33482142857,-3.82,be,04:55,2023-06-23
SHORT,15099.25,15123.67857142857,-104.19,stop,05:00,2023-06-23
SHORT,15004.75,15034.285714285714,-124.62,stop,04:50,2023-06-26
SHORT,15009.75,15009.039285714285,-3.64,be,04:55,2023-06-26
LONG,14926.25,14926.559821428571,-5.24,be,06:40,2023-06-27
LONG,14930.25,14930.5625,-5.23,be,06:45,2023-06-27
SHORT,15040.25,15036.75,7.52,stop,04:35,2023-06-28
SHORT,15029.75,15029.201785714286,-4.29,be,04:40,2023-06-28
LONG,15147.25,15151.42857142857,10.23,stop,04:10,2023-06-29
LONG,15156.25,15156.791071428572,-4.32,be,04:15,2023-06-29
LONG,15150.75,15151.266964285714,-4.41,be,04:10,2023-06-30
LONG,15151.5,15152.014285714286,-4.42,be,04:15,2023-06-30
LONG,15378.25,15378.683035714286,-4.75,be,04:10,2023-07-03
LONG,15382.5,15382.934821428571,-4.74,be,04:15,2023-07-03
SHORT,15346.25,15346.019642857143,-5.56,be,04:45,2023-07-04
SHORT,15343.75,15352.607142857143,-41.91,stop,04:50,2023-07-04
LONG,15312.0,15312.409821428571,-4.84,be,04:10,2023-07-05
LONG,15314.0,15297.57142857143,-72.19,stop,04:20,2023-07-05
LONG,15301.75,15302.236607142857,-4.53,be,04:50,2023-07-06
LONG,15297.75,15298.208928571428,-4.64,be,04:55,2023-07-06
LONG,15212.0,15212.508035714285,-4.45,be,04:50,2023-07-07
LONG,15210.75,15211.224107142858,-4.58,be,04:55,2023-07-07
LONG,15120.5,15138.50892857143,65.56,stop,04:15,2023-07-10
LONG,15128.25,15133.32142857143,13.81,stop,04:20,2023-07-10
SHORT,15195.25,15194.771428571428,-4.57,be,04:20,2023-07-11
SHORT,15194.5,15194.039285714285,-4.64,be,04:30,2023-07-11
LONG,15301.25,15301.535714285714,-5.34,be,05:30,2023-07-12
LONG,15301.25,15301.517857142857,-5.41,be,05:40,2023-07-12
LONG,15536.75,15537.16517857143,-4.82,be,04:25,2023-07-13
LONG,15536.25,15536.682142857142,-4.75,be,04:30,2023-07-13
LONG,15735.0,15735.439285714287,-4.72,be,04:10,2023-07-14
LONG,15724.0,15706.357142857143,-77.05,stop,04:40,2023-07-14
LONG,15723.5,15723.898214285715,-4.89,be,04:10,2023-07-17
LONG,15724.75,15725.126785714287,-4.97,be,04:15,2023-07-17
SHORT,15816.5,15826.714285714286,-47.34,stop,06:50,2023-07-18
SHORT,15815.0,15814.675,-5.18,be,07:40,2023-07-18
SHORT,15965.25,15980.07142857143,-65.77,stop,04:10,2023-07-19
LONG,15995.0,16002.13392857143,22.06,stop,05:40,2023-07-19
SHORT,15835.25,15834.740178571428,-4.44,be,04:15,2023-07-20
SHORT,15833.0,15832.483928571428,-4.42,be,04:20,2023-07-20
LONG,15645.25,15654.38392857143,30.06,stop,04:20,2023-07-21
LONG,15649.5,15658.580357142857,29.84,stop,04:25,2023-07-21
LONG,15592.0,15592.363392857143,-5.03,be,05:35,2023-07-24
LONG,15604.0,15604.451785714286,-4.67,be,04:10,2023-07-25
LONG,15606.0,15620.348214285714,50.91,stop,04:15,2023-07-25
SHORT,15654.0,15653.54375,-4.66,be,04:15,2023-07-26
SHORT,15651.0,15650.589285714286,-4.84,be,04:45,2023-07-26
LONG,15778.75,15792.05357142857,46.73,stop,04:10,2023-07-27
LONG,15784.5,15786.267857142857,0.59,be,04:15,2023-07-27
LONG,15705.25,15705.74107142857,-4.52,be,07:15,2023-07-28
LONG,15713.75,15714.253571428571,-4.47,be,07:20,2023-07-28
LONG,15842.25,15842.799107142857,-4.28,be,04:10,2023-07-31
LONG,15837.0,15837.519642857143,-4.4,be,04:25,2023-07-31
SHORT,15816.25,15815.846428571429,-4.87,be,04:20,2023-08-01
SHORT,15814.0,15802.348214285714,40.13,stop,04:25,2023-08-01
SHORT,15617.0,15616.135714285714,-3.02,be,04:10,2023-08-02
SHORT,15616.5,15610.375,18.02,stop,04:15,2023-08-02
LONG,15419.75,15420.622321428571,-2.99,be,05:10,2023-08-03
LONG,15411.75,15412.595535714287,-3.1,be,05:15,2023-08-03
LONG,15546.75,15547.499107142858,-3.48,be,04:10,2023-08-04
LONG,15554.75,15555.4375,-3.73,be,04:15,2023-08-04
SHORT,15407.5,15432.42857142857,-106.19,stop,04:50,2023-08-07
SHORT,15409.75,15408.732142857143,-2.41,be,06:25,2023-08-07
SHORT,15402.75,15402.215178571429,-4.34,be,06:35,2023-08-08
SHORT,15401.5,15375.357142857143,98.09,stop,06:40,2023-08-08
SHORT,15383.25,15370.50892857143,44.48,stop,07:00,2023-08-09
SHORT,15374.5,15374.075,-4.78,be,07:05,2023-08-09
SHORT,15203.0,15197.767857142857,14.45,stop,04:10,2023-08-11
SHORT,15193.25,15192.703571428572,-4.29,be,04:15,2023-08-11
SHORT,15200.75,15199.85625,-2.91,be,04:10,2023-08-15
SHORT,15196.0,15195.372321428571,-3.97,be,06:10,2023-08-15
LONG,15159.75,15160.20625,-4.66,be,04:30,2023-08-16
LONG,15155.75,15156.217857142858,-4.61,be,04:35,2023-08-16
LONG,14974.0,14974.623214285713,-3.99,be,04:35,2023-08-17
LONG,14976.25,14976.867857142857,-4.01,be,04:40,2023-08-17
SHORT,14716.25,14715.699107142857,-4.28,be,06:35,2023-08-18
SHORT,14714.75,14714.213392857142,-4.33,be,06:40,2023-08-18
LONG,14826.0,14826.6125,-4.03,be,04:25,2023-08-21
LONG,14827.0,14827.608035714286,-4.05,be,04:30,2023-08-21
LONG,15051.5,15052.188392857142,-3.73,be,04:10,2023-08-22
LONG,15053.0,15053.690178571429,-3.72,be,04:15,2023-08-22
LONG,15073.5,15074.113392857143,-4.03,be,04:15,2023-08-23
LONG,15076.75,15052.714285714286,-102.62,stop,04:20,2023-08-23
SHORT,15349.5,15348.933035714286,-4.21,be,05:35,2023-08-24
SHORT,15342.75,15365.714285714286,-98.34,stop,05:40,2023-08-24
LONG,14860.75,14879.160714285714,67.16,stop,04:10,2023-08-25
LONG,14873.75,14874.509821428572,-3.44,be,04:15,2023-08-25
LONG,15024.0,15024.648214285715,-3.89,be,04:25,2023-08-28
LONG,15029.75,15004.964285714286,-105.62,stop,04:30,2023-08-28
SHORT,15072.0,15097.607142857143,-108.91,stop,04:15,2023-08-29
SHORT,15080.75,15080.11875,-3.95,be,04:20,2023-08-29
SHORT,15378.75,15378.202678571428,-4.29,be,04:30,2023-08-30
SHORT,15384.0,15383.466964285713,-4.35,be,04:40,2023-08-30
SHORT,15475.0,15474.50625,-4.51,be,05:10,2023-08-31
SHORT,15476.75,15475.767857142857,-2.55,be,05:15,2023-08-31
LONG,15565.5,15565.900892857142,-4.88,be,05:20,2023-09-01
LONG,15568.0,15551.642857142857,-71.91,stop,05:25,2023-09-01
LONG,15567.25,15554.82142857143,-56.19,stop,04:25,2023-09-04
LONG,15566.5,15566.7625,-5.43,be,06:00,2023-09-04
SHORT,15431.75,15431.007142857143,-3.51,be,04:15,2023-09-05
SHORT,15420.5,15451.17857142857,-129.19,stop,04:20,2023-09-05
LONG,15494.75,15504.92857142857,34.23,stop,06:15,2023-09-06
LONG,15493.25,15493.626785714287,-4.97,be,06:35,2023-09-06
SHORT,15293.0,15289.714285714286,6.66,be,04:15,2023-09-07
SHORT,15300.0,15282.42857142857,63.81,stop,04:20,2023-09-07
SHORT,15289.25,15288.65625,-4.11,be,04:20,2023-09-08
SHORT,15279.5,15278.884821428572,-4.02,be,04:25,2023-09-08
LONG,15402.75,15404.017857142857,-1.41,be,07:35,2023-09-11
LONG,15412.25,15394.035714285714,-79.34,stop,07:40,2023-09-11
SHORT,15429.0,15428.569642857143,-4.76,be,04:35,2023-09-12
SHORT,15428.5,15428.077678571428,-4.79,be,04:40,2023-09-12
SHORT,15286.0,15285.33482142857,-3.82,be,04:50,2023-09-13
SHORT,15285.25,15284.625,-3.98,be,05:00,2023-09-13
SHORT,15399.5,15398.947321428572,-4.27,be,04:10,2023-09-14
SHORT,15395.25,15394.703571428572,-4.29,be,04:15,2023-09-14
SHORT,15460.75,15460.204464285714,-4.3,be,04:55,2023-09-15
SHORT,15460.25,15459.780357142858,-4.6,be,05:05,2023-09-15
SHORT,15389.75,15389.323214285714,-4.77,be,07:10,2023-09-18
SHORT,15389.75,15389.325,-4.78,be,07:15,2023-09-18
LONG,15431.75,15432.240178571428,-4.52,be,04:15,2023-09-19
LONG,15430.25,15430.644642857143,-4.9,be,04:50,2023-09-19
LONG,15391.0,15391.483035714286,-4.55,be,04:25,2023-09-20
LONG,15396.5,15396.973214285714,-4.59,be,04:35,2023-09-20
SHORT,15054.5,15053.9625,-4.33,be,04:55,2023-09-21
SHORT,15053.0,15052.432142857142,-4.21,be,05:20,2023-09-21
LONG,14933.5,14933.935714285713,-4.74,be,05:50,2023-09-22
LONG,14933.5,14933.9375,-4.73,be,05:55,2023-09-22
SHORT,14910.75,14891.214285714286,71.66,stop,04:15,2023-09-25
SHORT,14901.75,14860.026785714286,160.41,stop,04:20,2023-09-25
LONG,14854.25,14878.598214285714,90.91,stop,04:10,2023-09-26
LONG,14868.25,14871.089285714286,4.88,be,04:15,2023-09-26
SHORT,14747.0,14765.07142857143,-78.77,stop,06:15,2023-09-27
SHORT,14722.25,14721.54017857143,-3.64,be,04:10,2023-09-28
SHORT,14723.5,14722.80357142857,-3.69,be,04:15,2023-09-28
LONG,14957.25,14957.879464285714,-3.96,be,04:25,2023-09-29
LONG,14961.5,14962.107142857143,-4.05,be,04:30,2023-09-29
SHORT,14965.0,14949.660714285714,54.88,stop,05:00,2023-10-02
SHORT,14952.5,14951.934821428571,-4.22,be,05:05,2023-10-02
LONG,15014.25,15014.969642857142,-3.6,be,04:10,2023-10-03
LONG,15014.75,15015.454464285714,-3.66,be,04:15,2023-10-03
LONG,14662.75,14663.71875,-2.61,be,04:15,2023-10-04
LONG,14660.25,14661.225,-2.58,be,04:20,2023-10-04
LONG,14907.0,14907.670535714286,-3.8,be,04:10,2023-10-05
LONG,14902.0,14902.652678571429,-3.87,be,04:15,2023-10-05
LONG,14897.5,14916.38392857143,69.06,stop,06:10,2023-10-06
LONG,14899.75,14900.207142857143,-4.65,be,06:15,2023-10-06
LONG,15019.25,15019.997321428571,-3.49,be,04:55,2023-10-09
LONG,15016.5,15017.225892857143,-3.58,be,05:00,2023-10-09
LONG,15235.5,15217.714285714286,-77.62,stop,06:45,2023-10-10
SHORT,15190.5,15190.010714285714,-4.52,be,07:25,2023-10-10
SHORT,15282.75,15282.082142857143,-3.81,be,04:25,2023-10-11
SHORT,15285.0,15284.344642857142,-3.86,be,04:30,2023-10-11
SHORT,15310.5,15309.988392857143,-4.43,be,04:30,2023-10-13
SHORT,15307.75,15295.982142857143,40.59,stop,04:35,2023-10-13
SHORT,15091.75,15090.878571428571,-2.99,be,04:10,2023-10-16
SHORT,15091.5,15090.661607142858,-3.13,be,04:15,2023-10-16
SHORT,15252.75,15252.128571428571,-3.99,be,04:40,2023-10-17
SHORT,15254.5,15253.857142857143,-3.91,be,04:45,2023-10-17
LONG,15209.5,15210.095535714287,-4.1,be,04:50,2023-10-18
LONG,15204.75,15205.320535714285,-4.2,be,04:55,2023-10-18
LONG,15042.5,15043.080357142857,-4.16,be,06:00,2023-10-19
LONG,15046.25,15046.827678571428,-4.17,be,06:05,2023-10-19
LONG,14849.75,14879.732142857143,113.45,stop,04:15,2023-10-20
LONG,14854.0,14854.704464285714,-3.66,be,04:20,2023-10-20
SHORT,14616.25,14615.482142857143,-3.41,be,05:05,2023-10-23
SHORT,14604.25,14603.451785714286,-3.29,be,05:10,2023-10-23
SHORT,14765.0,14764.375,-3.98,be,04:20,2023-10-24
SHORT,14773.5,14772.860714285714,-3.92,be,04:25,2023-10-24
LONG,14764.0,14764.667857142857,-3.81,be,04:30,2023-10-25
LONG,14766.25,14766.86607142857,-4.02,be,04:35,2023-10-25
LONG,14330.5,14331.330357142857,-3.16,be,04:10,2023-10-26
LONG,14330.25,14331.00892857143,-3.44,be,04:15,2023-10-26
LONG,14317.75,14318.389285714286,-3.92,be,04:20,2023-10-27
LONG,14317.25,14317.823214285714,-4.19,be,04:30,2023-10-27
LONG,14390.25,14367.75,-96.48,stop,05:20,2023-10-30
LONG,14384.25,14384.799107142857,-4.28,be,05:25,2023-10-30
LONG,14371.25,14371.713392857142,-4.63,be,04:25,2023-10-31
LONG,14373.75,14374.230357142857,-4.56,be,04:30,2023-10-31
SHORT,14452.5,14449.910714285714,3.88,be,04:20,2023-11-01
SHORT,14453.5,14450.017857142857,7.45,stop,04:25,2023-11-01
LONG,14825.5,14836.74107142857,38.48,stop,04:20,2023-11-02
LONG,14837.0,14837.449107142857,-4.68,be,04:25,2023-11-02
SHORT,14941.75,14941.419642857143,-5.16,be,04:30,2023-11-03
SHORT,14937.25,14936.842857142858,-4.85,be,05:05,2023-11-03
LONG,15223.0,15223.425892857143,-4.78,be,05:10,2023-11-06
LONG,15220.0,15220.423214285714,-4.79,be,05:15,2023-11-06
SHORT,15182.5,15182.119642857142,-4.96,be,06:40,2023-11-07
SHORT,15181.0,15196.0,-66.48,stop,06:45,2023-11-07
LONG,15371.0,15371.315178571429,-5.22,be,06:25,2023-11-08
LONG,15369.25,15370.32142857143,-2.19,be,06:30,2023-11-08
LONG,15400.5,15387.107142857143,-60.05,stop,05:45,2023-11-09
SHORT,15235.75,15221.089285714286,52.16,stop,04:15,2023-11-10
SHORT,15225.25,15220.625,12.02,stop,04:20,2023-11-10
LONG,15549.5,15549.876785714287,-4.97,be,04:20,2023-11-13
LONG,15551.25,15551.613392857143,-5.03,be,04:25,2023-11-13
LONG,15601.25,15601.597321428571,-5.09,be,04:10,2023-11-14
LONG,15603.75,15604.083928571428,-5.14,be,04:15,2023-11-14
LONG,15967.5,15967.819642857143,-5.2,be,05:55,2023-11-15
LONG,15965.0,15965.319642857143,-5.2,be,06:00,2023-11-15
LONG,15870.25,15870.732142857143,-4.55,be,04:20,2023-11-16
LONG,15869.75,15857.57142857143,-55.19,stop,05:35,2023-11-16
LONG,15918.25,15901.32142857143,-74.19,stop,04:15,2023-11-17
LONG,15914.5,15914.904464285713,-4.86,be,07:45,2023-11-17
LONG,15900.0,15910.794642857143,36.7,stop,04:10,2023-11-20
LONG,15904.75,15924.67857142857,73.23,stop,04:15,2023-11-20
SHORT,16071.0,16070.6625,-5.13,be,06:40,2023-11-21
SHORT,16067.25,16066.908928571429,-5.12,be,06:45,2023-11-21
LONG,15982.5,15982.957142857143,-4.65,be,04:15,2023-11-22
LONG,15984.25,15984.705357142857,-4.66,be,04:45,2023-11-22
LONG,16081.5,16081.804464285715,-5.26,be,04:40,2023-11-23
LONG,16082.5,16082.785714285714,-5.34,be,04:45,2023-11-23
LONG,16058.75,16059.090178571429,-5.12,be,04:10,2023-11-24
LONG,16062.25,16062.583928571428,-5.14,be,04:15,2023-11-24
SHORT,15974.75,15986.75,-54.48,stop,05:00,2023-11-27
LONG,15999.75,16000.047321428572,-5.29,be,05:30,2023-11-27
LONG,15983.25,15983.764285714286,-4.42,be,04:30,2023-11-28
LONG,15985.75,15986.254464285714,-4.46,be,04:35,2023-11-28
LONG,16104.5,16105.024107142857,-4.38,be,04:25,2023-11-29
LONG,16113.0,16113.558928571429,-4.24,be,04:30,2023-11-29
LONG,16074.5,16074.810714285713,-5.24,be,07:40,2023-11-30
LONG,16077.25,16077.558928571429,-5.24,be,07:45,2023-11-30
LONG,15988.0,15990.535714285714,3.66,stop,04:15,2023-12-01
LONG,15991.25,15991.600892857143,-5.08,be,04:20,2023-12-01
SHORT,15940.75,15938.25,3.52,stop,07:05,2023-12-04
SHORT,15938.0,15937.594642857142,-4.86,be,07:10,2023-12-04
LONG,15808.0,15808.530357142858,-4.36,be,04:10,2023-12-05
LONG,15812.0,15812.49107142857,-4.52,be,04:15,2023-12-05
SHORT,15947.0,15968.535714285714,-92.62,stop,04:40,2023-12-06
SHORT,15948.75,15970.0,-91.48,stop,04:45,2023-12-06
SHORT,15808.0,15807.533035714287,-4.61,be,04:20,2023-12-07
SHORT,15810.5,15828.357142857143,-77.91,stop,04:25,2023-12-07
LONG,16012.5,16023.57142857143,37.81,stop,04:10,2023-12-08
LONG,16017.75,16020.80357142857,5.73,stop,04:15,2023-12-08
LONG,16077.75,16078.189285714287,-4.72,be,04:10,2023-12-11
LONG,16078.75,16080.517857142857,0.59,be,04:15,2023-12-11
SHORT,16256.0,16255.633035714285,-5.01,be,04:35,2023-12-12
SHORT,16257.75,16257.515178571428,-5.54,be,05:50,2023-12-12
SHORT,16382.0,16391.10714285714,-42.91,stop,05:45,2023-12-13
SHORT,16625.0,16624.10714285714,-2.91,be,04:10,2023-12-14
SHORT,16618.75,16618.063392857144,-3.73,be,04:15,2023-12-14
LONG,16594.75,16595.076785714286,-5.17,be,04:15,2023-12-15
LONG,16595.75,16596.083035714284,-5.15,be,04:20,2023-12-15
LONG,16847.25,16847.758035714287,-4.45,be,04:10,2023-12-18
LONG,16850.25,16850.73482142857,-4.54,be,04:15,2023-12-18
LONG,16951.5,16958.66964285714,22.2,stop,06:25,2023-12-19
LONG,16958.0,16958.275892857142,-5.38,be,06:30,2023-12-19
SHORT,16969.0,16968.36160714286,-3.93,be,04:10,2023-12-20
SHORT,16969.0,16968.41607142857,-4.14,be,04:15,2023-12-20
LONG,16889.5,16872.10714285714,-76.05,stop,04:25,2023-12-21
LONG,16886.75,16887.178571428572,-4.77,be,04:30,2023-12-21
LONG,16921.25,16932.196428571428,37.31,stop,04:35,2023-12-22
LONG,16920.25,16920.589285714286,-5.12,be,04:40,2023-12-22
SHORT,17021.25,17005.633928571428,55.98,stop,04:10,2023-12-26
SHORT,17018.0,17005.64285714286,42.95,stop,04:15,2023-12-26
SHORT,17145.25,17152.14285714286,-34.05,stop,06:55,2023-12-28
LONG,17159.75,17159.95,-5.68,be,07:30,2023-12-28
SHORT,17105.0,17104.749107142856,-5.48,be,05:20,2023-12-29
SHORT,17105.0,17104.75267857143,-5.49,be,05:25,2023-12-29
SHORT,17011.5,17003.821428571428,24.23,stop,04:10,2024-01-02
SHORT,17003.75,17003.428571428572,-5.19,be,04:15,2024-01-02
SHORT,16665.0,16664.425,-4.18,be,04:10,2024-01-03
SHORT,16667.0,16666.423214285714,-4.17,be,04:15,2024-01-03
SHORT,16544.5,16533.285714285714,38.38,stop,06:55,2024-01-04
SHORT,16529.25,16520.29464285714,29.34,stop,07:00,2024-01-04
SHORT,16394.0,16393.534821428573,-4.62,be,04:45,2024-01-05
SHORT,16397.0,16396.548214285714,-4.67,be,05:00,2024-01-05
SHORT,16407.5,16390.45535714286,61.7,stop,04:25,2024-01-08
SHORT,16403.0,16390.241071428572,44.56,stop,04:30,2024-01-08
SHORT,16733.75,16729.535714285714,10.38,stop,04:10,2024-01-09
SHORT,16724.5,16724.066964285714,-4.75,be,04:15,2024-01-09
LONG,16882.5,16897.258928571428,52.56,stop,04:10,2024-01-10
LONG,16890.25,16890.849107142858,-4.08,be,04:15,2024-01-10
SHORT,17005.75,17005.29642857143,-4.67,be,04:35,2024-01-11
SHORT,17002.25,17001.800892857143,-4.68,be,04:40,2024-01-11
SHORT,16913.0,16912.43482142857,-4.22,be,06:20,2024-01-12
SHORT,16914.75,16874.723214285714,153.63,stop,06:25,2024-01-12
SHORT,16961.75,16961.209821428572,-4.32,be,04:45,2024-01-15
SHORT,16965.75,16965.224107142858,-4.38,be,04:50,2024-01-15
LONG,16886.75,16887.21875,-4.61,be,06:55,2024-01-16
LONG,16881.25,16881.71875,-4.61,be,07:00,2024-01-16
SHORT,16823.25,16849.75,-112.48,stop,04:15,2024-01-17
LONG,16862.5,16863.135714285716,-3.94,be,04:45,2024-01-17
LONG,16920.0,16920.65892857143,-3.84,be,04:25,2024-01-18
LONG,16923.25,16923.840178571427,-4.12,be,04:40,2024-01-18
LONG,17211.5,17223.821428571428,42.81,stop,04:10,2024-01-19
LONG,17229.0,17229.597321428573,-4.09,be,04:15,2024-01-19
LONG,17547.75,17528.64285714286,-82.91,stop,05:15,2024-01-22
LONG,17543.5,17543.87767857143,-4.97,be,06:20,2024-01-22
LONG,17660.25,17660.67142857143,-4.79,be,04:25,2024-01-24
LONG,17656.5,17656.929464285713,-4.76,be,04:30,2024-01-24
LONG,17655.0,17655.461607142857,-4.63,be,07:05,2024-01-25
LONG,17658.0,17639.071428571428,-82.19,stop,07:10,2024-01-25
LONG,17506.0,17506.567857142858,-4.21,be,04:30,2024-01-26
LONG,17502.75,17532.4375,112.27,stop,04:35,2024-01-26
LONG,17589.0,17570.321428571428,-81.19,stop,04:10,2024-01-29
SHORT,17428.25,17382.83035714286,175.2,stop,04:10,2024-01-31
SHORT,17413.25,17383.10714285714,114.09,stop,04:15,2024-01-31
LONG,17360.5,17360.970535714285,-4.6,be,07:45,2024-02-01
LONG,17355.5,17355.9875,-4.53,be,07:55,2024-02-01
LONG,17631.5,17632.928571428572,-0.77,be,07:25,2024-02-02
LONG,17637.0,17637.408035714285,-4.85,be,07:30,2024-02-02
SHORT,17678.0,17698.821428571428,-89.77,stop,04:55,2024-02-05
SHORT,17684.0,17704.39285714286,-88.05,stop,05:00,2024-02-05
SHORT,17734.5,17734.019642857143,-4.56,be,04:50,2024-02-06
SHORT,17732.25,17731.770535714284,-4.56,be,04:55,2024-02-06
LONG,17659.75,17668.51785714286,28.59,stop,04:20,2024-02-07
LONG,17671.75,17672.09107142857,-5.12,be,04:25,2024-02-07
SHORT,17816.5,17816.194642857143,-5.26,be,06:25,2024-02-08
SHORT,17803.75,17817.321428571428,-60.77,stop,06:30,2024-02-08
LONG,17927.75,17929.660714285714,1.16,be,07:05,2024-02-09
LONG,17936.25,17921.535714285714,-65.34,stop,07:25,2024-02-09
LONG,18057.25,18042.75,-64.48,stop,04:10,2024-02-12
LONG,18056.5,18041.464285714286,-66.62,stop,04:35,2024-02-12
SHORT,17886.0,17885.358035714286,-3.91,be,04:15,2024-02-13
SHORT,17889.0,17888.329464285714,-3.8,be,04:30,2024-02-13
LONG,17758.5,17762.26785714286,8.59,stop,04:10,2024-02-14
LONG,17763.25,17763.74732142857,-4.49,be,04:15,2024-02-14
SHORT,17901.25,17900.77142857143,-4.57,be,04:10,2024-02-15
SHORT,17894.25,17891.928571428572,2.81,be,04:15,2024-02-15
LONG,18017.25,18017.689285714285,-4.72,be,04:30,2024-02-16
LONG,18018.25,18018.623214285715,-4.99,be,05:05,2024-02-16
LONG,17783.0,17783.3,-5.28,be,05:15,2024-02-19
SHORT,17628.0,17627.21607142857,-3.34,be,05:10,2024-02-20
SHORT,17635.5,17634.727678571428,-3.39,be,05:15,2024-02-20
SHORT,17508.25,17532.678571428572,-104.19,stop,07:10,2024-02-21
SHORT,17508.0,17507.311607142856,-3.73,be,07:40,2024-02-21
LONG,17913.25,17913.78392857143,-4.34,be,06:20,2024-02-22
LONG,17917.0,17894.714285714286,-95.62,stop,06:25,2024-02-22
SHORT,18005.25,18004.777678571427,-4.59,be,04:30,2024-02-23
SHORT,18004.25,18022.964285714286,-81.34,stop,04:35,2024-02-23
LONG,17972.75,17973.21607142857,-4.62,be,04:35,2024-02-26
LONG,17976.75,17977.225,-4.58,be,04:40,2024-02-26
LONG,17997.5,17998.133928571428,-3.94,be,04:10,2024-02-27
LONG,17992.25,17992.85714285714,-4.05,be,04:15,2024-02-27
SHORT,17928.5,17927.882142857143,-4.01,be,04:30,2024-02-28
SHORT,17919.75,17919.13839285714,-4.03,be,04:35,2024-02-28
SHORT,18089.5,18041.39285714286,185.95,stop,05:15,2024-03-01
SHORT,18061.75,18042.151785714286,71.91,stop,05:20,2024-03-01
SHORT,18350.75,18341.401785714286,30.91,stop,04:25,2024-03-04
SHORT,18344.25,18343.820535714287,-4.76,be,04:30,2024-03-04
SHORT,18130.5,18129.852678571428,-3.89,be,04:50,2024-03-05
SHORT,18129.0,18128.375,-3.98,be,04:55,2024-03-05
LONG,18039.75,18056.75,61.52,stop,04:10,2024-03-06
LONG,18048.25,18051.303571428572,5.73,be,04:15,2024-03-06
LONG,17997.25,18058.29464285714,237.7,stop,04:10,2024-03-07
LONG,18009.0,18058.29464285714,190.7,stop,04:15,2024-03-07
SHORT,18277.75,18299.035714285714,-91.62,stop,06:50,2024-03-08
SHORT,18286.0,18285.451785714286,-4.29,be,06:55,2024-03-08
SHORT,17988.25,17951.633928571428,139.98,stop,04:10,2024-03-11
SHORT,17969.5,17962.196428571428,22.73,stop,04:15,2024-03-11
SHORT,18063.5,18063.0375,-4.63,be,04:15,2024-03-12
SHORT,18066.5,18066.04107142857,-4.64,be,04:20,2024-03-12
SHORT,18224.5,18201.366071428572,86.06,stop,04:25,2024-03-13
SHORT,18204.75,18204.217857142856,-4.35,be,04:30,2024-03-13
LONG,18160.0,18172.26785714286,42.59,stop,04:10,2024-03-14
LONG,18166.0,18166.42410714286,-4.78,be,04:15,2024-03-14
LONG,17996.0,17996.511607142857,-4.43,be,04:15,2024-03-15
LONG,17996.75,17997.261607142857,-4.43,be,04:25,2024-03-15
LONG,18173.0,18173.6125,-4.03,be,04:50,2024-03-18
LONG,18181.0,18181.61517857143,-4.02,be,04:55,2024-03-18
SHORT,18167.0,18166.378571428573,-3.99,be,04:15,2024-03-19
SHORT,18165.0,18189.321428571428,-103.77,stop,04:20,2024-03-19
SHORT,18250.5,18249.99017857143,-4.44,be,04:40,2024-03-20
SHORT,18247.5,18246.980357142857,-4.4,be,04:45,2024-03-20
SHORT,18616.25,18615.635714285716,-4.02,be,04:25,2024-03-21
SHORT,18622.0,18621.382142857143,-4.01,be,04:30,2024-03-21
LONG,18575.25,18575.820535714287,-4.2,be,04:15,2024-03-22
LONG,18575.5,18576.121428571427,-3.99,be,04:25,2024-03-22
LONG,18556.75,18557.159821428573,-4.84,be,04:10,2024-03-25
LONG,18555.5,18555.9,-4.88,be,04:15,2024-03-25
LONG,18608.5,18608.905357142856,-4.86,be,05:35,2024-03-26
LONG,18610.0,18610.43125,-4.75,be,06:05,2024-03-26
LONG,18503.0,18503.45625,-4.66,be,04:20,2024-03-27
LONG,18505.5,18505.95267857143,-4.67,be,04:25,2024-03-27
SHORT,18482.0,18470.776785714286,38.41,stop,05:00,2024-03-28
SHORT,18472.75,18470.071428571428,4.23,stop,05:20,2024-03-28
SHORT,18564.75,18564.339285714286,-4.84,be,04:10,2024-04-01
SHORT,18562.0,18578.535714285714,-72.62,stop,04:15,2024-04-01
LONG,18507.25,18474.89285714286,-135.91,stop,04:20,2024-04-02
LONG,18502.5,18503.298214285714,-3.29,be,04:25,2024-04-02
LONG,18303.75,18277.785714285714,-110.34,stop,04:50,2024-04-03
SHORT,18262.25,18261.786607142858,-4.63,be,06:35,2024-04-03
LONG,18450.0,18450.576785714286,-4.17,be,04:10,2024-04-04
LONG,18447.5,18448.04464285714,-4.3,be,04:15,2024-04-04
LONG,18143.0,18143.48660714286,-4.53,be,05:55,2024-04-05
LONG,18141.0,18141.350892857143,-5.08,be,07:25,2024-04-05
SHORT,18259.0,18293.535714285714,-144.62,stop,04:25,2024-04-08
SHORT,18273.0,18272.10625,-2.91,be,04:30,2024-04-08
SHORT,18261.25,18260.61875,-3.96,be,06:40,2024-04-09
SHORT,18264.5,18291.39285714286,-114.05,stop,06:45,2024-04-09
LONG,18404.25,18404.719642857144,-4.6,be,05:00,2024-04-10
SHORT,18366.5,18366.025,-4.58,be,05:55,2024-04-10
SHORT,18180.5,18161.276785714286,70.41,stop,04:50,2024-04-11
SHORT,18175.75,18175.130357142858,-4.0,be,04:55,2024-04-11
SHORT,18465.0,18464.49375,-4.46,be,04:10,2024-04-12
SHORT,18459.75,18480.14285714286,-88.05,stop,04:15,2024-04-12
LONG,18290.5,18291.075,-4.18,be,05:05,2024-04-15
LONG,18293.5,18271.285714285714,-95.34,stop,05:10,2024-04-15
LONG,17880.75,17844.821428571428,-150.19,stop,04:15,2024-04-16
SHORT,17835.0,17834.272321428572,-3.57,be,05:55,2024-04-16
LONG,17893.25,17894.04732142857,-3.29,be,04:25,2024-04-17
LONG,17896.0,17903.803571428572,24.73,stop,04:30,2024-04-17
SHORT,17730.0,17725.14285714286,12.95,stop,04:15,2024-04-18
SHORT,17724.25,17723.586607142857,-3.83,be,04:20,2024-04-18
SHORT,17401.25,17443.89285714286,-177.05,stop,04:15,2024-04-19
SHORT,17409.75,17408.586607142857,-1.83,be,04:40,2024-04-19
SHORT,17235.0,17264.60714285714,-124.91,stop,04:10,2024-04-22
LONG,17307.25,17307.789285714287,-4.32,be,06:05,2024-04-22
LONG,17375.5,17392.196428571428,60.31,stop,04:10,2024-04-23
LONG,17395.75,17396.425,-3.78,be,04:15,2024-04-23
SHORT,17709.5,17708.970535714285,-4.36,be,04:50,2024-04-24
SHORT,17694.25,17693.715178571427,-4.34,be,04:55,2024-04-24
LONG,17478.25,17478.879464285714,-3.96,be,04:10,2024-04-25
LONG,17485.25,17485.89285714286,-3.91,be,04:15,2024-04-25
SHORT,17732.25,17731.685714285715,-4.22,be,04:55,2024-04-26
SHORT,17723.5,17722.944642857143,-4.26,be,05:05,2024-04-26
LONG,17909.25,17890.285714285714,-82.34,stop,04:15,2024-04-29
SHORT,17880.5,17876.678571428572,8.81,stop,05:35,2024-04-29
SHORT,17872.75,17872.324107142857,-4.78,be,04:55,2024-04-30
SHORT,17871.0,17870.574107142857,-4.78,be,05:00,2024-04-30
SHORT,17431.5,17430.788392857143,-3.63,be,05:10,2024-05-01
SHORT,17437.5,17432.875,12.02,stop,05:15,2024-05-01
LONG,17591.0,17591.70535714286,-3.66,be,04:25,2024-05-02
LONG,17601.0,17581.75,-83.48,stop,06:10,2024-05-02
LONG,17754.0,17754.51785714286,-4.41,be,04:10,2024-05-03
LONG,17748.75,17761.491071428572,44.48,stop,04:20,2024-05-03
LONG,18030.75,18031.227678571428,-4.57,be,04:30,2024-05-06
LONG,18035.0,18035.472321428573,-4.59,be,04:35,2024-05-06
SHORT,18160.25,18159.851785714287,-4.89,be,04:10,2024-05-07
SHORT,18155.75,18172.035714285714,-71.62,stop,04:15,2024-05-07
SHORT,18192.5,18192.13839285714,-5.03,be,05:00,2024-05-08
SHORT,18193.5,18193.14107142857,-5.04,be,05:05,2024-05-08
SHORT,18107.0,18124.0,-74.48,stop,05:20,2024-05-09
SHORT,18118.75,18136.714285714286,-78.34,stop,05:25,2024-05-09
SHORT,18241.0,18261.428571428572,-88.19,stop,04:10,2024-05-10
LONG,18291.0,18292.73214285714,0.45,be,05:00,2024-05-10
SHORT,18274.25,18291.35714285714,-74.91,stop,04:20,2024-05-13
SHORT,18278.5,18278.071428571428,-4.77,be,04:45,2024-05-13
LONG,18300.0,18300.275892857142,-5.38,be,04:25,2024-05-14
LONG,18298.5,18298.772321428572,-5.39,be,04:30,2024-05-14
LONG,18419.5,18409.214285714286,-47.62,stop,05:45,2024-05-15
SHORT,18631.75,18631.360714285714,-4.92,be,04:10,2024-05-17
SHORT,18627.0,18626.592857142856,-4.85,be,04:15,2024-05-17
LONG,18668.5,18668.798214285714,-5.29,be,04:10,2024-05-20
LONG,18669.5,18669.750892857144,-5.48,be,05:50,2024-05-20
SHORT,18739.0,18738.75267857143,-5.49,be,04:45,2024-05-21
SHORT,18740.0,18739.745535714286,-5.46,be,04:50,2024-05-21
SHORT,18786.5,18786.210714285713,-5.32,be,05:20,2024-05-22
SHORT,18785.5,18785.211607142857,-5.33,be,05:25,2024-05-22
LONG,18958.25,18966.5625,26.77,stop,06:45,2024-05-23
LONG,18963.75,18964.000892857144,-5.48,be,06:50,2024-05-23
LONG,18712.5,18738.8125,98.77,stop,04:10,2024-05-24
LONG,18718.5,18719.003571428573,-4.47,be,04:15,2024-05-24
SHORT,18865.0,18878.285714285714,-59.62,stop,04:15,2024-05-27
LONG,18943.5,18962.125,68.02,stop,04:10,2024-05-28
LONG,18960.25,18960.800892857143,-4.28,be,04:15,2024-05-28
SHORT,18840.5,18821.4375,69.77,stop,04:10,2024-05-29
SHORT,18829.0,18828.167857142857,-3.15,be,04:15,2024-05-29
LONG,18703.25,18703.839285714286,-4.12,be,04:10,2024-05-30
LONG,18705.5,18726.785714285714,78.66,stop,04:15,2024-05-30
LONG,18564.0,18564.654464285715,-3.86,be,04:20,2024-05-31
LONG,18569.75,18543.10714285714,-113.05,stop,04:25,2024-05-31
LONG,18674.0,18674.667857142857,-3.81,be,05:10,2024-06-03
LONG,18673.5,18651.071428571428,-96.19,stop,05:35,2024-06-03
SHORT,18562.25,18561.33035714286,-2.8,be,04:35,2024-06-04
SHORT,18560.0,18559.06875,-2.75,be,04:50,2024-06-04
LONG,18749.25,18749.925892857143,-3.78,be,04:10,2024-06-05
LONG,18750.0,18750.65625,-3.86,be,04:15,2024-06-05
LONG,19104.75,19105.227678571428,-4.57,be,04:20,2024-06-06
LONG,19105.5,19105.95267857143,-4.67,be,04:25,2024-06-06
SHORT,19072.0,19071.6,-4.88,be,05:20,2024-06-07
SHORT,19071.5,19071.196428571428,-5.27,be,06:20,2024-06-07
SHORT,18981.5,18981.03125,-4.61,be,05:25,2024-06-10
SHORT,18988.25,19007.64285714286,-84.05,stop,05:30,2024-06-10
SHORT,19080.75,19064.035714285714,60.38,stop,04:40,2024-06-11
SHORT,19072.5,19072.02857142857,-4.59,be,04:50,2024-06-11
LONG,19259.75,19260.133035714287,-4.95,be,04:15,2024-06-12
LONG,19260.25,19260.63125,-4.96,be,04:50,2024-06-12
SHORT,19631.75,19631.27857142857,-4.59,be,04:50,2024-06-13
SHORT,19633.75,19633.290178571428,-4.64,be,04:55,2024-06-13
SHORT,19605.25,19604.560714285715,-3.72,be,05:10,2024-06-14
SHORT,19601.5,19600.866964285713,-3.95,be,05:15,2024-06-14
LONG,19734.5,19734.991964285713,-4.51,be,04:10,2024-06-17
LONG,19737.25,19738.053571428572,-3.27,be,04:15,2024-06-17
LONG,19953.25,19953.7375,-4.53,be,04:10,2024-06-18
LONG,19947.25,19947.716964285715,-4.61,be,04:15,2024-06-18
LONG,19961.5,19962.60714285714,-2.05,stop,06:45,2024-06-19
LONG,19963.75,19963.92767857143,-5.77,be,06:50,2024-06-19
SHORT,20028.75,20019.75,29.52,stop,07:40,2024-06-20
SHORT,20029.5,20019.866071428572,32.06,stop,07:50,2024-06-20
SHORT,19732.0,19713.258928571428,68.48,stop,04:15,2024-06-21
SHORT,19718.75,19717.88482142857,-3.02,be,04:20,2024-06-21
SHORT,19973.25,19972.713392857142,-4.33,be,05:35,2024-06-24
SHORT,19970.5,19947.428571428572,85.81,stop,05:40,2024-06-24
LONG,19789.0,19789.838392857142,-3.13,be,04:25,2024-06-25
LONG,19793.5,19828.321428571428,132.81,stop,04:30,2024-06-25
SHORT,19983.0,19982.339285714286,-3.84,be,07:35,2024-06-26
SHORT,19991.0,19990.326785714286,-3.79,be,07:40,2024-06-26
SHORT,19939.0,19938.525,-4.58,be,04:25,2024-06-27
SHORT,19943.5,19962.60714285714,-82.91,stop,04:30,2024-06-27
SHORT,20094.25,20093.742857142857,-4.45,be,04:10,2024-06-28
SHORT,20095.5,20115.178571428572,-85.19,stop,04:15,2024-06-28
SHORT,19923.5,19922.61875,-2.96,be,04:45,2024-07-01
SHORT,19926.75,19925.8375,-2.83,be,05:00,2024-07-01
SHORT,19932.75,19932.26517857143,-4.54,be,07:20,2024-07-02
SHORT,19932.5,19931.985714285714,-4.42,be,07:30,2024-07-02
LONG,20258.5,20258.929464285713,-4.76,be,04:35,2024-07-03
LONG,20266.25,20266.689285714285,-4.72,be,04:40,2024-07-03
SHORT,20397.25,20405.85714285714,-40.91,stop,05:05,2024-07-04
LONG,20455.75,20436.571428571428,-83.19,stop,04:15,2024-07-05
LONG,20608.75,20609.13482142857,-4.94,be,04:25,2024-07-08
LONG,20608.25,20608.60625,-5.05,be,04:30,2024-07-08
LONG,20742.5,20742.792857142857,-5.31,be,05:30,2024-07-09
LONG,20742.5,20742.789285714287,-5.32,be,05:35,2024-07-09
LONG,20723.0,20723.31875,-5.21,be,04:10,2024-07-10
LONG,20724.25,20724.567857142858,-5.21,be,04:15,2024-07-10
LONG,20433.75,20434.316071428573,-4.22,be,04:40,2024-07-12
LONG,20434.0,20434.532142857144,-4.35,be,04:50,2024-07-12
LONG,20633.25,20633.576785714286,-5.17,be,07:05,2024-07-15
LONG,20635.5,20637.35714285714,0.95,be,07:10,2024-07-15
SHORT,20550.25,20549.48214285714,-3.41,be,04:10,2024-07-16
SHORT,20556.5,20555.772321428572,-3.57,be,04:15,2024-07-16
SHORT,20338.5,20336.0,3.52,be,04:15,2024-07-17
SHORT,20330.25,20329.166964285716,-2.15,be,04:20,2024-07-17
SHORT,20028.25,20027.34107142857,-2.84,be,06:10,2024-07-18
SHORT,20029.25,20065.428571428572,-151.19,stop,06:15,2024-07-18
LONG,19918.75,19920.678571428572,1.23,be,07:20,2024-07-19
LONG,19938.25,19901.678571428572,-152.77,stop,07:25,2024-07-19
LONG,19845.75,19846.32589285714,-4.18,be,05:50,2024-07-22
LONG,19843.5,19844.074107142857,-4.18,be,05:55,2024-07-22
LONG,19953.0,19955.303571428572,2.73,be,05:20,2024-07-23
LONG,19965.25,19965.96875,-3.61,be,05:25,2024-07-23
SHORT,19695.75,19694.8375,-2.83,be,04:25,2024-07-24
SHORT,19689.75,19725.321428571428,-148.77,stop,04:30,2024-07-24
SHORT,19095.0,19093.10714285714,1.09,be,04:10,2024-07-25
SHORT,19085.25,19083.375,1.02,be,04:15,2024-07-25
LONG,19155.0,19156.229464285716,-1.56,be,04:10,2024-07-26
LONG,19156.75,19157.970535714285,-1.6,be,04:15,2024-07-26
LONG,19251.75,19252.6125,-3.03,be,04:40,2024-07-30
LONG,19261.0,19226.85714285714,-143.05,stop,05:05,2024-07-30
SHORT,19179.25,19217.678571428572,-160.19,stop,04:15,2024-07-31
LONG,19240.0,19240.988392857143,-2.53,be,04:35,2024-07-31
SHORT,19559.25,19531.23214285714,105.59,stop,04:10,2024-08-01
SHORT,19526.25,19524.8125,-0.73,be,04:15,2024-08-01
LONG,17979.5,17851.10714285714,-520.05,stop,04:10,2024-08-05
LONG,17923.75,17927.066964285714,6.79,be,04:15,2024-08-05
SHORT,18193.75,18191.722321428573,1.63,be,04:10,2024-08-06
SHORT,18156.5,18154.38125,2.0,be,04:15,2024-08-06
LONG,18356.75,18358.98125,2.45,be,04:15,2024-08-07
LONG,18359.25,18418.410714285714,230.16,stop,04:20,2024-08-07
LONG,18574.5,18575.96607142857,-0.62,be,04:10,2024-08-09
LONG,18573.5,18574.880357142858,-0.96,be,04:15,2024-08-09
SHORT,18736.25,18735.483035714286,-3.41,be,05:10,2024-08-13
SHORT,18736.0,18735.284821428573,-3.62,be,05:15,2024-08-13
SHORT,19076.5,19075.75982142857,-3.52,be,04:10,2024-08-14
SHORT,19079.0,19078.21875,-3.36,be,04:15,2024-08-14
SHORT,19148.25,19131.41964285714,60.84,stop,04:30,2024-08-15
SHORT,19127.5,19126.821428571428,-3.77,be,04:35,2024-08-15
SHORT,19623.5,19622.849107142858,-3.88,be,04:25,2024-08-16
SHORT,19616.75,19616.085714285713,-3.82,be,04:30,2024-08-16
SHORT,19543.5,19578.39285714286,-146.05,stop,04:10,2024-08-19
SHORT,19544.25,19578.60714285714,-143.91,stop,04:15,2024-08-19
SHORT,19878.75,19860.401785714286,66.91,stop,04:30,2024-08-20
SHORT,19870.75,19870.090178571427,-3.84,be,04:35,2024-08-20
SHORT,19792.0,19820.10714285714,-118.91,stop,05:05,2024-08-21
SHORT,19795.5,19794.85892857143,-3.92,be,05:30,2024-08-21
LONG,19935.0,19919.035714285714,-70.34,stop,05:20,2024-08-22
LONG,19938.75,19939.139285714286,-4.92,be,06:20,2024-08-22
LONG,19709.25,19709.775892857142,-4.38,be,04:55,2024-08-23
LONG,19713.5,19693.0,-88.48,stop,05:00,2024-08-23
LONG,19843.25,19815.0,-119.48,stop,04:10,2024-08-26
LONG,19839.75,19840.41875,-3.8,be,04:20,2024-08-26
LONG,19635.75,19636.46875,-3.61,be,04:10,2024-08-27
LONG,19642.25,19642.976785714287,-3.57,be,04:15,2024-08-27
LONG,19663.25,19677.25,49.52,stop,04:35,2024-08-28
LONG,19670.75,19682.991071428572,42.48,stop,04:40,2024-08-28
LONG,19413.0,19413.92142857143,-2.79,be,04:15,2024-08-29
LONG,19416.5,19379.035714285714,-156.34,stop,04:20,2024-08-29
LONG,19545.75,19524.785714285714,-90.34,stop,07:00,2024-08-30
LONG,19542.0,19542.540178571428,-4.32,be,07:05,2024-08-30
LONG,19567.5,19568.235714285714,-3.54,be,04:25,2024-09-02
LONG,19565.0,19579.071428571428,49.81,stop,04:30,2024-09-02
SHORT,19566.0,19565.1875,-3.23,be,04:40,2024-09-03
SHORT,19566.75,19565.90892857143,-3.12,be,04:45,2024-09-03
LONG,18922.25,18923.347321428573,-2.09,be,04:35,2024-09-04
LONG,18925.0,18926.039285714287,-2.32,be,05:20,2024-09-04
LONG,18623.25,18623.99375,-3.5,be,05:10,2024-09-09
LONG,18627.5,18628.235714285714,-3.54,be,05:15,2024-09-09
SHORT,18588.0,18622.071428571428,-142.77,stop,05:10,2024-09-10
SHORT,18594.0,18593.155357142856,-3.1,be,05:15,2024-09-10
SHORT,18770.5,18769.61517857143,-2.94,be,04:45,2024-09-11
SHORT,18770.25,18769.290178571428,-2.64,be,04:55,2024-09-11
LONG,19536.75,19537.29464285714,-4.3,be,04:10,2024-09-16
LONG,19534.5,19535.05267857143,-4.27,be,04:15,2024-09-16
LONG,19517.25,19546.64285714286,111.09,stop,05:05,2024-09-17
LONG,19522.5,19522.991071428572,-4.52,be,05:10,2024-09-17
SHORT,19431.75,19431.149107142857,-4.08,be,04:10,2024-09-18
SHORT,19428.0,19427.397321428572,-4.07,be,04:15,2024-09-18
LONG,19709.75,19736.035714285714,98.66,stop,05:05,2024-09-19
LONG,19713.75,19736.214285714286,83.38,stop,05:10,2024-09-19
SHORT,19777.0,19776.367857142857,-3.95,be,04:30,2024-09-20
SHORT,19775.0,19800.035714285714,-106.62,stop,04:35,2024-09-20
LONG,20157.75,20158.473214285714,-3.59,be,04:15,2024-09-24
LONG,20168.5,20169.24732142857,-3.49,be,04:20,2024-09-24
LONG,20122.25,20123.696428571428,-0.69,be,06:05,2024-09-25
LONG,20128.75,20129.308928571427,-4.24,be,06:10,2024-09-25
LONG,20319.75,20320.773214285713,-2.39,be,04:35,2024-09-27
LONG,20321.5,20289.785714285714,-133.34,stop,05:20,2024-09-27
SHORT,20176.5,20209.285714285714,-137.62,stop,04:20,2024-09-30
SHORT,20182.5,20181.60625,-2.91,be,04:35,2024-09-30
LONG,20294.5,20294.95267857143,-4.67,be,06:30,2024-10-01
LONG,20295.75,20296.208035714284,-4.65,be,06:35,2024-10-01
SHORT,19892.25,19891.433035714286,-3.21,be,06:05,2024-10-02
SHORT,19895.25,19894.444642857143,-3.26,be,06:10,2024-10-02
LONG,19978.0,19978.70892857143,-3.64,be,08:00,2024-10-03
LONG,20046.5,20047.164285714287,-3.82,be,06:05,2024-10-04
LONG,20053.25,20055.196428571428,1.31,be,06:10,2024-10-04
SHORT,20130.0,20078.678571428572,198.81,stop,04:55,2024-10-07
SHORT,20113.25,20078.66964285714,131.84,stop,05:00,2024-10-07
LONG,20045.0,20068.714285714286,88.38,stop,05:05,2024-10-08
LONG,20042.75,20061.6875,69.27,stop,05:10,2024-10-08
LONG,20241.75,20242.475,-3.58,be,04:50,2024-10-09
LONG,20243.5,20244.2125,-3.63,be,05:00,2024-10-09
SHORT,20410.5,20430.071428571428,-84.77,stop,05:10,2024-10-10
SHORT,20412.75,20412.276785714286,-4.59,be,05:15,2024-10-10
SHORT,20358.75,20358.050892857143,-3.68,be,04:50,2024-10-11
SHORT,20365.75,20365.03392857143,-3.62,be,04:55,2024-10-11
LONG,20469.25,20471.64285714286,3.09,be,04:15,2024-10-14
LONG,20477.0,20477.525,-4.38,be,04:20,2024-10-14
SHORT,20587.0,20572.151785714286,52.91,stop,04:20,2024-10-15
SHORT,20578.0,20577.285714285714,-3.62,be,04:25,2024-10-15
LONG,20462.0,20494.339285714286,122.88,stop,04:25,2024-10-17
LONG,20470.0,20470.823214285716,-3.19,be,04:30,2024-10-17
LONG,20456.75,20457.23125,-4.55,be,04:10,2024-10-18
LONG,20458.25,20458.72857142857,-4.57,be,04:15,2024-10-18
SHORT,20428.0,20427.58035714286,-4.8,be,05:25,2024-10-21
SHORT,20422.5,20406.35714285714,58.09,stop,05:30,2024-10-21
SHORT,20440.0,20439.183928571427,-3.22,be,04:35,2024-10-22
SHORT,20430.5,20429.72857142857,-3.39,be,05:00,2024-10-22
SHORT,20492.0,20491.558035714286,-4.71,be,04:45,2024-10-23
SHORT,20488.25,20487.805357142857,-4.7,be,04:50,2024-10-23
LONG,20391.75,20392.376785714285,-3.97,be,04:15,2024-10-24
LONG,20393.75,20394.344642857144,-4.1,be,04:20,2024-10-24
LONG,20442.5,20443.03392857143,-4.34,be,05:25,2024-10-25
LONG,20440.0,20440.498214285715,-4.49,be,05:30,2024-10-25
SHORT,20610.25,20639.0,-121.48,stop,04:10,2024-10-28
LONG,20661.0,20661.805357142857,-3.26,be,04:40,2024-10-28
SHORT,20503.0,20488.696428571428,50.73,stop,04:10,2024-10-29
SHORT,20516.0,20488.785714285714,102.38,stop,04:15,2024-10-29
SHORT,20734.0,20733.39642857143,-4.07,be,04:10,2024-10-30
SHORT,20731.5,20729.535714285714,1.38,be,04:40,2024-10-30
SHORT,20304.75,20303.8125,-2.73,be,04:10,2024-10-31
SHORT,20304.75,20303.879464285714,-3.0,be,04:25,2024-10-31
LONG,20103.25,20104.061607142856,-3.23,be,04:10,2024-11-01
LONG,20107.75,20108.560714285715,-3.24,be,04:15,2024-11-01
LONG,20210.5,20181.89285714286,-120.91,stop,05:40,2024-11-04
LONG,20208.0,20180.964285714286,-114.62,stop,05:45,2024-11-04
LONG,20162.5,20163.152678571427,-3.87,be,04:10,2024-11-05
LONG,20161.5,20162.125,-3.98,be,04:15,2024-11-05
SHORT,20636.75,20635.80982142857,-2.72,be,06:50,2024-11-06
SHORT,20606.0,20650.25,-183.48,stop,06:55,2024-11-06
LONG,20964.0,20964.4625,-4.63,be,07:15,2024-11-07
LONG,20966.0,20966.500892857144,-4.48,be,07:25,2024-11-07
SHORT,21202.75,21202.316071428573,-4.74,be,05:15,2024-11-08
SHORT,21210.25,21181.04464285714,110.34,stop,05:20,2024-11-08
SHORT,21282.5,21282.04464285714,-4.66,be,05:30,2024-11-11
SHORT,21283.0,21282.55,-4.68,be,05:35,2024-11-11
SHORT,21193.75,21193.07767857143,-3.79,be,04:10,2024-11-12
SHORT,21193.5,21192.785714285714,-3.62,be,04:50,2024-11-12
LONG,21186.5,21187.083035714284,-4.15,be,04:10,2024-11-14
LONG,21175.75,21151.35714285714,-104.05,stop,04:15,2024-11-14
LONG,20860.25,20840.535714285714,-85.34,stop,07:10,2024-11-15
LONG,20861.75,20862.292857142857,-4.31,be,08:00,2024-11-15
SHORT,20570.75,20567.48214285714,6.59,be,04:35,2024-11-18
SHORT,20559.25,20558.338392857142,-2.83,be,04:40,2024-11-18
SHORT,20521.5,20519.87767857143,0.01,be,04:30,2024-11-19
SHORT,20530.5,20528.745535714286,0.54,be,04:35,2024-11-19
SHORT,20789.25,20788.44732142857,-3.27,be,04:50,2024-11-20
SHORT,20785.5,20781.01785714286,11.45,be,05:05,2024-11-20
SHORT,20629.75,20628.276785714286,-0.59,be,04:10,2024-11-21
SHORT,20631.0,20629.59642857143,-0.87,be,04:15,2024-11-21
SHORT,20772.5,20771.400892857142,-2.08,be,04:10,2024-11-22
SHORT,20772.75,20771.665178571428,-2.14,be,04:15,2024-11-22
LONG,20965.0,20965.49375,-4.5,be,04:45,2024-11-25
LONG,20967.75,20968.214285714286,-4.62,be,04:50,2024-11-25
LONG,20895.25,20866.75,-120.48,stop,05:05,2024-11-26
LONG,20894.5,20895.10982142857,-4.04,be,06:05,2024-11-26
SHORT,20918.0,20917.16875,-3.16,be,04:30,2024-11-27
SHORT,20909.5,20940.678571428572,-131.19,stop,04:35,2024-11-27
LONG,20868.25,20872.883928571428,12.06,stop,07:55,2024-11-28
LONG,20873.0,20873.229464285716,-5.56,be,08:00,2024-11-28
LONG,20907.5,20907.964285714286,-4.62,be,04:25,2024-11-29
LONG,20905.5,20905.94375,-4.71,be,04:30,2024-11-29
SHORT,20948.25,20947.834821428572,-4.82,be,05:05,2024-12-02
SHORT,20945.25,20944.829464285714,-4.8,be,05:10,2024-12-02
SHORT,21206.5,21194.410714285714,41.88,stop,05:35,2024-12-03
SHORT,21208.25,21207.958035714284,-5.31,be,05:40,2024-12-03
LONG,21397.5,21398.025892857142,-4.38,be,04:15,2024-12-04
LONG,21393.25,21393.773214285713,-4.39,be,04:20,2024-12-04
LONG,21510.5,21510.821428571428,-5.19,be,05:05,2024-12-05
LONG,21515.0,21515.316071428573,-5.22,be,05:10,2024-12-05
SHORT,21466.25,21465.851785714287,-4.89,be,04:20,2024-12-06
SHORT,21468.5,21459.303571428572,30.31,stop,04:30,2024-12-06
SHORT,21668.5,21667.874107142856,-3.98,be,04:10,2024-12-09
SHORT,21669.75,21648.758928571428,77.48,stop,04:15,2024-12-09
LONG,21470.0,21470.34375,-5.11,be,05:05,2024-12-10
LONG,21477.5,21479.821428571428,2.81,stop,05:10,2024-12-10
LONG,21449.25,21449.708035714284,-4.65,be,04:10,2024-12-11
LONG,21453.75,21435.571428571428,-79.19,stop,04:15,2024-12-11
SHORT,21739.5,21739.054464285713,-4.7,be,04:35,2024-12-12
SHORT,21737.5,21737.07767857143,-4.79,be,04:40,2024-12-12
LONG,21773.0,21773.48660714286,-4.53,be,04:25,2024-12-13
LONG,21776.0,21756.928571428572,-82.77,stop,04:30,2024-12-13
LONG,21820.75,21822.25,-0.48,be,04:10,2024-12-16
LONG,21828.25,21828.775892857142,-4.38,be,04:15,2024-12-16
LONG,22073.0,22073.770535714284,-3.4,be,04:35,2024-12-17
LONG,22077.0,22077.776785714286,-3.37,be,04:40,2024-12-17
SHORT,22014.75,22038.39285714286,-101.05,stop,04:10,2024-12-18
SHORT,22025.5,22024.915178571428,-4.14,be,04:15,2024-12-18
LONG,21321.0,21321.819642857143,-3.2,be,05:20,2024-12-19
LONG,21325.5,21326.276785714286,-3.37,be,05:25,2024-12-19
SHORT,20886.0,20884.71607142857,-1.34,be,04:10,2024-12-20
SHORT,20879.75,20878.408035714285,-1.11,be,04:25,2024-12-20
SHORT,21659.75,21658.683035714286,-2.21,be,04:25,2024-12-23
SHORT,21641.0,21640.215178571427,-3.34,be,05:25,2024-12-23
LONG,21786.25,21787.051785714284,-3.27,be,04:10,2024-12-24
LONG,21792.75,21793.554464285713,-3.26,be,04:15,2024-12-24
SHORT,21955.5,21954.32857142857,-1.79,be,04:15,2024-12-26
SHORT,21943.25,21942.023214285713,-1.57,be,04:20,2024-12-26
LONG,21947.0,21947.3875,-4.93,be,07:05,2024-12-27
LONG,21955.0,21938.89285714286,-70.91,stop,07:10,2024-12-27
SHORT,21614.5,21614.004464285714,-4.5,be,07:25,2024-12-30
SHORT,21614.75,21601.464285714286,46.66,stop,07:30,2024-12-30
LONG,21417.75,21456.23214285714,147.45,stop,04:10,2024-12-31
LONG,21464.75,21465.792857142857,-2.31,be,04:15,2024-12-31
LONG,21425.75,21458.946428571428,126.31,stop,06:45,2025-01-02
LONG,21441.75,21462.741071428572,77.48,stop,06:50,2025-01-02
LONG,21286.25,21250.964285714286,-147.62,stop,04:25,2025-01-03
LONG,21278.5,21248.0,-128.48,stop,04:45,2025-01-03
LONG,21636.0,21636.72857142857,-3.57,be,04:10,2025-01-06
LONG,21640.0,21640.724107142858,-3.58,be,04:15,2025-01-06
LONG,21769.75,21770.583035714284,-3.15,be,04:10,2025-01-07
LONG,21765.5,21734.14285714286,-131.91,stop,04:40,2025-01-07
LONG,21429.75,21430.5625,-3.23,be,04:10,2025-01-08
LONG,21427.5,21428.276785714286,-3.37,be,04:15,2025-01-08
LONG,21309.25,21310.030357142856,-3.36,be,04:45,2025-01-09
LONG,21311.0,21311.749107142856,-3.48,be,05:00,2025-01-09
LONG,21309.0,21309.715178571427,-3.62,be,05:40,2025-01-10
LONG,21316.25,21316.938392857144,-3.73,be,05:45,2025-01-10
SHORT,20739.0,20731.089285714286,25.16,be,04:10,2025-01-13
SHORT,20717.25,20715.670535714286,-0.16,be,04:15,2025-01-13
SHORT,21039.25,21016.6875,83.77,stop,06:50,2025-01-14
SHORT,21043.75,21043.074107142857,-3.78,be,06:55,2025-01-14
LONG,20957.0,20957.54642857143,-4.29,be,04:40,2025-01-15
LONG,20966.25,20966.81517857143,-4.22,be,04:45,2025-01-15
SHORT,21502.5,21472.73214285714,112.59,stop,04:25,2025-01-16
SHORT,21491.75,21467.214285714286,91.66,stop,04:30,2025-01-16
LONG,21329.5,21348.741071428572,70.48,stop,04:10,2025-01-17
LONG,21341.25,21341.98214285714,-3.55,be,04:15,2025-01-17
SHORT,21586.5,21585.9625,-4.33,be,07:25,2025-01-20
SHORT,21576.5,21573.23214285714,6.59,be,07:30,2025-01-20
LONG,21683.75,21684.59375,-3.11,be,04:15,2025-01-21
LONG,21674.5,21718.991071428572,171.48,stop,04:25,2025-01-21
LONG,21900.25,21900.694642857143,-4.7,be,06:15,2025-01-22
LONG,21898.75,21899.175892857143,-4.78,be,06:20,2025-01-22
LONG,22012.75,22013.338392857142,-4.13,be,04:20,2025-01-24
LONG,22018.0,22018.571428571428,-4.19,be,04:25,2025-01-24
SHORT,21173.25,21171.39375,0.95,be,04:50,2025-01-27
SHORT,21189.0,21130.053571428572,229.31,stop,04:55,2025-01-27
LONG,21405.75,21406.710714285713,-2.64,be,05:05,2025-01-28
LONG,21413.5,21414.44375,-2.71,be,05:10,2025-01-28
SHORT,21656.75,21655.882142857143,-3.01,be,04:10,2025-01-29
SHORT,21657.25,21656.29732142857,-2.67,be,04:20,2025-01-29
SHORT,21645.5,21644.79732142857,-3.67,be,04:40,2025-01-30
SHORT,21648.5,21647.0,-0.48,be,04:50,2025-01-30
LONG,21794.75,21795.461607142857,-3.63,be,04:30,2025-01-31
LONG,21798.75,21799.45,-3.68,be,04:35,2025-01-31
LONG,21254.5,21255.62767857143,-1.97,be,06:05,2025-02-03
LONG,21263.0,21264.141964285714,-1.91,be,06:10,2025-02-03
LONG,21424.75,21389.571428571428,-147.19,stop,06:10,2025-02-04
LONG,21422.75,21424.196428571428,-0.69,be,07:05,2025-02-04
SHORT,21444.75,21443.474107142858,-1.38,be,04:45,2025-02-05
SHORT,21444.75,21443.594642857144,-1.86,be,04:50,2025-02-05
LONG,21822.0,21822.710714285713,-3.64,be,04:10,2025-02-06
LONG,21828.5,21801.35714285714,-115.05,stop,04:15,2025-02-06
LONG,21719.5,21719.954464285714,-4.66,be,05:20,2025-02-10
LONG,21723.0,21723.44017857143,-4.72,be,05:25,2025-02-10
LONG,21783.5,21756.14285714286,-115.91,stop,04:10,2025-02-11
SHORT,21764.5,21763.866964285713,-3.95,be,04:10,2025-02-12
SHORT,21762.75,21748.633928571428,49.98,stop,04:15,2025-02-12
SHORT,22099.75,22099.20089285714,-4.28,be,05:40,2025-02-14
SHORT,22094.25,22080.714285714286,47.66,stop,06:05,2025-02-14
LONG,22255.25,22255.600892857143,-5.08,be,05:50,2025-02-17
LONG,22256.5,22256.79910714286,-5.28,be,05:55,2025-02-17
SHORT,22268.25,22288.85714285714,-88.91,stop,05:05,2025-02-18
SHORT,22244.75,22235.08035714286,32.2,stop,04:55,2025-02-19
SHORT,22241.25,22240.80625,-4.71,be,05:10,2025-02-19
LONG,22192.5,22193.00982142857,-4.44,be,04:10,2025-02-20
LONG,22188.75,22189.246428571427,-4.49,be,04:15,2025-02-20
LONG,22159.25,22159.938392857144,-3.73,be,04:20,2025-02-21
LONG,22158.25,22158.92767857143,-3.77,be,04:25,2025-02-21
LONG,21797.25,21798.350892857143,-2.08,be,04:10,2025-02-24
LONG,21793.5,21794.60357142857,-2.07,be,04:15,2025-02-24
SHORT,21304.5,21303.349107142858,-1.88,be,05:00,2025-02-25
SHORT,21296.5,21333.35714285714,-153.91,stop,06:00,2025-02-25
LONG,21298.75,21299.41875,-3.8,be,04:10,2025-02-26
LONG,21309.0,21314.39285714286,15.09,stop,04:15,2025-02-26
LONG,21330.25,21331.21607142857,-2.62,be,04:30,2025-02-27
LONG,21329.0,21329.725,-3.58,be,05:20,2025-02-27
SHORT,20602.75,20635.178571428572,-136.19,stop,07:15,2025-02-28
SHORT,20608.0,20606.951785714286,-2.29,be,07:35,2025-02-28
LONG,20995.25,20998.089285714286,4.88,be,04:50,2025-03-03
LONG,21011.0,21011.96875,-2.61,be,04:55,2025-03-03
SHORT,20459.0,20457.691071428573,-1.24,be,05:40,2025-03-04
SHORT,20457.5,20456.2,-1.28,be,05:45,2025-03-04
LONG,20618.75,20619.908035714285,-1.85,be,04:45,2025-03-05
LONG,20623.25,20624.351785714287,-2.07,be,04:50,2025-03-05
SHORT,20424.75,20422.945535714287,0.74,be,04:20,2025-03-06
SHORT,20418.5,20416.842857142856,0.15,be,04:25,2025-03-06
LONG,20209.0,20210.133035714287,-1.95,be,04:10,2025-03-07
LONG,20223.0,20177.60714285714,-188.05,stop,04:15,2025-03-07
SHORT,20046.0,20044.871428571427,-1.97,be,04:10,2025-03-10
SHORT,20040.0,20038.871428571427,-1.97,be,04:15,2025-03-10
LONG,19503.75,19535.48214285714,120.45,stop,04:10,2025-03-11
LONG,19550.5,19552.045535714286,-0.3,be,04:15,2025-03-11
LONG,19498.5,19526.723214285714,106.41,stop,04:40,2025-03-12
LONG,19515.75,19542.973214285714,102.41,stop,04:45,2025-03-12
LONG,19513.75,19604.089285714286,354.88,stop,05:15,2025-03-13
LONG,19540.25,19541.675892857143,-0.78,be,05:20,2025-03-13
LONG,19432.25,19433.175,-2.78,be,04:25,2025-03-14
LONG,19444.25,19445.222321428573,-2.59,be,04:30,2025-03-14
LONG,19600.0,19600.758035714287,-3.45,be,04:15,2025-03-17
LONG,19608.25,19609.121428571427,-2.99,be,04:25,2025-03-17
LONG,19786.25,19786.851785714287,-4.07,be,04:10,2025-03-18
LONG,19794.0,19794.60625,-4.05,be,04:15,2025-03-18
LONG,19538.5,19539.621428571427,-1.99,be,04:35,2025-03-19
LONG,19537.0,19565.16964285714,106.2,stop,05:30,2025-03-19
SHORT,19828.25,19827.551785714284,-3.69,be,05:05,2025-03-20
SHORT,19821.75,19821.01517857143,-3.54,be,05:15,2025-03-20
SHORT,19587.75,19586.839285714286,-2.84,be,04:25,2025-03-21
SHORT,19583.0,19582.07767857143,-2.79,be,04:30,2025-03-21
LONG,20214.75,20215.374107142856,-3.98,be,04:10,2025-03-24
LONG,20218.5,20219.13839285714,-3.93,be,04:15,2025-03-24
SHORT,20328.25,20327.777678571427,-4.59,be,04:10,2025-03-25
SHORT,20318.5,20306.375,42.02,stop,04:15,2025-03-25
SHORT,20463.5,20452.660714285714,36.88,stop,04:10,2025-03-26
SHORT,20458.5,20457.948214285716,-4.27,be,04:15,2025-03-26
SHORT,20028.75,20027.766964285714,-2.55,be,04:10,2025-03-27
SHORT,20038.0,20076.75,-161.48,stop,04:15,2025-03-27
LONG,19949.25,19949.991071428572,-3.52,be,06:25,2025-03-28
LONG,19950.0,19950.741964285713,-3.51,be,06:30,2025-03-28
SHORT,19183.0,19181.874107142856,-1.98,be,05:05,2025-03-31
SHORT,19177.75,19176.585714285713,-1.82,be,05:10,2025-03-31
LONG,19482.5,19483.41607142857,-2.82,be,05:20,2025-04-01
LONG,19487.0,19487.895535714284,-2.9,be,05:25,2025-04-01
SHORT,19512.0,19553.75,-173.48,stop,04:10,2025-04-02
SHORT,19483.25,19482.305357142857,-2.7,be,06:05,2025-04-02
LONG,19134.0,19135.839285714286,0.88,be,04:20,2025-04-03
LONG,19130.5,19132.26785714286,0.59,be,04:25,2025-04-03
SHORT,18569.5,18567.851785714287,0.11,be,05:05,2025-04-04
SHORT,18570.75,18562.303571428572,27.31,be,05:15,2025-04-04
LONG,16846.0,16850.053571428572,9.73,be,04:10,2025-04-07
LONG,16807.75,16831.035714285714,86.66,be,04:15,2025-04-07
SHORT,17744.0,17741.999107142856,1.52,be,04:25,2025-04-08
SHORT,17739.0,17819.964285714286,-330.34,stop,04:30,2025-04-08
SHORT,17005.75,17001.233035714286,11.59,be,07:10,2025-04-09
SHORT,16995.5,16987.589285714286,25.16,be,07:35,2025-04-09
SHORT,18845.25,18831.89285714286,46.95,be,04:25,2025-04-10
SHORT,18795.25,18791.645535714284,7.94,be,04:35,2025-04-10
SHORT,18488.75,18388.04464285714,396.34,stop,04:20,2025-04-11
SHORT,18409.75,18396.14285714286,47.95,be,04:25,2025-04-11
SHORT,19071.75,19070.654464285715,-2.1,be,05:30,2025-04-14
SHORT,19062.5,19052.714285714286,32.66,stop,05:35,2025-04-14
SHORT,18892.0,18890.772321428572,-1.57,be,07:50,2025-04-15
SHORT,18901.75,18900.498214285715,-1.47,be,07:55,2025-04-15
LONG,18654.5,18691.366071428572,140.98,stop,04:30,2025-04-16
LONG,18696.25,18698.155357142856,1.14,be,04:35,2025-04-16
SHORT,18556.25,18555.29732142857,-2.67,be,04:50,2025-04-17
SHORT,18549.0,18548.041964285716,-2.65,be,04:55,2025-04-17
SHORT,18138.5,18173.678571428572,-147.19,stop,05:20,2025-04-21
SHORT,18141.5,18174.821428571428,-139.77,stop,05:25,2025-04-21
SHORT,18067.0,18065.709821428572,-1.32,be,04:10,2025-04-22
SHORT,18061.5,18107.571428571428,-190.77,stop,04:15,2025-04-22
LONG,18791.25,18823.4375,122.27,stop,04:10,2025-04-23
LONG,18822.5,18823.558035714286,-2.25,be,04:15,2025-04-23
SHORT,18634.5,18633.01875,-0.55,be,04:30,2025-04-24
SHORT,18640.0,18629.214285714286,36.66,stop,04:35,2025-04-24
SHORT,19371.25,19370.042857142857,-1.65,be,05:15,2025-04-25
SHORT,19372.0,19368.589285714286,7.16,be,05:45,2025-04-25
SHORT,19455.5,19454.62767857143,-2.99,be,04:10,2025-04-28
SHORT,19465.5,19464.64375,-3.05,be,04:15,2025-04-28
SHORT,19518.25,19465.33035714286,205.2,stop,06:35,2025-04-29
SHORT,19519.5,19518.654464285715,-3.1,be,06:40,2025-04-29
LONG,19602.0,19602.79642857143,-3.29,be,04:15,2025-04-30
LONG,19607.25,19573.428571428572,-141.77,stop,04:20,2025-04-30
LONG,19981.25,19982.11160714286,-3.03,be,04:50,2025-05-01
LONG,19977.5,19978.339285714286,-3.12,be,04:55,2025-05-01
SHORT,19895.5,19874.73214285714,76.59,stop,04:55,2025-05-02
SHORT,19870.0,19868.964285714286,-2.34,be,05:00,2025-05-02
SHORT,20023.0,20022.040178571428,-2.64,be,04:40,2025-05-05
SHORT,20022.5,19992.383928571428,113.98,stop,04:45,2025-05-05
SHORT,19879.75,19849.83035714286,113.2,stop,04:15,2025-05-06
SHORT,19857.0,19855.883035714287,-2.01,be,04:20,2025-05-06
LONG,20205.0,20205.854464285716,-3.06,be,04:20,2025-05-08
LONG,20196.75,20217.526785714286,76.63,stop,04:25,2025-05-08
LONG,20234.5,20235.066964285714,-4.21,be,06:35,2025-05-09
LONG,20233.0,20234.303571428572,-1.27,be,07:10,2025-05-09
LONG,20966.75,20926.64285714286,-166.91,stop,06:35,2025-05-12
LONG,20937.5,20938.542857142857,-2.31,be,06:40,2025-05-12
LONG,20874.0,20874.53125,-4.36,be,05:55,2025-05-13
LONG,20881.5,20882.01785714286,-4.41,be,06:00,2025-05-13
SHORT,21259.5,21295.75,-151.48,stop,04:10,2025-05-14
SHORT,21281.0,21280.04107142857,-2.64,be,04:15,2025-05-14
SHORT,21257.75,21256.678571428572,-2.19,be,04:15,2025-05-15
SHORT,21255.0,21254.007142857143,-2.51,be,04:35,2025-05-15
LONG,21458.25,21459.016964285714,-3.41,be,04:10,2025-05-16
LONG,21466.5,21467.25,-3.48,be,04:15,2025-05-16
SHORT,21160.5,21159.39017857143,-2.04,be,04:15,2025-05-19
SHORT,21158.0,21129.76785714286,106.45,stop,04:25,2025-05-19
SHORT,21272.25,21271.446428571428,-3.27,be,05:45,2025-05-21
SHORT,21280.5,21279.710714285713,-3.32,be,05:50,2025-05-21
LONG,21240.0,21205.35714285714,-145.05,stop,07:10,2025-05-22
SHORT,21167.75,21166.696428571428,-2.27,be,07:40,2025-05-22
SHORT,21120.0,21159.464285714286,-164.34,stop,05:30,2025-05-23
SHORT,21113.25,21092.026785714286,78.41,stop,07:20,2025-05-23
LONG,21278.5,21278.98660714286,-4.53,be,07:45,2025-05-26
LONG,21278.0,21278.49375,-4.5,be,07:50,2025-05-26
SHORT,21427.25,21426.561607142856,-3.73,be,04:10,2025-05-28
SHORT,21426.25,21425.56875,-3.75,be,04:15,2025-05-28
SHORT,21739.25,21738.269642857143,-2.56,be,06:20,2025-05-29
SHORT,21731.0,21730.001785714285,-2.49,be,06:25,2025-05-29
LONG,21391.0,21391.974107142858,-2.58,be,04:15,2025-05-30
LONG,21386.5,21387.369642857142,-3.0,be,05:20,2025-05-30
LONG,21279.0,21279.834821428572,-3.14,be,07:15,2025-06-02
LONG,21273.25,21274.045535714286,-3.3,be,07:20,2025-06-02
LONG,21494.5,21518.89285714286,91.09,stop,07:00,2025-06-03
LONG,21489.0,21506.839285714286,64.88,stop,07:05,2025-06-03
LONG,21736.25,21736.84375,-4.11,be,04:10,2025-06-04
LONG,21745.25,21745.867857142857,-4.01,be,04:15,2025-06-04
SHORT,21639.5,21670.678571428572,-131.19,stop,04:25,2025-06-06
LONG,21680.5,21681.183035714286,-3.75,be,05:25,2025-06-06
LONG,21799.25,21772.571428571428,-113.19,stop,04:55,2025-06-09
LONG,21798.75,21815.848214285714,61.91,stop,07:25,2025-06-09
LONG,21833.75,21834.715178571427,-2.62,be,05:10,2025-06-10
LONG,21833.75,21834.691071428573,-2.72,be,05:15,2025-06-10
LONG,21950.5,21951.16875,-3.8,be,04:35,2025-06-11
LONG,21954.5,21928.5,-110.48,stop,04:40,2025-06-11
SHORT,21751.0,21749.85892857143,-1.92,be,04:10,2025-06-12
SHORT,21748.75,21747.57232142857,-1.77,be,04:20,2025-06-12
LONG,21653.75,21605.285714285714,-200.34,stop,04:15,2025-06-13
LONG,21652.5,21653.532142857144,-2.35,be,07:00,2025-06-13
LONG,21793.25,21832.616071428572,150.98,stop,07:40,2025-06-16
LONG,21793.25,21832.526785714286,150.63,stop,07:45,2025-06-16
SHORT,21781.5,21780.789285714287,-3.64,be,06:40,2025-06-17
SHORT,21777.0,21805.928571428572,-122.19,stop,06:45,2025-06-17
LONG,21809.0,21828.348214285714,70.91,stop,04:10,2025-06-18
LONG,21807.75,21829.758928571428,81.56,stop,05:00,2025-06-18
LONG,21720.75,21721.36875,-4.0,be,04:10,2025-06-20
LONG,21727.5,21703.0,-104.48,stop,04:15,2025-06-20
LONG,21919.5,21920.645535714284,-1.9,be,04:10,2025-06-23
LONG,21918.0,21919.196428571428,-1.69,be,04:15,2025-06-23
LONG,22434.5,22434.99375,-4.5,be,05:00,2025-06-25
LONG,22435.5,22436.016964285714,-4.41,be,05:10,2025-06-25
LONG,22558.5,22570.35714285714,40.95,stop,04:20,2025-06-26
LONG,22566.5,22567.07857142857,-4.17,be,04:25,2025-06-26
LONG,22760.25,22760.64107142857,-4.92,be,07:25,2025-06-27
LONG,22766.5,22766.90357142857,-4.87,be,07:35,2025-06-27
LONG,22887.25,22887.836607142857,-4.13,be,04:15,2025-06-30
LONG,22884.75,22908.339285714286,87.88,stop,05:15,2025-06-30
SHORT,22819.75,22819.19375,-4.25,be,05:50,2025-07-01
SHORT,22820.5,22841.178571428572,-89.19,stop,05:55,2025-07-01
SHORT,22710.25,22709.551785714284,-3.69,be,04:35,2025-07-02
SHORT,22712.0,22711.338392857142,-3.83,be,04:40,2025-07-02
SHORT,22870.0,22858.258928571428,40.48,stop,04:50,2025-07-03
SHORT,22866.5,22863.071428571428,7.23,stop,04:55,2025-07-03
SHORT,22936.25,22935.5125,-3.53,be,04:15,2025-07-04
SHORT,22941.5,22970.35714285714,-121.91,stop,04:20,2025-07-04
SHORT,22922.75,22922.116071428572,-3.94,be,04:10,2025-07-07
SHORT,22921.0,22920.350892857143,-3.88,be,04:15,2025-07-07
SHORT,22910.0,22932.928571428572,-98.19,stop,06:05,2025-07-08
SHORT,22917.0,22916.402678571427,-4.09,be,06:10,2025-07-08
LONG,22909.0,22909.4625,-4.63,be,05:15,2025-07-09
LONG,22919.5,22936.214285714286,60.38,stop,05:20,2025-07-09
LONG,23024.75,23039.758928571428,53.56,stop,04:20,2025-07-10
LONG,23038.5,23039.005357142858,-4.46,be,04:25,2025-07-10
SHORT,22888.0,22887.027678571427,-2.59,be,04:10,2025-07-11
SHORT,22886.25,22885.301785714284,-2.69,be,04:15,2025-07-11
LONG,22894.0,22894.530357142856,-4.36,be,04:55,2025-07-14
LONG,22887.0,22887.535714285714,-4.34,be,05:00,2025-07-14
LONG,23170.75,23171.269642857143,-4.4,be,05:25,2025-07-15
LONG,23177.25,23177.70892857143,-4.64,be,05:40,2025-07-15
LONG,22995.25,23008.20535714286,45.34,stop,04:35,2025-07-16
LONG,22999.25,23002.839285714286,7.88,stop,04:40,2025-07-16
SHORT,23095.25,23094.597321428573,-3.87,be,04:20,2025-07-17
SHORT,23090.25,23116.89285714286,-113.05,stop,04:25,2025-07-17
SHORT,23257.5,23257.164285714287,-5.14,be,06:25,2025-07-18
SHORT,23259.75,23259.413392857143,-5.13,be,06:30,2025-07-18
LONG,23305.0,23305.36517857143,-5.02,be,04:10,2025-07-21
LONG,23300.0,23289.10714285714,-50.05,stop,06:25,2025-07-21
SHORT,23281.0,23280.269642857143,-3.56,be,04:45,2025-07-22
SHORT,23282.75,23282.00625,-3.5,be,04:55,2025-07-22
LONG,23279.25,23279.68125,-4.75,be,05:00,2025-07-23
LONG,23277.5,23277.92767857143,-4.77,be,05:05,2025-07-23
LONG,23371.25,23383.285714285714,41.66,stop,04:15,2025-07-24
LONG,23377.25,23377.73482142857,-4.54,be,04:20,2025-07-24
SHORT,23526.0,23525.645535714284,-5.06,be,05:25,2025-07-28
SHORT,23530.0,23529.636607142857,-5.03,be,05:30,2025-07-28
LONG,23602.25,23602.597321428573,-5.09,be,06:05,2025-07-29
LONG,23599.5,23599.855357142857,-5.06,be,06:10,2025-07-29
LONG,23512.0,23512.39017857143,-4.92,be,07:30,2025-07-30
LONG,23515.25,23515.635714285716,-4.94,be,07:35,2025-07-30
SHORT,23783.5,23783.010714285716,-4.52,be,06:00,2025-07-31
SHORT,23776.5,23794.89285714286,-80.05,stop,07:00,2025-07-31
SHORT,23082.75,23081.25625,-0.5,be,04:30,2025-08-01
SHORT,23091.75,23090.23392857143,-0.42,be,04:35,2025-08-01
LONG,23046.0,23046.84642857143,-3.09,be,04:25,2025-08-04
LONG,23046.25,23047.06875,-3.21,be,04:40,2025-08-04
SHORT,23320.5,23319.726785714287,-3.39,be,04:10,2025-08-05
SHORT,23315.5,23346.85714285714,-131.91,stop,04:15,2025-08-05
SHORT,23189.5,23188.91607142857,-4.14,be,04:30,2025-08-06
SHORT,23188.0,23187.439285714285,-4.24,be,04:35,2025-08-06
LONG,23537.5,23538.176785714284,-3.77,be,04:10,2025-08-07
LONG,23542.0,23542.688392857144,-3.73,be,04:15,2025-08-07
LONG,23554.75,23555.332142857143,-4.15,be,04:15,2025-08-08
LONG,23556.25,23570.383928571428,50.06,stop,04:25,2025-08-08
SHORT,23688.5,23683.910714285714,11.88,stop,04:10,2025-08-11
SHORT,23679.5,23678.75267857143,-3.49,be,04:15,2025-08-11
SHORT,23637.75,23637.275892857142,-4.58,be,04:55,2025-08-12
SHORT,23637.25,23636.8375,-4.83,be,05:25,2025-08-12
LONG,23998.0,23998.554464285713,-4.26,be,04:10,2025-08-13
LONG,23996.25,23998.303571428572,1.73,be,04:15,2025-08-13
LONG,23936.25,23936.654464285715,-4.86,be,04:25,2025-08-14
LONG,23936.25,23936.616071428572,-5.02,be,04:30,2025-08-14
SHORT,23916.75,23916.276785714286,-4.59,be,04:40,2025-08-15
SHORT,23915.5,23884.071428571428,119.23,stop,04:45,2025-08-15
SHORT,23769.25,23768.389285714286,-3.04,be,04:15,2025-08-18
SHORT,23774.5,23751.883928571428,83.98,stop,04:20,2025-08-18
LONG,23773.5,23787.33035714286,48.84,stop,04:45,2025-08-19
LONG,23782.75,23783.242857142857,-4.51,be,04:50,2025-08-19
SHORT,23385.5,23384.813392857144,-3.73,be,04:15,2025-08-20
SHORT,23382.0,23381.313392857144,-3.73,be,04:25,2025-08-20
SHORT,23321.75,23300.553571428572,78.31,stop,04:55,2025-08-21
SHORT,23298.25,23297.43125,-3.21,be,05:00,2025-08-21
LONG,23224.0,23224.748214285715,-3.49,be,04:10,2025-08-22
LONG,23232.25,23232.925892857143,-3.78,be,04:15,2025-08-22
SHORT,23501.5,23499.553571428572,1.31,be,05:10,2025-08-25
SHORT,23494.25,23493.691964285714,-4.25,be,05:15,2025-08-25
LONG,23465.0,23465.8375,-3.13,be,04:15,2025-08-26
LONG,23466.75,23467.35892857143,-4.04,be,05:10,2025-08-26
SHORT,23575.0,23574.525892857142,-4.58,be,04:35,2025-08-27
SHORT,23570.5,23589.39285714286,-82.05,stop,04:50,2025-08-27
LONG,23645.5,23646.235714285714,-3.54,be,04:10,2025-08-28
LONG,23648.25,23648.95892857143,-3.64,be,04:15,2025-08-28
SHORT,23674.5,23662.348214285714,42.13,stop,04:10,2025-08-29
SHORT,23657.0,23678.428571428572,-92.19,stop,04:15,2025-08-29
LONG,23478.5,23479.226785714287,-3.57,be,04:10,2025-09-01
LONG,23486.0,23487.035714285714,-2.34,be,04:25,2025-09-01
SHORT,23268.25,23246.276785714286,81.41,stop,06:25,2025-09-02
SHORT,23254.5,23253.739285714284,-3.44,be,06:30,2025-09-02
LONG,23403.5,23411.0,23.52,stop,04:10,2025-09-03
LONG,23412.0,23412.900892857142,-2.88,be,04:15,2025-09-03
LONG,23506.5,23507.10982142857,-4.04,be,04:30,2025-09-04
LONG,23507.5,23507.899107142857,-4.88,be,05:40,2025-09-04
LONG,23776.5,23776.972321428573,-4.59,be,04:30,2025-09-05
LONG,23777.25,23777.694642857143,-4.7,be,04:35,2025-09-05
LONG,23784.5,23784.89375,-4.91,be,05:55,2025-09-08
LONG,23786.0,23786.3875,-4.93,be,06:15,2025-09-08
SHORT,23839.0,23838.539285714287,-4.64,be,04:10,2025-09-09
SHORT,23844.0,23843.504464285714,-4.5,be,04:20,2025-09-09
SHORT,23918.5,23918.053571428572,-4.69,be,04:10,2025-09-10
SHORT,23928.5,23914.3125,50.27,stop,04:15,2025-09-10
LONG,23938.75,23939.239285714284,-4.52,be,04:15,2025-09-11
LONG,23937.75,23938.079464285714,-5.16,be,06:30,2025-09-11
SHORT,24003.5,23977.125,99.02,stop,04:10,2025-09-12
SHORT,23985.0,23982.464285714286,3.66,be,04:15,2025-09-12
SHORT,24120.25,24114.23214285714,17.59,stop,04:10,2025-09-15
SHORT,24112.25,24111.47142857143,-3.37,be,04:15,2025-09-15
LONG,24390.5,24391.095535714285,-4.1,be,04:10,2025-09-16
LONG,24391.5,24392.083035714284,-4.15,be,04:15,2025-09-16
SHORT,24261.5,24246.660714285714,52.88,stop,04:35,2025-09-17
SHORT,24248.25,24227.366071428572,77.06,stop,04:40,2025-09-17
LONG,24435.0,24481.473214285714,179.41,stop,04:10,2025-09-18
LONG,24444.0,24444.741964285713,-3.51,be,04:15,2025-09-18
LONG,24454.5,24455.089285714286,-4.12,be,04:10,2025-09-19
LONG,24455.75,24456.308928571427,-4.24,be,04:15,2025-09-19
LONG,25015.0,25015.57767857143,-4.17,be,04:10,2025-09-23
LONG,25013.75,25014.301785714284,-4.27,be,04:15,2025-09-23
LONG,24901.0,24901.63482142857,-3.94,be,04:10,2025-09-24
LONG,24899.25,24899.852678571428,-4.07,be,04:15,2025-09-24
LONG,24755.25,24755.95625,-3.66,be,04:10,2025-09-25
LONG,24759.5,24760.17232142857,-3.79,be,04:15,2025-09-25
SHORT,24621.25,24598.401785714286,84.91,stop,04:45,2025-09-26
SHORT,24592.25,24585.589285714286,20.16,stop,04:50,2025-09-26
LONG,24873.5,24874.074107142857,-4.18,be,04:10,2025-09-29
LONG,24873.0,24873.53392857143,-4.34,be,04:15,2025-09-29
LONG,24710.25,24714.76785714286,11.59,be,04:35,2025-10-01
LONG,24708.75,24714.803571428572,17.73,stop,04:40,2025-10-01
LONG,25104.75,25105.41964285714,-3.8,be,04:10,2025-10-02
LONG,25091.25,25105.616071428572,50.98,stop,04:15,2025-10-02
SHORT,25170.5,25162.48214285714,25.59,stop,06:35,2025-10-03
SHORT,25163.0,25162.64107142857,-5.04,be,06:40,2025-10-03
LONG,25106.75,25107.444642857143,-3.7,be,04:10,2025-10-06
LONG,25107.25,25107.8125,-4.23,be,05:00,2025-10-06
SHORT,25133.25,25154.10714285714,-89.91,stop,04:35,2025-10-07
LONG,25169.5,25170.045535714286,-4.3,be,04:55,2025-10-07
LONG,25094.0,25094.454464285714,-4.66,be,04:30,2025-10-08
LONG,25101.0,25101.432142857142,-4.75,be,04:35,2025-10-08
SHORT,25313.75,25313.18482142857,-4.22,be,04:35,2025-10-09
SHORT,25316.0,25310.910714285714,13.88,stop,04:40,2025-10-09
LONG,25330.25,25330.97142857143,-3.59,be,04:10,2025-10-10
LONG,25333.0,25333.69375,-3.71,be,04:15,2025-10-10
SHORT,24825.0,24790.25,132.52,stop,07:05,2025-10-13
SHORT,24775.25,24773.909821428573,-1.12,be,07:10,2025-10-13
SHORT,24577.5,24572.73214285714,12.59,be,06:30,2025-10-14
SHORT,24555.75,24554.522321428572,-1.57,be,06:35,2025-10-14
LONG,24927.25,24927.998214285715,-3.49,be,04:55,2025-10-15
LONG,24929.5,24980.5,197.52,stop,05:00,2025-10-15
LONG,25063.75,25064.44375,-3.71,be,06:10,2025-10-16
LONG,25060.5,25061.201785714286,-3.67,be,06:15,2025-10-16
SHORT,24424.75,24518.964285714286,-383.34,stop,04:20,2025-10-17
LONG,24635.0,24636.840178571427,0.88,be,07:10,2025-10-17
SHORT,25098.0,25097.186607142856,-3.23,be,04:20,2025-10-20
SHORT,25095.75,25094.969642857144,-3.36,be,04:25,2025-10-20
SHORT,25259.0,25285.85714285714,-113.91,stop,04:20,2025-10-21
LONG,25291.75,25292.25625,-4.46,be,05:35,2025-10-21
SHORT,25268.0,25267.385714285716,-4.02,be,04:15,2025-10-22
SHORT,25264.75,25264.13839285714,-4.03,be,04:20,2025-10-22
SHORT,25065.25,25043.16964285714,81.84,stop,05:15,2025-10-23
SHORT,25051.0,25045.196428571428,16.73,stop,05:20,2025-10-23
LONG,25378.75,25379.25625,-4.46,be,05:25,2025-10-24
LONG,25378.0,25388.035714285714,33.66,stop,05:30,2025-10-24
SHORT,25777.0,25776.467857142856,-4.35,be,04:30,2025-10-27
SHORT,25778.0,25799.428571428572,-92.19,stop,04:35,2025-10-27
SHORT,25949.5,25948.94017857143,-4.24,be,04:10,2025-10-28
SHORT,25947.5,25946.97142857143,-4.37,be,04:15,2025-10-28
LONG,26301.5,26302.083035714284,-4.15,be,04:10,2025-10-29
LONG,26307.0,26282.285714285714,-105.34,stop,04:20,2025-10-29
LONG,26288.5,26245.64285714286,-177.91,stop,05:10,2025-10-30
LONG,26222.5,26263.83035714286,158.84,stop,07:55,2025-10-31
LONG,26220.5,26263.8125,166.77,stop,08:00,2025-10-31
LONG,26117.5,26144.66964285714,102.2,stop,04:10,2025-11-03
LONG,26122.0,26145.01785714286,85.59,stop,04:15,2025-11-03
SHORT,25727.0,25725.69732142857,-1.27,be,04:25,2025-11-04
SHORT,25718.0,25684.991071428572,125.56,stop,04:45,2025-11-04
LONG,25545.0,25546.23214285714,-1.55,be,04:10,2025-11-05
SHORT,25438.0,25437.079464285714,-2.8,be,05:55,2025-11-05
LONG,25708.5,25730.08035714286,79.84,stop,04:10,2025-11-06
LONG,25720.5,25721.477678571428,-2.57,be,04:15,2025-11-06
SHORT,25266.0,25264.82857142857,-1.79,be,04:35,2025-11-07
SHORT,25258.5,25257.4125,-2.13,be,04:40,2025-11-07
LONG,25543.25,25546.125,5.02,be,04:15,2025-11-10
LONG,25560.5,25524.428571428572,-150.77,stop,04:20,2025-11-10
SHORT,25628.0,25620.25,24.52,stop,04:25,2025-11-11
SHORT,25623.75,25622.969642857144,-3.36,be,04:35,2025-11-11
LONG,25813.75,25814.54732142857,-3.29,be,04:40,2025-11-12
LONG,25821.5,25822.25625,-3.46,be,04:45,2025-11-12
SHORT,25612.5,25578.035714285714,131.38,stop,04:10,2025-11-13
SHORT,25591.5,25590.40625,-2.11,be,04:15,2025-11-13
LONG,25020.0,24948.0,-294.48,stop,04:10,2025-11-14
SHORT,24892.75,24833.616071428572,230.06,stop,06:10,2025-11-14
SHORT,25297.0,25288.73214285714,26.59,stop,04:35,2025-11-17
SHORT,25279.25,25278.113392857143,-1.93,be,04:40,2025-11-17
SHORT,24696.75,24695.03392857143,0.38,be,07:55,2025-11-18
SHORT,24694.25,24765.071428571428,-289.77,stop,08:00,2025-11-18
LONG,24656.25,24657.460714285713,-1.64,be,04:50,2025-11-19
LONG,24676.0,24677.20357142857,-1.67,be,04:55,2025-11-19
SHORT,25115.25,25114.066964285714,-1.75,be,04:20,2025-11-20
SHORT,25116.25,25115.09642857143,-1.87,be,04:25,2025-11-20
SHORT,24062.25,24060.564285714285,0.26,be,04:45,2025-11-21
SHORT,24070.0,23956.785714285714,446.38,stop,04:55,2025-11-21
SHORT,24437.5,24397.785714285714,152.38,stop,04:25,2025-11-24
SHORT,24370.75,24429.785714285714,-242.62,stop,04:30,2025-11-24
SHORT,24854.25,24853.14285714286,-2.05,be,04:20,2025-11-25
SHORT,24850.0,24848.933035714286,-2.21,be,04:25,2025-11-25
SHORT,25158.0,25157.160714285714,-3.12,be,04:10,2025-11-26
SHORT,25162.75,25161.917857142857,-3.15,be,04:15,2025-11-26
SHORT,25265.25,25264.317857142858,-2.75,be,07:15,2025-12-01
SHORT,25260.25,25259.29732142857,-2.67,be,07:20,2025-12-01
LONG,25435.75,25436.600892857143,-3.08,be,04:15,2025-12-02
LONG,25438.5,25439.3,-3.28,be,04:20,2025-12-02
LONG,25663.5,25664.340178571427,-3.12,be,04:35,2025-12-04
LONG,25677.75,25678.582142857143,-3.15,be,04:40,2025-12-04
SHORT,25717.5,25716.86875,-3.96,be,04:15,2025-12-05
SHORT,25714.75,25714.119642857142,-3.96,be,04:20,2025-12-05
LONG,25811.0,25811.492857142857,-4.51,be,07:50,2025-12-08
SHORT,25673.75,25673.084821428572,-3.82,be,04:10,2025-12-09
SHORT,25680.75,25666.85714285714,49.09,stop,04:15,2025-12-09
SHORT,25704.0,25632.75,278.52,target,05:15,2025-12-10
SHORT,25704.5,25635.285714285714,270.38,target,05:20,2025-12-10
LONG,25558.25,25559.54732142857,-1.29,be,04:10,2025-12-11
LONG,25569.0,25570.22142857143,-1.59,be,04:15,2025-12-11
SHORT,25626.5,25625.76339285714,-3.53,be,04:10,2025-12-12
SHORT,25638.5,25598.071428571428,155.23,stop,04:15,2025-12-12
LONG,25310.25,25311.055357142857,-3.26,be,04:15,2025-12-15
LONG,25303.75,25323.116071428572,70.98,stop,04:20,2025-12-15
LONG,24966.5,24967.48660714286,-2.53,be,04:10,2025-12-16
LONG,24983.0,24944.285714285714,-161.34,stop,04:15,2025-12-16
LONG,25199.75,25200.660714285714,-2.84,be,04:25,2025-12-17
LONG,25199.5,25200.43482142857,-2.74,be,04:35,2025-12-17
LONG,24851.5,24853.071428571428,-0.19,be,04:45,2025-12-18
LONG,24862.75,24863.605357142857,-3.06,be,04:50,2025-12-18
LONG,25156.0,25156.688392857144,-3.73,be,04:30,2025-12-19
SHORT,25095.75,25123.214285714286,-116.34,stop,06:10,2025-12-19
LONG,25719.0,25719.477678571428,-4.57,be,04:35,2025-12-22
LONG,25721.0,25721.480357142857,-4.56,be,04:40,2025-12-22
LONG,25713.25,25723.116071428572,32.98,stop,04:20,2025-12-23
LONG,25710.75,25723.214285714286,43.38,stop,04:25,2025-12-23
LONG,25797.5,25803.241071428572,16.48,stop,04:15,2025-12-24
LONG,25800.5,25800.79642857143,-5.29,be,04:20,2025-12-24
LONG,25868.75,25869.11517857143,-5.02,be,04:10,2025-12-26
LONG,25870.75,25883.446428571428,44.31,stop,04:15,2025-12-26
LONG,25744.75,25745.245535714286,-4.5,be,04:10,2025-12-30
LONG,25745.0,25745.449107142857,-4.68,be,04:25,2025-12-30
LONG,25605.0,25605.39285714286,-4.91,be,06:45,2025-12-31
LONG,25605.25,25607.035714285714,0.66,be,06:50,2025-12-31
LONG,25723.25,25724.07589285714,-3.18,be,04:10,2026-01-02
LONG,25734.25,25735.061607142856,-3.23,be,04:15,2026-01-02
LONG,25557.5,25558.073214285716,-4.19,be,06:05,2026-01-05
LONG,25562.0,25562.54732142857,-4.29,be,06:25,2026-01-05
SHORT,25740.0,25739.448214285716,-4.27,be,04:10,2026-01-07
SHORT,25744.0,25740.446428571428,7.73,stop,04:15,2026-01-07
LONG,25716.25,25716.975892857143,-3.58,be,04:35,2026-01-09
LONG,25718.5,25719.217857142856,-3.61,be,04:40,2026-01-09
LONG,25757.75,25758.391964285714,-3.91,be,07:55,2026-01-12
LONG,25753.0,25753.645535714284,-3.9,be,08:00,2026-01-12
LONG,25927.75,25928.416964285716,-3.81,be,04:15,2026-01-13
LONG,25930.5,25931.175,-3.78,be,04:20,2026-01-13
SHORT,25834.25,25778.160714285714,217.88,stop,05:15,2026-01-14
SHORT,25814.75,25814.117857142857,-3.95,be,05:20,2026-01-14
LONG,25761.0,25821.10714285714,233.95,stop,04:10,2026-01-15
LONG,25777.25,25778.226785714287,-2.57,be,04:15,2026-01-15
LONG,25849.0,25849.571428571428,-4.19,be,05:35,2026-01-16
LONG,25850.5,25852.035714285714,-0.34,be,05:40,2026-01-16
SHORT,25328.25,25324.589285714286,8.16,be,04:20,2026-01-19
SHORT,25323.0,25321.79107142857,-1.64,be,04:25,2026-01-19
SHORT,25164.75,25163.289285714287,-0.64,be,04:20,2026-01-20
SHORT,25155.0,25120.285714285714,132.38,stop,04:25,2026-01-20
SHORT,25189.0,25188.084821428572,-2.82,be,04:25,2026-01-21
SHORT,25192.0,25191.141964285714,-3.05,be,04:35,2026-01-21
LONG,25712.5,25670.928571428572,-172.77,stop,04:20,2026-01-22
LONG,25712.0,25683.678571428572,-119.77,stop,06:10,2026-01-22
SHORT,25576.5,25569.25,22.52,stop,04:40,2026-01-23
SHORT,25552.75,25551.625892857144,-1.98,be,04:45,2026-01-23
SHORT,25688.5,25660.473214285714,105.63,stop,04:30,2026-01-26
SHORT,25653.75,25598.116071428572,216.06,stop,04:35,2026-01-26
LONG,26024.5,26025.066964285714,-4.21,be,06:35,2026-01-27
LONG,26021.75,26033.491071428572,40.48,stop,06:40,2026-01-27
SHORT,26266.75,26265.825,-2.78,be,04:20,2026-01-28
SHORT,26262.25,26261.326785714286,-2.79,be,04:25,2026-01-28
SHORT,26224.75,26217.678571428572,21.81,stop,04:55,2026-01-29
SHORT,26211.25,26210.420535714286,-3.16,be,05:00,2026-01-29
SHORT,25662.5,25660.855357142857,0.1,be,04:50,2026-01-30
LONG,25806.0,25807.27142857143,-1.39,be,06:15,2026-01-30
LONG,25453.25,25454.661607142858,-0.83,be,04:25,2026-02-02
LONG,25437.75,25439.12232142857,-0.99,be,04:30,2026-02-02
SHORT,25967.0,25966.167857142857,-3.15,be,04:25,2026-02-03
SHORT,25965.75,25964.91875,-3.16,be,04:30,2026-02-03
SHORT,25384.0,25382.558035714286,-0.71,be,04:20,2026-02-04
SHORT,25366.0,25424.75,-241.48,stop,04:25,2026-02-04
SHORT,24974.25,24924.258928571428,193.48,stop,07:20,2026-02-05
SHORT,24893.0,24891.13839285714,0.97,be,07:25,2026-02-05
LONG,24623.25,24663.571428571428,154.81,stop,04:10,2026-02-06
LONG,24656.5,24658.342857142856,0.89,be,04:15,2026-02-06
SHORT,25145.0,25135.214285714286,32.66,stop,04:35,2026-02-09
SHORT,25125.75,25124.673214285714,-2.17,be,04:40,2026-02-09
LONG,25382.0,25383.147321428572,-1.89,be,04:10,2026-02-10
LONG,25377.5,25381.125,8.02,be,04:15,2026-02-10
SHORT,25208.25,25165.26785714286,165.45,stop,04:40,2026-02-11
SHORT,25204.5,25165.741071428572,148.56,stop,05:00,2026-02-11
LONG,25373.75,25374.386607142857,-3.93,be,07:35,2026-02-12
LONG,25375.0,25375.619642857142,-4.0,be,07:40,2026-02-12
LONG,24785.0,24786.75,0.52,be,04:20,2026-02-13
LONG,24797.0,24798.680357142857,0.24,be,04:25,2026-02-13
LONG,24910.5,24911.290178571428,-3.32,be,04:30,2026-02-16
LONG,24914.0,24914.741964285713,-3.51,be,04:35,2026-02-16
SHORT,24607.25,24606.395535714284,-3.06,be,05:45,2026-02-17
SHORT,24611.0,24610.136607142857,-3.03,be,05:50,2026-02-17
LONG,24919.25,24921.48214285714,2.45,be,04:30,2026-02-18
LONG,24931.5,24932.336607142857,-3.13,be,04:35,2026-02-18
SHORT,24934.75,24869.348214285714,255.13,stop,04:30,2026-02-19
SHORT,24938.0,24869.60714285714,267.09,stop,04:35,2026-02-19
LONG,24953.75,24954.65,-2.88,be,04:10,2026-02-20
LONG,24960.5,24964.589285714286,9.88,be,04:15,2026-02-20
LONG,24974.5,24975.5375,-2.33,be,04:10,2026-02-23
LONG,24994.5,24995.523214285713,-2.39,be,04:15,2026-02-23
LONG,24837.5,24838.79107142857,-1.32,be,04:15,2026-02-24
LONG,24837.5,24838.503571428573,-2.47,be,04:50,2026-02-24
LONG,25096.75,25097.288392857143,-4.33,be,06:35,2026-02-25
LONG,25106.0,25106.555357142857,-4.26,be,06:40,2026-02-25
LONG,25393.25,25393.91607142857,-3.82,be,04:45,2026-02-26
LONG,25398.75,25373.0,-109.48,stop,04:50,2026-02-26
LONG,25092.0,25092.930357142857,-2.76,be,04:20,2026-02-27
SHORT,25031.0,25030.097321428573,-2.87,be,04:45,2026-02-27
LONG,24617.5,24619.496428571427,1.51,be,04:10,2026-03-02
LONG,24618.0,24619.89285714286,1.09,be,04:15,2026-03-02
SHORT,24502.75,24500.644642857143,1.94,be,04:35,2026-03-03
SHORT,24502.0,24499.813392857144,2.27,be,04:45,2026-03-03
LONG,24692.75,24694.77857142857,1.63,be,04:15,2026-03-04
LONG,24699.5,24701.520535714284,1.6,be,04:20,2026-03-04
LONG,25162.5,25164.558035714286,1.75,be,04:10,2026-03-05
LONG,25183.75,25103.85714285714,-326.05,stop,04:15,2026-03-05
SHORT,25017.5,25015.938392857144,-0.23,be,04:10,2026-03-06
SHORT,25026.25,25024.708035714284,-0.31,be,04:15,2026-03-06
LONG,24328.5,24330.59107142857,1.88,be,04:35,2026-03-09
LONG,24316.25,24318.350892857143,1.92,be,04:40,2026-03-09
LONG,25138.5,25072.464285714286,-270.62,stop,04:10,2026-03-10
LONG,25112.75,25114.35982142857,-0.04,be,04:15,2026-03-10
SHORT,24931.25,24929.711607142857,-0.33,be,05:05,2026-03-11
SHORT,24943.0,24941.435714285715,-0.22,be,05:10,2026-03-11
LONG,24899.0,24860.964285714286,-158.62,stop,04:10,2026-03-12
LONG,24879.5,24880.474107142858,-2.58,be,04:15,2026-03-12
SHORT,24408.0,24406.692857142858,-1.25,be,04:10,2026-03-13
SHORT,24409.5,24459.214285714286,-205.34,stop,04:15,2026-03-13
SHORT,24498.75,24497.45892857143,-1.32,be,04:50,2026-03-16
SHORT,24502.25,24500.810714285715,-0.72,be,05:10,2026-03-16
LONG,24626.75,24627.941071428573,-1.72,be,05:30,2026-03-17
LONG,24625.25,24626.378571428573,-1.97,be,05:35,2026-03-17
LONG,24972.25,24972.883035714287,-3.95,be,06:20,2026-03-18
LONG,24971.75,24972.34375,-4.11,be,06:25,2026-03-18
SHORT,24322.0,24320.474107142858,-0.38,be,04:35,2026-03-19
SHORT,24311.0,24309.45892857143,-0.32,be,04:40,2026-03-19
LONG,24394.5,24395.548214285714,-2.29,be,04:10,2026-03-20
LONG,24394.75,24358.071428571428,-153.19,stop,04:15,2026-03-20
LONG,23917.25,23919.42767857143,2.23,be,04:15,2026-03-23
LONG,23933.0,23935.07767857143,1.83,be,04:35,2026-03-23
SHORT,24345.75,24343.410714285714,2.88,be,05:10,2026-03-24
SHORT,24306.75,24383.071428571428,-311.77,stop,05:15,2026-03-24
LONG,24480.25,24481.608035714286,-1.05,be,04:10,2026-03-25
LONG,24497.0,24499.75,4.52,be,04:15,2026-03-25
SHORT,24192.5,24190.980357142857,-0.4,be,04:30,2026-03-26
SHORT,24195.75,24188.321428571428,23.23,be,04:40,2026-03-26
SHORT,23830.25,23829.10982142857,-1.92,be,04:10,2026-03-27
SHORT,23836.25,23829.053571428572,22.31,stop,04:15,2026-03-27
LONG,23420.25,23421.423214285714,-1.79,be,04:15,2026-03-30
LONG,23424.25,23425.399107142857,-1.88,be,04:20,2026-03-30
LONG,23380.5,23319.10714285714,-252.05,stop,04:10,2026-03-31
LONG,23381.5,23383.595535714285,1.9,be,07:45,2026-03-31
SHORT,24054.5,24053.182142857142,-1.21,be,04:10,2026-04-01
SHORT,24048.75,24101.0,-215.48,stop,04:15,2026-04-01
SHORT,23788.25,23787.344642857144,-2.86,be,06:15,2026-04-02
SHORT,23785.25,23784.320535714287,-2.76,be,06:20,2026-04-02
LONG,24328.5,24329.70535714286,-1.66,be,04:10,2026-04-06
LONG,24328.5,24329.636607142857,-1.93,be,04:15,2026-04-06
LONG,24290.0,24341.321428571428,198.81,stop,04:10,2026-04-07
LONG,24314.5,24315.889285714286,-0.92,be,04:15,2026-04-07
LONG,25215.75,25216.80982142857,-2.24,be,05:00,2026-04-08
LONG,25211.75,25220.535714285714,28.66,stop,05:05,2026-04-08
SHORT,24962.75,24961.81517857143,-2.74,be,04:10,2026-04-09
SHORT,24957.0,24956.100892857143,-2.88,be,04:15,2026-04-09
SHORT,25217.5,25216.816071428573,-3.74,be,04:15,2026-04-10
SHORT,25212.5,25211.805357142857,-3.7,be,04:20,2026-04-10
LONG,25156.25,25171.5625,54.77,stop,07:00,2026-04-13
LONG,25171.75,25172.423214285714,-3.79,be,07:05,2026-04-13
LONG,25644.5,25645.304464285713,-3.26,be,04:30,2026-04-14
LONG,25648.0,25648.75625,-3.46,be,04:40,2026-04-14
LONG,26011.0,26029.04464285714,65.7,stop,04:15,2026-04-15
LONG,26012.5,26028.946428571428,59.31,stop,04:25,2026-04-15
SHORT,26436.5,26435.85892857143,-3.92,be,04:10,2026-04-16
SHORT,26428.75,26428.0875,-3.83,be,04:15,2026-04-16
LONG,26497.75,26498.308928571427,-4.24,be,04:30,2026-04-17
LONG,26500.0,26512.196428571428,42.31,stop,04:35,2026-04-17
SHORT,26624.75,26672.35714285714,-196.91,stop,04:10,2026-04-20
LONG,26722.5,26723.157142857144,-3.85,be,06:10,2026-04-20
SHORT,26801.0,26827.10714285714,-110.91,stop,04:15,2026-04-21
LONG,26848.0,26848.69017857143,-3.72,be,04:45,2026-04-21
SHORT,26825.0,26791.008928571428,129.48,stop,04:20,2026-04-22
SHORT,26814.0,26813.245535714286,-3.46,be,04:25,2026-04-22
SHORT,26962.5,26961.519642857143,-2.56,be,04:10,2026-04-23
SHORT,26970.25,26969.254464285714,-2.5,be,04:15,2026-04-23
LONG,27129.75,27130.633035714287,-2.95,be,04:20,2026-04-24
LONG,27131.75,27093.0,-161.48,stop,04:25,2026-04-24
SHORT,27394.5,27393.62232142857,-2.97,be,04:10,2026-04-27
SHORT,27390.5,27424.428571428572,-142.19,stop,04:15,2026-04-27
SHORT,27314.0,27313.07857142857,-2.79,be,04:10,2026-04-28
SHORT,27315.25,27351.89285714286,-153.05,stop,04:15,2026-04-28
SHORT,27209.0,27207.98660714286,-2.43,be,04:15,2026-04-29
LONG,27389.75,27390.9125,-1.83,be,04:40,2026-04-30
LONG,27384.25,27385.410714285714,-1.84,be,04:45,2026-04-30
SHORT,27566.75,27566.030357142856,-3.6,be,04:40,2026-05-01
SHORT,27564.5,27563.798214285714,-3.67,be,04:45,2026-05-01
SHORT,27878.0,27917.35714285714,-163.91,stop,04:20,2026-05-04
SHORT,27784.25,27690.714285714286,367.66,stop,06:05,2026-05-04
LONG,27926.5,27927.36517857143,-3.02,be,04:15,2026-05-05
LONG,27928.75,27929.617857142857,-3.01,be,04:40,2026-05-05
LONG,28359.75,28360.541964285716,-3.31,be,04:40,2026-05-06
LONG,28362.25,28362.998214285715,-3.49,be,04:45,2026-05-06
SHORT,28726.75,28725.550892857143,-1.68,be,05:05,2026-05-07
SHORT,28715.75,28714.84375,-2.86,be,06:05,2026-05-07
LONG,28850.25,28851.149107142857,-2.88,be,04:10,2026-05-08
LONG,28847.5,28848.385714285716,-2.94,be,04:15,2026-05-08
SHORT,29278.75,29277.754464285714,-2.5,be,04:10,2026-05-11
SHORT,29277.75,29276.73482142857,-2.42,be,04:15,2026-05-11
SHORT,29153.25,29152.141964285714,-2.05,be,07:15,2026-05-12
SHORT,29143.5,29142.355357142857,-1.9,be,07:20,2026-05-12
LONG,29401.25,29406.696428571428,15.31,be,04:10,2026-05-13
LONG,29422.75,29425.625,5.02,be,04:15,2026-05-13
SHORT,29556.0,29554.625892857144,-0.98,be,04:45,2026-05-14
SHORT,29550.25,29496.946428571428,206.73,stop,04:50,2026-05-14
SHORT,29355.75,29354.130357142858,-0.0,be,04:10,2026-05-15
SHORT,29342.75,29307.1875,135.77,stop,04:15,2026-05-15
LONG,29176.75,29214.071428571428,142.81,stop,04:10,2026-05-18
LONG,29203.0,29204.858035714286,0.95,be,04:25,2026-05-18
SHORT,29004.75,29003.284821428573,-0.62,be,04:25,2026-05-19
SHORT,28990.25,28988.735714285714,-0.42,be,04:30,2026-05-19
LONG,29079.5,29080.744642857142,-1.5,be,04:15,2026-05-20
LONG,29085.5,29086.764285714286,-1.42,be,04:20,2026-05-20
LONG,29371.5,29438.26785714286,260.59,stop,04:10,2026-05-21
LONG,29432.75,29434.398214285713,0.11,be,04:15,2026-05-21
LONG,29596.75,29598.0,-1.48,be,04:10,2026-05-22
LONG,29595.5,29622.946428571428,103.31,stop,04:15,2026-05-22
LONG,29839.5,29840.391964285714,-2.91,be,05:30,2026-05-26
LONG,29838.5,29839.373214285715,-2.99,be,05:35,2026-05-26
LONG,30154.0,30154.89642857143,-2.89,be,04:10,2026-05-27
LONG,30166.25,30184.0,64.52,stop,04:15,2026-05-27
LONG,29966.25,29967.459821428572,-1.64,be,04:15,2026-05-28
LONG,29971.5,29972.635714285716,-1.94,be,04:20,2026-05-28
LONG,30360.75,30361.691071428573,-2.72,be,05:15,2026-05-29
LONG,30364.75,30327.39285714286,-155.91,stop,05:20,2026-05-29
SHORT,30477.5,30476.476785714287,-2.39,be,04:10,2026-06-01
SHORT,30475.75,30474.738392857143,-2.43,be,04:15,2026-06-01
LONG,30558.25,30559.130357142858,-2.96,be,04:10,2026-06-02
LONG,30555.75,30556.65892857143,-2.84,be,04:15,2026-06-02
LONG,29361.5,29363.349107142858,0.92,be,07:15,2026-06-08
LONG,29376.75,29378.67142857143,1.21,be,07:20,2026-06-08
LONG,29693.75,29694.65625,-2.86,be,06:05,2026-06-09
LONG,29691.0,29692.33035714286,-1.16,be,07:05,2026-06-09
LONG,28914.0,28915.81875,0.79,be,04:10,2026-06-11
LONG,28915.0,28916.798214285714,0.71,be,04:15,2026-06-11
LONG,29464.25,29466.35982142857,1.96,be,04:10,2026-06-12
LONG,29467.25,29517.633928571428,195.06,stop,04:15,2026-06-12
LONG,30276.5,30277.813392857144,-1.23,be,04:10,2026-06-15
LONG,30279.5,30309.73214285714,114.45,stop,04:15,2026-06-15
LONG,30573.0,30574.063392857144,-2.23,be,04:10,2026-06-16
LONG,30567.25,30588.508928571428,78.56,stop,04:15,2026-06-16
SHORT,30215.25,30214.209821428572,-2.32,be,04:20,2026-06-17
SHORT,30219.75,30218.707142857143,-2.31,be,04:25,2026-06-17
LONG,30172.5,30173.66607142857,-1.82,be,04:10,2026-06-18
LONG,30168.25,30121.285714285714,-194.34,stop,04:15,2026-06-18
LONG,30640.25,30641.332142857143,-2.15,be,04:20,2026-06-19
LONG,30640.5,30641.54910714286,-2.28,be,04:25,2026-06-19
SHORT,30718.75,30717.71875,-2.36,be,04:10,2026-06-22
SHORT,30726.5,30716.678571428572,32.81,stop,04:15,2026-06-22
SHORT,29852.25,29849.699107142857,3.72,be,04:15,2026-06-23
SHORT,29809.25,29806.79910714286,3.32,be,04:20,2026-06-23
LONG,29857.5,29787.214285714286,-287.62,stop,04:15,2026-06-24
LONG,29852.25,29783.89285714286,-279.91,stop,04:35,2026-06-24
LONG,30205.0,30206.139285714286,-1.92,be,04:10,2026-06-25
LONG,30186.75,30143.678571428572,-178.77,stop,07:05,2026-06-25
SHORT,29413.5,29410.60714285714,5.09,be,04:50,2026-06-26
SHORT,29386.0,29384.027678571427,1.41,be,04:55,2026-06-26
LONG,29713.75,29715.38482142857,0.06,be,04:20,2026-06-29
LONG,29714.25,29715.829464285714,-0.16,be,04:25,2026-06-29
SHORT,30036.5,30035.023214285713,-0.57,be,04:40,2026-06-30
SHORT,30047.5,30045.957142857143,-0.31,be,04:45,2026-06-30
LONG,30394.75,30395.525892857142,-3.38,be,06:30,2026-07-01
LONG,30395.25,30422.25,101.52,stop,06:50,2026-07-01
LONG,29988.25,29990.38482142857,2.06,be,04:35,2026-07-02
LONG,29998.5,30000.598214285714,1.91,be,04:40,2026-07-02
LONG,29877.5,29878.548214285714,-2.29,be,05:15,2026-07-03
LONG,29880.5,29881.510714285716,-2.44,be,05:20,2026-07-03
SHORT,29815.25,29813.834821428572,-0.82,be,04:20,2026-07-06
LONG,29883.5,29884.58392857143,-2.14,be,05:55,2026-07-06
SHORT,29636.5,29635.4125,-2.13,be,05:35,2026-07-07
SHORT,29634.5,29677.035714285714,-176.62,stop,05:50,2026-07-07
SHORT,29264.75,29071.428571428572,766.81,stop,04:20,2026-07-08
SHORT,29126.25,29123.561607142856,4.27,be,04:25,2026-07-08
LONG,29729.5,29674.10714285714,-228.05,stop,04:10,2026-07-09
LONG,29715.25,29716.63839285714,-0.93,be,04:20,2026-07-09
LONG,29826.25,29827.386607142857,-1.93,be,05:40,2026-07-10
LONG,29830.0,29831.104464285716,-2.06,be,06:05,2026-07-10
LONG,29705.25,29706.680357142857,-0.76,be,04:15,2026-07-13
LONG,29717.0,29718.398214285713,-0.89,be,04:20,2026-07-13
LONG,29624.5,29625.933928571427,-0.74,be,05:15,2026-07-14
LONG,29635.25,29636.691071428573,-0.72,be,07:20,2026-07-14
SHORT,29927.0,29925.491964285713,-0.45,be,04:10,2026-07-15
SHORT,29918.0,29916.566071428573,-0.74,be,04:15,2026-07-15
SHORT,29527.75,29516.571428571428,38.23,stop,04:10,2026-07-16
SHORT,29491.5,29490.089285714286,-0.84,be,04:15,2026-07-16
SHORT,28676.5,28608.29464285714,266.34,stop,04:15,2026-07-17
SHORT,28592.0,28590.060714285715,1.28,be,04:20,2026-07-17
LONG,28926.75,28928.416964285716,0.19,be,04:15,2026-07-20
LONG,28941.5,28985.026785714286,167.63,stop,05:45,2026-07-20
LONG,29168.75,29169.8125,-2.23,be,04:30,2026-07-21
LONG,29161.0,29162.008928571428,-2.44,be,04:40,2026-07-21
LONG,29131.75,29133.116964285713,-1.01,be,05:05,2026-07-22
LONG,29137.0,29138.38839285714,-0.93,be,05:10,2026-07-22
LONG,29103.25,29104.845535714285,-0.1,be,05:00,2026-07-23
LONG,29127.0,29060.535714285714,-272.34,stop,05:05,2026-07-23
LONG,28677.0,28678.399107142857,-0.88,be,05:10,2026-07-24
LONG,28673.5,28674.866964285713,-1.01,be,05:30,2026-07-24
LONG,28737.0,28738.191071428573,-1.72,be,04:45,2026-07-27
LONG,28743.25,28744.394642857143,-1.9,be,04:55,2026-07-27
SHORT,27899.0,27897.45089285714,-0.28,be,04:10,2026-07-28
SHORT,27888.5,27949.321428571428,-249.77,stop,04:15,2026-07-28
SHORT,27859.75,27855.89285714286,8.95,be,04:15,2026-07-29
SHORT,27867.75,27866.233035714286,-0.41,be,04:20,2026-07-29
LONG,27536.25,27538.150892857142,1.12,be,05:15,2026-07-30
LONG,27540.0,27541.64017857143,0.08,be,05:20,2026-07-30
LONG,28593.25,28595.04642857143,0.71,be,04:20,2026-07-31
LONG,28598.25,28600.008035714287,0.55,be,04:30,2026-07-31
SHORT,28540.25,28491.526785714286,188.41,stop,04:10,2026-08-03
SHORT,28513.5,28507.64285714286,16.95,be,04:20,2026-08-03
LONG,29118.5,29119.89285714286,-0.91,be,04:10,2026-08-04
LONG,29119.0,29120.274107142857,-1.38,be,04:20,2026-08-04
SHORT,29864.75,29834.660714285714,113.88,stop,04:15,2026-08-05
SHORT,29855.25,29826.375,109.02,stop,04:20,2026-08-05
LONG,29608.75,29609.71875,-2.61,be,04:10,2026-08-07
LONG,29624.75,29625.7,-2.68,be,04:15,2026-08-07
SHORT,29876.25,29875.241964285713,-2.45,be,07:10,2026-08-10
SHORT,29876.5,29875.47142857143,-2.37,be,07:15,2026-08-10
SHORT,29722.5,29770.464285714286,-198.34,stop,04:35,2026-08-11
SHORT,29720.5,29769.14285714286,-201.05,stop,05:10,2026-08-11
LONG,29767.0,29767.666964285716,-3.81,be,04:10,2026-08-12
LONG,29771.5,29785.35714285714,48.95,stop,04:15,2026-08-12
SHORT,29838.5,29837.647321428572,-3.07,be,04:15,2026-08-13
SHORT,29832.25,29831.41607142857,-3.14,be,05:15,2026-08-13
LONG,30227.25,30227.994642857142,-3.5,be,04:10,2026-08-14
LONG,30213.5,30215.946428571428,3.31,be,04:15,2026-08-14
LONG,30337.25,30301.785714285714,-148.34,stop,06:30,2026-08-17
SHORT,29758.0,29756.79464285714,-1.66,be,04:10,2026-08-18
SHORT,29767.5,29764.23214285714,6.59,be,04:15,2026-08-18
LONG,29628.5,29629.801785714284,-1.27,be,04:10,2026-08-19
LONG,29624.5,29625.75625,-1.46,be,04:15,2026-08-19
SHORT,29559.5,29482.089285714286,303.16,stop,04:10,2026-08-20
SHORT,29537.0,29535.542857142857,-0.65,be,04:15,2026-08-20
LONG,29458.0,29459.0625,-2.23,be,04:55,2026-08-21
LONG,29468.25,29469.132142857143,-2.95,be,05:40,2026-08-21
LONG,29223.25,29224.854464285716,-0.06,be,04:40,2026-08-24
LONG,29224.0,29225.540178571428,-0.32,be,04:45,2026-08-24
SHORT,29218.25,29267.071428571428,-201.77,stop,04:15,2026-08-25
LONG,29315.75,29317.269642857143,-0.4,be,04:25,2026-08-25
LONG,29259.75,29260.6875,-2.73,be,07:05,2026-08-26
LONG,29598.25,29599.42142857143,-1.79,be,04:10,2026-08-27
LONG,29622.0,29645.348214285714,86.91,stop,04:15,2026-08-27
SHORT,29588.75,29587.773214285713,-2.57,be,04:10,2026-08-28
SHORT,29585.5,29584.535714285714,-2.62,be,04:15,2026-08-28
LONG,29530.75,29531.730357142857,-2.56,be,04:10,2026-08-31
SHORT,29490.5,29489.49375,-2.46,be,04:40,2026-08-31
SHORT,29336.5,29334.708035714284,0.69,be,04:10,2026-09-01
SHORT,29349.0,29300.9375,185.77,stop,04:15,2026-09-01
SHORT,29046.0,29044.789285714287,-1.64,be,04:25,2026-09-02
SHORT,29049.5,29048.2625,-1.53,be,04:35,2026-09-02
LONG,29247.0,29248.575,-0.18,be,04:15,2026-09-03
LONG,29247.25,29248.74375,-0.5,be,04:20,2026-09-03
LONG,29670.25,29633.14285714286,-154.91,stop,04:30,2026-09-04
LONG,29662.25,29662.980357142857,-3.56,be,06:05,2026-09-04
SHORT,29617.5,29616.870535714286,-3.96,be,05:25,2026-09-07
SHORT,29610.25,29609.65892857143,-4.12,be,05:35,2026-09-07
SHORT,29495.0,29493.488392857143,-0.43,be,04:10,2026-09-08
SHORT,29513.0,29511.46875,-0.36,be,04:15,2026-09-08
SHORT,29551.25,29550.229464285716,-2.4,be,04:40,2026-09-09
SHORT,29541.75,29540.676785714284,-2.19,be,04:45,2026-09-09
SHORT,29413.5,29412.516964285714,-2.55,be,04:50,2026-09-10
SHORT,29415.0,29414.066071428573,-2.74,be,04:55,2026-09-10
LONG,29286.5,29287.626785714285,-1.97,be,04:25,2026-09-11
LONG,29271.75,29298.178571428572,99.23,stop,04:30,2026-09-11
SHORT,28903.75,28901.053571428572,4.31,be,04:25,2026-09-14
SHORT,28875.25,28873.933928571427,-1.22,be,04:30,2026-09-14
SHORT,28947.75,28946.25,-0.48,be,04:10,2026-09-15
SHORT,28980.5,28978.963392857142,-0.33,be,04:15,2026-09-15
SHORT,29051.0,29050.11875,-2.96,be,04:10,2026-09-16
SHORT,29055.5,29054.660714285714,-3.12,be,04:15,2026-09-16
LONG,29272.25,29274.160714285714,1.16,be,05:05,2026-09-17
LONG,29279.5,29280.435714285715,-2.74,be,05:10,2026-09-17
SHORT,29606.75,29605.933035714286,-3.21,be,04:10,2026-09-18
SHORT,29602.0,29601.14107142857,-3.04,be,04:30,2026-09-18
LONG,30207.75,30208.76517857143,-2.42,be,04:10,2026-09-21
LONG,30204.75,30205.696428571428,-2.69,be,04:15,2026-09-21
SHORT,30737.5,30736.516964285714,-2.55,be,04:10,2026-09-22
SHORT,30736.25,30715.08035714286,78.2,stop,04:15,2026-09-22
SHORT,31021.5,31020.56875,-2.75,be,04:40,2026-09-23
SHORT,31014.5,31013.602678571428,-2.89,be,04:45,2026-09-23
SHORT,30487.25,30485.701785714286,-0.29,be,04:15,2026-09-24
SHORT,30491.0,30489.5625,-0.73,be,04:20,2026-09-24
LONG,30908.0,30947.428571428572,151.23,stop,04:25,2026-09-25
LONG,30922.75,30923.9625,-1.63,be,04:30,2026-09-25
