date,entry_time,exit_time,side,setup,entry,exit,stop_init,target,contracts,pnl,exit_reason,grade,flip_age
2021-06-02,09:45,11:15,LONG,PM_LONG,13700.25,13688.0,13500.25,15200.25,1,-25.74,no_move,A+,1
2021-06-03,09:45,15:10,SHORT,ORB_SHORT,13467.0,13551.0,13667.0,11967.0,2,-337.24,eod,A+,1
2021-06-04,11:25,12:55,LONG,PM_LONG,13764.5,13760.0,13564.5,15264.5,1,-10.24,no_move,A+,1
2021-06-11,11:00,12:30,SHORT,ORB_SHORT,13937.75,13953.75,14137.75,12437.75,1,-33.24,no_move,A+,16
2021-06-14,09:45,11:15,LONG,PM_LONG,14039.0,14028.0,13839.0,15539.0,1,-23.24,no_move,A+,1
2021-06-14,13:45,15:10,LONG,PM_LONG,14068.5,14054.0,13868.5,15568.5,1,-30.24,eod,A+,1
2021-06-17,11:50,13:20,LONG,PM_LONG,14175.75,14156.0,13975.75,15675.75,1,-40.74,no_move,A+,13
2021-06-21,13:40,15:10,LONG,PM_LONG,14125.5,14117.25,13925.5,15625.5,1,-17.74,no_move,A+,1
2021-06-22,10:30,12:00,LONG,PM_LONG,14169.25,14203.5,13969.25,15669.25,1,67.26,no_move,A+,1
2021-06-23,09:55,11:25,LONG,PM_LONG,14305.5,14270.25,14105.5,15805.5,1,-71.74,no_move,A+,1
2021-06-24,10:05,11:35,LONG,PM_LONG,14387.0,14388.0,14187.0,15887.0,1,0.76,no_move,A+,3
2021-06-24,11:40,13:10,LONG,PM_LONG,14390.0,14375.25,14190.0,15890.0,1,-30.74,no_move,A+,19
2021-06-25,09:55,11:25,SHORT,ORB_SHORT,14341.75,14354.75,14541.75,12841.75,1,-27.24,no_move,A+,3
2021-06-29,10:45,12:15,LONG,PM_LONG,14525.5,14533.75,14325.5,16025.5,1,15.26,no_move,A+,13
2021-07-01,11:20,12:50,SHORT,ORB_SHORT,14481.25,14491.0,14681.25,12981.25,1,-20.74,no_move,A+,3
2021-07-02,11:55,13:25,LONG,PM_LONG,14668.25,14680.5,14468.25,16168.25,1,23.26,no_move,A+,5
2021-07-06,10:15,13:40,LONG,PM_LONG,14768.75,14734.0,14568.75,16268.75,1,-70.74,no_move,A+,3
2021-07-08,09:45,13:25,SHORT,ORB_SHORT,14542.5,14742.5,14742.5,13042.5,2,-801.24,stop,A+,1
2021-07-09,10:50,12:20,LONG,PM_LONG,14769.5,14805.0,14569.5,16269.5,1,69.76,no_move,A+,3
2021-07-13,09:45,13:05,LONG,ORB_LONG,14899.5,14952.5,14699.5,16399.5,1,104.76,no_move,A+,1
2021-07-14,10:00,15:10,LONG,PM_LONG,14992.5,14930.0,14792.5,16492.5,1,-126.24,eod,A+,1
2021-07-15,10:25,11:55,SHORT,VWAP_SHORT,14804.5,14775.75,15004.5,13304.5,1,56.26,no_move,A+,3
2021-07-15,13:40,15:10,SHORT,ORB_SHORT,14733.75,14766.25,14933.75,13233.75,1,-66.24,no_move,A+,3
2021-07-16,10:25,11:55,SHORT,ORB_SHORT,14742.75,14726.75,14942.75,13242.75,1,30.76,no_move,A+,9
2021-07-19,09:55,12:00,SHORT,ORB_SHORT,14483.5,14506.0,14683.5,12983.5,1,-46.24,no_move,A+,1
2021-07-19,13:55,15:10,SHORT,ORB_SHORT,14464.25,14502.0,14664.25,12964.25,2,-152.24,eod,A+,1
2021-07-20,13:00,14:30,LONG,PM_LONG,14715.5,14759.75,14515.5,16215.5,2,175.76,no_move,A+,11
2021-07-21,11:00,12:30,LONG,PM_LONG,14776.25,14769.0,14576.25,16276.25,1,-15.74,no_move,A+,1
2021-07-21,13:40,15:10,LONG,PM_LONG,14780.0,14794.75,14580.0,16280.0,1,28.26,no_move,A+,1
2021-07-22,09:45,11:15,LONG,PM_LONG,14869.75,14889.0,14669.75,16369.75,1,37.26,no_move,A+,1
2021-07-23,10:15,15:10,LONG,PM_LONG,14997.25,15088.25,14797.25,16497.25,1,180.76,eod,A+,7
2021-07-26,10:10,11:40,LONG,PM_LONG,15097.0,15111.75,14897.0,16597.0,1,28.26,no_move,A+,2
2021-07-27,11:15,12:45,SHORT,ORB_SHORT,14861.5,14844.5,15061.5,13361.5,1,32.76,no_move,A+,1
2021-07-27,13:15,15:10,SHORT,ORB_SHORT,14790.75,14908.5,14990.75,13290.75,1,-236.74,eod,A+,1
2021-07-28,10:15,12:05,LONG,PM_LONG,15054.25,15017.5,14854.25,16554.25,1,-74.74,no_move,A+,1
2021-07-29,09:45,11:15,LONG,PM_LONG,15065.5,15071.0,14865.5,16565.5,1,9.76,no_move,A+,1
2021-07-30,10:15,11:45,LONG,PM_LONG,14944.5,14914.75,14744.5,16444.5,1,-60.74,no_move,A+,7
2021-08-02,10:05,11:55,SHORT,VWAP_SHORT,14971.0,15001.25,15171.0,13471.0,1,-61.74,no_move,A+,5
2021-08-05,09:45,11:15,LONG,PM_LONG,15117.75,15148.25,14917.75,16617.75,1,59.76,no_move,A+,1
2021-08-06,10:55,12:25,SHORT,ORB_SHORT,15077.5,15095.25,15277.5,13577.5,1,-36.74,no_move,A+,3
2021-08-13,10:15,11:45,LONG,PM_LONG,15133.5,15100.0,14933.5,16633.5,1,-68.24,no_move,A+,1
2021-08-16,09:50,11:30,SHORT,ORB_SHORT,15029.0,14975.5,15229.0,13529.0,1,105.76,no_move,A+,2
2021-08-17,13:00,14:30,SHORT,ORB_SHORT,14919.75,14954.25,15119.75,13419.75,1,-70.24,no_move,A+,7
2021-08-18,10:00,11:30,LONG,PM_LONG,15007.5,14978.75,14807.5,16507.5,1,-58.74,no_move,A+,2
2021-08-19,10:55,13:25,LONG,PM_LONG,14897.0,14944.0,14697.0,16397.0,1,92.76,no_move,A+,2
2021-08-23,11:30,13:00,LONG,PM_LONG,15284.75,15324.5,15084.75,16784.75,1,78.26,no_move,A+,1
2021-08-24,10:05,11:35,LONG,PM_LONG,15361.25,15343.5,15161.25,16861.25,2,-72.24,no_move,A+,1
2021-08-25,10:30,12:00,SHORT,ORB_SHORT,15353.25,15349.0,15553.25,13853.25,1,7.26,no_move,A+,10
2021-08-26,10:35,12:50,SHORT,ORB_SHORT,15294.75,15326.0,15494.75,13794.75,1,-63.74,no_move,A+,3
2021-08-27,10:00,11:30,LONG,PM_LONG,15361.25,15393.5,15161.25,16861.25,1,63.26,no_move,A+,1
2021-08-30,11:45,13:15,LONG,PM_LONG,15592.75,15593.0,15392.75,17092.75,2,-0.24,no_move,A+,1
2021-09-01,09:45,11:15,LONG,PM_LONG,15695.0,15681.0,15495.0,17195.0,1,-29.24,no_move,A+,1
2021-09-03,10:00,11:30,LONG,ORB_LONG,15661.5,15650.0,15461.5,17161.5,1,-24.24,no_move,A+,2
2021-09-07,10:10,11:40,SHORT,ORB_SHORT,15621.75,15661.5,15821.75,14121.75,1,-80.74,no_move,A+,6
2021-09-08,10:25,11:20,SHORT,MOM_SHORT,15628.0,15585.81,15828.0,14128.0,1,83.14,stop,A+,1
2021-09-09,10:15,10:40,LONG,PM_LONG,15646.25,15650.5,15446.25,17146.25,1,7.26,vwap_cross,A+,2
2021-09-16,09:45,11:15,SHORT,VWAP_SHORT,15422.75,15377.75,15622.75,13922.75,1,88.76,no_move,A+,1
2021-09-20,10:25,13:25,SHORT,VWAP_SHORT,15038.5,14938.0,15238.5,13538.5,1,498.52,rev_exit,A+,3
2021-09-21,09:45,11:30,LONG,PM_LONG,15123.75,15099.5,14923.75,16623.75,1,-49.74,no_move,A+,1
2021-09-22,10:00,12:50,LONG,ORB_LONG,15093.75,15150.5,14893.75,16593.75,1,112.26,no_move,A+,1
2021-09-23,09:55,11:15,LONG,PM_LONG,15275.0,15281.0,15075.0,16775.0,1,10.76,vwap_cross,A+,1
2021-09-23,13:05,14:35,LONG,PM_LONG,15325.5,15325.25,15125.5,16825.5,1,-1.74,no_move,A+,1
2021-09-28,09:45,11:35,SHORT,ORB_SHORT,14913.0,14814.0,15113.0,13413.0,2,394.76,rev_exit,A+,1
2021-09-28,11:45,13:15,SHORT,ORB_SHORT,14782.0,14773.0,14982.0,13282.0,1,16.76,no_move,A+,1
2021-09-29,09:45,11:15,LONG,PM_LONG,14869.5,14832.0,14669.5,16369.5,1,-76.24,no_move,A+,1
2021-09-30,09:45,11:15,LONG,PM_LONG,14865.75,14835.25,14665.75,16365.75,1,-62.24,no_move,A+,1
2021-09-30,11:45,13:15,SHORT,ORB_SHORT,14732.5,14758.75,14932.5,13232.5,1,-53.74,no_move,A+,3
2021-10-01,09:45,10:55,SHORT,VWAP_SHORT,14644.75,14596.26,14844.75,13144.75,1,95.74,stop,A+,1
2021-10-04,11:05,12:35,SHORT,ORB_SHORT,14453.75,14399.0,14653.75,12953.75,1,108.26,no_move,A+,1
2021-10-05,09:45,11:45,LONG,PM_LONG,14575.25,14664.5,14375.25,16075.25,1,177.26,rev_exit,A+,1
2021-10-05,13:40,15:10,LONG,PM_LONG,14742.0,14745.75,14542.0,16242.0,1,6.26,no_move,A+,1
2021-10-07,09:55,11:25,LONG,PM_LONG,14955.25,14966.75,14755.25,16455.25,1,21.76,no_move,A+,1
2021-10-14,10:00,11:30,LONG,PM_LONG,14973.0,14990.0,14773.0,16473.0,2,66.76,no_move,A+,1
2021-10-14,11:40,13:10,LONG,PM_LONG,15004.5,15026.25,14804.5,16504.5,1,42.26,no_move,A+,1
2021-10-15,10:55,12:25,LONG,PM_LONG,15110.5,15086.75,14910.5,16610.5,1,-48.74,no_move,A+,15
2021-10-18,13:15,14:45,LONG,PM_LONG,15238.75,15264.5,15038.75,16738.75,1,50.26,no_move,A+,2
2021-10-19,09:50,11:20,LONG,PM_LONG,15355.25,15362.75,15155.25,16855.25,1,13.76,no_move,A+,2
2021-10-20,13:05,14:35,SHORT,ORB_SHORT,15358.25,15368.75,15558.25,13858.25,1,-22.24,no_move,A+,31
2021-10-21,11:00,12:30,LONG,PM_LONG,15435.5,15418.75,15235.5,16935.5,1,-34.74,no_move,A+,1
2021-10-22,10:30,15:10,LONG,VWAP_LONG,15435.0,15341.0,15235.0,16935.0,1,-189.24,eod,A+,1
2021-10-26,09:45,11:00,LONG,PM_LONG,15634.75,15651.0,15434.75,17134.75,1,31.26,vwap_cross,A+,1
2021-10-27,10:00,11:30,LONG,PM_LONG,15587.75,15646.25,15387.75,17087.75,1,115.76,no_move,A+,4
2021-10-27,13:25,14:55,LONG,PM_LONG,15706.0,15682.5,15506.0,17206.0,1,-48.24,no_move,A+,1
2021-11-01,10:00,13:40,SHORT,ORB_SHORT,15777.5,15813.75,15977.5,14277.5,1,-73.74,no_move,A+,4
2021-11-02,10:10,10:15,LONG,PM_LONG,15905.5,15919.0,15705.5,17405.5,1,25.76,vwap_cross,A+,6
2021-11-02,11:45,13:15,LONG,PM_LONG,15964.75,15947.0,15764.75,17464.75,1,-36.74,no_move,A+,1
2021-11-04,09:45,11:20,LONG,PM_LONG,16225.5,16273.2,16025.5,17725.5,2,189.56,stop,A+,1
2021-11-04,13:30,15:00,LONG,PM_LONG,16317.25,16329.5,16117.25,17817.25,1,23.26,no_move,A+,1
2021-11-05,10:00,11:30,LONG,PM_LONG,16435.25,16423.5,16235.25,17935.25,1,-24.74,no_move,A+,1
2021-11-05,11:50,15:10,LONG,PM_LONG,16433.75,16353.25,16233.75,17933.75,1,-162.24,eod,A+,1
2021-11-10,13:25,14:50,SHORT,VWAP_SHORT,16053.0,15957.75,16253.0,14553.0,1,189.26,stop,A+,1
2021-11-12,10:45,15:10,LONG,ORB_LONG,16086.75,16183.25,15886.75,17586.75,1,191.76,eod,A+,13
2021-11-15,11:50,13:20,SHORT,ORB_SHORT,16110.75,16148.75,16310.75,14610.75,1,-77.24,no_move,A+,3
2021-11-17,09:50,12:25,SHORT,ORB_SHORT,16282.5,16309.5,16482.5,14782.5,1,-55.24,no_move,A+,2
2021-11-18,09:45,11:15,LONG,PM_LONG,16412.25,16390.25,16212.25,17912.25,1,-45.24,no_move,A+,1
2021-11-18,11:30,13:00,LONG,PM_LONG,16430.5,16447.0,16230.5,17930.5,1,31.76,no_move,A+,1
2021-11-19,09:45,11:15,LONG,PM_LONG,16580.0,16595.25,16380.0,18080.0,1,29.26,no_move,A+,1
2021-11-19,11:35,13:05,LONG,PM_LONG,16618.5,16604.0,16418.5,18118.5,1,-30.24,no_move,A+,2
2021-11-23,10:25,11:05,SHORT,ORB_SHORT,16243.25,16197.01,16443.25,14743.25,1,91.24,stop,A+,5
2021-11-24,09:45,11:30,SHORT,VWAP_SHORT,16133.25,16333.25,16333.25,14633.25,1,-401.24,stop,A+,1
2021-11-26,09:45,11:35,SHORT,ORB_SHORT,16180.0,16087.75,16380.0,14680.0,1,183.26,stop,A+,1
2021-11-30,11:30,13:00,SHORT,ORB_SHORT,16133.75,16107.0,16333.75,14633.75,1,52.26,no_move,A+,3
2021-12-01,10:00,11:30,LONG,MOM_LONG,16349.75,16393.0,16149.75,17849.75,1,85.26,no_move,A+,4
2021-12-01,11:45,13:10,LONG,PM_LONG,16403.0,16203.0,16203.0,17903.0,1,-401.24,stop,A+,7
2021-12-02,10:45,12:20,SHORT,VWAP_SHORT,15839.25,16039.25,16039.25,14339.25,2,-801.24,stop,A+,1
2021-12-03,10:50,12:15,SHORT,ORB_SHORT,15700.5,15620.0,15900.5,14200.5,1,159.76,stop,A+,1
2021-12-07,09:45,14:35,LONG,PM_LONG,16194.0,16292.75,15994.0,17694.0,1,495.02,rev_exit,A+,1
2021-12-08,10:05,11:35,SHORT,VWAP_SHORT,16274.0,16310.75,16474.0,14774.0,1,-74.74,no_move,A+,5
2021-12-09,10:30,12:00,SHORT,ORB_SHORT,16275.25,16274.75,16475.25,14775.25,1,-0.24,no_move,A+,3
2021-12-09,13:50,15:10,SHORT,ORB_SHORT,16228.75,16163.5,16428.75,14728.75,1,129.26,eod,A+,3
2021-12-10,11:05,15:10,SHORT,ORB_SHORT,16145.75,16245.25,16345.75,14645.75,1,-200.24,eod,A+,10
2021-12-13,11:00,12:30,SHORT,ORB_SHORT,16184.75,16173.25,16384.75,14684.75,1,21.76,no_move,A+,1
2021-12-15,09:45,11:15,SHORT,ORB_SHORT,15834.75,15812.5,16034.75,14334.75,1,43.26,no_move,A+,1
2021-12-22,09:45,13:25,LONG,PM_LONG,16021.5,16075.16,15821.5,17521.5,2,213.4,stop,A+,1
2021-12-23,09:50,15:10,LONG,PM_LONG,16214.0,16326.75,16014.0,17714.0,1,224.26,eod,A+,2
2021-12-27,09:45,15:10,LONG,PM_LONG,16423.25,16534.5,16223.25,17923.25,2,443.76,eod,A+,1
2021-12-30,10:05,11:35,LONG,PM_LONG,16538.25,16540.5,16338.25,18038.25,1,3.26,no_move,A+,2
2021-12-31,10:00,11:30,SHORT,ORB_SHORT,16363.75,16388.25,16563.75,14863.75,1,-50.24,no_move,A+,2
2022-01-03,09:45,11:35,SHORT,ORB_SHORT,16347.75,16374.75,16547.75,14847.75,1,-55.24,no_move,A+,1
2022-01-06,10:10,10:55,SHORT,ORB_SHORT,15651.25,15851.25,15851.25,14151.25,2,-801.24,stop,A+,3
2022-01-06,11:15,12:45,LONG,PM_LONG,15848.5,15861.0,15648.5,17348.5,1,23.76,no_move,A+,1
2022-01-07,10:40,12:15,SHORT,ORB_SHORT,15587.5,15624.25,15787.5,14087.5,1,-74.74,no_move,A+,8
2022-01-11,10:00,11:45,LONG,ORB_LONG,15620.25,15789.75,15420.25,17120.25,1,337.76,stop,A+,1
2022-01-14,10:15,15:10,LONG,PM_LONG,15591.5,15529.5,15391.5,17091.5,1,-125.24,eod,A+,1
2022-01-19,09:50,11:10,LONG,PM_LONG,15343.0,15143.0,15143.0,16843.0,1,-401.24,stop,A+,2
2022-01-20,09:50,11:20,LONG,PM_LONG,15257.75,15279.0,15057.75,16757.75,1,41.26,no_move,A+,2
2022-01-21,10:05,10:25,SHORT,ORB_SHORT,14648.0,14595.91,14848.0,13148.0,2,207.12,stop,A+,3
2022-01-21,10:45,11:30,LONG,PM_LONG,14759.75,14804.19,14559.75,16259.75,1,87.64,stop,A+,4
2022-01-24,10:00,10:15,SHORT,ORB_SHORT,14086.0,14041.11,14286.0,12586.0,2,178.32,stop,A+,2
2022-01-24,10:20,11:15,SHORT,ORB_SHORT,14087.75,14038.7,14287.75,12587.75,2,194.96,stop,A+,1
2022-01-24,11:20,11:50,SHORT,ORB_SHORT,14007.0,13880.5,14207.0,12507.0,1,251.76,stop,A+,6
2022-01-25,11:05,12:35,SHORT,ORB_SHORT,14108.0,14086.25,14308.0,12608.0,2,85.76,no_move,A+,3
2022-01-26,10:00,12:05,LONG,PM_LONG,14505.25,14470.0,14305.25,16005.25,1,-71.74,no_move,A+,1
2022-01-28,10:50,11:30,LONG,PM_LONG,14108.75,14208.0,13908.75,15608.75,2,395.76,rev_exit,A+,1
2022-01-28,11:35,13:05,LONG,PM_LONG,14225.5,14254.75,14025.5,15725.5,1,57.26,no_move,A+,1
2022-01-31,10:40,12:10,LONG,PM_LONG,14694.5,14738.5,14494.5,16194.5,1,86.76,no_move,A+,1
2022-02-01,11:05,12:35,LONG,VWAP_LONG,14887.5,14858.5,14687.5,16387.5,1,-59.24,no_move,A+,17
2022-02-02,09:45,11:15,SHORT,ORB_SHORT,15031.25,14982.5,15231.25,13531.25,1,96.26,no_move,A+,1
2022-02-07,09:45,10:25,LONG,VWAP_LONG,14733.5,14736.5,14533.5,16233.5,2,10.76,vwap_cross,A+,1
2022-02-08,10:05,11:30,SHORT,ORB_SHORT,14496.25,14696.25,14696.25,12996.25,1,-401.24,stop,A+,3
2022-02-09,10:55,12:25,LONG,PM_LONG,14947.5,14950.5,14747.5,16447.5,1,4.76,no_move,A+,1
2022-02-11,09:45,11:35,LONG,PM_LONG,14743.25,14543.25,14543.25,16243.25,1,-401.24,stop,A+,1
2022-02-14,11:15,12:45,LONG,PM_LONG,14338.0,14378.5,14138.0,15838.0,1,79.76,no_move,A+,1
2022-02-15,10:05,11:35,LONG,VWAP_LONG,14497.5,14551.75,14297.5,15997.5,1,107.26,no_move,A+,1
2022-02-15,13:20,14:50,LONG,ORB_LONG,14529.25,14555.25,14329.25,16029.25,2,102.76,no_move,A+,1
2022-02-16,10:00,11:30,SHORT,ORB_SHORT,14422.0,14440.25,14622.0,12922.0,1,-37.74,no_move,A+,1
2022-02-17,09:45,11:10,SHORT,ORB_SHORT,14430.0,14381.4,14630.0,12930.0,1,95.96,stop,A+,1
2022-02-17,13:10,14:40,SHORT,ORB_SHORT,14308.75,14249.5,14508.75,12808.75,1,117.26,no_move,A+,1
2022-02-18,10:30,12:05,SHORT,ORB_SHORT,14066.0,14014.25,14266.0,12566.0,1,102.26,no_move,A+,5
2022-02-22,10:30,11:50,LONG,PM_LONG,14048.5,13848.5,13848.5,15548.5,1,-401.24,stop,A+,3
2022-02-23,09:50,11:30,SHORT,ORB_SHORT,13896.75,13773.5,14096.75,12396.75,1,245.26,stop,A+,2
2022-02-23,13:10,15:10,SHORT,ORB_SHORT,13687.25,13545.0,13887.25,12187.25,1,582.02,eod,A+,2
2022-02-24,11:00,11:25,LONG,PM_LONG,13430.75,13494.75,13230.75,14930.75,1,126.76,rev_exit,A+,1
2022-02-24,11:30,13:00,LONG,PM_LONG,13495.0,13458.0,13295.0,14995.0,1,-75.24,no_move,A+,4
2022-02-24,13:35,15:10,LONG,PM_LONG,13593.0,13821.0,13393.0,15093.0,1,454.76,eod,A+,1
2022-02-25,10:30,11:00,LONG,VWAP_LONG,13986.25,14032.6,13786.25,15486.25,1,91.46,stop,A+,10
2022-02-25,13:55,15:10,LONG,PM_LONG,14110.75,14103.25,13910.75,15610.75,2,-31.24,eod,A+,6
2022-02-28,10:35,11:45,LONG,PM_LONG,14180.5,14230.9,13980.5,15680.5,2,200.36,stop,A+,3
2022-02-28,13:05,15:10,LONG,PM_LONG,14167.5,14044.25,13967.5,15667.5,1,-247.74,eod,A+,1
2022-03-01,10:30,11:55,LONG,PM_LONG,14229.0,14029.0,14029.0,15729.0,1,-401.24,stop,A+,4
2022-03-02,10:25,11:40,LONG,PM_LONG,14088.0,14163.0,13888.0,15588.0,1,148.76,stop,A+,1
2022-03-04,09:45,11:25,SHORT,ORB_SHORT,13843.5,13794.0,14043.5,12343.5,2,196.76,stop,A+,1
2022-03-04,13:40,15:00,SHORT,ORB_SHORT,13843.5,13797.82,14043.5,12343.5,1,90.12,stop,A+,1
2022-03-08,10:10,11:40,SHORT,ORB_SHORT,13173.0,13151.0,13373.0,11673.0,1,42.76,no_move,A+,3
2022-03-08,13:25,14:00,LONG,PM_LONG,13525.0,13325.0,13325.0,15025.0,1,-401.24,stop,A+,2
2022-03-09,10:15,11:45,LONG,VWAP_LONG,13618.0,13655.25,13418.0,15118.0,2,147.76,no_move,A+,7
2022-03-09,13:00,14:30,LONG,PM_LONG,13679.0,13730.0,13479.0,15179.0,1,100.76,no_move,A+,6
2022-03-10,10:30,12:00,SHORT,ORB_SHORT,13475.25,13463.75,13675.25,11975.25,1,21.76,no_move,A+,2
2022-03-11,11:10,12:40,SHORT,ORB_SHORT,13490.75,13433.5,13690.75,11990.75,1,113.26,no_move,A+,3
2022-03-15,11:55,13:25,LONG,PM_LONG,13323.75,13293.25,13123.75,14823.75,1,-62.24,no_move,A+,15
2022-03-16,09:45,10:40,LONG,PM_LONG,13734.25,13806.0,13534.25,15234.25,2,285.76,stop,A+,1
2022-03-16,10:45,12:15,LONG,PM_LONG,13812.5,13816.5,13612.5,15312.5,1,6.76,no_move,A+,3
2022-03-17,13:20,14:20,LONG,PM_LONG,13998.5,14042.49,13798.5,15498.5,1,86.74,stop,A+,1
2022-03-21,11:05,12:05,LONG,VWAP_LONG,14330.25,14386.5,14130.25,15830.25,1,111.26,stop,A+,17
2022-03-22,09:45,11:30,LONG,PM_LONG,14440.5,14649.25,14240.5,15940.5,1,416.26,stop,A+,1
2022-03-22,13:00,14:30,LONG,PM_LONG,14627.5,14630.75,14427.5,16127.5,1,5.26,no_move,A+,1
2022-03-23,09:45,12:00,SHORT,ORB_SHORT,14469.75,14669.75,14669.75,12969.75,1,-401.24,stop,A+,1
2022-03-23,13:25,14:55,SHORT,VWAP_SHORT,14502.0,14501.0,14702.0,13002.0,1,0.76,no_move,A+,1
2022-03-24,13:00,14:30,LONG,PM_LONG,14625.5,14648.75,14425.5,16125.5,1,45.26,no_move,A+,1
2022-03-25,10:20,14:05,LONG,MOM_LONG,14767.5,14729.25,14567.5,16267.5,2,-154.24,no_move,A+,8
2022-03-28,09:50,13:30,LONG,PM_LONG,14879.75,14841.0,14679.75,16379.75,1,-78.74,no_move,A+,2
2022-03-29,13:45,15:10,LONG,PM_LONG,15178.0,15238.75,14978.0,16678.0,2,241.76,eod,A+,1
2022-03-30,11:10,13:20,SHORT,ORB_SHORT,15122.5,15161.5,15322.5,13622.5,1,-79.24,no_move,A+,3
2022-03-31,10:00,12:10,SHORT,ORB_SHORT,14979.5,15003.75,15179.5,13479.5,2,-98.24,no_move,A+,1
2022-04-01,09:50,11:20,SHORT,ORB_SHORT,14817.5,14848.5,15017.5,13317.5,1,-63.24,no_move,A+,2
2022-04-01,11:35,13:05,SHORT,ORB_SHORT,14788.0,14744.75,14988.0,13288.0,2,171.76,no_move,A+,2
2022-04-04,11:00,12:30,LONG,PM_LONG,15091.25,15125.25,14891.25,16591.25,2,134.76,no_move,A+,1
2022-04-06,10:35,12:05,SHORT,ORB_SHORT,14482.75,14480.75,14682.75,12982.75,1,2.76,no_move,A+,1
2022-04-07,10:40,12:10,SHORT,ORB_SHORT,14448.5,14406.42,14648.5,12948.5,1,82.92,stop,A+,1
2022-04-08,10:00,13:30,SHORT,VWAP_SHORT,14365.5,14399.5,14565.5,12865.5,1,-69.24,no_move,A+,1
2022-04-14,09:45,11:00,SHORT,VWAP_SHORT,14135.5,14061.25,14335.5,12635.5,1,147.26,rev_exit,A+,1
2022-04-14,11:40,13:10,SHORT,ORB_SHORT,14017.75,13977.5,14217.75,12517.75,1,79.26,no_move,A+,1
2022-04-18,10:00,13:30,LONG,PM_LONG,13916.75,13924.0,13716.75,15416.75,1,13.26,no_move,A+,1
2022-04-19,11:15,12:45,LONG,PM_LONG,14136.25,14155.25,13936.25,15636.25,1,36.76,no_move,A+,1
2022-04-19,13:50,15:10,LONG,PM_LONG,14164.75,14206.25,13964.75,15664.75,1,81.76,eod,A+,1
2022-04-21,09:50,11:40,LONG,PM_LONG,14236.5,14036.5,14036.5,15736.5,1,-401.24,stop,A+,2
2022-04-22,10:20,12:35,SHORT,ORB_SHORT,13607.25,13552.46,13807.25,12107.25,1,108.34,stop,A+,3
2022-04-25,10:30,11:45,LONG,PM_LONG,13446.75,13246.75,13246.75,14946.75,1,-401.24,stop,A+,3
2022-04-26,13:00,14:30,SHORT,ORB_SHORT,13151.25,13184.0,13351.25,11651.25,1,-66.74,no_move,A+,1
2022-04-27,11:00,12:50,LONG,PM_LONG,13103.0,13180.25,12903.0,14603.0,2,307.76,rev_exit,A+,1
2022-04-28,10:25,12:30,SHORT,ORB_SHORT,13065.5,13265.5,13265.5,11565.5,1,-401.24,stop,A+,9
2022-05-02,13:05,14:45,SHORT,VWAP_SHORT,12815.75,12782.0,13015.75,11315.75,2,133.76,no_move,A+,3
2022-05-03,11:05,13:00,LONG,PM_LONG,13127.0,13088.25,12927.0,14627.0,2,-156.24,no_move,A+,1
2022-05-04,13:00,14:05,LONG,ORB_LONG,13120.25,13170.31,12920.25,14620.25,1,98.88,stop,A+,22
2022-05-05,11:15,12:05,SHORT,ORB_SHORT,12906.0,12856.73,13106.0,11406.0,1,97.3,stop,A+,2
2022-05-06,10:50,12:30,LONG,ORB_LONG,12839.75,12810.75,12639.75,14339.75,1,-59.24,no_move,A+,2
2022-05-09,10:35,12:35,SHORT,ORB_SHORT,12296.75,12323.25,12496.75,10796.75,1,-54.24,no_move,A+,3
2022-05-11,13:05,14:35,SHORT,ORB_SHORT,12096.0,12107.25,12296.0,10596.0,1,-23.74,no_move,A+,3
2022-05-12,10:50,12:00,LONG,PM_LONG,12041.75,11841.75,11841.75,13541.75,1,-401.24,stop,A+,1
2022-05-12,13:10,14:15,SHORT,VWAP_SHORT,11869.5,11758.25,12069.5,10369.5,1,221.26,rev_exit,A+,4
2022-05-13,10:00,11:30,LONG,PM_LONG,12287.75,12341.25,12087.75,13787.75,1,105.76,no_move,A+,2
2022-05-16,09:45,11:15,SHORT,ORB_SHORT,12230.25,12256.75,12430.25,10730.25,1,-54.24,no_move,A+,1
2022-05-18,09:55,11:40,SHORT,ORB_SHORT,12298.75,12183.5,12498.75,10798.75,1,229.26,stop,A+,1
2022-05-18,11:50,15:05,SHORT,ORB_SHORT,12117.0,11977.5,12317.0,10617.0,1,277.76,stop,A+,1
2022-05-19,09:45,11:35,SHORT,ORB_SHORT,11813.5,12013.5,12013.5,10313.5,1,-401.24,stop,A+,1
2022-05-24,10:25,12:35,SHORT,ORB_SHORT,11646.5,11679.25,11846.5,10146.5,1,-66.74,no_move,A+,9
2022-05-24,13:00,14:45,SHORT,ORB_SHORT,11644.5,11674.5,11844.5,10144.5,1,-61.24,no_move,A+,1
2022-05-25,10:30,14:15,LONG,PM_LONG,11920.25,11885.0,11720.25,13420.25,1,-71.74,no_move,A+,5
2022-05-26,10:00,10:30,LONG,PM_LONG,12105.5,12146.11,11905.5,13605.5,1,79.98,stop,A+,2
2022-05-26,11:00,15:00,LONG,PM_LONG,12226.5,12279.15,12026.5,13726.5,2,209.36,stop,A+,1
2022-05-27,09:45,10:55,LONG,PM_LONG,12498.5,12541.25,12298.5,13998.5,2,169.76,stop,A+,1
2022-05-31,09:45,11:15,SHORT,VWAP_SHORT,12545.25,12581.75,12745.25,11045.25,1,-74.24,no_move,A+,1
2022-05-31,11:50,13:20,LONG,PM_LONG,12698.0,12679.75,12498.0,14198.0,1,-37.74,no_move,A+,1
2022-05-31,13:50,15:10,LONG,PM_LONG,12733.25,12670.5,12533.25,14233.25,1,-126.74,eod,A+,1
2022-06-01,09:45,10:00,LONG,PM_LONG,12771.25,12778.5,12571.25,14271.25,1,13.26,vwap_cross,A+,1
2022-06-03,10:35,12:05,SHORT,ORB_SHORT,12580.5,12549.25,12780.5,11080.5,1,61.26,no_move,A+,5
2022-06-06,10:00,12:00,LONG,PM_LONG,12789.25,12589.25,12589.25,14289.25,2,-801.24,stop,A+,1
2022-06-08,09:45,11:15,LONG,PM_LONG,12755.0,12763.75,12555.0,14255.0,2,33.76,no_move,A+,1
2022-06-08,11:40,15:10,LONG,PM_LONG,12729.0,12619.75,12529.0,14229.0,2,-438.24,eod,A+,5
2022-06-09,11:40,13:10,LONG,ORB_LONG,12599.5,12592.0,12399.5,14099.5,1,-16.24,no_move,A+,1
2022-06-10,10:30,12:00,SHORT,ORB_SHORT,11889.0,11864.5,12089.0,10389.0,1,47.76,no_move,A+,7
2022-06-13,10:10,11:15,SHORT,ORB_SHORT,11441.5,11385.81,11641.5,9941.5,1,110.14,stop,A+,1
2022-06-13,11:25,12:55,SHORT,ORB_SHORT,11389.5,11417.5,11589.5,9889.5,2,-113.24,no_move,A+,3
2022-06-15,10:00,11:35,LONG,PM_LONG,11516.0,11487.75,11316.0,13016.0,1,-57.74,no_move,A+,2
2022-06-20,10:30,12:00,LONG,ORB_LONG,11382.25,11418.75,11182.25,12882.25,1,71.76,no_move,A+,10
2022-06-21,09:45,11:35,LONG,PM_LONG,11574.0,11632.5,11374.0,13074.0,2,232.76,no_move,A+,1
2022-06-21,13:05,14:35,LONG,PM_LONG,11619.5,11582.75,11419.5,13119.5,1,-74.74,no_move,A+,6
2022-06-22,11:30,13:15,LONG,PM_LONG,11698.5,11666.5,11498.5,13198.5,1,-65.24,no_move,A+,1
2022-06-23,10:30,12:10,LONG,VWAP_LONG,11656.25,11623.25,11456.25,13156.25,1,-67.24,no_move,A+,10
2022-06-28,11:40,13:15,SHORT,ORB_SHORT,11817.25,11757.75,12017.25,10317.25,2,236.76,no_move,A+,3
2022-06-29,10:30,12:00,LONG,ORB_LONG,11691.25,11678.0,11491.25,13191.25,1,-27.74,no_move,A+,1
2022-06-30,10:00,11:20,SHORT,ORB_SHORT,11360.75,11560.75,11560.75,9860.75,1,-401.24,stop,A+,2
2022-07-06,10:05,13:05,LONG,PM_LONG,11871.5,11849.0,11671.5,13371.5,1,-46.24,no_move,A+,1
2022-07-07,10:00,11:30,LONG,PM_LONG,12008.25,12040.25,11808.25,13508.25,1,62.76,no_move,A+,1
2022-07-13,10:40,12:25,LONG,ORB_LONG,11803.25,11775.5,11603.25,13303.25,1,-56.74,no_move,A+,3
2022-07-13,13:00,14:30,LONG,ORB_LONG,11842.25,11821.25,11642.25,13342.25,1,-43.24,no_move,A+,1
2022-07-15,10:00,11:30,LONG,PM_LONG,11944.75,11973.0,11744.75,13444.75,1,55.26,no_move,A+,1
2022-07-18,09:45,11:15,LONG,PM_LONG,12164.0,12133.25,11964.0,13664.0,1,-62.74,no_move,A+,1
2022-07-19,09:55,14:25,LONG,PM_LONG,12066.5,12245.5,11866.5,13566.5,1,356.76,stop,A+,3
2022-07-20,09:50,12:40,LONG,PM_LONG,12309.5,12482.5,12109.5,13809.5,1,643.52,stop,A+,2
2022-07-21,11:30,13:10,LONG,ORB_LONG,12536.25,12583.5,12336.25,14036.25,1,93.26,no_move,A+,2
2022-07-22,09:45,11:30,LONG,PM_LONG,12656.75,12456.75,12456.75,14156.75,1,-401.24,stop,A+,1
2022-07-22,11:35,13:05,SHORT,ORB_SHORT,12441.25,12422.0,12641.25,10941.25,1,37.26,no_move,A+,4
2022-07-25,10:15,12:05,SHORT,ORB_SHORT,12325.25,12363.0,12525.25,10825.25,2,-152.24,no_move,A+,3
2022-07-26,10:20,12:20,SHORT,ORB_SHORT,12188.25,12128.5,12388.25,10688.25,1,118.26,no_move,A+,3
2022-07-27,10:05,11:35,LONG,PM_LONG,12392.75,12426.75,12192.75,13892.75,1,66.76,no_move,A+,1
2022-07-28,13:35,15:05,LONG,PM_LONG,12712.5,12741.5,12512.5,14212.5,2,114.76,no_move,A+,1
2022-07-29,09:45,10:55,LONG,PM_LONG,12860.0,12862.75,12660.0,14360.0,1,4.26,vwap_cross,A+,1
2022-08-03,09:45,10:15,LONG,PM_LONG,13076.25,13119.9,12876.25,14576.25,1,86.06,stop,A+,1
2022-08-03,10:20,15:10,LONG,PM_LONG,13116.5,13275.25,12916.5,14616.5,1,316.26,eod,A+,8
2022-08-04,10:05,11:45,LONG,VWAP_LONG,13299.25,13262.5,13099.25,14799.25,1,-74.74,no_move,A+,2
2022-08-08,09:50,11:40,LONG,PM_LONG,13398.75,13198.75,13198.75,14898.75,1,-401.24,stop,A+,2
2022-08-09,09:50,11:20,SHORT,ORB_SHORT,13023.25,13049.75,13223.25,11523.25,2,-107.24,no_move,A+,2
2022-08-10,11:00,12:30,LONG,ORB_LONG,13368.5,13341.5,13168.5,14868.5,2,-109.24,no_move,A+,1
2022-08-10,13:55,15:10,LONG,ORB_LONG,13370.5,13358.25,13170.5,14870.5,1,-25.74,eod,A+,1
2022-08-11,10:00,14:40,LONG,PM_LONG,13527.25,13327.25,13327.25,15027.25,2,-801.24,stop,A+,1
2022-08-12,10:05,11:45,LONG,MOM_LONG,13410.75,13466.5,13210.75,14910.75,1,110.26,no_move,A+,2
2022-08-15,09:50,11:20,LONG,PM_LONG,13615.5,13585.75,13415.5,15115.5,2,-120.24,no_move,A+,2
2022-08-15,11:35,13:05,LONG,PM_LONG,13622.0,13672.75,13422.0,15122.0,1,100.26,no_move,A+,2
2022-08-16,10:00,14:40,SHORT,ORB_SHORT,13583.5,13619.75,13783.5,12083.5,1,-73.74,no_move,A+,1
2022-08-18,10:40,12:10,LONG,ORB_LONG,13506.75,13546.5,13306.75,15006.75,1,78.26,no_move,A+,8
2022-08-18,13:10,14:40,LONG,ORB_LONG,13517.75,13532.5,13317.75,15017.75,1,28.26,no_move,A+,2
2022-08-19,09:45,11:35,SHORT,ORB_SHORT,13327.5,13267.5,13527.5,11827.5,1,118.76,no_move,A+,1
2022-08-19,13:30,15:00,SHORT,ORB_SHORT,13247.0,13238.5,13447.0,11747.0,2,32.76,no_move,A+,1
2022-08-22,09:45,11:15,SHORT,ORB_SHORT,13016.75,12968.75,13216.75,11516.75,2,190.76,no_move,A+,1
2022-08-22,13:25,14:55,SHORT,ORB_SHORT,12942.75,12903.5,13142.75,11442.75,1,77.26,no_move,A+,1
2022-08-23,09:50,11:20,LONG,PM_LONG,12966.5,12934.0,12766.5,14466.5,1,-66.24,no_move,A+,2
2022-08-24,10:15,11:45,LONG,PM_LONG,12941.25,12992.5,12741.25,14441.25,1,101.26,no_move,A+,1
2022-08-25,09:55,11:25,LONG,PM_LONG,13043.75,13025.0,12843.75,14543.75,1,-38.74,no_move,A+,1
2022-08-26,10:20,10:45,SHORT,ORB_SHORT,13032.0,12924.0,13232.0,11532.0,1,214.76,rev_exit,A+,3
2022-08-26,11:00,12:40,SHORT,ORB_SHORT,12834.5,12781.75,13034.5,11334.5,1,104.26,no_move,A+,1
2022-09-01,10:10,12:00,SHORT,ORB_SHORT,12115.5,12061.5,12315.5,10615.5,1,106.76,no_move,A+,3
2022-09-02,10:30,12:00,LONG,PM_LONG,12431.5,12408.25,12231.5,13931.5,1,-47.74,no_move,A+,1
2022-09-06,10:25,12:20,SHORT,ORB_SHORT,11994.0,12028.25,12194.0,10494.0,1,-69.74,no_move,A+,9
2022-09-06,13:05,14:40,SHORT,ORB_SHORT,11990.5,12021.5,12190.5,10490.5,1,-63.24,no_move,A+,1
2022-09-07,10:00,11:30,LONG,PM_LONG,12087.75,12125.5,11887.75,13587.75,1,74.26,no_move,A+,4
2022-09-09,09:45,11:15,LONG,PM_LONG,12476.75,12533.25,12276.75,13976.75,2,224.76,no_move,A+,1
2022-09-09,11:20,12:50,LONG,PM_LONG,12546.0,12570.5,12346.0,14046.0,1,47.76,no_move,A+,9
2022-09-12,10:20,12:50,LONG,PM_LONG,12748.0,12710.25,12548.0,14248.0,1,-76.74,no_move,A+,1
2022-09-21,09:45,11:15,LONG,ORB_LONG,11988.75,11957.25,11788.75,13488.75,1,-64.24,no_move,A+,1
2022-09-21,13:55,14:00,LONG,PM_LONG,12032.5,11832.5,11832.5,13532.5,1,-401.24,stop,A+,1
2022-09-22,09:45,11:25,SHORT,VWAP_SHORT,11593.5,11541.0,11793.5,10093.5,1,103.76,no_move,A+,1
2022-09-23,09:45,11:15,SHORT,VWAP_SHORT,11384.5,11402.25,11584.5,9884.5,2,-72.24,no_move,A+,1
2022-09-23,11:25,12:55,SHORT,ORB_SHORT,11377.5,11355.25,11577.5,9877.5,1,43.26,no_move,A+,1
2022-09-26,09:55,15:10,LONG,PM_LONG,11491.0,11379.25,11291.0,12991.0,1,-224.74,eod,A+,1
2022-09-29,10:00,11:30,SHORT,ORB_SHORT,11210.75,11221.5,11410.75,9710.75,1,-22.74,no_move,A+,1
2022-09-29,13:50,15:10,SHORT,ORB_SHORT,11141.5,11162.25,11341.5,9641.5,1,-42.74,eod,A+,1
2022-10-03,10:00,11:30,LONG,PM_LONG,11157.5,11213.75,10957.5,12657.5,1,111.26,no_move,A+,1
2022-10-03,13:20,15:10,LONG,PM_LONG,11249.5,11345.0,11049.5,12749.5,1,189.76,eod,A+,1
2022-10-04,09:50,11:30,LONG,PM_LONG,11585.5,11643.5,11385.5,13085.5,1,114.76,no_move,A+,2
2022-10-04,13:50,14:05,LONG,PM_LONG,11608.5,11611.25,11408.5,13108.5,2,9.76,vwap_cross,A+,17
2022-10-05,10:15,11:45,SHORT,ORB_SHORT,11401.0,11428.5,11601.0,9901.0,2,-111.24,no_move,A+,4
2022-10-05,13:15,14:45,LONG,PM_LONG,11602.75,11617.75,11402.75,13102.75,1,28.76,no_move,A+,1
2022-10-06,09:45,11:15,LONG,PM_LONG,11670.25,11635.75,11470.25,13170.25,1,-70.24,no_move,A+,1
2022-10-07,09:45,11:25,SHORT,ORB_SHORT,11259.25,11211.0,11459.25,9759.25,1,95.26,no_move,A+,1
2022-10-07,11:40,13:10,SHORT,ORB_SHORT,11179.75,11137.75,11379.75,9679.75,1,82.76,no_move,A+,1
2022-10-10,09:45,10:25,SHORT,VWAP_SHORT,11044.25,11040.0,11244.25,9544.25,1,7.26,vwap_cross,A+,1
2022-10-10,10:35,12:05,SHORT,ORB_SHORT,10954.25,10961.25,11154.25,9454.25,1,-15.24,no_move,A+,1
2022-10-10,13:10,15:10,SHORT,ORB_SHORT,10916.5,11021.75,11116.5,9416.5,2,-422.24,eod,A+,1
2022-10-11,11:45,13:15,LONG,ORB_LONG,10982.25,10987.25,10782.25,12482.25,1,8.76,no_move,A+,3
2022-10-13,11:15,11:25,LONG,PM_LONG,10874.0,10955.75,10674.0,12374.0,1,162.26,stop,A+,3
2022-10-13,13:30,15:00,LONG,PM_LONG,11106.5,11093.0,10906.5,12606.5,1,-28.24,no_move,A+,2
2022-10-14,10:00,10:25,SHORT,ORB_SHORT,10994.0,10920.0,11194.0,9494.0,1,146.76,stop,A+,1
2022-10-17,10:10,11:40,LONG,PM_LONG,11127.0,11106.25,10927.0,12627.0,1,-42.74,no_move,A+,1
2022-10-19,13:05,14:45,SHORT,ORB_SHORT,11074.75,11112.5,11274.75,9574.75,2,-152.24,no_move,A+,31
2022-10-20,09:45,10:30,LONG,ORB_LONG,11192.5,11269.0,10992.5,12692.5,1,151.76,stop,A+,1
2022-10-21,09:45,10:20,LONG,ORB_LONG,11091.0,11164.0,10891.0,12591.0,1,144.76,stop,A+,1
2022-10-25,11:05,12:35,LONG,PM_LONG,11670.75,11677.0,11470.75,13170.75,2,23.76,no_move,A+,2
2022-10-25,13:30,15:00,LONG,PM_LONG,11658.75,11685.0,11458.75,13158.75,2,103.76,no_move,A+,1
2022-10-26,10:00,10:55,LONG,ORB_LONG,11518.5,11605.0,11318.5,13018.5,1,171.76,rev_exit,A+,1
2022-10-31,11:55,13:25,LONG,VWAP_LONG,11459.75,11487.5,11259.75,12959.75,2,109.76,no_move,A+,16
2022-11-03,09:45,11:15,SHORT,ORB_SHORT,10774.0,10800.25,10974.0,9274.0,2,-106.24,no_move,A+,1
2022-11-03,11:30,13:20,SHORT,ORB_SHORT,10761.25,10798.5,10961.25,9261.25,1,-75.74,no_move,A+,2
2022-11-04,10:50,12:00,LONG,VWAP_LONG,10881.25,10681.25,10681.25,12381.25,1,-401.24,stop,A+,14
2022-11-08,10:15,12:15,LONG,ORB_LONG,11087.25,11186.25,10887.25,12587.25,1,196.76,rev_exit,A+,7
2022-11-10,11:30,13:00,LONG,PM_LONG,11474.5,11458.5,11274.5,12974.5,1,-33.24,no_move,A+,1
2022-11-11,10:00,11:10,LONG,ORB_LONG,11654.25,11711.06,11454.25,13154.25,2,226.0,stop,A+,2
2022-11-15,11:30,13:25,LONG,OPEN_LONG,12042.75,11842.75,11842.75,13542.75,2,-801.24,stop,A+,1
2022-11-16,09:45,11:15,SHORT,ORB_SHORT,11758.75,11751.5,11958.75,10258.75,1,13.26,no_move,A+,1
2022-11-16,13:30,15:00,SHORT,ORB_SHORT,11760.5,11749.5,11960.5,10260.5,1,20.76,no_move,A+,1
2022-11-21,10:20,11:50,SHORT,ORB_SHORT,11606.5,11602.75,11806.5,10106.5,1,6.26,no_move,A+,5
2022-11-22,10:45,12:15,LONG,PM_LONG,11642.0,11663.0,11442.0,13142.0,1,40.76,no_move,A+,1
2022-11-22,13:05,14:35,LONG,PM_LONG,11678.75,11700.75,11478.75,13178.75,1,42.76,no_move,A+,1
2022-11-23,09:45,11:15,LONG,PM_LONG,11819.75,11868.5,11619.75,13319.75,2,193.76,no_move,A+,1
2022-11-23,11:25,14:00,LONG,PM_LONG,11863.0,11879.25,11663.0,13363.0,1,31.26,no_move,A+,8
2022-11-29,11:10,12:40,SHORT,ORB_SHORT,11517.25,11547.5,11717.25,10017.25,1,-61.74,no_move,A+,3
2022-11-30,10:05,11:35,LONG,MOM_LONG,11572.75,11572.5,11372.75,13072.75,1,-1.74,no_move,A+,1
2022-12-01,09:45,14:45,LONG,ORB_LONG,12115.0,12075.5,11915.0,13615.0,1,-80.24,no_move,A+,1
2022-12-06,11:15,12:45,SHORT,ORB_SHORT,11615.5,11599.5,11815.5,10115.5,2,62.76,no_move,A+,1
2022-12-06,13:05,14:35,SHORT,ORB_SHORT,11561.25,11515.0,11761.25,10061.25,1,91.26,no_move,A+,1
2022-12-07,09:45,11:20,SHORT,ORB_SHORT,11478.25,11472.0,11678.25,9978.25,2,23.76,no_move,A+,1
2022-12-08,09:55,11:25,LONG,PM_LONG,11601.0,11625.25,11401.0,13101.0,1,47.26,no_move,A+,1
2022-12-12,11:05,12:35,LONG,ORB_LONG,11598.25,11592.5,11398.25,13098.25,1,-12.74,no_move,A+,1
2022-12-14,09:45,11:15,LONG,PM_LONG,11864.75,11915.25,11664.75,13364.75,1,99.76,no_move,A+,1
2022-12-14,13:35,14:00,LONG,PM_LONG,11943.5,11743.5,11743.5,13443.5,1,-401.24,stop,A+,2
2022-12-15,09:45,14:35,SHORT,ORB_SHORT,11495.25,11358.25,11695.25,9995.25,1,272.76,stop,A+,1
2022-12-19,09:45,11:15,SHORT,ORB_SHORT,11271.0,11234.5,11471.0,9771.0,2,144.76,no_move,A+,1
2022-12-19,13:40,15:10,SHORT,ORB_SHORT,11203.75,11142.75,11403.75,9703.75,1,120.76,eod,A+,2
2022-12-21,09:45,11:45,LONG,PM_LONG,11268.75,11317.69,11068.75,12768.75,1,96.64,stop,A+,1
2022-12-21,13:00,14:30,LONG,PM_LONG,11370.75,11372.25,11170.75,12870.75,1,1.76,no_move,A+,1
2022-12-22,10:00,14:10,SHORT,ORB_SHORT,11068.75,10930.5,11268.75,9568.75,1,275.26,stop,A+,1
2022-12-28,10:50,12:30,SHORT,VWAP_SHORT,10865.75,10814.5,11065.75,9365.75,1,101.26,no_move,A+,1
2022-12-29,09:50,11:20,LONG,PM_LONG,10957.0,11015.75,10757.0,12457.0,1,116.26,no_move,A+,2
2022-12-30,09:45,13:20,SHORT,ORB_SHORT,10864.75,10892.0,11064.75,9364.75,1,-55.74,no_move,A+,1
2022-12-30,13:25,14:55,SHORT,VWAP_SHORT,10901.0,10904.25,11101.0,9401.0,1,-7.74,no_move,A+,1
2023-01-10,09:45,10:20,LONG,PM_LONG,11187.0,11230.31,10987.0,12687.0,1,85.38,stop,A+,1
2023-01-11,10:30,12:00,LONG,PM_LONG,11353.5,11381.5,11153.5,12853.5,1,54.76,no_move,A+,1
2023-01-11,13:00,14:30,LONG,PM_LONG,11420.25,11414.75,11220.25,12920.25,1,-12.24,no_move,A+,1
2023-01-12,10:15,11:50,LONG,MOM_LONG,11496.75,11462.0,11296.75,12996.75,1,-70.74,no_move,A+,4
2023-01-12,13:50,15:10,LONG,ORB_LONG,11565.25,11504.25,11365.25,13065.25,1,-123.24,eod,A+,1
2023-01-13,13:40,15:10,LONG,PM_LONG,11560.75,11571.5,11360.75,13060.75,1,20.26,no_move,A+,3
2023-01-17,10:00,12:00,LONG,PM_LONG,11663.0,11627.25,11463.0,13163.0,2,-144.24,no_move,A+,1
2023-01-18,10:00,11:30,LONG,PM_LONG,11738.75,11538.75,11538.75,13238.75,1,-401.24,stop,A+,1
2023-01-19,09:45,11:15,SHORT,ORB_SHORT,11358.75,11352.25,11558.75,9858.75,2,24.76,no_move,A+,1
2023-01-20,09:50,11:20,LONG,PM_LONG,11456.0,11509.25,11256.0,12956.0,1,105.26,no_move,A+,2
2023-01-20,11:30,13:00,LONG,PM_LONG,11539.75,11541.0,11339.75,13039.75,1,1.26,no_move,A+,3
2023-01-20,13:10,15:10,LONG,PM_LONG,11541.5,11672.25,11341.5,13041.5,1,260.26,eod,A+,2
2023-01-23,09:45,14:00,LONG,PM_LONG,11782.5,11948.0,11582.5,13282.5,1,628.52,stop,A+,1
2023-01-24,09:45,11:15,LONG,PM_LONG,11916.0,11911.5,11716.0,13416.0,2,-19.24,no_move,A+,1
2023-01-24,13:40,15:10,LONG,PM_LONG,11929.25,11901.5,11729.25,13429.25,1,-56.74,no_move,A+,1
2023-01-25,10:05,14:15,SHORT,ORB_SHORT,11650.75,11850.75,11850.75,10150.75,2,-801.24,stop,A+,3
2023-01-26,13:35,15:05,LONG,PM_LONG,12030.25,12052.25,11830.25,13530.25,1,42.76,no_move,A+,39
2023-01-27,09:45,11:15,LONG,PM_LONG,12129.75,12144.75,11929.75,13629.75,1,28.76,no_move,A+,1
2023-01-27,13:40,15:10,LONG,PM_LONG,12248.5,12278.5,12048.5,13748.5,1,58.76,no_move,A+,2
2023-01-30,10:40,12:45,SHORT,ORB_SHORT,11993.25,12020.25,12193.25,10493.25,1,-55.24,no_move,A+,5
2023-01-31,09:45,11:15,LONG,PM_LONG,12041.0,12076.5,11841.0,13541.0,1,69.76,no_move,A+,1
2023-01-31,13:45,15:10,LONG,PM_LONG,12096.75,12096.25,11896.75,13596.75,1,-2.24,eod,A+,1
2023-02-02,09:50,11:15,LONG,PM_LONG,12706.25,12783.5,12506.25,14206.25,2,307.76,rev_exit,A+,2
2023-02-02,13:00,15:10,LONG,PM_LONG,12854.25,12763.75,12654.25,14354.25,1,-182.24,eod,A+,1
2023-02-07,11:30,13:00,LONG,PM_LONG,12586.25,12718.25,12386.25,14086.25,1,262.76,stop,A+,1
2023-02-07,13:25,15:05,LONG,PM_LONG,12547.75,12670.5,12347.75,14047.75,1,244.26,stop,A+,5
2023-02-08,09:50,11:55,SHORT,ORB_SHORT,12681.0,12577.25,12881.0,11181.0,1,206.26,stop,A+,2
2023-02-13,09:55,11:30,LONG,PM_LONG,12461.0,12511.5,12261.0,13961.0,1,99.76,no_move,A+,1
2023-02-13,13:25,15:05,LONG,PM_LONG,12551.25,12513.5,12351.25,14051.25,1,-76.74,no_move,A+,1
2023-02-14,10:00,10:45,LONG,ORB_LONG,12630.75,12430.75,12430.75,14130.75,1,-401.24,stop,A+,2
2023-02-14,13:15,14:45,LONG,ORB_LONG,12594.0,12631.0,12394.0,14094.0,2,146.76,no_move,A+,1
2023-02-15,11:05,12:35,LONG,MOM_LONG,12602.75,12624.25,12402.75,14102.75,1,41.76,no_move,A+,1
2023-02-17,09:45,11:15,SHORT,ORB_SHORT,12317.25,12317.0,12517.25,10817.25,2,-0.24,no_move,A+,1
2023-02-17,11:20,12:50,SHORT,ORB_SHORT,12295.75,12270.75,12495.75,10795.75,1,48.76,no_move,A+,1
2023-02-22,09:45,12:30,LONG,PM_LONG,12165.25,12127.0,11965.25,13665.25,1,-77.74,no_move,A+,1
2023-02-24,09:45,11:15,SHORT,ORB_SHORT,11967.25,11953.5,12167.25,10467.25,2,53.76,no_move,A+,1
2023-02-24,13:20,14:50,SHORT,ORB_SHORT,11959.25,11988.25,12159.25,10459.25,2,-117.24,no_move,A+,30
2023-02-27,10:00,12:55,LONG,PM_LONG,12155.75,12118.25,11955.75,13655.75,1,-76.24,no_move,A+,1
2023-02-28,13:30,15:10,LONG,PM_LONG,12158.5,12108.25,11958.5,13658.5,1,-101.74,eod,A+,1
2023-03-01,09:45,15:10,LONG,ORB_LONG,12074.5,11962.75,11874.5,13574.5,1,-224.74,eod,A+,1
2023-03-03,09:45,11:15,LONG,PM_LONG,12166.5,12203.5,11966.5,13666.5,2,146.76,no_move,A+,1
2023-03-03,11:30,15:10,LONG,PM_LONG,12195.0,12305.75,11995.0,13695.0,1,220.26,eod,A+,1
2023-03-06,10:05,11:40,LONG,PM_LONG,12394.75,12453.0,12194.75,13894.75,2,231.76,no_move,A+,1
2023-03-07,10:00,11:30,SHORT,ORB_SHORT,12230.25,12219.0,12430.25,10730.25,2,43.76,no_move,A+,1
2023-03-07,13:00,15:10,SHORT,ORB_SHORT,12243.0,12162.75,12443.0,10743.0,1,159.26,eod,A+,1
2023-03-08,10:00,11:30,SHORT,ORB_SHORT,12150.5,12179.25,12350.5,10650.5,1,-58.74,no_move,A+,4
2023-03-08,11:45,15:10,LONG,PM_LONG,12245.25,12166.25,12045.25,13745.25,1,-159.24,eod,A+,2
2023-03-09,09:45,11:15,LONG,PM_LONG,12321.25,12307.0,12121.25,13821.25,1,-29.74,no_move,A+,1
2023-03-10,13:15,14:45,SHORT,ORB_SHORT,11883.25,11893.25,12083.25,10383.25,1,-21.24,no_move,A+,1
2023-03-13,11:10,12:05,LONG,PM_LONG,11986.0,12026.95,11786.0,13486.0,1,80.66,stop,A+,4
2023-03-14,10:20,11:50,LONG,PM_LONG,12163.25,12212.25,11963.25,13663.25,2,194.76,no_move,A+,2
2023-03-16,09:55,12:00,LONG,ORB_LONG,12290.25,12497.0,12090.25,13790.25,1,412.26,stop,A+,1
2023-03-16,13:00,14:35,LONG,PM_LONG,12553.75,12528.75,12353.75,14053.75,1,-51.24,no_move,A+,1
2023-03-20,10:55,12:25,LONG,ORB_LONG,12644.0,12604.5,12444.0,14144.0,1,-80.24,no_move,A+,1
2023-03-21,09:55,12:30,LONG,PM_LONG,12814.0,12778.0,12614.0,14314.0,1,-73.24,no_move,A+,1
2023-03-22,10:20,11:50,LONG,PM_LONG,12901.25,12938.75,12701.25,14401.25,1,73.76,no_move,A+,1
2023-03-23,10:00,11:15,LONG,PM_LONG,12894.0,12990.0,12694.0,14394.0,1,190.76,rev_exit,A+,2
2023-03-23,11:25,12:55,LONG,PM_LONG,12976.5,12959.5,12776.5,14476.5,1,-35.24,no_move,A+,1
2023-03-28,13:45,15:10,SHORT,ORB_SHORT,12654.0,12697.25,12854.0,11154.0,1,-87.74,eod,A+,4
2023-03-29,10:25,11:20,LONG,PM_LONG,12892.25,12894.75,12692.25,14392.25,1,3.76,vwap_cross,A+,9
2023-03-29,11:30,13:00,LONG,PM_LONG,12907.25,12899.5,12707.25,14407.25,1,-16.74,no_move,A+,1
2023-03-29,13:05,14:35,LONG,PM_LONG,12923.25,12931.75,12723.25,14423.25,1,15.76,no_move,A+,1
2023-03-30,10:00,11:30,LONG,MOM_LONG,13070.25,13071.5,12870.25,14570.25,1,1.26,no_move,A+,4
2023-03-31,09:45,11:15,LONG,PM_LONG,13147.5,13181.5,12947.5,14647.5,1,66.76,no_move,A+,1
2023-03-31,11:20,12:50,LONG,PM_LONG,13198.75,13226.75,12998.75,14698.75,1,54.76,no_move,A+,2
2023-03-31,13:55,15:10,LONG,PM_LONG,13228.5,13266.0,13028.5,14728.5,1,73.76,eod,A+,1
2023-04-03,09:45,14:50,LONG,PM_LONG,13260.0,13221.5,13060.0,14760.0,1,-78.24,no_move,A+,1
2023-04-04,10:00,15:10,LONG,ORB_LONG,13302.5,13198.5,13102.5,14802.5,1,-209.24,eod,A+,4
2023-04-05,10:25,11:55,SHORT,ORB_SHORT,13089.5,13049.0,13289.5,11589.5,2,160.76,no_move,A+,1
2023-04-06,10:10,15:10,LONG,ORB_LONG,13045.25,13167.75,12845.25,14545.25,1,243.76,eod,A+,1
2023-04-11,10:10,11:40,SHORT,ORB_SHORT,13084.5,13061.0,13284.5,11584.5,1,45.76,no_move,A+,1
2023-04-12,10:00,11:40,SHORT,VWAP_SHORT,13084.25,13035.42,13284.25,11584.25,1,96.42,stop,A+,1
2023-04-13,09:50,11:30,LONG,PM_LONG,13063.75,13119.75,12863.75,14563.75,1,110.76,no_move,A+,2
2023-04-13,13:10,14:40,LONG,PM_LONG,13163.0,13210.0,12963.0,14663.0,1,92.76,no_move,A+,1
2023-04-14,09:45,15:10,LONG,PM_LONG,13223.0,13134.75,13023.0,14723.0,1,-177.74,eod,A+,1
2023-04-20,11:05,14:15,SHORT,MOM_SHORT,13102.5,13130.75,13302.5,11602.5,1,-57.74,no_move,A+,2
2023-04-21,09:50,11:20,SHORT,ORB_SHORT,13023.0,13062.25,13223.0,11523.0,1,-79.74,no_move,A+,2
2023-04-21,13:40,15:10,LONG,PM_LONG,13099.75,13063.5,12899.75,14599.75,1,-73.74,no_move,A+,1
2023-04-25,10:05,11:15,SHORT,ORB_SHORT,12970.0,12969.5,13170.0,11470.0,1,-0.24,vwap_cross,A+,5
2023-04-25,11:50,13:20,SHORT,ORB_SHORT,12922.75,12872.5,13122.75,11422.75,1,99.26,no_move,A+,1
2023-04-25,13:45,15:10,SHORT,ORB_SHORT,12862.75,12851.5,13062.75,11362.75,1,21.26,eod,A+,1
2023-04-26,09:55,11:25,LONG,PM_LONG,12961.0,12976.5,12761.0,14461.0,1,29.76,no_move,A+,3
2023-04-27,10:10,11:40,LONG,PM_LONG,13077.25,13130.5,12877.25,14577.25,1,105.26,no_move,A+,1
2023-04-28,10:05,11:35,LONG,PM_LONG,13244.0,13220.75,13044.0,14744.0,1,-47.74,no_move,A+,1
2023-04-28,13:00,14:30,LONG,PM_LONG,13273.75,13278.0,13073.75,14773.75,2,15.76,no_move,A+,2
2023-05-01,10:30,12:00,SHORT,VWAP_SHORT,13295.25,13305.0,13495.25,11795.25,1,-20.74,no_move,A+,10
2023-05-02,10:05,12:35,SHORT,ORB_SHORT,13264.5,13161.75,13464.5,11764.5,1,204.26,rev_exit,A+,1
2023-05-03,09:50,11:20,LONG,PM_LONG,13236.5,13197.75,13036.5,14736.5,1,-78.74,no_move,A+,2
2023-05-04,10:35,12:05,SHORT,ORB_SHORT,13014.25,13040.0,13214.25,11514.25,1,-52.74,no_move,A+,4
2023-05-05,09:45,15:10,LONG,PM_LONG,13177.25,13341.25,12977.25,14677.25,1,326.76,eod,A+,1
2023-05-08,10:30,14:05,SHORT,ORB_SHORT,13260.25,13299.5,13460.25,11760.25,1,-79.74,no_move,A+,1
2023-05-10,10:00,11:30,LONG,PM_LONG,13415.0,13385.0,13215.0,14915.0,1,-61.24,no_move,A+,1
2023-05-11,10:30,13:45,SHORT,ORB_SHORT,13376.5,13400.25,13576.5,11876.5,1,-48.74,no_move,A+,10
2023-05-12,10:00,11:30,SHORT,ORB_SHORT,13413.5,13378.25,13613.5,11913.5,1,69.26,no_move,A+,1
2023-05-12,13:55,15:10,SHORT,ORB_SHORT,13320.5,13344.5,13520.5,11820.5,1,-49.24,eod,A+,1
2023-05-15,10:05,15:10,SHORT,ORB_SHORT,13357.5,13452.0,13557.5,11857.5,1,-190.24,eod,A+,5
2023-05-17,11:20,15:10,LONG,VWAP_LONG,13522.25,13655.25,13322.25,15022.25,1,264.76,eod,A+,16
2023-05-18,10:40,12:05,LONG,PM_LONG,13765.25,13805.86,13565.25,15265.25,1,79.98,stop,A+,1
2023-05-18,13:25,14:55,LONG,PM_LONG,13798.75,13815.0,13598.75,15298.75,2,63.76,no_move,A+,6
2023-05-19,09:50,11:20,SHORT,ORB_SHORT,13878.5,13883.25,14078.5,12378.5,1,-10.74,no_move,A+,2
2023-05-19,11:25,12:55,SHORT,ORB_SHORT,13854.25,13851.75,14054.25,12354.25,1,3.76,no_move,A+,21
2023-05-22,09:45,11:15,LONG,PM_LONG,13928.0,13915.25,13728.0,15428.0,1,-26.74,no_move,A+,1
2023-05-22,13:15,14:45,LONG,PM_LONG,13891.75,13926.5,13691.75,15391.75,1,68.26,no_move,A+,27
2023-05-24,10:05,11:35,SHORT,ORB_SHORT,13605.25,13611.75,13805.25,12105.25,2,-27.24,no_move,A+,3
2023-05-25,10:45,12:15,LONG,VWAP_LONG,13925.75,13977.25,13725.75,15425.75,1,101.76,no_move,A+,13
2023-05-31,10:10,11:40,SHORT,ORB_SHORT,14323.5,14272.5,14523.5,12823.5,1,100.76,no_move,A+,2
2023-06-01,10:00,15:10,LONG,PM_LONG,14323.0,14522.5,14123.0,15823.0,1,397.76,eod,A+,1
2023-06-02,09:55,15:10,SHORT,ORB_SHORT,14481.75,14584.25,14681.75,12981.75,1,-206.24,eod,A+,3
2023-06-05,09:50,09:55,LONG,PM_LONG,14588.5,14597.0,14388.5,16088.5,1,15.76,vwap_cross,A+,2
2023-06-05,10:00,11:30,LONG,PM_LONG,14627.75,14682.5,14427.75,16127.75,1,108.26,no_move,A+,4
2023-06-06,10:45,12:15,LONG,PM_LONG,14601.0,14596.0,14401.0,16101.0,1,-11.24,no_move,A+,1
2023-06-07,09:50,09:55,LONG,PM_LONG,14625.0,14631.5,14425.0,16125.0,1,11.76,vwap_cross,A+,2
2023-06-07,10:00,10:05,LONG,PM_LONG,14608.25,14608.75,14408.25,16108.25,1,-0.24,vwap_cross,A+,4
2023-06-07,13:20,14:50,SHORT,ORB_SHORT,14370.75,14360.75,14570.75,12870.75,1,18.76,no_move,A+,3
2023-06-08,10:05,13:15,LONG,PM_LONG,14393.0,14483.25,14193.0,15893.0,1,179.26,rev_exit,A+,3
2023-06-12,10:45,12:15,LONG,ORB_LONG,14640.5,14656.0,14440.5,16140.5,1,29.76,no_move,A+,13
2023-06-12,13:45,15:10,LONG,PM_LONG,14700.25,14778.25,14500.25,16200.25,1,154.76,eod,A+,2
2023-06-15,10:00,13:10,LONG,PM_LONG,15030.75,15079.24,14830.75,16530.75,1,95.74,stop,A+,2
2023-06-15,13:40,15:10,LONG,PM_LONG,15143.0,15238.75,14943.0,16643.0,1,190.26,eod,A+,1
2023-06-20,09:45,12:40,LONG,PM_LONG,15297.5,15259.25,15097.5,16797.5,2,-154.24,no_move,A+,1
2023-06-21,09:45,11:35,SHORT,ORB_SHORT,15156.5,15062.5,15356.5,13656.5,1,186.76,stop,A+,1
2023-06-23,09:45,11:15,SHORT,ORB_SHORT,14992.25,15031.25,15192.25,13492.25,1,-79.24,no_move,A+,1
2023-06-26,09:50,12:10,LONG,PM_LONG,15123.0,14923.0,14923.0,16623.0,1,-401.24,stop,A+,2
2023-06-27,11:25,15:10,LONG,PM_LONG,14982.25,15131.0,14782.25,16482.25,1,296.26,eod,A+,1
2023-06-28,09:45,11:10,LONG,PM_LONG,15074.25,15146.75,14874.25,16574.25,1,143.76,stop,A+,1
2023-06-28,11:15,14:15,LONG,PM_LONG,15168.75,15134.5,14968.75,16668.75,1,-69.74,no_move,A+,8
2023-06-29,10:05,12:55,SHORT,ORB_SHORT,15059.5,15089.75,15259.5,13559.5,1,-61.74,no_move,A+,1
2023-06-30,09:45,11:15,LONG,PM_LONG,15327.25,15347.25,15127.25,16827.25,2,78.76,no_move,A+,1
2023-06-30,13:30,15:00,LONG,PM_LONG,15357.0,15338.5,15157.0,16857.0,1,-38.24,no_move,A+,1
2023-07-03,09:55,12:15,LONG,PM_LONG,15371.75,15335.75,15171.75,16871.75,1,-73.24,no_move,A+,3
2023-07-06,09:50,11:20,SHORT,ORB_SHORT,15137.0,15129.75,15337.0,13637.0,1,13.26,no_move,A+,2
2023-07-07,09:45,11:15,LONG,ORB_LONG,15248.25,15250.5,15048.25,16748.25,1,3.26,no_move,A+,1
2023-07-07,13:35,15:10,LONG,PM_LONG,15345.0,15291.0,15145.0,16845.0,1,-109.24,eod,A+,1
2023-07-10,09:45,11:15,SHORT,ORB_SHORT,15148.0,15142.0,15348.0,13648.0,1,10.76,no_move,A+,1
2023-07-10,11:45,13:15,SHORT,ORB_SHORT,15120.25,15145.75,15320.25,13620.25,1,-52.24,no_move,A+,1
2023-07-11,10:05,11:40,SHORT,ORB_SHORT,15131.25,15170.25,15331.25,13631.25,1,-79.24,no_move,A+,5
2023-07-11,11:55,13:25,LONG,ORB_LONG,15236.0,15197.5,15036.0,16736.0,1,-78.24,no_move,A+,1
2023-07-12,09:45,10:55,LONG,PM_LONG,15450.75,15459.5,15250.75,16950.75,2,33.76,vwap_cross,A+,1
2023-07-12,13:30,15:00,LONG,PM_LONG,15450.25,15455.0,15250.25,16950.25,1,8.26,no_move,A+,27
2023-07-13,09:55,11:25,LONG,PM_LONG,15606.25,15599.25,15406.25,17106.25,2,-29.24,no_move,A+,1
2023-07-13,11:40,13:10,LONG,PM_LONG,15618.5,15650.25,15418.5,17118.5,1,62.26,no_move,A+,1
2023-07-13,13:25,14:55,LONG,PM_LONG,15660.75,15682.25,15460.75,17160.75,1,41.76,no_move,A+,1
2023-07-14,09:45,10:40,LONG,PM_LONG,15788.0,15794.0,15588.0,17288.0,1,10.76,vwap_cross,A+,1
2023-07-17,10:35,12:05,LONG,PM_LONG,15752.5,15798.5,15552.5,17252.5,1,90.76,no_move,A+,6
2023-07-18,11:35,15:10,LONG,VWAP_LONG,15812.25,16019.0,15612.25,17312.25,1,412.26,eod,A+,14
2023-07-19,10:40,12:10,LONG,PM_LONG,16036.75,16036.75,15836.75,17536.75,2,-1.24,no_move,A+,12
2023-07-20,10:00,11:30,SHORT,ORB_SHORT,15822.25,15766.9,16022.25,14322.25,1,109.46,stop,A+,1
2023-07-21,09:45,10:45,SHORT,ORB_SHORT,15643.5,15601.09,15843.5,14143.5,2,168.4,stop,A+,1
2023-07-24,09:50,11:35,SHORT,ORB_SHORT,15488.25,15528.25,15688.25,13988.25,1,-81.24,no_move,A+,2
2023-07-25,09:45,11:15,LONG,PM_LONG,15644.75,15648.5,15444.75,17144.75,1,6.26,no_move,A+,1
2023-07-25,13:00,14:30,LONG,PM_LONG,15698.0,15723.5,15498.0,17198.0,1,49.76,no_move,A+,1
2023-07-26,10:55,12:25,SHORT,ORB_SHORT,15537.75,15557.5,15737.75,14037.75,1,-40.74,no_move,A+,3
2023-07-27,09:45,12:25,LONG,PM_LONG,15890.0,15850.0,15690.0,17390.0,1,-81.24,no_move,A+,1
2023-07-28,10:00,11:30,LONG,PM_LONG,15825.0,15862.75,15625.0,17325.0,1,74.26,no_move,A+,1
2023-08-02,11:55,13:40,SHORT,ORB_SHORT,15447.75,15485.25,15647.75,13947.75,2,-151.24,no_move,A+,3
2023-08-07,10:00,11:30,SHORT,ORB_SHORT,15385.25,15356.25,15585.25,13885.25,1,56.76,no_move,A+,4
2023-08-08,09:45,11:15,SHORT,ORB_SHORT,15286.5,15245.0,15486.5,13786.5,1,81.76,no_move,A+,1
2023-08-09,10:20,12:30,SHORT,ORB_SHORT,15264.25,15210.59,15464.25,13764.25,1,106.08,stop,A+,1
2023-08-10,09:45,13:40,LONG,PM_LONG,15377.5,15177.5,15177.5,16877.5,1,-401.24,stop,A+,1
2023-08-14,10:05,12:15,LONG,PM_LONG,15132.75,15184.84,14932.75,16632.75,1,102.94,stop,A+,3
2023-08-15,10:00,11:30,SHORT,ORB_SHORT,15160.75,15171.75,15360.75,13660.75,1,-23.24,no_move,A+,1
2023-08-16,11:45,13:15,SHORT,VWAP_SHORT,15059.5,15004.25,15259.5,13559.5,1,109.26,no_move,A+,9
2023-08-17,09:55,11:25,SHORT,ORB_SHORT,14928.5,14869.0,15128.5,13428.5,1,117.76,no_move,A+,3
2023-08-17,11:35,13:20,SHORT,ORB_SHORT,14872.0,14906.75,15072.0,13372.0,1,-70.74,no_move,A+,2
2023-08-17,13:40,15:10,SHORT,ORB_SHORT,14868.25,14774.0,15068.25,13368.25,2,375.76,eod,A+,1
2023-08-21,09:45,11:30,LONG,PM_LONG,14863.25,14830.75,14663.25,16363.25,1,-66.24,no_move,A+,1
2023-08-21,13:20,14:50,LONG,PM_LONG,14930.25,14987.25,14730.25,16430.25,2,226.76,no_move,A+,12
2023-08-22,13:00,14:30,SHORT,ORB_SHORT,14950.25,14985.0,15150.25,13450.25,1,-70.74,no_move,A+,9
2023-08-23,09:45,15:10,LONG,PM_LONG,15055.0,15222.25,14855.0,16555.0,1,333.26,eod,A+,1
2023-08-24,11:35,13:05,SHORT,ORB_SHORT,14971.5,15003.75,15171.5,13471.5,1,-65.74,no_move,A+,1
2023-08-25,10:00,10:20,LONG,PM_LONG,14951.25,14995.24,14751.25,16451.25,1,86.74,stop,A+,1
2023-08-25,10:40,12:10,SHORT,ORB_SHORT,14826.5,14845.0,15026.5,13326.5,2,-75.24,no_move,A+,3
2023-08-29,09:45,12:50,LONG,PM_LONG,15165.5,15357.0,14965.5,16665.5,1,381.76,stop,A+,1
2023-08-29,13:35,15:05,LONG,PM_LONG,15392.5,15405.25,15192.5,16892.5,1,24.26,no_move,A+,1
2023-08-30,09:50,11:20,LONG,PM_LONG,15463.5,15465.75,15263.5,16963.5,2,7.76,no_move,A+,2
2023-08-30,11:35,13:05,LONG,PM_LONG,15489.75,15501.25,15289.75,16989.75,1,21.76,no_move,A+,1
2023-08-31,09:45,11:15,LONG,VWAP_LONG,15530.25,15573.0,15330.25,17030.25,1,84.26,no_move,A+,1
2023-09-01,09:45,11:15,SHORT,ORB_SHORT,15517.5,15517.75,15717.5,14017.5,1,-1.74,no_move,A+,1
2023-09-01,11:45,13:20,SHORT,ORB_SHORT,15465.75,15500.25,15665.75,13965.75,1,-70.24,no_move,A+,1
2023-09-05,11:00,12:30,LONG,PM_LONG,15558.0,15546.5,15358.0,17058.0,1,-24.24,no_move,A+,1
2023-09-06,10:10,11:40,SHORT,ORB_SHORT,15392.5,15391.25,15592.5,13892.5,1,1.26,no_move,A+,3
2023-09-08,09:55,10:40,LONG,PM_LONG,15333.0,15343.25,15133.0,16833.0,1,19.26,vwap_cross,A+,3
2023-09-12,13:50,15:10,SHORT,ORB_SHORT,15347.25,15303.25,15547.25,13847.25,1,86.76,eod,A+,3
2023-09-13,09:50,11:45,LONG,PM_LONG,15324.25,15383.5,15124.25,16824.25,1,117.26,no_move,A+,2
2023-09-14,09:50,15:10,SHORT,ORB_SHORT,15365.75,15512.75,15565.75,13865.75,1,-295.24,eod,A+,2
2023-09-19,10:15,11:45,SHORT,ORB_SHORT,15307.5,15278.25,15507.5,13807.5,1,57.26,no_move,A+,7
2023-09-21,09:50,11:20,SHORT,ORB_SHORT,14939.25,14946.5,15139.25,13439.25,1,-15.74,no_move,A+,2
2023-09-22,10:05,11:45,LONG,ORB_LONG,14942.75,14998.25,14742.75,16442.75,1,109.76,no_move,A+,5
2023-09-25,11:15,12:45,LONG,PM_LONG,14913.0,14886.25,14713.0,16413.0,1,-54.74,no_move,A+,3
2023-09-26,09:50,11:20,SHORT,ORB_SHORT,14780.5,14738.5,14980.5,13280.5,1,82.76,no_move,A+,2
2023-09-26,11:30,13:00,SHORT,ORB_SHORT,14747.75,14768.75,14947.75,13247.75,1,-43.24,no_move,A+,5
2023-09-26,13:35,15:05,SHORT,ORB_SHORT,14716.0,14704.25,14916.0,13216.0,1,22.26,no_move,A+,1
2023-09-27,13:20,15:10,SHORT,ORB_SHORT,14633.25,14786.5,14833.25,13133.25,1,-307.74,eod,A+,3
2023-09-28,10:30,11:50,SHORT,MOM_SHORT,14697.75,14897.75,14897.75,13197.75,1,-401.24,stop,A+,1
2023-09-29,09:45,11:15,LONG,PM_LONG,15017.25,14979.5,14817.25,16517.25,2,-152.24,no_move,A+,1
2023-09-29,11:20,15:10,LONG,MOM_LONG,15006.0,14879.75,14806.0,16506.0,2,-506.24,eod,A+,15
2023-10-02,10:00,11:30,LONG,PM_LONG,14982.0,15018.0,14782.0,16482.0,1,70.76,no_move,A+,1
2023-10-03,10:00,12:15,SHORT,ORB_SHORT,14854.75,14770.0,15054.75,13354.75,1,168.26,stop,A+,1
2023-10-04,09:50,11:20,LONG,PM_LONG,14813.0,14824.75,14613.0,16313.0,1,22.26,no_move,A+,2
2023-10-04,11:45,13:15,LONG,PM_LONG,14865.75,14867.0,14665.75,16365.75,1,1.26,no_move,A+,1
2023-10-05,09:45,11:50,SHORT,ORB_SHORT,14847.0,14776.0,15047.0,13347.0,1,140.76,stop,A+,1
2023-10-09,09:45,11:25,LONG,PM_LONG,15058.5,15031.0,14858.5,16558.5,1,-56.24,no_move,A+,1
2023-10-09,13:00,15:10,LONG,PM_LONG,15068.0,15195.0,14868.0,16568.0,1,252.76,eod,A+,1
2023-10-10,09:55,13:00,LONG,PM_LONG,15240.5,15323.5,15040.5,16740.5,1,164.76,stop,A+,1
2023-10-11,10:50,14:20,LONG,PM_LONG,15356.5,15328.25,15156.5,16856.5,1,-57.74,no_move,A+,1
2023-10-12,10:10,11:40,LONG,PM_LONG,15448.5,15430.5,15248.5,16948.5,1,-37.24,no_move,A+,2
2023-10-12,13:05,14:25,SHORT,ORB_SHORT,15364.0,15265.5,15564.0,13864.0,1,195.76,rev_exit,A+,9
2023-10-16,10:10,11:40,LONG,PM_LONG,15255.25,15278.5,15055.25,16755.25,1,45.26,no_move,A+,3
2023-10-16,13:00,14:30,LONG,PM_LONG,15304.5,15306.75,15104.5,16804.5,1,3.26,no_move,A+,1
2023-10-18,10:15,12:00,LONG,PM_LONG,15200.75,15167.5,15000.75,16700.75,1,-67.74,no_move,A+,1
2023-10-19,13:05,14:40,LONG,VWAP_LONG,15101.25,14901.25,14901.25,16601.25,1,-401.24,stop,A+,5
2023-10-20,09:50,15:10,LONG,VWAP_LONG,14857.5,14703.25,14657.5,16357.5,1,-309.74,eod,A+,2
2023-10-23,13:00,14:35,LONG,PM_LONG,14825.75,14787.25,14625.75,16325.75,1,-78.24,no_move,A+,2
2023-10-24,09:55,11:25,LONG,PM_LONG,14826.75,14801.5,14626.75,16326.75,1,-51.74,no_move,A+,1
2023-10-25,10:00,11:30,SHORT,OPEN_SHORT,14628.0,14623.25,14828.0,13128.0,2,17.76,no_move,A+,2
2023-10-25,11:40,14:10,SHORT,ORB_SHORT,14610.75,14501.0,14810.75,13110.75,1,517.02,rev_exit,A+,1
2023-10-26,09:50,13:00,SHORT,ORB_SHORT,14344.5,14179.5,14544.5,12844.5,1,627.52,stop,A+,2
2023-10-26,13:20,15:10,SHORT,ORB_SHORT,14147.75,14275.75,14347.75,12647.75,2,-513.24,eod,A+,1
2023-10-27,09:45,12:25,SHORT,ORB_SHORT,14296.5,14336.25,14496.5,12796.5,1,-80.74,no_move,A+,1
2023-10-27,13:05,14:35,SHORT,ORB_SHORT,14267.75,14274.75,14467.75,12767.75,1,-15.24,no_move,A+,13
2023-10-30,10:00,11:50,LONG,PM_LONG,14420.5,14382.25,14220.5,15920.5,1,-77.74,no_move,A+,4
2023-10-30,13:25,14:55,LONG,PM_LONG,14398.5,14436.75,14198.5,15898.5,1,75.26,no_move,A+,1
2023-10-31,09:50,15:10,SHORT,VWAP_SHORT,14335.25,14493.25,14535.25,12835.25,1,-317.24,eod,A+,2
2023-11-01,09:45,11:15,LONG,PM_LONG,14575.25,14598.75,14375.25,16075.25,2,92.76,no_move,A+,1
2023-11-01,13:10,14:40,LONG,PM_LONG,14611.0,14582.5,14411.0,16111.0,1,-58.24,no_move,A+,1
2023-11-02,10:25,11:55,LONG,MOM_LONG,14927.75,14940.25,14727.75,16427.75,2,48.76,no_move,A+,9
2023-11-02,13:10,14:40,LONG,PM_LONG,14975.25,15002.0,14775.25,16475.25,1,52.26,no_move,A+,1
2023-11-03,09:45,11:15,LONG,PM_LONG,15115.25,15104.25,14915.25,16615.25,1,-23.24,no_move,A+,1
2023-11-03,13:55,15:10,LONG,PM_LONG,15191.5,15216.0,14991.5,16691.5,2,96.76,eod,A+,1
2023-11-06,13:15,14:45,SHORT,ORB_SHORT,15154.0,15193.5,15354.0,13654.0,1,-80.24,no_move,A+,1
2023-11-07,09:55,12:00,LONG,PM_LONG,15298.0,15353.5,15098.0,16798.0,1,109.76,no_move,A+,3
2023-11-09,09:55,11:25,LONG,PM_LONG,15423.0,15408.25,15223.0,16923.0,1,-30.74,no_move,A+,3
2023-11-09,11:50,15:00,LONG,PM_LONG,15447.25,15247.25,15247.25,16947.25,1,-401.24,stop,A+,1
2023-11-10,10:00,10:10,LONG,PM_LONG,15344.0,15351.5,15144.0,16844.0,1,13.76,vwap_cross,A+,4
2023-11-10,10:25,10:40,LONG,PM_LONG,15334.25,15341.25,15134.25,16834.25,1,12.76,vwap_cross,A+,9
2023-11-10,11:00,15:10,LONG,PM_LONG,15404.75,15574.0,15204.75,16904.75,1,337.26,eod,A+,1
2023-11-13,09:55,15:10,SHORT,VWAP_SHORT,15490.25,15574.0,15690.25,13990.25,1,-168.74,eod,A+,1
2023-11-14,09:45,11:15,LONG,VWAP_LONG,15833.5,15872.5,15633.5,17333.5,1,76.76,no_move,A+,1
2023-11-15,10:50,15:10,LONG,VWAP_LONG,15965.25,15906.5,15765.25,17465.25,1,-118.74,eod,A+,14
2023-11-16,09:55,12:05,LONG,PM_LONG,15888.75,15859.0,15688.75,17388.75,1,-60.74,no_move,A+,1
2023-11-20,09:50,11:20,LONG,PM_LONG,15982.5,16014.25,15782.5,17482.5,1,62.26,no_move,A+,2
2023-11-20,13:00,14:30,LONG,PM_LONG,16053.5,16077.0,15853.5,17553.5,1,45.76,no_move,A+,1
2023-11-21,10:30,12:00,SHORT,ORB_SHORT,15925.25,15960.5,16125.25,14425.25,1,-71.74,no_move,A+,3
2023-11-24,10:15,11:45,SHORT,VWAP_SHORT,16007.25,16013.75,16207.25,14507.25,1,-14.24,no_move,A+,2
2023-11-27,10:00,11:30,LONG,VWAP_LONG,16016.75,16027.5,15816.75,17516.75,1,20.26,no_move,A+,4
2023-11-27,11:55,13:25,LONG,PM_LONG,16054.25,16066.25,15854.25,17554.25,1,22.76,no_move,A+,1
2023-11-28,10:35,12:05,LONG,PM_LONG,16010.25,16046.0,15810.25,17510.25,1,70.26,no_move,A+,1
2023-11-30,10:15,14:10,SHORT,VWAP_SHORT,15980.0,15897.0,16180.0,14480.0,1,164.76,rev_exit,A+,1
2023-12-01,10:30,15:10,SHORT,VWAP_SHORT,15901.75,16019.25,16101.75,14401.75,1,-236.24,eod,A+,10
2023-12-04,10:20,11:50,SHORT,ORB_SHORT,15764.5,15803.75,15964.5,14264.5,1,-79.74,no_move,A+,3
2023-12-05,10:00,11:35,LONG,PM_LONG,15925.5,15885.75,15725.5,17425.5,1,-80.74,no_move,A+,1
2023-12-08,10:00,11:30,LONG,PM_LONG,16045.0,16050.5,15845.0,17545.0,1,9.76,no_move,A+,1
2023-12-11,10:45,12:15,LONG,PM_LONG,16186.0,16176.75,15986.0,17686.0,2,-38.24,no_move,A+,1
2023-12-11,13:20,14:50,LONG,PM_LONG,16222.0,16224.5,16022.0,17722.0,1,3.76,no_move,A+,1
2023-12-12,10:00,11:30,LONG,ORB_LONG,16257.0,16287.5,16057.0,17757.0,1,59.76,no_move,A+,1
2023-12-12,13:45,15:10,LONG,ORB_LONG,16314.0,16347.0,16114.0,17814.0,2,130.76,eod,A+,1
2023-12-14,09:50,13:50,LONG,VWAP_LONG,16642.25,16442.25,16442.25,18142.25,2,-801.24,stop,A+,2
2023-12-18,09:55,11:25,LONG,PM_LONG,16878.5,16899.5,16678.5,18378.5,1,40.76,no_move,A+,1
2023-12-18,11:30,13:00,LONG,PM_LONG,16906.75,16923.5,16706.75,18406.75,1,32.26,no_move,A+,1
2023-12-18,13:25,14:55,LONG,PM_LONG,16948.5,16961.0,16748.5,18448.5,1,23.76,no_move,A+,1
2023-12-20,10:45,12:15,LONG,PM_LONG,17050.0,17046.5,16850.0,18550.0,1,-8.24,no_move,A+,13
2023-12-20,13:00,14:50,LONG,PM_LONG,17060.25,16860.25,16860.25,18560.25,1,-401.24,stop,A+,2
2023-12-21,13:15,15:10,SHORT,ORB_SHORT,16816.75,16898.0,17016.75,15316.75,1,-163.74,eod,A+,43
2023-12-22,10:00,11:30,LONG,PM_LONG,17025.5,17005.0,16825.5,18525.5,1,-42.24,no_move,A+,4
2023-12-26,10:25,11:55,LONG,PM_LONG,17043.5,17051.0,16843.5,18543.5,1,13.76,no_move,A+,1
2023-12-27,10:10,11:40,SHORT,ORB_SHORT,17061.75,17095.5,17261.75,15561.75,1,-68.74,no_move,A+,6
2023-12-27,13:10,14:40,LONG,PM_LONG,17108.25,17077.0,16908.25,18608.25,1,-63.74,no_move,A+,42
2023-12-28,10:05,11:35,SHORT,ORB_SHORT,17111.25,17117.0,17311.25,15611.25,1,-12.74,no_move,A+,5
2023-12-28,13:00,14:30,SHORT,ORB_SHORT,17112.25,17119.0,17312.25,15612.25,1,-14.74,no_move,A+,40
2023-12-29,10:40,12:00,SHORT,ORB_SHORT,17036.5,16992.06,17236.5,15536.5,1,87.64,stop,A+,1
2024-01-02,09:45,11:15,SHORT,ORB_SHORT,16737.25,16755.5,16937.25,15237.25,2,-74.24,no_move,A+,1
2024-01-02,13:50,15:10,SHORT,ORB_SHORT,16707.0,16626.75,16907.0,15207.0,1,159.26,eod,A+,1
2024-01-03,10:20,11:50,SHORT,ORB_SHORT,16572.75,16571.0,16772.75,15072.75,1,2.26,no_move,A+,3
2024-01-04,11:30,13:30,LONG,PM_LONG,16556.0,16520.5,16356.0,18056.0,1,-72.24,no_move,A+,3
2024-01-08,11:10,12:40,LONG,PM_LONG,16651.25,16707.0,16451.25,18151.25,1,110.26,no_move,A+,18
2024-01-08,13:45,15:10,LONG,PM_LONG,16730.5,16776.25,16530.5,18230.5,1,90.26,eod,A+,1
2024-01-09,10:10,11:40,LONG,PM_LONG,16732.25,16786.5,16532.25,18232.25,1,107.26,no_move,A+,2
2024-01-09,13:00,14:30,LONG,PM_LONG,16866.75,16831.25,16666.75,18366.75,2,-143.24,no_move,A+,1
2024-01-10,10:00,15:10,SHORT,ORB_SHORT,16814.25,16963.75,17014.25,15314.25,1,-300.24,eod,A+,4
2024-01-11,10:00,11:50,SHORT,ORB_SHORT,16890.5,16813.0,17090.5,15390.5,1,153.76,stop,A+,1
2024-01-16,10:20,15:10,LONG,PM_LONG,16999.25,16927.25,16799.25,18499.25,1,-145.24,eod,A+,3
2024-01-17,09:50,13:30,SHORT,ORB_SHORT,16717.0,16754.75,16917.0,15217.0,1,-76.74,no_move,A+,2
2024-01-18,10:30,12:00,LONG,MOM_LONG,17039.75,17023.5,16839.75,18539.75,2,-66.24,no_move,A+,1
2024-01-19,10:00,11:30,LONG,ORB_LONG,17217.0,17247.75,17017.0,18717.0,1,60.26,no_move,A+,1
2024-01-19,11:35,14:30,LONG,ORB_LONG,17234.5,17402.0,17034.5,18734.5,1,632.52,stop,A+,5
2024-01-24,10:15,11:45,LONG,PM_LONG,17703.0,17725.25,17503.0,19203.0,2,87.76,no_move,A+,7
2024-01-24,11:50,13:20,LONG,PM_LONG,17744.0,17741.75,17544.0,19244.0,1,-5.74,no_move,A+,1
2024-01-25,10:20,11:50,LONG,VWAP_LONG,17722.0,17739.5,17522.0,19222.0,1,33.76,no_move,A+,8
2024-01-25,11:55,15:10,LONG,VWAP_LONG,17723.5,17597.0,17523.5,19223.5,1,-254.24,eod,A+,27
2024-01-26,09:50,12:35,SHORT,ORB_SHORT,17527.5,17550.25,17727.5,16027.5,1,-46.74,no_move,A+,2
2024-01-29,09:45,11:15,LONG,PM_LONG,17566.75,17555.0,17366.75,19066.75,1,-24.74,no_move,A+,1
2024-01-30,10:00,11:30,SHORT,ORB_SHORT,17643.75,17648.25,17843.75,16143.75,1,-10.24,no_move,A+,4
2024-01-31,10:35,14:15,SHORT,ORB_SHORT,17291.5,17326.0,17491.5,15791.5,2,-139.24,no_move,A+,3
2024-02-01,10:05,11:35,LONG,ORB_LONG,17352.75,17320.5,17152.75,18852.75,1,-65.74,no_move,A+,1
2024-02-02,09:45,11:15,LONG,ORB_LONG,17586.0,17644.25,17386.0,19086.0,2,231.76,no_move,A+,1
2024-02-02,11:25,12:55,LONG,PM_LONG,17671.0,17710.0,17471.0,19171.0,1,76.76,no_move,A+,1
2024-02-05,10:00,11:05,SHORT,ORB_SHORT,17655.25,17609.57,17855.25,16155.25,1,90.12,stop,A+,1
2024-02-06,09:45,10:35,SHORT,ORB_SHORT,17698.0,17653.0,17898.0,16198.0,1,88.76,stop,A+,1
2024-02-06,11:45,13:15,SHORT,ORB_SHORT,17593.5,17595.0,17793.5,16093.5,1,-4.24,no_move,A+,1
2024-02-07,10:10,11:40,LONG,PM_LONG,17807.25,17827.25,17607.25,19307.25,1,38.76,no_move,A+,1
2024-02-08,10:40,12:10,LONG,PM_LONG,17855.75,17884.0,17655.75,19355.75,1,55.26,no_move,A+,12
2024-02-09,09:55,11:25,LONG,ORB_LONG,17940.25,17983.25,17740.25,19440.25,1,84.76,no_move,A+,1
2024-02-12,10:50,12:20,LONG,PM_LONG,18081.0,18076.5,17881.0,19581.0,1,-10.24,no_move,A+,3
2024-02-14,10:05,11:35,LONG,VWAP_LONG,17793.75,17760.75,17593.75,19293.75,1,-67.24,no_move,A+,5
2024-02-14,13:35,15:05,LONG,PM_LONG,17808.75,17810.75,17608.75,19308.75,1,2.76,no_move,A+,39
2024-02-15,10:25,11:55,SHORT,ORB_SHORT,17818.75,17835.5,18018.75,16318.75,1,-34.74,no_move,A+,9
2024-02-15,13:30,15:00,LONG,ORB_LONG,17922.5,17913.0,17722.5,19422.5,1,-20.24,no_move,A+,1
2024-02-16,13:00,14:40,SHORT,ORB_SHORT,17825.25,17864.5,18025.25,16325.25,1,-79.74,no_move,A+,1
2024-02-20,11:30,13:00,SHORT,ORB_SHORT,17532.75,17491.5,17732.75,16032.75,1,81.26,no_move,A+,1
2024-02-20,13:30,15:10,SHORT,ORB_SHORT,17489.0,17573.25,17689.0,15989.0,1,-169.74,eod,A+,2
2024-02-21,10:25,11:55,SHORT,OPEN_SHORT,17473.75,17506.25,17673.75,15973.75,1,-66.24,no_move,A+,1
2024-02-22,09:45,11:15,LONG,PM_LONG,17945.5,17970.75,17745.5,19445.5,2,99.76,no_move,A+,1
2024-02-28,09:50,12:30,SHORT,ORB_SHORT,17886.5,17908.0,18086.5,16386.5,1,-44.24,no_move,A+,2
2024-02-29,10:00,13:00,LONG,PM_LONG,18064.0,18029.0,17864.0,19564.0,1,-71.24,no_move,A+,1
2024-03-01,09:45,10:00,LONG,PM_LONG,18120.0,18127.25,17920.0,19620.0,1,13.26,vwap_cross,A+,1
2024-03-01,10:05,11:35,LONG,PM_LONG,18172.5,18226.5,17972.5,19672.5,1,106.76,no_move,A+,1
2024-03-05,09:45,11:20,SHORT,ORB_SHORT,18045.75,17960.0,18245.75,16545.75,2,341.76,rev_exit,A+,1
2024-03-05,11:40,13:10,SHORT,ORB_SHORT,17922.75,17940.5,18122.75,16422.75,1,-36.74,no_move,A+,1
2024-03-05,13:35,15:05,SHORT,ORB_SHORT,17907.75,17858.0,18107.75,16407.75,1,98.26,no_move,A+,1
2024-03-06,11:00,12:45,LONG,VWAP_LONG,18082.0,18129.25,17882.0,19582.0,1,93.26,no_move,A+,16
2024-03-07,09:50,15:00,LONG,PM_LONG,18194.0,18300.0,17994.0,19694.0,1,210.76,stop,A+,2
2024-03-08,09:45,10:45,LONG,ORB_LONG,18356.0,18369.0,18156.0,19856.0,2,50.76,vwap_cross,A+,1
2024-03-11,10:05,11:35,SHORT,VWAP_SHORT,17919.25,17936.25,18119.25,16419.25,1,-35.24,no_move,A+,3
2024-03-12,09:45,10:35,SHORT,VWAP_SHORT,17959.25,18159.25,18159.25,16459.25,1,-401.24,stop,A+,1
2024-03-12,11:30,14:00,LONG,PM_LONG,18199.75,18164.5,17999.75,19699.75,1,-71.74,no_move,A+,1
2024-03-13,09:45,11:15,SHORT,ORB_SHORT,18104.75,18107.5,18304.75,16604.75,1,-6.74,no_move,A+,1
2024-03-13,11:40,15:10,SHORT,ORB_SHORT,18051.5,18118.75,18251.5,16551.5,1,-135.74,eod,A+,1
2024-03-14,09:45,11:15,SHORT,ORB_SHORT,18027.75,18053.0,18227.75,16527.75,1,-51.74,no_move,A+,1
2024-03-14,11:20,12:50,SHORT,ORB_SHORT,18027.75,18020.75,18227.75,16527.75,1,12.76,no_move,A+,1
2024-03-18,09:50,11:10,LONG,PM_LONG,18315.0,18321.5,18115.0,19815.0,1,11.76,vwap_cross,A+,2
2024-03-21,11:50,13:20,LONG,VWAP_LONG,18687.0,18660.0,18487.0,20187.0,1,-55.24,no_move,A+,26
2024-03-26,10:00,11:30,LONG,PM_LONG,18606.5,18568.25,18406.5,20106.5,1,-77.74,no_move,A+,1
2024-03-28,09:45,11:15,LONG,ORB_LONG,18515.25,18507.25,18315.25,20015.25,1,-17.24,no_move,A+,1
2024-04-02,10:10,11:40,SHORT,ORB_SHORT,18216.5,18255.0,18416.5,16716.5,2,-155.24,no_move,A+,1
2024-04-03,10:00,11:50,LONG,PM_LONG,18352.25,18408.5,18152.25,19852.25,1,111.26,no_move,A+,1
2024-04-05,09:50,11:10,LONG,PM_LONG,18225.5,18269.71,18025.5,19725.5,1,87.18,stop,A+,2
2024-04-05,11:15,13:05,LONG,PM_LONG,18264.5,18359.25,18064.5,19764.5,1,188.26,rev_exit,A+,2
2024-04-08,10:30,15:10,LONG,ORB_LONG,18357.75,18306.0,18157.75,19857.75,1,-104.74,eod,A+,1
2024-04-11,11:55,15:10,LONG,PM_LONG,18316.75,18493.5,18116.75,19816.75,1,352.26,eod,A+,1
2024-04-16,09:55,11:25,LONG,ORB_LONG,17897.75,17911.5,17697.75,19397.75,1,26.26,no_move,A+,1
2024-04-16,11:55,13:25,LONG,ORB_LONG,17890.75,17900.75,17690.75,19390.75,1,18.76,no_move,A+,1
2024-04-18,10:55,12:25,LONG,PM_LONG,17712.0,17685.25,17512.0,19212.0,1,-54.74,no_move,A+,1
2024-04-18,13:20,14:50,SHORT,ORB_SHORT,17540.5,17543.75,17740.5,16040.5,2,-14.24,no_move,A+,3
2024-04-19,10:15,11:45,SHORT,ORB_SHORT,17390.0,17335.25,17590.0,15890.0,1,108.26,no_move,A+,4
2024-04-22,09:45,13:05,LONG,PM_LONG,17328.0,17293.25,17128.0,18828.0,1,-70.74,no_move,A+,1
2024-04-22,13:25,14:45,LONG,PM_LONG,17344.0,17390.8,17144.0,18844.0,1,92.36,stop,A+,1
2024-04-23,09:45,15:10,LONG,PM_LONG,17486.5,17632.5,17286.5,18986.5,1,290.76,eod,A+,1
2024-04-24,09:45,12:10,LONG,PM_LONG,17785.0,17585.0,17585.0,19285.0,1,-401.24,stop,A+,1
2024-04-25,13:35,15:05,LONG,PM_LONG,17546.5,17564.0,17346.5,19046.5,1,33.76,no_move,A+,1
2024-04-26,09:45,11:10,LONG,VWAP_LONG,17760.0,17816.7,17560.0,19260.0,1,112.16,stop,A+,1
2024-04-26,13:40,15:10,LONG,PM_LONG,17882.5,17869.0,17682.5,19382.5,1,-28.24,no_move,A+,8
2024-05-01,10:05,11:35,SHORT,ORB_SHORT,17443.75,17468.5,17643.75,15943.75,2,-100.24,no_move,A+,3
2024-05-02,09:45,10:10,SHORT,ORB_SHORT,17492.5,17444.57,17692.5,15992.5,1,94.62,stop,A+,1
2024-05-03,09:45,11:30,LONG,PM_LONG,17994.75,17978.0,17794.75,19494.75,2,-68.24,no_move,A+,1
2024-05-03,13:30,15:00,LONG,PM_LONG,17983.75,18019.25,17783.75,19483.75,1,69.76,no_move,A+,46
2024-05-06,10:10,11:40,LONG,PM_LONG,18098.0,18111.5,17898.0,19598.0,1,25.76,no_move,A+,1
2024-05-06,13:00,14:30,LONG,PM_LONG,18116.25,18140.25,17916.25,19616.25,1,46.76,no_move,A+,1
2024-05-07,10:50,12:20,LONG,PM_LONG,18234.0,18257.5,18034.0,19734.0,1,45.76,no_move,A+,14
2024-05-08,11:00,12:30,LONG,PM_LONG,18213.25,18178.25,18013.25,19713.25,1,-71.24,no_move,A+,1
2024-05-09,09:45,15:10,SHORT,ORB_SHORT,18114.5,18217.0,18314.5,16614.5,1,-206.24,eod,A+,1
2024-05-10,10:00,15:10,LONG,PM_LONG,18301.5,18248.75,18101.5,19801.5,1,-106.74,eod,A+,4
2024-05-14,10:05,11:35,LONG,PM_LONG,18306.5,18325.0,18106.5,19806.5,1,35.76,no_move,A+,5
2024-05-15,10:15,12:00,LONG,VWAP_LONG,18528.25,18588.0,18328.25,20028.25,1,118.26,no_move,A+,7
2024-05-22,13:35,15:00,SHORT,ORB_SHORT,18779.5,18736.52,18979.5,17279.5,1,84.72,stop,A+,47
2024-05-24,10:00,13:05,LONG,PM_LONG,18782.0,18876.75,18582.0,20282.0,1,188.26,rev_exit,A+,4
2024-05-28,09:45,14:25,SHORT,ORB_SHORT,18847.5,18876.5,19047.5,17347.5,1,-59.24,no_move,A+,1
2024-05-30,10:40,12:10,SHORT,ORB_SHORT,18662.5,18690.0,18862.5,17162.5,1,-56.24,no_move,A+,3
2024-05-31,10:10,12:35,SHORT,ORB_SHORT,18488.5,18276.25,18688.5,16988.5,1,722.02,stop,A+,4
2024-06-03,09:45,12:10,LONG,PM_LONG,18731.0,18531.0,18531.0,20231.0,2,-801.24,stop,A+,1
2024-06-05,10:00,15:10,LONG,VWAP_LONG,18852.25,19046.25,18652.25,20352.25,1,685.52,eod,A+,4
2024-06-06,09:45,11:15,SHORT,ORB_SHORT,19067.0,19084.75,19267.0,17567.0,1,-36.74,no_move,A+,1
2024-06-06,11:30,13:00,SHORT,ORB_SHORT,19061.25,19075.0,19261.25,17561.25,1,-28.74,no_move,A+,22
2024-06-07,10:40,12:10,LONG,ORB_LONG,19093.25,19082.75,18893.25,20593.25,1,-22.24,no_move,A+,2
2024-06-11,09:45,14:30,SHORT,ORB_SHORT,19014.5,19214.5,19214.5,17514.5,1,-401.24,stop,A+,1
2024-06-12,09:45,11:15,LONG,PM_LONG,19494.75,19523.5,19294.75,20994.75,2,113.76,no_move,A+,1
2024-06-13,10:10,11:40,SHORT,ORB_SHORT,19586.25,19605.75,19786.25,18086.25,1,-40.24,no_move,A+,6
2024-06-14,10:15,11:50,LONG,PM_LONG,19625.5,19595.0,19425.5,21125.5,1,-62.24,no_move,A+,3
2024-06-14,13:15,14:45,LONG,PM_LONG,19648.75,19652.75,19448.75,21148.75,1,6.76,no_move,A+,1
2024-06-17,09:45,12:45,SHORT,ORB_SHORT,19645.0,19845.0,19845.0,18145.0,1,-401.24,stop,A+,1
2024-06-18,11:10,15:10,SHORT,ORB_SHORT,19859.75,19916.0,20059.75,18359.75,1,-113.74,eod,A+,3
2024-06-24,09:45,11:20,SHORT,ORB_SHORT,19869.75,19892.5,20069.75,18369.75,1,-46.74,no_move,A+,1
2024-06-24,13:05,14:35,SHORT,ORB_SHORT,19822.75,19800.25,20022.75,18322.75,1,43.76,no_move,A+,34
2024-06-25,10:00,11:40,LONG,PM_LONG,19874.5,19933.0,19674.5,21374.5,1,115.76,no_move,A+,1
2024-06-26,11:10,12:40,SHORT,VWAP_SHORT,19928.5,19968.0,20128.5,18428.5,1,-80.24,no_move,A+,4
2024-06-27,09:50,10:05,LONG,PM_LONG,20047.25,20055.75,19847.25,21547.25,1,15.76,vwap_cross,A+,2
2024-06-27,10:10,15:10,LONG,PM_LONG,20110.75,20055.25,19910.75,21610.75,1,-112.24,eod,A+,1
2024-07-01,09:45,15:10,SHORT,ORB_SHORT,19863.5,20039.0,20063.5,18363.5,2,-703.24,eod,A+,1
2024-07-02,10:05,11:55,LONG,PM_LONG,20057.0,20101.77,19857.0,21557.0,1,88.3,stop,A+,5
2024-07-02,13:05,14:35,LONG,PM_LONG,20162.75,20219.25,19962.75,21662.75,2,224.76,no_move,A+,1
2024-07-05,09:55,11:25,LONG,PM_LONG,20514.0,20560.25,20314.0,22014.0,2,183.76,no_move,A+,1
2024-07-08,11:20,12:50,LONG,PM_LONG,20658.5,20633.75,20458.5,22158.5,1,-50.74,no_move,A+,20
2024-07-09,10:05,11:45,LONG,PM_LONG,20731.5,20702.5,20531.5,22231.5,1,-59.24,no_move,A+,5
2024-07-10,09:45,11:20,LONG,PM_LONG,20774.5,20739.75,20574.5,22274.5,1,-70.74,no_move,A+,1
2024-07-11,09:50,10:30,SHORT,ORB_SHORT,20836.25,20716.25,21036.25,19336.25,1,238.76,stop,A+,2
2024-07-11,11:20,12:05,SHORT,ORB_SHORT,20544.5,20504.0,20744.5,19044.5,1,79.76,stop,A+,1
2024-07-11,13:00,14:30,SHORT,ORB_SHORT,20427.5,20459.25,20627.5,18927.5,1,-64.74,no_move,A+,1
2024-07-12,09:45,10:20,LONG,PM_LONG,20495.0,20536.29,20295.0,21995.0,1,81.34,stop,A+,1
2024-07-15,09:50,11:25,LONG,MOM_LONG,20634.5,20736.5,20434.5,22134.5,1,202.76,stop,A+,2
2024-07-15,11:35,15:10,LONG,PM_LONG,20737.0,20626.0,20537.0,22237.0,1,-223.24,eod,A+,13
2024-07-22,09:45,11:30,LONG,PM_LONG,20021.0,19821.0,19821.0,21521.0,1,-401.24,stop,A+,1
2024-07-23,09:45,11:15,LONG,PM_LONG,20030.75,20075.25,19830.75,21530.75,1,87.76,no_move,A+,1
2024-07-24,09:45,12:15,SHORT,VWAP_SHORT,19551.25,19356.25,19751.25,18051.25,1,687.52,stop,A+,1
2024-07-25,10:15,10:50,SHORT,ORB_SHORT,19005.75,19205.75,19205.75,17505.75,2,-801.24,stop,A+,1
2024-07-29,09:45,11:30,LONG,VWAP_LONG,19332.75,19132.75,19132.75,20832.75,2,-801.24,stop,A+,1
2024-07-31,10:00,11:55,LONG,PM_LONG,19406.75,19455.91,19206.75,20906.75,1,97.08,stop,A+,1
2024-08-01,10:30,11:10,SHORT,ORB_SHORT,19463.75,19286.0,19663.75,17963.75,1,354.26,stop,A+,2
2024-08-02,13:00,14:35,SHORT,ORB_SHORT,18508.75,18528.75,18708.75,17008.75,1,-41.24,no_move,A+,3
2024-08-07,09:45,12:00,LONG,PM_LONG,18528.75,18328.75,18328.75,20028.75,2,-801.24,stop,A+,1
2024-08-08,10:00,11:00,LONG,PM_LONG,18275.0,18378.25,18075.0,19775.0,1,205.26,stop,A+,1
2024-08-09,10:10,11:40,LONG,PM_LONG,18547.25,18513.5,18347.25,20047.25,1,-68.74,no_move,A+,3
2024-08-12,09:45,11:00,SHORT,ORB_SHORT,18552.25,18752.25,18752.25,17052.25,1,-401.24,stop,A+,1
2024-08-12,13:50,15:10,SHORT,VWAP_SHORT,18609.0,18619.75,18809.0,17109.0,1,-22.74,eod,A+,22
2024-08-13,09:45,11:15,LONG,PM_LONG,18903.0,18959.25,18703.0,20403.0,2,223.76,no_move,A+,1
2024-08-13,13:00,14:30,LONG,PM_LONG,19063.5,19071.25,18863.5,20563.5,1,14.26,no_move,A+,1
2024-08-14,09:50,10:40,SHORT,ORB_SHORT,19029.0,18982.42,19229.0,17529.0,1,91.92,stop,A+,2
2024-08-14,11:30,14:55,LONG,VWAP_LONG,19134.0,19109.75,18934.0,20634.0,1,-49.74,no_move,A+,10
2024-08-15,09:45,15:10,LONG,PM_LONG,19408.75,19579.25,19208.75,20908.75,1,638.52,eod,A+,1
2024-08-20,09:45,11:55,LONG,PM_LONG,19881.5,19853.0,19681.5,21381.5,2,-115.24,no_move,A+,1
2024-08-21,09:45,10:45,LONG,VWAP_LONG,19851.25,19922.0,19651.25,21351.25,1,140.26,stop,A+,1
2024-08-23,10:00,10:45,LONG,PM_LONG,19846.0,19646.0,19646.0,21346.0,1,-401.24,stop,A+,1
2024-08-26,09:45,10:40,SHORT,ORB_SHORT,19730.25,19543.0,19930.25,18230.25,1,373.26,stop,A+,1
2024-08-26,11:45,13:15,SHORT,ORB_SHORT,19598.75,19590.0,19798.75,18098.75,1,16.26,no_move,A+,1
2024-08-26,13:35,15:10,SHORT,ORB_SHORT,19556.25,19604.25,19756.25,18056.25,1,-97.24,eod,A+,1
2024-08-28,09:45,11:25,SHORT,ORB_SHORT,19550.5,19374.25,19750.5,18050.5,1,351.26,stop,A+,1
2024-08-28,13:55,15:10,SHORT,ORB_SHORT,19297.75,19421.0,19497.75,17797.75,2,-494.24,eod,A+,2
2024-08-29,10:15,10:20,LONG,PM_LONG,19553.0,19573.75,19353.0,21053.0,1,40.26,vwap_cross,A+,1
2024-08-30,09:50,12:30,LONG,PM_LONG,19583.0,19383.0,19383.0,21083.0,1,-401.24,stop,A+,2
2024-09-03,09:50,11:05,SHORT,ORB_SHORT,19341.0,19208.5,19541.0,17841.0,1,263.76,stop,A+,2
2024-09-03,13:30,15:10,SHORT,ORB_SHORT,19138.25,19051.25,19338.25,17638.25,1,172.76,eod,A+,22
2024-09-04,09:45,11:10,LONG,PM_LONG,18985.0,19055.0,18785.0,20485.0,1,138.76,stop,A+,1
2024-09-05,10:20,11:00,LONG,PM_LONG,19130.25,18930.25,18930.25,20630.25,1,-401.24,stop,A+,3
2024-09-09,09:50,11:50,LONG,PM_LONG,18659.25,18621.5,18459.25,20159.25,1,-76.74,no_move,A+,2
2024-09-10,10:25,13:10,LONG,PM_LONG,18781.0,18765.25,18581.0,20281.0,1,-32.74,no_move,A+,4
2024-09-11,13:45,14:50,LONG,PM_LONG,19065.0,19116.75,18865.0,20565.0,1,102.26,stop,A+,1
2024-09-12,09:45,13:20,SHORT,ORB_SHORT,19208.75,19408.75,19408.75,17708.75,1,-401.24,stop,A+,1
2024-09-13,09:45,11:15,LONG,PM_LONG,19474.75,19517.75,19274.75,20974.75,2,170.76,no_move,A+,1
2024-09-13,11:20,12:50,LONG,PM_LONG,19525.75,19527.5,19325.75,21025.75,1,2.26,no_move,A+,1
2024-09-13,13:35,15:10,LONG,PM_LONG,19564.5,19511.75,19364.5,21064.5,1,-106.74,eod,A+,1
2024-09-17,10:05,11:40,LONG,MOM_LONG,19562.5,19524.25,19362.5,21062.5,1,-77.74,no_move,A+,5
2024-09-19,10:15,11:45,LONG,PM_LONG,19849.25,19907.0,19649.25,21349.25,2,229.76,no_move,A+,1
2024-09-19,11:50,13:20,LONG,PM_LONG,19871.5,19917.0,19671.5,21371.5,2,180.76,no_move,A+,16
2024-09-23,09:45,11:20,LONG,PM_LONG,20100.25,20081.5,19900.25,21600.25,2,-76.24,no_move,A+,1
2024-09-24,10:05,11:55,SHORT,ORB_SHORT,20011.5,20211.5,20211.5,18511.5,1,-401.24,stop,A+,5
2024-09-25,10:25,11:55,LONG,PM_LONG,20227.5,20207.0,20027.5,21727.5,1,-42.24,no_move,A+,9
2024-09-30,11:30,13:00,LONG,PM_LONG,20201.25,20200.5,20001.25,21701.25,1,-2.74,no_move,A+,1
2024-10-01,11:05,12:45,SHORT,ORB_SHORT,19840.75,19877.75,20040.75,18340.75,2,-149.24,no_move,A+,1
2024-10-01,13:30,15:10,SHORT,ORB_SHORT,19913.25,20035.25,20113.25,18413.25,1,-245.24,eod,A+,8
2024-10-03,10:00,13:00,LONG,PM_LONG,20090.75,19890.75,19890.75,21590.75,2,-801.24,stop,A+,2
2024-10-08,09:50,11:10,LONG,PM_LONG,20138.5,20227.75,19938.5,21638.5,1,177.26,rev_exit,A+,2
2024-10-09,10:05,12:15,LONG,MOM_LONG,20285.25,20388.5,20085.25,21785.25,1,205.26,stop,A+,5
2024-10-09,13:30,15:00,LONG,PM_LONG,20416.75,20435.0,20216.75,21916.75,1,35.26,no_move,A+,1
2024-10-10,09:45,15:10,SHORT,ORB_SHORT,20311.5,20401.5,20511.5,18811.5,1,-181.24,eod,A+,1
2024-10-11,10:15,11:45,LONG,PM_LONG,20448.5,20436.5,20248.5,21948.5,1,-25.24,no_move,A+,3
2024-10-14,10:10,12:00,LONG,PM_LONG,20628.75,20599.25,20428.75,22128.75,2,-119.24,no_move,A+,6
2024-10-16,09:45,11:45,SHORT,VWAP_SHORT,20248.25,20286.25,20448.25,18748.25,2,-153.24,no_move,A+,1
2024-10-18,10:05,11:35,LONG,PM_LONG,20513.75,20495.75,20313.75,22013.75,1,-37.24,no_move,A+,1
2024-10-21,11:10,15:10,SHORT,ORB_SHORT,20389.25,20481.75,20589.25,18889.25,1,-186.24,eod,A+,3
2024-10-22,10:05,11:35,LONG,PM_LONG,20491.75,20479.5,20291.75,21991.75,1,-25.74,no_move,A+,3
2024-10-22,13:40,15:10,LONG,PM_LONG,20536.0,20544.75,20336.0,22036.0,1,16.26,no_move,A+,1
2024-10-23,11:25,14:20,SHORT,ORB_SHORT,20309.75,20114.0,20509.75,18809.75,1,390.26,stop,A+,4
2024-10-24,11:45,15:10,SHORT,ORB_SHORT,20271.0,20384.0,20471.0,18771.0,1,-227.24,eod,A+,25
2024-10-25,10:40,12:10,LONG,PM_LONG,20662.25,20637.25,20462.25,22162.25,1,-51.24,no_move,A+,12
2024-10-28,11:00,12:30,SHORT,MOM_SHORT,20560.25,20537.75,20760.25,19060.25,1,43.76,no_move,A+,16
2024-10-28,13:10,14:40,SHORT,ORB_SHORT,20512.0,20520.25,20712.0,19012.0,1,-17.74,no_move,A+,42
2024-10-29,10:00,11:30,LONG,PM_LONG,20532.0,20591.5,20332.0,22032.0,1,117.76,no_move,A+,4
2024-10-29,13:00,14:30,LONG,PM_LONG,20670.5,20698.5,20470.5,22170.5,1,54.76,no_move,A+,1
2024-10-30,10:50,12:20,SHORT,MOM_SHORT,20630.25,20645.5,20830.25,19130.25,1,-31.74,no_move,A+,1
2024-10-30,13:30,15:00,SHORT,VWAP_SHORT,20600.0,20579.25,20800.0,19100.0,1,40.26,no_move,A+,2
2024-10-31,10:15,11:20,SHORT,ORB_SHORT,20187.0,20113.0,20387.0,18687.0,1,146.76,stop,A+,7
2024-11-01,09:50,10:40,LONG,PM_LONG,20152.25,20208.73,19952.25,21652.25,1,111.72,stop,A+,2
2024-11-05,09:45,10:55,LONG,PM_LONG,20249.75,20257.25,20049.75,21749.75,1,13.76,vwap_cross,A+,1
2024-11-05,11:05,12:35,LONG,PM_LONG,20294.5,20349.25,20094.5,21794.5,1,108.26,no_move,A+,13
2024-11-06,10:30,12:00,LONG,PM_LONG,20799.25,20795.5,20599.25,22299.25,1,-8.74,no_move,A+,2
2024-11-07,09:45,15:10,LONG,PM_LONG,21057.5,21236.0,20857.5,22557.5,1,355.76,eod,A+,1
2024-11-11,10:10,11:40,SHORT,ORB_SHORT,21189.0,21203.5,21389.0,19689.0,1,-30.24,no_move,A+,6
2024-11-11,13:00,14:50,SHORT,ORB_SHORT,21131.0,21165.0,21331.0,19631.0,1,-69.24,no_move,A+,1
2024-11-12,09:55,14:20,LONG,PM_LONG,21235.0,21199.0,21035.0,22735.0,1,-73.24,no_move,A+,3
2024-11-13,09:45,10:30,SHORT,ORB_SHORT,21130.5,21129.0,21330.5,19630.5,1,1.76,vwap_cross,A+,1
2024-11-13,10:35,15:10,SHORT,ORB_SHORT,21112.25,21189.0,21312.25,19612.25,1,-154.74,eod,A+,3
2024-11-14,09:50,11:20,SHORT,VWAP_SHORT,21087.5,21112.5,21287.5,19587.5,1,-51.24,no_move,A+,2
2024-11-14,13:55,15:10,SHORT,ORB_SHORT,21027.25,20999.5,21227.25,19527.25,1,54.26,eod,A+,2
2024-11-15,11:45,13:25,SHORT,ORB_SHORT,20534.25,20474.25,20734.25,19034.25,1,118.76,no_move,A+,3
2024-11-18,10:25,11:55,LONG,PM_LONG,20652.25,20662.5,20452.25,22152.25,1,19.26,no_move,A+,1
2024-11-19,11:50,13:20,LONG,PM_LONG,20664.0,20718.0,20464.0,22164.0,1,106.76,no_move,A+,12
2024-11-19,13:35,15:05,LONG,PM_LONG,20751.5,20747.25,20551.5,22251.5,1,-9.74,no_move,A+,1
2024-11-22,09:50,11:35,LONG,PM_LONG,20821.5,20804.0,20621.5,22321.5,1,-36.24,no_move,A+,2
2024-11-26,09:45,12:50,LONG,PM_LONG,21016.5,20978.25,20816.5,22516.5,1,-77.74,no_move,A+,1
2024-11-27,10:50,12:20,SHORT,ORB_SHORT,20752.75,20715.0,20952.75,19252.75,1,74.26,no_move,A+,3
2024-11-29,09:55,11:35,LONG,PM_LONG,20915.5,20975.5,20715.5,22415.5,1,118.76,no_move,A+,1
2024-12-02,10:15,11:50,LONG,PM_LONG,21163.75,21222.75,20963.75,22663.75,1,116.76,no_move,A+,1
2024-12-04,10:00,11:30,LONG,VWAP_LONG,21419.5,21462.0,21219.5,22919.5,2,168.76,no_move,A+,4
2024-12-04,13:50,15:10,LONG,PM_LONG,21484.75,21518.75,21284.75,22984.75,1,66.76,eod,A+,1
2024-12-05,10:45,13:15,SHORT,ORB_SHORT,21501.0,21524.75,21701.0,20001.0,1,-48.74,no_move,A+,13
2024-12-05,13:20,14:50,SHORT,ORB_SHORT,21490.0,21491.25,21690.0,19990.0,1,-3.74,no_move,A+,44
2024-12-06,09:45,11:15,LONG,PM_LONG,21592.0,21604.5,21392.0,23092.0,1,23.76,no_move,A+,1
2024-12-06,13:05,14:35,LONG,PM_LONG,21649.25,21630.75,21449.25,23149.25,1,-38.24,no_move,A+,1
2024-12-09,10:35,11:15,SHORT,ORB_SHORT,21528.5,21487.32,21728.5,20028.5,1,81.12,stop,A+,3
2024-12-10,10:00,15:05,LONG,PM_LONG,21577.5,21377.5,21377.5,23077.5,1,-401.24,stop,A+,1
2024-12-11,11:25,12:55,LONG,PM_LONG,21763.25,21781.25,21563.25,23263.25,1,34.76,no_move,A+,1
2024-12-12,10:05,11:50,SHORT,ORB_SHORT,21650.25,21686.0,21850.25,20150.25,1,-72.74,no_move,A+,1
2024-12-13,09:45,11:00,LONG,PM_LONG,21885.25,21685.25,21685.25,23385.25,2,-801.24,stop,A+,1
2024-12-16,09:50,11:30,LONG,PM_LONG,21967.25,22019.0,21767.25,23467.25,1,102.26,no_move,A+,2
2024-12-23,11:40,13:10,LONG,PM_LONG,21675.0,21719.5,21475.0,23175.0,1,87.76,no_move,A+,1
2024-12-24,10:05,11:50,LONG,PM_LONG,21913.0,21968.5,21713.0,23413.0,2,220.76,no_move,A+,1
2024-12-24,11:55,13:10,LONG,PM_LONG,21962.25,22046.25,21762.25,23462.25,1,166.76,eod_force,A+,13
2024-12-26,09:50,15:10,SHORT,ORB_SHORT,21881.75,22030.25,22081.75,20381.75,1,-298.24,eod,A+,2
2025-01-03,09:45,11:15,LONG,PM_LONG,21364.5,21380.0,21164.5,22864.5,1,29.76,no_move,A+,1
2025-01-06,09:45,11:15,LONG,PM_LONG,21830.5,21877.25,21630.5,23330.5,1,92.26,no_move,A+,1
2025-01-10,10:00,11:30,SHORT,ORB_SHORT,20939.25,20929.0,21139.25,19439.25,2,39.76,no_move,A+,1
2025-01-15,09:45,11:15,LONG,PM_LONG,21344.75,21346.75,21144.75,22844.75,1,2.76,no_move,A+,1
2025-01-16,09:45,11:20,SHORT,ORB_SHORT,21385.0,21403.0,21585.0,19885.0,1,-37.24,no_move,A+,1
2025-01-22,09:45,11:15,LONG,PM_LONG,21987.0,22031.25,21787.0,23487.0,1,87.26,no_move,A+,1
2025-01-22,11:25,12:55,LONG,PM_LONG,22052.25,22056.75,21852.25,23552.25,1,7.76,no_move,A+,1
2025-01-23,11:45,13:15,LONG,PM_LONG,21962.0,21964.0,21762.0,23462.0,1,2.76,no_move,A+,1
2025-01-24,09:45,11:40,LONG,PM_LONG,22063.5,22028.25,21863.5,23563.5,1,-71.74,no_move,A+,1
2025-01-28,10:25,11:55,LONG,PM_LONG,21467.25,21473.0,21267.25,22967.25,1,10.26,no_move,A+,2
2025-01-29,13:00,15:10,SHORT,ORB_SHORT,21384.5,21512.0,21584.5,19884.5,1,-256.24,eod,A+,1
2025-01-30,09:45,10:25,LONG,PM_LONG,21735.75,21535.75,21535.75,23235.75,2,-801.24,stop,A+,1
2025-01-31,09:45,11:25,LONG,PM_LONG,21821.5,21917.5,21621.5,23321.5,1,190.76,rev_exit,A+,1
2025-02-03,10:10,10:25,SHORT,ORB_SHORT,21128.25,21328.25,21328.25,19628.25,2,-801.24,stop,A+,1
2025-02-03,10:30,11:25,LONG,PM_LONG,21369.5,21414.73,21169.5,22869.5,1,89.22,stop,A+,3
2025-02-04,13:05,14:55,LONG,PM_LONG,21586.0,21628.3,21386.0,23086.0,1,83.36,stop,A+,41
2025-02-05,11:50,13:20,LONG,PM_LONG,21702.75,21695.5,21502.75,23202.75,1,-15.74,no_move,A+,2
2025-02-06,09:45,11:15,LONG,PM_LONG,21793.0,21807.25,21593.0,23293.0,2,55.76,no_move,A+,1
2025-02-06,13:10,15:10,LONG,PM_LONG,21816.0,21761.5,21616.0,23316.0,1,-110.24,eod,A+,35
2025-02-10,09:50,11:30,LONG,MOM_LONG,21784.25,21843.5,21584.25,23284.25,1,117.26,no_move,A+,2
2025-02-11,13:30,15:00,LONG,PM_LONG,21803.75,21832.25,21603.75,23303.75,1,55.76,no_move,A+,1
2025-02-13,10:00,11:25,LONG,PM_LONG,21933.5,22002.5,21733.5,23433.5,1,136.76,rev_exit,A+,2
2025-02-13,13:45,15:10,LONG,PM_LONG,21970.5,22079.25,21770.5,23470.5,1,216.26,eod,A+,3
2025-02-14,09:45,10:30,LONG,PM_LONG,22121.75,22122.75,21921.75,23621.75,2,2.76,vwap_cross,A+,1
2025-02-14,10:50,12:20,LONG,PM_LONG,22153.25,22113.5,21953.25,23653.25,1,-80.74,no_move,A+,1
2025-02-14,13:00,14:30,LONG,PM_LONG,22159.5,22172.5,21959.5,23659.5,1,24.76,no_move,A+,3
2025-02-18,09:50,11:05,SHORT,ORB_SHORT,22208.25,22195.0,22408.25,20708.25,1,25.26,vwap_cross,A+,2
2025-02-19,10:00,15:10,SHORT,ORB_SHORT,22144.75,22265.0,22344.75,20644.75,1,-241.74,eod,A+,4
2025-02-20,10:00,11:30,SHORT,ORB_SHORT,22031.75,22049.0,22231.75,20531.75,1,-35.74,no_move,A+,1
2025-02-24,10:10,11:00,SHORT,ORB_SHORT,21570.75,21502.5,21770.75,20070.75,1,135.26,rev_exit,A+,1
2025-02-25,10:10,10:25,SHORT,ORB_SHORT,21140.25,21089.74,21340.25,19640.25,1,99.78,stop,A+,2
2025-02-25,10:35,11:35,SHORT,ORB_SHORT,21118.0,21060.62,21318.0,19618.0,2,228.28,stop,A+,5
2025-02-26,09:45,10:25,LONG,ORB_LONG,21277.25,21319.89,21077.25,22777.25,2,169.32,stop,A+,1
2025-02-26,10:35,12:05,LONG,ORB_LONG,21321.75,21375.0,21121.75,22821.75,1,105.26,no_move,A+,3
2025-02-28,10:10,11:40,LONG,PM_LONG,20692.75,20729.75,20492.75,22192.75,1,72.76,no_move,A+,2
2025-02-28,13:40,15:10,LONG,MOM_LONG,20644.25,20738.5,20444.25,22144.25,1,187.26,eod,A+,1
2025-03-03,10:00,11:30,SHORT,ORB_SHORT,20868.25,20874.5,21068.25,19368.25,1,-13.74,no_move,A+,4
2025-03-03,13:45,14:55,SHORT,ORB_SHORT,20714.25,20665.87,20914.25,19214.25,1,95.52,stop,A+,49
2025-03-04,10:05,10:25,SHORT,ORB_SHORT,20189.0,20138.04,20389.0,18689.0,1,100.68,stop,A+,3
2025-03-05,10:20,11:35,SHORT,MOM_SHORT,20340.25,20289.74,20540.25,18840.25,1,99.78,stop,A+,1
2025-03-05,11:55,12:50,SHORT,VWAP_SHORT,20338.25,20538.25,20538.25,18838.25,1,-401.24,stop,A+,4
2025-03-07,10:40,11:55,SHORT,ORB_SHORT,19947.25,19826.0,20147.25,18447.25,1,540.02,stop,A+,3
2025-03-10,10:05,11:00,SHORT,ORB_SHORT,19702.25,19580.0,19902.25,18202.25,1,243.26,stop,A+,3
2025-03-10,13:10,14:10,SHORT,ORB_SHORT,19500.0,19453.54,19700.0,18000.0,1,91.68,stop,A+,3
2025-03-11,11:05,13:20,LONG,MOM_LONG,19467.75,19267.75,19267.75,20967.75,2,-801.24,stop,A+,1
2025-03-12,11:00,12:05,SHORT,ORB_SHORT,19440.25,19640.25,19640.25,17940.25,1,-401.24,stop,A+,2
2025-03-13,10:00,11:30,SHORT,ORB_SHORT,19400.5,19359.25,19600.5,17900.5,2,163.76,no_move,A+,2
2025-03-13,11:35,13:05,SHORT,ORB_SHORT,19295.75,19262.25,19495.75,17795.75,2,132.76,no_move,A+,1
2025-03-14,09:45,11:15,LONG,PM_LONG,19596.5,19645.75,19396.5,21096.5,1,97.26,no_move,A+,1
2025-03-14,11:45,13:15,LONG,PM_LONG,19670.5,19669.25,19470.5,21170.5,1,-3.74,no_move,A+,1
2025-03-17,09:50,13:30,LONG,PM_LONG,19808.0,19778.75,19608.0,21308.0,1,-59.74,no_move,A+,2
2025-03-17,13:35,15:10,LONG,PM_LONG,19798.75,19920.25,19598.75,21298.75,1,241.76,eod,A+,1
2025-03-18,11:00,14:10,SHORT,ORB_SHORT,19423.75,19457.0,19623.75,17923.75,2,-134.24,no_move,A+,1
2025-03-19,11:50,14:10,LONG,PM_LONG,19720.0,19689.25,19520.0,21220.0,1,-62.74,no_move,A+,1
2025-03-24,09:45,11:15,LONG,PM_LONG,20314.5,20365.75,20114.5,21814.5,2,203.76,no_move,A+,1
2025-03-25,10:25,11:55,LONG,PM_LONG,20453.75,20442.5,20253.75,21953.75,1,-23.74,no_move,A+,1
2025-03-26,09:45,10:25,SHORT,ORB_SHORT,20400.0,20286.0,20600.0,18900.0,1,226.76,stop,A+,1
2025-03-26,11:25,14:10,SHORT,ORB_SHORT,20272.75,20106.5,20472.75,18772.75,1,331.26,stop,A+,2
2025-03-28,10:10,10:40,SHORT,ORB_SHORT,19717.75,19646.5,19917.75,18217.75,2,283.76,stop,A+,3
2025-04-01,09:45,11:35,LONG,PM_LONG,19443.0,19544.0,19243.0,20943.0,1,499.52,stop,A+,1
2025-04-02,10:55,13:35,LONG,PM_LONG,19633.25,19803.75,19433.25,21133.25,1,339.76,rev_exit,A+,1
2025-04-03,10:20,11:10,SHORT,ORB_SHORT,18870.0,18780.25,19070.0,17370.0,1,178.26,stop,A+,3
2025-04-04,10:45,11:00,SHORT,ORB_SHORT,17715.75,17915.75,17915.75,16215.75,2,-801.24,stop,A+,9
2025-04-07,10:50,11:05,LONG,PM_LONG,17738.5,17538.5,17538.5,19238.5,1,-401.24,stop,A+,2
2025-04-07,13:45,14:20,LONG,PM_LONG,17707.5,17730.35,17507.5,19207.5,1,44.46,stop,A+,1
2025-04-08,10:10,11:05,LONG,PM_LONG,18294.25,18094.25,18094.25,19794.25,1,-401.24,stop,A+,1
2025-04-09,11:30,11:45,LONG,PM_LONG,17353.75,17383.0,17153.75,18853.75,1,57.26,vwap_cross,A+,3
2025-04-09,13:05,13:20,LONG,PM_LONG,17569.5,17870.0,17369.5,19069.5,1,599.76,stop,A+,1
2025-04-10,11:25,11:55,SHORT,ORB_SHORT,18467.75,18364.25,18667.75,16967.75,1,205.76,stop,A+,4
2025-04-11,13:00,13:45,LONG,PM_LONG,18740.25,18762.55,18540.25,20240.25,2,87.96,stop,A+,1
2025-04-11,13:50,15:10,LONG,PM_LONG,18848.0,18845.75,18648.0,20348.0,1,-5.74,eod,A+,4
2025-04-15,10:40,12:10,LONG,PM_LONG,19070.0,19056.25,18870.0,20570.0,1,-28.74,no_move,A+,1
2025-04-16,09:50,11:55,SHORT,ORB_SHORT,18554.0,18588.5,18754.0,17054.0,1,-70.24,no_move,A+,2
2025-04-16,13:00,13:50,SHORT,ORB_SHORT,18554.5,18387.25,18754.5,17054.5,1,333.26,stop,A+,1
2025-04-21,10:00,12:30,SHORT,ORB_SHORT,17967.0,17845.5,18167.0,16467.0,1,241.76,stop,A+,2
2025-04-21,13:00,14:30,SHORT,ORB_SHORT,17753.0,17762.75,17953.0,16253.0,2,-40.24,no_move,A+,1
2025-04-22,09:45,11:35,LONG,PM_LONG,18241.75,18326.0,18041.75,19741.75,1,167.26,stop,A+,1
2025-04-22,11:55,12:35,LONG,PM_LONG,18379.0,18466.25,18179.0,19879.0,2,347.76,rev_exit,A+,1
2025-04-23,10:00,10:40,LONG,PM_LONG,19058.75,19106.9,18858.75,20558.75,2,191.36,stop,A+,1
2025-04-23,10:50,11:25,LONG,PM_LONG,19082.0,18882.0,18882.0,20582.0,1,-401.24,stop,A+,2
2025-04-24,13:20,14:55,LONG,PM_LONG,19245.25,19292.5,19045.25,20745.25,1,93.26,no_move,A+,4
2025-04-25,10:25,13:00,SHORT,MOM_SHORT,19271.0,19471.0,19471.0,17771.0,1,-401.24,stop,A+,2
2025-04-25,13:30,15:00,LONG,PM_LONG,19523.5,19521.5,19323.5,21023.5,2,-9.24,no_move,A+,1
2025-04-28,09:45,11:20,LONG,PM_LONG,19586.25,19386.25,19386.25,21086.25,2,-801.24,stop,A+,1
2025-04-30,10:00,11:00,SHORT,VWAP_SHORT,19168.5,19368.5,19368.5,17668.5,2,-801.24,stop,A+,2
2025-05-01,10:35,11:30,LONG,PM_LONG,20028.0,20071.76,19828.0,21528.0,2,173.8,stop,A+,1
2025-05-06,09:50,12:10,SHORT,ORB_SHORT,19754.0,19954.0,19954.0,18254.0,2,-801.24,stop,A+,2
2025-05-07,10:50,12:20,SHORT,ORB_SHORT,19849.25,19817.0,20049.25,18349.25,1,63.26,no_move,A+,1
2025-05-07,13:50,14:20,SHORT,ORB_SHORT,19828.5,19738.5,20028.5,18328.5,1,178.76,stop,A+,1
2025-05-08,11:20,11:55,LONG,VWAP_LONG,20150.75,20256.75,19950.75,21650.75,1,210.76,stop,A+,20
2025-05-09,10:05,10:35,LONG,PM_LONG,20262.75,20062.75,20062.75,21762.75,1,-401.24,stop,A+,2
2025-05-13,10:45,13:55,LONG,PM_LONG,21207.25,21296.5,21007.25,22707.25,1,177.26,rev_exit,A+,13
2025-05-15,09:45,12:35,SHORT,ORB_SHORT,21268.75,21468.75,21468.75,19768.75,1,-401.24,stop,A+,1
2025-05-19,11:40,13:50,LONG,PM_LONG,21448.0,21504.5,21248.0,22948.0,1,111.76,no_move,A+,2
2025-05-20,09:45,11:20,SHORT,ORB_SHORT,21374.5,21408.5,21574.5,19874.5,1,-69.24,no_move,A+,1
2025-05-21,10:55,12:55,LONG,PM_LONG,21456.0,21515.0,21256.0,22956.0,1,116.76,no_move,A+,3
2025-05-27,10:00,11:30,LONG,PM_LONG,21333.25,21389.75,21133.25,22833.25,2,224.76,no_move,A+,1
2025-05-27,13:55,15:10,LONG,PM_LONG,21476.5,21434.75,21276.5,22976.5,1,-84.74,eod,A+,1
2025-05-28,10:20,11:50,SHORT,ORB_SHORT,21467.25,21457.25,21667.25,19967.25,1,18.76,no_move,A+,8
2025-05-29,09:45,10:15,SHORT,ORB_SHORT,21491.75,21448.44,21691.75,19991.75,1,85.38,stop,A+,1
2025-05-30,09:45,11:15,SHORT,ORB_SHORT,21289.75,21323.0,21489.75,19789.75,1,-67.74,no_move,A+,1
2025-05-30,11:40,12:35,SHORT,VWAP_SHORT,21301.75,21114.0,21501.75,19801.75,1,374.26,stop,A+,24
2025-05-30,13:00,15:00,SHORT,ORB_SHORT,21136.75,21336.75,21336.75,19636.75,1,-401.24,stop,A+,1
2025-06-02,10:20,11:30,LONG,PM_LONG,21351.25,21358.5,21151.25,22851.25,1,13.26,vwap_cross,A+,1
2025-06-02,11:50,13:20,LONG,PM_LONG,21438.0,21454.25,21238.0,22938.0,1,31.26,no_move,A+,1
2025-06-03,09:45,14:00,LONG,PM_LONG,21579.25,21699.75,21379.25,23079.25,1,239.76,stop,A+,1
2025-06-04,09:45,11:15,LONG,PM_LONG,21775.75,21769.5,21575.75,23275.75,1,-13.74,no_move,A+,1
2025-06-05,10:45,12:05,LONG,VWAP_LONG,21811.75,21890.5,21611.75,23311.75,1,156.26,rev_exit,A+,8
2025-06-06,09:45,11:50,LONG,PM_LONG,21857.75,21820.25,21657.75,23357.75,1,-76.24,no_move,A+,1
2025-06-09,10:10,11:40,LONG,PM_LONG,21849.75,21831.5,21649.75,23349.75,1,-37.74,no_move,A+,1
2025-06-09,13:15,14:45,LONG,PM_LONG,21844.5,21863.25,21644.5,23344.5,1,36.26,no_move,A+,4
2025-06-12,10:05,11:35,LONG,PM_LONG,21891.0,21915.0,21691.0,23391.0,1,46.76,no_move,A+,1
2025-06-16,09:45,11:55,LONG,PM_LONG,21881.25,21933.11,21681.25,23381.25,1,102.48,stop,A+,1
2025-06-16,13:25,14:55,LONG,PM_LONG,21970.25,21940.25,21770.25,23470.25,1,-61.24,no_move,A+,1
2025-06-17,10:10,11:40,LONG,PM_LONG,21896.5,21893.25,21696.5,23396.5,1,-7.74,no_move,A+,1
2025-06-18,10:00,11:30,LONG,PM_LONG,21800.5,21832.5,21600.5,23300.5,1,62.76,no_move,A+,4
2025-06-23,10:00,11:30,LONG,PM_LONG,21956.75,21961.0,21756.75,23456.75,1,7.26,no_move,A+,1
2025-06-23,13:05,14:50,LONG,PM_LONG,21910.5,22030.0,21710.5,23410.5,1,237.76,stop,A+,1
2025-06-24,09:45,11:15,LONG,PM_LONG,22314.0,22350.0,22114.0,23814.0,1,70.76,no_move,A+,1
2025-06-24,13:40,15:10,LONG,PM_LONG,22412.0,22433.75,22212.0,23912.0,1,42.26,no_move,A+,1
2025-06-25,09:45,15:10,LONG,PM_LONG,22514.5,22452.5,22314.5,24014.5,1,-125.24,eod,A+,1
2025-06-26,10:00,11:30,LONG,MOM_LONG,22564.0,22581.0,22364.0,24064.0,1,32.76,no_move,A+,4
2025-06-27,09:55,11:25,LONG,ORB_LONG,22764.5,22792.5,22564.5,24264.5,2,110.76,no_move,A+,1
2025-06-30,09:45,11:15,SHORT,ORB_SHORT,22800.25,22808.25,23000.25,21300.25,1,-17.24,no_move,A+,1
2025-07-01,10:35,11:20,SHORT,ORB_SHORT,22724.0,22653.75,22924.0,21224.0,1,139.26,stop,A+,3
2025-07-02,09:45,11:25,LONG,PM_LONG,22710.5,22803.5,22510.5,24210.5,1,184.76,rev_exit,A+,1
2025-07-03,09:45,12:50,LONG,PM_LONG,22967.25,23041.25,22767.25,24467.25,1,146.76,stop,A+,1
2025-07-07,11:00,12:30,SHORT,VWAP_SHORT,22900.5,22911.25,23100.5,21400.5,1,-22.74,no_move,A+,3
2025-07-08,10:40,12:10,LONG,VWAP_LONG,22928.0,22919.5,22728.0,24428.0,1,-18.24,no_move,A+,12
2025-07-09,10:25,14:05,LONG,PM_LONG,23048.75,23009.0,22848.75,24548.75,1,-80.74,no_move,A+,9
2025-07-11,10:05,11:35,LONG,PM_LONG,22951.25,22979.5,22751.25,24451.25,1,55.26,no_move,A+,3
2025-07-11,11:40,13:10,LONG,PM_LONG,22999.75,23008.0,22799.75,24499.75,1,15.26,no_move,A+,1
2025-07-14,11:00,12:30,LONG,PM_LONG,23008.5,23009.25,22808.5,24508.5,1,0.26,no_move,A+,2
2025-07-14,13:45,15:10,LONG,PM_LONG,23050.0,23046.25,22850.0,24550.0,1,-8.74,eod,A+,6
2025-07-15,10:30,12:00,LONG,VWAP_LONG,23166.5,23158.0,22966.5,24666.5,2,-35.24,no_move,A+,10
2025-07-16,10:30,12:00,LONG,VWAP_LONG,23014.25,22980.5,22814.25,24514.25,1,-68.74,no_move,A+,5
2025-07-17,10:00,11:30,LONG,PM_LONG,23172.25,23219.75,22972.25,24672.25,1,93.76,no_move,A+,2
2025-07-17,11:40,13:10,LONG,PM_LONG,23239.0,23259.0,23039.0,24739.0,1,38.76,no_move,A+,1
2025-07-21,09:45,11:15,LONG,PM_LONG,23378.5,23385.0,23178.5,24878.5,1,11.76,no_move,A+,1
2025-07-23,13:50,15:10,LONG,VWAP_LONG,23256.0,23290.0,23056.0,24756.0,1,66.76,eod,A+,44
2025-07-24,13:10,14:40,LONG,PM_LONG,23411.5,23403.0,23211.5,24911.5,1,-18.24,no_move,A+,1
2025-07-29,11:30,13:00,SHORT,ORB_SHORT,23486.5,23510.25,23686.5,21986.5,1,-48.74,no_move,A+,22
2025-07-29,13:35,15:05,SHORT,ORB_SHORT,23489.25,23480.5,23689.25,21989.25,1,16.26,no_move,A+,47
2025-07-30,10:20,11:50,LONG,PM_LONG,23515.5,23512.25,23315.5,25015.5,1,-7.74,no_move,A+,8
2025-08-01,13:00,14:30,SHORT,ORB_SHORT,22868.75,22902.25,23068.75,21368.75,2,-135.24,no_move,A+,3
2025-08-04,10:45,12:15,LONG,PM_LONG,23248.25,23268.0,23048.25,24748.25,2,77.76,no_move,A+,13
2025-08-05,09:45,10:40,LONG,ORB_LONG,23381.5,23181.5,23181.5,24881.5,2,-801.24,stop,A+,1
2025-08-06,09:45,15:10,LONG,PM_LONG,23217.75,23416.75,23017.75,24717.75,1,396.76,eod,A+,1
2025-08-07,09:55,12:40,LONG,PM_LONG,23654.5,23454.5,23454.5,25154.5,2,-801.24,stop,A+,1
2025-08-08,10:10,11:40,LONG,PM_LONG,23640.0,23620.5,23440.0,25140.0,1,-40.24,no_move,A+,1
2025-08-11,10:10,11:40,LONG,PM_LONG,23746.25,23729.0,23546.25,25246.25,1,-35.74,no_move,A+,6
2025-08-14,10:55,12:45,LONG,ORB_LONG,23955.75,23917.25,23755.75,25455.75,1,-78.24,no_move,A+,1
2025-08-15,11:40,15:10,SHORT,ORB_SHORT,23741.75,23807.75,23941.75,22241.75,1,-133.24,eod,A+,2
2025-08-19,09:45,11:15,SHORT,ORB_SHORT,23650.5,23571.25,23850.5,22150.5,1,157.26,rev_exit,A+,1
2025-08-19,13:15,14:45,SHORT,ORB_SHORT,23456.0,23447.0,23656.0,21956.0,1,16.76,no_move,A+,1
2025-08-22,10:00,10:20,LONG,PM_LONG,23486.5,23573.5,23286.5,24986.5,1,172.76,stop,A+,1
2025-08-22,10:25,11:45,LONG,PM_LONG,23554.25,23597.34,23354.25,25054.25,2,171.12,stop,A+,1
2025-08-22,13:10,14:40,LONG,PM_LONG,23579.0,23595.25,23379.0,25079.0,1,31.26,no_move,A+,1
2025-08-25,11:50,13:20,LONG,PM_LONG,23604.75,23587.25,23404.75,25104.75,1,-36.24,no_move,A+,1
2025-08-26,09:45,13:50,SHORT,ORB_SHORT,23443.5,23483.25,23643.5,21943.5,1,-80.74,no_move,A+,1
2025-08-27,09:45,15:10,SHORT,ORB_SHORT,23499.75,23568.25,23699.75,21999.75,1,-138.24,eod,A+,1
2025-08-28,11:15,12:45,LONG,PM_LONG,23733.5,23750.75,23533.5,25233.5,1,33.26,no_move,A+,1
2025-08-29,13:00,14:30,SHORT,ORB_SHORT,23432.25,23459.75,23632.25,21932.25,1,-56.24,no_move,A+,1
2025-09-03,10:00,11:30,LONG,MOM_LONG,23436.25,23415.25,23236.25,24936.25,2,-85.24,no_move,A+,4
2025-09-03,13:10,15:10,LONG,ORB_LONG,23445.25,23336.25,23245.25,24945.25,1,-219.24,eod,A+,29
2025-09-04,13:50,15:10,LONG,PM_LONG,23599.25,23636.5,23399.25,25099.25,1,73.26,eod,A+,1
2025-09-08,09:45,11:15,LONG,PM_LONG,23849.25,23849.5,23649.25,25349.25,1,-0.74,no_move,A+,1
2025-09-09,10:00,11:30,SHORT,ORB_SHORT,23795.5,23774.0,23995.5,22295.5,1,41.76,no_move,A+,4
2025-09-11,10:50,12:20,LONG,PM_LONG,23991.25,24032.0,23791.25,25491.25,1,80.26,no_move,A+,14
2025-09-12,10:15,11:45,LONG,PM_LONG,24054.0,24080.5,23854.0,25554.0,1,51.76,no_move,A+,7
2025-09-12,13:55,15:10,LONG,PM_LONG,24124.0,24138.75,23924.0,25624.0,1,28.26,eod,A+,1
2025-09-15,10:10,11:40,LONG,PM_LONG,24247.25,24261.0,24047.25,25747.25,1,26.26,no_move,A+,2
2025-09-15,11:45,13:15,LONG,PM_LONG,24277.5,24259.75,24077.5,25777.5,1,-36.74,no_move,A+,2
2025-09-18,09:55,10:50,LONG,MOM_LONG,24453.0,24502.5,24253.0,25953.0,1,97.76,stop,A+,3
2025-09-18,11:50,13:20,LONG,ORB_LONG,24496.75,24527.75,24296.75,25996.75,2,122.76,no_move,A+,6
2025-09-22,09:45,11:15,LONG,PM_LONG,24857.75,24907.5,24657.75,26357.75,1,98.26,no_move,A+,1
2025-09-22,13:15,14:45,LONG,PM_LONG,24976.0,25009.75,24776.0,26476.0,1,66.26,no_move,A+,9
2025-09-23,10:10,11:40,SHORT,VWAP_SHORT,24958.0,24949.5,25158.0,23458.0,1,15.76,no_move,A+,6
2025-09-23,13:00,13:45,SHORT,ORB_SHORT,24914.5,24839.25,25114.5,23414.5,1,149.26,stop,A+,2
2025-09-23,13:50,15:10,SHORT,ORB_SHORT,24816.0,24804.0,25016.0,23316.0,1,22.76,eod,A+,2
2025-09-24,09:50,11:20,SHORT,ORB_SHORT,24802.25,24805.75,25002.25,23302.25,1,-8.24,no_move,A+,2
2025-09-24,11:30,12:20,SHORT,ORB_SHORT,24769.5,24688.0,24969.5,23269.5,1,161.76,stop,A+,22
2025-09-25,09:45,11:40,SHORT,VWAP_SHORT,24485.5,24685.5,24685.5,22985.5,2,-801.24,stop,A+,1
2025-09-25,13:55,15:10,SHORT,VWAP_SHORT,24517.25,24616.0,24717.25,23017.25,1,-198.74,eod,A+,1
2025-09-26,09:45,12:20,LONG,OPEN_LONG,24699.5,24669.5,24499.5,26199.5,2,-121.24,no_move,A+,1
2025-09-29,09:45,15:10,LONG,PM_LONG,24947.25,24809.5,24747.25,26447.25,2,-552.24,eod,A+,1
2025-10-01,09:45,11:55,SHORT,ORB_SHORT,24737.0,24937.0,24937.0,23237.0,1,-401.24,stop,A+,1
2025-10-01,13:00,14:30,LONG,PM_LONG,24971.25,25020.75,24771.25,26471.25,1,97.76,no_move,A+,1
2025-10-06,11:45,13:15,LONG,VWAP_LONG,25202.25,25199.75,25002.25,26702.25,1,-6.24,no_move,A+,25
2025-10-06,13:20,14:50,LONG,PM_LONG,25224.75,25242.0,25024.75,26724.75,1,33.26,no_move,A+,44
2025-10-07,11:00,11:10,SHORT,ORB_SHORT,25144.75,25103.8,25344.75,23644.75,1,80.66,stop,A+,1
2025-10-07,11:15,11:40,SHORT,ORB_SHORT,25098.75,25056.79,25298.75,23598.75,1,82.68,stop,A+,2
2025-10-08,11:25,12:55,LONG,PM_LONG,25236.75,25251.25,25036.75,26736.75,1,27.76,no_move,A+,1
2025-10-09,13:30,15:10,SHORT,ORB_SHORT,25175.0,25248.0,25375.0,23675.0,1,-147.24,eod,A+,5
2025-10-10,09:45,10:55,LONG,PM_LONG,25355.25,25155.25,25155.25,26855.25,1,-401.24,stop,A+,1
2025-10-10,13:15,14:45,SHORT,ORB_SHORT,24650.5,24616.75,24850.5,23150.5,1,66.26,no_move,A+,3
2025-10-15,10:00,11:30,LONG,PM_LONG,25038.5,25014.25,24838.5,26538.5,1,-49.74,no_move,A+,4
2025-10-16,10:25,10:50,LONG,VWAP_LONG,25081.5,25125.71,24881.5,26581.5,1,87.18,stop,A+,1
2025-10-16,13:00,14:20,SHORT,ORB_SHORT,24860.75,24721.0,25060.75,23360.75,1,278.26,stop,A+,3
2025-10-17,10:00,10:20,LONG,PM_LONG,24848.75,24899.15,24648.75,26348.75,1,99.56,stop,A+,2
2025-10-20,09:45,12:10,LONG,PM_LONG,25220.0,25300.5,25020.0,26720.0,2,320.76,rev_exit,A+,1
2025-10-21,09:50,10:35,SHORT,VWAP_SHORT,25254.0,25250.25,25454.0,23754.0,1,6.26,vwap_cross,A+,2
2025-10-22,11:30,12:35,SHORT,ORB_SHORT,25031.75,24926.25,25231.75,23531.75,1,209.76,stop,A+,3
2025-10-22,13:25,13:55,SHORT,ORB_SHORT,24910.25,24863.0,25110.25,23410.25,1,93.26,stop,A+,4
2025-10-23,10:00,11:30,LONG,PM_LONG,25156.75,25188.5,24956.75,26656.75,1,62.26,no_move,A+,1
2025-10-23,11:50,13:20,LONG,PM_LONG,25196.5,25220.5,24996.5,26696.5,1,46.76,no_move,A+,1
2025-10-23,13:35,15:05,LONG,PM_LONG,25268.75,25268.25,25068.75,26768.75,2,-3.24,no_move,A+,1
2025-10-24,10:05,11:35,LONG,PM_LONG,25532.25,25534.25,25332.25,27032.25,1,2.76,no_move,A+,1
2025-10-27,09:50,11:20,LONG,VWAP_LONG,25840.75,25892.0,25640.75,27340.75,1,101.26,no_move,A+,2
2025-10-27,13:40,15:10,LONG,PM_LONG,25923.75,25933.0,25723.75,27423.75,2,35.76,no_move,A+,1
2025-10-28,09:55,11:25,LONG,PM_LONG,26064.5,26045.0,25864.5,27564.5,2,-79.24,no_move,A+,3
2025-10-28,13:10,14:40,LONG,PM_LONG,26131.25,26184.75,25931.25,27631.25,2,212.76,no_move,A+,1
2025-10-29,10:00,12:25,LONG,PM_LONG,26287.75,26249.25,26087.75,27787.75,1,-78.24,no_move,A+,4
2025-10-31,10:05,11:35,SHORT,ORB_SHORT,26094.75,26098.75,26294.75,24594.75,1,-9.24,no_move,A+,5
2025-10-31,11:45,12:25,SHORT,ORB_SHORT,26072.75,26019.99,26272.75,24572.75,1,104.28,stop,A+,25
2025-10-31,13:30,15:10,SHORT,ORB_SHORT,25919.0,26032.5,26119.0,24419.0,1,-228.24,eod,A+,46
2025-11-04,10:50,12:25,SHORT,MOM_SHORT,25806.25,25702.25,26006.25,24306.25,1,206.76,stop,A+,1
2025-11-04,13:15,14:45,SHORT,ORB_SHORT,25622.5,25582.25,25822.5,24122.5,2,159.76,no_move,A+,1
2025-11-06,10:45,12:00,SHORT,ORB_SHORT,25339.0,25261.5,25539.0,23839.0,2,308.76,stop,A+,3
2025-11-07,09:45,10:50,SHORT,VWAP_SHORT,24935.75,24894.13,25135.75,23435.75,1,82.0,stop,A+,1
2025-11-07,11:00,12:10,SHORT,ORB_SHORT,24844.5,24769.0,25044.5,23344.5,1,149.76,stop,A+,1
2025-11-10,09:45,12:35,LONG,PM_LONG,25616.5,25586.0,25416.5,27116.5,2,-123.24,no_move,A+,1
2025-11-11,09:50,11:20,SHORT,ORB_SHORT,25575.5,25581.5,25775.5,24075.5,1,-13.24,no_move,A+,2
2025-11-12,11:10,15:10,SHORT,ORB_SHORT,25511.25,25562.0,25711.25,24011.25,1,-102.74,eod,A+,1
2025-11-13,10:45,12:15,SHORT,ORB_SHORT,25240.75,25195.75,25440.75,23740.75,2,178.76,no_move,A+,5
2025-11-13,13:10,14:20,SHORT,ORB_SHORT,25153.5,25076.75,25353.5,23653.5,1,152.26,rev_exit,A+,1
2025-11-14,11:45,13:50,LONG,PM_LONG,25222.25,25186.75,25022.25,26722.25,1,-72.24,no_move,A+,14
2025-11-18,10:50,11:05,SHORT,ORB_SHORT,24493.5,24470.8,24693.5,22993.5,1,44.16,stop,A+,1
2025-11-18,11:10,12:40,SHORT,ORB_SHORT,24531.0,24731.0,24731.0,23031.0,2,-801.24,stop,A+,2
2025-11-20,10:20,11:10,LONG,ORB_LONG,25249.75,25049.75,25049.75,26749.75,1,-401.24,stop,A+,4
2025-11-21,10:10,10:40,SHORT,ORB_SHORT,24103.25,23987.25,24303.25,22603.25,1,230.76,stop,A+,3
2025-11-21,13:45,15:10,LONG,PM_LONG,24510.75,24477.5,24310.75,26010.75,1,-67.74,eod,A+,1
2025-11-26,09:45,11:15,LONG,PM_LONG,25262.0,25308.0,25062.0,26762.0,2,182.76,no_move,A+,1
2025-11-26,13:20,14:50,LONG,PM_LONG,25340.5,25327.0,25140.5,26840.5,2,-55.24,no_move,A+,24
2025-11-28,10:20,11:25,LONG,VWAP_LONG,25382.5,25389.0,25182.5,26882.5,1,11.76,vwap_cross,A+,8
2025-11-28,11:45,13:10,LONG,VWAP_LONG,25412.0,25484.75,25212.0,26912.0,1,144.26,eod_force,A+,2
2025-12-02,09:45,11:05,LONG,PM_LONG,25583.75,25593.0,25383.75,27083.75,1,17.26,vwap_cross,A+,1
2025-12-09,11:30,13:00,LONG,PM_LONG,25707.5,25722.25,25507.5,27207.5,1,28.26,no_move,A+,1
2025-12-09,13:50,15:10,LONG,PM_LONG,25731.0,25701.25,25531.0,27231.0,1,-60.74,eod,A+,1
2025-12-10,11:00,14:30,SHORT,ORB_SHORT,25551.5,25751.5,25751.5,24051.5,1,-401.24,stop,A+,3
2025-12-11,10:00,11:50,SHORT,ORB_SHORT,25454.5,25491.75,25654.5,23954.5,1,-75.74,no_move,A+,1
2025-12-12,09:45,10:10,SHORT,ORB_SHORT,25507.25,25463.6,25707.25,24007.25,1,86.06,stop,A+,1
2025-12-12,10:20,11:00,SHORT,ORB_SHORT,25381.0,25273.5,25581.0,23881.0,1,213.76,stop,A+,5
2025-12-12,11:10,14:20,SHORT,ORB_SHORT,25194.25,25234.25,25394.25,23694.25,2,-161.24,no_move,A+,1
2025-12-16,10:00,11:55,LONG,ORB_LONG,25112.75,25093.0,24912.75,26612.75,1,-40.74,no_move,A+,2
2025-12-17,10:45,11:00,SHORT,ORB_SHORT,24901.25,24858.39,25101.25,23401.25,1,84.48,stop,A+,3
2025-12-17,11:05,11:20,SHORT,ORB_SHORT,24874.5,24832.09,25074.5,23374.5,1,83.58,stop,A+,7
2025-12-18,10:25,12:00,LONG,PM_LONG,25090.5,25117.75,24890.5,26590.5,1,53.26,no_move,A+,1
2025-12-24,10:10,11:40,LONG,ORB_LONG,25827.75,25881.0,25627.75,27327.75,1,105.26,no_move,A+,6
2025-12-29,10:10,11:40,SHORT,VWAP_SHORT,25677.5,25689.75,25877.5,24177.5,1,-25.74,no_move,A+,3
2025-12-30,09:45,11:15,LONG,PM_LONG,25736.25,25766.75,25536.25,27236.25,1,59.76,no_move,A+,1
2025-12-31,09:45,11:15,SHORT,ORB_SHORT,25604.25,25577.5,25804.25,24104.25,1,52.26,no_move,A+,1
2026-01-02,09:45,10:15,LONG,PM_LONG,25755.0,25555.0,25555.0,27255.0,1,-401.24,stop,A+,1
2026-01-06,09:45,11:15,LONG,PM_LONG,25710.0,25681.5,25510.0,27210.0,1,-58.24,no_move,A+,1
2026-01-07,09:45,11:20,LONG,PM_LONG,25857.5,25903.25,25657.5,27357.5,1,90.26,no_move,A+,1
2026-01-07,11:25,13:15,LONG,PM_LONG,25895.75,25941.76,25695.75,27395.75,1,90.78,stop,A+,8
2026-01-09,10:10,10:40,LONG,OPEN_LONG,25748.0,25819.0,25548.0,27248.0,1,140.76,stop,A+,6
2026-01-09,10:45,11:30,LONG,VWAP_LONG,25772.5,25855.75,25572.5,27272.5,1,165.26,rev_exit,A+,3
2026-01-12,09:50,11:20,LONG,PM_LONG,25893.5,25944.25,25693.5,27393.5,1,100.26,no_move,A+,2
2026-01-12,11:45,13:15,LONG,PM_LONG,25942.0,25982.5,25742.0,27442.0,1,79.76,no_move,A+,1
2026-01-14,10:00,11:30,SHORT,ORB_SHORT,25556.25,25562.75,25756.25,24056.25,1,-14.24,no_move,A+,1
2026-01-14,11:50,13:20,SHORT,ORB_SHORT,25451.0,25477.75,25651.0,23951.0,1,-54.74,no_move,A+,2
2026-01-14,13:30,15:10,SHORT,ORB_SHORT,25447.0,25553.5,25647.0,23947.0,1,-214.24,eod,A+,1
2026-01-15,09:50,11:20,LONG,VWAP_LONG,25907.0,25921.5,25707.0,27407.0,1,27.76,no_move,A+,2
2026-01-21,10:15,11:30,LONG,PM_LONG,25348.0,25436.5,25148.0,26848.0,1,175.76,stop,A+,2
2026-01-26,10:25,12:45,LONG,PM_LONG,25846.0,25891.75,25646.0,27346.0,2,181.76,no_move,A+,1
2026-01-26,13:30,15:00,LONG,PM_LONG,25922.75,25886.25,25722.75,27422.75,2,-147.24,no_move,A+,1
2026-01-27,09:50,11:25,LONG,PM_LONG,26037.5,26090.25,25837.5,27537.5,2,209.76,no_move,A+,2
2026-01-28,09:50,15:10,LONG,PM_LONG,26289.25,26197.5,26089.25,27789.25,1,-184.74,eod,A+,2
2026-01-30,10:05,12:05,LONG,PM_LONG,25888.75,25688.75,25688.75,27388.75,1,-401.24,stop,A+,5
2026-01-30,13:30,15:05,SHORT,ORB_SHORT,25605.75,25638.5,25805.75,24105.75,1,-66.74,no_move,A+,4
2026-02-04,11:05,11:55,SHORT,ORB_SHORT,25066.0,24988.0,25266.0,23566.0,1,154.76,stop,A+,3
2026-02-05,10:50,11:30,SHORT,ORB_SHORT,24597.5,24797.5,24797.5,23097.5,1,-401.24,stop,A+,5
2026-02-06,10:55,15:10,LONG,PM_LONG,24895.75,25096.5,24695.75,26395.75,1,400.26,eod,A+,2
2026-02-09,13:30,15:00,LONG,PM_LONG,25364.75,25403.0,25164.75,26864.75,1,75.26,no_move,A+,31
2026-02-10,10:05,15:10,LONG,PM_LONG,25435.25,25251.25,25235.25,26935.25,1,-369.24,eod,A+,1
2026-02-12,10:35,11:30,SHORT,ORB_SHORT,25134.75,24846.5,25334.75,23634.75,1,575.26,stop,A+,2
2026-02-12,11:45,13:20,SHORT,ORB_SHORT,24872.0,24853.75,25072.0,23372.0,1,35.26,no_move,A+,10
2026-02-13,10:50,12:55,LONG,ORB_LONG,24816.75,24938.25,24616.75,26316.75,1,241.76,rev_exit,A+,1
2026-02-17,11:05,12:35,LONG,PM_LONG,24728.0,24719.25,24528.0,26228.0,1,-18.74,no_move,A+,1
2026-02-17,13:20,14:50,LONG,PM_LONG,24766.0,24834.5,24566.0,26266.0,2,272.76,rev_exit,A+,1
2026-02-18,10:00,11:50,LONG,PM_LONG,25016.5,25073.0,24816.5,26516.5,1,111.76,no_move,A+,2
2026-02-20,10:45,13:40,LONG,PM_LONG,25075.25,25070.5,24875.25,26575.25,1,-10.74,no_move,A+,4
2026-02-20,13:45,15:10,LONG,PM_LONG,25084.25,25067.0,24884.25,26584.25,1,-35.74,eod,A+,4
2026-02-23,10:50,11:20,SHORT,ORB_SHORT,24775.5,24727.01,24975.5,23275.5,1,95.74,stop,A+,1
2026-02-23,13:55,15:10,SHORT,ORB_SHORT,24727.25,24685.25,24927.25,23227.25,1,82.76,eod,A+,1
2026-02-25,10:15,11:45,LONG,PM_LONG,25297.75,25323.5,25097.75,26797.75,2,101.76,no_move,A+,7
2026-02-26,10:35,12:05,SHORT,ORB_SHORT,24975.5,24989.5,25175.5,23475.5,2,-57.24,no_move,A+,11
2026-03-02,10:45,12:30,LONG,PM_LONG,24924.75,25029.75,24724.75,26424.75,1,208.76,rev_exit,A+,1
2026-03-03,09:55,10:30,SHORT,ORB_SHORT,24489.75,24410.75,24689.75,22989.75,1,156.76,stop,A+,1
2026-03-03,10:35,11:25,SHORT,ORB_SHORT,24438.5,24638.5,24638.5,22938.5,1,-401.24,stop,A+,1
2026-03-04,10:00,10:35,LONG,PM_LONG,24930.5,25112.75,24730.5,26430.5,1,662.02,stop,A+,1
2026-03-04,10:40,11:05,LONG,PM_LONG,25061.75,25105.18,24861.75,26561.75,1,85.62,stop,A+,1
2026-03-04,13:30,15:00,LONG,PM_LONG,25185.25,25190.75,24985.25,26685.25,1,9.76,no_move,A+,1
2026-03-05,10:00,10:30,LONG,PM_LONG,25171.0,24971.0,24971.0,26671.0,1,-401.24,stop,A+,2
2026-03-05,10:35,11:20,SHORT,VWAP_SHORT,25042.5,24997.05,25242.5,23542.5,1,89.66,stop,A+,4
2026-03-09,10:00,12:10,LONG,PM_LONG,24467.75,24644.75,24267.75,25967.75,1,352.76,stop,A+,1
2026-03-10,09:45,11:10,LONG,PM_LONG,25046.0,25122.0,24846.0,26546.0,1,150.76,stop,A+,1
2026-03-10,13:15,14:20,LONG,PM_LONG,25198.0,24998.0,24998.0,26698.0,2,-801.24,stop,A+,1
2026-03-11,10:25,11:50,SHORT,ORB_SHORT,25027.75,24952.0,25227.75,23527.75,1,150.26,stop,A+,3
2026-03-11,13:40,15:10,SHORT,ORB_SHORT,24934.5,24921.5,25134.5,23434.5,1,24.76,no_move,A+,2
2026-03-12,10:30,12:05,SHORT,ORB_SHORT,24605.5,24597.0,24805.5,23105.5,2,32.76,no_move,A+,3
2026-03-16,09:45,11:15,LONG,PM_LONG,24713.75,24709.75,24513.75,26213.75,1,-9.24,no_move,A+,1
2026-03-17,10:00,13:00,LONG,PM_LONG,25067.0,25031.75,24867.0,26567.0,2,-142.24,no_move,A+,4
2026-03-17,13:50,15:10,LONG,PM_LONG,25039.0,25004.75,24839.0,26539.0,1,-69.74,eod,A+,1
2026-03-20,10:05,11:35,SHORT,ORB_SHORT,24293.25,24278.0,24493.25,22793.25,1,29.26,no_move,A+,3
2026-03-23,10:00,10:25,LONG,VWAP_LONG,24551.25,24630.0,24351.25,26051.25,1,156.26,stop,A+,2
2026-03-23,10:45,11:50,LONG,ORB_LONG,24630.75,24430.75,24430.75,26130.75,1,-401.24,stop,A+,3
2026-03-24,09:45,11:20,SHORT,VWAP_SHORT,24155.5,24355.5,24355.5,22655.5,1,-401.24,stop,A+,1
2026-03-24,13:05,15:10,SHORT,MOM_SHORT,24193.5,24315.5,24393.5,22693.5,1,-245.24,eod,A+,1
2026-03-25,10:25,12:35,LONG,VWAP_LONG,24480.5,24441.75,24280.5,25980.5,1,-78.74,no_move,A+,1
2026-03-25,13:40,15:10,LONG,VWAP_LONG,24468.5,24351.5,24268.5,25968.5,1,-235.24,eod,A+,1
2026-03-26,10:55,14:00,SHORT,VWAP_SHORT,24102.5,23886.5,24302.5,22602.5,1,729.52,stop,A+,3
2026-03-27,10:00,11:40,SHORT,ORB_SHORT,23509.0,23542.25,23709.0,22009.0,1,-67.74,no_move,A+,2
2026-03-27,13:00,14:15,SHORT,ORB_SHORT,23460.75,23368.5,23660.75,21960.75,1,183.26,rev_exit,A+,1
2026-03-31,10:20,12:05,LONG,PM_LONG,23558.5,23523.5,23358.5,25058.5,1,-71.24,no_move,A+,4
2026-03-31,13:05,13:25,LONG,PM_LONG,23774.25,23820.6,23574.25,25274.25,2,184.16,stop,A+,1
2026-03-31,13:30,15:00,LONG,PM_LONG,23858.5,23869.25,23658.5,25358.5,1,20.26,no_move,A+,2
2026-04-01,10:00,10:40,LONG,MOM_LONG,24147.5,24191.04,23947.5,25647.5,1,85.84,stop,A+,1
2026-04-01,10:45,13:55,LONG,ORB_LONG,24234.75,24286.16,24034.75,25734.75,1,101.58,stop,A+,3
2026-04-06,10:10,11:50,LONG,PM_LONG,24354.75,24325.25,24154.75,25854.75,2,-119.24,no_move,A+,6
2026-04-07,10:00,11:10,SHORT,ORB_SHORT,24079.5,24001.5,24279.5,22579.5,1,154.76,stop,A+,2
2026-04-07,11:15,13:35,SHORT,ORB_SHORT,24048.0,24248.0,24248.0,22548.0,1,-401.24,stop,A+,1
2026-04-09,10:55,11:35,LONG,MOM_LONG,25040.5,25091.91,24840.5,26540.5,1,101.58,stop,A+,15
2026-04-10,10:30,15:10,LONG,VWAP_LONG,25355.25,25293.5,25155.25,26855.25,1,-124.74,eod,A+,1
2026-04-13,09:45,11:15,LONG,PM_LONG,25271.0,25317.75,25071.0,26771.0,1,92.26,no_move,A+,1
2026-04-14,09:45,14:15,LONG,PM_LONG,25746.75,25934.25,25546.75,27246.75,1,373.76,stop,A+,1
2026-04-15,09:45,12:25,LONG,PM_LONG,26037.5,26217.75,25837.5,27537.5,1,658.02,stop,A+,1
2026-04-15,13:40,15:10,LONG,PM_LONG,26183.5,26304.5,25983.5,27683.5,1,240.76,eod,A+,1
2026-04-16,11:25,12:30,LONG,PM_LONG,26457.75,26505.0,26257.75,27957.75,1,93.26,stop,A+,21
2026-04-17,10:20,11:40,LONG,ORB_LONG,26738.75,26817.25,26538.75,28238.75,1,155.76,stop,A+,2
2026-04-17,11:45,13:15,LONG,PM_LONG,26829.25,26817.75,26629.25,28329.25,1,-24.24,no_move,A+,3
2026-04-21,10:00,13:10,LONG,VWAP_LONG,26826.75,26626.75,26626.75,28326.75,1,-401.24,stop,A+,4
2026-04-22,09:50,10:50,LONG,MOM_LONG,26862.75,26946.75,26662.75,28362.75,1,166.76,stop,A+,2
2026-04-22,11:25,12:55,LONG,PM_LONG,26990.75,26966.5,26790.75,28490.75,1,-49.74,no_move,A+,2
2026-04-22,13:00,14:30,LONG,PM_LONG,26998.5,27009.25,26798.5,28498.5,2,41.76,no_move,A+,1
2026-04-24,10:10,13:20,LONG,MOM_LONG,27234.5,27372.0,27034.5,28734.5,1,273.76,stop,A+,6
2026-04-24,13:50,15:10,LONG,PM_LONG,27435.75,27442.0,27235.75,28935.75,2,23.76,eod,A+,1
2026-04-27,09:45,11:15,SHORT,ORB_SHORT,27350.5,27339.25,27550.5,25850.5,1,21.26,no_move,A+,1
2026-04-28,10:45,12:15,SHORT,ORB_SHORT,27061.0,27077.25,27261.0,25561.0,2,-66.24,no_move,A+,3
2026-04-30,13:30,15:10,LONG,VWAP_LONG,27482.5,27597.25,27282.5,28982.5,2,457.76,eod,A+,35
2026-05-01,11:50,13:20,LONG,PM_LONG,27885.0,27878.25,27685.0,29385.0,2,-28.24,no_move,A+,1
2026-05-04,10:10,12:05,LONG,PM_LONG,27892.5,27692.5,27692.5,29392.5,1,-401.24,stop,A+,6
2026-05-05,09:45,11:15,LONG,PM_LONG,28075.0,28125.5,27875.0,29575.0,2,200.76,no_move,A+,1
2026-05-05,11:35,13:05,LONG,PM_LONG,28136.75,28116.5,27936.75,29636.75,1,-41.74,no_move,A+,1
2026-05-05,13:50,15:10,LONG,PM_LONG,28162.0,28172.75,27962.0,29662.0,1,20.26,eod,A+,1
2026-05-06,09:50,11:35,LONG,ORB_LONG,28495.25,28555.0,28295.25,29995.25,1,118.26,no_move,A+,2
2026-05-06,11:40,13:10,LONG,PM_LONG,28556.75,28579.0,28356.75,30056.75,1,43.26,no_move,A+,12
2026-05-07,09:50,11:05,LONG,PM_LONG,28787.0,28885.0,28587.0,30287.0,1,493.52,stop,A+,2
2026-05-08,11:15,14:50,LONG,PM_LONG,29146.0,29264.75,28946.0,30646.0,1,236.26,rev_exit,A+,4
2026-05-11,10:35,12:40,LONG,PM_LONG,29356.0,29412.02,29156.0,30856.0,2,222.84,stop,A+,11
2026-05-12,10:05,10:35,SHORT,ORB_SHORT,29136.5,29066.0,29336.5,27636.5,1,139.76,stop,A+,3
2026-05-12,10:40,11:30,SHORT,ORB_SHORT,29082.5,28891.0,29282.5,27582.5,1,381.76,stop,A+,4
2026-05-14,10:45,12:15,LONG,PM_LONG,29706.75,29752.5,29506.75,31206.75,1,90.26,no_move,A+,1
2026-05-18,10:45,12:15,SHORT,ORB_SHORT,29017.75,29029.25,29217.75,27517.75,1,-24.24,no_move,A+,5
2026-05-19,11:30,12:45,SHORT,ORB_SHORT,28793.5,28993.5,28993.5,27293.5,1,-401.24,stop,A+,4
2026-05-19,13:45,15:10,LONG,PM_LONG,29065.75,29053.25,28865.75,30565.75,1,-26.24,eod,A+,15
2026-05-20,10:15,10:35,LONG,ORB_LONG,29167.5,29210.59,28967.5,30667.5,2,171.12,stop,A+,1
2026-05-20,11:15,13:10,LONG,PM_LONG,29322.5,29282.75,29122.5,30822.5,2,-160.24,no_move,A+,1
2026-05-21,09:55,11:35,LONG,ORB_LONG,29287.75,29253.5,29087.75,30787.75,1,-69.74,no_move,A+,1
2026-05-22,13:20,14:50,LONG,PM_LONG,29685.0,29661.75,29485.0,31185.0,1,-47.74,no_move,A+,4
2026-05-26,09:45,10:50,LONG,PM_LONG,29973.5,30073.75,29773.5,31473.5,2,399.76,rev_exit,A+,1
2026-05-28,10:10,14:45,LONG,PM_LONG,30161.25,30282.0,29961.25,31661.25,1,240.26,stop,A+,1
2026-05-29,10:05,10:45,LONG,PM_LONG,30476.5,30276.5,30276.5,31976.5,1,-401.24,stop,A+,5
2026-06-01,10:00,11:30,SHORT,VWAP_SHORT,30308.0,30508.0,30508.0,28808.0,1,-401.24,stop,A+,4
2026-06-02,09:55,12:20,LONG,PM_LONG,30604.0,30652.83,30404.0,32104.0,1,96.42,stop,A+,1
2026-06-03,11:45,13:20,SHORT,ORB_SHORT,30604.5,30560.75,30804.5,29104.5,1,86.26,no_move,A+,25
2026-06-05,11:10,12:50,SHORT,ORB_SHORT,29727.75,29504.75,29927.75,28227.75,1,444.76,rev_exit,A+,1
2026-06-05,13:00,15:10,SHORT,ORB_SHORT,29449.5,29071.25,29649.5,27949.5,1,1054.02,eod,A+,2
2026-06-08,10:35,11:25,LONG,ORB_LONG,29586.25,29683.0,29386.25,31086.25,1,192.26,stop,A+,1
2026-06-11,13:25,13:50,LONG,PM_LONG,29085.25,29128.65,28885.25,30585.25,1,384.32,stop,A+,1
2026-06-11,13:55,15:10,LONG,PM_LONG,29214.0,29360.5,29014.0,30714.0,1,291.76,eod,A+,1
2026-06-12,10:50,11:35,LONG,PM_LONG,29600.0,29632.0,29400.0,31100.0,1,361.52,stop,A+,1
2026-06-15,09:55,12:30,LONG,PM_LONG,30703.75,30877.75,30503.75,32203.75,1,346.76,stop,A+,3
2026-06-16,10:25,10:35,SHORT,ORB_SHORT,30681.25,30640.64,30881.25,29181.25,1,79.98,stop,A+,3
2026-06-22,09:45,10:30,LONG,PM_LONG,30880.0,30680.0,30680.0,32380.0,1,-401.24,stop,A+,1
2026-06-23,11:05,13:00,SHORT,VWAP_SHORT,29796.5,29815.0,29996.5,28296.5,1,-38.24,no_move,A+,5
2026-06-24,11:00,12:35,LONG,ORB_LONG,29858.75,29658.75,29658.75,31358.75,1,-401.24,stop,A+,2
2026-06-26,11:30,11:45,LONG,PM_LONG,29582.25,29656.0,29382.25,31082.25,1,146.26,stop,A+,4
2026-06-26,11:50,12:00,LONG,PM_LONG,29558.5,29599.23,29358.5,31058.5,1,80.22,stop,A+,1
2026-06-29,11:00,15:10,LONG,VWAP_LONG,29702.5,30013.75,29502.5,31202.5,1,621.26,eod,A+,1
2026-06-30,11:50,13:35,LONG,PM_LONG,30467.5,30521.75,30267.5,31967.5,1,107.26,no_move,A+,1
2026-07-02,10:30,10:45,SHORT,ORB_SHORT,29903.0,29846.3,30103.0,28403.0,2,225.56,stop,A+,3
2026-07-02,10:50,11:10,SHORT,ORB_SHORT,29767.0,29689.0,29967.0,28267.0,1,154.76,stop,A+,7
2026-07-02,13:05,13:45,SHORT,ORB_SHORT,29447.5,29406.21,29647.5,27947.5,1,81.34,stop,A+,3
2026-07-07,10:00,10:20,SHORT,ORB_SHORT,29443.25,29367.0,29643.25,27943.25,1,151.26,stop,A+,2
2026-07-07,10:25,10:45,SHORT,ORB_SHORT,29303.25,29261.29,29503.25,27803.25,1,82.68,stop,A+,1
2026-07-08,11:20,12:20,SHORT,ORB_SHORT,29062.0,29262.0,29262.0,27562.0,1,-401.24,stop,A+,3
2026-07-09,13:05,14:35,LONG,PM_LONG,29942.25,29946.75,29742.25,31442.25,2,16.76,no_move,A+,1
2026-07-10,09:45,10:30,LONG,PM_LONG,29940.75,29740.75,29740.75,31440.75,1,-401.24,stop,A+,1
2026-07-10,11:15,15:10,LONG,PM_LONG,29930.0,30059.0,29730.0,31430.0,2,514.76,eod,A+,1
2026-07-14,11:00,11:35,LONG,VWAP_LONG,29804.5,29845.56,29604.5,31304.5,1,80.88,stop,A+,16
2026-07-15,10:45,11:25,SHORT,ORB_SHORT,29639.25,29616.7,29839.25,28139.25,1,43.86,stop,A+,5
2026-07-16,11:15,12:30,SHORT,VWAP_SHORT,29391.5,29313.75,29591.5,27891.5,1,154.26,rev_exit,A+,1
2026-07-16,13:40,15:10,SHORT,ORB_SHORT,29243.75,29183.75,29443.75,27743.75,2,238.76,no_move,A+,1
2026-07-21,10:45,11:30,LONG,PM_LONG,29227.5,29269.12,29027.5,30727.5,1,82.0,stop,A+,13
2026-07-23,10:50,11:35,SHORT,ORB_SHORT,28582.5,28526.75,28782.5,27082.5,1,110.26,rev_exit,A+,3
2026-07-24,10:40,11:10,SHORT,ORB_SHORT,28287.25,28487.25,28487.25,26787.25,1,-401.24,stop,A+,3
2026-07-27,10:50,11:40,SHORT,ORB_SHORT,28102.0,28047.21,28302.0,26602.0,2,217.92,stop,A+,14
2026-07-29,10:00,10:20,SHORT,ORB_SHORT,27786.75,27695.75,27986.75,26286.75,1,180.76,stop,A+,2
2026-07-29,10:25,11:55,SHORT,ORB_SHORT,27573.25,27517.0,27773.25,26073.25,2,223.76,no_move,A+,7
2026-07-30,10:45,12:15,LONG,PM_LONG,28165.75,28171.5,27965.75,29665.75,1,10.26,no_move,A+,7
2026-08-03,10:50,12:20,LONG,PM_LONG,28779.5,28833.5,28579.5,30279.5,2,214.76,no_move,A+,1
2026-08-04,11:00,15:10,LONG,PM_LONG,29585.0,29926.5,29385.0,31085.0,1,681.76,eod,A+,1
2026-08-05,09:50,10:40,LONG,PM_LONG,30026.0,29826.0,29826.0,31526.0,1,-401.24,stop,A+,2
2026-08-06,11:00,15:10,LONG,PM_LONG,29612.0,29536.25,29412.0,31112.0,1,-152.74,eod,A+,1
2026-08-11,11:30,13:40,SHORT,ORB_SHORT,29674.25,29634.25,29874.25,28174.25,1,78.76,no_move,A+,1
2026-08-13,10:45,12:25,LONG,PM_LONG,30219.0,30186.5,30019.0,31719.0,1,-66.24,no_move,A+,13
2026-08-17,11:00,15:10,LONG,PM_LONG,30269.5,30084.75,30069.5,31769.5,1,-370.74,eod,A+,1
2026-08-18,10:10,11:40,SHORT,ORB_SHORT,29587.25,29598.75,29787.25,28087.25,1,-24.24,no_move,A+,4
