date,y,side,setup,contracts,pnl,reason,entry_time,d_ma20,d_ma50,d_ma200,ma50_slope,ma20_slope,wk_ret,wk2_ret,ext_vwap,ext_ema9,m15,sess_loc,atr
2021-06-04,2021,LONG,PM_LONG,1,-16.240000000000002,no_move,11:25,0.34935326925359134,-0.08975910763023545,,0.2948617538863129,0.0894149756734289,-0.008088423672363954,0.003759189644636285,0.26112352674324785,0.06410125147886295,0.0795063486412721,0.9695121951219512,210.675
2021-06-11,2021,SHORT,ORB_SHORT,1,-39.24,no_move,11:00,2.004770292088652,1.6853075003669413,,0.5418464699838595,0.6401731982973748,0.029388974983395988,0.02106284083006993,0.14987943795080347,0.10647377295389296,0.05430794070159989,0.8883720930232558,170.325
2021-06-14,2021,LONG,PM_LONG,1,-36.239999999999995,eod,13:45,2.067843571880942,1.814756174794169,,0.5446168461051348,0.7031348955034809,0.014127217591835883,0.017823622678646345,0.30666030473673966,0.07805508751510418,0.08074730842305256,0.965034965034965,157.9
2021-06-17,2021,LONG,PM_LONG,1,-46.74,no_move,11:50,1.5962055070517076,1.941672263263934,,0.37296843519140266,0.788028878441917,0.011074977416440923,0.02558322795828971,0.6105747826051037,0.02774765604157049,-0.09234385493619879,0.8894184938036225,148.9
2021-06-21,2021,LONG,PM_LONG,1,-23.74,no_move,13:40,2.8702428104012396,3.4022042362665808,,0.3367315309109585,0.785000861029789,0.018334319049411185,0.04826212087668802,0.42070019701219813,0.06755281892421572,0.09643533666264852,0.9447592067988668,145.175
2021-06-22,2021,LONG,PM_LONG,1,61.260000000000005,no_move,10:30,1.9836244541484767,2.680718844474301,,0.2856902922405081,0.7370675176352008,0.011101362602732312,0.02538541155962304,0.13538042504887116,0.0628912851713627,0.06550218340611354,0.8,148.85
2021-06-24,2021,LONG,PM_LONG,1,-36.739999999999995,no_move,11:40,2.8023552157483107,3.859636171895601,,0.2800949116794104,0.6737850426223719,0.018014967925873204,0.032456853709225575,0.04188672073754077,-0.01360028004213411,-0.03866772124088232,0.6789667896678967,142.2375
2021-06-29,2021,LONG,PM_LONG,1,9.26,no_move,10:45,3.4217836876429284,4.97694587956297,,0.29297874142457714,0.7238926060811358,0.026828879562237784,0.03822807928521543,0.1298748546958591,0.09707580589230495,0.09316507156771406,0.888,147.5875
2021-07-01,2021,SHORT,ORB_SHORT,1,-26.74,no_move,11:20,3.2905287114845985,5.3122549019607845,,0.39667366946779015,0.8896183473389253,0.018641368083877508,0.036992159657875945,0.3517007363729369,0.19712107137567078,0.1995798319327731,0.8942065491183879,142.8
2021-07-02,2021,LONG,PM_LONG,1,17.26,no_move,11:55,2.9334973205657535,5.18330844241413,,0.41532109285776575,0.9355178775366852,0.011899377196339822,0.039365294927005356,0.15288333890095154,0.08514210716347942,0.05973820609681103,0.8484848484848485,142.2875
2021-07-09,2021,LONG,PM_LONG,1,63.760000000000005,no_move,10:50,2.2709079786769255,5.647749715983572,,0.5657956829502774,0.9806868828104492,0.010401265344015309,0.022424411120002707,0.3962951388056815,0.24313086212513468,0.3093594337149349,0.9735576923076923,143.0375
2021-07-13,2021,LONG,PM_LONG,1,-22.24,no_move,11:20,2.761839159634928,6.438574134665054,,0.5827105217840617,0.9015842948165931,0.011213394816995459,0.02490342163355419,0.4529458178869023,0.15070936837922902,0.17737213707594282,0.9666666666666667,145.175
2021-07-15,2021,SHORT,ORB_SHORT,1,70.76,no_move,10:40,2.6116864528079433,6.445634419466192,,0.6970447082596655,0.8820409194241019,0.007898467562276412,0.026187366829335312,0.3721943860942903,0.2920373269857303,0.12124273806516797,0.9914163090128756,148.4625
2021-07-15,2021,SHORT,ORB_SHORT,1,-72.24,no_move,13:40,2.6116864528079433,6.445634419466192,,0.6970447082596655,0.8820409194241019,0.007898467562276412,0.026187366829335312,0.4781738709667534,0.09211642041732589,0.15828913025174707,0.9386331938633193,148.4625
2021-07-16,2021,SHORT,ORB_SHORT,1,-58.74,no_move,11:00,1.2681444710715482,5.259363231769936,,0.7751454981170897,0.8557856898322567,0.005002467203212513,0.015455764535983185,0.41906559561092827,0.21749949582466688,0.25504964053406365,0.9692028985507246,146.05
2021-07-19,2021,SHORT,ORB_SHORT,2,-164.24,eod,13:55,0.6724380383195692,4.779609773246621,,0.8422569871682127,0.7635788363508423,-0.007795100222717122,0.00027215512842326817,0.2779117054460238,0.08073075416508353,0.1265600281244507,0.847036328871893,142.225
2021-07-20,2021,LONG,PM_LONG,2,163.76,no_move,13:00,-0.8621957625634765,3.2566275608474884,,0.8037471546138973,0.5801961127648372,-0.023894460523658845,-0.012949003726454467,0.6944724430239239,-0.06108269705709459,-0.14533356680091053,0.8717105263157895,142.775
2021-07-21,2021,LONG,PM_LONG,1,-21.74,no_move,11:00,0.8456510809451961,4.776738729679904,,0.8107926931456392,0.46966649907826374,-0.0067884327793927834,0.0010669647393557469,0.2442525909449198,0.12975830789509463,0.13909837439249204,0.9711815561959655,149.175
2021-07-21,2021,LONG,PM_LONG,1,22.26,no_move,13:40,0.8456510809451961,4.776738729679904,,0.8107926931456392,0.46966649907826374,-0.0067884327793927834,0.0010669647393557469,0.19592142695842255,0.08536680268251545,0.06200770906653259,0.9361702127659575,149.175
2021-07-22,2021,LONG,PM_LONG,1,-83.24,no_move,10:35,0.784124875456654,4.652706741946198,,0.8051810029890357,0.4705247426104381,-0.009058941728064318,-0.001232025923175617,0.2221674614076851,0.1280981465263947,0.19262703420790434,0.970873786407767,150.55
2021-07-23,2021,LONG,PM_LONG,1,93.26,no_move,10:35,1.4322929671244229,5.237519766957973,,0.8956803995006151,0.5262588431127782,0.010361466181325607,0.015415766279287313,0.22452638036149675,0.12592064142488538,0.1348314606741573,0.8994082840236687,150.1875
2021-07-23,2021,LONG,PM_LONG,1,5.76,no_move,13:10,1.4322929671244229,5.237519766957973,,0.8956803995006151,0.5262588431127782,0.010361466181325607,0.015415766279287313,0.5423940284193599,0.10151460892234287,0.09987515605493133,0.9969512195121951,150.1875
2021-07-27,2021,SHORT,ORB_SHORT,1,26.76,no_move,11:15,2.2982009364988136,6.019485747145326,,1.112462006079025,0.6299186724718544,0.042769962763756775,0.017853537053240887,0.8125218818050712,0.3239887254272349,0.39595826829869385,1.0,152.1625
2021-07-27,2021,SHORT,ORB_SHORT,1,-242.74,eod,13:15,2.2982009364988136,6.019485747145326,,1.112462006079025,0.6299186724718544,0.042769962763756775,0.017853537053240887,0.91013337527888,0.18373824562828645,0.16429803663846218,0.9836702954898912,152.1625
2021-07-28,2021,LONG,VWAP_LONG,1,30.26,no_move,10:40,0.7155525238744928,4.060360770046994,,1.0560254661209583,0.5235713202970959,0.008881896157945546,0.0020331692235309173,0.0820942233301958,-0.13439039458459767,-0.3107473093830529,0.5786435786435786,164.925
2021-07-29,2021,LONG,PM_LONG,1,13.260000000000002,no_move,10:40,1.2373663395342023,4.403544748791567,,1.052526732093156,0.4281529222205989,0.015596748846719244,0.006396517079705344,0.08757687648342048,0.04885570386275616,-0.019042038962941262,0.8097686375321337,170.675
2021-08-05,2021,LONG,PM_LONG,1,-0.7400000000000002,no_move,10:50,1.0093152243475747,3.6593330014932772,,0.8721325463983578,0.23003626537723104,0.002994908655286066,0.01863836834012056,0.18048460628275312,0.11308179126137462,0.16497191210979165,0.9587301587301588,175.7875
2021-08-06,2021,SHORT,ORB_SHORT,1,-42.74,no_move,10:55,1.383601647323102,4.136368401347807,,0.8678098090602818,0.29157618869336893,0.00664595344509622,0.015248755802067748,0.21730040240022017,0.12873350609267067,0.21564956944964433,0.8841463414634146,166.9375
2021-08-16,2021,SHORT,ORB_SHORT,1,-83.24,no_move,10:30,0.7650427488304565,3.115437973866756,,0.9209227294724913,0.26068720761412895,0.0016406483046633724,0.010127851591877679,0.3887617859660967,0.20388405378830735,-0.014518470721084047,0.7871794871794872,154.975
2021-08-17,2021,SHORT,ORB_SHORT,1,-76.24,no_move,13:00,0.5288501111202568,2.949246851592718,,0.9293275166680451,0.4350975388920946,-0.00194957538908902,0.008043253345793255,0.4194925314747846,0.04728570295778076,-0.06420281504650588,0.8584758942457231,151.8625
2021-08-19,2021,LONG,PM_LONG,1,86.76,no_move,10:55,-0.44257868534300904,1.851151801535738,,0.8979495401231994,0.32824234241836137,-0.002780275030799473,-0.0063534720148634705,0.4692607211763087,0.27996216198631896,0.38815289848957896,0.9816176470588235,148.1375
2021-08-23,2021,LONG,PM_LONG,1,72.26,no_move,11:30,0.2272727272727273,2.1920039814200343,,0.7828798938288082,0.06760119442601195,-0.002283218345163096,-0.0006463159988068234,0.40307770979012225,0.09958854333099836,0.08792302587923026,0.9937888198757764,150.7
2021-08-24,2021,LONG,PM_LONG,1,-35.239999999999995,no_move,10:50,1.7240160263964175,3.4774766281718876,,0.7451960091130471,0.07149029774530599,0.014832472520196038,0.012853980107722318,0.06581481062883125,-0.03303708769097896,-0.13826694948542698,0.662962962962963,159.1125
2021-08-25,2021,SHORT,ORB_SHORT,1,1.2599999999999998,no_move,10:30,1.9888869745003421,3.8878704341833163,,0.8350447966919426,0.22251895244659106,0.02626964378162633,0.021102655278987026,0.1385667680880026,0.09770024036920721,0.18607856650585802,0.7641921397379913,145.1
2021-08-26,2021,SHORT,ORB_SHORT,1,-69.74000000000001,no_move,10:35,1.9050219317876698,3.806928654551966,,0.8943514457076375,0.3543997851579932,0.02552630260939237,0.022675057436819523,0.26117276827048824,0.18426137510005827,0.19335780145018353,0.7253886010362695,139.6375
2021-08-30,2021,LONG,PM_LONG,2,-12.24,no_move,11:45,2.249439009065619,4.049510815905213,,0.9362893815635899,0.37393411722465786,0.024144735751123525,0.02180638970235438,0.3576803926021479,0.10228338014310168,0.10591508841217127,0.9666080843585237,139.2625
2021-09-08,2021,SHORT,ORB_SHORT,1,92.26,no_move,10:30,2.702915316982878,4.699416936603425,,0.9255344747801885,0.6653401203146637,0.006817124617038095,0.021415088198919463,0.270503717704359,0.24826780136452747,0.4072188801480796,0.9308176100628931,135.0625
2021-09-20,2021,SHORT,VWAP_SHORT,1,189.26,rev_exit,10:30,0.3351249664068851,2.6278957269551233,,0.5253426498253179,0.5440293827823958,-0.0031913016982856313,-0.0033351505628066436,0.3301320793255865,0.13739758042438238,0.02329122995610499,0.832129963898917,139.5375
2021-09-21,2021,LONG,ORB_LONG,1,-47.24,no_move,11:30,-3.8843305687203746,-2.0643364928909897,,0.3390995260663494,0.25496149289098663,-0.044089436267792936,-0.053699950529020324,0.28551798442270526,0.27479737280810734,0.2428909952606635,0.794912559618442,168.8
2021-09-22,2021,LONG,PM_LONG,1,-82.24,no_move,11:50,-2.225957322420345,-0.5265711780181216,,0.27933352820811946,0.027550423852672527,-0.020021759251741544,-0.0391351420201248,0.44844486226749775,0.08714899813299634,0.03800058462437884,0.8386243386243386,171.05
2021-09-23,2021,LONG,PM_LONG,1,-68.24000000000001,no_move,10:45,-1.5934235434340582,-0.04907803407417794,,0.23232139101170904,-0.19014232629881309,-0.013088579604578543,-0.03296265613051241,0.27521374447703884,0.09073192884556759,0.029446820444506767,0.9113924050632911,178.2875
2021-09-23,2021,LONG,PM_LONG,1,-7.74,no_move,13:05,-1.5934235434340582,-0.04907803407417794,,0.23232139101170904,-0.19014232629881309,-0.013088579604578543,-0.03296265613051241,0.21766316003271527,0.09494911924179084,0.08413377269859076,0.9082278481012658,178.2875
2021-09-28,2021,SHORT,ORB_SHORT,1,109.26,no_move,10:35,-1.1672927287362471,0.0916554869868523,,0.21041051784277406,-0.06473034612288704,0.02730277581031393,-0.017990424451501674,0.224051824246626,0.06158806615565817,-0.053662463107056614,0.7830882352941176,186.35
2021-09-29,2021,LONG,PM_LONG,1,-44.24,no_move,11:00,-2.7649535603715134,-1.8260804953560343,,0.20591950464396142,-0.23814241486068471,-0.015708367854183947,-0.03541561794651116,0.03132291806645687,-0.018398394311633,-0.09907120743034056,0.6092436974789915,201.875
2021-09-30,2021,SHORT,ORB_SHORT,1,-59.74,no_move,11:45,-2.5806880706209547,-1.8506560251526711,,0.17824535945341488,-0.4161073825503338,-0.022207944117695555,-0.035005853277835564,0.42869909524924105,0.23039164850907606,0.27208416470161434,0.9574468085106383,206.7375
2021-10-01,2021,SHORT,ORB_SHORT,1,-407.24,stop,10:45,-2.501244370703962,-1.986181559611285,,0.13880066366437854,-0.5576558426167286,-0.03354499600071825,-0.04523391011272193,0.11476196346290689,-0.0724595407736949,-0.18843327802796872,0.7351828499369484,210.95
2021-10-04,2021,SHORT,ORB_SHORT,1,102.26,no_move,11:05,-2.2025795356835736,-1.8735224992834627,,0.07649183147033667,-0.5439954141587847,-0.03120349322125371,-0.04696097043019398,0.354300297147041,0.03545202308163708,-0.21897391802808827,0.8385826771653544,218.0625
2021-10-05,2021,LONG,PM_LONG,1,43.76,no_move,11:00,-3.3227767114523337,-3.2215184474301553,,-0.02830027724461599,-0.6056728513542333,-0.051151566886090905,-0.025245370838814174,0.40816505089344307,0.1676986437984455,0.13542333120068245,0.9848675914249685,234.45
2021-10-05,2021,LONG,PM_LONG,1,0.2599999999999998,no_move,13:40,-3.3227767114523337,-3.2215184474301553,,-0.02830027724461599,-0.6056728513542333,-0.051151566886090905,-0.025245370838814174,0.43261435103982093,0.07855434952663193,0.10769886969503092,0.9979674796747967,234.45
2021-10-14,2021,LONG,PM_LONG,1,36.26,no_move,11:40,-0.8179232549170831,-1.6464905514847648,,-0.07965676822213905,-0.4003567296567682,0.0022939287352805593,-0.006149854256878529,0.18333959139150838,0.04864968168569779,0.03663709988430389,0.9806451612903225,259.3
2021-10-15,2021,LONG,PM_LONG,1,-54.74,no_move,10:55,0.35272177895283785,-0.5451678391010817,3.633903026297154,-0.07502950757754509,-0.346442566451066,0.0056545378502719235,0.015319393304732642,0.146486992719641,0.100387817150765,0.10008970303573958,0.9850746268656716,264.7625
2021-10-18,2021,LONG,PM_LONG,1,44.26,no_move,13:15,0.7275080285673214,-0.26442985189090396,3.928265350141395,-0.06489958299382098,-0.295403345635816,0.016626558739881947,0.01978426374516795,0.3281444050087737,0.059677355614160044,0.0661458083688827,0.9528662420382166,260.7875
2021-10-19,2021,LONG,PM_LONG,2,15.760000000000002,no_move,10:55,1.4342084327764504,0.4159321134977487,5.018255104746751,-0.04170776982232799,-0.09806417395915894,0.032551379123850754,0.05697133267590515,0.15439593298654444,0.10561455056398115,0.1633518960487934,0.9865319865319865,235.6875
2021-10-20,2021,SHORT,ORB_SHORT,1,-28.24,no_move,13:05,1.9539887454485287,0.9391592188017251,5.689837802052297,0.007657508551246886,0.07023060796645864,0.049658205622133966,0.043927911432107614,0.2257842508575059,0.11727172486679245,0.1423369745117511,0.9915966386554622,226.575
2021-10-21,2021,LONG,PM_LONG,1,-40.74,no_move,11:00,1.8790127621296435,0.8607409906111204,5.676690841625909,0.06269747568449097,0.21566312475403712,0.04287458040891057,0.04526686037620431,0.1916697332986561,0.04804897120366222,0.0033732501264968798,0.9080717488789237,222.3375
2021-10-22,2021,LONG,VWAP_LONG,1,-195.24,eod,10:30,2.222822071944081,1.185724839461274,6.039165766892081,0.10726828436665042,0.14815025288401265,0.02852960258180426,0.03434546214972811,0.032836842075113955,-0.005537547613347893,0.029550491561061543,0.6325878594249201,219.9625
2021-10-27,2021,LONG,PM_LONG,1,-54.24,no_move,13:25,2.631494184312554,1.6874202206978863,6.707217417238291,0.18214136594094876,0.2527885475693426,0.011628284665605504,0.061863930038696946,0.37463315580854534,0.06732552816210054,0.056069191768565466,0.9425837320574163,209.5625
2021-11-02,2021,LONG,PM_LONG,1,-42.74,no_move,11:45,3.3391932406650353,3.045761787953125,8.797131370945761,0.379040610520577,0.8965658217497877,0.020966962127316746,0.03694307133270036,0.15572640875973182,0.052827286455155775,0.0776778413736713,0.8663793103448276,183.45
2021-11-04,2021,LONG,PM_LONG,1,0.2599999999999998,no_move,11:10,4.315631409317314,4.599238206856142,10.784456489891593,0.43384119542924027,1.1645912686785882,0.029428699379438372,0.04631390717711126,0.2494549477686119,0.0006222991530004655,-0.0893641957222385,0.8065902578796562,170.65
2021-11-04,2021,LONG,PM_LONG,1,17.26,no_move,13:30,4.315631409317314,4.599238206856142,10.784456489891593,0.43384119542924027,1.1645912686785882,0.029428699379438372,0.04631390717711126,0.281371896210197,0.041132656503665564,0.03369469674772927,0.9183381088825215,170.65
2021-11-05,2021,LONG,PM_LONG,1,-168.24,eod,11:50,5.333821805392736,5.9104337631887445,12.12521981242673,0.4602579132473648,1.16573856975381,0.03856302654585919,0.05673804748657574,0.07662177659871046,0.01915405719372515,0.007327080890973036,0.7993197278911565,170.6
2021-11-10,2021,SHORT,VWAP_SHORT,1,183.26,stop,13:25,3.1655526992287877,4.790216672787371,11.062232831435914,0.5034741094381168,1.3497612926918925,0.014901518356602361,0.039813774281586056,0.4681454108927043,0.10961559066831794,-0.049944913698127064,0.8615782664941785,170.1875
2021-11-12,2021,LONG,ORB_LONG,1,185.76,eod,10:45,1.4633986928104616,3.6226579520697126,9.745969498910673,0.38646332607117173,1.0832970225127068,-0.019483898616383,0.018327769829915797,0.2502713981260586,0.14195756992979675,0.23674655047204066,0.9392265193370166,172.125
2021-11-15,2021,SHORT,ORB_SHORT,1,-83.24,no_move,11:50,2.059540586245768,4.392418263810598,10.317700112739574,0.3202085682074424,0.9251691093573844,-0.010395487135584691,0.025180938504663963,0.40908779554983776,0.17807013738487554,0.3621758737316798,0.8923556942277691,177.4
2021-11-17,2021,LONG,PM_LONG,1,29.76,no_move,10:40,2.187552921253173,4.9088060965283615,10.810421958791983,0.2759808072255221,0.8149167372283437,0.006376408831249014,0.02137294536109935,0.1844818840430134,0.11133551941932014,0.15664690939881457,0.8498498498498499,177.15
2021-11-18,2021,LONG,MOM_LONG,1,95.58,stop,11:10,2.053886302722528,4.968542812808573,10.859049231203278,0.3043024404006223,0.7750740584003345,0.02244533550529426,0.014184948107637707,0.06503746474414249,0.1165350290211447,0.10015516998166173,0.6186440677966102,177.225
2021-11-19,2021,LONG,PM_LONG,1,-36.239999999999995,no_move,11:35,2.5533994039781014,5.60243953149906,11.405391919051906,0.35251230161480307,0.7906299812876865,0.028128560947817016,0.008096608301702002,0.22817150347529627,0.11677156045737014,0.13860974426502182,0.910913140311804,180.3625
2021-11-23,2021,SHORT,ORB_SHORT,1,75.26,no_move,10:40,2.4967992372650523,5.894579133751025,11.66247616453282,0.44957777172431823,0.9000953418686986,0.024771294350352413,0.013278122421538363,0.5291868886483775,0.28471590416599507,0.1430128030509398,0.9711191335740073,183.55
2021-11-30,2021,SHORT,ORB_SHORT,1,46.26,no_move,11:30,0.7131257699630418,3.73139209317953,8.624823608466798,0.43570388621346273,0.34180759323552146,-0.009153283570836113,0.015391272097910802,0.712360594431283,0.24667980625446503,0.18479113002575878,0.9355072463768116,223.225
2021-12-01,2021,LONG,ORB_LONG,1,11.760000000000002,no_move,10:45,-0.5921129451727647,2.2183111299824874,6.893222228119529,0.4275993843214264,0.21888434796455006,-0.00835714505177132,-0.009711120997806133,0.15035948840420532,0.11844109995370591,0.11570511119367338,0.8056206088992974,235.5125
2021-12-02,2021,SHORT,VWAP_SHORT,2,-813.24,stop,10:45,-0.8538492788949797,1.757566524476945,6.2539914686166975,0.4022750355474322,0.1516351817997112,-0.017460705767231355,-0.015549121436340463,0.25779823767709825,0.07254603891029619,0.011172049563274425,0.7118483412322275,246.15
2021-12-03,2021,SHORT,ORB_SHORT,1,153.76,stop,10:50,-1.041263733481852,1.4394815452382135,5.929340286567766,0.3835957673029211,-0.03539061313350928,-0.024580545861842995,-0.028194033249829165,0.544168707369424,0.17696233591041546,0.19847096349551924,0.8955823293172691,246.8875
2021-12-07,2021,LONG,PM_LONG,1,-3.24,no_move,11:35,-1.2124456789570373,0.6873527171721721,4.63742663859146,0.254146319609336,-0.2890103489986969,-0.03471419005296161,-0.043549724798311096,0.29050705787500425,0.08318617964969124,0.14425876976837956,0.9805699481865285,279.0125
2021-12-09,2021,SHORT,ORB_SHORT,1,-6.24,no_move,10:30,0.48198697212744146,2.2373377054991805,6.237461780475917,0.32259493951344886,-0.004386936677446794,0.018019980703993133,0.00024463335575797274,0.2610087651709226,0.15147305606972283,0.20738246111578856,0.9251247920133111,282.0875
2021-12-09,2021,SHORT,ORB_SHORT,1,123.26,eod,13:50,0.48198697212744146,2.2373377054991805,6.237461780475917,0.32259493951344886,-0.004386936677446794,0.018019980703993133,0.00024463335575797274,0.3020409679094979,0.09445656142949527,0.2002924624451633,0.8864994026284349,282.0875
2021-12-10,2021,SHORT,ORB_SHORT,1,-206.24,eod,11:05,-0.21866991008209644,1.4330741496894148,5.394339950479996,0.3631640675904581,0.10907432344380838,0.010092488438945058,-0.014736136297831437,0.3314765436384118,0.17818382832823618,0.16680422223187524,0.9373401534526854,287.7625
2021-12-13,2021,SHORT,ORB_SHORT,1,15.760000000000002,no_move,11:00,0.05467188179052712,1.6181660147761818,5.629461103867883,0.4429552368535442,0.10495436766623208,0.04288305060264164,0.012496299412580347,0.2500696720432407,0.09911561675648838,0.13472403302911778,0.9487577639751553,287.625
2021-12-22,2021,LONG,PM_LONG,1,106.76,no_move,10:35,-0.38937416873359826,0.09267047701211506,3.540691613645352,0.30886803982889055,-0.3209317373018451,-0.014561457689932111,0.006148800983808211,0.19531584124956802,0.14202982587432308,0.10927783169776052,0.9495495495495495,347.7375
2021-12-23,2021,LONG,PM_LONG,1,108.76,no_move,10:30,0.13332835932253756,0.5244795941207187,4.1402857569200915,0.3387152130120146,-0.2599791091546647,0.014085392693202525,-0.009306754307829346,0.09597490262968798,0.032511138742872266,0.0029844064761620536,0.8589743589743589,335.075
2021-12-23,2021,LONG,PM_LONG,1,4.26,no_move,13:25,0.13332835932253756,0.5244795941207187,4.1402857569200915,0.3387152130120146,-0.2599791091546647,0.014085392693202525,-0.009306754307829346,0.20968121842554205,0.042933729126439044,0.06864134895172723,0.985691573926868,335.075
2021-12-27,2021,LONG,PM_LONG,1,-28.74,no_move,11:10,0.7371797276512758,1.032029110552576,4.713857523352214,0.3501219191957056,-0.11933075739955953,0.011915460658836752,-0.0017273005197186997,0.20929260072612524,0.052583654613602905,0.03826387065311176,0.9714285714285714,333.2125
2021-12-30,2021,LONG,PM_LONG,1,21.76,no_move,10:55,1.1665944796629535,1.318328936488563,5.277627278812457,0.4510926487380397,0.10170492577863642,0.033188648792641384,0.018143915997529403,0.04010275121248479,-0.041692861121142615,-0.07166200732369965,0.6673728813559322,317.4625
2022-01-06,2022,SHORT,ORB_SHORT,2,-813.24,stop,10:10,-1.1711830799735625,-0.9857501652346348,3.4675391055298532,0.3107821105970509,0.20964970257766155,-0.0370061424129825,-0.005045677484055933,0.3153588952668924,0.20071291572594488,0.24234412866270102,0.7906746031746031,283.6875
2022-01-06,2022,LONG,PM_LONG,1,17.76,no_move,11:15,-1.1711830799735625,-0.9857501652346348,3.4675391055298532,0.3107821105970509,0.20964970257766155,-0.0370061424129825,-0.005045677484055933,0.2822394238229994,0.08210808548372903,0.08724388631857237,0.8410428931875525,283.6875
2022-01-07,2022,SHORT,ORB_SHORT,1,-80.74,no_move,10:40,-1.2956597063919002,-1.2045591319412792,3.366266982766484,0.25979757454180563,0.045363362815719885,-0.04047951018428708,-0.01852483412910022,0.4730051357950209,0.26344475327473454,0.26169417342937906,0.9796334012219959,274.175
2022-01-11,2022,LONG,PM_LONG,1,169.26,rev_exit,11:10,-2.339310755109848,-2.4833892831343234,1.665550503548206,0.08316831683168366,-0.32673267326732425,-0.06492345005305444,-0.06729867852066895,0.45406508103735166,0.330136227764907,0.4708281986996983,0.9796137339055794,294.1625
2022-01-14,2022,LONG,PM_LONG,1,-131.24,eod,10:15,-1.642157669519423,-1.9368663594470048,1.929608294930876,-0.040618828176432344,-0.17527978933508886,-0.01708969721858067,-0.056877424830261925,0.2578182651870414,0.20668487794600585,0.2773206056616195,0.9570621468926553,303.8
2022-01-21,2022,SHORT,ORB_SHORT,2,195.12,stop,10:05,-3.2714994487320808,-3.813763322307976,0.0014470782800414274,-0.34893421536199815,-0.4004502021315746,-0.03498256495958607,-0.05147442073507813,0.21424320114180312,0.16190315913268152,0.033994854832782063,0.8044758539458186,272.1
2022-01-21,2022,LONG,PM_LONG,1,81.64,stop,10:45,-3.2714994487320808,-3.813763322307976,0.0014470782800414274,-0.34893421536199815,-0.4004502021315746,-0.03498256495958607,-0.05147442073507813,0.2776426995606437,0.24189082402164433,0.10474090407938257,0.794066317626527,272.1
2022-01-24,2022,SHORT,ORB_SHORT,2,166.32,stop,10:00,-4.609956000345097,-5.336071089638514,-1.8681131912690898,-0.3914416357518775,-0.640108705029762,-0.06788692488489645,-0.07356917710683375,0.25239125480290814,0.18590269001812698,0.17858683461306188,0.832552693208431,289.775
2022-01-24,2022,SHORT,ORB_SHORT,2,182.96,stop,10:20,-4.609956000345097,-5.336071089638514,-1.8681131912690898,-0.3914416357518775,-0.640108705029762,-0.06788692488489645,-0.07356917710683375,0.09505158388152506,-0.010691286897751721,-0.167371236304029,0.6116420503909643,289.775
2022-01-24,2022,SHORT,ORB_SHORT,1,245.76,stop,11:20,-4.609956000345097,-5.336071089638514,-1.8681131912690898,-0.3914416357518775,-0.640108705029762,-0.06788692488489645,-0.07356917710683375,0.3030699171460976,0.12679961462338846,0.06643085152273316,0.8922675933970461,289.775
2022-01-25,2022,SHORT,ORB_SHORT,2,73.76,no_move,11:05,-4.621801958307014,-5.537271004421984,-2.479725994946302,-0.4216993051168674,-0.8317672141503463,-0.0850048216007715,-0.07709890252403262,0.1569194071955386,0.1279415158171423,0.1855653821857233,0.733457595526561,316.6
2022-01-28,2022,LONG,PM_LONG,2,383.76,rev_exit,10:50,-3.6830476836925183,-5.0964737824537565,-2.818024775156965,-0.5202918717122037,-0.9692855930765315,-0.0686715289572718,-0.10125178769423604,0.4027237881438615,0.26858469584450684,0.31970134057356187,0.9870775347912525,368.3125
2022-01-28,2022,LONG,PM_LONG,1,51.26,no_move,11:35,-3.6830476836925183,-5.0964737824537565,-2.818024775156965,-0.5202918717122037,-0.9692855930765315,-0.0686715289572718,-0.10125178769423604,0.5518331371064483,0.12748457867302004,0.002715085694892245,0.9188168659534298,368.3125
2022-01-31,2022,LONG,PM_LONG,1,80.76,no_move,10:40,-2.644976201343156,-4.173710634413511,-2.0992762600247787,-0.5319293212492663,-0.922768468409728,-0.017823526363966113,-0.08450046685340806,0.21163673475530373,0.0738272130040038,0.08802242941905196,0.9041429731925265,383.425
2022-02-01,2022,LONG,VWAP_LONG,1,-65.24000000000001,no_move,11:05,-1.0021989593657068,-2.5861372646184324,-0.7128066154608507,-0.5025644202180399,-0.7952180376610523,0.035586938574766025,-0.05244294439087105,0.15761711916956625,0.12419467122731002,0.16538652130822595,0.7104377104377104,403.6
2022-02-02,2022,SHORT,VWAP_SHORT,1,138.26,stop,10:35,-0.3951844488623822,-2.094796301555744,-0.2826848433210271,-0.49968127741487656,-0.6619962763103925,0.04421387829373269,-0.023384061528391453,0.051755694432002605,0.013096310416727661,-0.03597462841995645,0.6138461538461538,396.1125
2022-02-09,2022,LONG,PM_LONG,1,-1.2400000000000002,no_move,10:55,-0.34666969765855876,-2.2964180170818045,-0.8882862988341516,-0.4003637190270504,-0.34150618647095304,-0.013957540925922829,0.02963922035203126,0.11416787064270012,0.08837941062201593,0.10716721332770435,0.9595959595959596,384.9125
2022-02-11,2022,SHORT,ORB_SHORT,1,49.76,no_move,11:10,-0.02256859879850625,-2.0493326838772523,-0.8142717973697038,-0.3849845754180866,-0.3701250202955035,0.010273972602739656,0.054890041122832134,0.20732279569823833,0.11850519935525287,0.08832602695242735,0.9757412398921833,384.9375
2022-02-14,2022,LONG,PM_LONG,1,73.76,no_move,11:15,-1.0530114484818327,-3.0618715778994527,-1.9736902687904416,-0.381246888999501,-0.37229342956694783,-0.03612972936469083,0.0039037085230968493,0.17554108283141442,0.11822563661161384,0.08648581383773021,0.956989247311828,401.8
2022-02-15,2022,LONG,PM_LONG,2,-104.24,no_move,10:40,-0.9329068639340303,-2.9641886975503278,-1.9984022556390972,-0.37518796992481324,-0.4091377637642493,-0.03249741073399326,-0.033482029275573755,0.12078528885736356,0.09482698770556972,0.10004850836769343,0.9973684210526316,412.3
2022-02-15,2022,LONG,ORB_LONG,2,90.76,no_move,13:20,-0.9329068639340303,-2.9641886975503278,-1.9984022556390972,-0.37518796992481324,-0.4091377637642493,-0.03249741073399326,-0.033482029275573755,0.07079133350830655,0.0928054694889598,0.08731506184816881,0.7444852941176471,412.3
2022-02-17,2022,SHORT,ORB_SHORT,1,26.26,no_move,10:45,0.11615228518641912,-1.9607232637732082,-1.1303722324862933,-0.3474573704455272,-0.31447436169246235,-0.023242601968352594,-0.0324417372881356,0.15091461566291273,0.06039095073286304,0.01696095950570918,0.8977777777777778,412.7125
2022-02-17,2022,SHORT,ORB_SHORT,1,111.26,no_move,13:10,0.11615228518641912,-1.9607232637732082,-1.1303722324862933,-0.3474573704455272,-0.31447436169246235,-0.023242601968352594,-0.0324417372881356,0.18503080554166867,0.06384734597074586,0.09691976860405246,0.9702072538860104,412.7125
2022-02-18,2022,SHORT,ORB_SHORT,1,96.26,no_move,10:30,-0.7837991671909152,-2.836008507833799,-2.119957460831013,-0.376873071507742,-0.2518498547077714,-0.03740677966101691,-0.027517123287671197,0.17691628524308597,0.12381080305100044,0.15278152242293522,0.9172821270310192,417.2625
2022-02-22,2022,LONG,PM_LONG,1,-407.24,stop,10:30,-1.9419973975276503,-4.042199089134678,-3.523975276512686,-0.4695380611581004,-0.22277163305139977,-0.03590544548374075,-0.06723602220826186,0.12018135562603954,0.02984536211903033,-0.005855562784645413,0.7558257345491388,384.25
2022-02-23,2022,SHORT,ORB_SHORT,1,6.76,no_move,11:30,-1.2609867801344714,-3.2803585929125947,-2.8933738266151305,-0.5350699970766858,-0.15662454932276518,-0.04159668186336685,-0.04977229472539424,0.24066156310352696,-0.00406770372171871,-0.06561210900704843,0.8575924468922109,384.8375
2022-02-23,2022,SHORT,ORB_SHORT,1,576.02,eod,13:10,-1.2609867801344714,-3.2803585929125947,-2.8933738266151305,-0.5350699970766858,-0.15662454932276518,-0.04159668186336685,-0.04977229472539424,0.3787596122171429,0.18798402905614467,0.20073407607106897,0.9956584659913169,384.8375
2022-02-24,2022,LONG,PM_LONG,1,120.76,rev_exit,11:00,-2.363585267473383,-4.349018051973813,-4.100601732460489,-0.6188190173907319,-0.17661839582093886,-0.07314903517175309,-0.09469146323123967,0.2561377597261813,0.058336928453530626,-0.0019837333862328904,0.8493150684931506,378.075
2022-02-24,2022,LONG,PM_LONG,1,-81.24,no_move,11:30,-2.363585267473383,-4.349018051973813,-4.100601732460489,-0.6188190173907319,-0.17661839582093886,-0.07314903517175309,-0.09469146323123967,0.35061116267319264,0.038270719811393905,-0.1600211598227865,0.8660049627791563,378.075
2022-02-24,2022,LONG,PM_LONG,1,448.76,eod,13:35,-2.363585267473383,-4.349018051973813,-4.100601732460489,-0.6188190173907319,-0.17661839582093886,-0.07314903517175309,-0.09469146323123967,0.49057975647080015,0.19751425695205943,0.2261456060305495,0.9930297397769516,378.075
2022-02-25,2022,LONG,VWAP_LONG,1,85.46,stop,10:30,-1.5442568958419112,-3.360965259524337,-3.233806251385502,-0.5928238908066018,-0.1264844665421016,-0.02657017590195976,-0.06298305084745759,0.13516907493604277,0.08939631151458376,0.14440890521582164,0.8371777476255088,394.7125
2022-02-25,2022,LONG,PM_LONG,2,-43.239999999999995,eod,13:55,-1.5442568958419112,-3.360965259524337,-3.233806251385502,-0.5928238908066018,-0.1264844665421016,-0.02657017590195976,-0.06298305084745759,0.21023612698685584,-0.016440145381386505,-0.08423852804256263,0.809143686502177,394.7125
2022-02-28,2022,LONG,PM_LONG,2,188.36,stop,10:35,-0.8247154992787297,-2.574104824491104,-2.560105786183683,-0.5874274723513371,-0.1030613880429556,0.0018647439085033302,-0.01187577726787059,0.2325179383495736,0.18648791327697178,0.25004007052412247,0.9951377633711507,389.9375
2022-02-28,2022,LONG,PM_LONG,1,-253.74,eod,13:05,-0.8247154992787297,-2.574104824491104,-2.560105786183683,-0.5874274723513371,-0.1030613880429556,0.0018647439085033302,-0.01187577726787059,0.05025904008869929,0.08582155742963209,0.2192659079980766,0.5291902071563088,389.9375
2022-03-01,2022,LONG,PM_LONG,1,-407.24,stop,10:30,-0.9239580550360663,-2.7438551963665496,-2.8350120224418927,-0.5775848250066805,-0.12964199839700677,0.022571308953892588,-0.014144569432988807,0.047284098822455996,0.0196026114886155,-0.0053433075073470475,0.6507936507936508,374.3
2022-03-02,2022,LONG,PM_LONG,1,99.64,stop,10:35,-0.7676130736216592,-2.599352921756356,-2.782575107296137,-0.5327830967315955,-0.220931000330141,0.005472200861960985,-0.03635210639975317,0.13908515357532292,0.1434186509531341,0.3083525916143942,0.8575418994413407,378.625
2022-03-04,2022,SHORT,ORB_SHORT,1,84.78,stop,10:35,-0.7085258857410767,-2.555542160605452,-2.963930748107963,-0.4921170718639066,-0.30972473377536475,0.013674842630779338,-0.013258676245311962,0.12284069857602202,0.025057821692510703,-0.015404192619382494,0.7859778597785978,373.275
2022-03-04,2022,SHORT,ORB_SHORT,1,84.12,stop,13:40,-0.7085258857410767,-2.555542160605452,-2.963930748107963,-0.4921170718639066,-0.30972473377536475,0.013674842630779338,-0.013258676245311962,0.015131905541490664,0.08658022473897786,0.06563525550867323,0.5801526717557253,373.275
2022-03-08,2022,LONG,PM_LONG,1,-407.24,stop,11:00,-2.0427398160315393,-3.8680683311432307,-4.5672568988173445,-0.5827201051248367,-0.39149145860709494,-0.04745714438293247,-0.025957005296976532,0.23434679966981686,0.20702160936985262,0.29697766097240474,0.8328328328328328,380.5
2022-03-08,2022,LONG,PM_LONG,1,-407.24,stop,13:25,-2.0427398160315393,-3.8680683311432307,-4.5672568988173445,-0.5827201051248367,-0.39149145860709494,-0.04745714438293247,-0.025957005296976532,0.5072580876447214,-0.14061669642096328,-0.2536136662286465,0.7418912745545911,380.5
2022-03-09,2022,LONG,ORB_LONG,1,36.76,no_move,10:35,-1.6181789289686972,-3.3887176227554443,-4.21709518512633,-0.6403432385189882,-0.46343556332432767,-0.04272120942641178,-0.03748278760349788,0.14251327358969537,0.06617277294064869,0.008898776418242492,0.9233176838810642,393.3125
2022-03-09,2022,LONG,PM_LONG,1,94.76,no_move,13:00,-1.6181789289686972,-3.3887176227554443,-4.21709518512633,-0.6403432385189882,-0.46343556332432767,-0.04272120942641178,-0.03748278760349788,0.13886785724618816,-0.064801986980854,-0.16208485618941681,0.7199211045364892,393.3125
2022-03-10,2022,SHORT,ORB_SHORT,1,15.760000000000002,no_move,10:30,-0.6681044051885465,-2.4484729314008433,-3.4142272684025228,-0.6900510608607412,-0.4814626875138725,-0.03344857238123655,0.016555924695459634,0.14771322077767848,0.13556214578980044,0.32793124226951254,0.9396551724137931,394.1375
2022-03-11,2022,SHORT,ORB_SHORT,1,107.26,no_move,11:10,-0.9622438993591583,-2.7338194904820527,-3.840149004009219,-0.7265334469804597,-0.4552198756195347,-0.02971092077087789,-0.016442370306055998,0.21217974313619026,0.11095700701698441,0.2051961991350191,0.9769633507853404,395.9625
2022-03-15,2022,LONG,PM_LONG,1,-68.24000000000001,no_move,11:55,-2.0020898977557695,-3.739463700083595,-5.183142563179217,-0.7735579705485173,-0.4095235033116879,-0.021135841228906216,-0.06758993894298382,0.20002247325461342,-0.06549176395872358,-0.13761172914925085,0.7279124315871774,388.775
2022-03-16,2022,LONG,PM_LONG,1,-57.74,no_move,10:30,-1.0950859871583905,-2.8449262736747003,-4.438586132352465,-0.7670506243345293,-0.41625528345110374,-0.004942125113798879,-0.047452200978212566,0.2741011419474678,0.18086626037005316,0.09679605072113057,0.9454365079365079,387.4125
2022-03-17,2022,LONG,PM_LONG,1,80.74,stop,13:20,0.026547839457748086,-1.6746728590705098,-3.3325289484419636,-0.714720557316348,-0.3990962437631415,0.0009622891588141336,-0.032518470421002754,0.17428720758627847,0.05441233832270426,0.05899519879499169,0.9050064184852374,398.3375
2022-03-21,2022,LONG,VWAP_LONG,1,105.26,stop,11:05,0.6691693443196621,-0.9857029236789363,-2.7614640664270036,-0.6685839722584537,-0.28005599211019894,0.03181609195402291,0.0011598857958601272,0.010212918661314725,0.03595965758437147,0.013998027550663315,0.4282722513089005,392.9125
2022-03-22,2022,LONG,PM_LONG,1,-0.7400000000000002,no_move,13:00,1.3087931358426754,-0.22605373583015115,-2.046834095321601,-0.5756247259973687,-0.09817122815807602,0.06728005673547077,0.038630584816563784,0.15753340161953502,0.036789489926427665,0.04196154568798146,0.8167877320419693,399.175
2022-03-23,2022,SHORT,VWAP_SHORT,1,-5.24,no_move,13:25,2.114394483102943,0.7391393890223737,-1.1232658283146617,-0.4416013979467648,0.12250756701095449,0.12012218403970976,0.09644745940087085,0.16012721596908178,0.14945095301827757,0.20407526445533125,0.8141891891891893,400.5875
2022-03-24,2022,LONG,PM_LONG,1,39.26,no_move,13:00,1.6261246889158338,0.35276625614191803,-1.628345351285814,-0.37359453768106643,0.21147342224490728,0.08170733984353129,0.07636140683350989,0.20845388786732216,0.01195886225417036,0.041477889094505775,0.8242229367631297,391.775
2022-03-25,2022,LONG,VWAP_LONG,1,-407.24,stop,10:35,2.0722518606336053,0.971968649147071,-1.145751827702036,-0.3385892116182536,0.3401501679509959,0.06584436785779069,0.06687001833796313,0.09030413804532787,0.06779697873135909,0.027003885925047752,0.8283582089552238,379.575
2022-03-29,2022,LONG,PM_LONG,2,229.76,eod,13:45,2.727357912567127,1.8546004973510675,-0.5695786931920581,-0.2731250225249617,0.4133780228493171,0.044677986255617474,0.11496398044119305,0.15973808147825053,0.11837030808742792,0.1650628896817674,0.7774798927613941,346.8375
2022-03-30,2022,SHORT,ORB_SHORT,1,-85.24,no_move,11:10,3.4209807305148128,2.7403508771929816,0.2866120218579254,-0.24728213977566743,0.41947080816796195,0.03891123534224161,0.16370752195494465,0.16967403228860822,0.10475999899613066,0.09994247914869141,0.8152173913043479,347.7
2022-04-01,2022,SHORT,ORB_SHORT,2,159.76,no_move,11:35,2.6802349662989022,2.2611740783974095,-0.36103475543171404,-0.12935195993523518,0.45023910833302394,0.023059904697072753,0.09042263740250323,0.20578844051922585,0.14519704031837372,0.1822495010731634,0.9290322580645162,331.9625
2022-04-04,2022,LONG,PM_LONG,2,122.76,no_move,11:00,1.916147889462494,1.6275280898876394,-1.038760249013056,-0.09134527786213158,0.39397965381111777,0.006712549919279498,0.055877372783174506,0.23367621346441536,0.1127908976348291,0.11995141208624355,0.9916267942583732,329.3
2022-04-06,2022,SHORT,ORB_SHORT,1,-3.24,no_move,10:35,1.559450038729667,1.6234856700232365,-1.0415027110766861,0.0405577072037185,0.5597986057319885,-0.027282421458452943,0.010567221161712492,0.11595566405915829,0.01871734716802958,0.021688613477924088,0.8527851458885942,322.75
2022-04-07,2022,SHORT,ORB_SHORT,1,76.92,stop,10:40,0.6840692948186733,0.9096247188350901,-1.7900122331399737,0.07379345724320271,0.6236533680596639,-0.031507167507300204,0.007594980408402785,0.23883110752960182,0.1839679113615948,0.21309340594293832,0.9494799405646359,316.7625
2022-04-14,2022,SHORT,ORB_SHORT,1,73.26,no_move,11:40,-1.1172981096258787,-0.2189511982915445,-2.950545756545124,-0.046381396820374454,0.36435181523372734,-0.025491237387148202,-0.05619524820812316,0.23300413173243062,0.09385096721132409,0.1779640908012339,0.9723991507430998,316.075
2022-04-18,2022,LONG,PM_LONG,1,-17.740000000000002,no_move,13:30,-2.0837762181021553,-1.0610734715404284,-3.9265122317335415,-0.15904904864294436,0.28966692360744856,-0.04693455483959186,-0.07242784662729773,0.11083696592621908,0.22195821086763579,0.2961580591504726,0.638150289017341,308.1125
2022-04-19,2022,LONG,PM_LONG,1,30.76,no_move,11:15,-2.1900325652335226,-1.1243002596974327,-4.068292180221775,-0.2338101323220236,0.1444412383033137,-0.033165968831981085,-0.06060094530722482,0.419697849548344,0.037347649210708905,0.028855270208994598,0.9132075471698113,303.2375
2022-04-19,2022,LONG,PM_LONG,1,75.76,eod,13:50,-2.1900325652335226,-1.1243002596974327,-4.068292180221775,-0.2338101323220236,0.1444412383033137,-0.033165968831981085,-0.06060094530722482,0.3503985974308133,0.04991668923445253,0.0700770847932726,0.9112181693048864,303.2375
2022-04-22,2022,SHORT,VWAP_SHORT,1,154.76,stop,10:30,-2.4813501235355053,-1.5423766637443221,-4.497126803219891,-0.26348928030604807,-0.2367498206742671,-0.03496528082974426,-0.05956520994295311,0.15811994080316452,0.0700001485583634,0.03985016338566988,0.7743589743589744,313.675
2022-04-25,2022,LONG,PM_LONG,1,-407.24,stop,10:30,-3.093216374269008,-2.2738089668616013,-5.237563352826513,-0.27957894736841926,-0.4111111111111111,-0.035275551012356354,-0.08055446356846185,0.4096857138455879,0.2963036628365079,0.4,0.9668192219679634,320.625
2022-04-26,2022,SHORT,ORB_SHORT,1,-72.74,no_move,13:00,-3.0552059052059075,-2.3593317793317787,-5.374405594405595,-0.3203263403263419,-0.5160450660450615,-0.03746630727762801,-0.0693896697301899,0.17211577955151233,0.06972839423590098,0.039627039627039624,0.8442565186751233,321.75
2022-04-27,2022,LONG,PM_LONG,2,295.76,rev_exit,11:00,-3.586362248014659,-3.1103695784972487,-6.11749389126451,-0.3491600488698855,-0.6701664630421514,-0.07725472943246814,-0.06841843442419071,0.05302660135969417,0.11972795167673675,-0.037416004886988395,0.5315870570107858,327.4
2022-04-28,2022,SHORT,ORB_SHORT,1,-407.24,stop,10:25,-3.454559316864898,-3.2410033546813066,-6.28825480329369,-0.3799634034766702,-0.8150731930466628,-0.0707108498129343,-0.06119400298770716,0.24725686750481596,0.1798254738152021,0.11893870082342178,0.9919261822376009,327.9
2022-05-02,2022,SHORT,VWAP_SHORT,2,121.76,no_move,13:05,-2.8795552810376797,-3.037622675176723,-5.890560016471074,-0.35621439846270053,-0.8035824583075933,-0.03771796111090453,-0.07166299026201106,0.1887836849540104,0.0695775029584544,0.055589870290302656,0.7572493786246893,364.275
2022-05-03,2022,LONG,PM_LONG,2,-168.24,no_move,11:05,-2.683169331693319,-3.029492961596283,-5.918662019953534,-0.3506218395517278,-0.7588150881508795,-0.03565761224680297,-0.0717879604672057,0.21347527266730376,0.19034957027642674,0.30203635369687026,0.8641304347826086,365.85
2022-05-04,2022,LONG,ORB_LONG,1,92.88,stop,13:00,-1.8516909711448952,-2.4256765608301456,-5.370631226945219,-0.34216568414520276,-0.8264901575481811,0.0011252026318298025,-0.07621645402551691,0.3355091288476493,0.14396975179790675,0.18271451718550696,0.9616548940464178,362.5875
2022-05-05,2022,SHORT,ORB_SHORT,1,91.3,stop,11:15,-0.7998329714381169,-1.5262401870719904,-4.378095874394522,-0.28361449807917155,-0.708635376649408,0.02956231667337672,-0.04323890967397115,0.4543322019650455,0.11871301736618875,0.09821279438784032,0.9347480106100796,374.1875
2022-05-06,2022,LONG,ORB_LONG,1,-65.24000000000001,no_move,10:50,-2.3404193641897777,-3.2169807066705305,-6.00315328373112,-0.28219151608851417,-0.679872451444585,-0.057502129708507765,-0.07291970271058001,0.42597101289126094,0.2698426027323408,0.43031532837311176,0.9869130100076983,388.0875
2022-05-09,2022,SHORT,ORB_SHORT,1,-60.24,no_move,10:35,-2.3573313829618106,-3.4321747702483556,-6.199195471746113,-0.24138391579482996,-0.6729099755143547,-0.026079397276151828,-0.06281369669479864,0.35490361612199867,0.19430331175999388,0.18507329792985022,0.9875954198473282,393.0875
2022-05-11,2022,SHORT,ORB_SHORT,1,-29.74,no_move,13:05,-2.211760642973752,-3.576855456486249,-6.400480346603039,-0.2835489137259838,-0.7156222529197567,-0.0501009639196861,-0.049032135024315804,0.5002739219776137,0.16860034667451837,0.16576667085269373,0.9497206703910615,398.15
2022-05-12,2022,LONG,PM_LONG,1,-407.24,stop,10:50,-3.0692035068084293,-4.552931666977556,-7.412345333582044,-0.36617546477647095,-0.6897655909967082,-0.10477999366888258,-0.07831521634937977,0.3961259104258434,0.20279747207878707,0.136168625256482,0.9865724381625441,402.075
2022-05-12,2022,SHORT,VWAP_SHORT,1,215.26,rev_exit,13:10,-3.0692035068084293,-4.552931666977556,-7.412345333582044,-0.36617546477647095,-0.6897655909967082,-0.10477999366888258,-0.07831521634937977,0.1205142361650853,0.08361674274618093,0.09948392712802338,0.5982954545454545,402.075
2022-05-13,2022,LONG,PM_LONG,1,99.76,no_move,10:00,-3.3863475993250507,-5.040625862862401,-7.935164902592422,-0.412897683693817,-0.7299585826046948,-0.07651346943587523,-0.1296159117004333,0.24672752340714382,0.22088570639668212,0.2534131001687375,0.9262720664589823,407.4375
2022-05-18,2022,SHORT,ORB_SHORT,1,257.26,stop,11:05,-0.8040154669839399,-2.7528138013087466,-5.694292088042833,-0.4330874479476483,-0.5718917311124322,0.006838600994705679,-0.04360498342667729,0.16842992043970295,0.08660272094974944,0.09934562760261749,0.9646869983948636,420.25
2022-05-18,2022,SHORT,ORB_SHORT,2,432.76,eod,13:05,-0.8040154669839399,-2.7528138013087466,-5.694292088042833,-0.4330874479476483,-0.5718917311124322,0.006838600994705679,-0.04360498342667729,0.4526731624615311,0.11889665761017498,0.18381915526472337,0.9881450488145049,420.25
2022-05-19,2022,LONG,PM_LONG,1,135.26,rev_exit,10:30,-1.9484087198143736,-3.999530207109916,-6.862628548511845,-0.3904437251138675,-0.6147984760376972,-0.007072135785007094,-0.11111111111111116,0.09341009964980229,0.0528528167748191,0.03380217135982125,0.7432590855803048,436.3625
2022-05-24,2022,SHORT,ORB_SHORT,1,-72.74,no_move,10:25,-1.2232385591300408,-3.581298142274581,-6.539853307657453,-0.3599003171726339,-0.5698346171273213,-0.025019308158204967,-0.026542746403133144,0.10327786708314195,0.013718090329321145,-0.09855006796556412,0.7412523020257826,441.4
2022-05-24,2022,SHORT,ORB_SHORT,1,-67.24000000000001,no_move,13:00,-1.2232385591300408,-3.581298142274581,-6.539853307657453,-0.3599003171726339,-0.5698346171273213,-0.025019308158204967,-0.026542746403133144,0.08201172918382021,0.0963667139102183,0.09231989125509742,0.7486187845303867,441.4
2022-05-25,2022,LONG,PM_LONG,1,-77.74,no_move,10:30,-1.681768328693157,-4.104581118704124,-7.080719367811244,-0.378379594476788,-0.5261115329452467,-0.06658699332735785,-0.060203754211455185,0.2421938537936047,0.1578820716398358,0.16254675328327567,0.9895104895104895,444.4875
2022-05-26,2022,LONG,PM_LONG,1,73.98,stop,10:00,-0.8669084978347659,-3.355435577301616,-6.34574827062595,-0.3614419886395593,-0.4279849277318486,0.007792860734037177,0.00066561277976529,0.13596139522338851,0.10347231764242121,0.08829649626005287,0.8586278586278586,444.525
2022-05-26,2022,LONG,PM_LONG,2,197.36,stop,11:00,-0.8669084978347659,-3.355435577301616,-6.34574827062595,-0.3614419886395593,-0.4279849277318486,0.007792860734037177,0.00066561277976529,0.2732498335689988,0.12068397710683677,0.12204038018109219,0.9849624060150376,444.525
2022-05-27,2022,LONG,PM_LONG,1,40.26,no_move,10:45,-0.15607508339458523,-2.7453836150845263,-5.770026007802341,-0.34654831231978006,-0.4097359642675395,0.025485816861132493,0.045341390242345625,0.10376804951550185,0.015154221342937035,-0.0356193814666139,0.8448500651890483,442.175
2022-05-31,2022,LONG,PM_LONG,1,-43.74,no_move,11:50,1.107893576363369,-1.521999118036161,-4.722663530795237,-0.29257680435102074,-0.1915037483463161,0.06747826812032276,0.04077070037803332,0.26695029287669,0.15009687928197438,0.16228134646479495,0.9797752808988764,425.1875
2022-05-31,2022,LONG,PM_LONG,1,-132.74,eod,13:50,1.107893576363369,-1.521999118036161,-4.722663530795237,-0.29257680435102074,-0.1915037483463161,0.06747826812032276,0.04077070037803332,0.2506747364006597,0.05513741455327196,0.09113626341320005,0.9150858175248419,425.1875
2022-06-03,2022,SHORT,ORB_SHORT,1,55.26,no_move,10:35,1.417469730664689,-1.2216209537929317,-4.762345564615767,-0.37818136891524856,-0.137354830738818,0.04612253205780581,0.07278381932413525,0.1962807303030336,0.15201219618665693,0.18346923647146035,0.9467084639498433,404.7
2022-06-08,2022,LONG,PM_LONG,1,-254.74,eod,11:10,0.9954735265053694,-1.3435593382423272,-5.230113799368844,-0.5208632176213701,0.050460616492940265,0.0011838522552385378,0.08279629550595358,0.04548424162041836,0.04100348287858991,0.07267858850530745,0.7435897435897436,392.1375
2022-06-09,2022,LONG,ORB_LONG,1,-22.24,no_move,11:40,0.7781666886804932,-1.4271034209483544,-5.555375775987318,-0.5708492933562308,0.14264958393871352,-0.0017007811727479671,0.04928494221335322,0.020529181339444244,0.058029012057241966,0.11293092061814819,0.5583832335329342,378.55
2022-06-10,2022,SHORT,ORB_SHORT,1,41.76,no_move,10:30,0.07888349514563106,-1.9420037756202786,-6.262243797195255,-0.6392799352750811,0.19643338727076493,-0.0360144758346953,0.008446977406879608,0.1715888994325804,0.037593251906284084,-0.010113268608414239,0.8463157894736842,370.8
2022-06-13,2022,SHORT,ORB_SHORT,1,-57.24,no_move,11:10,-1.149854427127933,-3.0992430210652526,-7.61132043158075,-0.7013940743277962,0.10272306901866558,-0.048501427687146825,-0.057627654946011186,0.23325923921587213,0.035476790889550934,0.0198664154821031,0.8678328474246841,364.9375
2022-06-20,2022,LONG,ORB_LONG,1,65.76,no_move,10:30,-2.723708874668734,-4.289147437140455,-9.054708810031673,-0.8917587744812873,-0.3314588585094712,-0.10364315268947422,-0.1359249747062028,0.05188088222349162,0.025901324094591366,0.013573783207291062,0.9471153846153846,386.775
2022-06-21,2022,LONG,PM_LONG,1,-80.74,no_move,13:05,-1.9171108742004246,-3.3781982942430706,-8.404734141791042,-0.9235874200426457,-0.1821028784648207,-0.04054394359103497,-0.08707893212994944,0.018807322865430673,-0.006047793183617482,-0.026652452025586356,0.7090012330456227,375.2
2022-06-22,2022,LONG,PM_LONG,1,-71.24,no_move,11:30,-1.3894378076909817,-2.797493717079218,-8.08779908424278,-0.9149860570799032,-0.18924501669708116,0.026056260341974724,-0.07575817798799633,0.19613369837766492,0.04583568488544015,0.028230109822012604,0.84,363.0875
2022-06-23,2022,LONG,VWAP_LONG,1,-73.24,no_move,10:30,-1.3138798502501652,-2.617767048038906,-8.072950561561878,-0.8459326125747907,-0.07784892061159512,0.039057974243571936,-0.08093886721059473,0.09018829460786495,0.04091754196548763,0.03008991987684126,0.7837370242214533,357.2625
2022-06-28,2022,SHORT,ORB_SHORT,2,224.76,no_move,11:40,-0.04682912507340201,-1.2166324133881392,-7.145768496770402,-0.6712125660598937,-0.16940692894891046,0.05463692038495194,0.011877780575841435,0.5901532984343746,0.21084019322745948,0.1328537874339401,0.9882352941176471,340.6
2022-06-29,2022,LONG,ORB_LONG,1,-33.739999999999995,no_move,10:30,-0.9113946295515275,-2.06298327006889,-7.814069309714606,-0.6123576549978909,-0.2715450583438744,0.005526168666408537,0.03172642029784889,0.08727564430653156,0.052574536543767585,0.15464642204414453,0.6953551912568307,355.65
2022-06-30,2022,SHORT,ORB_SHORT,1,-407.24,stop,10:00,-0.8351490825688053,-2.007024082568805,-7.963195240825688,-0.6312500000000009,-0.38632454128440363,0.001286587327114841,0.040394813065371515,0.2753897397922059,0.2224638532110175,0.2659116972477064,0.9891186071817193,348.8
2022-07-07,2022,LONG,PM_LONG,1,69.76,no_move,10:45,0.7142358688067003,-0.7366829495231437,-7.484488640769173,-0.5800573776847318,-0.38989687524230326,0.02359995716886165,0.024916907901790575,0.1011763584108162,0.04996671089609338,0.05737768473288361,0.9321428571428572,322.425
2022-07-13,2022,LONG,ORB_LONG,1,-62.74,no_move,10:40,0.2470161977834612,-1.09096334185848,-8.593482523444159,-0.37865302642796544,0.03661551577152352,0.000658383774025717,0.007548703034450321,0.5177141030331615,0.36957306039763577,0.46717817561807334,0.9973357015985791,293.25
2022-07-13,2022,LONG,ORB_LONG,1,-49.24,no_move,13:00,0.2470161977834612,-1.09096334185848,-8.593482523444159,-0.37865302642796544,0.03661551577152352,0.000658383774025717,0.007548703034450321,0.4648241694720473,0.1452919048090836,0.18925831202046037,0.9631024096385542,293.25
2022-07-19,2022,LONG,PM_LONG,1,68.76,no_move,13:35,0.47126065913804754,-0.248444342014289,-8.471901359760311,-0.40376123530767755,0.2966121226088961,0.004520225380539866,0.0341327215272067,0.4586741195070602,0.09149136914706414,0.12076515326112007,0.9937823834196892,271.1875
2022-07-20,2022,LONG,PM_LONG,2,164.96,stop,10:30,1.5006804572672863,0.91190346579568,-7.140469061876246,-0.3191798221738302,0.3676737434222464,0.04102640292045168,0.04171179781246681,0.3344416320871799,0.2317504136811893,0.31573217201959713,0.9502923976608187,275.55
2022-07-21,2022,LONG,ORB_LONG,1,87.26,no_move,11:30,2.145682960255822,1.7014527181361334,-6.365925079945178,-0.22532663316582488,0.3597076290543667,0.05560725919032117,0.04414503002280479,0.26922380404215585,0.16452333176236228,0.17816354499771586,0.970193740685544,273.625
2022-07-22,2022,SHORT,ORB_SHORT,1,94.26,no_move,11:30,2.4472484312220644,2.1314613335741024,-5.755853008893501,-0.061866281431986636,0.4286488194663898,0.06948595654478007,0.03752981821172985,0.4400002745265485,0.22591064039273204,0.3421967405534739,0.987603305785124,276.8875
2022-07-26,2022,SHORT,ORB_SHORT,1,-18.74,no_move,11:30,1.1414206051741462,0.8891854831337419,-6.966541731419688,0.07936740104214252,0.27502513940945106,0.027815567508738148,0.03246152552350523,0.2161751760142409,0.07129280841246284,0.11244172227808756,0.9066455696202531,273.475
2022-07-27,2022,LONG,PM_LONG,1,44.26,no_move,11:00,0.42916325449202475,0.257237824558023,-7.988173804133144,0.07235415964159983,0.1907606339419047,-0.013517095149748193,0.026954749978775894,0.21769236896576796,0.08031808819106605,0.09827062960643576,0.9175108538350217,259.4875
2022-07-28,2022,LONG,PM_LONG,2,102.76,no_move,13:35,2.0594162298933645,2.062172420025303,-5.62933309235496,0.07070305440086569,0.28117657690222436,0.009978560121826519,0.06614069969118819,0.48899213323565766,0.11660385717538296,0.12109163202602567,0.9625228519195612,276.65
2022-07-29,2022,LONG,PM_LONG,1,-60.74,no_move,10:30,2.3517863619876707,2.5211824446862536,-5.096749183895539,0.08645266594123732,0.467038447587954,0.010207519869978032,0.08040275569687338,0.11673571559863719,0.023134832740267886,0.004533913674283642,0.7718120805369127,275.7
2022-08-03,2022,LONG,PM_LONG,1,261.76,eod,11:00,2.394110582269471,3.0344557626440083,-4.076184333437124,0.3025844046083383,0.7156710110760237,0.07200429876410541,0.0575139146567718,0.1304204665889158,0.051685490936162176,0.039144166184778256,0.8233695652173914,281.0125
2022-08-09,2022,SHORT,ORB_SHORT,1,9.76,no_move,11:00,2.2039203567171453,3.380848527658826,-3.2193766279634484,0.37162156196194196,0.6099951437022635,0.013011259744009296,0.07173983872281497,0.16311528518846735,0.11994856861219509,0.2057304313275352,0.9156193895870736,283.1375
2022-08-10,2022,LONG,ORB_LONG,2,-121.24,no_move,11:00,1.5354105112364593,2.9359477124183035,-3.695183096069479,0.3229653505237656,0.630181753066522,0.004414883362251709,0.07673707270698138,0.21745215777685542,0.15842391839283024,0.167427701674277,0.9961977186311787,279.225
2022-08-10,2022,LONG,ORB_LONG,1,-31.74,eod,13:55,1.5354105112364593,2.9359477124183035,-3.695183096069479,0.3229653505237656,0.630181753066522,0.004414883362251709,0.07673707270698138,0.15689587264303695,0.017106017310903172,0.016116035455278,0.875,279.225
2022-08-11,2022,LONG,PM_LONG,1,-407.24,stop,10:30,2.439939472161646,4.057270016467132,-2.44576527660332,0.2589879389380917,0.7212158974587208,0.006252236304401082,0.06007340541612938,0.08461885731980791,0.029042607932108635,-0.1281765988695536,0.6597077244258872,280.8625
2022-08-12,2022,LONG,PM_LONG,1,84.26,no_move,11:00,1.9925222764518846,3.8427976536963215,-2.6089105807549346,0.21419424170510032,0.7693547664890572,-0.0024741804277332857,0.044164966253335436,0.1254340893212441,0.08264328970584361,0.1862714368871177,0.8287037037037037,279.1625
2022-08-15,2022,LONG,PM_LONG,1,94.26,no_move,11:35,2.5937195067861274,4.656524438924867,-1.6443670717643926,0.1986871285372092,0.8214317395546882,0.028561675011379073,0.045333641725453955,0.1522235232028729,0.11787365137408237,0.1286259203406369,0.8703241895261845,281.825
2022-08-16,2022,LONG,PM_LONG,1,-179.74,eod,13:35,2.803943738410747,5.138383609967888,-1.1629822260413374,0.24986658224413663,0.874903893989417,0.04043244475689223,0.05396978154171883,0.3077702209874136,0.08963416724852115,0.07959838994165801,0.9831460674157303,276.3875
2022-08-18,2022,LONG,ORB_LONG,1,72.26,no_move,10:40,1.7708673540801567,4.485009098119722,-1.7852983716698514,0.3282601595670217,0.7699808706200731,0.01122901577676716,0.01755145854127038,0.13826259492313317,0.09566776819301667,0.1409042131292866,0.8798955613577023,267.9125
2022-08-18,2022,LONG,ORB_LONG,1,22.26,no_move,13:10,1.7708673540801567,4.485009098119722,-1.7852983716698514,0.3282601595670217,0.7699808706200731,0.01122901577676716,0.01755145854127038,0.06545673858908652,-4.270706806579423e-05,0.02239537162319787,0.6225490196078431,267.9125
2022-08-19,2022,SHORT,ORB_SHORT,1,-6.24,no_move,10:50,1.818597778942856,4.699775987798487,-1.581140079119203,0.35628425718506723,0.6340021924598432,0.01903455532798426,0.016513279976007933,0.16935379460440195,0.06648408098350236,0.04194271007101664,0.9477977161500816,262.2625
2022-08-19,2022,SHORT,ORB_SHORT,2,20.76,no_move,13:30,1.818597778942856,4.699775987798487,-1.581140079119203,0.35628425718506723,0.6340021924598432,0.01903455532798426,0.016513279976007933,0.20486509586227988,0.0992452355421604,0.12106191315952529,0.912932138284251,262.2625
2022-08-22,2022,SHORT,ORB_SHORT,1,-48.74,no_move,10:30,0.5262502991146235,3.5150227327111745,-2.6655659248624057,0.3704044029672201,0.541038525963149,-0.021941955231035926,0.005993020785920233,0.20539210586424247,0.10345225976932018,0.08135917683656377,0.9429657794676806,261.1875
2022-08-22,2022,SHORT,ORB_SHORT,1,71.26,no_move,13:25,0.5262502991146235,3.5150227327111745,-2.6655659248624057,0.3704044029672201,0.541038525963149,-0.021941955231035926,0.005993020785920233,0.2032862523917326,0.06248497199468835,0.05934434075137593,0.9867768595041322,261.1875
2022-08-24,2022,LONG,PM_LONG,1,-60.74,no_move,11:15,-0.987441643323999,2.0097478991596662,-3.699229691876751,0.3919140989729206,0.43543417366947323,-0.04982918855379648,-0.007025086853874374,0.23155599196155488,0.11173354434755993,0.1549953314659197,0.8705035971223022,267.75
2022-08-26,2022,SHORT,ORB_SHORT,1,186.26,stop,10:30,-0.6825240708147842,2.5147323739517584,-3.4246557614659903,0.5562894709597264,0.31478413914484205,-0.03621478094114172,-0.01786955786467237,0.6239529225824932,0.4929150682380669,0.7847603271560203,0.9445933869526363,241.475
2022-09-01,2022,SHORT,ORB_SHORT,1,-46.74,no_move,11:00,-3.053841977989439,-0.7723041997729844,-5.809667867541828,0.4468834822089543,-0.3812860879435453,-0.0472424236578638,-0.08592896933355543,0.3597140507729821,0.15243403116129273,0.0858707989932389,0.9553450608930988,253.2875
2022-09-02,2022,LONG,PM_LONG,1,-53.74,no_move,10:30,-3.1455430425653765,-1.1904752815422766,-5.938714449322389,0.36014506585226247,-0.5006203473945368,-0.06311701232111422,-0.09704602448738753,0.32850115850768913,0.23052722477784152,0.2080549723229624,0.9622356495468278,261.95
2022-09-06,2022,SHORT,ORB_SHORT,1,-75.74,no_move,10:25,-3.2284266432782713,-1.6491156263704116,-6.311850119378257,0.16683720703600552,-0.6179895726745616,-0.03577813977512023,-0.06096192539854517,0.14213285541707138,0.01601052535088712,-0.1081713199824587,0.7322175732217573,256.5375
2022-09-06,2022,SHORT,ORB_SHORT,1,-69.24000000000001,no_move,13:05,-3.2284266432782713,-1.6491156263704116,-6.311850119378257,0.16683720703600552,-0.6179895726745616,-0.03577813977512023,-0.06096192539854517,0.25585761569439147,0.2067444943695248,0.28748233689031816,0.7468619246861925,256.5375
2022-09-07,2022,LONG,PM_LONG,1,38.26,no_move,11:10,-3.3727839234819577,-2.024269358968167,-6.538085116661033,0.13512390705763064,-0.5911791700884029,-0.02647962483829236,-0.06902750662053236,0.2226902682551348,0.1644235738509113,0.24636490990773394,0.8947368421052632,258.7625
2022-09-09,2022,LONG,PM_LONG,1,-17.740000000000002,no_move,10:35,-2.1226620484908434,-1.2670361207323073,-5.6183819891143,0.1503809995051946,-0.6104898565066813,0.002430108844371004,-0.060840284686615176,0.22275126053449268,0.10943470594045568,0.1880257298367145,0.9529837251356239,252.625
2022-09-12,2022,LONG,PM_LONG,2,26.76,no_move,11:35,-0.625548726953468,-0.04850258511364859,-4.191278899619553,0.22130523851331635,-0.5967710467271486,0.03872550029883959,-0.006759553041798871,0.016269262416029717,-0.010076237004492465,-0.02438786459857575,0.6326086956521739,256.275
2022-09-21,2022,LONG,PM_LONG,1,-407.24,stop,13:55,-1.7176103306371493,-2.7337968875644503,-6.217591410056289,0.0023839931885947445,-0.7408353436450485,-0.06422792962613888,-0.018130498382677107,0.22964424602496114,0.11194326811185581,0.10217113665389528,0.7377690802348337,264.2625
2022-09-22,2022,SHORT,ORB_SHORT,1,-44.24,no_move,10:50,-1.1304189931453978,-2.289981388170142,-5.539016750646872,-0.004884470470740733,-0.5781015933542148,-0.007519573615386244,-0.0024708276234375326,0.17557811545150978,0.11309905068256651,0.18702619274592583,0.986328125,275.3625
2022-09-23,2022,SHORT,ORB_SHORT,1,77.26,no_move,11:10,-2.0693797289787517,-3.373539092891036,-6.364194417133327,-0.022844440644638277,-0.5537553969136103,-0.032910026560424965,-0.052010658421984046,0.043392419072462315,0.022900847757536008,0.0034198264438079764,0.7048872180451128,292.4125
2022-09-29,2022,SHORT,ORB_SHORT,1,-28.74,no_move,10:00,-1.4820762711864395,-3.4816271186440675,-6.288381355932204,-0.174559322033901,-0.5699576271186465,-0.03729991882272132,-0.04453901295267215,0.2725527552570368,0.25035476610170565,0.15,0.9455445544554455,295.0
2022-09-29,2022,SHORT,ORB_SHORT,1,-48.74,eod,13:50,-1.4820762711864395,-3.4816271186440675,-6.288381355932204,-0.174559322033901,-0.5699576271186465,-0.03729991882272132,-0.04453901295267215,0.28881935490016214,0.09769985834919079,0.16186440677966102,0.9728971962616823,295.0
2022-10-03,2022,LONG,PM_LONG,1,183.76,eod,13:20,-2.556055291933157,-4.699715287806889,-7.458997317928618,-0.312127088920983,-0.5154528574375891,-0.016553433509637783,-0.06670166964191959,0.25963527966966793,0.09908850647972814,0.07427274602847123,0.9665513264129181,302.9375
2022-10-04,2022,LONG,PM_LONG,2,-102.24,no_move,10:40,-1.6671531020680452,-3.8930953969312863,-6.681429286190796,-0.3465476984656452,-0.5175116744496319,-0.003009864446250843,-0.055173849677285,0.17458057375923217,0.07087654013939743,0.12174783188792528,0.9120879120879121,299.8
2022-10-04,2022,LONG,PM_LONG,2,-2.24,vwap_cross,13:50,-1.6671531020680452,-3.8930953969312863,-6.681429286190796,-0.3465476984656452,-0.5175116744496319,-0.003009864446250843,-0.055173849677285,-0.017536178717883905,0.08561309757594832,0.1200800533689126,0.5817901234567902,299.8
2022-10-05,2022,SHORT,ORB_SHORT,2,-813.24,stop,10:30,-0.6955185761602595,-2.867999521130132,-5.5104273913564,-0.3358633624645833,-0.39135639889860396,0.023536418582079666,-0.02635499506893002,0.26005428937578545,0.14222454220901265,0.08300411029969272,0.9590643274853801,313.2375
2022-10-05,2022,LONG,PM_LONG,1,22.76,no_move,13:15,-0.6955185761602595,-2.867999521130132,-5.5104273913564,-0.3358633624645833,-0.39135639889860396,0.023536418582079666,-0.02635499506893002,0.4492834402908726,0.14017992241543856,0.15882517259268128,0.9968152866242038,313.2375
2022-10-07,2022,SHORT,ORB_SHORT,1,112.76,no_move,11:15,-0.6628546381893529,-2.912862607586865,-5.497346190627988,-0.299729040484544,-0.2586069493146318,0.03525274922170718,-0.008217826030983089,0.20004326118232033,0.10033497760314274,0.16815428753586228,0.9871382636655949,313.7
2022-10-07,2022,SHORT,ORB_SHORT,1,39.26,no_move,13:00,-0.6628546381893529,-2.912862607586865,-5.497346190627988,-0.299729040484544,-0.2586069493146318,0.03525274922170718,-0.008217826030983089,0.33853617805391045,0.053004464073979615,0.01354797577303156,0.9606801275239107,313.7
2022-10-10,2022,SHORT,ORB_SHORT,1,-21.24,no_move,10:35,-1.8705582777113325,-4.128724102010111,-6.648682433735869,-0.29882325707009894,-0.349010378486821,-0.0009676185332703202,-0.017505034633854888,0.2236740813606713,0.15761937910862708,0.20448319765423048,0.9884726224783862,323.9875
2022-10-10,2022,SHORT,ORB_SHORT,2,-434.24,eod,13:10,-1.8705582777113325,-4.128724102010111,-6.648682433735869,-0.29882325707009894,-0.349010378486821,-0.0009676185332703202,-0.017505034633854888,0.21831885896047692,-0.006674008024528119,-0.029322118908908523,0.8403614457831325,323.9875
2022-10-11,2022,LONG,ORB_LONG,1,2.76,no_move,11:45,-1.8897791674809459,-4.302302130154389,-6.891307406683605,-0.35792847371506537,-0.5450459253468829,-0.028492728074041462,-0.031416833271085576,0.33985140533930214,0.15990576351396513,0.15790502247410593,0.9371221281741233,319.8125
2022-10-13,2022,LONG,PM_LONG,1,156.26,stop,11:15,-2.0357424550624743,-4.841130806592221,-7.689011582049897,-0.594296151770514,-0.7913985636597654,-0.07129716779327455,-0.06131759313312146,0.766616198725095,0.4555837914613658,0.6318236539499357,0.9010989010989011,301.1125
2022-10-13,2022,LONG,PM_LONG,1,-34.239999999999995,no_move,13:30,-2.0357424550624743,-4.841130806592221,-7.689011582049897,-0.594296151770514,-0.7913985636597654,-0.07129716779327455,-0.06131759313312146,0.9945014798516459,0.24709177982131658,0.31134542737348997,0.9826224328593997,301.1125
2022-10-14,2022,SHORT,ORB_SHORT,1,140.76,stop,10:00,-0.9291163503929484,-3.5301974314740288,-6.211987732413265,-0.6170596128042903,-0.6315506996358038,-0.03794647686216823,-0.004031445273130374,0.3053641833605749,0.2487903883458024,0.23845121717462142,0.7723577235772358,326.0625
2022-10-19,2022,SHORT,ORB_SHORT,2,-164.24,no_move,13:05,-0.48524182076813654,-2.921109530583216,-5.567019914651496,-0.6236984352773814,-0.40366287339971757,0.029233941022492882,-0.04245598155212171,0.3008791465579693,0.11859273718766306,0.13726884779516357,0.8954108858057631,351.5
2022-10-25,2022,LONG,PM_LONG,2,11.760000000000002,no_move,11:05,0.8617861710932221,-1.4141750056429176,-4.440226469039198,-0.6158302610789256,-0.05778346249341879,0.03554305008441183,0.04348220563885041,0.16254712540054908,0.09153206739645181,0.09254382664961253,0.9842271293375394,332.275
2022-10-25,2022,LONG,PM_LONG,2,91.76,no_move,13:30,0.8617861710932221,-1.4141750056429176,-4.440226469039198,-0.6158302610789256,-0.05778346249341879,0.03554305008441183,0.04348220563885041,0.06202366896895283,0.03250035695789401,0.08652471597321497,0.7529411764705882,332.275
2022-10-31,2022,LONG,VWAP_LONG,2,97.76,no_move,11:55,0.985148902821319,-0.7319592476489053,-4.150141065830723,-0.6545454545454522,0.07041536050156626,0.020732702529830727,0.07388328112310005,0.053253666875044764,-0.01387999728888938,-0.06426332288401254,0.5955056179775281,319.0
2022-11-03,2022,SHORT,ORB_SHORT,1,-81.74,no_move,11:30,-0.1668930254853411,-1.6954861388511608,-5.32532555724215,-0.6012782615642747,-0.10789326515937975,-0.025880300883026286,0.004315964573124109,0.12790008511187925,0.12407131479223842,0.12463050251657745,0.7049861495844876,312.925
2022-11-04,2022,LONG,VWAP_LONG,1,-407.24,stop,10:50,-1.222000842944175,-2.673067933637305,-6.231575922449133,-0.5715314763017738,-0.23537300279704315,-0.04120732574679942,-0.02910130314420112,0.07700040719848947,-0.06984564712945557,-0.14636576114027358,0.628,326.2375
2022-11-08,2022,LONG,PM_LONG,1,152.26,rev_exit,10:30,-0.4836635039104382,-1.780507364325697,-5.60866648140061,-0.5965937512406188,-0.1625709635158204,-0.03638192273214247,-0.04197461090339971,0.15303928632877611,0.09707778610794851,0.07384175632220413,0.9327354260089686,314.8625
2022-11-08,2022,LONG,PM_LONG,1,-407.24,stop,11:50,-0.4836635039104382,-1.780507364325697,-5.60866648140061,-0.5965937512406188,-0.1625709635158204,-0.03638192273214247,-0.04197461090339971,0.3188601648606749,0.052426714222731145,-0.05954980348564849,0.8744444444444445,314.8625
2022-11-10,2022,LONG,PM_LONG,1,-39.24,no_move,11:30,-0.9938009279114195,-2.0342937346485224,-5.8866817419782445,-0.5663846543724906,0.04417326211548322,-0.027149827655669423,-0.052327482830044736,0.22999523575942085,0.08692956263423719,0.09357089945027096,0.9602803738317757,320.6125
2022-11-15,2022,LONG,OPEN_LONG,2,-813.24,stop,11:30,1.7202535760728206,1.0913361508452526,-2.8824569245773706,-0.29603381014304125,0.35590052015604795,0.07308329362648336,0.0340424601526117,0.10606238849981361,0.13597964750658256,0.19424577373211963,0.8305439330543933,307.6
2022-11-16,2022,SHORT,ORB_SHORT,1,14.760000000000002,no_move,13:30,1.8968979223865916,1.4092201778469853,-2.5601442445600964,-0.21348194894070066,0.41810433143466086,0.07651470654678527,0.049325083125977054,0.03985703221346582,0.08662681040515512,0.0991681350653608,0.5831739961759081,305.0375
2022-11-22,2022,LONG,PM_LONG,1,34.76,no_move,10:45,0.6387768379960951,0.5764129256126647,-3.589846020386033,-0.1914378659726743,0.17184992409455524,-0.019008753753118834,0.05268531754135175,0.20481862792312697,0.12952368864250954,0.13619605291693776,0.9581589958158996,288.1875
2022-11-22,2022,LONG,PM_LONG,1,36.76,no_move,13:05,0.6387768379960951,0.5764129256126647,-3.589846020386033,-0.1914378659726743,0.17184992409455524,-0.019008753753118834,0.05268531754135175,0.2374733759595907,0.0674614387484668,0.09455649533723705,0.9869494290375204,288.1875
2022-11-23,2022,LONG,PM_LONG,1,4.76,no_move,11:00,1.0590126890318097,1.070224230836087,-3.1178211367981907,-0.24677559534156296,0.08169650617069356,-0.016200449079806112,0.05907468485971168,0.13546096024536566,0.025661355325748533,0.03215713540761342,0.8970331588132635,287.65
2022-11-29,2022,SHORT,ORB_SHORT,1,-67.74000000000001,no_move,11:10,0.39320620927558314,0.7508240705251032,-3.73078286699885,-0.146703717899577,0.19782483710234225,-0.0007328375902575512,-0.019727661014082076,0.268828097886597,0.18098576195473534,0.2989651207359142,0.8756756756756756,260.9
2022-12-06,2022,SHORT,ORB_SHORT,2,50.76,no_move,11:15,0.32364038838859127,1.4483473361171226,-2.9440660059365085,0.08665291542988916,0.6496453187100684,0.01600483164728983,0.015260265114775295,0.2093469487484804,0.016578314236450932,-0.041253710318458515,0.8777393310265282,248.4625
2022-12-06,2022,SHORT,ORB_SHORT,1,85.26,no_move,13:05,0.32364038838859127,1.4483473361171226,-2.9440660059365085,0.08665291542988916,0.6496453187100684,0.01600483164728983,0.015260265114775295,0.3565911213989621,0.11377694529192744,0.13986013986013987,0.9989785495403473,248.4625
2022-12-07,2022,SHORT,ORB_SHORT,2,-153.24,no_move,11:20,-0.7519492932240066,0.45030434126465285,-3.885200462799939,0.13445344333215897,0.48427989335479504,0.0011503233928029655,-0.01608327467417503,0.1728458414677959,0.18784405268354334,0.29780170028673475,0.7961476725521669,248.4875
2022-12-12,2022,LONG,ORB_LONG,1,-18.74,no_move,11:05,-0.3833734515352551,1.0609522691246378,-3.7410027593494997,0.14513004168379712,0.13045265073680332,-0.03068389562905105,-0.010119653767820758,0.11983286815205746,0.1312465404822548,0.24658016790935244,0.864516129032258,212.9125
2022-12-14,2022,LONG,PM_LONG,1,-77.74,no_move,11:00,0.22138265478741728,1.4960640577421875,-2.962264576519679,0.12971692793504463,-0.09946994473892451,0.021549201118650663,0.022724313061596613,0.17135597790006066,0.07049104516351917,0.04736664035186647,0.9235412474849095,221.675
2022-12-14,2022,LONG,PM_LONG,1,-407.24,stop,13:35,0.22138265478741728,1.4960640577421875,-2.962264576519679,0.12971692793504463,-0.09946994473892451,0.021549201118650663,0.022724313061596613,0.2199076073292624,0.18480706393224253,0.27292207059884965,0.9906542056074766,221.675
2022-12-15,2022,SHORT,ORB_SHORT,2,205.76,no_move,10:30,0.5344326959951788,1.7857448090724835,-2.483569824138495,0.1473292061578909,-0.03862378787048704,0.03195631838847923,-0.005867806697682165,0.2194422298187084,0.08613791643805807,0.10518818824302854,0.8745098039215686,228.1625
2022-12-15,2022,SHORT,ORB_SHORT,1,-67.74000000000001,no_move,13:05,0.5344326959951788,1.7857448090724835,-2.483569824138495,0.1473292061578909,-0.03862378787048704,0.03195631838847923,-0.005867806697682165,0.5138211281767033,0.1336351741368683,0.16764367501232674,0.956081081081081,228.1625
2022-12-19,2022,SHORT,ORB_SHORT,1,59.260000000000005,no_move,10:35,-1.497138769670957,-0.37330880850194126,-4.321954833435517,0.08305742898017457,-0.06049458409973878,-0.023327313381492965,-0.059190224707466044,0.10312247311364282,0.07458130861503691,0.16554261189454322,0.7771317829457365,244.65
2022-12-19,2022,SHORT,ORB_SHORT,1,114.76,eod,13:40,-1.497138769670957,-0.37330880850194126,-4.321954833435517,0.08305742898017457,-0.06049458409973878,-0.023327313381492965,-0.059190224707466044,0.20112061982986496,0.08362985701274353,0.11649294911097485,0.8699300699300699,244.65
2022-12-21,2022,LONG,PM_LONG,1,-15.74,no_move,10:30,-2.03594704684318,-1.1293890020366575,-4.956359470468429,0.028533604887980447,-0.25656822810590335,-0.04099978545376526,-0.051037088932764374,0.2871315526063861,0.17490194782370141,0.11405295315682282,0.9726495726495726,245.5
2022-12-21,2022,LONG,PM_LONG,1,-4.24,no_move,13:00,-2.03594704684318,-1.1293890020366575,-4.956359470468429,0.028533604887980447,-0.25656822810590335,-0.04099978545376526,-0.051037088932764374,0.2976636547090643,0.10660151828043903,0.1109979633401222,0.9656488549618321,245.5
2022-12-22,2022,SHORT,ORB_SHORT,1,169.26,rev_exit,11:10,-1.2780510064391812,-0.4968006895502695,-4.213932971657456,0.0582872788115357,-0.27353850834051613,-0.03732942849260412,-0.01658464673618487,0.2528309291005271,0.055819731310353435,0.009126400648988491,0.9390103567318757,246.5375
2022-12-28,2022,SHORT,VWAP_SHORT,1,95.26,no_move,10:50,-2.193223952539862,-1.975639599555061,-5.223980348535408,0.0699851687059696,-0.4785873192436,-0.018644410042404247,-0.06256027775991768,0.2684209391878158,0.1364493159266305,0.07601038190582128,0.9685185185185186,269.7
2022-12-30,2022,SHORT,MOM_SHORT,1,-36.239999999999995,no_move,13:20,-1.5131087826595302,-1.5070558078877572,-4.591716508521836,-0.011962045239911531,-0.3871925169762109,-0.026431815175697704,-0.06277455911377094,0.10684376050851581,0.12718185008652444,0.16189234159284077,0.6839826839826839,277.9625
2023-01-11,2023,LONG,PM_LONG,1,48.76,no_move,10:30,0.11943057866518496,-0.6620262525420598,-3.537691809946383,-0.133462747273061,-0.19425956738768183,0.02599685024992593,0.015795539285472282,0.03199098909533499,-0.012043815926355282,-0.026807173229802184,0.6403061224489796,270.45
2023-01-11,2023,LONG,PM_LONG,1,-18.24,no_move,13:00,0.11943057866518496,-0.6620262525420598,-3.537691809946383,-0.133462747273061,-0.19425956738768183,0.02599685024992593,0.015795539285472282,0.22970793050072724,0.06447379363712778,0.07395082270290257,0.9847908745247148,270.45
2023-01-12,2023,LONG,MOM_LONG,1,-76.74,no_move,10:15,0.8956114579507896,0.08753213367608934,-2.7084695189129655,-0.11676459786998991,-0.16571795813441056,0.04095283598389199,0.04602194787379976,0.3048320063137718,0.26325582783693563,0.3268453911127433,0.8951807228915662,272.3
2023-01-12,2023,LONG,ORB_LONG,1,-129.24,eod,13:50,0.8956114579507896,0.08753213367608934,-2.7084695189129655,-0.11676459786998991,-0.16571795813441056,0.04095283598389199,0.04602194787379976,0.40130438444803535,0.12033696291151214,0.17811237605582078,0.975071907957814,272.3
2023-01-13,2023,LONG,PM_LONG,1,14.260000000000002,no_move,13:40,1.1401428378924685,0.3177828684364173,-2.349000583928492,-0.0629205408076188,-0.1374028657413685,0.05964031593248431,0.06872125969622367,0.2618592671286614,0.0911724708281726,0.11858240129362618,0.9605678233438486,278.2875
2023-01-17,2023,LONG,PM_LONG,2,-69.24000000000001,no_move,10:30,1.6341352009744183,0.5528826634185923,-2.2743909866017082,0.04397076735688155,-0.1324096630125833,0.03194645844952593,0.05607177918312378,0.0703317921274276,-0.023890404102977915,-0.11063743402354852,0.6777163904235728,246.3
2023-01-19,2023,SHORT,ORB_SHORT,1,36.76,no_move,10:30,1.4517332163229502,0.2931987713909597,-2.4798705572619584,0.19313295304958059,0.07843352347520842,0.0076060586191069035,0.048870384274110945,0.11424355441663686,0.07717038966959085,0.12944273804300133,0.8260869565217391,227.9
2023-01-20,2023,LONG,PM_LONG,1,95.26,no_move,10:30,0.9298503401360576,-0.20122993197278627,-2.848642176870751,0.22053877551019901,0.19553741496598007,-0.007301649390442644,0.05190319386556741,0.16577492971087293,0.08076156039472802,0.0707482993197279,0.8828633405639913,229.6875
2023-01-20,2023,LONG,PM_LONG,1,255.26,eod,13:00,0.9298503401360576,-0.20122993197278627,-2.848642176870751,0.22053877551019901,0.19553741496598007,-0.007301649390442644,0.05190319386556741,0.26226810886399493,0.010051839863604289,-0.006530612244897959,0.9239766081871345,229.6875
2023-01-23,2023,LONG,PM_LONG,2,51.76,no_move,11:00,1.9222412501337869,0.8291341110992224,-1.6591030718184723,0.25004816440115096,0.20544792893075497,0.008706736378170543,0.046181769292820585,0.45545611002774955,0.195692105234591,0.127368083056834,0.9723926380368099,233.575
2023-01-23,2023,LONG,PM_LONG,1,-46.24,no_move,13:00,1.9222412501337869,0.8291341110992224,-1.6591030718184723,0.25004816440115096,0.20544792893075497,0.008706736378170543,0.046181769292820585,0.4161374862043035,0.05863415249138004,0.10703200256876806,0.968476357267951,233.575
2023-01-24,2023,LONG,PM_LONG,1,-62.74,no_move,13:40,2.8247188521411526,1.8042656916514348,-0.6242701235388596,0.3160600520746715,0.33122818680406,0.02959552067795146,0.06248745119910759,0.12912237421293205,0.06823399353974947,0.06647831145088916,0.8021978021978022,225.6375
2023-01-26,2023,LONG,PM_LONG,1,36.76,no_move,13:35,2.2885983149141076,1.6346208556734845,-0.6355782908414522,0.21599737389211232,0.591311959733006,0.030888700895859156,0.0387297007846481,0.1911585515755787,0.12343324502137347,0.14662435715067296,0.7383040935672515,228.475
2023-01-27,2023,LONG,PM_LONG,1,52.76,no_move,13:40,2.801269315673286,2.4063576158940436,0.1847902869757155,0.20304635761589307,0.6793598233995585,0.055800004378187884,0.04809092291979056,0.3815236920510135,0.0720505113261065,0.10375275938189846,0.9892344497607656,226.5
2023-01-30,2023,SHORT,ORB_SHORT,1,-61.24,no_move,10:40,3.5355571643370287,3.3802305507601518,1.2080581388873406,0.1834604889458163,0.7745169014868869,0.05193942898755588,0.061098388281553895,0.38753583444251816,0.24177348480731087,0.268419000946706,0.9390625,224.4625
2023-01-31,2023,LONG,PM_LONG,1,24.76,no_move,10:50,1.9504347826086972,2.001804347826091,-0.05413043478261186,0.11063043478260744,0.7751630434782625,0.006614034350984843,0.03640530081933546,0.14422617202218807,0.04137518751750853,0.025,0.7903930131004366,230.0
2023-01-31,2023,LONG,PM_LONG,1,-8.24,eod,13:45,1.9504347826086972,2.001804347826091,-0.05413043478261186,0.11063043478260744,0.7751630434782625,0.006614034350984843,0.03640530081933546,0.21858232117160895,0.07061393427817245,0.09456521739130434,0.9714285714285714,230.0
2023-02-02,2023,LONG,PM_LONG,1,-9.74,no_move,10:30,3.2178013876843004,3.7231569817866412,1.8548514744145717,0.17523850823937492,0.779813529921946,0.04422935297211983,0.0764842411227522,0.353548040015154,0.276652856688547,0.2634431916738942,0.9454545454545454,230.6
2023-02-02,2023,LONG,PM_LONG,1,-188.24,eod,13:00,3.2178013876843004,3.7231569817866412,1.8548514744145717,0.17523850823937492,0.779813529921946,0.04422935297211983,0.0764842411227522,0.4160008593731722,0.10899324172767376,0.1637033824804857,0.992797118847539,230.6
2023-02-07,2023,LONG,PM_LONG,1,256.76,stop,11:30,2.4868182524473004,3.713430362044856,2.206914590563008,0.31998756927539385,0.96695499041798,0.042802611543355296,0.049699743837399835,0.2753881115448843,0.1482604897280328,0.14088154555342622,0.9278131634819533,241.3375
2023-02-07,2023,LONG,PM_LONG,1,238.26,stop,13:25,2.4868182524473004,3.713430362044856,2.206914590563008,0.31998756927539385,0.96695499041798,0.042802611543355296,0.049699743837399835,-0.11916030994864389,-0.33138779692077996,-0.4392189361371523,0.23485477178423236,241.3375
2023-02-08,2023,SHORT,ORB_SHORT,1,64.26,no_move,11:00,2.8764360608036954,4.292961420759546,2.904605428184418,0.3363066272011241,0.8447298449806795,0.04885811718507793,0.06602108977859933,0.28731450209651915,0.1155453584813188,0.10033612602217429,0.9044684129429892,249.1625
2023-02-13,2023,LONG,PM_LONG,1,-82.74,no_move,13:25,0.8418902288949067,2.588648781688406,1.4578882599064715,0.29851833620477597,0.5450652227418178,-0.02395992158571114,0.0036038604064014823,0.3200178622632128,0.06513820866538533,0.11715481171548117,0.9743276283618582,253.9375
2023-02-14,2023,LONG,ORB_LONG,1,-407.24,stop,10:00,1.3723036078319848,3.1909164177689306,2.1540368842744013,0.2848907220404865,0.5002607500118509,0.0016202268317564439,0.044492188314803505,0.44444399949236507,0.365553387379691,0.33660456075475276,0.9477317554240631,263.6625
2023-02-14,2023,LONG,ORB_LONG,2,134.76,no_move,13:15,1.3723036078319848,3.1909164177689306,2.1540368842744013,0.2848907220404865,0.5002607500118509,0.0016202268317564439,0.044492188314803505,0.27972480728191623,0.15336705222234884,0.060683639121983594,0.7197170645446508,263.6625
2023-02-15,2023,LONG,MOM_LONG,1,35.76,no_move,11:05,1.51501314515013,3.426650062266504,2.4674968866749682,0.2600618052672831,0.49725566163922597,-0.005556759739108186,0.04302986462746716,0.08443281121885536,0.07778263425243967,0.12268806789354735,0.7319347319347319,271.0125
2023-02-17,2023,SHORT,ORB_SHORT,1,7.76,no_move,11:00,1.0247992109341948,3.2998356112911527,2.450068103893665,0.2563712366727777,0.6250058710253213,0.012784690534102472,-0.013162275976887683,0.1404714416912932,0.08790837165633981,0.09299704100324081,0.8607843137254902,266.1375
2023-02-24,2023,SHORT,ORB_SHORT,1,-52.24,no_move,10:30,-0.7368677754474968,1.7157684241330518,1.0820562844461754,0.24866604887089522,0.11013022484514602,-0.0297520989222555,-0.01734777976561397,0.0806295776773276,0.022652593787348296,-0.04389601521728527,0.7940503432494279,256.2875
2023-02-24,2023,SHORT,ORB_SHORT,2,-129.24,no_move,13:20,-0.7368677754474968,1.7157684241330518,1.0820562844461754,0.24866604887089522,0.11013022484514602,-0.0297520989222555,-0.01734777976561397,0.031696215945183265,-0.04118040741979295,-0.09071843144905622,0.6964656964656964,256.2875
2023-02-27,2023,LONG,ORB_LONG,1,-81.74,no_move,10:30,-1.5794677911880208,0.7855169405263952,0.17984586302166333,0.1971208375745204,0.012553923707047032,-0.03199628560469947,-0.027165202572477787,0.01815215724999657,-0.02148160576972231,-0.10566623042993555,0.5030120481927711,257.8875
2023-02-28,2023,LONG,PM_LONG,1,-107.74,eod,13:30,-1.237051301041818,1.1742260405865814,0.57945489557103,0.14970621636300652,-0.0049375401175134545,-0.022600925869771804,-0.03444901545712342,0.2466083492187094,0.04100629778185843,0.05826297338665877,0.9196078431372549,253.1625
2023-03-01,2023,SHORT,ORB_SHORT,1,-69.74000000000001,no_move,11:10,-1.1617479291701787,1.203273647140518,0.6742175487326986,0.17171767273448593,-0.035018104260704244,-0.00020642817331706365,-0.04030356470564922,0.27902348972563,0.17618757893383283,0.2966122712167055,0.9467741935483871,252.0125
2023-03-03,2023,LONG,PM_LONG,1,6.76,no_move,10:30,-1.3451396213845557,0.8928662632543203,0.4483650696719033,0.25510464664408455,-0.2567034919224972,-0.014831028557401149,-0.044141873250898134,0.18648485608676765,0.09575808111704433,0.0721700993726753,0.8404907975460123,225.1625
2023-03-03,2023,LONG,PM_LONG,1,37.76,no_move,13:05,-1.3451396213845557,0.8928662632543203,0.4483650696719033,0.25510464664408455,-0.2567034919224972,-0.014831028557401149,-0.044141873250898134,0.34813489918450596,0.09912881417291122,0.08438350080497418,0.9727272727272728,225.1625
2023-03-06,2023,LONG,PM_LONG,2,-43.239999999999995,no_move,10:40,-0.09359605911329885,2.005082848186299,1.6267017465293339,0.32507836990595673,-0.3330721003134796,0.02650567233900558,-0.0063386963279972175,0.3292511873974025,0.1816216734472634,0.16345723242274965,0.974308300395257,223.3
2023-03-07,2023,SHORT,ORB_SHORT,1,31.76,no_move,10:40,0.08861466301859237,2.0257747501256387,1.7611871126249374,0.42447931207772466,-0.26874755709420006,0.020786365798672213,-0.0022843511836173613,0.09503176733675663,0.060826019009580734,-0.050254062203361434,0.6388140161725067,223.8625
2023-03-07,2023,SHORT,ORB_SHORT,1,153.26,eod,13:00,0.08861466301859237,2.0257747501256387,1.7611871126249374,0.42447931207772466,-0.26874755709420006,0.020786365798672213,-0.0022843511836173613,0.07224305240833313,0.08653647330159638,0.18649840862136355,0.6711590296495957,223.8625
2023-03-08,2023,LONG,PM_LONG,1,29.26,no_move,10:30,-0.5917075396372761,1.1668985970115167,0.9867799703433335,0.46531310596555525,-0.2289836888331242,0.004501063324592769,0.004293706004995457,0.20016589370022653,0.1514302785975284,0.27489449070377553,0.9475982532751092,219.175
2023-03-09,2023,LONG,PM_LONG,1,-407.24,stop,10:30,-0.5048334498019998,1.0930817610062855,1.0206440717446972,0.5134404845096713,-0.24242953645469537,0.01701113874318194,0.007723846599850814,0.12049047206225616,0.08531559812082347,0.17004425809457255,0.8279352226720648,214.65
2023-03-10,2023,SHORT,ORB_SHORT,1,-27.24,no_move,13:15,-0.9943676692602484,0.3883637208222021,0.44032052026478163,0.5501567762164734,-0.29659737545000747,8.30582030357796e-05,-0.01474920219294662,0.32545202221324643,0.14554080057321117,0.09174311926605504,0.9181286549707602,215.275
2023-03-13,2023,LONG,PM_LONG,1,74.66,stop,11:10,-1.6449741168439598,-0.4687183571306709,-0.3247340576824653,0.5266738722339217,-0.2740770237214875,-0.03534932856591433,-0.00978061394728058,0.5050661408975268,0.23670373835632275,0.17748449854940554,0.878125,219.7375
2023-03-14,2023,LONG,PM_LONG,2,31.76,no_move,10:30,-0.7029129427341972,0.23731656184486566,0.490593622420832,0.48869027915701363,-0.2906322409798016,-0.023422620253677473,-0.003123125607561672,0.22521236825543217,0.1440861602842265,0.22288425466181178,0.9344262295081968,226.575
2023-03-16,2023,LONG,PM_LONG,1,653.02,stop,10:40,0.34032582012943535,0.8544298147734858,1.3425518857397898,0.4951796474001326,-0.33234769024771094,0.005568683859036305,0.022674552255961267,0.25002223247087396,0.17541147094769122,0.1595625976344566,0.9288321167883211,224.05
2023-03-16,2023,LONG,PM_LONG,1,-57.24,no_move,13:00,0.34032582012943535,0.8544298147734858,1.3425518857397898,0.4951796474001326,-0.33234769024771094,0.005568683859036305,0.022674552255961267,0.7378533543311422,0.14724064293426664,0.1338986833296139,0.998631074606434,224.05
2023-03-20,2023,LONG,ORB_LONG,1,-86.24,no_move,10:55,1.757797870632925,2.0982504948905873,2.7187790915413825,0.5120111283505431,-0.22449307153175638,0.043705749226584656,0.04379243755061357,0.22315437870253135,0.12731316314031824,0.18404579744261945,0.9425051334702259,233.6375
2023-03-22,2023,LONG,PM_LONG,1,-18.74,no_move,10:30,2.8057734379168684,3.038535830531991,3.917240275332161,0.6145029614214821,0.15564804439464122,0.06655877837254653,0.04157717712850029,0.17853037839742578,0.12445948531807169,0.1995624566458567,0.882183908045977,234.2625
2023-03-23,2023,LONG,PM_LONG,1,-41.24,no_move,11:25,2.8046295802442764,3.062627340124804,4.07760413888741,0.6617312923355952,0.32807083044429347,0.06981762350353748,0.0598343302295945,0.18102506701375146,-0.0497197946370198,-0.15040802176116058,0.7018970189701897,234.3625
2023-03-28,2023,SHORT,ORB_SHORT,1,-93.74,eod,13:45,2.1549948784301054,2.5502183406113503,3.885853684834759,0.6282602835732387,0.47824680575771805,0.014714596089275167,0.08196617736874257,0.17032317413146617,0.06013284077946705,0.05283303682139199,0.9425287356321839,231.8625
2023-03-29,2023,LONG,PM_LONG,1,30.26,no_move,11:20,1.3893643360783696,1.817708165132674,3.219349803541631,0.5831314925453516,0.44905538511222504,-0.01200248998171416,0.05375741732022066,-0.0018116740474925525,0.061572124300125895,0.0441358523063674,0.5158227848101266,232.2375
2023-03-29,2023,LONG,PM_LONG,1,9.76,no_move,13:05,1.3893643360783696,1.817708165132674,3.219349803541631,0.5831314925453516,0.44905538511222504,-0.01200248998171416,0.05375741732022066,0.09937200863577669,0.04793254782634923,0.04198288390117875,0.8765822784810127,232.2375
2023-03-30,2023,LONG,PM_LONG,1,-22.74,no_move,10:30,2.268920757877107,2.7520150737988067,4.190144457238565,0.5402072647335892,0.48497854077253527,0.005313990923548451,0.07550262464468749,0.08277961677273708,0.05450760550446948,0.13503611430964096,0.6842105263157895,238.825
2023-03-31,2023,LONG,PM_LONG,1,92.26,no_move,10:30,2.5128259151962107,3.1019436397155618,4.647858835923101,0.5577034500921796,0.5407953647616524,0.01980101443620752,0.06823197645904866,0.12413032800947808,0.08464431206802953,0.08954437713984725,0.9917127071823204,237.3125
2023-03-31,2023,LONG,PM_LONG,1,67.76,eod,13:55,2.5128259151962107,3.1019436397155618,4.647858835923101,0.5577034500921796,0.5407953647616524,0.01980101443620752,0.06823197645904866,0.2077104472789921,0.032248568501231055,0.06636818540953385,0.9275808936825886,237.3125
2023-04-03,2023,SHORT,ORB_SHORT,1,-47.24,no_move,11:10,3.085484040872225,3.777372801011272,5.433171810807963,0.6005688401980435,0.6705993890234895,0.033097110816914466,0.05562186679398429,0.25057818647508084,0.12336701050536128,0.053723796481618034,0.8969298245614035,237.325
2023-04-05,2023,SHORT,ORB_SHORT,2,160.76,no_move,10:30,2.530708748006821,3.3953043382635912,5.300687304118327,0.666454060592732,0.663111013361192,0.039477052117584455,0.027000739213321356,0.19457118668551737,0.12141897273178393,0.08357618078847528,0.9851485148514851,227.3375
2023-04-06,2023,LONG,ORB_LONG,1,239.76,eod,11:00,1.6745680106335876,2.6395879486043388,4.629430660168362,0.6546078865751033,0.5917700487372619,0.0066556061424492,0.012004964896629389,0.16856305277716643,0.08060761202156058,0.09858218874612318,0.9061728395061729,225.7
2023-04-11,2023,SHORT,ORB_SHORT,1,-17.240000000000002,no_move,10:35,1.6474423269809428,2.8756714588209036,5.031878970244069,0.5678368438649327,0.665385044020955,-0.00934720337705408,0.02344054201386192,0.11555822091933196,0.0649903912833384,0.07021063189568706,0.8544474393530997,224.325
2023-04-12,2023,SHORT,ORB_SHORT,1,-80.24,no_move,10:35,1.348637681159417,2.83888695652174,5.135855072463771,0.5244521739130394,0.7786666666666734,-0.008198269673958203,0.02197566909975679,0.23079400802307012,0.1968474194091117,0.3130434782608696,0.923728813559322,215.625
2023-04-13,2023,LONG,PM_LONG,1,86.76,no_move,13:10,0.4367115349791755,2.115796462847833,4.571805396269693,0.5165690831170329,0.7916339711474618,-0.017179982573777286,0.021618854476362914,0.2683195328289913,0.061105975405577606,0.07484758857970665,0.9534109816971714,207.0875
2023-04-20,2023,SHORT,MOM_SHORT,1,-63.74,no_move,11:05,0.808448129529283,3.179813279362802,5.997225305216424,0.36477116928902603,0.38271201932493115,0.018540289475205807,0.0010417850513315674,0.08448432574010849,0.10886821693853362,0.17496898870536004,0.4933035714285714,191.4625
2023-04-21,2023,LONG,PM_LONG,1,-79.74,no_move,13:40,-0.07379629009575912,2.3626866671131035,5.262070581932637,0.2943012120806241,0.27884550994441454,-0.01168029683477212,0.0004982656522489748,0.2588049875849634,0.0967219478998779,0.1406281390209603,0.949290060851927,186.6625
2023-04-25,2023,SHORT,ORB_SHORT,1,93.26,no_move,11:50,-0.16840205469943484,2.3574899347494083,5.442357351103704,0.31012078300708684,0.17416354296821376,-0.007165801828514895,-0.006353675239689549,0.22918279319969925,0.09845899689532156,0.06941552131056504,0.9636363636363636,180.075
2023-04-25,2023,SHORT,ORB_SHORT,1,15.260000000000002,eod,13:45,-0.16840205469943484,2.3574899347494083,5.442357351103704,0.31012078300708684,0.17416354296821376,-0.007165801828514895,-0.006353675239689549,0.4551313731042025,0.08842651914101252,0.05692072747466334,0.9414483821263482,180.075
2023-04-27,2023,LONG,PM_LONG,1,86.26,no_move,10:30,-1.1743926277576076,1.3211393465512384,4.4662524434515545,0.27095783300754667,0.11630829377268309,-0.024503774905863862,-0.006417792510648113,0.2784741079330138,0.17240942934570352,0.09773806199385646,0.9942363112391931,179.05
2023-04-28,2023,LONG,PM_LONG,2,-82.24,no_move,10:30,0.6621557293437587,3.1007140428425743,6.193043182590952,0.2914654879292698,0.1290037402244115,0.013982799241480937,0.002139179160987492,0.2188807161514719,0.08914123771611088,0.01088065283917035,0.8426501035196687,183.8125
2023-04-28,2023,LONG,PM_LONG,2,3.76,no_move,13:00,0.6621557293437587,3.1007140428425743,6.193043182590952,0.2914654879292698,0.1290037402244115,0.013982799241480937,0.002139179160987492,0.20180954326594386,0.05214746109618774,0.058483509010540634,0.8385093167701864,183.8125
2023-05-01,2023,SHORT,VWAP_SHORT,1,-26.74,no_move,10:30,0.9282873988756343,3.38173591114768,6.524681201151786,0.3010283833813158,0.18942821883998556,0.01756803306923871,0.012048192771084265,0.03150324101234093,0.008990371921448028,0.017825311942959002,0.6328502415458936,182.325
2023-05-04,2023,SHORT,ORB_SHORT,1,-58.74,no_move,10:35,0.20410122762499544,2.3979699609080285,5.702564981825666,0.3908648240861383,-0.0038406144983237234,0.0210846879000659,-0.0039357414520615475,0.16021922677191164,0.0922726824168412,0.03840614498319731,0.8525073746312685,182.2625
2023-05-05,2023,LONG,PM_LONG,1,-14.24,no_move,11:05,-0.36773970231913955,1.7452682589131143,5.169740394600209,0.4309865005192193,-0.012945655936308127,-0.013374388423975647,0.0004213994291952794,0.254024222174037,0.020608459336223135,-0.037383177570093455,0.8576051779935275,180.5625
2023-05-05,2023,LONG,PM_LONG,1,108.26,no_move,13:20,-0.36773970231913955,1.7452682589131143,5.169740394600209,0.4309865005192193,-0.012945655936308127,-0.013374388423975647,0.0004213994291952794,0.30436029593950986,0.0648521584712595,0.05261336102457598,0.978494623655914,180.5625
2023-05-08,2023,SHORT,ORB_SHORT,1,-85.74,no_move,10:30,1.1373162765378295,3.123380511703862,6.607627925966255,0.49569951007077473,0.04007893304301084,0.003629729933047443,0.02126153021778232,0.0998368922880748,0.0749726732152205,0.11976047904191618,0.9259259259259259,183.7
2023-05-11,2023,SHORT,ORB_SHORT,1,-54.74,no_move,10:30,1.3173478784444266,3.18373592122972,7.141170220301765,0.6729475100942126,0.2207976198909096,0.018502688018844582,0.039977499321100174,0.09636847486212718,0.08202083670157817,0.038251753205355246,0.8636363636363636,176.4625
2023-05-12,2023,SHORT,ORB_SHORT,1,7.76,no_move,10:30,1.6464304133205607,3.503750092094599,7.754144256980768,0.7481028512487985,0.24511898622264577,0.031112983208562373,0.01732247766212658,0.27069996640443517,0.17830797539540688,0.17682163117954763,0.9922480620155039,169.6625
2023-05-12,2023,SHORT,ORB_SHORT,1,-55.24,eod,13:55,1.6464304133205607,3.503750092094599,7.754144256980768,0.7481028512487985,0.24511898622264577,0.031112983208562373,0.01732247766212658,0.4304730540194765,0.1096100163917388,0.18124217195903633,0.9708879184861717,169.6625
2023-05-15,2023,LONG,ORB_LONG,1,15.760000000000002,no_move,11:15,0.8889218448761701,2.656503040189825,7.080379652973459,0.7663947797716133,0.26672104404567487,0.00024360535931799987,0.0038742195140299973,0.20136137912305838,0.1370435697994988,0.19724158386474863,0.9519230769230769,168.575
2023-05-15,2023,LONG,PM_LONG,1,-33.239999999999995,no_move,13:10,0.8889218448761701,2.656503040189825,7.080379652973459,0.7663947797716133,0.26672104404567487,0.00024360535931799987,0.0038742195140299973,0.3645825117344404,0.11256896437728071,0.10381135992881507,0.9334637964774951,168.575
2023-05-17,2023,LONG,VWAP_LONG,1,258.76,eod,11:20,1.8326466401977632,3.498539216420703,8.253472170200013,0.8022473593527591,0.25942018128698996,0.019972490720328695,0.024159981837445166,0.034815605802079735,-0.03655366455208142,-0.04644542662371713,0.546242774566474,166.8625
2023-05-18,2023,LONG,PM_LONG,1,73.98,stop,10:40,2.3983445421624396,4.017086689823372,8.84343359692558,0.791486216835409,0.324883600620801,0.01876340576331259,0.03761326722516678,0.21256641980418178,0.05181825291328433,-0.048776882713768385,0.8122743682310469,169.1375
2023-05-18,2023,LONG,PM_LONG,2,51.76,no_move,13:25,2.3983445421624396,4.017086689823372,8.84343359692558,0.791486216835409,0.324883600620801,0.01876340576331259,0.03761326722516678,0.15449827329220617,-0.04463778655337644,-0.002956174709925357,0.720098643649815,169.1375
2023-05-19,2023,SHORT,ORB_SHORT,1,44.26,no_move,11:05,3.1452910207663063,4.7787364726528185,9.73239251243054,0.8191284001169972,0.4603685288095977,0.02692464812270212,0.05887533745620255,0.10185691919364108,0.06669628741816443,0.0029248318221702253,0.8327137546468402,170.95
2023-05-22,2023,LONG,PM_LONG,1,62.260000000000005,no_move,13:15,3.099860078061715,4.778967523381692,9.951668016790629,0.8610354223433221,0.5914279402017757,0.03818052381130799,0.03843343015084799,-0.06064774067531341,-0.003788527478648614,-0.03534870019883644,0.44862155388471175,169.7375
2023-05-24,2023,SHORT,ORB_SHORT,2,-10.24,no_move,10:45,2.0112461317835284,3.8099177296399684,9.525322665861578,1.01776737867009,0.7704732432636446,0.01594221639295812,0.03623311288225661,0.22184679943089913,0.08908710806855738,0.0649105592874934,0.9210526315789473,165.6125
2023-05-25,2023,LONG,VWAP_LONG,1,95.76,no_move,10:45,1.0762711864406822,2.8967151642417845,8.747405129743507,1.0432278386080756,0.7516124193790288,-0.0016660258874792166,0.017066119556094383,0.22183167805682055,0.15852578557779337,0.19649017549122544,0.6492374727668845,166.675
2023-05-31,2023,SHORT,ORB_SHORT,1,-32.239999999999995,no_move,10:30,4.197702749738949,6.181524538809603,12.375391576749044,1.0302819352593109,0.9369300382875003,0.048294421412466315,0.0650065579221546,0.29158659727427944,0.1653028027777467,0.06961364427427776,0.8496376811594203,179.5625
2023-06-01,2023,LONG,PM_LONG,1,317.26,eod,10:40,3.2783928695773317,5.419678295383328,11.757892904393842,1.0161409372606356,0.9579416475175804,0.04933064368237661,0.04758243166547671,0.31650161678390665,0.2516658160245569,0.3286679200612771,0.9752252252252253,179.5125
2023-06-02,2023,LONG,PM_LONG,1,-37.739999999999995,no_move,11:00,3.9554655870445345,6.249716599190284,12.540445344129557,0.9510931174089097,1.0280701754386004,0.03789597813075085,0.05037610299435835,0.2696576872511682,0.16847741133849986,0.16464237516869096,0.7908082408874801,185.25
2023-06-05,2023,LONG,PM_LONG,1,79.76,no_move,10:35,4.112881712881715,6.6500526500526504,13.364612144612144,0.9490487890487879,1.08192348192348,0.015386489826466843,0.052710408546268184,-0.02217843371694587,-0.014653446212015057,0.002808002808002808,0.49107142857142855,178.0625
2023-06-06,2023,LONG,PM_LONG,1,-17.240000000000002,no_move,10:45,3.696672917969025,6.356157532819342,13.156338125998467,0.927748836563168,1.094672501215531,0.011973969631236425,0.04713593104686664,0.27701960959775684,0.1711670766209959,0.2139334583593804,0.9795918367346939,179.9625
2023-06-07,2023,SHORT,ORB_SHORT,1,12.760000000000002,no_move,13:20,3.3655410062026148,6.176126809097172,13.06992419021365,0.9195037904893157,1.0465885596140634,0.012280580031915678,0.06116808495163295,0.7794641939032944,0.09926655654987661,0.17918676774638181,0.9391371340523883,181.375
2023-06-12,2023,LONG,ORB_LONG,1,23.76,no_move,10:45,2.1836328626444197,5.141181001283702,11.928408215661108,0.8389216944800986,0.8211168164313147,-0.0013370588134460348,0.014028858371190278,0.12604073095288382,0.08408639087348713,0.10269576379974327,0.8424908424908425,194.75
2023-06-12,2023,LONG,PM_LONG,1,148.76,eod,13:45,2.1836328626444197,5.141181001283702,11.928408215661108,0.8389216944800986,0.8211168164313147,-0.0013370588134460348,0.014028858371190278,0.3468207073387399,0.09385189417340098,0.12836970474967907,0.9513184584178499,194.75
2023-06-15,2023,LONG,PM_LONG,1,96.76,no_move,10:30,2.996932515337423,6.31710429447853,13.116110429447849,0.780245398772999,0.976134969325157,0.04154256153002045,0.04501922404753578,0.13810165997917237,0.03484112073280249,0.0196319018404908,0.7559808612440191,203.75
2023-06-15,2023,LONG,PM_LONG,1,184.26,eod,13:40,2.996932515337423,6.31710429447853,13.116110429447849,0.780245398772999,0.976134969325157,0.04154256153002045,0.04501922404753578,0.4080987442641657,0.12697831419910063,0.12147239263803682,0.978110599078341,203.75
2023-06-21,2023,SHORT,ORB_SHORT,1,-84.74,no_move,11:10,3.353580600848112,6.9617392343068705,13.974287762049808,0.9340978319297656,0.9843516693543606,0.031668160979818394,0.04578581840006857,0.431643735425517,0.16184904690755098,0.18276294570865437,0.9591836734693877,209.2875
2023-06-27,2023,LONG,PM_LONG,1,290.26,eod,11:25,0.8531490596996051,5.025041019815722,12.937189196011616,1.0072194875678457,0.8089738735327583,-0.01940903348591494,0.025901577438679046,0.24727654387918618,0.21064166711404403,0.3256342294585384,0.9868766404199475,198.075
2023-06-28,2023,LONG,PM_LONG,2,46.76,no_move,10:30,1.5467820443482965,5.503371191635121,13.166895018328226,0.9469863589928431,0.5715401718646751,-0.007559235877674819,0.02386953800348479,0.37853494908913343,0.26161890096194496,0.23796646836127638,0.9387755102040817,208.0125
2023-06-29,2023,SHORT,ORB_SHORT,1,-58.24,no_move,10:30,1.288801452784507,5.255907990314767,13.105266343825662,0.9484019370460105,0.4844430992736007,-0.0004299866042635214,0.014723658585722887,0.08092944002111822,0.028888315155235197,-0.026634382566585957,0.6324200913242009,206.5
2023-06-30,2023,LONG,PM_LONG,2,-172.24,no_move,10:35,0.9545371106895919,4.971106895918742,13.015272593771034,0.9247017071529128,0.5371718778681969,-0.007013846584454253,0.008612616228510284,0.17860396192358774,0.059889343589162446,0.023251545003977237,0.8282097649186256,204.2875
2023-06-30,2023,LONG,PM_LONG,1,-44.24,no_move,13:30,0.9545371106895919,4.971106895918742,13.015272593771034,0.9247017071529128,0.5371718778681969,-0.007013846584454253,0.008612616228510284,0.16427289104881218,0.04659147427234748,0.05629321422015542,0.8589511754068716,204.2875
2023-07-07,2023,LONG,PM_LONG,1,-115.24,eod,13:35,0.7505982795420737,4.824888428950259,14.110051096306838,1.21629907509217,0.6297134726085026,0.01008107973669814,0.0029965260055648812,0.44794349545766965,0.0047903010388659325,-0.03233943470668133,0.9181692094313454,193.2625
2023-07-10,2023,SHORT,ORB_SHORT,1,-58.24,no_move,11:45,0.8643506493506531,4.948493506493502,14.38959090909091,1.1955064935064947,0.640649350649345,-0.0041680234451318965,0.014900607307603009,0.1804334452338823,0.13359948776407407,0.261038961038961,0.7306201550387597,192.5
2023-07-11,2023,LONG,ORB_LONG,1,-84.24,no_move,11:55,0.07302936630602408,4.085857805255026,13.542684183410614,1.1426841834106134,0.5872617207624992,-0.012209813434050698,0.015192076027305657,0.3023805583321033,0.19496414484600688,0.33874291602266876,0.996078431372549,194.1
2023-07-12,2023,LONG,PM_LONG,1,-66.74000000000001,no_move,10:30,0.1354283084609822,4.1443429097363795,13.896640589047395,1.1249227532706565,0.4802445598579975,-0.009319148242884379,0.004675831075275916,0.11249478706555105,0.00739088678993012,-0.1170205772138584,0.7218045112781954,190.1375
2023-07-13,2023,LONG,PM_LONG,2,112.76,no_move,11:00,1.3158295281582972,5.100177574835113,14.631506849315073,1.0568239472349026,0.40607559614409117,0.005396268123008863,0.023411260568157344,0.11172168094632054,0.07947140243533161,0.10147133434804669,0.9244604316546763,197.1
2023-07-13,2023,LONG,PM_LONG,1,35.76,no_move,13:25,1.3158295281582972,5.100177574835113,14.631506849315073,1.0568239472349026,0.40607559614409117,0.005396268123008863,0.023411260568157344,0.26763589035754687,0.04570665897211823,0.05327245053272451,0.9293361884368309,197.1
2023-07-14,2023,LONG,PM_LONG,2,-127.24,no_move,10:30,2.37599645704163,6.086068581551309,15.747804631152725,1.0756168543591011,0.4453372137163066,0.03168141302385141,0.04208187561141408,0.1357203824422276,0.036405243252494154,-0.12020751613311402,0.7692307692307693,197.575
2023-07-17,2023,LONG,PM_LONG,1,84.76,no_move,10:35,2.2084777915876272,5.886596454503825,16.033217766729898,1.1721331850591983,0.46699810296329836,0.02591393630240013,0.021637902963204114,0.036448909574792916,-0.0007935824161812293,-0.04579054098253418,0.6013745704467354,191.0875
2023-07-18,2023,LONG,VWAP_LONG,1,406.26,eod,11:35,2.7660475107404636,6.218473591104376,16.151541571897905,1.1952994692949193,0.4591230730351258,0.04441624365482233,0.0316641161723048,0.17602343899063427,0.0863432173315073,0.07328784432650999,0.9545454545454546,197.85
2023-07-19,2023,LONG,PM_LONG,2,-13.24,no_move,10:40,3.37314535492212,6.664458535984733,16.49184263990642,1.2416918057009203,0.4497321923290033,0.053760257865048455,0.04394010980954399,0.17064776603189366,0.15209609741736987,0.2536477251739211,0.9192982456140351,203.0375
2023-07-20,2023,SHORT,ORB_SHORT,2,-130.24,no_move,10:30,3.0350888244928775,6.347032883961194,16.56578682121708,1.3170467431019324,0.5645709965982182,0.03333548887739268,0.03891164423639548,0.5418667707042653,0.3557408401181919,0.3439586745621771,0.9607046070460704,198.425
2023-07-25,2023,LONG,PM_LONG,1,43.76,no_move,13:00,0.49291554834279827,3.496560763997252,13.957849073091566,1.1814243805005988,0.36589476312339875,-0.018525824115131484,0.025067572021886697,0.27104085958468255,0.07923936632336943,0.13107796017726733,0.9481641468682506,200.2625
2023-07-26,2023,SHORT,ORB_SHORT,1,-46.74,no_move,10:55,1.2034725302579032,4.171725492681069,14.902762816044614,1.1581522083518203,0.42018883467461243,-0.018837006055309358,0.03391056950680027,0.3114199676770625,0.23378898981695065,0.3307775172676003,0.9484777517564402,197.2625
2023-07-28,2023,LONG,PM_LONG,1,60.760000000000005,no_move,10:30,0.3558898733424511,2.993875245287508,13.215020514955103,0.9993221145269654,0.36938811916512876,0.0015887535506233785,-0.006953173479291586,0.2152800713807244,0.13032993102409537,0.08205982041981329,0.9979423868312757,210.2125
2023-08-02,2023,SHORT,ORB_SHORT,2,-163.24,no_move,11:55,1.1064570400881806,3.4732726112432584,13.65899518477693,0.9192550907930553,0.34420142716250096,0.007857608678363048,-0.01112741119920091,0.4797597897961133,0.17530203248177417,0.21929570110808144,0.9954954954954955,215.4625
2023-08-07,2023,SHORT,ORB_SHORT,1,-71.74,no_move,11:05,-0.9691685344120671,0.9155195976603043,10.659820696441258,0.7703274476575759,0.08423987317552685,-0.02955447728275251,-0.008418782093588484,0.18718683036949324,0.13662619284474467,0.15415732793964906,0.9090909090909091,228.6625
2023-08-08,2023,SHORT,ORB_SHORT,1,-27.74,no_move,10:50,-0.8290779351098211,1.0586018508194883,11.000897535957188,0.7062548779128134,0.13067231575426144,-0.024005432808477667,-0.006399022460890413,0.14946038937228162,0.05254676159473668,0.06912699297580556,0.8592592592592593,224.225
2023-08-09,2023,SHORT,ORB_SHORT,1,59.760000000000005,no_move,10:50,-1.365687131308719,0.43106838540528575,10.169472361809047,0.6050251256281448,0.11306532663316583,-0.032274355696542134,-0.02467034627558895,0.28087972423744256,0.17420417482376344,0.2075595368145073,1.0,228.85
2023-08-16,2023,SHORT,VWAP_SHORT,1,103.26,no_move,11:45,-1.6326405184936896,-0.7333780310649267,9.130321823667447,0.31612470667113807,-0.4667001899653528,-0.012524870348021744,-0.044394993923898785,0.18851627869225182,0.13280690440490805,0.13521063806011846,0.9066666666666666,223.725
2023-08-17,2023,SHORT,ORB_SHORT,1,-67.74000000000001,no_move,11:05,-2.166731355697254,-1.5327751594122543,8.209060160798444,0.27320210701413983,-0.5579151649570264,-0.01835238548209861,-0.0321777375331479,0.17727001874654805,0.06134411653637781,0.18297754366509564,0.8708609271523179,225.4375
2023-08-17,2023,SHORT,ORB_SHORT,2,363.76,eod,13:40,-2.166731355697254,-1.5327751594122543,8.209060160798444,0.27320210701413983,-0.5579151649570264,-0.01835238548209861,-0.0321777375331479,0.18405361959033525,0.147469676710188,0.16301635708344886,0.9254966887417219,225.4375
2023-08-21,2023,LONG,PM_LONG,2,77.76,no_move,11:00,-2.9777430012171795,-2.748322030951135,7.321080391815915,0.2068973511852964,-0.6077783573871245,-0.024439513858992568,-0.043538961038961044,-0.06324990138645986,0.004358851509519077,-0.0034776560598156845,0.3629191321499014,215.6625
2023-08-21,2023,LONG,PM_LONG,2,214.76,no_move,13:20,-2.9777430012171795,-2.748322030951135,7.321080391815915,0.2068973511852964,-0.6077783573871245,-0.024439513858992568,-0.043538961038961044,0.34085305490529266,0.14298077982121693,0.12983249289978555,0.9861111111111112,215.6625
2023-08-22,2023,SHORT,ORB_SHORT,1,-76.74,no_move,13:00,-1.5690440060698043,-1.5098746698139742,8.19943798122857,0.18171190917777047,-0.4855280166357524,-0.015090559779306734,-0.02943413323840194,0.2792764648322646,0.097706611544474,0.14837295565671893,0.8930817610062893,222.4125
2023-08-23,2023,LONG,PM_LONG,1,34.26,no_move,11:55,-1.370753490475383,-1.49275903001526,8.202916737324063,0.15275563846022877,-0.4674693346899554,-0.008736581337737359,-0.021152027137219087,0.37891814254109596,0.06995866725256357,0.12887909106325252,0.9721886336154776,221.1375
2023-08-24,2023,SHORT,ORB_SHORT,1,-71.74,no_move,11:35,-0.3120694483337984,-0.5364547745729468,9.006748809857184,0.14756650798095544,-0.35749089890787056,0.017292077388311622,-0.0013776589638035963,0.6981714654243236,0.19614290188025454,0.19042285074208906,0.9919137466307277,223.1875
2023-08-25,2023,SHORT,ORB_SHORT,2,-87.24,no_move,10:40,-1.4093097913322616,-1.7769856644711328,7.563281120274534,0.10777660928765216,-0.3772624121326207,0.011269798294300859,-0.019378763762860407,0.43086243689573483,0.28133094523588803,0.27121270825261523,0.9966405375139977,225.8375
2023-08-29,2023,LONG,PM_LONG,1,18.26,no_move,13:35,-0.5246206934326576,-1.212619817056474,7.8464150736703715,0.01060415183217428,-0.5068740756969897,0.004101367122374189,-0.011051084582669679,0.5262535286050386,0.0452919818541846,0.03286410691789451,0.9770710059171598,228.2125
2023-08-30,2023,LONG,PM_LONG,1,65.26,no_move,10:55,1.0868162181856065,0.33048456774059565,8.878103367511581,0.005308905428614527,-0.43215531150783476,0.027373752519951333,0.018398018166804198,0.13412073806632502,0.0895186572702154,0.11138291781606205,0.7410881801125704,240.1625
2023-09-01,2023,SHORT,ORB_SHORT,1,-15.74,no_move,10:55,1.8303047246295778,0.9917584568073775,10.077696393625947,0.04683254123567756,-0.0510483645513016,0.04240152605334502,0.054149180993637414,0.2677060197118185,0.1651409657324852,0.21358680458484763,0.9277286135693216,223.5625
2023-09-05,2023,LONG,PM_LONG,1,-30.24,no_move,11:00,1.6054972169621817,0.6916394101107517,9.933103804441382,0.18063923796407205,0.07390830320766793,0.030999900375253242,0.035228409469823196,0.32785419242904607,0.1952345313698227,0.17214666896195557,0.9935064935064936,217.8375
2023-09-08,2023,LONG,PM_LONG,1,-47.74,no_move,10:30,0.4280592734225587,-0.514579349904396,8.929421606118547,0.18102294455066437,0.09291347992351817,-0.01871709259021448,0.022890800174023562,0.025538052291310852,-0.029564975362469763,-0.09201720841300191,0.7083333333333334,209.2
2023-09-12,2023,SHORT,ORB_SHORT,1,80.76,eod,13:50,1.2455224333677373,0.3869588974561354,9.814959626009351,0.08861635601967482,0.11389715257118926,-0.0033981286135312816,0.0274964301132401,0.2165077216070725,0.1310578843562359,0.24649383765405866,0.8172043010752688,205.8875
2023-09-13,2023,LONG,PM_LONG,1,0.2599999999999998,no_move,10:40,0.39103377439429465,-0.4193100114796689,8.86937345175518,0.04396108996434944,0.14210621714699842,-0.01567826590338972,-0.00731382978723405,0.16141911539582085,0.12978273997245246,0.1510482750286992,0.8552915766738661,206.8875
2023-09-14,2023,LONG,ORB_LONG,1,54.26,no_move,10:40,0.3776049577738623,-0.34502703687952163,8.89709581384045,0.0130263077951287,0.1860987909350525,-0.0032535667225195297,-0.012363390180212153,0.30232233253196106,0.23529871793529067,0.30986086639528526,0.9956043956043956,205.7375
2023-09-19,2023,SHORT,ORB_SHORT,1,-38.74,no_move,10:35,0.4682247576984437,0.046865415286464346,9.247331615752667,0.03999509262667871,0.43424119739908856,0.008592471358428888,-0.006080449017773604,0.30294175075799973,0.190716148433389,0.2784934363881732,0.99581589958159,203.775
2023-09-22,2023,LONG,PM_LONG,1,-37.739999999999995,no_move,10:30,-2.0475958612294565,-2.3653317102860654,6.483633597078515,0.006305538648813501,0.06786366402921486,-0.026994826263648353,-0.03016056351775631,0.29494510707147853,0.20963645349003032,0.26293365794278756,0.9952718676122931,205.375
2023-09-25,2023,LONG,PM_LONG,1,-60.74,no_move,11:15,-1.9387503247596742,-2.195791114575214,7.078598337230454,-0.10166276955053526,-0.015328656793976242,-0.036131569193083135,-0.021609684279404573,0.3249144984046807,0.25294631658119776,0.4143933489217979,0.9684601113172542,192.45
2023-09-26,2023,SHORT,ORB_SHORT,1,-49.24,no_move,11:30,-2.4688381464069886,-2.681101410342514,6.732679650772335,-0.20647414372061942,-0.11773002014774235,-0.035505070993914756,-0.027217675941080155,0.1525038080570248,0.008489015112171538,0.001343183344526528,0.8103092783505155,186.125
2023-09-26,2023,SHORT,ORB_SHORT,1,16.26,no_move,13:35,-2.4688381464069886,-2.681101410342514,6.732679650772335,-0.20647414372061942,-0.11773002014774235,-0.035505070993914756,-0.027217675941080155,0.2862920341300108,0.17194625575423902,0.2256548018804567,0.9611829944547134,186.125
2023-09-27,2023,SHORT,ORB_SHORT,1,-313.74,eod,13:20,-3.228636181842425,-3.413251566457804,5.727063058258902,-0.34603386215171,-0.12838288228235653,-0.042311577438170045,-0.05011150253708674,0.4520768990102623,0.12786299676512794,0.24663378216237833,0.97054698457223,187.525
2023-09-28,2023,SHORT,MOM_SHORT,1,-407.24,stop,10:30,-2.663861488583847,-2.8925708767331173,6.343643512450855,-0.49971718286542205,-0.3097882320480039,-0.030552368464186186,-0.0337673370035777,0.10619188395816323,0.16193764421013218,0.25246602745395597,0.6460554371002132,181.2125
2023-09-29,2023,LONG,MOM_LONG,2,-518.24,eod,11:20,-1.929031401447253,-2.2004381597291403,6.489158866095728,-0.5388833565690774,-0.43178649671380787,-0.0020128486841001214,-0.02895333844722625,0.0021987738193724174,0.061601828550840676,0.10887605390692426,0.43556701030927836,188.2875
2023-10-02,2023,LONG,PM_LONG,1,-235.74,eod,11:15,-1.6574727389352149,-2.0261449647209715,6.220532392559331,-0.5143553559974372,-0.5026298909557446,-0.004848768579979623,-0.04080514415561398,0.3043602658948333,0.19809042682859349,0.1988454137267479,0.973561430793157,194.875
2023-10-03,2023,SHORT,ORB_SHORT,1,-75.74,no_move,11:30,-1.4504874294510042,-1.9100564391995918,6.179130323242688,-0.49512570548999485,-0.49781939456131163,0.002035768965459317,-0.03354158215010139,0.5180306028294276,0.12079946195671953,0.11800923550538737,0.9815712900096993,194.9
2023-10-04,2023,LONG,PM_LONG,1,-4.74,no_move,11:45,-2.21641112659839,-2.7718804920913915,4.701115083934305,-0.44159747894066603,-0.5226349918186741,-0.0015481192902468965,-0.04379419335918411,0.32080692064485367,0.13888635102589944,0.12847706199624265,0.902229845626072,206.2625
2023-10-05,2023,SHORT,ORB_SHORT,1,-297.24,eod,10:35,-0.9046321525885541,-1.522449946688779,5.61665087074991,-0.3916360620779549,-0.4980452553015063,0.008132418084063175,-0.02266841501393213,0.41675202503733594,0.2700751163975993,0.18125814476957705,0.9749687108886108,211.025
2023-10-09,2023,LONG,PM_LONG,1,246.76,eod,13:00,0.29663694842568394,-0.33332580972802234,6.19054847082722,-0.31375691231237646,-0.2894707143663243,0.016902165694988147,0.011971442425052992,0.1944104877766271,0.021477974461525745,0.01692811195124704,0.8133561643835616,221.525
2023-10-10,2023,LONG,PM_LONG,2,171.76,no_move,11:05,0.5854902390875176,0.014871682386485712,6.205099802588284,-0.3077867953498568,-0.15842289975871585,0.02051781456731261,0.022595353062907053,0.2574456495303619,0.046593976277463894,0.004386926957666155,0.8386605783866058,227.95
2023-10-11,2023,LONG,PM_LONG,1,-63.74,no_move,10:50,1.0087854162090912,0.444102789369648,6.4988743685482095,-0.2793103448275904,-0.0922468701954755,0.04152325779519517,0.03991085554856166,0.09149413888402784,0.10126951785917643,0.07467603777728969,0.6446991404011462,227.65
2023-10-12,2023,LONG,ORB_LONG,1,37.76,no_move,10:45,1.1879324660946582,0.6686520896761684,6.625784666482145,-0.25580957652919756,-0.05552172709659724,0.02780619518003591,0.036164744868630194,0.08190504587099467,0.04341382049847519,0.011071132023249377,0.6335078534031413,225.8125
2023-10-12,2023,SHORT,ORB_SHORT,1,189.76,rev_exit,13:05,1.1879324660946582,0.6686520896761684,6.625784666482145,-0.25580957652919756,-0.05552172709659724,0.02780619518003591,0.036164744868630194,0.237194827335589,0.25191009538288617,0.3852753944090783,0.9483146067415731,225.8125
2023-10-16,2023,LONG,PM_LONG,1,-60.74,no_move,10:30,0.4844272297978458,-0.05721865548893538,5.43598450681806,-0.18511168886295148,-0.0773597920093399,0.0011069805865344673,0.01802785665081741,0.29958183652714493,0.17770566580639988,0.18995065527670185,0.8913738019169329,235.5875
2023-10-16,2023,LONG,PM_LONG,1,-2.74,no_move,13:00,0.4844272297978458,-0.05721865548893538,5.43598450681806,-0.18511168886295148,-0.0773597920093399,0.0011069805865344673,0.01802785665081741,0.18448650231402072,0.08936291093729744,0.12203533718894254,0.8674121405750799,235.5875
2023-10-19,2023,LONG,VWAP_LONG,1,-407.24,stop,13:05,0.09498708010336068,-0.47346770025839974,4.561695090439279,-0.08781395348837119,-0.0924031007751953,-0.018715835848902684,0.008569943146561121,0.25508072281583305,0.21104334237299005,0.18501291989664082,0.8266509433962265,241.875
2023-10-20,2023,SHORT,ORB_SHORT,2,184.76,stop,10:30,-0.47721632609958436,-1.030128306668782,4.006140767727967,-0.10526426949680584,-0.0760863825967534,-0.026258169934640474,0.001445208126775066,0.2313991722598095,0.11555643008333129,0.11299435028248588,0.7834179357021996,236.7375
2023-10-23,2023,LONG,PM_LONG,1,-84.24,no_move,13:00,-1.2282196477739087,-1.7797080367811287,3.0585225206504263,-0.12472336225258546,-0.09829082030235185,-0.029360311592289356,-0.02828583230070214,0.6123547135479535,0.10799706448246774,0.16728141721647877,0.9161764705882353,240.6125
2023-10-24,2023,LONG,PM_LONG,1,-86.74,no_move,11:00,-0.9108881083793248,-1.4354039136979402,3.1400802809834385,-0.14011038635223544,-0.06964375313597737,-0.035671139843928557,-0.028150707469562386,0.16713020750674695,0.050993188000768665,-0.0481685900652283,0.8442105263157895,249.125
2023-10-25,2023,SHORT,VWAP_SHORT,2,201.76,no_move,10:30,-0.6573521296342762,-1.1221592334319987,3.3533386845933912,-0.1517884914463441,-0.039883610093814276,-0.024378215771045375,-0.029070623456083244,0.01128191031736836,-0.029330409020223023,-0.0632117593939698,0.7302631578947368,249.1625
2023-10-25,2023,SHORT,ORB_SHORT,2,134.76,no_move,13:00,-0.6573521296342762,-1.1221592334319987,3.3533386845933912,-0.1517884914463441,-0.039883610093814276,-0.024378215771045375,-0.029070623456083244,0.41237190457415895,0.13496583610807802,0.10133948728239603,0.9827027027027027,249.1625
2023-10-26,2023,SHORT,ORB_SHORT,1,98.28,stop,11:25,-2.067770204479064,-2.53037974683544,1.7021567672833475,-0.1775851996105206,-0.05501460564751704,-0.038627822674515255,-0.056620706535041254,0.30737303064682314,0.13779739188399898,0.1002921129503408,0.96415770609319,256.75
2023-10-26,2023,SHORT,ORB_SHORT,2,-525.24,eod,13:20,-2.067770204479064,-2.53037974683544,1.7021567672833475,-0.1775851996105206,-0.05501460564751704,-0.038627822674515255,-0.056620706535041254,0.5553113941903844,0.11427673619168996,0.189873417721519,0.9764890282131662,256.75
2023-10-27,2023,LONG,PM_LONG,1,-278.74,eod,11:10,-2.6286295005807214,-3.151064653503678,0.9504742547425462,-0.20305845915602294,-0.15272938443669729,-0.041783430939875466,-0.06694444444444447,0.1977540989184703,0.14441764221276351,0.14905149051490515,0.9805825242718447,258.3
2023-10-30,2023,LONG,PM_LONG,1,-5.24,vwap_cross,11:00,-2.6741660960579114,-3.285630441162087,0.765460236721118,-0.20539958916169024,-0.30749290814829167,-0.031557648819138584,-0.059991418008978115,-0.03691339643873151,0.08869862296985896,0.18194267827447913,0.4426470588235294,255.575
2023-10-30,2023,LONG,PM_LONG,1,69.26,no_move,13:25,-2.6741660960579114,-3.285630441162087,0.765460236721118,-0.20539958916169024,-0.30749290814829167,-0.031557648819138584,-0.059991418008978115,0.08570248589157009,0.1660201204397859,0.24943754279565686,0.5426470588235294,255.575
2023-10-31,2023,LONG,VWAP_LONG,1,-69.24000000000001,no_move,10:50,-1.776386056898728,-2.4477910476745346,1.4964656762792494,-0.20040780658315774,-0.3273133313913958,-0.021957371887115107,-0.056845267247853215,0.21444536578367243,0.1380763676573816,0.2961452568210506,0.9667359667359667,257.475
2023-10-31,2023,LONG,PM_LONG,1,50.26,no_move,13:40,-1.776386056898728,-2.4477910476745346,1.4964656762792494,-0.20040780658315774,-0.3273133313913958,-0.021957371887115107,-0.056845267247853215,0.28040414699701,0.08680116590159187,0.12331294300417515,0.9301972685887708,257.475
2023-11-01,2023,LONG,PM_LONG,1,-56.74,no_move,10:30,-1.5811079122406448,-2.263317780204504,1.6706542241636042,-0.21399781594361655,-0.2514146728879182,-0.02320134793597306,-0.047013956240856136,0.22976097452932645,0.14094877631648917,0.21443462722128462,0.9063745019920318,251.825
2023-11-01,2023,LONG,PM_LONG,1,-64.24000000000001,no_move,13:10,-1.5811079122406448,-2.263317780204504,1.6706542241636042,-0.21399781594361655,-0.2514146728879182,-0.02320134793597306,-0.047013956240856136,0.08852390918183684,0.07288267512948324,0.09629703166881763,0.7132216014897579,251.825
2023-11-02,2023,LONG,VWAP_LONG,1,-17.740000000000002,no_move,10:35,-0.7517885532591401,-1.4524443561208247,2.3950963831478567,-0.18477742448330597,-0.16713036565978176,0.016449018420825023,-0.02281419402041973,0.09943098260374819,0.0940460821831098,0.16891891891891891,0.8413173652694611,251.6
2023-11-02,2023,LONG,PM_LONG,1,46.26,no_move,13:10,-0.7517885532591401,-1.4524443561208247,2.3950963831478567,-0.18477742448330597,-0.16713036565978176,0.016449018420825023,-0.02281419402041973,0.17210330777609617,0.06394280321728729,0.08843402225755168,0.9837962962962963,251.6
2023-11-03,2023,LONG,PM_LONG,2,84.76,eod,13:55,0.4609732360097338,-0.18335766423357805,3.5034160583941625,-0.14431143552311324,-0.05172749391727636,0.05111815491305194,0.007198832077593087,0.2802575021197735,0.05294434126763074,0.1070559610705596,0.9222560975609756,256.875
2023-11-06,2023,SHORT,ORB_SHORT,1,-86.24,no_move,13:15,1.3213613471028103,0.6425802513099635,4.45192043546828,-0.08491631479879852,-0.00035610723914996674,0.0685956072124585,0.034873242310373476,0.2411006786747483,0.12344361665689946,0.1648267792643842,0.971830985915493,245.7125
2023-11-09,2023,LONG,PM_LONG,1,-72.24,no_move,11:05,1.9511185623722982,1.2439461413527568,4.996332582385917,0.04620946193744281,0.03316393356734341,0.045825817649661316,0.06302862578915502,0.1322987831838128,0.11225969884348797,0.1487923717713627,0.8005780346820809,238.5875
2023-11-10,2023,LONG,PM_LONG,1,331.26,eod,11:00,1.5512996618765866,0.851394759087069,4.551489856297548,0.04420963651732514,0.02393279797126105,0.01726033787611203,0.06926080941456658,0.22124854804911864,0.17682169622096078,0.22295012679628065,1.0,236.6
2023-11-14,2023,LONG,PM_LONG,1,-64.74000000000001,no_move,10:55,2.742154141759179,2.175362937660117,5.768787361229715,0.009201537147739773,0.1389837745516699,0.024302015850570458,0.07830783078307824,0.050043170298371784,-0.04640152972646814,-0.11315115286080274,0.6895787139689579,234.2
2023-11-15,2023,LONG,VWAP_LONG,1,-124.74,eod,10:50,3.968160563232284,3.5253086744076088,7.021609835548782,0.013870645720587495,0.29196658435348977,0.03405472151816458,0.09782139961706315,0.10333863029920061,0.07386971129639958,0.13975726369988967,0.8321678321678322,237.9125
2023-11-20,2023,LONG,PM_LONG,1,-1.7400000000000002,no_move,11:00,3.555999999999997,3.6338253521126727,7.296005633802819,0.17548169014085097,0.6865915492957813,0.021462052138178978,0.04549487381703465,0.20427388970325308,0.14622020833961613,0.19492957746478873,1.0,221.875
2023-11-20,2023,LONG,PM_LONG,1,39.76,no_move,13:00,3.555999999999997,3.6338253521126727,7.296005633802819,0.17548169014085097,0.6865915492957813,0.021462052138178978,0.04549487381703465,0.3055891897022301,0.13453929833780062,0.1667605633802817,0.9921875,221.875
2023-11-21,2023,SHORT,ORB_SHORT,1,-77.74,no_move,10:30,4.296214839680519,4.6103252691283725,8.370945711309183,0.2512096307442954,0.8153721495543482,0.03470527802748169,0.0598507020947745,0.26059728656656983,0.17393455252404702,0.2835976386155805,0.920863309352518,215.975
2023-11-24,2023,SHORT,ORB_SHORT,1,-40.74,no_move,10:50,3.372693007538338,4.695606966467381,8.846126852092539,0.36168442942552487,1.1795554977904898,0.012241618351399142,0.05226178387762448,0.10164920034683,0.036499753648486837,0.04678970626462178,0.7972027972027972,192.35
2023-11-27,2023,LONG,PM_LONG,1,56.26,no_move,11:00,2.7257686382209143,4.510630316833008,8.748563199142605,0.3591131355080684,1.3828119766896605,0.006443197711879067,0.028043534095286926,0.053847999581193524,-0.028849817374739024,-0.09109786321923773,0.6984615384615385,186.6125
2023-11-27,2023,LONG,PM_LONG,1,-132.24,eod,13:00,2.7257686382209143,4.510630316833008,8.748563199142605,0.3591131355080684,1.3828119766896605,0.006443197711879067,0.028043534095286926,0.3009176993155923,0.08290765333275095,0.10315493335119566,0.9890829694323144,186.6125
2023-11-28,2023,LONG,PM_LONG,1,64.26,no_move,10:35,2.4350442722744923,4.646900940785832,8.997343663530712,0.3459878251245182,1.4211400110680648,-0.005802227807254368,0.028701682290997788,0.1383752308323113,0.10844377188187232,0.13004980630879912,0.9541284403669725,180.7
2023-11-30,2023,SHORT,ORB_SHORT,1,29.76,no_move,10:35,1.8401314379598541,4.777684120294306,9.243274519608546,0.3789127794842505,1.2710193585256109,-0.0006383608139879371,0.008801433376292689,0.34519010653881016,0.250796371640033,0.33002357311236513,0.9634782608695652,174.9875
2023-11-30,2023,SHORT,ORB_SHORT,1,-65.24000000000001,no_move,13:30,1.8401314379598541,4.777684120294306,9.243274519608546,0.3789127794842505,1.2710193585256109,-0.0006383608139879371,0.008801433376292689,0.28769640967689736,-0.011416424084225336,-0.06571897992713766,0.8633461047254151,174.9875
2023-12-01,2023,SHORT,VWAP_SHORT,1,-242.24,eod,10:30,0.7387927208166867,3.9265867731913056,8.564343837845835,0.4213936972924985,1.1121467672732717,-0.01049043564880392,0.0016227627930425204,0.07535685347200938,0.02717302495543318,0.06361887853232727,0.6246851385390428,168.975
2023-12-04,2023,SHORT,ORB_SHORT,1,-162.74,eod,10:30,1.2577797725912585,4.593985637342913,9.302199281867141,0.49422501496109594,0.9115798922800762,0.0005308933060599319,0.006977511668473824,0.5175314172638041,0.35553246349559625,0.40993417115499703,0.9772727272727273,167.1
2023-12-05,2023,LONG,PM_LONG,1,-109.24,eod,10:45,-0.1438005965061781,3.0879420536855577,7.560744212469815,0.5078255929555427,0.6536713535009231,-0.012904937269833328,-0.018632287691209726,0.40450353603922623,0.22382850604048288,0.2812100553898594,0.9725036179450073,176.025
2023-12-08,2023,LONG,PM_LONG,1,-73.74,no_move,10:30,0.6388287092040015,3.929443007897127,8.392710881263543,0.6089314417499524,0.49297644838912164,0.009327565867086163,-0.0012607200112063621,0.14968904420373302,-0.02384446038843538,-0.21804458732266405,0.6801801801801802,178.8625
2023-12-11,2023,LONG,PM_LONG,2,-50.24,no_move,10:45,0.8763832265579521,4.316132789749563,8.991285672684912,0.6527373325567893,0.5186371578334262,0.005337328526616503,0.005871055384663482,0.2515674515248937,0.14500956198366452,0.14997087944088527,0.9591836734693877,171.7
2023-12-11,2023,LONG,PM_LONG,1,-2.24,no_move,13:20,0.8763832265579521,4.316132789749563,8.991285672684912,0.6527373325567893,0.5186371578334262,0.005337328526616503,0.005871055384663482,0.38822794804890237,0.08280767540564932,0.04950495049504951,0.9730586370839936,171.7
2023-12-12,2023,LONG,ORB_LONG,2,118.76,eod,13:45,1.3822222222222202,4.803211469534047,9.442035842293906,0.6867096774193594,0.5626523297491102,0.02616311238281921,0.012920541788902007,0.314446312978421,0.08883343989061447,0.11039426523297491,0.9923076923076923,174.375
2023-12-18,2023,LONG,PM_LONG,1,26.26,no_move,11:30,2.5231429375351677,5.807568936409675,10.548410241980864,0.8459482273494695,0.4848761958356802,0.02989028799401572,0.039496657491152165,0.1678228769293659,0.09474982102959884,0.057681485649971866,0.9771241830065359,177.7
2023-12-18,2023,LONG,PM_LONG,1,17.76,no_move,13:25,2.5231429375351677,5.807568936409675,10.548410241980864,0.8459482273494695,0.4848761958356802,0.02989028799401572,0.039496657491152165,0.33346840586544746,0.0677050164948323,0.08581879572312888,0.9628099173553719,177.7
2023-12-20,2023,LONG,PM_LONG,1,-14.24,no_move,10:45,4.444280936454848,7.696802675585285,12.340662207357855,0.9189030100334413,0.6930434782608734,0.047602908553117995,0.07501146118216173,0.12107282088215643,0.01082005654681664,-0.07224080267558529,0.7712895377128953,186.875
2023-12-20,2023,LONG,PM_LONG,1,-407.24,stop,13:00,4.444280936454848,7.696802675585285,12.340662207357855,0.9189030100334413,0.6930434782608734,0.047602908553117995,0.07501146118216173,0.13454966275338753,0.04519892393167124,0.0588628762541806,0.8710462287104623,186.875
2023-12-21,2023,SHORT,ORB_SHORT,1,-169.74,eod,13:15,3.182786563847865,6.417801594562805,10.99406613514573,0.8835707750620792,0.7244804600705733,0.028965559429864784,0.057876448483514364,0.3506224233762764,0.1385655289488404,0.23918442033721082,0.9878260869565217,191.275
2023-12-27,2023,LONG,PM_LONG,1,-69.74000000000001,no_move,13:10,3.7103017954921653,7.054425060486435,11.659926142875337,0.8696803769260237,0.7213166942569774,0.00723804469603162,0.06066533165680932,0.09714018818218706,0.08763454422543131,0.16808862854959888,0.7326388888888888,196.325
2023-12-28,2023,SHORT,ORB_SHORT,1,-20.74,no_move,13:00,3.4999677814292194,6.976068045621498,11.689947805915333,0.8767059733230218,0.7875507442489832,0.004999852945501537,0.052840769041163416,0.0547284077654678,0.050796716450513285,0.019331142470520007,0.748,193.9875
2023-12-29,2023,SHORT,ORB_SHORT,1,81.64,stop,10:40,3.3175781249999923,6.9165364583333355,11.749394531250005,0.9223437500000008,0.8398437500000094,0.01649772598912036,0.04594115128158083,0.23938823655241018,0.19567562560515248,0.3046875,0.922077922077922,192.0
2024-01-02,2024,SHORT,ORB_SHORT,1,153.26,eod,13:50,2.7693872195250004,6.446135677732579,11.409408214145126,0.9743078336176408,0.8255478283689728,0.008299798792756441,0.03010837200163241,0.2527318128092145,0.10426505029257202,0.16533263351266236,0.883289124668435,190.525
2024-01-04,2024,LONG,PM_LONG,1,-78.24,no_move,11:30,-0.05409319899243966,3.4351133501259485,8.367103274559199,0.9324433249370193,0.5715994962216515,-0.030324761807191902,-0.02330620909251724,0.24323399689256214,0.010666815679938525,-0.08438287153652393,0.8014184397163121,198.5
2024-01-08,2024,LONG,PM_LONG,1,104.26,no_move,11:10,-1.0782351004280464,2.539374382614418,7.856608495225548,0.9389265722752778,0.4617714850180985,-0.03905427535384254,-0.02320085609821354,0.20419136445235203,-0.0009466684390229575,-0.03687849851827461,0.8677563150074294,189.8125
2024-01-08,2024,LONG,PM_LONG,1,84.26,eod,13:45,-1.0782351004280464,2.539374382614418,7.856608495225548,0.9389265722752778,0.4617714850180985,-0.03905427535384254,-0.02320085609821354,0.4715275149853573,0.06377290008161222,0.08034244320052683,0.9868565169769989,189.8125
2024-01-09,2024,LONG,PM_LONG,1,150.76,stop,10:30,0.4771894351067937,3.950739289776319,9.187950208517634,0.9331227094654334,0.5427145204094491,-0.015377166082197413,-0.00720499467392588,0.13495937285077966,0.03579027937392418,-0.05560470112473146,0.7994186046511628,197.825
2024-01-09,2024,LONG,PM_LONG,2,-152.24,eod,13:50,0.4771894351067937,3.950739289776319,9.187950208517634,0.9331227094654334,0.5427145204094491,-0.015377166082197413,-0.00720499467392588,0.47291106488831375,0.11027301057987325,0.1946164539365601,0.927797833935018,197.825
2024-01-10,2024,LONG,PM_LONG,1,54.76,no_move,11:10,0.4982850609756097,3.9288363821138192,9.35076854674797,1.0207571138211393,0.5705030487804952,0.011547656637647119,-0.009627699509782262,0.07113073370791004,-0.0465538111773721,-0.12703252032520324,0.6840731070496083,196.8
2024-01-10,2024,LONG,PM_LONG,2,162.76,no_move,13:05,0.4982850609756097,3.9288363821138192,9.35076854674797,1.0207571138211393,0.5705030487804952,0.011547656637647119,-0.009627699509782262,0.2057732633384481,0.0031099212547608074,0.0063516260162601625,0.7915869980879541,196.8
2024-01-11,2024,SHORT,ORB_SHORT,1,-81.74,no_move,11:15,1.0144477536277765,4.378455104239275,9.955763259615996,1.1059628667384875,0.6525568721880853,0.024149120821070014,-0.006907957322873859,0.5319536246033503,0.2110798951050334,0.2610734427476079,0.9212007504690432,197.2625
2024-01-16,2024,LONG,PM_LONG,1,-182.24,eod,11:20,0.6081178396071975,3.78451063829787,10.002049099836336,1.3103764320785636,0.4595744680851064,0.0114000447060576,-0.004152421756929314,0.3420916037572092,0.12113413533937786,0.23829787234042554,0.8924581005586593,190.9375
2024-01-18,2024,LONG,MOM_LONG,2,-78.24,no_move,10:30,-0.35356890459363133,2.748918727915195,9.65110247349823,1.2154911660777372,0.19088339222613196,-0.009579249871048523,0.014338540487510487,0.10030389199800158,0.08716890722778116,0.1314487632508834,0.7818181818181819,176.875
2024-01-19,2024,LONG,ORB_LONG,1,56.76,no_move,10:40,1.245109701295272,3.9728522336769765,10.520711075865716,1.0721913825006624,0.09304784562515751,0.008981108702384555,0.03709205560018791,0.15022165485946912,0.0979761106347056,0.05683320116309807,0.9063670411985019,189.15
2024-01-24,2024,LONG,PM_LONG,2,52.760000000000005,no_move,10:35,2.94624148768989,5.4287323205867,12.247564169722365,1.0362755369303243,0.45089051859612744,0.03486981051263505,0.04154589371980677,0.34993942568180997,0.20687633947515915,0.20298585646935569,0.9976635514018691,190.9
2024-01-25,2024,LONG,PM_LONG,1,-292.24,eod,11:50,3.311936372745491,5.619689378757509,12.231700901803608,1.0397044088176426,0.4189629258517034,0.05017483818168289,0.040114950998452636,0.18650348668556316,0.08068093239465768,0.093937875751503,0.8777506112469438,199.6
2024-01-30,2024,SHORT,ORB_SHORT,1,41.76,no_move,10:50,2.905947110207012,4.975038889553667,11.493418690917796,0.9345219576402967,0.38500658130908216,0.01133193114993336,0.04144688374834238,0.1567505616086423,0.11078323196453128,0.16154122292688763,0.9236363636363636,208.925
2024-01-31,2024,SHORT,ORB_SHORT,2,-151.24,no_move,10:35,2.4274172864837062,4.714413952295464,11.763125160297516,0.9464991023339341,0.5271223390613016,0.0038390181247323074,0.03884269447193134,0.3717896397420664,0.22891479937991585,0.2859707617337779,0.9439579684763573,194.95
2024-02-02,2024,LONG,PM_LONG,1,83.26,no_move,10:40,1.14924028586872,3.432778812083366,10.091435949792805,0.753059876283697,0.6314335475346792,-0.009248735579928447,0.019278552427723694,0.37228252284473534,0.24266429438543735,0.3303104918623506,0.9778645833333334,208.1375
2024-02-05,2024,SHORT,ORB_SHORT,1,-211.24,eod,10:45,2.289308538200235,4.621037480568829,11.059617709712704,0.7330761701882658,0.6905981921814727,0.011145748814963552,0.018729921982560738,0.34290272132514066,0.14740795583123223,0.1266624445851805,0.8433242506811989,217.1125
2024-02-06,2024,SHORT,ORB_SHORT,1,-10.24,no_move,11:45,1.8051986853899014,4.286728413504629,11.01428742157156,0.7477980280848535,0.7596056169704283,0.0007781220378308973,0.01211887081312324,0.30577102061185774,0.18298048082186985,0.27606812070510905,0.9586776859504132,209.1875
2024-02-07,2024,LONG,PM_LONG,1,-32.739999999999995,no_move,10:30,1.4237642699181197,3.9522084752854,10.718205725898036,0.7352579044886759,0.7324726555495786,0.003483131690811714,0.007335521621235852,0.4110500577269458,0.24341622864052861,0.2582033351264121,0.9471947194719472,209.1375
2024-02-08,2024,LONG,PM_LONG,1,49.26,no_move,10:40,2.197045790251108,4.733187592319062,11.478794682422452,0.7705524372230277,0.6214475627769502,0.03267265183386092,0.012100259291270454,0.07304165939098166,0.04480701985329106,0.07799113737075332,0.8247863247863247,211.5625
2024-02-09,2024,LONG,PM_LONG,1,7.76,no_move,10:30,2.131443458842507,4.838012530240051,11.98840022331121,0.861336145400426,0.6543638732088545,0.024893528542954346,0.01541455929988067,0.2618927233469065,0.14432404622726938,0.11909931145710564,0.953810623556582,201.5125
2024-02-12,2024,LONG,PM_LONG,1,-16.240000000000002,no_move,10:50,2.6914407554066404,5.417849527870846,12.522930246725556,0.8716905269570543,0.7079500456899213,0.01617535264802772,0.027501387880599637,0.2092084295036296,0.13701227877540184,0.14742613463295767,0.9833333333333333,205.1875
2024-02-14,2024,LONG,PM_LONG,1,-3.24,no_move,13:35,-0.030040761628225113,2.515360991680166,9.148255067284605,0.8340387514657396,0.6130437210341136,-0.004349427632324598,-0.0008814455707359947,0.18007980290333683,0.15519294184490307,0.25238706795465965,0.755591054313099,223.8625
2024-02-15,2024,SHORT,ORB_SHORT,1,-214.74,eod,11:00,0.7897824763380717,3.3769413848452956,10.007106879946862,0.8212763602147658,0.5873138871976564,-0.002981898615447065,0.029593326683147625,0.16317740074427015,0.12937918263346532,0.18597442851607904,0.9314420803782506,225.8375
2024-02-16,2024,SHORT,ORB_SHORT,1,-85.74,no_move,13:00,1.1108942716106038,3.7860635977499637,10.742624268166686,0.8743427849845017,0.5622775800711777,0.002238607586081409,0.027187862970876386,0.005992604672990492,0.14275846304963316,0.21007921019400758,0.48558246828143026,217.775
2024-02-20,2024,SHORT,ORB_SHORT,1,75.26,no_move,11:30,0.43380161770965664,3.056449553001278,10.583670862981206,0.9129234324636596,0.3561393906221528,-0.010375521557719036,0.00588085611693856,0.1806280811484833,0.12203314116898288,0.15812199720245698,0.7902892561983471,205.5375
2024-02-20,2024,SHORT,ORB_SHORT,1,-175.74,eod,13:30,0.43380161770965664,3.056449553001278,10.583670862981206,0.9129234324636596,0.3561393906221528,-0.010375521557719036,0.00588085611693856,0.2822938127589069,0.048952125485275985,0.10460378276470231,0.8655616942909761,205.5375
2024-02-21,2024,SHORT,OPEN_SHORT,1,-31.74,no_move,10:30,-0.5948191311371372,1.7646800900017314,8.947400911555992,0.8527317833035298,0.165233946806666,0.00022767050386329757,-0.004122747364841861,0.07313724353246974,0.07537659974659415,0.1257716494547972,0.7087378640776699,216.6625
2024-02-22,2024,LONG,PM_LONG,1,53.26,no_move,10:35,-1.37097721400047,0.8514211886304841,8.190486257928116,0.8217758985200887,0.02942212825934098,-0.022831306692128406,-0.0257451246657614,0.1183404180025648,0.027915174211277653,0.05872680291284942,0.713963963963964,212.85
2024-03-01,2024,LONG,PM_LONG,1,359.26,stop,10:30,0.8436045222788803,2.8312569275105304,9.910840168477053,0.5835291509643166,0.36183772999334635,-0.0023662579913098503,0.006449541412477444,0.044758444684700714,-0.02428990846499323,-0.08867213478164486,0.5883777239709443,225.55
2024-03-05,2024,SHORT,ORB_SHORT,1,-42.74,no_move,11:40,2.042250313176179,4.096663250199293,11.437706411570433,0.5854914018904399,0.416467372736587,0.017613202967894148,0.03121398656435348,0.3433382892184984,0.08278975856083079,0.14349162965493678,0.9218241042345277,219.525
2024-03-05,2024,SHORT,ORB_SHORT,1,92.26,no_move,13:35,2.042250313176179,4.096663250199293,11.437706411570433,0.5854914018904399,0.416467372736587,0.017613202967894148,0.03121398656435348,0.34195546417684575,0.0898885904579904,0.021637626693998404,0.9721925133689839,219.525
2024-03-06,2024,LONG,VWAP_LONG,1,87.26,no_move,11:00,-0.268818351560413,1.624411843158171,8.488220858895705,0.49421178981061303,0.3062683382235294,-0.00975413475413478,0.01530735635127245,0.1463893573588902,0.11230782833746909,0.10456121632435315,0.728110599078341,234.3125
2024-03-07,2024,LONG,PM_LONG,1,43.76,no_move,11:55,0.38495274891661274,2.1914478149637127,8.894836318070276,0.48199237717329063,0.20936667884926644,0.005725537292798455,0.03487469824117717,0.3234108450507877,0.07644824123423952,0.048034250509058636,0.9707446808510638,239.4125
2024-03-07,2024,LONG,PM_LONG,1,-48.74,no_move,13:30,0.38495274891661274,2.1914478149637127,8.894836318070276,0.48199237717329063,0.20936667884926644,0.005725537292798455,0.03487469824117717,0.38167537860497697,0.06310846636022738,0.06683026157782071,0.9873708381171068,239.4125
2024-03-08,2024,LONG,PM_LONG,1,-407.24,stop,10:30,1.510485705806704,3.2131170244336724,9.575279453951925,0.47306360668711167,0.1566425957068017,0.01625632845551017,0.013851603797083056,0.185289023691429,0.05437497890995823,0.03660104857058067,0.8583473861720068,252.725
2024-03-11,2024,SHORT,VWAP_SHORT,2,-139.24,no_move,11:30,0.643984267639672,2.2104345353741137,8.311382267923989,0.41472776382505405,0.12467421693598342,-0.012555723692282528,0.007189042619759389,0.05530766430530793,0.06824124469515475,0.10140738283656352,0.6560150375939849,263.7875
2024-03-12,2024,LONG,PM_LONG,1,-77.74,no_move,11:30,0.10671564472073364,1.591899783366295,7.658057831779219,0.37313742111707965,0.0945182254874176,-0.020592844974446356,-0.0033423479647736176,0.4330437803867158,0.06370941524788563,0.04426862578882924,0.9694793536804309,265.425
2024-03-13,2024,SHORT,ORB_SHORT,1,-10.24,no_move,10:50,0.9293805736322005,2.451096649795126,8.709187756085807,0.43777295733911953,0.13395999035911987,0.0206532247894744,0.010697635697635599,0.0824881242742064,0.05599974556307251,0.030850807423475537,0.73,259.3125
2024-03-14,2024,SHORT,ORB_SHORT,1,6.76,no_move,11:20,0.5241864123488292,2.01553436240291,8.44492183659424,0.49615573689902603,0.18616655196146478,0.006331662477957245,0.01209345194039857,0.09610997811367458,0.09142757820760462,0.12289843673188476,0.6377952755905512,254.275
2024-03-18,2024,LONG,PM_LONG,1,-142.24,eod,10:30,-0.19115861063881467,1.1760019431624913,7.5754432839446215,0.5069128005829538,0.19145008501336208,-0.020691443624005323,-0.0047714820722657425,0.10898015545250181,0.05088174351009651,0.05926645615739616,0.7602905569007264,257.3125
2024-03-21,2024,LONG,VWAP_LONG,1,-61.24,no_move,11:50,1.288103070175436,2.5456323099415226,8.719814510233915,0.5797331871344954,0.33219115497076285,0.012053320154304492,0.032955484874385155,0.11243210570491531,0.06223276839257815,0.0356359649122807,0.7637362637362637,273.6
2024-04-02,2024,SHORT,ORB_SHORT,1,-33.739999999999995,no_move,10:45,0.7535732133933004,2.092073963018486,9.193663168415794,0.6157321339330416,0.28705647176411503,-0.004753824606765766,0.029992613343368113,0.0828870511908897,0.05339704819886921,0.04297851074462768,0.7616438356164383,250.125
2024-04-05,2024,LONG,PM_LONG,1,144.76,rev_exit,10:50,-0.4647497230335352,0.7499244636922207,7.913133246046931,0.4394803102024379,0.05881760499546196,-0.012341321023691565,-0.0132255395341897,0.3375701728735295,0.18618329204317663,0.26689495417463993,0.9743935309973046,248.225
2024-04-08,2024,LONG,ORB_LONG,1,-110.74,eod,10:30,-0.07792010531112055,1.149673434256494,8.341542200394919,0.3579160548833035,0.12905675661991503,-0.010451312836321391,-0.015575611658843025,0.23781445304705948,0.15521918921872696,0.22986177915042277,0.8775137111517367,246.8875
2024-04-11,2024,LONG,PM_LONG,1,346.26,eod,11:55,-0.6870224719101091,0.5790337078651646,8.51361235955056,0.288516853932583,0.07359550561797752,-0.008953759352385626,-0.01902063941723997,0.3277793421575491,0.1991242171899583,0.26741573033707866,0.9625407166123778,222.5
2024-04-16,2024,LONG,ORB_LONG,1,12.760000000000002,no_move,11:55,-1.9232510184579792,-0.92030377709601,6.1783181612432765,0.27014032087712886,0.04481215108384339,-0.02403583524527475,-0.033002719781334955,0.044109027784855384,-0.03800470227707161,-0.0533118744656239,0.5952380952380952,248.5375
2024-04-18,2024,LONG,PM_LONG,1,-60.74,no_move,10:55,-2.6480228928199794,-1.8175234131113418,5.436430801248703,0.19352757544224342,-0.20978147762747745,-0.0285478547854785,-0.0372460035160882,0.3057451008605353,0.11809074033394433,0.03433922996878252,0.8895027624309392,240.25
2024-04-18,2024,SHORT,ORB_SHORT,2,-26.24,no_move,13:20,-2.6480228928199794,-1.8175234131113418,5.436430801248703,0.19352757544224342,-0.20978147762747745,-0.0285478547854785,-0.0372460035160882,0.458567379859064,0.24532750624268154,0.3142559833506764,0.9927536231884058,240.25
2024-04-19,2024,SHORT,ORB_SHORT,1,243.26,stop,10:30,-2.878617237603626,-2.2201991761822804,4.996876792324936,0.1112675321966704,-0.37598414932999935,-0.050274420742423054,-0.03424243257361226,0.19851929450891906,0.08163392493794654,0.006256843422493352,0.7310443490701002,239.7375
2024-04-22,2024,LONG,PM_LONG,1,86.36,stop,13:25,-4.003075837031058,-3.5939693424768038,3.2921692214602656,-0.013715207745064361,-0.5723578055667637,-0.05177739168803952,-0.06041891541078581,0.38631113036624315,0.17182619269394964,0.13916901976603469,0.9974457215836526,247.9
2024-04-23,2024,LONG,PM_LONG,1,66.26,no_move,10:45,-2.7931404072883232,-2.5870603137484225,3.989223423950112,-0.08264639968819296,-0.665643574003697,-0.025537333482592683,-0.04895935758767622,0.23399088365042733,0.05755111642841333,-0.11887362369677483,0.8205128205128205,256.575
2024-04-23,2024,LONG,PM_LONG,1,21.26,no_move,13:40,-2.7931404072883232,-2.5870603137484225,3.989223423950112,-0.08264639968819296,-0.665643574003697,-0.025537333482592683,-0.04895935758767622,0.2876706685071207,0.0647098853181088,0.07405242131930236,0.9635294117647059,256.575
2024-04-25,2024,LONG,PM_LONG,1,27.76,no_move,13:35,-1.4535381750465604,-1.5351582867783937,4.602397579143394,-0.1451396648044736,-0.5487430167597684,-0.0008210180623974273,-0.029345434543454396,0.5565685683185564,0.17900649783402534,0.2802607076350093,0.9947862356621481,268.5
2024-04-26,2024,LONG,ORB_LONG,1,44.76,no_move,10:30,-1.5432003626473203,-1.775829555757031,4.162171350861287,-0.13537624660017447,-0.47819582955576756,0.0002989111095295094,-0.04999053721577851,0.14186439843669607,0.04642086305954177,-0.05439709882139619,0.8635703918722787,275.75
2024-04-26,2024,LONG,PM_LONG,1,-34.239999999999995,no_move,13:40,-1.5432003626473203,-1.775829555757031,4.162171350861287,-0.13537624660017447,-0.47819582955576756,0.0002989111095295094,-0.04999053721577851,0.22861254629240488,-0.0006714241589280859,-0.029918404351767906,0.9195278969957081,275.75
2024-05-01,2024,SHORT,ORB_SHORT,2,-83.24,no_move,11:15,-0.7343826202615802,-1.284291731323432,4.407696741299046,-0.0298647749944518,-0.32892928397250903,0.003530412590387,-0.013037900549404569,0.180280278734949,0.14366651507093936,0.2243405009975615,0.9192399049881235,281.9375
2024-05-03,2024,LONG,PM_LONG,1,63.760000000000005,no_move,13:30,-0.6375922967312948,-1.3689019387711001,4.119629517682108,-0.002262619284088169,-0.29366552959972614,0.005279184927998282,0.005579674044551952,0.08321184187774457,-0.011990133641241177,-0.03886178159678742,0.5766773162939297,289.4875
2024-05-06,2024,LONG,PM_LONG,1,40.76,no_move,13:00,0.6216849006002274,-0.18940019581968107,5.222080796900942,0.03538376399473179,-0.23702694649014022,0.008156584028205183,0.047871798973344815,0.07270339856670911,0.035300675212428675,0.045975054276105744,0.8858858858858859,293.6375
2024-05-07,2024,LONG,PM_LONG,1,39.76,no_move,10:50,1.0732164140984215,0.2287927805210329,5.60057040694704,0.045428230887111,-0.16588625915205674,0.017144939929625735,0.04188744812533196,0.08966415939347548,0.07684764453572009,0.11152732845223907,0.9590909090909091,293.65
2024-05-08,2024,LONG,PM_LONG,1,-77.24,no_move,11:00,1.3197846100399564,0.43760639221816966,5.887067917318043,0.06755254472815601,-0.08328990793816982,0.028680823408073097,0.03231249113852264,0.15121592038321133,0.016319982020021672,-0.07642869550112906,0.8223583460949464,287.85
2024-05-09,2024,LONG,ORB_LONG,1,-34.239999999999995,no_move,10:35,1.1957637720546974,0.3075794831974462,5.688581165609772,0.07890945170614418,-0.03602087916828437,0.023015850671471716,0.029566769614371102,0.16513776159719842,0.13261582663840527,0.14926016996678315,0.9123222748815166,289.7625
2024-05-09,2024,LONG,PM_LONG,1,-37.739999999999995,no_move,13:00,1.1957637720546974,0.3075794831974462,5.688581165609772,0.07890945170614418,-0.03602087916828437,0.023015850671471716,0.029566769614371102,0.1653223250488376,0.058727440154332705,0.0560804106811613,0.9227799227799228,289.7625
2024-05-14,2024,LONG,PM_LONG,1,-2.74,vwap_cross,10:35,1.8232257417802784,0.779450681635928,6.941374298315955,0.09438652766640286,0.05322774659181161,0.008310821985776595,0.025598250459114347,-0.025266059752566863,-0.06759377890603903,-0.16038492381716118,0.3623529411764706,249.4
2024-05-15,2024,LONG,PM_LONG,1,71.26,no_move,10:35,2.213204606024033,1.257002061648307,7.392894855936039,0.08242570523458179,0.20571227435008085,0.01137222046724995,0.04037920852230181,0.19568525733446152,0.10502354116909081,0.0804545683109569,0.9276595744680851,248.5875
2024-05-22,2024,SHORT,ORB_SHORT,1,78.72,stop,13:35,2.9112817483756577,2.94993502658003,10.05749556999409,0.27735380980507834,0.9311872415829888,0.020125751999674035,0.03172684695573347,0.17217316511883735,0.13292958779993597,0.2090962787950384,0.8280701754385965,211.625
2024-05-24,2024,LONG,PM_LONG,1,-30.24,no_move,11:35,1.791198277923945,2.231977995694815,9.378922506577371,0.2815116000956639,0.790540540540544,-0.002487628728099489,0.023549431849371416,0.3427427441566243,-0.01531823556157836,-0.12198038746711312,0.8368983957219251,209.05
2024-05-30,2024,SHORT,ORB_SHORT,1,-62.24,no_move,10:40,1.8604918254289922,3.219429806782863,11.211012025401978,0.3641399810836373,0.9105526280232519,0.005673474836470405,0.008095811588384905,0.29676377484539207,0.19299632155979957,0.30266180245912716,0.8608870967741935,185.025
2024-06-05,2024,LONG,PM_LONG,2,147.76,no_move,10:30,0.26239937678525815,2.1393663983381006,9.45062321474941,0.07878473123863024,0.3276421708646991,-0.011604339705122646,-0.006735978913457341,0.4068644267122078,0.3125327049077078,0.4752012464294988,0.9773584905660377,192.55
2024-06-05,2024,LONG,PM_LONG,1,67.26,no_move,13:15,0.26239937678525815,2.1393663983381006,9.45062321474941,0.07878473123863024,0.3276421708646991,-0.011604339705122646,-0.006735978913457341,0.4473036421621585,-0.020556118828434954,-0.08179693586081536,0.8860045146726863,192.55
2024-06-06,2024,SHORT,ORB_SHORT,1,-34.739999999999995,no_move,11:30,1.9578663727111274,3.893245146671565,10.741686569906305,0.06621348521035908,0.4315022352869164,0.011282936218225181,0.017020424509411214,0.07649154207903312,0.07287527399446074,0.1151325861963378,0.652694610778443,204.1125
2024-06-07,2024,LONG,ORB_LONG,1,-28.24,no_move,10:40,1.7854540964376082,3.8794344631721858,10.751991109464715,0.10646416002963655,0.5338642958572647,0.020654459729161356,0.021653437734634684,0.27469837097100774,0.19165182367928366,0.2704204482311539,0.9853658536585366,202.4625
2024-06-11,2024,LONG,PM_LONG,1,-24.74,no_move,10:40,1.7200317382812536,4.067651367187501,10.776580810546879,0.23884277343750426,0.5962524414062464,0.029588347737124154,0.008970502875837782,0.2503028239678784,0.13686323746798124,0.098876953125,0.9573560767590619,204.8
2024-06-11,2024,LONG,PM_LONG,1,134.76,eod,13:00,1.7200317382812536,4.067651367187501,10.776580810546879,0.23884277343750426,0.5962524414062464,0.029588347737124154,0.008970502875837782,0.23540924572635902,0.10792240991237989,0.111083984375,0.9261862917398945,204.8
2024-06-12,2024,LONG,PM_LONG,1,6.26,no_move,10:35,1.8630300855314244,4.264920150726712,10.827627250433633,0.31040133979306234,0.5736587116454368,0.029177221127685504,0.017234299036945844,0.140331440765363,-0.0009252574235083401,-0.07297087146360427,0.8052325581395349,208.9875
2024-06-13,2024,SHORT,ORB_SHORT,1,15.760000000000002,no_move,10:30,3.3159102948966943,5.771169580316683,12.246224027311781,0.37120489728647055,0.5869680381423342,0.026763798648027803,0.03834870909935617,0.17934738728898564,0.08460834707147231,-0.020012949555594794,0.7034883720930232,212.3625
2024-06-14,2024,LONG,PM_LONG,1,0.7599999999999998,no_move,13:15,3.240475500144976,5.738011017686293,12.152896491736742,0.4374137431139332,0.5948970716149575,0.028648669930051662,0.049894852458577166,0.1644415800566951,0.057079364774592335,0.09625978544505653,0.8210290827740492,215.5625
2024-06-17,2024,LONG,PM_LONG,1,461.76,stop,11:00,3.3234298388979755,5.952066308662145,12.441168573429835,0.5175110903572296,0.6567242586971612,0.03329479161191995,0.06891208611971944,0.18301419506765323,0.10788060941476575,0.1634368433341116,0.9672131147540983,214.15
2024-06-18,2024,SHORT,ORB_SHORT,1,-119.74,eod,11:10,4.305074326589918,6.94118699005253,13.202950709735099,0.5867218061920223,0.7018553705152533,0.04449296584906648,0.07539778693158872,0.20634862821377825,0.10921102814556162,0.11959315971834134,0.9130434782608696,223.675
2024-06-24,2024,SHORT,ORB_SHORT,1,37.76,no_move,13:05,2.655192329906441,5.745431442763089,12.348342381887496,0.7159293057641202,0.8018366639713459,0.008241688142685888,0.037126471476003564,0.3926945623488813,0.20423255715834346,0.21485503061106617,0.9325236167341431,216.425
2024-06-25,2024,LONG,PM_LONG,1,110.76,no_move,10:30,2.840331233963148,6.029904362024719,12.74994751574527,0.7551901096337765,0.7735012829484454,0.00914269728643724,0.042741893099280004,0.15495216982444496,0.07202233425927629,0.0734779566130161,0.8356164383561644,214.35
2024-06-26,2024,SHORT,VWAP_SHORT,1,-86.24,no_move,11:10,3.026006759466117,6.195818296385409,12.880197055622382,0.7793549865383453,0.7063642091997513,-0.0015271571094170877,0.04289786099053394,0.19700526562141257,0.16843285055371549,0.21080368906455862,0.8526785714285714,218.2125
2024-07-01,2024,SHORT,ORB_SHORT,1,-352.74,eod,10:50,2.379281537176274,5.657878028404345,12.456229462545254,0.9462099693678713,0.8056251740462267,0.012084324543199854,0.020425607920185662,0.15949730628048633,0.1384730473018199,0.1592871066555277,0.6857962697274032,224.4375
2024-07-02,2024,LONG,PM_LONG,2,-3.24,no_move,10:45,2.299419279907088,5.835749128919863,13.083687572590003,1.0922880371660766,0.9753774680603983,0.010017514900265923,0.019251799292998584,0.15505883087002567,0.08139544662226272,0.029036004645760744,0.8533333333333334,215.25
2024-07-02,2024,LONG,PM_LONG,2,212.76,no_move,13:05,2.299419279907088,5.835749128919863,13.083687572590003,1.0922880371660766,0.9753774680603983,0.010017514900265923,0.019251799292998584,0.38827722281256855,0.16822449399633146,0.18699186991869918,0.9986595174262735,215.25
2024-07-05,2024,LONG,PM_LONG,1,103.76,no_move,10:30,3.0801026957637925,7.352811296534013,15.83396662387677,1.3980487804878072,1.2200256739409612,0.016267560863115538,0.021577865771139182,0.19120714800275113,0.1048048772554443,0.09114249037227215,0.8454935622317596,194.75
2024-07-08,2024,LONG,PM_LONG,1,-56.74,no_move,11:20,3.774125917247333,7.96610963803417,16.27456989578837,1.4047481038416396,1.1535425787753664,0.03149419251590957,0.043959103102697794,0.179240139707651,0.1394083760077812,0.1479928470123944,0.8952380952380953,202.7125
2024-07-11,2024,SHORT,ORB_SHORT,1,73.76,stop,11:20,3.8508384819064503,8.469272475097712,17.40366284201236,1.4697516076156896,1.2181944269322835,0.021866888682109842,0.04665044769381255,0.963545584142109,0.3884554536994979,0.49678476862942883,0.9848589125946318,198.275
2024-07-11,2024,SHORT,ORB_SHORT,1,-70.74,no_move,13:00,3.8508384819064503,8.469272475097712,17.40366284201236,1.4697516076156896,1.2181944269322835,0.021866888682109842,0.04665044769381255,1.1558804443253494,0.21199937260307966,0.12987012987012986,0.9854696419304618,198.275
2024-07-15,2024,LONG,PM_LONG,1,83.44,stop,10:30,2.2418422742396826,6.449851147043367,14.989253400268518,1.3550872686941937,0.8562839297180517,0.0027393275314537835,0.03431979295600307,0.2606771528193905,0.13450244494574629,0.1552740645613216,0.9158316633266533,214.1375
2024-07-15,2024,LONG,PM_LONG,1,-229.24,eod,11:35,2.2418422742396826,6.449851147043367,14.989253400268518,1.3550872686941937,0.8562839297180517,0.0027393275314537835,0.03431979295600307,0.2892827248728194,-0.008924173168261431,-0.24283462728387137,0.7232558139534884,214.1375
2024-07-23,2024,LONG,PM_LONG,1,-189.74,eod,11:15,-1.0668906090258508,1.852198042938516,9.280507278126672,0.7150771627476737,0.0004381480940529571,-0.02975613303597402,-0.030132305902878742,0.29521560680162917,0.23464009310891953,0.3524658001071029,0.9381933438985737,256.7625
2024-07-24,2024,SHORT,ORB_SHORT,1,145.26,rev_exit,10:45,-1.1866835640475755,1.6121661142522858,9.088287190485474,0.6577695457204185,0.04279586664067921,-0.028924766451644213,-0.03350381467106778,0.33178262510089024,0.15443269922196196,0.16864885942678887,0.9623655913978495,256.45
2024-07-25,2024,SHORT,ORB_SHORT,2,-813.24,stop,10:15,-3.5175324675324675,-1.2099740259740295,5.418740259740264,0.5152727272727268,-0.08363636363636867,-0.03934933772767557,-0.07801155016654282,0.1939543078418668,0.07800701672729866,-0.0658008658008658,0.6435860058309038,288.75
2024-07-31,2024,LONG,PM_LONG,1,-74.24,no_move,11:30,-3.615324041263096,-2.233104968895194,3.6584101110323664,0.15637451767855873,-0.4691708008504515,-0.05368044435548436,-0.08105251649112577,0.2899185019413711,0.09382789906826261,0.0629970863847547,0.948905109489051,317.475
2024-08-01,2024,SHORT,ORB_SHORT,1,348.26,stop,10:30,-1.417755530199858,-0.30041591519747196,5.1877617873311515,0.14176451102359436,-0.44164304906326846,0.015360424166027675,-0.0245933360797973,0.29940229282194236,0.18686169831399493,0.2282012587875888,0.8328557784145176,339.6125
2024-08-02,2024,SHORT,ORB_SHORT,1,-47.24,no_move,13:00,-2.666975451597966,-1.8650698074505347,3.0274002514391567,0.11386223780850076,-0.48220075431747506,-0.011033636268672264,-0.04256314312441534,0.08233569058530432,0.08367493938386666,0.10520743730563091,0.6724367509986684,377.825
2024-08-07,2024,LONG,PM_LONG,1,-407.24,stop,10:45,-2.768087995654537,-2.8151548071700145,1.0148370450841946,-0.03156979902227588,-0.7786800651819679,-0.031793244761715855,-0.08376701361088867,0.08632457949896513,0.10075139321901956,0.1683867463335144,0.835236541598695,460.25
2024-08-08,2024,LONG,PM_LONG,1,199.26,stop,10:00,-2.8490610513082424,-3.1527408920667375,0.4737225321494988,-0.09500013095518745,-0.8237343181163421,-0.07413000908706946,-0.059908253304050585,0.20778773768606762,0.15900361750608022,0.3677221654749745,0.9666666666666667,477.2625
2024-08-09,2024,LONG,PM_LONG,1,-83.24,no_move,10:45,-1.8082857969033397,-2.306942509397754,1.275841854840828,-0.11869298914329002,-0.7496911227359938,-0.02369981119370468,-0.03447195236602951,0.056818850184258675,0.055353278963247196,0.10304671275728819,0.653250773993808,475.5125
2024-08-12,2024,LONG,PM_LONG,1,-285.24,eod,11:00,-1.3395139989434743,-2.0572847332276822,1.4944875858425792,-0.11715795034336969,-0.7223190702588514,0.0036676959587924607,-0.02731204997190384,0.243954785253207,0.0909350075199994,0.05071315372424723,0.9720496894409938,473.25
2024-08-13,2024,LONG,PM_LONG,2,309.76,stop,10:45,-1.1041528985698787,-2.044241190620953,1.4737132887467297,-0.06788442729122851,-0.6410690211213634,0.03915002860212358,-0.03204886607316915,0.1267853229662393,0.08881939317468467,0.13746067831557798,0.994328922495274,472.8625
2024-08-14,2024,LONG,VWAP_LONG,1,-55.74,no_move,11:30,-0.02928751738705158,-1.1225387666786908,2.2777239709443067,-0.01995775591159172,-0.5778167018700692,0.04048334243582752,0.00740300085927692,0.18449283289254056,0.10335778662496689,0.10973159548709495,0.8356713426853707,485.275
2024-08-15,2024,LONG,PM_LONG,1,78.76,no_move,10:35,0.0622989178122227,-1.187141375734532,2.291068627190303,0.029578026536198964,-0.4801244382993386,0.05310957824746687,-0.024957444357697756,0.1558369927136004,0.07820054732118366,0.06806881331596161,0.9622926093514329,470.1125
2024-08-21,2024,LONG,PM_LONG,1,-83.74,no_move,10:35,1.8245423189174879,0.3909153621650268,3.771674184133723,0.12489254444149672,-0.05770761475192359,0.04134899284823823,0.08350628072091748,0.12404988669069968,0.09598984948992965,0.09074024940302468,0.9063097514340345,471.125
2024-08-23,2024,LONG,PM_LONG,1,-407.24,stop,10:30,1.368376238185795,-0.07188715125024801,3.4794681122810975,0.12581386768086703,0.11111741832940708,0.003013394282212145,0.062330953153737934,0.08710281110737154,0.04214301626913971,0.062441461130190445,0.7420584498094028,440.4125
2024-08-26,2024,SHORT,ORB_SHORT,1,10.260000000000002,no_move,11:45,1.6036394413880677,0.2368288898293137,3.724262942587105,0.10809987304274327,0.19991536182818614,0.008669709564729677,0.06288877245307867,0.10297294400573853,0.006385725025906525,0.01072083509662858,0.6872881355932203,443.0625
2024-08-26,2024,SHORT,ORB_SHORT,1,-103.24,eod,13:35,1.6036394413880677,0.2368288898293137,3.724262942587105,0.10809987304274327,0.19991536182818614,0.008669709564729677,0.06288877245307867,0.16722521349136385,0.08760238376591468,0.12187896741430385,0.8313559322033899,443.0625
2024-08-28,2024,SHORT,ORB_SHORT,1,202.76,stop,10:40,1.210941121928608,-0.04733426054705205,3.4227457116365287,0.025707000463598768,0.20282800185442745,-0.009753515802207735,0.031192178990879782,0.14561740377591686,0.11106143303610916,0.17732962447844228,0.9636650868878357,431.4
2024-08-28,2024,SHORT,ORB_SHORT,2,-506.24,eod,13:55,1.210941121928608,-0.04733426054705205,3.4227457116365287,0.025707000463598768,0.20282800185442745,-0.009753515802207735,0.031192178990879782,0.4096102413664909,0.20234954199821753,0.25672229949003245,0.9822161422708618,431.4
2024-08-29,2024,LONG,PM_LONG,1,34.26,vwap_cross,10:15,0.7274334162197806,-0.56327631145331,2.95880044339255,-0.029347793522871223,0.11863746667066119,-0.02255998590787267,0.019702558313534624,-0.08386001505999921,-0.0884789146517354,-0.16237754276641,0.3618817852834741,417.2375
2024-09-03,2024,SHORT,ORB_SHORT,1,90.42,stop,10:30,1.1081683444151362,0.0335500167155778,4.178403476839639,-0.10990676423609995,0.4646186991567986,0.002167897267174146,-0.006070800713319113,0.28876195895771556,0.1882216938543277,0.1552691207607444,0.955649419218585,336.5125
2024-09-03,2024,SHORT,ORB_SHORT,1,166.76,eod,13:30,1.1081683444151362,0.0335500167155778,4.178403476839639,-0.10990676423609995,0.4646186991567986,0.002167897267174146,-0.006070800713319113,0.3710747733830705,0.047510797191180995,0.021544519148620038,0.965034965034965,336.5125
2024-09-04,2024,LONG,PM_LONG,1,-61.74,no_move,10:30,-0.7657315589633987,-1.670394809599292,2.3471854609798326,-0.1423231466804244,0.5075754783057557,-0.030248657453360805,-0.03970714249710172,0.2715965549722153,0.18392426702331374,0.2934345854683526,0.9950617283950617,339.0875
2024-09-05,2024,LONG,PM_LONG,1,-407.24,stop,10:20,-1.3183128916913331,-2.0706217078703566,2.0122534507285987,-0.1801991618285951,0.5088623168903071,-0.025577982596158844,-0.047560929577110334,0.31562797629492256,0.24488942621645737,0.14841016571186896,0.982982982982983,325.1125
2024-09-11,2024,LONG,PM_LONG,1,96.26,stop,13:45,-1.6268451633165808,-2.0335898241206,1.6267195351758745,-0.403313442211058,-0.053313442211062136,-0.010996653762876507,-0.040912677203430836,0.8864304841925895,0.22561227005718051,0.22220477386934676,0.9980704293294742,318.4
2024-09-12,2024,LONG,ORB_LONG,2,-36.239999999999995,no_move,10:35,-0.6084498661112764,-0.9017703064564091,2.4440196370127976,-0.39675691758405884,-0.017479916691460873,0.012510403318493513,-0.01338757015601666,0.07195718157706725,-0.02479156972090881,-0.07512645046117226,0.6265560165975104,336.1
2024-09-13,2024,LONG,PM_LONG,1,-23.24,no_move,10:50,0.27926125432858345,0.013235859946130888,3.364890342439402,-0.40060023085802365,-0.03443632166217776,0.025654885106719538,0.004596929354492962,0.0853204082815277,0.026937947361836644,0.07464409388226241,0.8047016274864376,324.875
2024-09-13,2024,LONG,PM_LONG,1,-112.74,eod,13:35,0.27926125432858345,0.013235859946130888,3.364890342439402,-0.40060023085802365,-0.03443632166217776,0.025654885106719538,0.004596929354492962,0.19985894482526503,0.046674514985210636,0.0461716044632551,0.9453015427769986,324.875
2024-09-17,2024,LONG,PM_LONG,1,-407.24,stop,10:45,0.24886350390488404,0.05570190775925168,3.186358161401877,-0.3668803667871122,-0.08955977775187474,0.04410776221331969,-0.011706770839960856,0.17038904754260317,0.10937684026564364,0.1872790146481719,0.9162210338680927,321.7125
2024-09-19,2024,LONG,PM_LONG,1,-32.739999999999995,no_move,10:30,0.5331649006372767,0.3831818696029275,3.153708661714245,-0.3562879444926266,-0.1747426373543475,0.016283074996085833,0.02899718615004554,0.29886838452790787,0.1959332666227434,0.18703571024548438,0.9461538461538461,331.4875
2024-09-23,2024,LONG,ORB_LONG,1,-68.24000000000001,no_move,10:55,1.6696358396646602,1.5908978629439727,4.244249410531828,-0.33396459448332905,-0.08705415621842352,0.021362742451702443,0.04756568626158497,0.04914352760077513,0.00841383188352343,-0.02545005426849807,0.6789473684210526,333.9875
2024-09-25,2024,LONG,PM_LONG,2,-137.24,no_move,10:30,2.42666060399379,2.5388958357015627,5.036444242355346,-0.2633625099465758,0.1597893221173819,0.03773803545907528,0.08351033796682161,0.08219700395672593,0.017148498485703503,-0.07881474745178281,0.7639405204460966,329.8875
2024-09-30,2024,LONG,PM_LONG,1,-8.74,no_move,11:30,2.456166124037166,2.9214007782101152,5.378142618915276,-0.04491384102278859,0.37246883189073526,0.01883943066409932,0.040604635021015634,0.007239017652753127,0.0011248880365224948,-0.004764551735090924,0.5402930402930403,314.825
2024-10-01,2024,SHORT,ORB_SHORT,2,-161.24,no_move,11:05,2.0580924507877962,2.6041133785029875,5.050988253217333,0.018730706009702586,0.39089123200898046,0.003925624984422171,0.032160108652478536,0.49165060084154005,0.23727532584087835,0.23333199695305296,0.9959040374488005,311.7875
2024-10-01,2024,SHORT,ORB_SHORT,1,-251.24,eod,13:30,2.0580924507877962,2.6041133785029875,5.050988253217333,0.018730706009702586,0.39089123200898046,0.003925624984422171,0.032160108652478536,0.14186936190966062,-0.08261450999875154,-0.18682596319608707,0.7875069715560513,311.7875
2024-10-08,2024,LONG,PM_LONG,1,26.76,no_move,10:30,0.8425758748172987,2.11823574929069,4.6576648611469365,0.1822715157768034,0.6364886940073966,-0.00710056233474432,-0.0032028114952269426,0.22748867547755014,0.1273442245047836,0.09715415699423954,0.9770318021201413,290.775
2024-10-09,2024,LONG,PM_LONG,1,93.26,no_move,10:35,1.4900950027691438,2.969232735483318,5.5020832445788805,0.2496826140672331,0.744983598176621,0.011829151121149017,0.00609196257971667,0.19978536589405615,0.09136808426477812,0.05027052358028373,0.9102296450939458,293.4125
2024-10-09,2024,LONG,PM_LONG,1,29.26,no_move,13:30,1.4900950027691438,2.969232735483318,5.5020832445788805,0.2496826140672331,0.744983598176621,0.011829151121149017,0.00609196257971667,0.24709694692330125,0.023772513199891418,0.028117411494057,0.8489892984542212,293.4125
2024-10-10,2024,LONG,PM_LONG,1,-38.74,no_move,11:55,1.7512642495928663,3.4068226622096556,6.0013113911031075,0.35146995800119796,0.8149052884203308,0.019465934614424807,0.012153272463732101,0.30610490188781153,0.10898142385079868,0.09599725722122225,0.9872340425531915,291.675
2024-10-18,2024,LONG,ORB_LONG,1,-13.74,no_move,11:30,0.7628601312161291,2.9107159836455234,6.220552438908433,0.7902253494342509,0.5222496909765142,0.000992574075435737,0.024686712076167572,0.08619519333987227,0.020868043282309446,0.014262622420842445,0.7095959595959596,262.925
2024-10-21,2024,SHORT,ORB_SHORT,1,-192.24,eod,11:10,0.9689214831529762,3.2493974049951277,6.907954254064315,0.8893789425098783,0.5139237909636422,7.321716210273443e-05,0.01606784199955369,0.29234220438200503,0.12307295556643368,0.15795681829837427,0.8118081180811808,243.7375
2024-10-22,2024,LONG,PM_LONG,1,10.260000000000002,no_move,13:40,0.8640746500777544,3.1012130637636033,6.878849144634519,0.8813063763608129,0.41332296526698675,-0.007053775951714414,0.024279552416077932,0.27042618699811105,0.10672779671453493,0.13374805598755832,0.867704280155642,241.125
2024-10-23,2024,SHORT,ORB_SHORT,1,384.26,stop,11:25,1.0498122261631606,3.222532860421443,7.109357396202794,0.8501982057166702,0.3003859795535125,0.013004782801637083,0.013442020495998186,0.3733310142178792,0.21119912675389482,0.11370749008971416,0.972972972972973,239.65
2024-10-24,2024,SHORT,ORB_SHORT,1,-233.24,eod,11:45,-0.5263594650004825,1.4162257151225222,5.0775456409255035,0.7219369325392911,0.15503270526211888,-0.009958251473477397,-0.013108935128518961,0.2573139676623358,0.20447584623801748,0.30459826222786296,0.9863636363636363,256.075
2024-10-25,2024,LONG,PM_LONG,1,-57.24,no_move,10:40,0.3603666434193455,2.242283550861813,6.01699711069044,0.6571884029092312,0.08040251071036872,-0.0018485193482439266,-0.000857780065191327,0.11413631741532859,-0.014265577399613077,-0.12553551858124937,0.7919540229885057,250.925
2024-10-28,2024,SHORT,MOM_SHORT,1,37.76,no_move,11:00,0.7833203429462198,2.603546375681994,6.298178098207323,0.5589633671083409,0.053926344505071916,0.0009517534226517466,0.0010250402694391703,0.06877416647222358,0.08882605640722283,0.16660171473109897,0.6742424242424243,256.6
2024-10-28,2024,SHORT,ORB_SHORT,1,-23.74,no_move,13:10,0.7833203429462198,2.603546375681994,6.298178098207323,0.5589633671083409,0.053926344505071916,0.0009517534226517466,0.0010250402694391703,0.2013054061015052,0.0889017106622511,0.0701480904130943,0.9523809523809523,256.6
2024-10-29,2024,LONG,PM_LONG,1,48.76,no_move,13:00,0.7749442931418667,2.6285912354543215,6.385303292894278,0.49210200544688704,0.1350334241148857,0.001952958121254289,-0.00511459355949051,0.4295426835637595,0.12585704965599878,0.1297350829413221,0.950199203187251,252.4375
2024-10-30,2024,SHORT,MOM_SHORT,1,-37.739999999999995,no_move,10:50,1.4666530278232435,3.4431873977086718,7.321204991816701,0.4286620294598994,0.27301554828149976,0.008469316978790165,0.021584241408214577,0.01187456049705712,0.1304017966581289,0.22606382978723405,0.44249201277955275,244.4
2024-10-30,2024,SHORT,VWAP_SHORT,1,34.26,no_move,13:30,1.4666530278232435,3.4431873977086718,7.321204991816701,0.4286620294598994,0.27301554828149976,0.008469316978790165,0.021584241408214577,0.1643614312843279,0.12728301530729016,0.1513911620294599,0.6357827476038338,244.4
2024-10-31,2024,SHORT,ORB_SHORT,1,140.76,stop,10:15,0.866777598668813,2.9301024387707373,6.863257240913115,0.40684311788258243,0.3385679371847568,0.021803569435314918,0.011628192534381077,0.0999393950966298,-0.00041528894802220125,-0.13415839009931882,0.728,240.3875
2024-11-05,2024,LONG,PM_LONG,1,102.26,no_move,11:05,-1.134777673592259,0.7967428317623266,4.460134234812223,0.22306667324680451,0.061343335142865496,-0.019747341235518467,-0.01783294884470321,0.137205040714654,0.06603882542867362,0.10659823323298623,0.8309859154929577,253.2875
2024-11-06,2024,LONG,PM_LONG,1,-14.74,no_move,10:30,-0.32575569563706175,1.57006005856952,5.258529805926433,0.20594629473369916,0.04169355238993398,-0.019028657616892874,-0.010720500371141028,0.2830336845615424,0.165094714906274,0.09430684469151734,0.8725490196078431,251.8375
2024-11-07,2024,LONG,PM_LONG,2,81.76,no_move,10:45,1.7835713955530874,3.5456755882216915,7.013225165256779,0.22951971524985837,0.12217445569269979,0.01536650199667422,0.03750511602525153,0.2388780722523846,0.1375086215338374,0.1996949105533213,0.9966159052453468,270.4125
2024-11-11,2024,SHORT,ORB_SHORT,1,-75.24,no_move,13:00,2.639405886128177,4.405867791326667,7.982227010176947,0.44079948656825785,0.3787017511689767,0.05086130086130081,0.035181392627267494,0.2605060855252363,0.12357848255681214,0.11185477216466488,0.9047619047619048,272.675
2024-11-12,2024,SHORT,ORB_SHORT,1,-227.74,eod,13:00,2.408222191667812,4.1550025207388,7.787717127274389,0.5392731105916925,0.3931894220633366,0.05361270598762213,0.03280665635240654,0.41845231010275025,0.1655022413199901,0.20440900132911682,0.9164556962025316,272.7375
2024-11-13,2024,SHORT,ORB_SHORT,1,-160.74,eod,10:35,2.2748574144486637,4.140798479087448,7.950793726235742,0.6211787072243445,0.42029467680609195,0.04216585893871927,0.022334841628959268,0.053272219435611744,0.013101068381473516,-0.045627376425855515,0.5697445972495088,263.0
2024-11-14,2024,SHORT,OPEN_SHORT,1,49.26,no_move,10:55,2.130781574476124,3.9787615631489572,7.852690202001131,0.682537285255793,0.43368888049839255,0.013185420726094632,0.02875453651668347,0.04335173402440462,0.058927828930658566,0.1425335095336983,0.6256983240223464,264.85
2024-11-14,2024,SHORT,ORB_SHORT,1,48.26,eod,13:55,2.130781574476124,3.9787615631489572,7.852690202001131,0.682537285255793,0.43368888049839255,0.013185420726094632,0.02875453651668347,0.2478824336315222,0.1588582006234402,0.23031904851802906,0.9334389857369255,264.85
2024-11-15,2024,SHORT,ORB_SHORT,1,112.76,no_move,11:45,1.309734513274339,3.1149306705787723,7.095092518101374,0.7040840471345362,0.4367516918271706,-0.011136748916933503,0.04564862879834686,0.35869343613731797,0.07780606497524686,0.133453220387109,0.9374389051808407,264.1375
2024-11-18,2024,LONG,PM_LONG,1,-64.24000000000001,no_move,10:30,-0.6185459747691457,0.9278883253132121,4.630441756622018,0.6201933498070863,0.24151385095590097,-0.03556372029487265,0.013488763488763489,0.4143237957210677,0.2673459653157709,0.2765855984740105,0.996078431372549,288.3375
2024-11-19,2024,LONG,PM_LONG,1,100.76,no_move,11:50,-0.07068445975032787,1.3448816185966437,5.117206198880753,0.6472836848902216,0.12436504520018221,-0.02617362585515448,0.02603584122486513,0.23366525439128863,-0.031270179972918546,-0.08351269909599655,0.8103896103896104,290.375
2024-11-19,2024,LONG,PM_LONG,1,-15.74,no_move,13:35,-0.07068445975032787,1.3448816185966437,5.117206198880753,0.6472836848902216,0.12436504520018221,-0.02617362585515448,0.02603584122486513,0.45151790444451706,0.10217490032623155,0.11536805854498493,0.9888324873096447,290.375
2024-11-27,2024,SHORT,ORB_SHORT,1,68.26,no_move,10:50,0.6409027535726735,1.7336702683861953,5.929430986406419,0.536406413384456,0.14726385500174277,0.009556174156152508,-0.01121261478176716,0.2459631246309167,0.08839192841947095,-0.06273963053328686,0.8728121353558926,286.9
2024-11-29,2024,LONG,PM_LONG,1,-4.24,no_move,11:10,0.2928805620608845,1.4494051522248292,6.05736299765808,0.5260327868852399,0.23409836065574588,0.0009703271559831084,-0.005238219957618084,0.2800041917150822,0.10668191231869813,0.14238875878220142,0.9880794701986755,266.875
2024-12-02,2024,LONG,PM_LONG,1,104.26,no_move,10:35,0.5289252314488463,1.7530335072136842,6.400841204943844,0.5103623290568166,0.3409464730485455,0.008830844276771943,0.02525092187843425,0.1512966797756167,0.04596901115439186,0.03759575168006015,0.9055007052186178,265.9875
2024-12-04,2024,LONG,PM_LONG,2,-17.240000000000002,no_move,10:30,1.1430273567819982,2.599389953293303,7.342598417691351,0.4723477266228135,0.5380802592698504,0.014717818945760186,0.02441463914295694,0.1884287117244311,0.12134887058165886,0.11629015346487466,0.994413407821229,262.275
2024-12-04,2024,LONG,PM_LONG,1,60.760000000000005,eod,13:50,1.1430273567819982,2.599389953293303,7.342598417691351,0.4723477266228135,0.5380802592698504,0.014717818945760186,0.02441463914295694,0.12654162675371314,0.052709850729149965,0.10675817367267182,0.8914549653579676,262.275
2024-12-05,2024,SHORT,ORB_SHORT,1,-54.74,no_move,10:45,2.1785805009399004,3.7452624091855857,8.840192043895744,0.49957831631357363,0.5361987501905168,0.03384700385553163,0.04394071702323776,0.08731376125782869,0.06558600751255048,0.07620789513793629,0.9400921658986175,246.0375
2024-12-05,2024,SHORT,ORB_SHORT,1,-9.74,no_move,13:20,2.1785805009399004,3.7452624091855857,8.840192043895744,0.49957831631357363,0.5361987501905168,0.03384700385553163,0.04394071702323776,0.14456423207652097,0.18275223974702826,0.25605852766346593,0.8988439306358381,246.0375
2024-12-06,2024,LONG,PM_LONG,1,-44.24,no_move,13:05,2.121727539322841,3.7235083977605985,9.0928179152226,0.500687816582249,0.38181818181818494,0.02889011225735416,0.029888472273799982,0.19670034488086433,0.08720405109085366,0.08104505465209277,0.9605263157894737,234.4375
2024-12-09,2024,SHORT,ORB_SHORT,1,75.12,stop,10:35,2.631783148954022,4.175934567189225,9.497656372883135,0.5156608818748962,0.26776070885544095,0.031072100612152598,0.040177337770782584,0.2923094803934086,0.2066727278043727,0.2862685471609081,0.8637992831541219,238.4125
2024-12-10,2024,LONG,PM_LONG,1,-385.74,eod,10:30,1.7749686585875468,3.257626410363557,8.597701629753448,0.5265775177601422,0.19436899289594955,0.01094396079493909,0.029376132042654657,0.054091353338672765,0.0040704305188526664,-0.1107396573338905,0.6699507389162561,239.3
2024-12-11,2024,LONG,PM_LONG,1,28.76,no_move,11:25,1.430127606598195,2.8325552443199533,8.17521008403362,0.5433343707853524,0.18170972092540116,0.006199343598913165,0.021008403361344463,0.3202494529976705,0.1287366132524623,0.08507106546322232,0.9986876640419947,240.975
2024-12-16,2024,LONG,PM_LONG,2,118.76,no_move,10:30,2.70104745617786,4.264258230012826,9.982578024796918,0.6677426250534472,0.5583582727661331,0.007300028876696452,0.03859895672057734,0.2661546885691689,0.16131635397005492,0.2811030354852501,0.9815573770491803,233.9
2024-12-23,2024,LONG,PM_LONG,1,81.76,no_move,11:40,-0.6963255390221623,1.1264095556230376,6.714009515133115,0.6001012248203225,0.5067314505516665,-0.021352231019597934,-0.013725398967105562,0.35385711969713496,0.2120332493129592,0.17208219455410467,0.9683698296836983,246.975
2024-12-24,2024,LONG,PM_LONG,2,297.76,eod_force,11:50,1.0968750000000054,2.853563432835825,8.024169776119406,0.5220335820895479,0.404197761194019,-0.00425424564541832,0.0030147271152181077,0.2038759880816583,-0.02996982963362988,-0.05503731343283582,0.8659003831417624,268.0
2024-12-26,2024,LONG,PM_LONG,1,-52.24,no_move,11:40,2.114768518518516,3.9763888888888888,9.142777777777775,0.4646851851851857,0.4508333333333414,-0.004110718359326526,0.02760557471800129,0.2343287141164587,0.09310827996995175,0.15,0.9759036144578314,270.0
2024-12-26,2024,LONG,PM_LONG,1,52.76,no_move,13:35,2.114768518518516,3.9763888888888888,9.142777777777775,0.4646851851851857,0.4508333333333414,-0.004110718359326526,0.02760557471800129,0.1253978028603645,-0.005392828069051137,-0.028703703703703703,0.7420537897310513,270.0
2025-01-10,2025,SHORT,ORB_SHORT,2,27.76,no_move,10:00,-0.8642379443857755,0.3776979936642056,4.462766631467794,0.280478704681449,-0.04111228440690513,0.0037102473498233923,-0.018667372978948826,0.383449257472514,0.34545780781416624,0.26962337205209436,0.9608938547486033,355.125
2025-01-15,2025,LONG,PM_LONG,1,-57.24,no_move,10:35,-1.9752645367629547,-1.0859106529209641,2.810816236262798,0.14473818515872008,-0.26327787417916654,-0.041651780054629106,-0.039282289464258935,0.14612654202099593,0.032714700862914926,-0.0462726685039638,0.8806306306306306,367.3875
2025-01-22,2025,LONG,PM_LONG,1,1.7599999999999998,no_move,11:25,0.7451679048035189,1.1146458704494242,5.076264748394905,0.3322599078960645,-0.08864163501293573,0.04507353913869605,0.0015443659455784964,0.14567713161849108,0.06663464904782128,0.12504622004100976,0.9933665008291874,371.8625
2025-01-23,2025,LONG,PM_LONG,1,-3.24,no_move,11:45,1.4412903660302427,1.8802572650436034,5.840216183452875,0.3023739771694181,0.09418459777081273,0.02741786884672348,0.030723511793335767,0.12646686172394178,0.0443904674425918,0.01683671751355356,0.8807339449541285,371.2125
2025-01-28,2025,LONG,PM_LONG,1,4.26,no_move,10:25,-0.781397213591256,-0.5243125856135803,3.343466639938521,0.16076977047208968,-0.10323744612609001,-0.024076935495030094,0.01270760541808258,0.4571126477597857,0.2739309322733833,0.24656710433998197,0.9563182527301092,374.1375
2025-01-29,2025,SHORT,ORB_SHORT,1,-262.24,eod,13:00,0.41815792134263075,0.6505038250261148,4.52391062582145,0.14077444141138448,-0.1436322582819339,-0.005569556161609146,0.03925294336945151,0.3397551135117748,0.2681588505142992,0.33431065278199035,0.9307450157397692,370.9125
2025-01-31,2025,LONG,PM_LONG,1,0.2599999999999998,no_move,10:40,0.5698632025085243,0.7731366941180529,4.72340374211778,0.1543434064987467,0.05561489955550232,-0.013212399854333534,0.014448500163788625,0.12751249677796997,0.02197227758001279,0.03239033803108094,0.826647564469914,362.7625
2025-02-03,2025,LONG,PM_LONG,1,83.22,stop,10:30,0.2148037616684596,0.42377763125933016,4.397959537772845,0.16858104591039608,0.11652843807474352,-0.014529504489068645,-0.001700975457354148,0.3511703389318214,0.29707370185567705,0.7058333622514489,0.9473197781885397,360.2125
2025-02-04,2025,LONG,PM_LONG,1,77.36,stop,13:05,-0.059586472632198594,0.0997282141259864,4.02057659889221,0.20807100835999187,0.10943681838511227,0.01455679750454908,-0.009870621065012353,-0.036374224894571705,-0.032688293667718915,-0.030962947672618434,0.6246764452113891,363.3375
2025-02-05,2025,LONG,PM_LONG,1,-21.74,no_move,11:50,0.46555563287175766,0.5634263447220076,4.5274719922065225,0.24522997703708738,0.042342216964714546,0.002279644051517593,-0.003302608715664901,0.3470974728029886,0.15706667133382937,0.14960684712267763,0.9664670658682635,359.275
2025-02-06,2025,LONG,PM_LONG,1,-67.74000000000001,no_move,10:30,0.6107050730868465,0.712883347664083,4.784855975924331,0.2717254227572379,0.03597019203209881,0.009517943473410284,-0.013973075438715954,0.02597320294114932,0.0040265734808952215,-0.09100028661507596,0.5852017937219731,348.9
2025-02-06,2025,LONG,PM_LONG,1,-116.24,eod,13:10,0.6107050730868465,0.712883347664083,4.784855975924331,0.2717254227572379,0.03597019203209881,0.009517943473410284,-0.013973075438715954,0.07490148206715808,0.016226170839789358,0.0007165376898824879,0.6995515695067265,348.9
2025-02-11,2025,LONG,PM_LONG,1,49.76,no_move,13:30,0.7931400930777948,1.0335299937703815,5.173798966616585,0.2636520209608305,0.28883432885045685,0.01892483637295328,0.03375711888839006,0.028330041524892997,0.07784979954859068,0.0879475246436293,0.6052631578947368,341.1125
2025-02-13,2025,LONG,PM_LONG,1,210.26,eod,13:45,0.4656679647142948,0.8287371850909981,5.3127433839306955,0.2893586585075032,0.3816260033378345,0.004742882797840409,0.01430596876162138,0.05527324545121824,0.03783085982556233,0.058809504887546694,0.6076233183856502,314.575
2025-02-14,2025,LONG,PM_LONG,1,-86.74,no_move,10:50,1.171879324660942,1.5766715432367238,6.039009924479068,0.29640583606817206,0.33711597010794586,0.01460147508214038,0.018521294876082672,0.0893751010430744,0.06136682713691205,0.10122177849828003,0.90625,316.1375
2025-02-14,2025,LONG,PM_LONG,1,18.76,no_move,13:00,1.171879324660942,1.5766715432367238,6.039009924479068,0.29640583606817206,0.33711597010794586,0.01460147508214038,0.018521294876082672,0.09677565127059046,0.06976477596712764,0.07828871930726346,0.8537313432835821,316.1375
2025-02-19,2025,SHORT,ORB_SHORT,1,-215.74,eod,10:55,1.2981426355289136,1.817953125655109,6.509697706595111,0.3096054672760062,0.2648106997610066,0.015955375346482503,0.024072320871914465,0.029014680310453764,0.038528704130407584,0.09056224057691502,0.5869565217391304,298.1375
2025-02-20,2025,SHORT,ORB_SHORT,1,-41.74,no_move,10:00,1.6110461844782062,2.135861143574432,6.962632558542175,0.30866986971388793,0.2155131368220552,0.020405824997995037,0.025245490232194134,0.23897016182817446,0.2481671956023241,0.3722460286542873,0.706787330316742,288.7875
2025-02-24,2025,SHORT,ORB_SHORT,1,129.26,rev_exit,10:10,-0.33342714699259746,0.09942103570279787,4.508471373431973,0.1998070119009295,0.02874718559022194,-0.021956717763751077,0.005795623145400608,0.14591001700450643,0.0990971965262228,-0.008845287873914443,0.6328767123287671,310.9
2025-02-25,2025,SHORT,ORB_SHORT,1,93.78,stop,10:10,-0.9035515470590723,-0.38235877961420967,4.304677857851814,0.1583739697061235,0.05773961075388959,-0.030604558077826916,-0.014538638259935288,0.46622077539761947,0.34140897078499033,0.416001380917447,0.98,289.6625
2025-02-25,2025,SHORT,ORB_SHORT,2,216.28,stop,10:35,-0.9035515470590723,-0.38235877961420967,4.304677857851814,0.1583739697061235,0.05773961075388959,-0.030604558077826916,-0.014538638259935288,0.29462661625851044,0.0453104611321302,-0.2019591766279722,0.7564276048714479,289.6625
2025-02-26,2025,LONG,ORB_LONG,1,99.26,no_move,10:35,-2.0117572156196992,-1.5257385398981385,2.9934889643463514,0.06988115449915704,-0.03353140916808149,-0.043777269191309975,-0.028520376606418818,0.1317206990872815,0.04900117958035594,-0.03735144312393888,0.726158038147139,294.5
2025-02-28,2025,LONG,MOM_LONG,1,181.26,eod,13:40,-3.1160908193484698,-2.7728173741362303,1.2548706811451102,-0.11384797630799881,-0.27336623889436856,-0.06136947250534508,-0.06049797887156494,0.024485415403146447,0.14536222948548858,0.16189536031589338,0.5795275590551181,316.5625
2025-03-03,2025,SHORT,ORB_SHORT,1,-19.74,no_move,10:00,-3.0451594806860074,-2.740166693380344,1.224603301811186,-0.22053213656035228,-0.3462894694662653,-0.04400036878255653,-0.0649909828674482,0.258902649627574,0.27131609552813984,0.23401186087514025,0.6994459833795014,311.95
2025-03-03,2025,SHORT,ORB_SHORT,1,89.52,stop,13:45,-3.0451594806860074,-2.740166693380344,1.224603301811186,-0.22053213656035228,-0.3462894694662653,-0.04400036878255653,-0.0649909828674482,0.5470111828908137,0.03808570931570894,-0.137842602981247,0.8685897435897436,311.95
2025-03-04,2025,SHORT,ORB_SHORT,1,94.68,stop,10:05,-3.633606051250384,-3.4010497066995944,0.29509107749305885,-0.31693423896265044,-0.42752392713801235,-0.050731277328663005,-0.07978322708312247,0.33682522741343485,0.23732891386232385,0.35504785427601115,0.9163498098859315,323.9
2025-03-05,2025,SHORT,MOM_SHORT,1,93.78,stop,10:20,-2.7137179864586356,-2.5852222549308235,0.8591440977332933,-0.3183102737709774,-0.41532970267883856,-0.025325410299943396,-0.06799400218717233,0.15359216316537824,0.14245812157080567,0.3429496614659994,0.6909492273730684,339.7
2025-03-05,2025,SHORT,VWAP_SHORT,1,-407.24,stop,11:55,-2.7137179864586356,-2.5852222549308235,0.8591440977332933,-0.3183102737709774,-0.41532970267883856,-0.025325410299943396,-0.06799400218717233,0.05941235561829555,-0.14483866869599632,-0.30983220488666474,0.5625554569653948,339.7
2025-03-07,2025,SHORT,ORB_SHORT,1,534.02,stop,10:40,-3.4799279633267886,-3.6028028814669257,-0.6897576948264537,-0.30753110674525597,-0.474688932547473,-0.02964784149251576,-0.08919784160454303,0.37714066312826716,0.21596168930880244,0.2920759659462999,0.8315715292459478,381.75
2025-03-10,2025,SHORT,ORB_SHORT,1,237.26,stop,10:05,-3.020784846133956,-3.2218127747607967,-0.4608029480217249,-0.3256271011119686,-0.5151603310059422,-0.02492947898835496,-0.06783294150186692,0.25766540428967566,0.18900588569952304,0.16291698991466252,0.9466824644549763,386.7
2025-03-10,2025,SHORT,ORB_SHORT,1,85.68,stop,13:10,-3.020784846133956,-3.2218127747607967,-0.4608029480217249,-0.3256271011119686,-0.5151603310059422,-0.02492947898835496,-0.06783294150186692,0.41657391857094267,0.07463278388669624,0.11055081458494957,0.8993288590604027,386.7
2025-03-11,2025,LONG,MOM_LONG,2,-813.24,stop,11:05,-4.588508016271832,-4.94839674563293,-2.527823642019619,-0.35693945920075915,-0.6588298636037347,-0.05451768586963157,-0.10248321135712546,0.10734535125418683,0.21998738212821503,0.14178033022254127,0.5814788226848528,417.9
2025-03-12,2025,SHORT,ORB_SHORT,1,-407.24,stop,11:00,-3.627998154981546,-4.139125922509222,-1.9084669049815488,-0.3983510147601526,-0.7059790129151359,-0.05270479508395021,-0.07669543482361818,0.4290873041520668,0.21361716098850908,0.17758302583025828,0.9655667144906743,433.6
2025-03-13,2025,SHORT,ORB_SHORT,2,151.76,no_move,10:00,-3.1915890520541716,-3.8605679675447147,-1.7447660133706644,-0.45856808182389214,-0.7942117593280368,-0.05147981846272687,-0.06961628168547174,0.1392727279551089,0.14025350779956341,0.19370321695903092,0.6976284584980237,437.525
2025-03-13,2025,SHORT,ORB_SHORT,2,120.76,no_move,11:35,-3.1915890520541716,-3.8605679675447147,-1.7447660133706644,-0.45856808182389214,-0.7942117593280368,-0.05147981846272687,-0.06961628168547174,0.3452503298740968,0.17964492809377772,0.21141649048625794,0.9582623509369677,437.525
2025-03-14,2025,LONG,PM_LONG,1,183.26,stop,10:35,-3.5410124111002617,-4.417091061218801,-2.4421586947427096,-0.4622730442058238,-0.8015618463254777,-0.04031596989343467,-0.06876852990093285,0.04651810564848651,0.06579074754909152,0.06470506205550132,0.6246786632390745,448.1875
2025-03-14,2025,LONG,PM_LONG,1,-27.24,no_move,13:00,-3.5410124111002617,-4.417091061218801,-2.4421586947427096,-0.4622730442058238,-0.8015618463254777,-0.04031596989343467,-0.06876852990093285,0.20540157782977606,0.009534025556713266,-0.014502858736577882,0.8836589698046181,448.1875
2025-03-17,2025,LONG,MOM_LONG,1,309.76,eod,13:25,-2.3177079102012095,-3.3727516451377038,-1.5295637338532784,-0.43286484144393056,-0.8021772686651997,-0.025257770195089346,-0.04955758613207317,0.07222003925287837,0.08704120657403891,0.08611585019091722,0.6070615034168565,461.5875
2025-03-18,2025,SHORT,ORB_SHORT,2,-146.24,no_move,11:00,-1.5691367456073355,-2.771697268248996,-1.062487816443191,-0.3756065435578611,-0.7951845314928495,0.0296964449556103,-0.026440222371555966,0.1980505912298802,0.10668127215157656,0.07217934195621822,0.9382608695652174,474.5125
2025-03-19,2025,LONG,PM_LONG,1,-68.74000000000001,no_move,11:50,-2.0542180913200276,-3.394870232109301,-1.8450124434963706,-0.3665701660825794,-0.7555487835847383,-0.00289869877794946,-0.05545071853679784,0.19147083290177705,0.07972178765066462,0.08227944537559043,0.9485776805251641,492.225
2025-03-24,2025,LONG,PM_LONG,2,119.76,no_move,10:30,-1.260894254746562,-2.916811100412313,-1.5517591289534098,-0.3302273905636665,-0.7381181640866122,0.017381063312108536,-0.023635641006533037,0.06515343234898176,0.021904246407838987,-0.01036960225168506,0.8097165991902834,506.2875
2025-03-25,2025,LONG,PM_LONG,1,-32.239999999999995,no_move,10:35,0.28777221859667074,-1.4352838807918236,-0.13730210523771486,-0.2925482802794059,-0.593551349914198,0.0336491508440826,0.007541478129713397,0.10095652302543891,0.05934502727276892,0.05994247456070384,0.973170731707317,517.1625
2025-03-26,2025,SHORT,ORB_SHORT,1,325.26,stop,11:25,0.5238448416524498,-1.3312467551731832,-0.03568444213701118,-0.25387030581720305,-0.4832505129916642,0.02579033897666938,0.056252665314087125,0.12020946555517081,0.04389907004726504,0.07317857054562535,0.8122489959839357,505.6125
2025-04-01,2025,LONG,MOM_LONG,1,559.02,stop,10:35,-1.0203205637157573,-3.109279475982536,-2.068710301707029,-0.26214767764986047,-0.3576816196903547,-0.0469348188868165,-0.014864984843296125,0.08561322297239493,0.10399648427912264,0.1483723699880905,0.7412935323383084,503.8
2025-04-02,2025,LONG,PM_LONG,1,333.76,rev_exit,10:55,-0.8531558059147356,-3.0201613109717043,-2.03506081167584,-0.3424708744078911,-0.3667392139290714,-0.047396496036018365,-0.022828528758424227,0.18268043651230362,0.08287133173483954,0.09934707463833056,0.9791021671826625,488.1875
2025-04-03,2025,SHORT,ORB_SHORT,2,279.76,stop,10:40,-0.38891172541362357,-2.582941116020963,-1.6767855307779265,-0.3993834138320824,-0.34343849552975475,-0.020911220776631323,0.006172839506172867,0.19628318118740756,0.09656904866506988,0.1397595313945124,0.9130434782608696,486.55
2025-04-04,2025,SHORT,ORB_SHORT,2,-813.24,stop,10:45,-1.807109226711365,-3.972460374195772,-3.2185939310276814,-0.45675549091626516,-0.38588014888949,-0.06354261261149186,-0.053891688765442924,0.6101149455724485,0.3728042757902655,0.3204575147287204,0.9967274427302478,507.0875
2025-04-07,2025,LONG,PM_LONG,1,-407.24,stop,10:50,-3.5360521336977073,-5.653880830588838,-5.077376030644895,-0.5207950856048448,-0.4973022212879279,-0.09013437375668976,-0.09816692320413178,0.7007881524490812,0.5229146585391276,1.0351995889099106,0.6313917296576256,535.1625
2025-04-07,2025,LONG,PM_LONG,1,38.46,stop,13:45,-3.5360521336977073,-5.653880830588838,-5.077376030644895,-0.5207950856048448,-0.4973022212879279,-0.09013437375668976,-0.09816692320413178,0.583105010206943,0.2212591040891289,0.22750099268913646,0.6130131910478731,535.1625
2025-04-08,2025,LONG,PM_LONG,1,-407.24,stop,10:10,-3.385512003198048,-5.376254497254306,-4.986463001535905,-0.5442656062614458,-0.5934902901386497,-0.10047508078948386,-0.1426941199568077,0.1671484283258654,0.09767973681751527,0.07700561762292496,0.8672897196261682,594.1125
2025-04-09,2025,LONG,PM_LONG,1,51.26,vwap_cross,11:30,-3.5572334079045476,-5.562498964288671,-5.287424393073164,-0.5927831634766759,-0.6031982765763526,-0.11507538979219645,-0.15701771557208577,-0.0725171128030766,-0.04381435988178378,-0.0990140028171348,0.39276807980049877,603.45
2025-04-09,2025,LONG,PM_LONG,1,593.76,stop,13:05,-3.5572334079045476,-5.562498964288671,-5.287424393073164,-0.5927831634766759,-0.6031982765763526,-0.11507538979219645,-0.15701771557208577,0.25904244937460197,0.05095645852786707,0.048471290082028336,0.7340216322517208,603.45
2025-04-10,2025,SHORT,ORB_SHORT,1,199.76,stop,11:25,-0.4690306453106194,-2.225964262568282,-2.049632441440609,-0.5444903249699082,-0.401796129987963,-0.03123488531934937,-0.05149294651313496,0.3157407667884454,0.1587576534927887,0.17665031015646698,0.9975308641975309,675.0625
2025-04-11,2025,LONG,PM_LONG,2,75.96,stop,13:00,-1.1226698525923704,-2.786070945411742,-2.693595937944729,-0.5115519089200022,-0.2690057452079354,-0.017627758073300637,-0.0800502568823317,0.32551368401785574,0.04929653905272188,-0.05376249626649331,0.908256880733945,711.4625
2025-04-11,2025,LONG,PM_LONG,1,-11.74,eod,13:50,-1.1226698525923704,-2.786070945411742,-2.693595937944729,-0.5115519089200022,-0.2690057452079354,-0.017627758073300637,-0.0800502568823317,0.4291501633686724,0.12845678023534435,0.1553138781032029,0.9581433899709905,711.4625
2025-04-15,2025,LONG,PM_LONG,1,-34.739999999999995,no_move,10:40,-0.19903616955124684,-1.7631326216879144,-1.8044097833972454,-0.41028776729885275,-0.15557743462189721,0.09281921364878976,-0.01698188513087251,0.043073164156268606,0.05599942297831935,0.14129270736173008,0.658675799086758,723.675
2025-04-16,2025,SHORT,ORB_SHORT,1,327.26,stop,13:00,-0.27315489828508155,-1.840769284176909,-1.9437686593070893,-0.3718808581545479,-0.14063042421717395,0.10236277611680356,-0.024492050037245416,0.07651306713356497,0.029144536470784202,0.018398944664306048,0.8015521064301552,720.15
2025-04-21,2025,SHORT,ORB_SHORT,1,235.76,stop,10:00,-0.9034955963678559,-2.453492182699527,-2.7127500512050235,-0.3985389499556259,-0.25788557383764493,-0.005760493292946811,-0.0232867067840965,0.14667132498236835,0.13283738103366016,0.18706902437359185,0.9158986175115207,732.35
2025-04-21,2025,SHORT,ORB_SHORT,2,-52.24,no_move,13:00,-0.9034955963678559,-2.453492182699527,-2.7127500512050235,-0.3985389499556259,-0.25788557383764493,-0.005760493292946811,-0.0232867067840965,0.2437713615577654,0.08060687457715796,0.11401652215470745,0.9839094159713945,732.35
2025-04-22,2025,LONG,PM_LONG,1,250.76,stop,10:50,-1.5851672645365833,-3.119786435304914,-3.46252440143489,-0.4207758404938656,-0.3161758571786102,-0.05755939668094934,0.0021158349084549055,0.11480287670091732,0.03970530673891047,0.015349962459330941,0.9482029598308668,749.1875
2025-04-23,2025,LONG,PM_LONG,2,179.36,stop,10:00,-0.6803967327888001,-2.2632772128688106,-2.676626104350723,-0.4404200700116713,-0.3626937822970476,-0.03937028499580886,0.04979460975854133,0.03818083689143174,0.030855190531748258,-0.040006667777962995,0.6217105263157895,749.875
2025-04-23,2025,LONG,PM_LONG,1,-407.24,stop,10:50,-0.6803967327888001,-2.2632772128688106,-2.676626104350723,-0.4404200700116713,-0.3626937822970476,-0.03937028499580886,0.04979460975854133,0.036400180305377776,-0.012760564519224905,-0.06667777962993832,0.6633165829145728,749.875
2025-04-24,2025,LONG,PM_LONG,1,87.26,no_move,13:20,0.07939972280192989,-1.458055471475679,-1.919177645728122,-0.43534116072709084,-0.3526787847891524,-0.008426041735237977,0.09307422135787058,0.15965814044640853,0.01068807497265118,0.010514409520319892,0.9224985540775015,784.6375
2025-04-25,2025,LONG,PM_LONG,2,-21.24,no_move,13:30,0.6583469526998089,-0.8592418640813689,-1.3749853228186546,-0.4111134030433321,-0.2830395252526883,0.05821946055923677,0.011364830775699053,0.20951352516681965,0.02412592176370477,0.004760166923186773,0.903125,787.7875
2025-04-30,2025,SHORT,VWAP_SHORT,2,-813.24,stop,10:00,1.2422713242859222,-0.14882171378178413,-0.852171214867801,-0.3416654418369172,-0.023794359250727964,0.07208300384479038,0.029874790444258226,0.03735505815594168,0.04240051998106072,0.05389250894125716,0.6720297029702971,765.4125
2025-05-01,2025,LONG,PM_LONG,2,161.8,stop,10:35,1.0449708537195812,-0.25685543121962134,-1.0153272295693467,-0.3293578129793785,0.01855350482003491,0.036659364004514305,0.02792442893818703,0.10954696885955588,0.07098685590064845,0.06362124368228132,0.984081041968162,774.1125
2025-05-07,2025,SHORT,ORB_SHORT,1,57.26,no_move,10:50,1.440227817745802,0.6128856914468435,-0.5813349320543565,-0.34135891286970493,0.5001798561151067,0.014434143425788193,0.0875576036866359,0.10879648863589074,0.12291813076820389,0.18305355715427657,0.9465930018416207,625.5
2025-05-07,2025,SHORT,ORB_SHORT,1,172.76,stop,13:50,1.440227817745802,0.6128856914468435,-0.5813349320543565,-0.34135891286970493,0.5001798561151067,0.014434143425788193,0.0875576036866359,0.07163325653139346,0.06764908466139342,0.06594724220623502,0.7733160621761658,625.5
2025-05-08,2025,LONG,VWAP_LONG,1,204.76,stop,11:20,1.1761153113019627,0.5731639930607618,-0.7635047439549387,-0.3308646205906912,0.643892827311472,0.017431733183052467,0.054730133439553796,0.1265614919706495,0.12080906702869772,0.15677539568653487,0.8791348600508906,583.6375
2025-05-13,2025,LONG,PM_LONG,1,171.26,rev_exit,10:45,3.1107201008456324,2.967235674142553,1.2248332370397639,-0.21690214822207385,0.5237670045695662,0.03836218673157643,0.07344973680831934,0.1453183087766746,0.03329397257417697,-0.015231892431325174,0.8706976744186047,475.975
2025-05-15,2025,LONG,PM_LONG,1,183.26,rev_exit,11:15,3.6762555243069475,3.9610124548011254,2.201837417972411,-0.009181732958349762,0.7158162582027588,0.07602250840288538,0.09477944566832308,0.16716637336236004,0.09325367900965359,0.061604392661041917,0.9341021416803954,466.6875
2025-05-19,2025,LONG,PM_LONG,1,105.76,no_move,11:40,3.549764685375632,4.522642496078089,2.632917901342165,0.14708035558654317,1.0105165301260806,0.06585846565765507,0.06445982247861459,0.1555482357557135,0.05543506878903123,0.10051711114984603,0.8963636363636364,430.275
2025-05-21,2025,LONG,PM_LONG,1,110.76,no_move,10:55,2.7273525109702623,4.562106289614825,2.5070372176174205,0.254301966520392,1.2801235169835814,0.0010547534220888277,0.07083040818373276,0.19253280472860682,0.1300221674909718,0.1833252072159922,0.9835164835164835,384.5625
2025-05-27,2025,LONG,PM_LONG,2,147.76,no_move,11:25,1.6579178216779515,4.339703147478859,2.341320748096424,0.4522544650689514,0.7649391206709008,-0.00881308574422257,0.018263147193551044,0.19709653258683424,0.039106724473839095,0.034387171479701044,0.9493975903614458,356.2375
2025-05-27,2025,LONG,PM_LONG,1,-90.74,eod,13:55,1.6579178216779515,4.339703147478859,2.341320748096424,0.4522544650689514,0.7649391206709008,-0.00881308574422257,0.018263147193551044,0.32807789861515707,0.04313043291814368,0.047720972665707566,0.9869337979094077,356.2375
2025-05-30,2025,SHORT,VWAP_SHORT,1,368.26,stop,11:40,1.224713923661775,4.626142385377466,2.63076568619922,0.5218493203286998,0.7808540050687351,0.0010903463315121709,-0.0018469811210474196,0.10613368731471966,0.10003147220873325,0.2035173949773443,0.5933232169954477,325.525
2025-05-30,2025,SHORT,ORB_SHORT,1,-407.24,stop,13:00,1.224713923661775,4.626142385377466,2.63076568619922,0.5218493203286998,0.7808540050687351,0.0010903463315121709,-0.0018469811210474196,0.441460501228492,0.048801783647530524,-0.05068735120190462,0.8010670731707317,325.525
2025-06-02,2025,LONG,PM_LONG,1,7.26,vwap_cross,10:20,1.0221181665905261,4.480554286584433,2.5556684939850807,0.5196436729100046,0.6781635449977136,0.01346313664964982,-0.007233735724420209,0.012907265806270525,0.03791287226921181,0.10202527790467489,0.5223713646532439,328.35
2025-06-02,2025,LONG,PM_LONG,1,25.26,no_move,11:50,1.0221181665905261,4.480554286584433,2.5556684939850807,0.5196436729100046,0.6781635449977136,0.01346313664964982,-0.007233735724420209,0.23011213138499467,0.13133228447024836,0.19567534642911527,0.9105145413870246,328.35
2025-06-03,2025,LONG,PM_LONG,1,88.76,no_move,10:55,1.32887419209379,4.838899744476176,3.021843529234936,0.5067037426724795,0.5822561250563656,0.010911696304822804,0.002002444845450757,0.2148294846298525,0.10968064732017464,0.14579888771982566,0.9853420195439739,332.65
2025-06-05,2025,LONG,VWAP_LONG,1,150.26,rev_exit,10:45,1.6735054134630496,5.748407343480307,3.955382080652753,0.4910089439824232,0.7966420837909888,0.014312310914591508,0.030707199697302956,0.14068601562922609,0.08955830529822913,0.21653852188922015,0.642570281124498,318.65
2025-06-06,2025,LONG,PM_LONG,1,-77.74,no_move,11:05,0.9334484697566092,5.220869146116159,3.4564824483894334,0.48537231906176453,0.8082175275122453,0.012648295407966081,0.013752432761976241,0.08815059650483857,0.06302875526612822,0.06345891236243875,0.8004694835680751,311.225
2025-06-09,2025,LONG,PM_LONG,1,-86.24,no_move,10:30,1.3375229431011117,5.751288803766661,4.077723246349053,0.5002154656451939,0.7873673290240158,0.02283163862986748,0.03660216075032641,0.20817452947292547,0.12428534738643936,0.09576250897773522,0.9050966608084359,313.275
2025-06-09,2025,LONG,PM_LONG,1,30.26,no_move,13:15,1.3375229431011117,5.751288803766661,4.077723246349053,0.5002154656451939,0.7873673290240158,0.02283163862986748,0.03660216075032641,0.04129668573887077,-0.04509039027863315,-0.09097438352884846,0.6625659050966608,313.275
2025-06-12,2025,LONG,PM_LONG,1,-64.74000000000001,no_move,11:00,1.2564586422249182,6.076038998966618,4.599146335984188,0.7639843644696025,0.37722963562025696,0.003269473442698123,0.01762857807772855,0.2748712974039141,0.12328952009239325,0.0835692141798086,0.9520123839009288,278.2125
2025-06-16,2025,LONG,PM_LONG,1,-79.74,no_move,11:15,0.46859493048415735,5.026724484778041,3.8447136662345165,0.8939156868881066,0.22003665787472954,-0.006700033213839829,0.01597863267888111,0.2526989357944237,0.0687018446509758,0.07868031650945505,0.969097651421508,279.6125
2025-06-16,2025,LONG,PM_LONG,1,-67.24000000000001,no_move,13:25,0.46859493048415735,5.026724484778041,3.8447136662345165,0.8939156868881066,0.22003665787472954,-0.006700033213839829,0.01597863267888111,0.14625331223601976,0.07841766572891319,0.14484330993786043,0.8714810281517748,279.6125
2025-06-17,2025,LONG,PM_LONG,1,-407.24,stop,11:15,1.267044177789757,5.628457147993351,4.696251853849268,1.0296705766032967,0.2135634353512254,0.003030684248447546,0.01902006576271975,0.09377915895760322,0.0308486780393366,0.042245292346411396,0.8218527315914489,278.1375
2025-06-23,2025,LONG,PM_LONG,1,1.2599999999999998,no_move,10:00,-0.44402372262773193,3.376952554744525,3.131090328467156,1.3403102189780984,0.21833941605838353,-0.019362705992295948,-0.004857344420414744,0.3204916644787447,0.2634132554744312,0.19251824817518248,0.9838709677419355,274.0
2025-06-23,2025,LONG,PM_LONG,1,231.76,stop,13:05,-0.44402372262773193,3.376952554744525,3.131090328467156,1.3403102189780984,0.21833941605838353,-0.019362705992295948,-0.004857344420414744,0.018186998702147017,0.10531993486136901,0.14051094890510948,0.6153846153846154,274.0
2025-06-24,2025,LONG,PM_LONG,1,64.26,no_move,10:40,1.3072215973003323,4.997525309336333,4.954996625421827,1.3720044994375697,0.3234645669291443,0.01678811917719769,0.009975605007272792,0.11427184746565855,0.07691629924374047,0.10348706411698538,0.95625,277.8125
2025-06-24,2025,LONG,PM_LONG,1,36.26,no_move,13:40,1.3072215973003323,4.997525309336333,4.954996625421827,1.3720044994375697,0.3234645669291443,0.01678811917719769,0.009975605007272792,0.25851473091729354,0.04277577416482094,0.08728908886389201,0.9339477726574501,277.8125
2025-06-26,2025,LONG,ORB_LONG,1,89.26,no_move,10:30,2.373379390785519,5.942577721950566,6.266035619756851,1.2584451123771847,0.5662374949531254,0.03266681231243318,0.021531671917831563,0.15118562771982996,0.0801907647843103,0.08972230945224531,0.8475609756097561,278.6375
2025-06-27,2025,LONG,PM_LONG,1,41.26,no_move,10:30,2.8699388677239326,6.342358465491269,6.849955701249223,1.181199610170994,0.5921414016124668,0.041169375682040155,0.03640729518037844,0.05159339566093461,-0.0020539362133870933,-0.06290422610082395,0.6649029982363316,282.175
2025-07-01,2025,SHORT,ORB_SHORT,1,133.26,stop,10:35,3.253631284916196,6.764804469273738,7.8258426443203,1.4591247672253314,0.7484636871508434,0.0371836160754786,0.05459597823079054,0.25333373559925776,0.1868520549462078,0.24115456238361266,0.9565217391304348,268.5
2025-07-02,2025,LONG,PM_LONG,1,80.26,no_move,10:40,2.3777237445057517,5.754587113064626,7.1282380996913925,1.5655849621247562,0.750771532778456,0.011255363013316977,0.03467344704916542,0.15487835596310479,0.0304461099611812,-0.05330590105676611,0.7575301204819277,267.325
2025-07-03,2025,LONG,PM_LONG,1,-27.74,no_move,11:25,2.719025401762571,5.996550261558031,7.6571893114661425,1.6629058862340442,0.7206748668646079,0.01673533014140971,0.04994883234255876,0.18862998354601102,0.03357282260050132,-0.008482963381874735,0.9165275459098498,265.2375
2025-07-07,2025,SHORT,VWAP_SHORT,1,-28.74,no_move,11:00,2.547572630878222,5.73990775521849,7.880267224573245,1.6578764680709397,0.7004897532214406,0.010500077206450076,0.06474368658988694,0.11288943158720517,0.05566224259074326,0.11031334696400552,0.8136482939632546,262.8875
2025-07-08,2025,LONG,VWAP_LONG,1,-24.24,no_move,10:40,2.198613317925749,5.370638933025181,7.731537387452455,1.592045837546338,0.6900669266695612,-0.0003826684014300863,0.03678671867912553,0.11188619503590089,0.08726925352284816,0.20222446916076844,0.8311345646437994,259.6125
2025-07-11,2025,LONG,PM_LONG,1,9.26,no_move,11:40,2.313409999506447,5.392112926311629,8.450135728739948,1.3672967770593747,0.6401954493855075,-0.0010733336224467704,0.01652710202010166,0.19420078617869366,0.13044179698025293,0.19643650362765905,0.9302721088435374,253.2625
2025-07-14,2025,LONG,PM_LONG,1,-5.74,no_move,11:00,1.8689655172413793,4.912275862068972,8.143364532019703,1.310187192118223,0.6423152709359577,0.003056168001920989,0.013588335208347013,0.27789654555941845,0.1514912005952041,0.20394088669950738,0.9209431345353676,253.75
2025-07-14,2025,LONG,PM_LONG,1,-14.74,eod,13:45,1.8689655172413793,4.912275862068972,8.143364532019703,1.310187192118223,0.6423152709359577,0.003056168001920989,0.013588335208347013,0.3154431813280241,0.0015316361361274982,-0.03251231527093596,0.9211986681465039,253.75
2025-07-15,2025,LONG,VWAP_LONG,2,-47.24,no_move,10:30,1.9241379310344768,5.079124087591238,8.55641077271583,1.2980619179461395,0.7194059904354422,0.008279739248370221,0.007893902452357882,0.01007494222089834,-0.012743919733045011,-0.07651648628240625,0.4578313253012048,248.3125
2025-07-16,2025,LONG,VWAP_LONG,1,-74.74,no_move,10:30,1.968466835810082,5.2110806192719945,8.97467508931808,1.299021384559617,0.7412105835447627,0.00969155294297619,0.018348118353628262,0.05338796723906294,0.06557745465034916,0.08595246725003884,0.4656084656084656,241.4125
2025-07-17,2025,LONG,PM_LONG,1,99.76,no_move,10:45,1.5382515068775406,4.779867085673078,8.721699036628717,1.2720622327546147,0.7965071351295687,0.001573999696055317,0.010447581395858219,0.23194336017939157,0.12447510787763522,0.08860955128535367,0.9845261121856866,242.6375
2025-07-23,2025,LONG,VWAP_LONG,1,60.760000000000005,eod,13:50,1.3113977204559124,5.223371325734845,10.642639472105579,1.4389922015596985,0.9178764247150605,0.005637917974245177,0.015384111097756836,0.22064026510352033,0.043723482538191895,0.05038992201559688,0.7491749174917491,208.375
2025-07-24,2025,LONG,PM_LONG,1,-24.24,no_move,13:10,1.3780735259011734,5.282931487228448,10.782722606827406,1.3201957507758562,0.7075077584148962,0.009678433242654494,0.011267666789691821,0.24356184713249965,0.150975028602359,0.19455717354977323,0.9826086956521739,209.45
2025-07-29,2025,SHORT,ORB_SHORT,1,-54.74,no_move,11:30,1.807368894024014,5.928929969831178,12.229963412285768,1.0626355992040635,0.5439373515629977,0.003679419849614396,0.017920485979280754,0.3769208886305874,0.08678347199307389,0.05135117786764234,0.8339622641509434,194.7375
2025-07-29,2025,SHORT,ORB_SHORT,1,10.260000000000002,no_move,13:35,1.807368894024014,5.928929969831178,12.229963412285768,1.0626355992040635,0.5439373515629977,0.003679419849614396,0.017920485979280754,0.2377928079471091,0.05563214954769645,0.10783747352204891,0.7607934655775963,194.7375
2025-07-30,2025,LONG,PM_LONG,1,8.26,no_move,10:30,1.7482408131352696,5.929945269741985,12.457154026583263,1.0451394318477893,0.5656763096168769,0.010749911224456898,0.016448436316415904,0.12200302456581888,0.08715180739214837,0.10815741464685953,0.8253968253968254,191.85
2025-08-01,2025,SHORT,ORB_SHORT,2,-147.24,no_move,13:00,1.0310235927921232,4.811492971701026,11.298445724193439,1.0281751192024418,0.4338968357173891,-4.272773884805847e-05,0.006234413965087171,0.38671007681095837,0.344245229044147,0.4124094371168493,0.7654008438818565,201.8625
2025-08-04,2025,LONG,PM_LONG,2,65.76,no_move,10:45,-1.4223300970873818,1.8390135029572618,7.766582970650591,0.8809507867425491,0.20661756500391557,-0.024416509398756836,-0.014476050967762832,0.1827753936448882,0.05492167702578582,0.0011159468809284678,0.9114285714285715,224.025
2025-08-14,2025,LONG,ORB_LONG,1,-84.24,no_move,10:55,2.00730418068237,4.345276309466597,10.300389235944252,0.863411821239793,0.44204709274387033,0.022302411735189542,0.021299288601627664,0.08004790822687124,-0.03262892536708104,-0.10379625180201826,0.6971080669710806,260.125
2025-08-15,2025,SHORT,ORB_SHORT,1,-139.24,eod,11:40,1.852567213432978,4.177870523148604,10.295428515966229,0.8894108512083865,0.4552072211977094,0.02275034462123715,0.022411656625219045,0.3303762489244495,0.19622448256077232,0.23585363486363195,0.9602272727272727,257.575
2025-08-19,2025,SHORT,ORB_SHORT,1,7.76,no_move,10:55,1.1314330569592366,3.3550507776087946,9.729706127655398,0.8568316734533589,0.33017710837462594,0.005016793054646085,0.02219333770181864,0.4600338139344022,0.2544348238634436,0.16582446156110484,0.9945828819068255,254.7875
2025-08-19,2025,SHORT,ORB_SHORT,1,10.760000000000002,no_move,13:15,1.1314330569592366,3.3550507776087946,9.729706127655398,0.8568316734533589,0.33017710837462594,0.005016793054646085,0.02219333770181864,0.5773190432717757,0.10215583288382872,0.06083500956679586,0.966973886328725,254.7875
2025-08-22,2025,LONG,PM_LONG,1,166.76,stop,10:00,-0.9325766174801362,0.8260976163450672,6.867600454029518,0.6135936435868342,0.012803632236100633,-0.028408734719465034,-0.006304698603348924,0.5777437519450977,0.6067605648127017,0.5566401816118047,0.8498862774829417,275.3125
2025-08-22,2025,LONG,PM_LONG,2,159.12,stop,10:25,-0.9325766174801362,0.8260976163450672,6.867600454029518,0.6135936435868342,0.012803632236100633,-0.028408734719465034,-0.006304698603348924,0.4110956569720762,0.2649985754305854,-0.11986379114642452,0.8145114101813926,275.3125
2025-08-22,2025,LONG,PM_LONG,1,25.26,no_move,13:10,-0.9325766174801362,0.8260976163450672,6.867600454029518,0.6135936435868342,0.012803632236100633,-0.028408734719465034,-0.006304698603348924,0.23986124087627989,0.08547616599057088,0.18433598183881952,0.84,275.3125
2025-08-25,2025,LONG,PM_LONG,1,-42.24,no_move,11:50,0.24223495455132396,1.8206522207383786,7.620367897298928,0.5445569293068484,-4.3079308997853324e-05,-0.009503207988995177,-0.005346240232830368,0.23870963234874576,0.04877959752911686,0.04394089518804118,0.9301310043668122,290.1625
2025-08-28,2025,LONG,PM_LONG,1,27.26,no_move,11:15,0.14638923954206604,1.4222260914987153,7.531589256953818,0.5822661385104313,0.052235232664432155,0.011003034950186175,-0.015487280170433215,0.21935090943119245,0.08612543321844757,0.0905410699516824,0.8858321870701513,287.1625
2025-08-29,2025,SHORT,ORB_SHORT,1,-62.24,no_move,13:00,0.8742875237492137,2.123206369311498,8.571473808015925,0.6513706685967668,0.10449651678277391,0.023195793141271626,-0.005871904712151266,0.23569787566601877,0.1233432809164588,0.16194698271962363,0.9263261296660118,276.325
2025-09-03,2025,LONG,PM_LONG,1,-349.74,eod,10:40,-1.4308073688815466,-0.24229815777961913,6.866742818256943,0.6260244009138253,0.17318815923784447,-0.013823123473829524,-0.009205235144158497,0.3201633388940104,0.19875302566412484,0.28970009235405625,0.9451114922813036,257.1625
2025-09-04,2025,LONG,PM_LONG,1,67.26,eod,13:50,-0.9677325581395321,0.1328100775193776,7.2350339147286755,0.5509496124031025,0.04224806201549541,-0.009843751657420463,0.0010509721492379942,0.3523619095341237,0.09394253863114176,0.12015503875968993,0.9742599742599742,258.0
2025-09-08,2025,LONG,PM_LONG,1,-11.74,no_move,10:30,0.28861906138575694,1.2696925893803581,8.37099354341332,0.3939481545726153,0.023802640454849273,0.008693058337239545,0.003795348048258207,0.08512937766723347,0.05360701311714669,0.15611448395490024,0.7954022988505747,259.425
2025-09-09,2025,SHORT,ORB_SHORT,1,-176.74,eod,10:30,0.6441186271242947,1.5634788403865352,8.592907126196028,0.3471414290474698,0.057837863569286434,0.011381646828562575,0.00867784814826611,0.24661275079446335,0.20417421421581666,0.24182415385347744,0.9928400954653938,262.5875
2025-09-11,2025,LONG,PM_LONG,1,74.26,no_move,10:50,0.8479917408190326,1.5906199301902613,8.899901676417093,0.3945922029398677,-0.019615554790813717,0.02016176549359905,0.010119546423684511,0.0810593972953823,-4.277906876072862e-05,-0.08259180964554348,0.7260579064587973,254.2625
2025-09-12,2025,LONG,PM_LONG,1,-5.74,no_move,10:30,1.6562560526825492,2.331570792175094,9.545859965136543,0.3877009490606203,-0.02004648460197278,0.01637298246356278,0.00994240551561787,0.14710044756037308,0.08514527757186827,0.09974820840596553,0.9424242424242424,258.15
2025-09-12,2025,LONG,PM_LONG,1,22.26,eod,13:55,1.6562560526825492,2.331570792175094,9.545859965136543,0.3877009490606203,-0.02004648460197278,0.01637298246356278,0.00994240551561787,0.20165203694798212,0.053099931394410535,0.07941119504164246,0.9606299212598425,258.15
2025-09-15,2025,LONG,PM_LONG,2,62.760000000000005,no_move,11:00,2.052806085133359,2.701097079331022,9.99713784192306,0.4083280510995184,0.0574869569457283,0.019760466393477172,0.02862530361784632,0.1165889325204401,0.051364152003294104,0.08484080159929787,0.8782201405152225,256.3625
2025-09-18,2025,LONG,PM_LONG,2,-120.24,no_move,10:30,1.928497301784976,2.749584889995849,10.645672478206723,0.5149854711498602,0.46362598588625986,0.016045869343778607,0.03653114789222767,0.3239914906672757,0.13368935270545781,0.049813200498132,0.873341375150784,240.9
2025-09-22,2025,LONG,PM_LONG,1,64.76,no_move,10:40,2.8673474520851148,3.7972735047034587,11.504834247195529,0.539544242668141,0.6043563559535158,0.01980352571440469,0.03650075095720595,0.2034978517882895,0.10248880122458347,0.06036520951758136,0.972027972027972,248.4875
2025-09-22,2025,LONG,PM_LONG,1,60.260000000000005,no_move,13:15,2.8673474520851148,3.7972735047034587,11.504834247195529,0.539544242668141,0.6043563559535158,0.01980352571440469,0.03650075095720595,0.27654198257351276,-0.013272880244715466,-0.06539564364404647,0.8911845730027548,248.4875
2025-09-23,2025,SHORT,ORB_SHORT,1,143.26,stop,13:00,4.609425275976437,5.647680807880801,13.325231424186915,0.5954160685114541,0.7068461957328817,0.036621614623789656,0.05710574120231504,0.14456732726576743,0.07279238179636734,0.13266669966833325,0.943069306930693,252.5125
2025-09-23,2025,SHORT,ORB_SHORT,1,16.76,eod,13:50,4.609425275976437,5.647680807880801,13.325231424186915,0.5954160685114541,0.7068461957328817,0.036621614623789656,0.05710574120231504,0.4298570369874174,0.14597966546516017,0.023761199940597,0.8405639913232104,252.5125
2025-09-24,2025,SHORT,ORB_SHORT,1,173.26,stop,11:10,3.4489457243264403,4.577137836782513,12.219767668879337,0.6139203436157693,0.7674736431081579,0.021960364220674933,0.04348923549394734,0.16253856553730006,0.07867815758287322,0.06149941429129246,0.9897750511247444,256.1
2025-09-25,2025,SHORT,VWAP_SHORT,1,-204.74,eod,13:55,2.8165294761383644,4.016253509064088,11.531065328067754,0.6125327116144147,0.7329780653756484,0.01671962242033498,0.03694653606560805,0.2573985075746039,0.1736759482976971,0.17224151877051913,0.6536363636363636,262.7125
2025-10-01,2025,LONG,PM_LONG,1,91.76,no_move,13:00,2.3236744470013564,3.924895505565208,11.55991170807307,0.5768844221105598,0.6756210961348826,0.0010482180293500676,0.023031601499732268,0.41148415061467014,0.0883803882021375,0.11553092565631896,0.9979654120040692,266.1625
2025-10-06,2025,LONG,VWAP_LONG,1,-12.24,no_move,11:45,2.2160124641905874,4.5058853093431095,12.91117756445695,0.6658290194501771,0.9964316228577055,0.012007485711395427,0.020867985754665863,0.17882905372662983,0.11719028250802295,0.12062119917575513,0.8251121076233184,248.7125
2025-10-06,2025,LONG,PM_LONG,1,27.26,no_move,13:20,2.2160124641905874,4.5058853093431095,12.91117756445695,0.6658290194501771,0.9964316228577055,0.012007485711395427,0.020867985754665863,0.23380209885402423,0.0917809233391892,0.13469367241292657,0.9682875264270613,248.7125
2025-10-07,2025,SHORT,ORB_SHORT,1,74.66,stop,11:00,2.895419411734191,5.4351195725475945,14.182673652539297,0.702951704103329,0.9787830056544008,0.017160765029524905,0.00849227203245051,0.31621289039368133,0.20007247003689183,0.20023862634227316,0.9621513944223108,240.9625
2025-10-07,2025,SHORT,ORB_SHORT,1,76.68,stop,11:15,2.895419411734191,5.4351195725475945,14.182673652539297,0.702951704103329,0.9787830056544008,0.017160765029524905,0.00849227203245051,0.3728621852142793,0.187661984048854,0.1909010738185402,0.7874852420306966,240.9625
2025-10-08,2025,LONG,PM_LONG,1,21.76,no_move,11:25,1.7951356886840728,4.432401433691761,13.11740399385561,0.7039426523297432,0.86169994879672,0.008427305678614605,0.009484357361715823,0.22237265221321256,0.1001948626259447,0.10547875064004096,0.9437229437229437,244.125
2025-10-09,2025,SHORT,ORB_SHORT,1,-153.24,eod,13:30,2.4777944111776447,5.193892215568861,13.730973053892214,0.6875449101796389,0.856137724550904,0.010738938892940197,0.023271337115810642,0.29550642620391276,0.09731639184418983,0.0718562874251497,0.9247467438494935,250.5
2025-10-10,2025,SHORT,ORB_SHORT,1,60.260000000000005,no_move,13:15,2.0132310930687116,4.885099984964662,13.54021951586227,0.6891996191048982,0.8352127499624117,0.005295640055743567,0.02567435814104657,1.2955196742618966,0.08617773730107019,-0.10524733122838671,0.940089228808158,249.4125
2025-10-16,2025,LONG,PM_LONG,1,-407.24,stop,10:35,0.15714449497459076,2.3337027553789147,9.139683570909925,0.5136087438376551,0.30618718232888087,-0.014617802289035198,-0.004035843081625967,0.16183238733281852,0.11481935940214683,0.1253487216723354,0.8487712665406427,327.0875
2025-10-16,2025,SHORT,ORB_SHORT,1,272.26,stop,13:00,0.15714449497459076,2.3337027553789147,9.139683570909925,0.5136087438376551,0.30618718232888087,-0.014617802289035198,-0.004035843081625967,0.4479517298654705,0.024906966259336662,-0.16662208124737266,0.7116564417177914,327.0875
2025-10-17,2025,LONG,PM_LONG,1,93.56,stop,10:00,-0.4298271531984002,1.6783424434923915,8.281954498448812,0.46866597724922143,0.2665460186142645,-0.01947679024081117,-0.01428429225562411,0.19927409932962356,0.15036738070613961,0.24449697148766436,0.8105625717566016,338.45
2025-10-20,2025,LONG,PM_LONG,2,1.7599999999999998,no_move,10:40,0.3475371095192422,2.4385348201757657,9.08625286167935,0.49718632301897253,0.25507717303005256,0.019403744403744483,0.0014493912556725608,0.20539913058187143,0.10163235093749264,0.04504837161214091,0.9553805774278216,338.525
2025-10-22,2025,SHORT,ORB_SHORT,1,203.76,stop,11:30,1.063860274184806,3.180048021067303,10.236426303152351,0.49666176128882755,0.20954999612733555,0.01674984686141201,0.01092285112373581,0.4024224059145883,0.18942337564748993,0.27495933699945785,0.8996509598603839,322.775
2025-10-22,2025,SHORT,ORB_SHORT,1,87.26,stop,13:25,1.063860274184806,3.180048021067303,10.236426303152351,0.49666176128882755,0.20954999612733555,0.01674984686141201,0.01092285112373581,0.5818315817322872,0.11230048335054509,0.07048253427310046,0.896042528056704,322.775
2025-10-23,2025,LONG,PM_LONG,1,39.76,no_move,10:45,-0.0029140359397722415,2.013449396645121,8.830048193671317,0.43755370418799705,0.15952478798520567,0.002276853328518902,-0.012374231552313764,0.20151789913306312,0.11046363745609673,0.0986289087309,0.9788029925187033,334.5875
2025-10-23,2025,LONG,PM_LONG,2,184.76,no_move,13:05,-0.0029140359397722415,2.013449396645121,8.830048193671317,0.43755370418799705,0.15952478798520567,0.002276853328518902,-0.012374231552313764,0.1644466901115112,-0.03399229266635815,-0.07696043635820227,0.8549848942598187,334.5875
2025-10-24,2025,LONG,PM_LONG,1,17.76,no_move,11:20,0.7796679723932081,2.8119231486662883,9.63541130386122,0.436828949822799,0.21365416899832554,0.021024993688462557,0.0011387040557668815,0.11974628154324375,0.10031855051723682,0.15668718522663683,0.9087136929460581,335.0625
2025-10-27,2025,LONG,PM_LONG,2,113.76,no_move,10:30,1.472994908876268,3.5109127130524582,10.285977274404196,0.4306647974618222,0.26060650778425226,0.02036192320360919,0.040160765160765166,0.08926342884119981,0.058595461019496656,0.11731719914410094,0.9117647058823529,338.825
2025-10-27,2025,LONG,PM_LONG,2,23.76,no_move,13:40,1.472994908876268,3.5109127130524582,10.285977274404196,0.4306647974618222,0.26060650778425226,0.02036192320360919,0.040160765160765166,0.16296167704273176,0.04058265231441399,0.06861949383900244,0.9659090909090909,338.825
2025-10-28,2025,LONG,PM_LONG,2,200.76,no_move,13:10,2.3727506426735174,4.412411745537497,11.11024294869474,0.4524566421666189,0.38049893189471856,0.024240449460390723,0.04127685203774334,0.1925898477611562,0.054301094929160035,0.06517252615952786,0.8882978723404256,345.2375
2025-10-31,2025,SHORT,ORB_SHORT,1,159.26,stop,11:35,1.8809548996791183,3.903621425297083,10.670926337317956,0.6527310553968713,0.4771324799887079,0.026625258389626927,0.04821004796768502,0.07808949559244446,0.11973174309829326,0.16784794950456644,0.7070175438596491,354.4875
2025-10-31,2025,SHORT,ORB_SHORT,1,-234.24,eod,13:30,1.8809548996791183,3.903621425297083,10.670926337317956,0.6527310553968713,0.4771324799887079,0.026625258389626927,0.04821004796768502,0.4166071853232826,0.03333726064931907,-0.05148277442787122,0.9144254278728606,354.4875
2025-11-04,2025,SHORT,MOM_SHORT,1,200.76,stop,10:50,2.0341289782244556,4.003615298715805,10.875335008375204,0.7327889447236198,0.38075795644891325,0.006680677129526025,0.03108306920623627,0.005386246155031529,0.09923395936358075,0.19053601340033502,0.3791982665222102,358.2
2025-11-04,2025,SHORT,ORB_SHORT,2,147.76,no_move,13:15,2.0341289782244556,4.003615298715805,10.875335008375204,0.7327889447236198,0.38075795644891325,0.006680677129526025,0.03108306920623627,0.404117187492714,0.12166866586635197,0.10957565605806813,0.9981600735970562,358.2
2025-11-06,2025,SHORT,ORB_SHORT,2,296.76,stop,10:45,1.1290782021132086,2.9192143353979643,9.573942565665266,0.652830313669634,0.26782816071014737,-0.01277866849900744,0.03521605988431431,0.4313073508054896,0.21833836944617172,0.2855155509920175,0.9306864064602961,377.3875
2025-11-07,2025,SHORT,VWAP_SHORT,1,169.76,stop,10:30,-0.12764766259214153,1.4804391776305588,7.776588597555289,0.5724611987185436,0.16092812043171104,-0.021531999344887698,0.004519963998536269,0.15767213989093684,0.13107934980197464,0.21834468601287674,0.8367791077257889,401.8875
2025-11-07,2025,SHORT,ORB_SHORT,1,-407.24,stop,11:55,-0.12764766259214153,1.4804391776305588,7.776588597555289,0.5724611987185436,0.16092812043171104,-0.021531999344887698,0.004519963998536269,0.4134866819387478,0.1028281508871048,0.13685421915337004,0.9305732484076433,401.8875
2025-11-12,2025,SHORT,ORB_SHORT,1,-108.74,eod,11:10,0.32141262043003893,1.9498117782173179,8.545032859056981,0.5046002679767757,0.27247495693230583,0.0020294266869609334,-0.02032795642510321,0.24118141846545152,0.11167039768461343,0.11803738914056021,0.9497354497354498,391.825
2025-11-13,2025,SHORT,ORB_SHORT,2,166.76,no_move,10:45,-0.04932238728172862,1.5746286161063365,8.380860698462346,0.5166536356528485,0.29143862392494324,-0.011571366426603502,-0.024202168269964908,0.3327799145313465,0.24208214344531248,0.20132916340891321,0.9499089253187614,383.7
2025-11-13,2025,SHORT,ORB_SHORT,1,146.26,rev_exit,13:10,-0.04932238728172862,1.5746286161063365,8.380860698462346,0.5166536356528485,0.29143862392494324,-0.011571366426603502,-0.024202168269964908,0.32364376366571507,0.026232671787874817,-0.04365389627313005,0.8980645161290323,383.7
2025-11-14,2025,LONG,PM_LONG,1,-78.24,no_move,11:45,-1.3799935043845404,0.18929522572263607,7.019168561221172,0.5102046118869804,0.22416368950958482,-0.012829348981922784,-0.034085106792936304,0.6088266630119027,0.07384866147691377,0.016239038648911984,0.9287383177570093,384.875
2025-11-18,2025,SHORT,ORB_SHORT,1,38.16,stop,10:50,-2.0051845074717902,-0.7119609637084445,5.746623970722779,0.4330466605672436,-0.014150655687707892,-0.03777453838678324,-0.051826669858750285,0.20504480282062867,0.05586565921345853,0.015248551387618176,0.8420398009950248,409.875
2025-11-18,2025,SHORT,ORB_SHORT,2,-813.24,stop,11:10,-2.0051845074717902,-0.7119609637084445,5.746623970722779,0.4330466605672436,-0.014150655687707892,-0.03777453838678324,-0.051826669858750285,0.07267375496216225,-0.07732749003007562,-0.17749313815187556,0.665929203539823,409.875
2025-11-20,2025,LONG,PM_LONG,1,-407.24,stop,10:35,-1.948274845178415,-0.8861220878796805,5.374632851666177,0.2914538484222964,-0.16950751990562912,-0.03349698771614118,-0.04468074822369372,0.15388048461994777,0.10276659369394775,0.09908581539368917,0.8893939393939394,423.875
2025-11-21,2025,SHORT,ORB_SHORT,1,224.76,stop,10:10,-2.553618110766746,-1.7096024794502116,4.003818892332573,0.21299555315995336,-0.1993801374477802,-0.030600133651170425,-0.04303690283958883,0.18445175533223268,0.15221946972107364,0.16601536181107668,0.8705357142857143,463.8125
2025-11-21,2025,LONG,PM_LONG,1,-73.74,eod,13:45,-2.553618110766746,-1.7096024794502116,4.003818892332573,0.21299555315995336,-0.1993801374477802,-0.030600133651170425,-0.04303690283958883,0.6890554363146766,0.33015992189955184,0.4118043390378655,0.9660596026490066,463.8125
2025-11-26,2025,LONG,PM_LONG,2,-67.24000000000001,no_move,13:20,-0.5840783740902138,-0.20393381519631534,5.126307703931297,0.13591558163548548,-0.3273981917546025,0.01265297865884496,-0.025111976630963984,0.1624469935557224,0.013259789310487602,0.061450122144710004,0.8546209761163032,496.3375
2025-11-28,2025,LONG,VWAP_LONG,2,3.76,no_move,10:50,0.11042287986541553,0.2553388901633915,5.672863296882565,0.16996762764140308,-0.2720807524661679,0.04121696006914077,0.009355581931159707,0.07370974042992726,0.04869853454740849,0.07035252733807448,0.9402173913043478,490.3875
2025-11-28,2025,LONG,PM_LONG,2,1.7599999999999998,eod_force,13:00,0.11042287986541553,0.2553388901633915,5.672863296882565,0.16996762764140308,-0.2720807524661679,0.04121696006914077,0.009355581931159707,0.15202112128653536,0.08364306034289955,0.15345007774464073,0.8872620790629575,490.3875
2025-12-02,2025,LONG,PM_LONG,1,-407.24,stop,10:40,0.46576398345365955,0.42755324888877144,5.878014439505667,0.17616196911693277,-0.19465070270547435,0.018855441614290536,0.02653186955248299,0.07338817124735278,0.057989020534732406,0.10071683666915034,0.8237704918032787,486.5125
2025-12-09,2025,LONG,PM_LONG,1,22.26,no_move,11:30,0.9664592083882603,0.7604868626789744,7.250078180090133,0.22368703436857368,0.08501701566668224,0.007605273514364352,0.026604115919365734,0.15489829837429006,0.044508653795459194,0.015329429438636294,0.9849749582637729,407.7125
2025-12-09,2025,LONG,PM_LONG,1,-66.74000000000001,eod,13:50,0.9664592083882603,0.7604868626789744,7.250078180090133,0.22368703436857368,0.08501701566668224,0.007605273514364352,0.026604115919365734,0.15697005518508905,0.031564107788016,0.04353557960572708,0.957983193277311,407.7125
2025-12-10,2025,SHORT,ORB_SHORT,1,-407.24,stop,11:00,1.2137270057195821,0.9661709692378999,7.496725923635803,0.22784356160149047,0.06461586025660844,0.002809290166508882,0.026807562848952804,0.15251202939587963,0.09407297608480648,0.18117174215489257,0.8393782383419689,404.3125
2025-12-11,2025,SHORT,ORB_SHORT,1,-81.74,no_move,10:00,1.5560989112382357,1.3052715753213975,7.779907116934242,0.2204219720735751,0.024635541612845487,0.00700015577537183,0.019828436205876487,0.14048510406615464,0.11022613274282503,0.07996555330011687,0.7524084778420038,406.425
2025-12-12,2025,SHORT,ORB_SHORT,1,141.76,stop,10:30,1.0846814335490311,0.8802762568442003,7.396537456445991,0.20332254853160703,0.11812468889994479,0.004083945599499872,0.015523868812932884,0.31333252632404607,0.18275555324944182,0.2190144350423096,0.8378170637970792,401.8
2025-12-12,2025,SHORT,ORB_SHORT,2,-173.24,no_move,11:10,1.0846814335490311,0.8802762568442003,7.396537456445991,0.20332254853160703,0.11812468889994479,0.004083945599499872,0.015523868812932884,0.4904470238998446,0.20345853513520393,0.11510701841712294,0.9127408993576017,401.8
2025-12-16,2025,LONG,ORB_LONG,1,-46.74,no_move,10:00,-0.363391482811702,-0.5261672652642343,6.0781618778860995,0.12290918419702374,0.1342675731144214,-0.018249636276644554,-0.010783156237701652,0.10442009427909389,0.07620055413030583,0.09492047203694202,0.7463235294117647,389.8
2025-12-17,2025,SHORT,ORB_SHORT,1,78.48,stop,10:45,-0.5321969072504882,-0.6527350060997702,6.082900853968145,0.08333937815291642,0.10508094562959927,-0.023598074023637006,-0.02085507769443118,0.39554930703202656,0.25628094214677744,0.3277391275676745,0.9082774049217002,379.1125
2025-12-17,2025,SHORT,ORB_SHORT,1,77.58,stop,11:05,-0.5321969072504882,-0.6527350060997702,6.082900853968145,0.08333937815291642,0.10508094562959927,-0.023598074023637006,-0.02085507769443118,0.3577425142199097,0.1074626999510073,-0.0481387450954532,0.8286429018136335,379.1125
2025-12-18,2025,LONG,PM_LONG,1,-29.74,no_move,10:30,-1.494006764966666,-1.5812945387672037,5.0372106006370885,0.009576040195725426,0.10288660470920113,-0.043652289932418764,-0.03695770698652545,0.29917586036868693,0.22132568359788615,0.4347968868017471,0.9938118811881188,380.6375
2025-12-31,2025,SHORT,ORB_SHORT,1,-71.74,no_move,10:55,0.4948839832420238,0.8205607476635481,8.609224943602968,0.28715758942958286,0.1907025459232977,0.00043805426032106354,0.01857321255128941,0.174961426895392,0.08985224821667451,0.10634869481147276,0.9181969949916527,310.3
2026-01-07,2026,LONG,PM_LONG,1,96.72,stop,10:30,0.8405329811203527,1.0691632351798581,8.313973273249937,0.12979566467251782,-0.009634061067522905,0.002106223550879305,0.03018359608860499,0.11945132899243349,0.07583608402699722,0.14218009478672985,0.9530916844349681,321.775
2026-01-09,2026,LONG,PM_LONG,2,220.76,no_move,10:30,0.32606482931412234,0.5851550266207333,7.715573128719074,0.08122455371124744,0.06580801753836744,0.006108082669908699,-0.005591301988449149,0.3954632974462998,0.26065816386463536,0.29830880050109615,0.9458689458689459,319.3
2026-01-12,2026,LONG,PM_LONG,1,18.76,no_move,11:10,1.2252207673568798,1.532186358099873,8.36094701583435,0.057597442143729825,0.07034104750305172,0.02139857801728806,0.004040716502170083,0.19079427547031086,0.09172378869133621,0.09211327649208283,0.995085995085995,328.4
2026-01-12,2026,LONG,PM_LONG,2,75.76,no_move,13:05,1.2252207673568798,1.532186358099873,8.36094701583435,0.057597442143729825,0.07034104750305172,0.02139857801728806,0.004040716502170083,0.24406575310422343,0.052546554183204655,0.051004872107186364,0.9768378650553877,328.4
2026-01-14,2026,SHORT,ORB_SHORT,1,-20.24,no_move,10:00,0.8342820747581658,1.221209346761669,8.137430834759765,-0.03246686039568396,0.08881015883125903,0.0011332267906436488,0.0032418371704778792,0.34073531445508454,0.31651346363602384,0.3503045260937065,0.9099709583736689,314.0125
2026-01-14,2026,SHORT,ORB_SHORT,1,-60.74,no_move,11:50,0.8342820747581658,1.221209346761669,8.137430834759765,-0.03246686039568396,0.08881015883125903,0.0011332267906436488,0.0032418371704778792,0.4739296133153468,0.1963593939528097,0.30173958043071536,0.9728377412437456,314.0125
2026-01-14,2026,SHORT,ORB_SHORT,1,-220.24,eod,13:30,0.8342820747581658,1.221209346761669,8.137430834759765,-0.03246686039568396,0.08881015883125903,0.0011332267906436488,0.0032418371704778792,0.38540784191482996,0.08417697557244598,0.0907607181242785,0.9615921787709497,314.0125
2026-01-21,2026,LONG,PM_LONG,1,169.76,stop,10:15,-1.8913995373430317,-1.011748182419031,5.499380370125576,-0.09705882352942041,0.22513218770654328,-0.027824538998858395,-0.02672284372124556,0.30605224016459504,0.19282761263711992,0.09831460674157302,0.8832997987927566,302.6
2026-01-26,2026,LONG,PM_LONG,1,101.76,no_move,10:30,0.1680682712622775,0.95690790836406,7.148639131695599,-0.018393471146275396,-0.06313434690750373,0.0001360702900241595,-0.009271650700428458,0.13834460216022104,0.05171858366118336,-0.036455528398028084,0.8534246575342466,301.7375
2026-01-26,2026,LONG,PM_LONG,2,-159.24,no_move,13:30,0.1680682712622775,0.95690790836406,7.148639131695599,-0.018393471146275396,-0.06313434690750373,0.0001360702900241595,-0.009271650700428458,0.2155185815898164,0.06302547394349524,0.07622519574133145,0.9562363238512035,301.7375
2026-01-27,2026,LONG,PM_LONG,1,-17.240000000000002,no_move,10:35,0.6702636916835747,1.4234158215010146,7.393371196754566,0.032827586206901745,-0.045273833671401954,0.01905680621314887,-0.004643784251514238,0.2166515574260883,0.09094015605402704,0.07789046653144016,0.9438040345821326,308.125
2026-01-30,2026,LONG,PM_LONG,1,-407.24,stop,10:35,0.394965504381878,1.0812754055565923,6.431504754801412,0.21126981167256742,0.1831437628193197,0.008636319329369258,0.004592099259244975,0.04290460529529654,0.0738200839846948,0.05668469140406489,0.6390532544378699,335.1875
2026-01-30,2026,SHORT,ORB_SHORT,1,-72.74,no_move,13:30,0.394965504381878,1.0812754055565923,6.431504754801412,0.21126981167256742,0.1831437628193197,0.008636319329369258,0.004592099259244975,0.5837135243172543,0.1590909750275741,0.03654670893156815,0.9001349527665317,335.1875
2026-02-04,2026,SHORT,ORB_SHORT,1,148.76,stop,11:05,-1.185861684327942,-0.7210262130507565,4.140197992191855,0.29001673173452314,-0.005193809258224407,-0.030668032669162515,0.007483629560336658,0.4475861914138885,0.22988773012911118,0.3046569994422755,0.9588631264023935,358.6
2026-02-05,2026,SHORT,ORB_SHORT,1,-407.24,stop,10:50,-1.7122793070323665,-1.4096790221603872,3.1576567623968974,0.25229056941269495,-0.13952101758918234,-0.043897318446416644,-0.021142310022080224,0.3264594724616033,0.10167354873260069,0.1788730994733181,0.8861144945188795,377.3625
2026-02-06,2026,LONG,PM_LONG,1,394.26,eod,10:55,-2.3204537398085803,-2.133041152395994,2.229541426315617,0.17804131352518787,-0.2874867068415474,-0.043324055819707,-0.03506189687104011,0.08087490557318636,0.03527379272815364,-0.07605297927878574,0.6887125220458554,387.8875
2026-02-09,2026,LONG,PM_LONG,1,69.26,no_move,13:30,-1.300012786906212,-1.228706604437061,3.030682181446195,0.13404513777891663,-0.3322357905504726,-0.020280293566520946,-0.024450447999067038,0.3084418906097314,-0.0026458001739289552,-0.02429512179528163,0.8872628726287263,391.025
2026-02-10,2026,LONG,PM_LONG,1,-55.24,no_move,10:30,-0.4334715769122847,-0.441236084692382,3.6419719978795726,0.07493841404471825,-0.2965792509900545,-0.018148083724705777,-0.018574864528094093,0.10187842589967776,0.03966795530766687,-0.002494620973525835,0.7905491698595147,400.8625
2026-02-10,2026,SHORT,VWAP_SHORT,1,76.76,no_move,13:20,-0.4334715769122847,-0.441236084692382,3.6419719978795726,0.07493841404471825,-0.2965792509900545,-0.018148083724705777,-0.018574864528094093,0.09699888888647847,0.06605959373198349,0.08855904456016714,0.6245210727969348,400.8625
2026-02-12,2026,SHORT,ORB_SHORT,1,569.26,stop,10:35,-0.5664502368181658,-0.6677456792446901,3.28540196355196,-0.015319469276370411,-0.18029547379317382,0.010370296436770232,-0.033982250214715126,0.2951512074785912,0.18446547309251693,0.2283491734889119,0.9646182495344506,398.5125
2026-02-12,2026,SHORT,ORB_SHORT,1,29.26,no_move,11:45,-0.5664502368181658,-0.6677456792446901,3.28540196355196,-0.015319469276370411,-0.18029547379317382,0.010370296436770232,-0.033982250214715126,0.5675690341315622,0.08837847552843034,-0.06524262099683197,0.8869528261793456,398.5125
2026-02-13,2026,LONG,ORB_LONG,1,235.76,rev_exit,10:50,-1.513124444852832,-1.6933688627523027,2.0807834849459366,-0.03196422555055749,-0.21008300407362987,0.004980150111624004,-0.03855966600950944,0.13275225411466343,0.05947111471086358,-0.026953352323195196,0.6790299572039943,408.1125
2026-02-17,2026,LONG,PM_LONG,1,-24.74,no_move,11:05,-1.6751824817518228,-1.9678957966272368,1.7051818525044047,-0.12592499370752286,-0.3056569343065693,-0.025786386362741665,-0.04346649658877877,0.33564965906414773,0.30873357423618775,0.3882456581928014,0.7610921501706485,397.3
2026-02-17,2026,LONG,PM_LONG,2,260.76,rev_exit,13:20,-1.6751824817518228,-1.9678957966272368,1.7051818525044047,-0.12592499370752286,-0.3056569343065693,-0.025786386362741665,-0.04346649658877877,0.30566855454255704,0.17488867012286666,0.2454064938333753,0.8648464163822526,397.3
2026-02-18,2026,LONG,PM_LONG,1,105.76,no_move,10:00,-1.4458070110243988,-1.733766877245136,1.7827728229902122,-0.1599653164870549,-0.23021181716834613,-0.01737537745656159,-0.019636895236966323,0.4016506335969967,0.35512873033566605,0.5320203146290103,0.9952963311382879,403.65
2026-02-20,2026,LONG,PM_LONG,1,-16.740000000000002,no_move,10:45,-1.3175258381648565,-1.724187043105623,1.6503277035543265,-0.21010839425258016,-0.23604108898412082,-0.0030657579960999826,0.0018991241804975356,0.35368555115718475,0.19744953391256376,0.34219813461053694,0.9459619952494062,396.7
2026-02-20,2026,LONG,PM_LONG,1,-41.74,eod,13:45,-1.3175258381648565,-1.724187043105623,1.6503277035543265,-0.21010839425258016,-0.23604108898412082,-0.0030657579960999826,0.0018991241804975356,0.2542323264503115,0.13694284121195702,0.1411646080161331,0.880064829821718,396.7
2026-02-23,2026,SHORT,ORB_SHORT,1,89.74,stop,10:50,-0.5373286088430116,-0.9848713603450914,2.2232414111847167,-0.19703589585580356,-0.2738869203512538,0.00977874457435779,-0.0011754627139242135,0.30597194011719586,0.16725405474082772,0.17008165151748575,0.9887850467289719,405.6875
2026-02-23,2026,SHORT,ORB_SHORT,1,76.76,eod,13:55,-0.5373286088430116,-0.9848713603450914,2.2232414111847167,-0.19703589585580356,-0.2738869203512538,0.00977874457435779,-0.0011754627139242135,0.23165746500522705,0.10589612509325247,0.14235094746572177,0.8401611820013432,405.6875
2026-02-25,2026,LONG,PM_LONG,2,89.76,no_move,10:15,-0.3914201183431953,-1.005538461538462,1.8986183431952626,-0.1964378698224828,-0.35038461538461196,0.007738035264483578,-0.009771793475570556,0.022948250315305722,-0.0056775892071151066,-0.0863905325443787,0.6903304773561811,422.5
2026-02-26,2026,SHORT,ORB_SHORT,2,-69.24000000000001,no_move,10:35,0.5625290023201873,-0.14215777262181076,2.6650957076566124,-0.146461716937355,-0.3629640371229698,0.01985769988342656,0.0025190409862785312,0.30952510323214144,0.08861358650211026,-0.1351508120649652,0.7635416666666667,431.0
2026-03-02,2026,LONG,PM_LONG,1,202.76,rev_exit,10:45,-0.20495556154053154,-1.09831522877577,1.7022204267289098,-0.09281503426399841,-0.2759373971331974,-0.0039095224797542905,0.005830991872866287,0.14110589150619973,0.04618328006826907,0.13585899392524764,0.9063829787234042,417.7125
2026-03-03,2026,SHORT,ORB_SHORT,2,-813.24,stop,10:30,-0.09887147892538384,-1.1014010248511603,1.6405171647759216,-0.024987411510318424,-0.2821598886288931,0.011444080979532423,0.008961044209165214,0.22197509191994244,0.09026615166488931,0.0687183436509582,0.8227236099919419,422.0125
2026-03-04,2026,LONG,PM_LONG,1,99.76,no_move,10:30,-0.5015169264966525,-1.569036676579259,1.1570003904959267,-0.005779339761494304,-0.25054819620918745,-0.009218340698674221,-0.0015516372795969513,0.3512122323901812,0.1813078355727491,0.19404643897750143,0.8982797307404637,416.1375
2026-03-04,2026,LONG,PM_LONG,1,3.76,no_move,13:30,-0.5015169264966525,-1.569036676579259,1.1570003904959267,-0.005779339761494304,-0.25054819620918745,-0.009218340698674221,-0.0015516372795969513,0.31907252122860486,0.04691062516014269,0.07869994893514765,0.9525944907110826,416.1375
2026-03-05,2026,LONG,PM_LONG,1,-407.24,stop,10:00,0.3967476189017854,-0.6530364744433853,2.051116283343034,-0.03913882338529919,-0.1636603068630736,-0.008720586496393512,0.010963942597580045,0.16020649743878201,0.10857244357331611,0.2021253789850856,0.8329596412556054,408.1625
2026-03-05,2026,SHORT,VWAP_SHORT,1,83.66,stop,10:35,0.3967476189017854,-0.6530364744433853,2.051116283343034,-0.03913882338529919,-0.1636603068630736,-0.008720586496393512,0.010963942597580045,0.1022951139860255,0.05017037912342914,-0.04655008728141365,0.5967596759675968,408.1625
2026-03-09,2026,LONG,PM_LONG,1,346.76,stop,10:00,-0.5744700865420814,-1.5714411137589408,1.0058948952715414,-0.12874702119653103,-0.009249968644174088,-0.008770875886098817,-0.012646108429409164,0.16071454893054027,0.12882486391570563,0.26652452025586354,0.7262044653349001,398.65
2026-03-10,2026,LONG,PM_LONG,1,134.76,rev_exit,10:30,-0.6908174515671759,-1.7240132304299904,0.7618995117341295,-0.20209796818396525,-0.1145062214521972,-0.011995474161668573,-0.0006886703598302235,0.16278070630979666,0.15604428251498986,0.2557883131201764,0.8567639257294429,396.8125
2026-03-10,2026,LONG,PM_LONG,2,-813.24,stop,13:15,-0.6908174515671759,-1.7240132304299904,0.7618995117341295,-0.20209796818396525,-0.1145062214521972,-0.011995474161668573,-0.0006886703598302235,0.32946004174587884,0.08862055589630385,0.07686249803118601,0.9934959349593496,396.8125
2026-03-11,2026,SHORT,ORB_SHORT,1,66.26,no_move,10:30,0.2766779333655204,-0.7035369386769649,1.6001237324963824,-0.21434089811685775,-0.15496740704973444,0.011009526116089408,0.0016896958547460983,0.24713145053656216,0.18657244729109954,0.29756156446161275,0.9503386004514672,414.2
2026-03-11,2026,SHORT,ORB_SHORT,1,18.76,no_move,13:40,0.2766779333655204,-0.7035369386769649,1.6001237324963824,-0.21434089811685775,-0.15496740704973444,0.011009526116089408,0.0016896958547460983,0.19257157106444717,0.08808060875732333,0.17563978754225013,0.8016326530612246,414.2
2026-03-12,2026,SHORT,ORB_SHORT,2,20.76,no_move,10:30,0.021111484525375278,-0.9806605358834097,1.2717943234242741,-0.22870062020714238,-0.16168158626379017,-0.009075636934760767,-0.01771707855425486,0.26823373417233615,0.17286384118381498,0.18270141456111944,0.9395491803278688,409.1375
2026-03-17,2026,LONG,PM_LONG,1,-75.74,eod,13:50,-0.4052478134110769,-1.3525631681243928,0.6347394314868825,-0.20807823129251807,-0.08761540330417882,0.0016924589300011394,-0.010323317079032002,0.009076276978619423,0.046852804218203356,0.015184645286686102,0.5519287833827893,411.6
2026-03-20,2026,SHORT,ORB_SHORT,1,23.26,no_move,10:05,-0.5199819576003644,-1.3250097729664734,0.3907231995188711,-0.23115922417681586,-0.006976394527133525,0.002581904306901084,-0.010474040632054149,0.17845979473963913,0.13165779389566898,0.1689971432867238,0.8560606060606061,415.6875
2026-03-23,2026,LONG,ORB_LONG,1,-407.24,stop,10:45,-1.7490302904687176,-2.5687857164006744,-0.9951677375418264,-0.26900778728569846,-0.14576732893139144,-0.013505349920647114,-0.026808080808080836,0.13035420196323483,0.0402011102235791,-0.01065940248127202,0.7699029126213592,422.1625
2026-03-24,2026,SHORT,OPEN_SHORT,1,-39.74,no_move,10:35,-0.7436831454177492,-1.4964324949407353,-0.06023128071696921,-0.2912864989881462,-0.1514310494362583,-0.00875151760420878,-0.007073870258328063,0.02752466672488178,0.03569554538776612,-0.003469210754553339,0.617283950617284,432.375
2026-03-24,2026,SHORT,MOM_SHORT,1,-251.24,eod,13:05,-0.7436831454177492,-1.4964324949407353,-0.06023128071696921,-0.2912864989881462,-0.1514310494362583,-0.00875151760420878,-0.007073870258328063,0.15274837136141195,0.15844068307316367,0.2168256721595837,0.765,432.375
2026-03-25,2026,LONG,VWAP_LONG,1,-241.24,eod,13:40,-1.0808268493786983,-1.8459412379514584,-0.5016229241667658,-0.3258971083497821,-0.21611891766346047,-0.027564762695087897,-0.0291954045934103,0.10883709300643848,0.0789026796209597,0.08593659273022877,0.7591623036649214,430.55
2026-03-26,2026,SHORT,VWAP_SHORT,1,723.52,stop,10:55,-0.8928940149258134,-1.7338249609156062,-0.4540574024365029,-0.3356833131766025,-0.2241821775168874,-0.016667171426552385,-0.02287181750697187,0.12984006785791652,0.07299408335135985,0.050735966490663996,0.6654676258992807,423.7625
2026-03-27,2026,SHORT,ORB_SHORT,1,-73.74,no_move,10:00,-1.9608876070514123,-2.8510668353983384,-1.6867241531534203,-0.3780805791812569,-0.3424173754377704,-0.03328568097251372,-0.03078971710867373,0.12074286580238483,0.08256325848318942,0.2513317048765414,0.7048808172531215,424.7375
2026-03-27,2026,SHORT,ORB_SHORT,1,177.26,rev_exit,13:00,-1.9608876070514123,-2.8510668353983384,-1.6867241531534203,-0.3780805791812569,-0.3424173754377704,-0.03328568097251372,-0.03078971710867373,0.15247090036544345,0.05209192511688943,0.11301097736837458,0.9024390243902439,424.7375
2026-03-31,2026,LONG,PM_LONG,1,-77.24,no_move,10:20,-3.296961404708966,-4.348486403283731,-3.4685080668148913,-0.42779773103016294,-0.5423293996921515,-0.0590967083439653,-0.0673310400647511,0.13057280581619354,0.06866499256734995,0.12770081523288296,0.8887515451174289,438.525
2026-03-31,2026,LONG,PM_LONG,2,172.16,stop,13:05,-3.296961404708966,-4.348486403283731,-3.4685080668148913,-0.42779773103016294,-0.5423293996921515,-0.0590967083439653,-0.0673310400647511,0.4753224492799648,0.11025829632753517,0.013112137278376375,0.8176197836166924,438.525
2026-03-31,2026,LONG,PM_LONG,1,14.260000000000002,no_move,13:30,-3.296961404708966,-4.348486403283731,-3.4685080668148913,-0.42779773103016294,-0.5423293996921515,-0.0590967083439653,-0.0673310400647511,0.615582688091407,0.12411748939288625,-0.015392508978963573,0.9624812406203102,438.525
2026-04-01,2026,LONG,VWAP_LONG,1,554.52,stop,10:30,-1.2627102154273817,-2.332353022932596,-1.5532202918693514,-0.40459207783182477,-0.4948714384989544,-0.017930949394419193,-0.045001449724552334,0.0378494932654649,-0.006955613508931206,-0.0472550382209868,0.6570605187319885,449.6875
2026-04-06,2026,LONG,PM_LONG,2,-131.24,no_move,10:10,-0.43356128926790405,-1.5431218156553963,-0.9603847096967534,-0.38632264392556814,-0.2842002016183979,0.013665729747871058,-0.020074824345286957,0.04107866504600543,0.01947771706943702,-0.13786338991363103,0.5270758122743683,458.7875
2026-04-07,2026,SHORT,ORB_SHORT,1,148.76,stop,10:00,0.008873235591230513,-1.0868812624566613,-0.5883310126409492,-0.3431020831626923,-0.23127747290250522,0.04333758316637559,0.010752911381894492,0.22202515954062285,0.1885263483222901,0.1905697982362738,0.9613319011815252,457.8375
2026-04-07,2026,SHORT,ORB_SHORT,1,-407.24,stop,11:15,0.008873235591230513,-1.0868812624566613,-0.5883310126409492,-0.3431020831626923,-0.23127747290250522,0.04333758316637559,0.010752911381894492,0.11278158864234705,-0.03147059849381471,-0.15562290113850438,0.7055977885279889,457.8375
2026-04-09,2026,LONG,MOM_LONG,1,95.58,stop,10:55,1.4330255828347462,0.456333814730764,0.7656772230245489,-0.2935114503816857,-0.10109345987208583,0.04722670072656454,0.028448931751352102,0.028627493505582777,0.054899118022798434,0.11140911904270683,0.5262295081967213,484.7
2026-04-10,2026,LONG,VWAP_LONG,1,-130.74,eod,10:30,1.8430148576145273,0.9373091209244762,1.1799809120924443,-0.2762690879075547,-0.028502888980602558,0.042502841789810786,0.035695953021374516,0.0643411747871766,0.04589175673184257,0.0428188196450681,0.7990762124711316,484.6
2026-04-14,2026,LONG,PM_LONG,1,531.52,stop,10:35,2.1899553392346145,1.4672371834300544,1.6309496429813028,-0.19612226887385742,0.2160297381862962,0.0448440163479904,0.09012503080236134,0.08846472881586079,0.030304890564615373,-0.009092610916481694,0.827906976744186,467.4125
2026-04-15,2026,LONG,PM_LONG,1,97.38,stop,10:30,3.128018559527579,2.54356216387219,2.674177475482443,-0.11579668881155507,0.3131393019086756,0.07570781837582485,0.12639800401366807,0.159196987059515,0.08811799892900073,0.1328693451439418,0.9044117647058824,474.15
2026-04-15,2026,LONG,PM_LONG,1,234.76,eod,13:40,3.128018559527579,2.54356216387219,2.674177475482443,-0.11579668881155507,0.3131393019086756,0.07570781837582485,0.12639800401366807,0.11233473758337617,-0.00357707974046188,-0.007908889591901298,0.7435185185185185,474.15
2026-04-16,2026,LONG,PM_LONG,1,87.26,stop,11:25,3.73228742261495,3.2411873644108176,3.3775966982380057,-0.027398275041006843,0.37779776707762314,0.0518749562626839,0.10155154002386979,0.16417477125860946,0.02470015204443658,-0.024339912164664797,0.7956284153005464,472.475
2026-04-17,2026,LONG,ORB_LONG,1,66.26,no_move,10:30,3.8414521452145216,3.469739933993403,3.6291089108910892,0.07290297029702847,0.44657425742574103,0.04849181725365037,0.09305569908029354,0.15974994320271033,0.09646218510658908,0.09821782178217822,0.9731343283582089,473.4375
2026-04-22,2026,LONG,PM_LONG,1,50.26,no_move,10:30,3.9935899254048874,4.162112488300192,4.428422724565337,0.3352185381626357,0.7945372550131856,0.02989300538343742,0.10786395798153925,0.1703130608832343,0.08308068609327238,0.045381059080466295,0.8397350993377484,440.7125
2026-04-22,2026,LONG,PM_LONG,2,29.76,no_move,13:00,3.9935899254048874,4.162112488300192,4.428422724565337,0.3352185381626357,0.7945372550131856,0.02989300538343742,0.10786395798153925,0.13734316573156433,0.03902555040879579,0.04027568993391383,0.9466501240694789,440.7125
2026-04-24,2026,LONG,ORB_LONG,1,508.52,rev_exit,10:45,3.69568958339116,4.295484193288742,4.61864053956535,0.37176718754336846,0.8336617724610665,0.01736705270621597,0.06670102990593074,0.09772237535567894,0.06484031959525542,0.14932415554136944,0.8764607679465777,450.3625
2026-04-24,2026,LONG,PM_LONG,2,11.760000000000002,eod,13:50,3.69568958339116,4.295484193288742,4.61864053956535,0.37176718754336846,0.8336617724610665,0.01736705270621597,0.06670102990593074,0.3132427049316119,0.05801008083203345,0.08770712481612035,0.9188580015026296,450.3625
2026-04-28,2026,SHORT,ORB_SHORT,2,-78.24,no_move,10:45,4.13847487001733,5.412073945696131,5.884777585210863,0.45616406701328444,1.182668977469669,0.025215505151554796,0.07770100934652913,0.22675061675972352,0.15362411256486508,0.1929520508376661,0.9024970273483948,432.75
2026-04-30,2026,LONG,VWAP_LONG,2,445.76,eod,13:30,3.3246306351812116,5.425470387675212,6.087514206339184,0.5921833564844009,1.4749652733931071,0.010644988254443932,0.03857704955425878,0.388418465974943,0.10194487063078488,0.1067053920949615,0.9403973509933775,395.95
2026-05-01,2026,LONG,PM_LONG,2,-40.239999999999995,no_move,11:50,3.6124163733789945,6.016195821046961,6.764082564444019,0.6518025302007042,1.3957956815371388,0.02580567222986274,0.04362089340581421,0.16660770818558723,0.02730595641718937,-0.012048574780430577,0.8925619834710744,394.2375
2026-05-05,2026,LONG,PM_LONG,1,-47.74,no_move,11:35,3.2532427222530833,6.3604796288430725,7.314950828241904,0.7041134381024002,1.3774299996732755,0.01315945465323054,0.03870678210138556,0.136802183211239,0.03926012365568266,0.037246381546705,0.9261838440111421,382.5875
2026-05-05,2026,LONG,PM_LONG,1,14.260000000000002,eod,13:50,3.2532427222530833,6.3604796288430725,7.314950828241904,0.7041134381024002,1.3774299996732755,0.01315945465323054,0.03870678210138556,0.16796280306435063,0.047417829676864025,0.05554284967491097,0.9708491761723701,382.5875
2026-05-06,2026,LONG,ORB_LONG,1,83.88,stop,10:30,3.760970994159679,7.209214003719531,8.279966719958233,0.7567228947110831,1.4585141440177531,0.03548686471436846,0.05376796551369445,0.09791689558997875,0.08880071798639251,0.18923945316323534,0.8775811209439528,383.1125
2026-05-07,2026,LONG,PM_LONG,2,-813.24,stop,11:05,4.99822695035461,9.058113475177306,10.353822695035461,0.8885957446808498,1.5800709219858116,0.04970853885081028,0.0608826739174666,0.16524943064275718,-0.014389459524036993,-0.11063829787234042,0.7362869198312236,352.5
2026-05-08,2026,LONG,PM_LONG,1,230.26,rev_exit,11:15,4.386948754772492,8.694118883323407,10.084360222774876,0.9091877123542029,1.5611404952888097,0.0382375055485602,0.06502992231349669,0.18484743154113278,-0.0005261108552032913,-0.06164839398928158,0.8652373660030628,356.8625
2026-05-11,2026,LONG,PM_LONG,2,210.84,stop,10:35,5.258949919753695,9.587553634011336,11.034021158822181,0.9121745111525964,1.4545543873440092,0.05114151154967472,0.06748779243495373,-0.0023642169473589245,0.003952352302499507,-0.0838492024499689,0.5729303547963206,381.6375
2026-05-12,2026,SHORT,ORB_SHORT,1,133.76,stop,10:05,5.100359961692148,9.755344935768305,11.37006043393547,1.0116442653809274,1.5074138898979579,0.0591189760391726,0.07305640417673609,0.14005256661340482,0.10056825705890447,0.23182853934810607,0.766546329723225,378.5125
2026-05-12,2026,SHORT,ORB_SHORT,1,375.76,stop,10:40,5.100359961692148,9.755344935768305,11.37006043393547,1.0116442653809274,1.5074138898979579,0.0591189760391726,0.07305640417673609,0.20817445266857504,0.10459861750852191,0.00792576202899508,0.7359792924935289,378.5125
2026-05-14,2026,LONG,PM_LONG,1,84.26,no_move,10:45,4.385155753337576,9.218169103623644,11.073092816274638,1.0583343928798534,1.3071837253655416,0.02957919605262016,0.08075807351958786,0.25496344326218817,0.1449797719180224,0.19071837253655435,0.9970414201183432,393.25
2026-05-18,2026,SHORT,ORB_SHORT,1,-30.24,no_move,10:45,3.0428571428571445,8.020667903525045,10.110680272108844,1.0998515769944381,1.117965367965368,0.0009558271318359512,0.05214622112581302,0.4083389085675562,0.24589339924977346,0.017316017316017316,0.8788860103626943,404.25
2026-05-19,2026,SHORT,ORB_SHORT,1,-407.24,stop,11:30,1.8065286861989631,6.678433832093896,8.830298957680013,1.0509094167189348,0.9601588865991766,-0.015552496048136244,0.04264703234981737,0.08650850171221759,-0.02947348499552043,-0.011946360839829166,0.6777777777777778,418.5375
2026-05-19,2026,LONG,PM_LONG,1,-32.239999999999995,eod,13:45,1.8065286861989631,6.678433832093896,8.830298957680013,1.0509094167189348,0.9601588865991766,-0.015552496048136244,0.04264703234981737,0.4643603308962064,-0.011703404866255158,-0.036436400561478954,0.8694009713977334,418.5375
2026-05-20,2026,LONG,PM_LONG,1,533.52,stop,10:30,1.7182126564510487,6.554509299333252,8.79766639373026,1.0436308340156795,0.8296876827699096,0.0004562672176309235,0.031253604990638006,0.21057853099936538,0.1462446000417908,0.10995438062931337,0.8090107737512243,427.45
2026-05-22,2026,LONG,PM_LONG,1,-53.74,no_move,13:20,1.9877220099740476,6.962827729009302,9.47038700457873,1.0162209454927205,0.8320744262008156,-0.00991382212347669,0.026489835092923908,0.12178830093230314,0.02193938849792041,-0.028580594359707195,0.8541666666666666,428.6125
2026-06-03,2026,SHORT,ORB_SHORT,1,80.26,no_move,11:45,2.5283141231612736,7.894702709076441,11.939961088347136,1.3673672729416588,0.9258615098900502,0.020639053648229266,0.05573386798378843,0.11804714863132812,0.07997851305980408,0.08253986970491996,0.6519647153167603,424.0375
2026-06-05,2026,SHORT,ORB_SHORT,1,438.76,rev_exit,11:10,1.81809773852855,7.112357539232654,11.629760128885973,1.4776537979593019,0.759233844501467,0.008823626518753347,0.03888784999064998,0.36586381514193667,0.20425087004676495,0.29894385106509935,0.9966577540106952,418.975
2026-06-05,2026,SHORT,ORB_SHORT,1,1048.02,eod,13:00,1.81809773852855,7.112357539232654,11.629760128885973,1.4776537979593019,0.759233844501467,0.008823626518753347,0.03888784999064998,0.7161235188444426,0.11668784187610014,-0.009547109016051077,0.9022869022869022,418.975
2026-06-08,2026,LONG,ORB_LONG,1,186.26,stop,10:35,-1.5430725832700445,3.0188022133015084,7.293327546924163,1.322859932732992,0.39486817836605953,-0.04260661946319777,-0.017854880531085526,0.2677153544776462,0.19972821264590762,0.26147336443528263,0.9357208448117539,460.85
2026-06-11,2026,LONG,PM_LONG,1,378.32,stop,13:25,-2.119273522161757,1.076991767824752,5.212499418631694,1.0479791637598228,-0.09248407050835115,-0.06669277909699955,-0.04820791065766805,0.4871759200704295,0.4679201082127208,0.6353192874750012,0.9844886088221038,537.525
2026-06-11,2026,LONG,PM_LONG,1,285.76,eod,13:55,-2.119273522161757,1.076991767824752,5.212499418631694,1.0479791637598228,-0.09248407050835115,-0.06669277909699955,-0.04820791065766805,0.6226443456222689,0.1923003782459329,-0.12557555462536626,0.8782338737495688,537.525
2026-06-12,2026,LONG,PM_LONG,1,355.52,stop,10:50,-0.6327390238466695,2.21537775796746,6.313316246935593,0.9674169823935853,-0.12054825050144734,-0.03910130010391011,-0.030622688853671476,0.27290345608446387,0.19814800342276978,0.09583240472476041,0.9314033983637507,560.875
2026-06-15,2026,LONG,PM_LONG,1,239.76,stop,10:30,-0.12263049142035758,2.580666606773876,6.85247506962537,0.9845386757703706,-0.08402210044021334,0.02039815969385561,-0.023077556397167798,0.029983125377550886,0.009337955454292977,0.011679094420986436,0.649167733674776,556.55
2026-06-16,2026,SHORT,ORB_SHORT,1,89.74,stop,10:30,1.7417433904890638,4.223768899400284,8.398034040037167,0.9397922121800849,0.16016977785285919,0.04857453532230105,0.007443561156363687,0.28865430417290844,0.2150210868108337,0.22299180674043415,0.9421140939597316,591.95
2026-06-23,2026,SHORT,VWAP_SHORT,1,-44.24,no_move,11:05,0.8245490597415864,2.8402712037866196,7.696019359515585,0.9395420237942913,0.24770798686623546,-0.009211400424518401,0.038915695402494066,0.12524567801722844,0.11340980732890403,0.09338620954330307,0.5818815331010453,586.275
2026-06-24,2026,LONG,ORB_LONG,1,-407.24,stop,11:00,-0.6414119066773946,1.1100563153660523,5.763169750603381,0.8040627514078819,0.103258246178599,-0.02395441014423627,0.024443082659393545,0.21647664966567667,0.09674643483868937,0.042236524537409496,0.8725490196078431,621.5
2026-06-26,2026,LONG,PM_LONG,1,140.26,stop,11:30,-0.502361698911728,0.8527509068923825,5.328053204353084,0.6180320435308334,-0.13032799274486423,-0.03201102647332277,0.010618007186526057,0.18955276794184445,0.06456597361076843,0.11940749697702539,0.8284237726098191,661.6
2026-06-26,2026,LONG,PM_LONG,1,74.22,stop,11:50,-0.502361698911728,0.8527509068923825,5.328053204353084,0.6180320435308334,-0.13032799274486423,-0.03201102647332277,0.010618007186526057,0.12131473895414205,-0.04741351118727208,-0.16097339782345826,0.7053320860617399,661.6
2026-06-29,2026,LONG,VWAP_LONG,1,615.26,eod,11:00,-0.6806599755564631,0.502529535943115,4.930148883374692,0.5280545164993846,-0.16358653383207922,-0.037486542037780124,-0.0054695466765550815,0.16877465880230216,0.10967598920400844,0.19702973963927262,0.7571743929359823,675.025
2026-06-30,2026,LONG,PM_LONG,1,101.26,no_move,11:50,0.11961077036530748,1.1302552295987203,5.483763512419733,0.4592981635699764,-0.15076353040631899,-0.018332420255607218,-0.027374953416400616,0.21263262787657775,0.07057111283000819,0.08417720380596076,0.9931428571428571,694.9625
2026-07-02,2026,SHORT,ORB_SHORT,2,213.56,stop,10:30,0.3931023693222303,1.13790741738662,5.455005475689678,0.4519547342986757,-0.07980600413718877,0.029842726528384267,-0.0054526435437241005,0.2974158200806296,0.24048091524190734,0.3518347906200567,0.9630086313193588,719.0875
2026-07-02,2026,SHORT,ORB_SHORT,1,148.76,stop,10:50,0.3931023693222303,1.13790741738662,5.455005475689678,0.4519547342986757,-0.07980600413718877,0.029842726528384267,-0.0054526435437241005,0.39627196097604456,0.21885573804154032,0.21728927286317729,0.9355841848067525,719.0875
2026-07-02,2026,SHORT,ORB_SHORT,1,75.34,stop,13:05,0.3931023693222303,1.13790741738662,5.455005475689678,0.4519547342986757,-0.07980600413718877,0.029842726528384267,-0.0054526435437241005,0.5565255225158021,0.06359447530099738,0.07335685851860865,0.9337748344370861,719.0875
2026-07-07,2026,SHORT,ORB_SHORT,1,145.26,stop,10:00,0.1381398010225731,0.7255772744891729,5.422398803920482,0.43061077579046697,0.02011923879136903,-8.329515638660911e-05,-0.01841418841018172,0.12309236988269756,0.0810016944459954,0.10041161378444728,0.9133709981167608,677.2125
2026-07-07,2026,SHORT,ORB_SHORT,1,76.68,stop,10:25,0.1381398010225731,0.7255772744891729,5.422398803920482,0.43061077579046697,0.02011923879136903,-8.329515638660911e-05,-0.01841418841018172,0.23963881041066143,0.12621663711878905,0.05869649482252617,0.897887323943662,677.2125
2026-07-08,2026,SHORT,ORB_SHORT,1,-407.24,stop,11:20,-0.9452095161385369,-0.3578256684281874,4.671691255918118,0.40396833192542814,0.14020784629589267,-0.041081673013745656,-0.0114075809019909,0.33139241719735874,0.16896985694780314,0.20666758344301908,0.9825072886297376,636.2875
2026-07-09,2026,LONG,PM_LONG,2,4.760000000000002,no_move,13:05,-0.9308333667374812,-0.333843748747343,4.8256543873010775,0.37754439411552515,0.1406181103940307,-0.02620354957058979,0.002857191593886421,0.18705858968969544,0.05251276417459599,0.06133001964164028,0.9798206278026906,623.675
2026-07-10,2026,LONG,PM_LONG,2,502.76,eod,11:15,-0.14348853313780602,0.4328730294513029,5.709199967412114,0.3774328893233931,0.1407185628742503,0.017101281746166652,0.008214746101155024,0.07310667367921352,0.08670790023792986,0.20530367835757057,0.868824531516184,613.725
2026-07-14,2026,LONG,VWAP_LONG,1,74.88,stop,11:00,-0.8519709678821343,-0.45882915380937944,5.219629275500891,0.3616845582163488,-0.03861532443825949,-0.01823482860593939,-0.01831660488942566,0.13558476726130608,0.09960812524836618,0.2051371202572906,0.8571428571428571,575.225
2026-07-15,2026,SHORT,ORB_SHORT,1,37.86,stop,10:45,-0.1902513661202173,0.09653333333333639,5.823842622950817,0.34686775956283794,-0.13860109289617614,0.0164054576909638,-0.02535017897128289,0.22633447868949885,0.0975405754278989,0.08786885245901639,0.7674418604651163,571.875
2026-07-16,2026,SHORT,VWAP_SHORT,1,148.26,rev_exit,11:15,-0.42683560753736444,-0.237574182369505,5.431873510937836,0.30521983972276623,-0.2329867879575444,0.00841107983296907,-0.018012869884966087,0.017725546736669234,0.02519839273559605,0.03248862897985705,0.5081374321880652,577.125
2026-07-16,2026,SHORT,ORB_SHORT,2,226.76,no_move,13:40,-0.42683560753736444,-0.237574182369505,5.431873510937836,0.30521983972276623,-0.2329867879575444,0.00841107983296907,-0.018012869884966087,0.22790823342366573,0.07501039040215009,0.15464587394411955,0.9544701986754967,577.125
2026-07-21,2026,LONG,PM_LONG,1,76.0,stop,10:45,-1.3421839103828224,-1.5615996096529587,3.6469595624860207,0.06497651818570066,-0.416959765791779,-0.022272943252783062,-0.040101628555958224,0.10879794944472326,0.057753318202247335,0.014638014109419156,0.8491547464239272,614.8375
2026-07-23,2026,SHORT,ORB_SHORT,1,104.26,rev_exit,10:50,-0.6722773356589979,-0.945827973400198,4.569198735419166,-0.02242232639267339,-0.19339365529270686,-0.014101136861990993,-0.005808662816903842,0.26702641906391444,0.15605518053904519,0.30175515098659106,0.9876746096959738,573.3125
2026-07-24,2026,SHORT,ORB_SHORT,1,-407.24,stop,10:40,-1.8419222813888985,-2.1784095409937065,3.3105663864806605,-0.08358931479118176,-0.14236676495181094,-0.0232321069088105,-0.047140326246824404,0.2161645316694365,0.11251215776424481,0.18263433525502792,0.9318023660403618,568.075
2026-07-27,2026,SHORT,ORB_SHORT,2,205.92,stop,10:50,-2.253670581954087,-2.6686154119950154,2.8120061398825413,-0.10466275137925131,-0.22546271578572702,-0.01871522948539639,-0.06112146112645134,0.30710368833207824,0.03746485203027926,-0.12635700302544936,0.759142962689324,561.9
2026-07-29,2026,SHORT,ORB_SHORT,1,174.76,stop,10:00,-2.298540965207632,-3.048296296296297,2.3591043771043765,-0.15891358024691174,-0.5115151515151489,-0.04510521422417835,-0.06133451837939363,0.09979032750893306,0.09996906307520838,0.11447811447811448,0.6374714394516374,556.875
2026-07-29,2026,SHORT,ORB_SHORT,2,211.76,no_move,10:25,-2.298540965207632,-3.048296296296297,2.3591043771043765,-0.15891358024691174,-0.5115151515151489,-0.04510521422417835,-0.06133451837939363,0.3594961267211289,0.22879524979388,0.13423120089786755,0.9245489338436303,556.875
2026-07-30,2026,LONG,PM_LONG,1,4.26,no_move,10:45,-2.2044551395266665,-3.092749911691984,2.147178558813137,-0.19629106322854012,-0.5915312610385074,-0.04516680923866556,-0.058631042741962736,0.1602008331590208,0.009479022608156097,-0.12142352525609325,0.8136180034622043,566.2
2026-08-03,2026,LONG,PM_LONG,2,202.76,no_move,10:50,-1.0775678947488663,-2.1507868710171043,3.1283410611909277,-0.20319316598524606,-0.44683766930860147,0.0074853614676624325,-0.011369958275382452,0.39313818357794644,0.16864264232878753,0.11603206870560288,0.9613202681794739,547.2625
2026-08-04,2026,LONG,PM_LONG,1,675.76,eod,11:00,-0.11907875778600661,-1.2214394963757673,3.832309977168446,-0.20801986123733787,-0.3298605723405618,0.024777270511058935,0.003202263279846518,0.1988128742963461,0.07122766260251759,0.06960299691884822,0.9881967213114754,563.9125
2026-08-06,2026,LONG,PM_LONG,1,-158.74,eod,11:00,1.3233677875179928,0.33726721618910854,5.212830912817829,-0.13117885646997834,-0.012298835535789454,0.06698620318939263,0.018793840889649305,0.16441852243978541,0.024225022921229588,0.09376771773736316,0.8498567335243553,573.225
2026-08-11,2026,SHORT,ORB_SHORT,1,72.76,no_move,11:30,1.4500539522923985,0.4623550749592499,5.411270289505705,-0.09370709644833287,-0.028766903138413655,0.03077854671280278,0.05631842560170197,0.1112458061971141,0.07838417841017532,0.06336524554032646,0.7983392645314353,544.4625
2026-08-13,2026,LONG,PM_LONG,1,-72.24,no_move,10:45,1.6684310018903563,0.7236862003780752,5.679116257088844,-0.1502835538752363,0.03388468809074274,0.0036944675348664635,0.07092814907722622,0.17317418722096214,0.017250418566945126,-0.08270321361058601,0.879950495049505,529.0
