ma20,ma50,ma200,trend50,slope50,ret20,atr14,rvol20,volrank,dd60,date
,,,,,,,,,,2021-01-04
,,,,,,,,,,2021-01-05
,,,,,,,,,,2021-01-06
,,,,,,,,,,2021-01-07
,,,,,,,,,,2021-01-08
,,,,,,,,,,2021-01-11
,,,,,,,,,,2021-01-12
,,,,,,,,,,2021-01-13
,,,,,,,,,,2021-01-14
,,,,,,,,,,2021-01-15
,,,,,,,,,,2021-01-18
,,,,,,,,,,2021-01-19
,,,,,,,,,,2021-01-20
,,,,,,,,,,2021-01-21
,,,,,,230.78571428571428,,,,2021-01-22
,,,,,,206.67857142857142,,,,2021-01-25
,,,,,,218.76785714285714,,,,2021-01-26
,,,,,,209.17857142857142,,,,2021-01-27
,,,,,,237.16071428571428,,,,2021-01-28
,,,,,,257.2857142857143,,,,2021-01-29
13030.6,,,,,,264.7142857142857,,,,2021-02-01
13057.9,,,,,0.04303024332578076,289.92857142857144,0.015951190774387267,,,2021-02-02
13092.6625,,,,,0.05429731734936927,296.82142857142856,0.016373772166200805,,,2021-02-03
13130.5125,,,,,0.059802895344933216,300.3392857142857,0.016177430625871656,,,2021-02-04
13162.4375,,,,,0.04939943134562186,303.10714285714283,0.01574532972947822,,,2021-02-05
13186.3625,,,,,0.036456448448600964,305.2142857142857,0.015450131486958063,,,2021-02-08
13225.35,,,,,0.060421146432653394,296.2857142857143,0.014827384180729972,,,2021-02-09
13266.0125,,,,,0.06312582473026462,281.42857142857144,0.014796166077071909,,,2021-02-10
13300.55,,,,,0.05323596847844936,289.375,0.01480829615074764,,,2021-02-11
13341.075,,,,,0.06282945736434109,291.51785714285717,0.014675480372121524,,,2021-02-12
13393.9375,,,,,0.08282737279172703,277.98214285714283,0.014354297979959138,,,2021-02-15
13446.9125,,,,,0.08269591008429589,266.64285714285717,0.014354441370450895,,,2021-02-16
13483.075,,,,,0.055502263832399645,229.55357142857142,0.014270870053878915,,,2021-02-17
13503.5125,,,,,0.030755629126615336,212.03571428571428,0.013760422206989574,,,2021-02-18
13515.7,,,,,0.0181950509461426,204.80357142857142,0.013731110680098907,,,2021-02-19
13526.675,,,,,0.01643886912563186,179.78571428571428,0.013764230678195993,,,2021-02-22
13514.5625,,,,,-0.01799342655005287,189.42857142857142,0.014893959057107622,,,2021-02-23
13494.8,,,,,-0.02916220902349942,216.64285714285714,0.014806571021492852,,,2021-02-24
13507.6,,,,,0.019603713984876148,227.26785714285714,0.012454914797284666,,,2021-02-25
13489.4375,,,,,-0.027617798559236628,260.9107142857143,0.015381895897409353,,,2021-02-26
13491.4625,,,,,0.0031464864234937995,284.48214285714283,0.014793001876474874,,,2021-03-01
13495.35,,,,,0.005874685959311732,306.25,0.015070276447649722,,,2021-03-02
13473.1125,,,,,-0.03294505453804697,308.25,0.014954709916134134,,,2021-03-03
13436.2875,,,,,-0.05490020685413988,336.67857142857144,0.016159888982807374,,,2021-03-04
13379.6875,,,,,-0.08345774582987742,359.125,0.016233888388592483,,,2021-03-05
13332.4625,,,,,-0.06942938527979414,389.8392857142857,0.016933725502587246,,,2021-03-08
13264.8125,,,,,-0.09886737303617099,410.73214285714283,0.017495538508900947,,,2021-03-09
13219.4375,,,,,-0.06625901250342248,432.10714285714283,0.01979452189849957,,,2021-03-10
13175.5875,,,,,-0.06417386213961662,434.44642857142856,0.01980801791302837,,,2021-03-11
13142.275,,,,,-0.04859414317493893,448.76785714285717,0.020430422744538705,,,2021-03-12
13097.9,13169.335,,-0.017850939322296772,,-0.06421039303995513,442.57142857142856,0.020314513167244967,,,2021-03-15
13058.5875,13177.265,,-0.006982860252108417,,-0.056680964567638714,417.42857142857144,0.020535836380976457,,,2021-03-16
13029.2,13184.505,,-0.0013656182010624745,,-0.04273224639656836,407.7857142857143,0.020588487976555273,,,2021-03-17
13003.45,13195.02,,-0.0008351635692860213,,-0.03759398496240607,389.67857142857144,0.020598084118002697,,,2021-03-18
12961.7375,13192.635,,-0.029306882211173144,,-0.0611609024761276,395.30357142857144,0.021476268488254683,,,2021-03-19
12922.1875,13185.75,,-0.03069601653299964,,-0.05828175655761858,379.6607142857143,0.0214732207489215,,,2021-03-22
12914.35,13188.93,,-0.009453382495774888,,-0.011856137962332647,386.51785714285717,0.021432858000918462,,,2021-03-23
12907.9625,13191.88,,-0.012233282898267661,,-0.009708737864077666,362.57142857142856,0.02141616599456652,,,2021-03-24
12882.1,13188.325,,-0.029634165066450873,,-0.03884789425261459,353.2857142857143,0.021553366572183017,,,2021-03-25
12882.2125,13186.16,,-0.02991090658690626,,0.00017592556393908332,336.10714285714283,0.019581418923592987,,,2021-03-26
12884.675,13190.095,,-0.017349761317109493,0.0015763893924787276,0.003814281288723631,324.3392857142857,0.01969089705767483,,-0.06562015643585772,2021-03-29
12867.325,13193.165,,-0.017256283840913145,0.0012066236810144293,-0.026065727699530528,299.625,0.01835293266636714,,-0.06531377284360018,2021-03-30
12859.1,13190.355,,-0.02273289839431915,0.00044370266460513896,-0.012600536193029477,293.80357142857144,0.017886717400663332,,-0.07072054211873269,2021-03-31
12879.6125,13186.33,,-0.007381128790194082,-0.0006585817982845965,0.032357290742383915,286.98214285714283,0.016881036203919064,,-0.05641062610388203,2021-04-01
12924.4,13184.95,,0.01081156925130541,-0.0005825219904893597,0.07205341162748602,281.0357142857143,0.01648300283139752,,-0.03921709980896082,2021-04-02
12958.9,13184.885,,0.012466168646901341,-6.560112242381955e-05,0.05450559867290705,269.7142857142857,0.01611979121130831,,-0.03764913671917236,2021-04-05
13022.3,13187.62,,0.03127023678267945,-9.932572240500814e-05,0.10282192669477785,274.75,0.014972526612749983,,-0.019572504775979493,2021-04-06
13062.0875,13188.24,,0.030046465639084533,-0.0002759273128620787,0.06222265663180537,259.9642857142857,0.013048004369307992,,-0.020689903759506856,2021-04-07
13103.725,13199.5,,0.03198984810030683,0.0008473403559587922,0.06511455156775359,233.03571428571428,0.013029268424017883,,-0.018004541686191144,2021-04-08
13140.925,13212.21,,0.043599064804449895,0.0019755561892165208,0.05703662533300102,232.17857142857142,0.012623418590538584,,-0.006001513895397048,2021-04-09
13184.6625,13230.96,,0.04368843984110003,0.0030981581254720947,0.06763051587838498,219.07142857142858,0.012349982005261417,,-0.0045056410626104215,2021-04-12
13221.5625,13242.73,,0.04383688257632682,0.003756869560867182,0.056399380982403935,212.42857142857142,0.012199827718718435,,-0.003478354900335212,2021-04-13
13261.9125,13252.205,,0.05442830079975371,0.0046890322512169735,0.061291915087532844,202.46428571428572,0.012311773242470295,,0.0,2021-04-14
13294.1375,13260.47,,0.04283633988840521,0.005622489350713966,0.048885012135922334,202.92857142857142,0.012670095593168784,,-0.01037678462804592,2021-04-15
13353.8,13269.18,,0.05501997862716458,0.006388344286478054,0.09317897860377955,198.07142857142858,0.010441584986553613,,0.0,2021-04-16
13415.8625,13277.55,,0.0560871546331967,0.007028123491406912,0.09711681402081207,191.66071428571428,0.010356037761250278,,0.0,2021-04-19
13457.3375,13281.725,,0.04608023430691417,0.007135859237678899,0.06349388598656636,193.39285714285714,0.009952605364762791,,-0.009164007202838387,2021-04-20
13492.575,13282.505,,0.0340858143851631,0.00714765579031007,0.0540846475576533,187.32142857142858,0.010406836886415178,,-0.020467471340191445,2021-04-21
13547.25,13287.005,,0.045457573019653474,0.0066294177809764765,0.08544637624536033,186.07142857142858,0.009352533352556291,,-0.009360124088502175,2021-04-22
13595.8125,13288.055,,0.03574225121735271,0.00574052334923536,0.07592784411827935,198.53571428571428,0.009775807673549948,,-0.018488473675765338,2021-04-23
13643.025,13289.73,,0.0463342746617125,0.004441854559306346,0.07285176969813878,193.73214285714286,0.009649446716460322,,-0.008326053236820008,2021-04-26
13695.8875,13292.755,,0.05491675728620597,0.0037775443583007995,0.0815433265203811,196.76785714285714,0.009677768213172648,,0.0,2021-04-27
13748.9125,13296.69,,0.04920848722501611,0.0033567998683992073,0.08226988867770846,197.41071428571428,0.009643369710654706,,-0.005116685386247322,2021-04-28
13792.9,13302.085,,0.050117331230404925,0.0031382748876924715,0.06721292688517067,193.16071428571428,0.009279114910295028,,-0.0038508851687436563,2021-04-29
13823.725,13308.16,,0.04777820525151487,0.0029376344280505062,0.0462577377602702,196.96428571428572,0.008652198877674204,,-0.005615874204417781,2021-04-30
13849.55,13314.035,,0.04143860219685468,0.0027478714069990584,0.038691312246006415,199.625,0.008830413306344157,,-0.01119609206468064,2021-05-03
13858.8625,13325.34,,0.034588986097165236,0.00328383549576583,0.01369485294117645,196.39285714285714,0.008049509562501021,,-0.01686545078533097,2021-05-04
13855.6875,13332.595,,0.014131157512847324,0.0037711260037169847,-0.004674445139681294,207.5,0.009220643402600627,,-0.03578114135957644,2021-05-05
13848.85,13336.0,,0.011172765446910617,0.003687437462392751,-0.01003909189347918,204.51785714285714,0.009208125392432593,,-0.038348398138738804,2021-05-06
13839.6875,13352.31,,0.018924815256685962,0.004835545909465333,-0.013290301524849002,212.85714285714286,0.008997171280356143,,-0.029790875541530704,2021-05-07
13835.1125,13368.42,,0.0261122855206524,0.005921113521493604,-0.006626113404301526,212.73214285714286,0.009206197673547448,,-0.021768198106648096,2021-05-10
13809.4625,13368.375,,-0.004347948049033634,0.005688813191847775,-0.037111388421680824,229.5,0.011351472779170311,,-0.05081029042092311,2021-05-11
13776.6625,13373.625,,-0.004196693117984092,0.005786026447183401,-0.04694600493791823,235.48214285714286,0.010972678270979383,,-0.050293273430675134,2021-05-12
13733.4625,13379.34,,-0.031006013749557165,0.005807736155647891,-0.06247966156849982,246.19642857142858,0.012156759777966717,,-0.07546665240412898,2021-05-13
13688.1125,13392.55,,-0.022422914232166337,0.006341222227565613,-0.06478918513491794,250.98214285714286,0.0120028026492446,,-0.06635645647251787,2021-05-14
13657.0,13407.365,,-0.0005493249419255597,0.007009895948147937,-0.0443759025833943,264.0357142857143,0.013368731251625356,,-0.044409976645094607,2021-05-17
13628.0,13427.0,,-0.008434497653980785,0.007629073629640937,-0.041745389113810205,273.51785714285717,0.013307652299521886,,-0.05056069601183788,2021-05-18
13600.625,13434.98,,-0.018401962637830466,0.007679300241250964,-0.03986094173750021,283.48214285714283,0.013242158594544633,,-0.059546094738906374,2021-05-19
13567.0625,13443.595,,-0.016650680119417414,0.00806801139772051,-0.04832265495644661,286.5357142857143,0.012917855246020349,,-0.057264088712984273,2021-05-20
13553.3125,13452.47,,0.0026411506585779904,0.007501323740985555,-0.019981108769890232,303.3392857142857,0.013747126766752542,,-0.03813446007380861,2021-05-21
13528.625,13462.02,,-0.00373420927914239,0.007001575354454781,-0.03550753299054332,303.2142857142857,0.013517511792970822,,-0.043572052557451335,2021-05-24
13510.0875,13473.355,,0.01325913256200853,0.007852861697850377,-0.026439179190957507,297.375,0.014041153527729305,,-0.026439179190957507,2021-05-25
13496.0,13483.41,,0.013782863533779671,0.008209068221966653,-0.020195684897139965,292.30357142857144,0.014023084319683703,,-0.025209035317608874,2021-05-26
13482.7625,13493.81,,0.01557677186798988,0.00855572845895236,-0.01895302013422817,281.55357142857144,0.014036843057439559,,-0.022730919398834093,2021-05-27
13470.225,13511.555,,0.013447378928628104,0.00888591045021303,-0.01798264486517498,272.32142857142856,0.014035556565925823,,-0.0234975307981673,2021-05-28
13461.1625,13529.625,,0.011447102192411098,0.009118868621835752,-0.013071777581450728,247.41071428571428,0.013991514950689616,,-0.024121516820880373,2021-05-31
13454.55,13541.42,,0.008313751438180039,0.008521635510538417,-0.009592891467948172,230.28571428571428,0.013946162944916575,,-0.026296553814337376,2021-06-01
13460.8875,13553.765,,0.006934235616450527,0.008841472037918852,0.009374306634124752,215.14285714285714,0.013215782136884293,,-0.026742258116275286,2021-06-02
13470.55,13571.38,,0.00787465976194026,0.009505269981727293,0.014330737856877995,200.80357142857142,0.013200051982852193,,-0.024567221122818284,2021-06-03
13466.825,13586.155,,-0.004096449657758259,0.009937580236194732,-0.0054759279676589445,192.92857142857142,0.01329555687617693,,-0.035103670820630706,2021-06-04
13469.1625,13602.215,,0.01191239809104619,0.01041411318657981,0.003408055403681498,196.23214285714286,0.013736534427802703,,-0.018434329928152415,2021-06-07
13494.825,13619.375,,0.014987839016107568,0.010837686678633496,0.038560507879265904,187.57142857142858,0.011752513900248143,,-0.014209053145780914,2021-06-08
13519.5375,13637.8,,0.012754989807740305,0.01145036752572226,0.0371128214755021,179.44642857142858,0.011765062235476624,,-0.015046977233424297,2021-06-09
13561.9125,13652.26,,0.01170062685591981,0.011742421154588678,0.06537082031701957,160.0,0.009663125337621635,,-0.01502914906134678,2021-06-10
13605.9625,13665.175,,0.022544533824118664,0.011369527785661804,0.06729171838301284,165.41071428571428,0.009736386969054189,,-0.003529978071348361,2021-06-11
13635.625,13678.055,,0.02304384651180301,0.010970740135074042,0.04427238805970157,146.60714285714286,0.008527320680396877,,-0.0021037243051470478,2021-06-14
13675.8125,13688.405,,0.03134733374706544,0.01085447464150735,0.0603699183175288,149.21428571428572,0.008398209586797304,,0.0,2021-06-15
13718.75,13697.645,,0.025468246548950534,0.01061550056386551,0.06511724896210502,155.03571428571428,0.008104210331477452,,-0.005029219054365153,2021-06-16
13754.6625,13703.97,,0.017077533006858645,0.0097698244393718,0.054331587208532595,167.14285714285714,0.008464072447356261,,-0.01271471577828931,2021-06-17
13789.6875,13711.975,,0.03475247001252552,0.009260898318913524,0.05193505338078297,185.83928571428572,0.008229284946061918,,0.0,2021-06-18
13824.9375,13718.13,,0.029057896375089085,0.008521773843451097,0.05256584711167456,191.41071428571428,0.008198878670596732,,-0.005056912288120663,2021-06-21
13849.15,13724.39,,0.0300093483207633,0.007710706254875799,0.035470993261060624,191.76785714285714,0.007378358233261348,,-0.0036825598195722176,2021-06-22
13879.125,13730.295,,0.03921656453848952,0.0067822522694276355,0.04385756350933656,199.16071428571428,0.007568757094839256,,0.0,2021-06-23
13907.65,13739.215,,0.03896037728501955,0.006369275123679241,0.04163018096906024,187.75,0.007577987792458954,,0.0,2021-06-24
13940.9375,13746.41,,0.04456363516001634,0.005944673229578257,0.04861884505139402,176.08928571428572,0.007594327407811648,,0.0,2021-06-25
13973.275,13752.59,,0.04207643796550321,0.005449239676255102,0.04726150023749498,172.32142857142858,0.007626826198400087,,-0.0019325858346681546,2021-06-28
14015.7125,13764.77,,0.05361368188498606,0.005578809218458991,0.062161271422293884,173.28571428571428,0.007835536830483372,,0.0,2021-06-29
14062.4375,13781.71,,0.05808713142273353,0.006137186355756663,0.06847282519096565,174.41071428571428,0.007809269343044475,,0.0,2021-06-30
14106.3125,13795.005,,0.055146409878068244,0.006642965505616161,0.06415294354175427,162.33928571428572,0.007890851639464333,,-0.001817277854926358,2021-07-01
14156.75,13810.53,,0.05276553470431615,0.00718751310442145,0.07455378589113493,167.26785714285714,0.0072590111129946806,,-0.0029487904815785893,2021-07-02
14203.5625,13826.43,,0.06321733086559579,0.007894662027550403,0.06802041520605928,170.60714285714286,0.006772389170138909,,0.0,2021-07-05
14247.0,13839.82,,0.0615925640651396,0.008410574167595053,0.06284587839548594,163.0,0.0068213517631349144,,-0.0005612054011768786,2021-07-06
14294.5625,13856.06,,0.06545439324021407,0.009159672097358351,0.06887251796477645,155.46428571428572,0.006768265688768825,,0.0,2021-07-07
14344.425,13872.87,,0.06749720858048833,0.009727993921050171,0.07220170865913689,140.82142857142858,0.006723745143461953,,0.0,2021-07-08
14381.4,13888.245,,0.059367112259324284,0.010317966654566524,0.05292254844077071,150.33928571428572,0.006794017156536748,,-0.006516197646741051,2021-07-09
14422.4625,13907.22,,0.0652380562038999,0.01124370027754762,0.05868901077305133,150.78571428571428,0.006854928989716354,,0.0,2021-07-12
14460.3375,13928.995,,0.06791624234196358,0.011930820493186722,0.05365680892509306,142.96428571428572,0.006717265891089434,,0.0,2021-07-13
14501.225,13955.86,,0.06509022016557915,0.012636312910371927,0.05821734951767343,151.19642857142858,0.006524879124288398,,-0.0007226890756302229,2021-07-14
14549.1625,13984.095,,0.0652637871810797,0.013707135300059736,0.06878676998134603,151.33928571428572,0.006036606047890322,,0.0,2021-07-15
14578.5375,14007.515,,0.05486233639585612,0.014263391774247625,0.041406773090883364,163.71428571428572,0.005526401642846427,,-0.008105794888146778,2021-07-16
14606.2375,14026.58,,0.045924951057207106,0.014475898695469391,0.039244160306019404,165.42857142857142,0.005684227608832267,0.016666666666666666,-0.015171094366220772,2021-07-19
14629.0375,14052.22,,0.038430226683043724,0.015347020409224976,0.032257494031302514,174.19642857142858,0.00591371612171538,0.024793388429752067,-0.020440700152717928,2021-07-20
14651.975,14080.42,,0.0459560155165826,0.016192193163135915,0.032150678931230914,187.375,0.005906626866095524,0.02459016393442623,-0.011361538590632159,2021-07-21
14680.1375,14117.885,,0.050989578113152204,0.017661450009983426,0.039458474902798635,190.17857142857142,0.00604162283386509,0.04878048780487805,-0.003960595431889535,2021-07-22
14711.0,14155.565,,0.05797613871293724,0.019247932334143014,0.0429869768089699,186.19642857142858,0.006204077280310319,0.056451612903225805,0.0,2021-07-23
14749.0875,14189.425,,0.06367946551745407,0.02029197783597292,0.05315307457479279,195.91071428571428,0.006250688166416719,0.064,0.0,2021-07-26
14780.1875,14225.645,,0.06320310959538211,0.021297301061562468,0.042888417713881744,190.98214285714286,0.005854299842658549,0.023809523809523808,0.0,2021-07-27
14795.275,14259.57,,0.04379024051917416,0.021762184487376546,0.020692965763170923,205.23214285714286,0.007056024464253503,0.14173228346456693,-0.015917618473032635,2021-07-28
14816.65,14294.84,,0.048157936710029624,0.02222131643127434,0.02936983666248727,199.98214285714286,0.007130009060542066,0.1484375,-0.009355526537628722,2021-07-29
14835.35,14323.345,,0.04118486289340938,0.022547182708710256,0.025723472668810254,199.14285714285714,0.007240923501789989,0.15503875968992248,-0.01398370220995393,2021-07-30
14848.6875,14354.455,,0.04269023101190537,0.023375263250200673,0.01814564130471763,203.76785714285714,0.006896543576214503,0.13846153846153847,-0.010413395262731662,2021-08-02
14862.1,14380.625,,0.04032335173193098,0.02337032867404587,0.01825792509656443,198.28571428571428,0.006895358412669488,0.13740458015267176,-0.010859683631134431,2021-08-03
14875.675,14407.93,,0.04348785703428596,0.023259959575069544,0.018390571022149915,201.58928571428572,0.0068992956455349195,0.15151515151515152,-0.005967040777533517,2021-08-04
14889.2625,14435.47,,0.044718322299170075,0.02249522502839474,0.01835001772540812,191.375,0.006898627947651627,0.15037593984962405,-0.002892609795203227,2021-08-05
14912.1875,14465.03,,0.04882257416680085,0.021861720107957616,0.031163446670404937,183.55357142857142,0.006753306882162251,0.09701492537313433,0.0,2021-08-06
14926.1,14493.195,,0.04136803513648994,0.021408196597113793,0.018782274123325227,175.32142857142858,0.0067890108834258315,0.11851851851851852,-0.005174260525665275,2021-08-09
14938.65,14522.635,,0.041546523754125875,0.020877085010908125,0.016873949579832015,166.53571428571428,0.006756161459303427,0.10294117647058823,-0.0029826151437751802,2021-08-10
14947.825,14550.635,,0.03416448835394467,0.020411905828857435,0.012345056090956597,165.64285714285714,0.006882931374963637,0.15328467153284672,-0.008140397132734623,2021-08-11
14953.35,14577.215,,0.02950049100599805,0.019753631380274195,0.007417725342776071,165.39285714285714,0.006910744817487549,0.18840579710144928,-0.01080992007909698,2021-08-12
14968.4125,14608.15,,0.03211221133408408,0.019883972633487623,0.020387791012452583,162.98214285714286,0.00666960270468703,0.07913669064748201,-0.006195929801433686,2021-08-13
14991.0625,14635.34,,0.033371961293690466,0.01956779271661646,0.03087776698532796,162.32142857142858,0.00639776395086495,0.07142857142857142,-0.0031309219741286753,2021-08-16
15018.175,14661.56,,0.03225714044071712,0.0195356599591463,0.037160136373760144,152.67857142857142,0.006194624321239652,0.05673758865248227,-0.0024223448957733096,2021-08-17
15030.2125,14684.69,,0.019309907120953828,0.019208866228528354,0.0163469699541674,154.78571428571428,0.006567057165327198,0.09154929577464789,-0.013380571805223673,2021-08-18
15030.2,14705.2,,0.008996817452329739,0.018685224658428368,-1.6848915772249562e-05,158.41071428571428,0.006703871232020375,0.1048951048951049,-0.021998846502430558,2021-08-19
15028.6,14724.62,,0.014915834839880363,0.017946039517374057,-0.002136716467740607,166.96428571428572,0.006564404855606352,0.09027777777777778,-0.014962511328993955,2021-08-20
15028.7,14746.655,,0.023621967151194582,0.017488207396643807,0.0001325117604187298,175.875,0.0067254541963538625,0.1310344827586207,-0.005025953695311891,2021-08-23
15038.9,14770.88,,0.03776823046426488,0.017093661033276586,0.013487826245061951,179.39285714285714,0.007546853620976479,0.2671232876712329,0.0,2021-08-24
15062.8125,14797.195,,0.03818662929021347,0.016944964944828778,0.032131819403386164,176.78571428571428,0.006441685031295143,0.08163265306122448,0.0,2021-08-25
15081.9375,14825.75,,0.03642311518810178,0.017049553018186225,0.02552850683262986,174.01785714285714,0.006335078154018993,0.07432432432432433,0.0,2021-08-26
15100.6375,14847.725,,0.029602178111461496,0.01640009172961676,0.02507836990595602,173.25,0.006357476706756072,0.08053691275167785,-0.005108764622618445,2021-08-27
15123.675,14873.95,,0.037249688213285594,0.01630368682927763,0.0307838781339258,175.80357142857142,0.006583774334324684,0.12,0.0,2021-08-30
15156.0125,14903.37,,0.04722958632846123,0.01649278794343867,0.043230507001771334,178.32142857142858,0.006932816855118843,0.25165562913907286,0.0,2021-08-31
15184.275,14929.99,,0.044860043442761864,0.016704472481203103,0.037596860554059086,178.83928571428572,0.006922696399611318,0.25,-0.0004805459001425705,2021-09-01
15210.775,14956.72,,0.04374488524221893,0.017104153632728547,0.035143558119488105,176.75,0.006920566574394335,0.24836601307189543,0.0,2021-09-02
15232.2375,14981.55,,0.04131414973751052,0.017449007173020226,0.028293647524099796,179.94642857142858,0.006865521446947588,0.2077922077922078,-0.0006726026519762174,2021-09-03
15260.275,15007.995,,0.04301074194121195,0.017721985087465697,0.0371536002385251,173.05357142857142,0.006698569736169157,0.12903225806451613,0.0,2021-09-06
15289.075,15031.98,,0.04457297042704956,0.01767667193830036,0.03808012693375651,160.83928571428572,0.006704185491129712,0.14102564102564102,0.0,2021-09-07
15320.225,15053.75,,0.040986465166486755,0.017338083332685716,0.04140153843597871,151.30357142857142,0.006563834749054494,0.10191082802547771,-0.001990192332187002,2021-09-08
15350.325,15074.82,,0.03545183292404157,0.016799824629445403,0.040113944926618794,142.69642857142858,0.006616311730946489,0.12658227848101267,-0.005906890841930967,2021-09-09
15374.5875,15095.285,,0.03095105524672109,0.016673261391896732,0.03218425110680001,134.30357142857142,0.00667378498737816,0.13836477987421383,-0.00888421857088273,2021-09-10
15390.575,15110.145,,0.022061667839719575,0.01587977638757687,0.021142243160591878,133.125,0.006973531760885862,0.29375,-0.01646287097185073,2021-09-13
15406.4875,15125.355,,0.02164544237143528,0.014894953289088297,0.02102811457266518,143.10714285714286,0.00697385959685458,0.2981366459627329,-0.015873774041523347,2021-09-14
15427.825,15137.995,,0.016977479514294937,0.013932025406581117,0.02851034690094023,151.28571428571428,0.006481606477235705,0.09259259259259259,-0.019551649471404864,2021-09-15
15461.75,15152.13,,0.024014445493801915,0.013065030300761116,0.04572872788542548,158.03571428571428,0.006164742160346027,0.049079754601226995,-0.011845624761176898,2021-09-16
15489.8875,15168.015,,0.02234867251911345,0.012446308960020858,0.03765662378506773,157.67857142857142,0.006081325448232345,0.04878048780487805,-0.012418800152846798,2021-09-17
15511.3375,15182.205,,0.022512869507426626,0.011607813035651837,0.028420006624710226,148.375,0.0057682524498824704,0.01818181818181818,-0.011336135524137037,2021-09-20
15494.45,15184.525,,-0.012744883359868,0.01014803106443729,-0.022033760091331622,187.89285714285714,0.009265395312583226,0.4759036144578313,-0.04528085594191822,2021-09-21
15475.925,15187.075,,-0.012861265253513315,0.008856597193390492,-0.024117560904164392,193.57142857142858,0.009237681284497356,0.47305389221556887,-0.04523309132594577,2021-09-22
15466.6,15192.725,,-0.0008869376625984057,0.00782132058624918,-0.012137383466475749,205.48214285714286,0.009728255615796258,0.5178571428571429,-0.03329193733282387,2021-09-23
15467.0375,15203.125,,0.0061089414182939365,0.007143952565320966,0.0005723724018380505,208.82142857142858,0.009835629971239565,0.5325443786982249,-0.02585657877977332,2021-09-24
15461.5,15216.055,,0.006650541155378296,0.007009198124835914,-0.007178506611355995,215.28571428571428,0.009606483589262997,0.48823529411764705,-0.024503247993886146,2021-09-27
15439.75,15227.655,,-0.0036384459721474287,0.006763477617550251,-0.027871662208268644,230.89285714285714,0.009383863027819515,0.4853801169590643,-0.0337377404152337,2021-09-28
15398.125,15228.45,,-0.03028541972426614,0.005975361994768891,-0.05336623984358724,251.17857142857142,0.010989116677653513,0.5697674418604651,-0.05953063304037698,2021-09-29
15355.8125,15226.99,,-0.030356623337901963,0.004940559512095044,-0.05420857087950803,257.2142857142857,0.010976146772094617,0.5664739884393064,-0.05968984842695202,2021-09-30
15310.375,15221.3,,-0.03479006392358073,0.0035129843951235973,-0.05825133809813787,255.78571428571428,0.010974521873516397,0.5632183908045977,-0.06433893771494081,2021-10-01
15266.675,15215.03,,-0.028624984636901843,0.0021620706610141482,-0.05583415849490525,260.5357142857143,0.011067680883687016,0.5771428571428572,-0.058750477646159704,2021-10-04
15206.0,15202.305,,-0.046953734976373666,0.0011709289556307567,-0.07728314864348496,281.2142857142857,0.011595887226831057,0.5852272727272727,-0.07728314864348496,2021-10-05
15155.525,15197.85,,-0.03530762574969488,0.0007094848744737536,-0.06441938005519843,291.0,0.012124616646525052,0.6045197740112994,-0.06628136543115526,2021-10-06
15113.4,15193.52,,-0.028088948446442986,5.232767656893067e-05,-0.05397440620145111,303.4642857142857,0.01234766688191211,0.6235955056179775,-0.059562476117692054,2021-10-07
15079.825,15193.075,,-0.019882413533797518,-0.0006610483042137627,-0.04314859437751006,315.51785714285717,0.012596372778614827,0.6368715083798883,-0.0516494714049166,2021-10-08
15047.875,15189.82,14043.9075,-0.02536698920724536,-0.0017241656920929938,-0.041376630945057835,279.125,0.012560825657043737,0.6333333333333333,-0.05715832378041019,2021-10-11
15009.475,15184.305,14053.8875,-0.0328994313536247,-0.0028467942043604033,-0.04969989160505417,280.57142857142856,0.012612990186738391,0.6408839779005525,-0.06478474079735064,2021-10-12
14969.6375,15175.58,14062.85625,-0.038043356497741765,-0.0034717912853902133,-0.05175381617408248,273.42857142857144,0.012633045576290981,0.6483516483516484,-0.07029359317284423,2021-10-13
14932.2375,15169.32,14073.405,-0.026456030988864346,-0.0037873539025112812,-0.048208301108533136,275.82142857142856,0.012822232995926048,0.6557377049180327,-0.059482868424404534,2021-10-14
14910.2,15167.22,14084.11,-0.006657119762224017,-0.003552915979581295,-0.02842264783646098,286.35714285714283,0.013772048771400501,0.7391304347826086,-0.04048847280601198,2021-10-15
14891.25,15168.265,14094.20875,-0.00153379440562249,-0.00307360550718605,-0.024413810873486264,272.69642857142856,0.013842574288653731,0.7405405405405405,-0.03547318812890077,2021-10-18
14906.15,15171.525,14106.1275,0.00774312404323233,-0.002024692965968078,0.019878593822960422,259.125,0.01151849387942629,0.553763440860215,-0.026302381862183144,2021-10-19
14927.1,15178.785,14118.76625,0.015282184970667951,-0.001254453754971907,0.027948705121149997,255.10714285714286,0.011619239299955028,0.5614973262032086,-0.018548592535982622,2021-10-20
14936.0,15185.785,14130.67625,0.011291151560488981,-0.0005090986157256783,0.011726534578454073,248.92857142857142,0.011364604007365105,0.5478723404255319,-0.021955801808686837,2021-10-21
14940.2,15191.84,14143.07625,0.01238559647810929,-8.128703373089241e-05,0.005491631799163121,241.92857142857142,0.01124537690684354,0.5396825396825397,-0.02050694179085466,2021-10-22
14940.5375,15195.845,14155.87375,0.008433555356743942,0.00039664722820931253,0.0004406796259119883,222.07142857142858,0.011275451054606474,0.5421052631578948,-0.024073366450133693,2021-10-25
14959.1125,15204.03,14169.5325,0.022344075879881804,0.0012990387113536173,0.024485491604739007,215.26785714285714,0.01146755926571648,0.5549738219895288,-0.010078333970194864,2021-10-26
14997.0625,15215.19,14182.00875,0.020444043091147696,0.002610114407488817,0.05139751815673188,204.58928571428572,0.009379375362923869,0.4322916666666667,-0.01119284167621959,2021-10-27
15038.4125,15230.275,14193.51625,0.02373397722628123,0.004018308005896198,0.05601178482534408,202.71428571428572,0.009364736911759267,0.43005181347150256,-0.007021398547955693,2021-10-28
15087.25,15244.76,14204.87625,0.02779578032058227,0.005112340956352046,0.06648289005734509,201.25,0.00919717207112411,0.3917525773195876,-0.002133486180104449,2021-10-29
15141.725,15260.24,14217.45875,0.03989190209328295,0.0060636466992105564,0.07371697283399303,205.10714285714286,0.009424458464510888,0.4461538461538462,0.0,2021-11-01
15211.725,15271.435,14229.585,0.04040648439390277,0.0065853630403007735,0.09662836042378431,201.41071428571428,0.007681773632108597,0.32142857142857145,0.0,2021-11-02
15276.6,15283.365,14241.61125,0.044190857183611085,0.0068898795259304535,0.0884985932304545,196.05357142857142,0.007490439769645304,0.29441624365482233,0.0,2021-11-03
15344.8375,15298.68,14256.975,0.054437376296517064,0.00743425512741025,0.09242047166776701,189.35714285714286,0.007606755751924723,0.3181818181818182,0.0,2021-11-04
15417.1875,15319.695,14272.90125,0.06647031811011905,0.008416031237822308,0.09717278893291259,198.375,0.007785495362422566,0.3316582914572864,0.0,2021-11-05
15494.125,15338.0,14290.26,0.0655398357021776,0.009354859831750106,0.10393799182680952,190.85714285714286,0.007465472872535771,0.29,0.0,2021-11-08
15576.025,15352.31,14305.7,0.06321133432037267,0.009752677415132638,0.11154428914349923,188.73214285714286,0.0069747302890266465,0.263681592039801,-0.0012543404769552735,2021-11-09
15655.9625,15364.255,14319.18625,0.05420015483991907,0.009797117222985596,0.10951655164146379,196.17857142857142,0.007139001234310907,0.27722772277227725,-0.008948648524620295,2021-11-10
15716.875,15371.76,14332.04125,0.03997525332167558,0.00928972063866218,0.0824925514626218,207.76785714285714,0.008052700890721352,0.3645320197044335,-0.02184388050112429,2021-11-11
15765.4,15380.485,14344.40625,0.042668680473990216,0.00890305914950451,0.06441549821621173,204.01785714285714,0.007113926268518899,0.2696078431372549,-0.01875391981399044,2021-11-12
15818.2375,15391.45,14357.39625,0.05264611196475961,0.008598160972566715,0.06977550346649064,201.33928571428572,0.007278433458893611,0.2926829268292683,-0.008658008658008698,2021-11-15
15863.6,15401.335,14369.9525,0.05161338286583604,0.008506076868349366,0.059340048400811085,201.01785714285714,0.007176032275036371,0.2815533980582524,-0.008994539029874682,2021-11-16
15907.725,15413.785,14382.9375,0.057057043419251025,0.008533461053897407,0.057265220706325115,198.96428571428572,0.007116570312892262,0.27053140096618356,-0.0030593670169641873,2021-11-17
15955.975,15428.045,14396.21875,0.05795970908822212,0.008455958291826438,0.0628367709062494,194.85714285714286,0.00696867039705624,0.24519230769230768,-0.0012849341471249387,2021-11-18
16012.25,15446.905,14410.19375,0.06853120414736799,0.008303690119157103,0.07317945383615077,189.94642857142858,0.0071870965084765035,0.291866028708134,0.0,2021-11-19
16075.4625,15469.8,14424.02625,0.07229893082004944,0.008593036901812345,0.0825013051422605,189.41071428571428,0.006989896272099652,0.2619047619047619,0.0,2021-11-22
16118.2125,15488.72,14436.6625,0.058754370922839375,0.008885307813612409,0.055006031363088015,208.83928571428572,0.007357241398428717,0.3127962085308057,-0.011423748737811379,2021-11-23
16156.8,15506.78,14449.38125,0.05102413266970959,0.009276401621816532,0.04970614282263908,215.21428571428572,0.007577182092247482,0.33962264150943394,-0.017497324913719026,2021-11-24
16194.9625,15523.56,14462.66125,0.05355987930603551,0.009875251760370851,0.04895217021822429,216.35714285714286,0.0075699768651553275,0.3380281690140845,-0.014061157747200626,2021-11-25
16231.8,15541.525,14476.48625,0.05557530551216823,0.01047041104360491,0.04702109327631865,211.16071428571428,0.0075488656454532265,0.3317757009345794,-0.011031905113559337,2021-11-26
16240.5875,15551.94,14488.85,0.0316880080555866,0.010427217708532943,0.011075051988153062,232.32142857142858,0.008927373178384948,0.4372093023255814,-0.03276415535092614,2021-11-29
16266.8375,15580.39,14504.8125,0.053471703853369565,0.011625940218818798,0.03304276678100515,244.39285714285714,0.010214256579853507,0.5462962962962963,-0.010534565128931583,2021-11-30
16280.7625,15605.3,14520.2075,0.04049585717672847,0.012424917046656603,0.017451241481945656,247.46428571428572,0.010556262569834505,0.5622119815668203,-0.021159555709613698,2021-12-01
16267.2375,15618.935,14532.93875,0.015498175771907657,0.012372922168687017,-0.016768434429532242,280.5892857142857,0.01158869934275511,0.6146788990825688,-0.043841273190360686,2021-12-02
16251.1625,15633.345,14549.07375,0.024508830323900655,0.012069731768273195,-0.019678051169053745,287.125,0.011423889763164063,0.6027397260273972,-0.03446716802556027,2021-12-03
16218.3,15640.72,14562.94375,0.0028950073909641406,0.011048623770184562,-0.04021537943799425,314.98214285714283,0.012246940507240435,0.6545454545454545,-0.05439090922791734,2021-12-06
16194.6625,15654.275,14575.63125,0.012502974427113385,0.010688746390921988,-0.028962644162288775,326.1607142857143,0.012560207859367076,0.6742081447963801,-0.04450439316986421,2021-12-07
16203.15,15686.265,14592.19,0.04338094504969797,0.011574614458965682,0.010480335864666346,356.23214285714283,0.014517932753424381,0.8243243243243243,-0.013352825041821781,2021-12-08
16222.9375,15718.61,14610.70625,0.042204113468048345,0.012564772513521394,0.024755649386191347,354.75,0.014159813199049328,0.8071748878923767,-0.012433499615691845,2021-12-09
16228.8625,15747.88,14629.32375,0.025868243852505912,0.013277654541623107,0.007389277752661849,366.26785714285717,0.014547597287104329,0.8258928571428571,-0.026102813738640318,2021-12-10
16234.6875,15778.655,14647.61875,0.03419778175009209,0.014577924040344747,0.0071905812643695555,352.39285714285717,0.014540619956698659,0.8222222222222222,-0.01627658131508747,2021-12-13
16229.5875,15810.77,14666.43,0.017929550553198836,0.014786536152175955,-0.006297754109747644,355.7857142857143,0.014883172744710696,0.8539823008849557,-0.02978011544316006,2021-12-14
16211.4875,15836.17,14682.1425,0.006003976971704643,0.014794332694661572,-0.02221778957543763,364.94642857142856,0.014962037808459457,0.8634361233480177,-0.03960634786671291,2021-12-15
16209.8,15866.605,14699.64,0.026590124352374088,0.01585703506673153,-0.002067729632863169,398.85714285714283,0.015839759789669422,0.8859649122807017,-0.01807001944147213,2021-12-16
16178.7,15886.455,14713.83625,-0.00018600751394819848,0.016190393034887895,-0.03768440822756047,415.5357142857143,0.016547874430207936,0.9170305676855895,-0.04248489141410339,2021-12-17
16134.8875,15904.605,14727.725,-0.012110014678138789,0.016871665754517817,-0.05282353473090895,403.5892857142857,0.016578635842951255,0.9173913043478261,-0.05282353473090895,2021-12-20
16098.65,15924.39,14740.66875,-0.01572367921157416,0.01725503097396719,-0.0441954417257413,401.57142857142856,0.016449488334776496,0.9047619047619048,-0.055114312841921254,2021-12-21
16082.475,15951.915,14754.70875,0.001415817473952132,0.01693519776696384,-0.019849061234507248,385.89285714285717,0.017084691719468623,0.9267241379310345,-0.036999080674573914,2021-12-22
16073.7,15980.145,14769.68625,0.012475168404291673,0.01663855773506695,-0.010730663405686292,385.73214285714283,0.017336502191832647,0.927038626609442,-0.02464093560200742,2021-12-23
16068.5625,16004.87,14787.16875,0.01859621477712716,0.01631902198899171,-0.006263238902180723,359.07142857142856,0.017414942322495967,0.9273504273504274,-0.017226048558467544,2021-12-27
16094.8375,16033.375,14806.115,0.03348484021611171,0.016143327805823615,0.03275214634070345,354.82142857142856,0.016989209060895263,0.9148936170212766,-0.0010851054210058164,2021-12-28
16099.725,16057.82,14823.35,0.02823733234025542,0.015625424947677935,0.0059554634904195325,330.19642857142856,0.016271723023336366,0.8813559322033898,-0.0046418398565249985,2021-12-29
16111.875,16079.21,14840.59875,0.02494152386839906,0.015347145174622323,0.014965588384732609,329.60714285714283,0.016072720132984886,0.8607594936708861,-0.0065106325260350095,2021-12-30
16140.3375,16100.67,14858.7625,0.020469955598121068,0.01475205313297967,0.03588991866843205,319.35714285714283,0.015073083078911387,0.8361344537815126,-0.009524814251051228,2021-12-31
16156.1875,16119.74,14876.47125,0.013260759788929611,0.014684522129071675,0.019792089407798308,315.23214285714283,0.015042775579459051,0.8284518828451883,-0.015357255888957533,2022-01-03
16196.6125,16143.15,14894.1375,0.02176464940237812,0.014998486287462143,0.05154277699859744,305.8392857142857,0.01424186096210076,0.7541666666666667,-0.005651590734405354,2022-01-04
16217.1625,16157.495,14910.615,0.006406005386354704,0.014638237320236502,0.02593059936908526,307.94642857142856,0.014586227897892764,0.7800829875518672,-0.01972781939023105,2022-01-05
16186.5,16162.04,14924.93,-0.02527774959101703,0.013172399677405577,-0.037469259321490256,305.0892857142857,0.014470132723697102,0.7644628099173554,-0.050321763899145444,2022-01-06
16157.0375,16166.06,14938.44875,-0.02309220675909897,0.01163412472164671,-0.03596935661091438,279.25,0.014490396149655145,0.7654320987654321,-0.04795563124500779,2022-01-07
16127.9125,16164.145,14949.675,-0.03658684081341763,0.00995165846395496,-0.036056390337506405,287.07142857142856,0.014494379758050416,0.7663934426229508,-0.06121803083507904,2022-01-10
16092.8375,16159.1,14961.0125,-0.03356313161005256,0.007841455713472723,-0.04298867832028552,298.23214285714283,0.014271286601457378,0.746938775510204,-0.058565550917064835,2022-01-11
16079.4125,16157.845,14972.14125,-0.020553174015470466,0.006229052262386681,-0.016682976839554553,297.07142857142856,0.014396265765179677,0.7560975609756098,-0.04596627130649711,2022-01-12
16077.6125,16156.575,14983.695,-0.016174529564589073,0.004811492604425371,-0.002259709690074496,293.2142857142857,0.01426676798976695,0.7368421052631579,-0.04177655870872454,2022-01-13
16038.175,16143.94,14993.085,-0.03990289854892923,0.002687465801112676,-0.04842373453663629,315.39285714285717,0.014303839291088683,0.7459677419354839,-0.0656187361536027,2022-01-14
16024.9875,16129.575,15002.2425,-0.03160808638789309,0.0006101215032003893,-0.01660528221109958,317.5,0.013420492733042974,0.6666666666666666,-0.05838470001356377,2022-01-17
16017.1375,16113.81,15010.9725,-0.03467894929876916,-0.0018174891517455105,-0.00999236252545821,313.2857142857143,0.013239614917627669,0.648,-0.06228806534745979,2022-01-18
15995.425,16092.15,15018.055,-0.052969926330540026,-0.004044253146914256,-0.027705116753859893,331.55357142857144,0.013972520427339123,0.7051792828685259,-0.08129248112368692,2022-01-19
15948.45,16068.91,15023.3625,-0.06434226092497872,-0.0057622676345313595,-0.05881248239381509,346.19642857142856,0.013352497540641835,0.6587301587301587,-0.09363555528762824,2022-01-20
15875.75,16043.695,15027.8475,-0.0821628060119567,-0.007569253114240615,-0.08986680676164283,384.98214285714283,0.013372978124943544,0.6666666666666666,-0.11229334016547854,2022-01-21
15781.25,16011.21,15029.91375,-0.09984941800151265,-0.009461372686275782,-0.11593313908909675,401.69642857142856,0.013545807936190785,0.6785714285714286,-0.13116211776408004,2022-01-24
15677.875,15977.23,15032.31625,-0.0922863349904833,-0.011254958506352497,-0.12477180489129613,433.7857142857143,0.01283706679732173,0.623015873015873,-0.12572151975042578,2022-01-25
15548.3875,15931.735,15032.455,-0.12617803396805186,-0.013993821577072851,-0.1568476039064275,440.5357142857143,0.014910479655091067,0.8373015873015873,-0.16076138230373904,2022-01-26
15431.9625,15888.905,15034.5375,-0.10933132270600149,-0.016567248937352175,-0.14129033236753086,470.7857142857143,0.015869355066501646,0.873015873015873,-0.14688107546003948,2022-01-27
15316.15,15844.74,15035.6525,-0.10923120227911597,-0.018533270069140517,-0.14097472649533638,486.60714285714283,0.015875145664859824,0.873015873015873,-0.1491567826624267,2022-01-28
15220.95,15803.22,15038.985,-0.08692658837882403,-0.0202333291484742,-0.11657023907919306,493.42857142857144,0.017211826906393914,0.9246031746031746,-0.1301372959775745,2022-01-31
15139.575,15768.795,15043.7925,-0.05718858035759867,-0.021411137403258396,-0.09866925338749277,507.39285714285717,0.01871274461619379,0.9444444444444444,-0.10376320588368271,2022-02-01
15082.3625,15743.155,15049.2625,-0.03978903847418136,-0.021687282308454736,-0.07036775106082038,518.9464285714286,0.01919541162954374,0.9444444444444444,-0.0887073681672268,2022-02-02
15037.85,15714.46,15053.82375,-0.05416730832621669,-0.022058123419696818,-0.05651125146792779,512.8928571428571,0.018322393789703722,0.9325396825396826,-0.10398926951305898,2022-02-03
14988.4,15683.435,15057.99875,-0.05609007210473978,-0.02245492699780194,-0.0626236722546738,520.4464285714286,0.01827922126068634,0.9285714285714286,-0.10757614576582819,2022-02-04
14942.0125,15648.23,15061.50375,-0.06411140429300947,-0.022670366574418788,-0.05957521953412215,543.0357142857143,0.018192516172106002,0.9246031746031746,-0.11714617274275463,2022-02-07
14891.3625,15619.41,15065.19375,-0.06502550352414078,-0.022395621769230267,-0.06486624937967245,533.2678571428571,0.01814000100768531,0.9206349206349206,-0.11963287266589306,2022-02-08
14837.375,15586.06,15069.9925,-0.05389816284551705,-0.021697260216793746,-0.06822741418258216,529.4642857142857,0.01798326936125009,0.9166666666666666,-0.11105752565822191,2022-02-09
14795.275,15562.38,15077.65375,-0.03271543298647117,-0.020550503637601247,-0.05297179975149813,503.3392857142857,0.01871138852622468,0.9365079365079365,-0.09253537895799735,2022-02-10
14755.1,15539.085,15083.71,-0.054239680135606386,-0.0192906289405822,-0.05183954579912575,502.57142857142856,0.01863761296579518,0.9325396825396826,-0.11405663647461306,2022-02-11
14686.75,15503.81,15086.94875,-0.08069371335175028,-0.018946138824872394,-0.08751740584836509,482.01785714285717,0.01946875054796295,0.9444444444444444,-0.14079242837550676,2022-02-14
14621.9625,15475.275,15089.6575,-0.07857857130164082,-0.018613977796020587,-0.0833011893281903,464.19642857142856,0.019501313184256144,0.9444444444444444,-0.13946681552782847,2022-02-15
14589.0625,15449.91,15096.015,-0.05619191309205036,-0.018626825436197536,-0.04317656129529679,440.69642857142856,0.019983586640338218,0.9603174603174603,-0.120004224438376,2022-02-16
14566.9875,15414.445,15102.395,-0.05325816141936993,-0.019091651892588102,-0.029364815430661828,420.9107142857143,0.019812547286588628,0.9563492063492064,-0.11929512228240369,2022-02-17
14538.5125,15369.925,15108.3525,-0.07898054154460736,-0.019989881043279145,-0.03867440833927538,411.94642857142856,0.020414959652290295,0.9642857142857143,-0.14569786213243618,2022-02-18
14517.575,15326.695,15112.86,-0.08696884749125625,-0.020547691336336382,-0.029054640069384186,399.94642857142856,0.020031881424017954,0.9563492063492064,-0.1554895067968196,2022-02-21
14479.15,15275.015,15114.53125,-0.1008683133862716,-0.02204916831045478,-0.05298995018186203,402.125,0.020301543809707827,0.9563492063492064,-0.1711501033478674,2022-02-22
14479.125,15231.55,15117.5675,-0.08604180139250434,-0.02274532498912496,-3.591567000682527e-05,407.85714285714283,0.0184795700003251,0.9007936507936508,-0.15987990525188212,2022-02-23
14445.775,15182.62,15119.0525,-0.1118298422801862,-0.02440243715935475,-0.04713198014379849,421.01785714285717,0.019353352032032714,0.9166666666666666,-0.18620720870234309,2022-02-24
14435.625,15135.07,15122.50875,-0.08087640162879985,-0.025999922131837216,-0.014382882244579842,456.39285714285717,0.020754061415646854,0.9801587301587301,-0.16048339644845433,2022-02-25
14423.7125,15101.225,15126.025,-0.060258356524056846,-0.025966842988916827,-0.016511313628330804,466.64285714285717,0.020634173196042008,0.9761904761904762,-0.14357055566451926,2022-02-28
14391.25,15071.34,15130.055,-0.056636636158430516,-0.026101959415906983,-0.04367054550346405,487.60714285714283,0.019351439813172583,0.9126984126984127,-0.14197130399360303,2022-03-01
14336.825,15038.425,15131.93625,-0.06717292535621246,-0.02663348847986824,-0.0720062182678155,494.7142857142857,0.018970970952637885,0.9087301587301587,-0.15340746216864565,2022-03-02
14303.5,15002.87,15134.57375,-0.0537310527918992,-0.02670060453036094,-0.04484214421475785,490.55357142857144,0.01901329400069901,0.9126984126984127,-0.1432386355064046,2022-03-03
14266.3,14960.475,15136.3525,-0.060206978722266526,-0.0266396875716699,-0.05025753609727268,479.875,0.019082702343673274,0.9166666666666666,-0.1515064648994433,2022-03-04
14224.1875,14910.48,15136.9,-0.07429204157076094,-0.027156213391080097,-0.05751109593717996,479.10714285714283,0.01933154720608076,0.9246031746031746,-0.16701618865134804,2022-03-07
14157.525,14844.485,15134.83,-0.10603163397046111,-0.02818524237128406,-0.09129504408114353,495.0357142857143,0.02097124654909889,0.9801587301587301,-0.19913700758890185,2022-03-08
14080.2125,14778.255,15132.55875,-0.10681267849282607,-0.029760267339830837,-0.10485894479858948,514.5714285714286,0.020692480477711914,0.9761904761904762,-0.20340670780464987,2022-03-09
14016.1625,14724.095,15133.18125,-0.06464539925883386,-0.030200650480615376,-0.08509790244631554,524.875,0.022630714832131006,1.0,-0.16885683680089314,2022-03-10
13959.975,14666.94,15132.6525,-0.07461951845442884,-0.03093015096725682,-0.07646508463043289,524.2142857142857,0.022298607755770323,0.996031746031746,-0.18091157345242226,2022-03-11
13912.675,14606.405,15131.53375,-0.08897843103761675,-0.03276687818372348,-0.06637315605760297,534.2321428571429,0.021740014972817863,0.9920634920634921,-0.19694935200132768,2022-03-14
13853.8125,14538.155,15128.1225,-0.10016092138239004,-0.03537741169663744,-0.08256044322106704,528.3035714285714,0.021926285118444796,0.9920634920634921,-0.21051281664428723,2022-03-15
13797.1875,14481.92,15126.25125,-0.07130753380767192,-0.03700553748148483,-0.07766557511958438,524.6071428571429,0.0222961454773548,0.9920634920634921,-0.1883496024501743,2022-03-16
13767.7125,14446.93,15127.2125,-0.030659108890262517,-0.0370555766996582,-0.04039469626888681,501.9107142857143,0.02440896119945823,1.0,-0.1548709283203331,2022-03-17
13762.625,14412.16,15128.42375,-0.024833890270438287,-0.036650908477170674,-0.007187764905340455,492.98214285714283,0.023495728285753407,0.996031746031746,-0.15183838505755798,2022-03-18
13766.4375,14382.105,15128.9075,-0.021700926255231734,-0.035436484942134694,0.005448861098704683,457.80357142857144,0.023349097051985925,0.9920634920634921,-0.1508878864229568,2022-03-21
13799.425,14357.65,15130.91125,0.00253175136599655,-0.032795681359104156,0.04803684220106663,455.60714285714283,0.023415901929553323,0.9920634920634921,-0.12823075176016352,2022-03-22
13836.025,14334.195,15133.58875,0.022240872263841836,-0.030048202578721206,0.05258242942317359,456.9107142857143,0.023544107713622746,0.996031746031746,-0.11164327503107097,2022-03-23
13884.9375,14305.55,15135.67125,0.011006217866492427,-0.02842585571473155,0.07254491184486178,442.98214285714283,0.022448607061648338,0.9761904761904762,-0.12316226620994875,2022-03-24
13927.5,14290.8,15139.7925,0.03298975564698972,-0.025645431153328624,0.06119258141039463,441.85714285714283,0.021878431719275882,0.9603174603174603,-0.10501985510321621,2022-03-25
13955.5625,14273.455,15142.6125,0.03356195118841234,-0.02279479447543742,0.03954901788073628,417.14285714285717,0.021519162758672692,0.9523809523809523,-0.10561096122950075,2022-03-28
13993.7625,14261.99,15146.9375,0.05046701056444439,-0.018995876712003756,0.053735647342230575,401.19642857142856,0.021729140471710907,0.9523809523809523,-0.07866982350408958,2022-03-29
14053.4625,14261.64,15152.3675,0.06735620868287243,-0.015210690295209495,0.08511396646053493,378.5,0.021579582975559335,0.9484126984126984,-0.042339692675484764,2022-03-30
14098.925,14263.06,15156.55375,0.05909952001884592,-0.01272727146874808,0.06404634863613157,368.98214285714283,0.021649152680848393,0.9484126984126984,-0.049653198282505806,2022-03-31
14141.8,14266.895,15159.7675,0.04558490126968759,-0.010079335783116483,0.060989704653354515,350.8392857142857,0.02174801108364039,0.9563492063492064,-0.061527814913260204,2022-04-01
14194.325,14275.71,15162.23875,0.04045613142883968,-0.007397734893466623,0.07610802195214728,336.57142857142856,0.0212391386466057,0.9325396825396826,-0.06555417498938365,2022-04-04
14288.7625,14288.84,15166.37875,0.06091537171666838,-0.0047925670287267685,0.1423269658264572,324.14285714285717,0.018951503448736955,0.8571428571428571,-0.04630314087541876,2022-04-05
14371.8375,14307.635,15168.17125,0.038693676488112796,-0.0018529118656470667,0.12587359609083504,308.375,0.0196979256995347,0.8928571428571429,-0.06505087997986825,2022-04-06
14408.075,14314.54,15167.745,0.012746480152348529,0.0006284274285155433,0.05262393581295721,319.42857142857144,0.01885763714413009,0.8492063492063492,-0.07188015173098161,2022-04-07
14456.175,14322.95,15167.63875,0.0147700019898135,0.0022496991071179195,0.0708786148461964,334.19642857142856,0.01842032881643922,0.8293650793650794,-0.06947934505994013,2022-04-08
14507.25,14320.925,15166.58375,0.0005114893067312851,0.0033257539957913806,0.07676555131794016,329.57142857142856,0.01809486313952108,0.8095238095238095,-0.07886531661845064,2022-04-11
14553.325,14303.655,15163.09875,-0.02098449661991992,0.002921401571589932,0.07044029964837173,329.26785714285717,0.018493707003850265,0.8333333333333334,-0.081120097114454,2022-04-12
14578.55,14280.395,15159.40625,-0.02287366700991117,0.0013150661494751859,0.03751138539323762,340.89285714285717,0.01763421590148364,0.7976190476190477,-0.08333196472269211,2022-04-13
14588.9,14267.35,15156.64625,-0.003949577181466801,0.0003007769721223852,0.014781491002570757,341.5,0.015669877368833244,0.7420634920634921,-0.06643236052488954,2022-04-14
14580.8875,14249.155,15152.07,-0.02492463588191725,-0.0012434380431061154,-0.011402244872547485,352.30357142857144,0.016488648047457807,0.7658730158730159,-0.08725714004171525,2022-04-18
14575.6375,14235.555,15148.33125,-0.019005581447298702,-0.002812819817718304,-0.007462686567164201,347.67857142857144,0.01653406493652416,0.7658730158730159,-0.08259291497643251,2022-04-19
14560.65,14225.365,15144.73,-0.00921698669946253,-0.004442278029567204,-0.02082464915937199,354.82142857142856,0.015796984175043705,0.7341269841269841,-0.07410205455829455,2022-04-20
14531.5125,14211.85,15140.70625,-0.009963516361346366,-0.006694677352336642,-0.039770012966627966,361.19642857142856,0.015158829591481428,0.7261904761904762,-0.07567869401698168,2022-04-21
14494.1375,14185.095,15134.9625,-0.03310481882567578,-0.009042903229862898,-0.051683606444029584,381.92857142857144,0.01587666893123276,0.746031746031746,-0.09898339601570072,2022-04-22
14421.425,14157.33,15127.01875,-0.05999224430030238,-0.011563260361866834,-0.09851140578163897,399.75,0.016030610830466096,0.746031746031746,-0.1257534201579924,2022-04-25
14360.2375,14142.85,15120.7825,-0.043421234051128334,-0.012434601815175972,-0.08295204202677509,399.3392857142857,0.016726402169239946,0.7738095238095238,-0.11125162180360981,2022-04-26
14251.8125,14113.93,15111.495,-0.09215576384465561,-0.013264092289698048,-0.14474277037061756,425.2142857142857,0.01944365436119635,0.8809523809523809,-0.1582551856657196,2022-04-27
14149.2625,14085.72,15104.39,-0.06492177893639796,-0.013632325996584926,-0.13473698040697002,423.30357142857144,0.020344276690481625,0.9087301587301587,-0.13473698040697002,2022-04-28
14059.4,14060.025,15097.29625,-0.05343340427915311,-0.014531430153462366,-0.11897590361445787,437.0892857142857,0.02072112769187694,0.9206349206349206,-0.12570415017490844,2022-04-29
13958.1625,14034.755,15087.57,-0.08138759814474847,-0.01504650626651205,-0.1357321222075114,456.35714285714283,0.02145727582622979,0.9325396825396826,-0.15304899078651313,2022-05-02
13868.075,14015.91,15077.94625,-0.06880823292957788,-0.015429324673326805,-0.1213034184437749,454.9107142857143,0.021893819954003926,0.9603174603174603,-0.142603754372711,2022-05-03
13765.9375,14003.555,15068.06375,-0.06334498632668635,-0.015592570032473607,-0.13475270874218714,441.48214285714283,0.021157218287588552,0.9206349206349206,-0.1383336891721001,2022-05-04
13697.6875,13995.06,15059.92125,-0.03564186219994766,-0.015254171694747742,-0.09184960888215998,464.9107142857143,0.022370919016987338,0.9722222222222222,-0.11338665440391538,2022-05-05
13617.7375,13983.325,15049.99125,-0.07761566008084635,-0.014224085210567727,-0.11029868248603159,495.17857142857144,0.023763942462486892,0.996031746031746,-0.15268767757723067,2022-05-06
13524.1875,13958.375,15038.3925,-0.0927668872630231,-0.014053144201625623,-0.1287281984244384,504.9642857142857,0.02383410722316984,0.996031746031746,-0.16809275895481945,2022-05-09
13417.9875,13918.635,15024.8475,-0.12317192023499432,-0.015853593865451487,-0.14823861951040773,513.4821428571429,0.024725618466035736,1.0,-0.19826241192990524,2022-05-10
13334.4,13880.915,15011.67,-0.11160395406210619,-0.01650957600044778,-0.11938086906844714,521.0357142857143,0.02479099833500128,1.0,-0.1898865148056299,2022-05-11
13237.2625,13840.57,14996.9225,-0.13218891996500143,-0.017404151154502556,-0.1392278061453014,521.0,0.0251766229855294,1.0,-0.21095764423787544,2022-05-12
13120.425,13794.12,14981.12125,-0.13918031741060688,-0.018912128534621986,-0.16443248188023363,518.1607142857143,0.024442266230950364,0.9880952380952381,-0.21994120448685317,2022-05-13
13043.9,13760.195,14967.53375,-0.10150255864833309,-0.019562863762139004,-0.11015546278969335,531.8392857142857,0.026561700418636758,1.0,-0.18780075218840842,2022-05-16
12957.5125,13728.885,14952.86375,-0.10864939141088298,-0.02047851334661821,-0.12372001432151813,498.10714285714283,0.02645079693605248,0.996031746031746,-0.1960945326742104,2022-05-17
12881.5125,13714.96,14940.27125,-0.08317268150982571,-0.020608695434837898,-0.10784539794597092,491.4642857142857,0.027306631901491612,1.0,-0.1739558869418122,2022-05-18
12772.675,13688.835,14924.10875,-0.1311532354652532,-0.02188093512996736,-0.15470585099767242,507.2857142857143,0.02947001127700886,1.0,-0.21867660825436452,2022-05-19
12681.875,13651.38,14908.3675,-0.12832988313269422,-0.023738631548648192,-0.1324049433123109,490.92857142857144,0.029247646215747394,0.996031746031746,-0.21828244838969268,2022-05-20
12608.525,13616.75,14892.53625,-0.13040923862155065,-0.024474553807302013,-0.11023444544634808,507.375,0.028740406985410853,0.9920634920634921,-0.2221255070702426,2022-05-23
12534.825,13591.71,14877.42375,-0.11308069404070564,-0.02348829464958313,-0.1089531553173797,512.7857142857143,0.028800887177335963,0.9920634920634921,-0.2080835618913104,2022-05-24
12484.7375,13566.3,14860.8625,-0.12934993329058028,-0.02266529259778638,-0.07818078941720485,498.875,0.02671228344511359,0.9801587301587301,-0.22406345973821218,2022-05-25
12420.425,13535.015,14844.615,-0.12190714232677241,-0.02207676417950999,-0.09765587928252828,464.48214285714283,0.025792557977892625,0.9682539682539683,-0.21923500139598284,2022-05-26
12367.9,13500.1,14831.065,-0.09198820749475932,-0.0213148790934109,-0.07893303277918662,470.55357142857144,0.026830983939474327,0.9801587301587301,-0.19471497314785924,2022-05-27
12359.425,13473.475,14820.4925,-0.05570018128211173,-0.020836914011756358,-0.013147178592204822,468.39285714285717,0.027513095296130517,0.9841269841269841,-0.1641840069634909,2022-05-30
12346.95,13448.115,14809.78125,-0.04804502341034411,-0.02045104172698664,-0.019116576638700478,451.5357142857143,0.027396352106756505,0.9801587301587301,-0.1589942354119792,2022-05-31
12323.825,13413.315,14797.57625,-0.056609048546164796,-0.021993866551561103,-0.035260930888575404,432.26785714285717,0.0274584556954064,0.9801587301587301,-0.16871684540721643,2022-06-01
12276.35,13371.19,14783.66625,-0.06165793770038422,-0.02320467738854315,-0.07035287579883298,426.9107142857143,0.026538533089904538,0.9563492063492064,-0.17576245298822446,2022-06-02
12276.25,13339.85,14771.335,-0.0332724880714551,-0.02282040350499359,-0.0001550628004342025,420.0357142857143,0.025490753520845198,0.9444444444444444,-0.152819064198788,2022-06-03
12270.575,13295.605,14757.25625,-0.05607905770365467,-0.023584555786072325,-0.008962767007541395,429.51785714285717,0.025899325632552123,0.9484126984126984,-0.1755489497281939,2022-06-06
12290.6875,13252.685,14743.8525,-0.04875879868871851,-0.02494351336218914,0.0329598295675686,424.85714285714283,0.02444310613020024,0.9246031746031746,-0.17183727766920132,2022-06-07
12308.1375,13206.665,14730.11625,-0.039821938392470835,-0.026509438830041976,0.02830093052486471,396.1607142857143,0.024378542349568124,0.9126984126984127,-0.16695954934388801,2022-06-08
12338.6125,13154.63,14715.1825,-0.040603954653228504,-0.02810377380446205,0.05074515027891091,384.14285714285717,0.023548959627004606,0.9007936507936508,-0.17091757131830054,2022-06-09
12359.7625,13098.455,14698.67,-0.06116790109978619,-0.02975126110176962,0.03562330252436996,374.51785714285717,0.024213831774081374,0.9087301587301587,-0.19215293402749267,2022-06-10
12334.675,13037.345,14679.92375,-0.09017135007165948,-0.03236952605025811,-0.04058316819670804,390.5892857142857,0.02382519542540532,0.9007936507936508,-0.220762370871586,2022-06-13
12289.375,12966.905,14658.5775,-0.12614074060078334,-0.03578271006754474,-0.07403624180269264,399.7857142857143,0.02571429273832639,0.9404761904761905,-0.25561267223964923,2022-06-14
12227.1375,12890.31,14636.9575,-0.12108397703391148,-0.03899147973487549,-0.09899198759369343,395.375,0.024685178532015076,0.9206349206349206,-0.25572763553351185,2022-06-15
12212.15,12824.96,14616.41625,-0.09600107914566589,-0.040851263051381426,-0.025202841888426475,391.0,0.022386785690373927,0.8571428571428571,-0.2383681781602588,2022-06-16
12175.8125,12758.475,14593.92625,-0.12428797328834365,-0.04358182438333269,-0.061073994705659884,405.2142857142857,0.02375764985302286,0.8849206349206349,-0.2660250619980621,2022-06-17
12140.4875,12690.475,14571.5525,-0.12260967379077618,-0.045513536239983,-0.05966556878642004,402.01785714285717,0.02375411185365214,0.8809523809523809,-0.2685378311353447,2022-06-20
12109.25,12632.51,14550.89,-0.09519169191237531,-0.0467961775293082,-0.051826043675729516,398.98214285714283,0.02420801211728286,0.8968253968253969,-0.24912545780025952,2022-06-21
12097.7625,12584.075,14531.58125,-0.07965027226872064,-0.047142105898801856,-0.01945138212758757,392.6607142857143,0.0240779865519408,0.8928571428571429,-0.23915649788960236,2022-06-22
12080.7125,12535.88,14512.0375,-0.07912328452410196,-0.047036670738743735,-0.028691628102650357,390.125,0.02402228580611729,0.8888888888888888,-0.23848475353332121,2022-06-23
12052.2,12485.42,14493.5025,-0.06386809574687917,-0.04680208467334501,-0.04651969082046781,380.4642857142857,0.023045438628794875,0.8452380952380952,-0.22898560284974523,2022-06-24
12022.6875,12450.195,14476.58625,-0.025497191007851663,-0.0450360100158429,-0.046392360292383916,393.4107142857143,0.02305752968231721,0.8452380952380952,-0.19964708016557542,2022-06-27
11986.3375,12412.395,14459.42625,-0.027182103051022824,-0.04276348133961039,-0.05678800187470712,389.125,0.02297334292220218,0.8373015873015873,-0.2034566353876346,2022-06-28
11937.675,12364.125,14440.21,-0.05527079352562353,-0.04082019749718968,-0.07691243875454401,411.14285714285717,0.023891273936206513,0.8849206349206349,-0.2140129531499706,2022-06-29
11894.95,12316.565,14423.71625,-0.050689051695825944,-0.03964105930934669,-0.06810528622950163,390.75,0.023891280941451362,0.8849206349206349,-0.19555196257181184,2022-06-30
11825.6625,12272.46,14406.30875,-0.062107352560122356,-0.038093502554184644,-0.10745580024813894,378.57142857142856,0.022872649210345368,0.8253968253968254,-0.20807389315077918,2022-07-01
11778.825,12238.565,14388.47875,-0.05109381696301817,-0.035610172196076206,-0.07464143426294823,352.9107142857143,0.022507286531630713,0.8174603174603174,-0.18948580601259746,2022-07-04
11726.025,12199.0,14369.75125,-0.05316009508976145,-0.03431701221689121,-0.08376631103002419,342.0,0.02242223207727931,0.8095238095238095,-0.1872141298993737,2022-07-05
11682.5875,12178.975,14352.225,-0.030131846070790058,-0.032191480104815096,-0.0685093547305956,341.60714285714283,0.02311289812174857,0.8373015873015873,-0.16881289142213773,2022-07-06
11646.7125,12153.61,14335.87875,-0.02062021078510834,-0.030494069821982883,-0.05685194722871523,309.10714285714283,0.023245442915268255,0.8373015873015873,-0.1624094011681092,2022-07-07
11637.8,12129.815,14322.6375,-0.000891604694713028,-0.0284816209626908,-0.014495110695480706,321.01785714285717,0.023030287562383248,0.8214285714285714,-0.14014580413998612,2022-07-08
11652.775,12115.19,14309.62,0.0038018388485859065,-0.026907610684009264,0.02524922545155639,317.82142857142856,0.021483265823892025,0.7420634920634921,-0.13714812778260643,2022-07-11
11681.2875,12092.19,14295.66875,-0.015769682745639994,-0.025797197075987377,0.0503254274682845,319.8392857142857,0.019265857434483013,0.6547619047619048,-0.15557762917501816,2022-07-12
11703.8125,12065.46,14280.67125,-0.02365927200454845,-0.024155773255285062,0.0397634494020036,311.80357142857144,0.01946938054220864,0.6746031746031746,-0.16277251647980673,2022-07-13
11710.775,12030.195,14266.89375,-0.024704088337720188,-0.023250800852348097,0.012010781671158988,327.0357142857143,0.01885591963570705,0.623015873015873,-0.1445444934563086,2022-07-14
11742.525,12008.39,14252.62625,-0.01670831810092772,-0.0215172834134314,0.05683470944932978,316.9642857142857,0.016673177599513797,0.5436507936507936,-0.12721057008223224,2022-07-15
11786.775,11995.51,14238.89,0.0019999149681839104,-0.01985976297057701,0.07948268893978172,317.8392857142857,0.016930780535163264,0.5476190476190477,-0.11155871754596691,2022-07-18
11811.1375,11989.77,14224.02125,-0.0060484896707777075,-0.017151405852938728,0.04262904636920384,304.7142857142857,0.016284683809881833,0.5158730158730159,-0.11699546170232467,2022-07-19
11848.0375,11989.53,14211.5975,0.02754236404596338,-0.015555085711235983,0.06372094027241126,322.875,0.017568460178232926,0.5674603174603174,-0.08717236269334072,2022-07-20
11892.2375,11997.87,14200.31375,0.035850530135765696,-0.012814299619619218,0.07657657657657668,318.25,0.017545152791380258,0.5634920634920635,-0.07915161618968236,2022-07-21
11936.5125,12011.855,14190.19,0.04675755742972259,-0.009724797946217723,0.0757614647501712,320.67857142857144,0.017526175624236192,0.5595238095238095,-0.06837084375289437,2022-07-22
11951.225,12013.125,14178.485,0.03445190156599553,-0.008424548026073064,0.024252539613855095,335.30357142857144,0.015922130279865946,0.4880952380952381,-0.07922571084560526,2022-07-25
11963.75,12014.89,14164.78125,0.025852088533478094,-0.006392555856300719,0.02074534161490682,321.30357142857144,0.016008053000619756,0.4880952380952381,-0.08674631842178382,2022-07-26
11989.575,12007.35,14150.0425,0.01581531312071353,-0.004816227479101376,0.044218051066926334,322.60714285714283,0.014149332165395457,0.38095238095238093,-0.0962489580439011,2022-07-27
12034.0625,12021.12,14136.5075,0.046657882127455606,-0.0007543518621268008,0.07609741495435007,334.625,0.015546333700076707,0.45634920634920634,-0.024499922468599777,2022-07-28
12104.7625,12041.615,14124.075,0.07329872280420859,0.002766815534805289,0.12284702764926902,351.80357142857144,0.01566747917874776,0.45634920634920634,0.0,2022-07-29
12172.825,12064.285,14112.16125,0.07544707373872551,0.005733395245387518,0.11721524982240106,348.94642857142856,0.015655195105896497,0.4523809523809524,0.0,2022-08-01
12244.3,12082.79,14100.16125,0.07425520099248593,0.0077582806008789085,0.1237608761525475,344.92857142857144,0.015493609396173866,0.4444444444444444,0.0,2022-08-02
12299.775,12104.99,14088.14875,0.06745234816385641,0.009630068901783417,0.093929901794785,327.8392857142857,0.015144797876059745,0.4365079365079365,-0.0045069337442218416,2022-08-03
12367.025,12132.25,14076.67,0.09196562879927465,0.011200321390379964,0.11299672351508017,336.375,0.01581418248706326,0.4642857142857143,0.0,2022-08-04
12427.45,12153.635,14065.67625,0.09658550713428532,0.011803339284398584,0.09971944879940597,328.57142857142856,0.015534897584437758,0.44047619047619047,0.0,2022-08-05
12480.125,12163.47,14053.79125,0.08642928374879871,0.01251506165131877,0.08662760818172477,326.4642857142857,0.015814824715080715,0.4642857142857143,-0.008459951228662499,2022-08-08
12545.675,12171.68,14041.51125,0.08551161384459662,0.013049640903911808,0.11015418224593532,316.44642857142856,0.014662987297560182,0.4007936507936508,-0.008628775089101537,2022-08-09
12609.475,12179.72,14027.44625,0.07194582469876161,0.014355374000091459,0.10831918505942273,315.64285714285717,0.01475929304274957,0.4007936507936508,-0.0203714124929657,2022-08-10
12691.8875,12196.41,14014.91,0.09714661937406173,0.014581835968695112,0.14047984317736306,325.94642857142856,0.015206147720844396,0.42857142857142855,0.0,2022-08-11
12768.825,12205.42,14001.84875,0.09348961363066571,0.01360324175785399,0.13031695284876466,321.55357142857144,0.015344115589656003,0.42857142857142855,-0.0025969173283512115,2022-08-12
12846.875,12226.03,13989.09375,0.11078575792796184,0.013406927969622728,0.12987229086068464,324.30357142857144,0.015328637563047589,0.4246031746031746,0.0,2022-08-15
12934.9625,12247.48,13975.79875,0.11688281997602776,0.013630130127230355,0.14783192431139724,320.44642857142856,0.014936032152875582,0.3968253968253968,0.0,2022-08-16
13002.1125,12267.12,13962.39625,0.11376998023986062,0.013393650056712225,0.10901195235292915,300.30357142857144,0.013672590467129722,0.30952380952380953,-0.0011879523356970179,2022-08-17
13056.2375,12284.92,13948.335,0.09976296141936618,0.012583815862680092,0.08710170582555521,283.75,0.014118769596948699,0.32142857142857145,-0.012318151911689501,2022-08-18
13104.525,12309.76,13935.04625,0.09987928278049286,0.012845951026174474,0.07680836680319714,276.32142857142856,0.014013948214415095,0.31746031746031744,-0.010216390086994709,2022-08-19
13145.6625,12337.52,13921.36375,0.07393949513354382,0.014309239057604506,0.06620664681741362,280.25,0.014742644282711556,0.38095238095238093,-0.031380217852182146,2022-08-22
13176.05,12369.56,13905.84625,0.04557073978379187,0.01625741064503816,0.0493083444890674,286.92857142857144,0.01578889770372408,0.4523809523809524,-0.05451787411360476,2022-08-23
13210.625,12400.745,13889.28125,0.039352877589209294,0.01814696889583689,0.05669310705281938,269.23214285714283,0.015564391290285,0.4365079365079365,-0.05777103589443677,2022-08-24
13229.275,12427.97,13873.075,0.04240676474114442,0.01898591470768851,0.029645525353679814,270.2857142857143,0.014093470709665287,0.3055555555555556,-0.05292784560274877,2022-08-25
13240.3,12467.41,13857.3325,0.05432884616772851,0.021465054049758292,0.01706095131245533,265.7857142857143,0.013165745233423034,0.2619047619047619,-0.039056217559763184,2022-08-26
13219.4875,12495.885,13838.5125,0.004990842985510812,0.02207216897063069,-0.03208216116227991,291.9107142857143,0.016737789086005046,0.5317460317460317,-0.08193215878353677,2022-08-29
13195.7375,12517.385,13818.51,-0.0009894239092270644,0.022037594672536853,-0.03659476117103233,287.5,0.016740220652986654,0.5317460317460317,-0.0858249872066672,2022-08-30
13167.6125,12532.93,13797.36375,-0.013877840217730433,0.021668492686139906,-0.04353209766667954,286.44642857142856,0.01687793375540155,0.5317460317460317,-0.09649828203816069,2022-08-31
13120.5,12548.165,13776.89875,-0.01931876095030635,0.021428303969419416,-0.071123943236715,282.57142857142856,0.015619226255643284,0.4246031746031746,-0.10039111046129101,2022-09-01
13068.7125,12560.24,13756.8675,-0.021376183894575247,0.020348081522304273,-0.07771525042205962,283.76785714285717,0.015467568133964058,0.40476190476190477,-0.1014145770889685,2022-09-02
13014.4625,12560.18,13735.74125,-0.0342694133364331,0.018047387157224426,-0.08210522332999115,298.875,0.015576241604298663,0.42063492063492064,-0.11325754806637911,2022-09-05
12960.55,12561.365,13714.38625,-0.03400227602653054,0.015506210406837528,-0.08160832544938501,291.42857142857144,0.015584231698358455,0.42063492063492064,-0.11292857665033995,2022-09-06
12908.725,12568.14,13694.26,-0.043653237471893175,0.013498785758436105,-0.07938878676470584,294.8392857142857,0.015531050914025697,0.4007936507936508,-0.12131734775933911,2022-09-07
12852.85,12579.57,13673.51125,-0.025105786604788537,0.012198291434562636,-0.08351237739374129,310.5357142857143,0.015120808345402975,0.36904761904761907,-0.10346151034432338,2022-09-08
12802.8375,12596.29,13654.05625,-0.01985028925183533,0.010337351542942796,-0.07494474206720858,306.98214285714283,0.01531965441869156,0.38095238095238093,-0.09743036771693836,2022-09-09
12753.375,12615.85,13637.7075,-0.0019499280666780568,0.009600360438656308,-0.07284341519089876,300.60714285714283,0.015492926820415585,0.39285714285714285,-0.07951970173258283,2022-09-12
12708.0,12640.27,13621.4825,0.010381898487927834,0.009817146312907976,-0.06634256890123547,300.98214285714283,0.015829352391647716,0.4523809523809524,-0.06634256890123547,2022-09-13
12627.275,12644.995,13603.29375,-0.04719218947892038,0.008941644132696824,-0.1181680115642898,350.98214285714283,0.020003688983694583,0.6904761904761905,-0.11921558593464432,2022-09-14
12560.2,12650.315,13584.88875,-0.03804766916871244,0.00814063251479391,-0.09929314237074871,346.44642857142856,0.020288155389239528,0.6944444444444444,-0.11038818627092628,2022-09-15
12478.25,12645.94,13562.55625,-0.05896675138423877,0.006823118029591901,-0.12105544989567374,321.9107142857143,0.020556864755937817,0.7063492063492064,-0.13003509028437754,2022-09-16
12404.6375,12638.265,13539.53375,-0.06810784549936241,0.006216869503462563,-0.11111530406234083,318.4642857142857,0.020272129182854405,0.6865079365079365,-0.1390086994663352,2022-09-19
12360.2625,12641.15,13518.98625,-0.04710014516084372,0.006351618633802847,-0.06862157616994957,309.7142857142857,0.020738845824445695,0.7182539682539683,-0.11939834783244385,2022-09-20
12313.2625,12644.525,13497.13875,-0.05502579179526314,0.006077669408520281,-0.07293182038599555,311.6607142857143,0.020763499169170134,0.7222222222222222,-0.12648950946706627,2022-09-21
12248.85,12643.2,13475.00125,-0.07723123892685402,0.005058201512452509,-0.09944037051331533,326.26785714285717,0.02111834926644274,0.7261904761904762,-0.14710505153885522,2022-09-22
12169.9,12638.36,13453.17375,-0.08486939761171548,0.0033398722957314053,-0.12012400387987598,316.57142857142856,0.020605976309245835,0.6944444444444444,-0.1544886322099569,2022-09-23
12111.3875,12625.73,13428.67125,-0.09803235139671129,0.0007831418414137037,-0.09318575438456789,334.98214285714283,0.018587519024880126,0.5753968253968254,-0.16748300314350462,2022-09-26
12051.9125,12613.695,13405.83125,-0.10291948552743663,-0.002102407622622038,-0.09512195121951217,332.5892857142857,0.01858978039022216,0.5753968253968254,-0.1727830981796915,2022-09-27
12001.675,12594.385,13384.0425,-0.09846729316278645,-0.004002374061832459,-0.0812970305040861,329.05357142857144,0.018609345810623637,0.5753968253968254,-0.16995028876379847,2022-09-28
11963.35,12576.61,13363.36875,-0.08248327649501738,-0.005826337130735437,-0.06228795481786964,343.92857142857144,0.019160130686831648,0.6111111111111112,-0.15642590832663206,2022-09-29
11910.4,12549.795,13339.66,-0.10494553895103466,-0.007602835376413375,-0.0861553480993349,357.48214285714283,0.019867294590385273,0.6547619047619048,-0.17883251699685654,2022-09-30
11856.7375,12522.385,13314.045,-0.11706116686238285,-0.009168980077565947,-0.08848080133555924,366.89285714285717,0.019934495654723102,0.6547619047619048,-0.19171723079172454,2022-10-03
11815.5,12502.065,13289.08,-0.0953894416642371,-0.011002559102613274,-0.06796876609596803,336.9642857142857,0.02082942663786315,0.7182539682539683,-0.1732217267344104,2022-10-04
11796.7625,12491.015,13264.4525,-0.06774989862713314,-0.012140432321498862,-0.0311785016015641,352.7142857142857,0.022009662764884225,0.7777777777777778,-0.14871335623949122,2022-10-05
11765.0,12471.945,13240.03875,-0.06762738289817664,-0.013545225892179324,-0.05179900112119051,354.26785714285717,0.02141080860539877,0.7301587301587301,-0.14990130857518824,2022-10-06
11722.975,12443.575,13215.16625,-0.07536620304052498,-0.015412205381077904,-0.06807735142249671,358.85714285714283,0.021362285037451408,0.7261904761904762,-0.15887491775714602,2022-10-07
11648.225,12406.01,13188.49625,-0.10557463680909496,-0.01740255810951119,-0.11873324729474832,376.3392857142857,0.021821726587619394,0.7619047619047619,-0.1888113166167118,2022-10-10
11559.325,12366.28,13161.79625,-0.11100993993343193,-0.01961479170060787,-0.13921622362291042,376.0357142857143,0.02128401932045948,0.7182539682539683,-0.1963228306162731,2022-10-11
11500.9625,12325.47,13133.72875,-0.11719390822418937,-0.021351975503369203,-0.09688128981387334,360.35714285714283,0.017650052781381455,0.49206349206349204,-0.20454711601725273,2022-10-12
11435.1625,12277.57,13106.68875,-0.1160302893813678,-0.023777472625771234,-0.1081436436847728,352.1607142857143,0.017305925202575265,0.4642857142857143,-0.2065940492726076,2022-10-13
11393.4375,12232.335,13083.25,-0.09536895449642274,-0.02529603073197617,-0.0701245772147644,372.625,0.017709928757481088,0.49206349206349204,-0.1910410117698662,2022-10-14
11342.0,12183.015,13058.03,-0.1177266054420847,-0.027101067408484947,-0.08734875822542987,390.17857142857144,0.0185572547085677,0.5277777777777778,-0.21421522041084873,2022-10-17
11296.4625,12141.465,13035.84125,-0.08289485659267642,-0.028843235097561926,-0.0756075794367308,398.0,0.019722944168875555,0.6190476190476191,-0.18597850720081877,2022-10-18
11265.2375,12106.83,13014.37875,-0.06463954643783715,-0.030756908065517452,-0.05226488126373052,389.39285714285717,0.020228327422231594,0.6428571428571429,-0.1721434315373931,2022-10-19
11239.4375,12062.22,12991.00375,-0.07556403381798701,-0.032851732428262004,-0.04422825551246068,379.2142857142857,0.019847089562621052,0.6190476190476191,-0.18482710724468165,2022-10-20
11214.175,12016.5,12966.83,-0.07955727541297383,-0.0343209246538877,-0.043685018265136266,378.39285714285717,0.019837800760894593,0.6150793650793651,-0.19142481175524528,2022-10-21
11213.7375,11972.475,12946.2275,-0.0495490698456251,-0.034945562674864816,-0.000768352651914328,377.10714285714283,0.020703782763197842,0.6785714285714286,-0.16812266978580304,2022-10-24
11220.95,11928.09,12925.4275,-0.03926362057965694,-0.03543426155642604,0.01274800053024605,372.07142857142856,0.02070493948753683,0.6785714285714286,-0.16223773667665764,2022-10-25
11232.425,11886.51,12905.57125,-0.025470890951170715,-0.03561405771950277,0.020212695686637083,369.1607142857143,0.020821721860008104,0.6944444444444444,-0.15317274654580015,2022-10-26
11229.1125,11845.76,12886.7375,-0.03146779944891676,-0.03517064044432239,-0.005741274346253045,373.8392857142857,0.020630557761879824,0.6587301587301587,-0.16126909861832006,2022-10-27
11222.325,11796.915,12867.0475,-0.05933034187327796,-0.03559582042185716,-0.012085197302530548,379.51785714285717,0.02110955754119848,0.7023809523809523,-0.18875648804737188,2022-10-28
11250.8375,11764.455,12851.55375,-0.011705174612848613,-0.03435602763355372,0.051575996020440495,401.32142857142856,0.02325168262378757,0.8373015873015873,-0.15002924190364797,2022-10-31
11258.0375,11734.86,12836.75875,-0.023976425794598365,-0.033488957057488444,0.01273265838454396,400.4107142857143,0.023060727501951192,0.8253968253968254,-0.16269464142115653,2022-11-01
11241.8125,11703.49,12820.84625,-0.032745787794922696,-0.03331507917431731,-0.027866635178943278,411.7857142857143,0.022190315588531385,0.7698412698412699,-0.17243585057387234,2022-11-02
11207.5125,11663.24,12805.95125,-0.06179586461394945,-0.033076829969939214,-0.05899299135744074,404.19642857142856,0.023351733771763163,0.8412698412698413,-0.2000511733313839,2022-11-03
11168.6375,11614.91,12788.83375,-0.07633808613239361,-0.03341988099696247,-0.06757490819807488,387.10714285714283,0.02359666558082508,0.8571428571428571,-0.215713867972805,2022-11-04
11157.5625,11581.24,12772.6375,-0.06100296686710575,-0.03267787153449897,-0.01996169877210774,379.55357142857144,0.022564911862188557,0.7896825396825397,-0.20500402076175162,2022-11-07
11158.6125,11551.43,12755.5625,-0.04648169101141593,-0.03157756187285643,0.0019102196752627254,373.30357142857144,0.022677344649894182,0.7936507936507936,-0.19382993906790358,2022-11-08
11169.0125,11526.03,12736.6725,-0.037916784877360256,-0.030326815861005385,0.019115890083632125,371.23214285714283,0.022586524537684623,0.7857142857142857,-0.18097383533061284,2022-11-09
11168.5125,11496.775,12715.30375,-0.056865947189537906,-0.02946075220163169,-0.0009214042200312855,372.7857142857143,0.023178253756074123,0.8214285714285714,-0.19914323171519843,2022-11-10
11199.025,11484.46,12699.3675,0.01667818948387655,-0.026486161848246037,0.055147640241285156,402.69642857142856,0.02825151733454003,0.9841269841269841,-0.1187758259589804,2022-11-11
11253.35,11478.57,12684.525,0.03107355707200464,-0.024300743213349074,0.10108152110710544,401.57142857142856,0.02732264274132761,0.9682539682539683,-0.09962152190037843,2022-11-14
11285.025,11471.255,12670.1425,0.025912160439289407,-0.022463412430996366,0.056892680736416734,394.01785714285717,0.026437778047460888,0.9404761904761905,-0.10469959489530045,2022-11-15
11313.4875,11468.735,12656.59125,0.03703677868570504,-0.02005854663865214,0.050268229684085064,398.80357142857144,0.026298472248690516,0.9365079365079365,-0.0951900949048099,2022-11-16
11344.6,11458.92,12641.72625,0.027409214830018878,-0.017518288228656864,0.05580342129453175,373.30357142857144,0.026136016866405893,0.9325396825396826,-0.1043572528956428,2022-11-17
11378.9,11446.925,12625.1925,0.026170783856800037,-0.014462875734723823,0.06202251254464075,354.39285714285717,0.026040612469988903,0.9285714285714286,-0.0802568218298555,2022-11-18
11395.4125,11429.29,12610.25875,0.024516833504093352,-0.013120356714824921,0.029022123602170602,352.80357142857144,0.02536785692559073,0.9087301587301587,-0.08315389734956735,2022-11-21
11401.9125,11405.655,12596.94375,0.016140677584934784,-0.012619649688393575,0.01134405200811539,343.64285714285717,0.02546160042116068,0.9087301587301587,-0.09253024311944569,2022-11-22
11409.7,11399.48,12584.345,0.029827676350149344,-0.01097949597563086,0.013445559512247796,320.94642857142856,0.025509545461578954,0.9126984126984127,-0.08080491719844962,2022-11-23
11429.9375,11393.655,12570.825,0.04248812167824981,-0.00896947187363406,0.0352784799093524,312.7142857142857,0.025502938307430122,0.9087301587301587,-0.06998003366871552,2022-11-24
11470.5875,11393.85,12557.4075,0.045300754354322695,-0.007889791944941105,0.07326304406596384,292.89285714285717,0.02413205940153308,0.8531746031746031,-0.06745488000626398,2022-11-25
11478.45,11393.98,12545.5475,0.03423035673223934,-0.00736938486240013,0.013524845722149292,285.375,0.02205747743685988,0.6984126984126984,-0.07732059664095836,2022-11-28
11486.9625,11385.54,12533.6975,0.020922152133319903,-0.0074721554006077495,0.014864451914262,278.9642857142857,0.022009969630619814,0.6944444444444444,-0.0898680656148455,2022-11-29
11496.875,11376.935,12522.61875,0.012443158021031193,-0.008004370141955541,0.017512864115191817,271.57142857142856,0.021940045928290318,0.6865079365079365,-0.0981090709783502,2022-11-30
11553.4875,11385.095,12513.3875,0.060575252116912566,-0.006442579230852563,0.10347269819511085,251.0,0.022651466788272862,0.7420634920634921,-0.05455506400970911,2022-12-01
11618.9125,11394.515,12506.1475,0.0563635222736554,-0.004578522179537248,0.12196770209493635,243.41071428571428,0.02199299432777449,0.6825396825396826,-0.05753043886779152,2022-12-02
11674.1625,11406.35,12496.49125,0.05027024420607816,-0.0020071238020910043,0.10161153129957001,252.78571428571428,0.022031881162591496,0.6904761904761905,-0.0619935011549152,2022-12-05
11714.0875,11416.3,12484.6,0.03474856126766122,0.0009333089594589783,0.07249534704253491,246.55357142857142,0.02233648100520591,0.7063492063492064,-0.02925466348919381,2022-12-06
11737.975,11420.55,12471.345,0.012801485042314138,0.0018483299238210016,0.04308323563892147,252.82142857142858,0.022980242377347797,0.753968253968254,-0.049490508669570166,2022-12-07
11770.75,11419.735,12458.69625,0.006897270383244393,0.0022889933037291144,0.06045374896246436,243.71428571428572,0.022339694536629696,0.7023809523809523,-0.0477235553531129,2022-12-08
11768.7875,11427.815,12445.89625,0.01828302260755879,0.0029809941327996192,-0.003361596437135961,244.69642857142858,0.015075925396317514,0.11904761904761904,-0.036274042940847684,2022-12-09
11754.675,11437.745,12433.3625,0.010076724039572415,0.003841063438763337,-0.023848249931349152,246.80357142857142,0.014794161788179968,0.10317460317460317,-0.04321000434791611,2022-12-12
11751.15,11445.515,12422.83875,0.0220597325677351,0.00526764650600664,-0.005990568041806532,243.98214285714286,0.015060199431326804,0.11904761904761904,-0.03120147415060348,2022-12-13
11748.05,11449.25,12415.64375,0.03338646636242549,0.006356281371037165,-0.005212931433135726,271.14285714285717,0.015090879593380164,0.13095238095238096,-0.020145344624112327,2022-12-14
11747.825,11452.05,12408.4875,0.02763260726245526,0.005880934678191174,-0.00038223052747810016,290.875,0.01496156999715118,0.11507936507936507,-0.02536284395122057,2022-12-15
11727.5,11448.735,12396.32625,-0.009497555843505905,0.004758429823472188,-0.0346060528668114,313.98214285714283,0.017109114398379723,0.3055555555555556,-0.06085012112052013,2022-12-16
11706.175,11452.47,12384.87875,-0.014797681198902887,0.004043361811622459,-0.036423416883726856,311.30357142857144,0.01712237702230639,0.3055555555555556,-0.06557071574980844,2022-12-19
11685.95,11456.305,12374.27125,-0.02365989732291522,0.0035042001348948304,-0.03490152936862312,314.17857142857144,0.017085106598072723,0.2976190476190476,-0.07366612145178986,2022-12-20
11658.6,11462.535,12364.82375,-0.023558052385445265,0.0036762677804484944,-0.04659482942203674,287.35714285714283,0.01675046393594201,0.2857142857142857,-0.07306569494192428,2022-12-21
11632.4875,11472.585,12354.355,-0.010205633691099184,0.004627953275623264,-0.04396876512807557,287.9107142857143,0.0168830369461301,0.2896825396825397,-0.05956645065115218,2022-12-22
11589.175,11472.145,12339.55375,-0.037342188405045475,0.0038791317500326272,-0.07273299748110829,301.19642857142856,0.017769361492910127,0.3373015873015873,-0.08538479057537418,2022-12-23
11553.2875,11478.495,12324.61375,-0.03591455151568222,0.0035627652128982223,-0.060908859470468424,298.17857142857144,0.017737758906668132,0.3333333333333333,-0.08352139795854985,2022-12-27
11517.6875,11474.03,12308.8225,-0.04900457816477738,0.002491368889910195,-0.061253898268631035,294.19642857142856,0.017749449292253337,0.3333333333333333,-0.09631669392741049,2022-12-28
11480.975,11463.23,12290.77375,-0.05923112421193674,0.0012210406795205575,-0.06374527933324647,298.875,0.017806077930188714,0.3373015873015873,-0.10687591875608193,2022-12-29
11428.7125,11460.805,12272.65625,-0.03763304584625603,0.0007644919468567934,-0.08656493923269637,301.92857142857144,0.014712137517911915,0.07539682539682539,-0.08656493923269637,2022-12-30
11378.9125,11460.41,12255.545,-0.03661823617130625,0.0010197633188295807,-0.08274658857249673,299.4107142857143,0.014762143605532468,0.08333333333333333,-0.08563324292428409,2023-01-03
11327.05,11451.675,12236.44625,-0.04446292791229225,-6.94173396655895e-05,-0.08658360984160773,309.64285714285717,0.014798257805149751,0.0873015873015873,-0.0937700573510839,2023-01-04
11285.5875,11442.155,12217.6025,-0.0400628203341067,-0.0012351277309743391,-0.07019808685346651,284.7857142857143,0.014732119702853194,0.06746031746031746,-0.09035383755357251,2023-01-05
11249.0875,11427.215,12196.8775,-0.05167182029917177,-0.003081342826870337,-0.06311193723388164,277.9642857142857,0.014352359420545939,0.05555555555555555,-0.10252800265015838,2023-01-06
11229.55,11419.91,12176.305,-0.02733471629811442,-0.004591380233835651,-0.03398269339479065,273.25,0.015629943732677516,0.17857142857142858,-0.08008447379862937,2023-01-09
11206.95,11421.665,12156.69875,-0.020742597510958416,-0.004400223323537067,-0.03884246030893501,280.51785714285717,0.015437106977161644,0.1349206349206349,-0.07370753017660825,2023-01-10
11193.3375,11414.745,12138.51625,-0.01173876420366822,-0.005553863986524354,-0.02356530771228249,274.48214285714283,0.01555751872551479,0.15873015873015872,-0.06575705501149087,2023-01-11
11182.2,11415.18,12121.62625,0.005262291089584195,-0.005128973865328956,-0.01904171653274067,277.01785714285717,0.0158035785535098,0.1984126984126984,-0.04964906105716471,2023-01-12
11166.725,11419.215,12103.44,0.0090010565524863,-0.003839668226145676,-0.026158982377551432,282.92857142857144,0.015587478637885748,0.16666666666666666,-0.045777345286651894,2023-01-13
11158.3625,11432.39,12087.14,0.014770314868544599,-0.002479319733648788,-0.014211666737477202,262.64285714285717,0.015660524648071775,0.17857142857142858,-0.039214062402948335,2023-01-16
11169.575,11449.11,12072.47625,0.010056676894535856,-0.0009860031185620066,0.01977513227513228,255.53571428571428,0.013149710720987523,0.003968253968253968,-0.04227830803950394,2023-01-17
11186.5875,11464.08,12057.92,0.013884236676645668,0.0010832476471782648,0.030155986882921315,246.01785714285714,0.01310067444142467,0.003968253968253968,-0.037392078510942284,2023-01-18
11201.425,11473.43,12043.68875,0.0007469431547496877,0.0027333137857334933,0.026530475402874343,249.83928571428572,0.013267614902273066,0.015873015873015872,-0.04909004327211741,2023-01-19
11211.4625,11479.515,12030.6375,-0.007514690298327013,0.004576793208143748,0.017936117936117935,241.57142857142858,0.01342196383336184,0.01984126984126984,-0.056440091927369096,2023-01-20
11227.5,11496.18,12019.25,0.015663463863648596,0.006678686609614237,0.0282462242965964,250.46428571428572,0.014128737133561237,0.03968253968253968,-0.03300275368020045,2023-01-23
11272.0625,11501.36,12007.87,0.03770336725395948,0.006977529108059155,0.08070175438596494,250.125,0.013050335101230054,0.003968253968253968,-0.011573738586720173,2023-01-24
11317.3875,11504.11,11998.26375,0.040736745389256486,0.007828909011984075,0.0819157347791708,247.94642857142858,0.013044393413632102,0.003968253968253968,-0.008447379862937088,2023-01-25
11365.5375,11506.235,11987.8125,0.03202741817805732,0.007976659150359389,0.08825348821224832,257.26785714285717,0.012680590029507196,0.003968253968253968,-0.0165634899273277,2023-01-26
11429.3125,11509.56,11977.64,0.04780286996201423,0.00791166468097848,0.11827433525743558,245.19642857142858,0.012330572557970486,0.003968253968253968,-0.0012422617445495554,2023-01-27
11488.825,11518.495,11968.3875,0.060880783470409906,0.0075316709804338355,0.10791513667890662,246.21428571428572,0.011824555638268376,0.003968253968253968,0.0,2023-01-30
11536.2375,11523.345,11959.755,0.04040970742436338,0.006483910103056045,0.08588637547268085,253.14285714285714,0.012987086635712039,0.015873015873015872,-0.018883365044293,2023-01-31
11595.1125,11531.555,11953.815,0.05102911099153581,0.0058857753958452275,0.10760795065113093,256.3392857142857,0.012690682615781684,0.015873015873015872,-0.008163014791628287,2023-02-01
11671.2625,11549.895,11948.705,0.08284534188406038,0.006664528392991365,0.13865938317969717,269.0892857142857,0.013976933935720234,0.05555555555555555,0.0,2023-02-02
11763.025,11568.545,11947.99875,0.09538407811872625,0.007755554132731213,0.16935428057305013,284.73214285714283,0.013222214561857189,0.04365079365079365,0.0,2023-02-03
11838.475,11583.325,11945.22625,0.08921661094720205,0.007580344079511692,0.13585109495622416,298.9642857142857,0.012862151137721968,0.01984126984126984,-0.0043600063131312705,2023-02-06
11904.8625,11595.375,11941.245,0.07909403533736512,0.008174250697308816,0.11871074454055752,299.3392857142857,0.013271481656968395,0.05555555555555555,-0.01258680555555558,2023-02-07
11977.8625,11614.51,11940.48625,0.09696836112758953,0.009596570269234217,0.12942401879307663,304.17857142857144,0.013550693978047468,0.06349206349206349,0.0,2023-02-08
12032.0125,11633.2,11938.02,0.07951810335935075,0.011034452190486377,0.09437702882290155,312.625,0.01402760594264613,0.07936507936507936,-0.014324117497007682,2023-02-09
12078.425,11651.835,11934.68875,0.06852268333700236,0.012361462992503514,0.08056327026557897,315.67857142857144,0.014333000831205417,0.0992063492063492,-0.02280085552263411,2023-02-10
12115.2,11657.075,11928.89125,0.05830579283396557,0.012031085658326113,0.06339834069604566,306.80357142857144,0.014602448178710878,0.10714285714285714,-0.031709279281047054,2023-02-13
12164.2375,11667.24,11927.12625,0.07523287427017875,0.012487259558747965,0.08480878569729988,315.98214285714283,0.014830632219945851,0.14285714285714285,-0.015364087671447924,2023-02-14
12213.9875,11680.01,11926.9,0.08032869834871714,0.012873805831043583,0.08560428451594859,310.5,0.014834187875689065,0.14682539682539683,-0.009614818593881802,2023-02-15
12277.375,11698.745,11929.6275,0.08983912376925894,0.012887563047109918,0.11041194913778085,309.5357142857143,0.014378148514655313,0.10714285714285714,0.0,2023-02-16
12331.0125,11716.73,11930.29875,0.06394872972237138,0.012809303157830021,0.09415662782788048,312.76785714285717,0.015420098980863798,0.20238095238095238,-0.0222553383399674,2023-02-17
12366.375,11734.43,11932.16125,0.05531329600159528,0.0130450453561477,0.06057167326838675,306.23214285714283,0.01485337013894906,0.15476190476190477,-0.0287260534520285,2023-02-20
12387.9625,11749.03,11934.62375,0.05257625523128286,0.013251404115865117,0.036175115207373265,291.01785714285717,0.014184914162830187,0.0992063492063492,-0.03003980470205303,2023-02-21
12394.9125,11760.205,11933.365,0.029892761223124942,0.012544222700742402,0.011609697020317,278.01785714285717,0.01505016642502091,0.17063492063492064,-0.05004019686660521,2023-02-22
12409.4125,11769.54,11933.0025,0.033579052367382164,0.011719905099198957,0.024421566769826653,257.14285714285717,0.01492562339649279,0.1626984126984127,-0.045883252612796355,2023-02-23
12415.9875,11776.735,11931.0875,0.035197786143612755,0.010719341631597157,0.010904040299342777,250.41071428571428,0.014548806254945429,0.11507936507936507,-0.04380478048589187,2023-02-24
12404.95,11781.345,11931.615,0.01847454598774594,0.010660478722149369,-0.018065017696761387,259.7857142857143,0.014671659637998788,0.12698412698412698,-0.05888350751975524,2023-02-27
12410.275,11796.455,11932.595,0.025350412475612382,0.011075027170093454,0.008883142880974138,248.51785714285714,0.014148330492633823,0.09523809523809523,-0.0513147316614051,2023-02-28
12406.3125,11811.61,11933.59375,0.019399556876666214,0.011267113641169946,-0.006538778877887785,237.91071428571428,0.013969082609143391,0.07142857142857142,-0.05560893350850016,2023-03-01
12380.2,11827.595,11933.2425,0.013266010545677347,0.011014001929266604,-0.041757450976472654,227.44642857142858,0.011818797229247868,0.003968253968253968,-0.06002078472126904,2023-03-02
12349.1875,11844.78,11934.44375,0.01747351998095358,0.0109288171699784,-0.048946496212121215,231.46428571428572,0.011420319036027513,0.003968253968253968,-0.05474617149355865,2023-03-03
12334.675,11864.2,11936.65125,0.038965964835387064,0.011058909550783591,-0.0230051320664989,232.51785714285714,0.01270292335754084,0.027777777777777776,-0.03319672934763429,2023-03-06
12325.1,11889.745,11936.965,0.03627117318327678,0.01197673339841665,-0.01530469530469536,226.41071428571428,0.012591700740053653,0.01984126984126984,-0.033628110355105045,2023-03-07
12296.8125,11911.92,11934.225,0.022085440466356382,0.012900710489315514,-0.044404764240723704,226.91071428571428,0.012001127650963122,0.015873015873015872,-0.045079315280691756,2023-03-08
12280.7875,11938.44,11931.40375,0.025071114819021537,0.014350603337088819,-0.025521071805386875,213.25,0.011752980912866674,0.007936507936507936,-0.040157650150002944,2023-03-09
12258.725,11962.935,11928.17875,0.0038506436756532165,0.015810833817692105,-0.035441055400493915,225.83928571428572,0.012299494872827773,0.023809523809523808,-0.05809917841526302,2023-03-10
12236.15,11980.05,11924.87125,-0.00791315562122022,0.016866070894282492,-0.03659796948142746,243.25,0.012340122047323755,0.031746031746031744,-0.06780525108335456,2023-03-13
12206.25,11998.175,11920.12625,-0.004265232004033887,0.017100052515776953,-0.04766839378238341,252.58928571428572,0.011675804916625067,0.007936507936507936,-0.06296201886311492,2023-03-14
12185.5125,12023.395,11918.39375,0.01497954612653078,0.017930239823360283,-0.03286905870465395,264.26785714285717,0.01271332426581618,0.05555555555555555,-0.042843977332888916,2023-03-15
12161.45,12049.09,11916.70375,0.01820967392558275,0.018726968584906745,-0.03774583815368926,269.6607142857143,0.012510006986795372,0.03968253968253968,-0.03774583815368926,2023-03-16
12167.2,12083.975,11916.205,0.04113091925463266,0.020194127708577092,0.009225092250922495,278.19642857142856,0.012915554127952306,0.06746031746031746,-0.01323555363830664,2023-03-17
12179.175,12114.28,11916.2175,0.04199341603463015,0.02107853879739041,0.01934025114063065,273.5,0.012819201480924396,0.06349206349206349,-0.00994137139943918,2023-03-20
12195.8875,12144.605,11918.23625,0.045814170160330486,0.0214352788894967,0.02702811975660535,278.9642857142857,0.01285794184489177,0.06746031746031746,-0.0038236043843996592,2023-03-21
12234.0875,12176.505,11923.30625,0.05742575558421738,0.022211784498216813,0.06307924123268727,279.26785714285717,0.012013812213325994,0.027777777777777776,0.0,2023-03-22
12260.8,12200.98,11930.145,0.04081803264983636,0.021991147922173937,0.04391787747384868,289.23214285714283,0.012584484058048151,0.047619047619047616,-0.013727355688018195,2023-03-23
12294.825,12227.975,11937.85625,0.05264771967557994,0.02215509822631323,0.05581872244437602,290.5892857142857,0.012838471767767212,0.07539682539682539,-0.000310661514863253,2023-03-24
12341.0875,12254.435,11944.50875,0.05465898672603025,0.02290349372498457,0.07711059254937913,289.8392857142857,0.012068304256585586,0.031746031746031744,0.0,2023-03-27
12377.0375,12279.44,11952.7175,0.04357364830969486,0.023442315185434603,0.05944359472531113,287.76785714285717,0.01232236709850722,0.03968253968253968,-0.00849178869180034,2023-03-28
12412.45,12301.955,11960.79,0.03633934606328832,0.02316816506485897,0.058821086726325245,291.5357142857143,0.012341690060663733,0.051587301587301584,-0.013559781031781348,2023-03-29
12461.2625,12331.53,11968.44375,0.051025298563925105,0.023440774365532935,0.08145938503900862,282.55357142857144,0.012565952615182317,0.05952380952380952,0.0,2023-03-30
12513.1375,12365.45,11975.98125,0.058534060628606256,0.023293245806946805,0.0860870827888065,272.92857142857144,0.01263210170356051,0.07142857142857142,0.0,2023-03-31
12562.2375,12398.095,11984.80375,0.0734310392040068,0.023428136051007353,0.07966576075933962,261.23214285714283,0.012240715922583365,0.03571428571428571,0.0,2023-04-03
12609.275,12424.63,11992.6725,0.06737584942167299,0.023057563420135985,0.07635338040743456,249.39285714285714,0.012316296308893903,0.04365079365079365,-0.003512792576173096,2023-04-04
12662.1125,12449.81,11998.1675,0.06280738420907633,0.022445274731953013,0.08679671457905536,240.21428571428572,0.011853172062280287,0.023809523809523808,-0.005766991020776158,2023-04-05
12703.8125,12473.75,12003.15125,0.0479406754183786,0.022356400879273597,0.06814978243549663,228.08928571428572,0.012397178917432888,0.06746031746031746,-0.01778938272532593,2023-04-06
12761.5375,12495.825,12010.565,0.053431846236642974,0.02190468986074956,0.09613623115996339,235.42857142857142,0.011260158852758904,0.003968253968253968,-0.010895292482248187,2023-04-07
12826.3125,12515.045,12018.0075,0.05319237765425533,0.021266586342006066,0.10900065206874077,224.0,0.010734957332149528,0.003968253968253968,-0.009599128376601374,2023-04-10
12887.2625,12538.585,12026.28625,0.05003874041608371,0.021103975425589283,0.10203398342680181,225.25,0.01082676653728835,0.007936507936507936,-0.010707442611864626,2023-04-11
12931.15,12557.81,12033.62625,0.04168242711109664,0.02079791382751761,0.0719260867783833,207.625,0.01038313262907486,0.003968253968253968,-0.017075553217868245,2023-04-12
12965.6,12566.825,12040.66125,0.031087804596626377,0.019080762889925218,0.05616008476993928,205.23214285714286,0.01076653391350843,0.011904761904761904,-0.026374121801855943,2023-04-13
12995.5875,12577.0,12047.505,0.048004293551721394,0.01710815214973982,0.04767109132819325,212.66071428571428,0.010006425038033845,0.003968253968253968,-0.009599128376601374,2023-04-14
13024.4,12588.65,12053.98625,0.04850400956417093,0.015369699941805592,0.04565079616572931,211.83928571428572,0.010005537015630011,0.003968253968253968,-0.008209039335762891,2023-04-17
13048.4125,12602.025,12059.2975,0.04596285120843677,0.014277688752099671,0.037811983308400965,207.71428571428572,0.009991518289297147,0.003968253968253968,-0.009561558402524706,2023-04-18
13063.9875,12610.955,12064.4275,0.04569796656954212,0.012943571026385214,0.024192765469972732,201.23214285714286,0.009598676011555968,0.003968253968253968,-0.009110718713604138,2023-04-19
13087.425,12623.145,12070.75875,0.043143368788047635,0.011976751177472655,0.03691235530356729,199.89285714285714,0.008957692762070545,0.003968253968253968,-0.010575947702596067,2023-04-20
13098.35,12635.945,12077.31,0.035953385362155366,0.011213345257315765,0.016975158777943866,194.375,0.008670487806869175,0.003968253968253968,-0.016399293684487337,2023-04-21
13105.9,12650.715,12084.02125,0.033558182284558605,0.01084055231123826,0.011683463257055493,193.28571428571428,0.008646681459069164,0.003968253968253968,-0.017526392906788923,2023-04-24
13117.65,12660.805,12090.23,0.030700654500246997,0.00974751138186658,0.018338600803776917,192.33928571428572,0.008404039352938522,0.003968253968253968,-0.019461246571739865,2023-04-25
13126.125,12666.81,12094.725,0.019870038312724398,0.008679857395517132,0.01329516040473755,193.58928571428572,0.008661030725660894,0.011904761904761904,-0.029304579779839912,2023-04-26
13126.1125,12671.025,12099.94125,0.022845428842575906,0.00829167271765141,-1.928900719483373e-05,187.21428571428572,0.007857824483325181,0.003968253968253968,-0.026148701957395604,2023-04-27
13134.7875,12686.96,12104.65625,0.04538439468556699,0.008742943468235564,0.013255152128655245,210.85714285714286,0.009172628009329178,0.027777777777777776,-0.0034376526280196495,2023-04-28
13135.7125,12705.83,12109.15125,0.04888858106869052,0.009308384934047842,0.0013900890408384825,205.80357142857142,0.008443579299363516,0.011904761904761904,0.0,2023-05-01
13137.0625,12724.27,12112.7275,0.04436246637331647,0.009700425130088286,0.002035930401342201,202.30357142857142,0.008430378361268483,0.011904761904761904,-0.002870113303819366,2023-05-02
13133.95,12745.425,12116.44,0.033272723349751045,0.01066295137838491,-0.004704593118823985,196.625,0.008662008030607446,0.027777777777777776,-0.0118181136039619,2023-05-03
13134.8,12763.905,12120.25625,0.025450283435986036,0.011150945346821262,0.0013005144682234349,191.41071428571428,0.008323794381917599,0.007936507936507936,-0.017877241689802648,2023-05-04
13128.9,12780.99,12124.4975,0.02069557991986538,0.011478761580554497,-0.008964181258783732,189.35714285714286,0.00819013756834368,0.007936507936507936,-0.02112253320327151,2023-05-05
13135.3875,12807.22,12128.14,0.03929658427043501,0.012371237515033773,0.009843901143713474,201.66071428571428,0.009393278990516566,0.051587301587301584,-0.0012380880918436699,2023-05-08
13143.8875,12832.03,12130.19875,0.039274378255038316,0.013524021576827083,0.012912046179553327,198.32142857142858,0.009390414490109375,0.051587301587301584,0.0,2023-05-09
13152.875,12856.435,12131.63125,0.031467899149336544,0.014970225336923715,0.013741041567128631,193.75,0.00935959349831103,0.051587301587301584,-0.0056238752249549995,2023-05-10
13175.425,12884.915,12133.77375,0.040635502834128055,0.01688024449482195,0.034806096855103164,198.625,0.009311080547825158,0.051587301587301584,0.0,2023-05-11
13188.65,12912.785,12136.3925,0.04123548870363753,0.017799772364695876,0.020067143371962803,196.58928571428572,0.008589144545490842,0.027777777777777776,0.0,2023-05-12
13197.1625,12933.645,12137.0,0.03369931678192803,0.017929958137327562,0.012898460139780576,197.875,0.008715304181432782,0.047619047619047616,-0.005633959948680767,2023-05-15
13211.3125,12956.51,12137.68375,0.03918802208310724,0.018251734677116938,0.0214698909435751,188.60714285714286,0.008816354387508283,0.051587301587301584,0.0,2023-05-16
13227.0875,12983.065,12139.12375,0.040027913285499185,0.01864512168091692,0.02392462416349117,187.07142857142858,0.008823989518083643,0.05555555555555555,0.0,2023-05-17
13250.7875,13011.145,12141.27,0.04846652619734847,0.0193702475848887,0.03599703821837452,172.76785714285714,0.009024851156687438,0.06349206349206349,0.0,2023-05-18
13291.8625,13049.2,12145.54875,0.0660998375379333,0.020985072361374257,0.06275663184431157,181.16071428571428,0.00966294729681422,0.09126984126984126,0.0,2023-05-19
13330.175,13088.325,12147.85,0.05754556064278655,0.021948947546774455,0.05860308598305952,183.85714285714286,0.009791136273408002,0.09523809523809523,-0.0050496882132010645,2023-05-22
13373.5,13127.705,12150.6975,0.06004819578136469,0.023041950494192998,0.06640101153300892,178.78571428571428,0.009738417965463635,0.09523809523809523,0.0,2023-05-23
13414.2375,13158.3,12151.46125,0.04369485419849074,0.02347968157580227,0.06306846770135843,181.35714285714286,0.009985479260824352,0.10317460317460317,-0.013132365622305242,2023-05-24
13458.3125,13189.77,12152.27625,0.04944968714390013,0.023659837880187773,0.06801435129817524,189.08928571428572,0.010043846876031099,0.11904761904761904,-0.005317620005748758,2023-05-25
13494.2875,13217.795,12153.87375,0.05783528947150413,0.023620775843476105,0.054249684266083564,183.03571428571428,0.009072304884789287,0.06746031746031746,0.0,2023-05-26
13546.5,13252.76,12158.1775,0.08439675961837381,0.024673245631838592,0.0783559690853155,206.91071428571428,0.01063382623731098,0.13095238095238096,0.0,2023-05-29
13602.375,13286.865,12162.5125,0.0842474880267091,0.025497221088086164,0.08409368827015329,205.51785714285714,0.010524912860023196,0.13095238095238096,0.0,2023-05-30
13664.0375,13317.405,12168.2775,0.08149823482878228,0.025752008481818356,0.09364440563423071,204.64285714285714,0.01012769581002713,0.12698412698412698,-0.00024295010845987175,2023-05-31
13724.025,13349.195,12175.05375,0.07036416802661137,0.025981571952353066,0.09166268742240469,209.42857142857142,0.010235398585604833,0.13095238095238096,-0.008173535791757058,2023-06-01
13796.625,13381.71,12183.0975,0.08338172027341804,0.025481255555896087,0.1113027480740485,216.25,0.010306195531842418,0.1349206349206349,0.0,2023-06-02
13860.4375,13414.96,12191.25625,0.08734949638314247,0.024956210974284243,0.09588294955110621,218.30357142857142,0.009703737684760716,0.0992063492063492,0.0,2023-06-05
13922.7875,13450.33,12198.4475,0.08421131674836231,0.02457588740758565,0.09350629874025196,222.19642857142858,0.009747154927240521,0.10714285714285714,-0.0002570826263561532,2023-06-06
13989.4875,13487.25,12208.63125,0.08213312572985597,0.024999430017555557,0.1005957318452606,216.75,0.009498336032378412,0.09126984126984126,0.0,2023-06-07
14034.875,13514.36,12217.6875,0.05933614318399091,0.02460922366349072,0.0676995935414102,222.78571428571428,0.010781267600897823,0.17063492063492064,-0.019099006509078476,2023-06-08
14088.625,13542.98,12228.49375,0.07216063229806147,0.02460206108507501,0.07995388706048612,231.625,0.01104991979644097,0.17857142857142858,-0.005121616992120548,2023-06-09
14148.3125,13568.075,12239.78125,0.07334680859296541,0.023792402488236553,0.08928905344253701,237.0,0.01082596705294588,0.1746031746031746,-0.0021754025351147233,2023-06-12
14216.425,13599.37,12252.455,0.09023432703132565,0.02351984459840617,0.10117533468258544,237.48214285714286,0.011237137853215316,0.1865079365079365,0.0,2023-06-13
14287.375,13633.17,12266.415,0.09451800278291841,0.02371070039545997,0.10508970394919559,231.07142857142858,0.011232515550326862,0.1865079365079365,0.0,2023-06-14
14357.775,13672.73,12280.9925,0.10071287884716516,0.024236292900058798,0.10321256437040693,233.78571428571428,0.011197109147719495,0.1865079365079365,0.0,2023-06-15
14421.475,13713.175,12296.82375,0.10738395739863313,0.02477000323575984,0.0915772638237462,228.16071428571428,0.01070531223809673,0.1626984126984127,0.0,2023-06-16
14495.7,13756.08,12312.135,0.11412553576309531,0.02542832777734705,0.10724993678430805,236.53571428571428,0.010516358991583824,0.15476190476190477,0.0,2023-06-19
14561.7875,13797.515,12326.5925,0.10438365169380143,0.025812377837569844,0.0949805978729521,226.66071428571428,0.010792614560680775,0.18253968253968253,-0.0057581886989429565,2023-06-20
14637.4,13840.8,12339.86375,0.10148979827755626,0.026213646221431297,0.11011595944150154,227.125,0.010012236616555047,0.1349206349206349,-0.005252512070990423,2023-06-21
14697.1625,13882.395,12351.1925,0.08318845559429763,0.02723288413213787,0.0863495159659009,226.42857142857142,0.010844034298415557,0.1984126984126984,-0.01884053242855277,2023-06-22
14759.725,13923.45,12367.11875,0.09408946776840504,0.028093521514467312,0.08948845858141574,234.73214285714286,0.010945930617939019,0.20238095238095238,-0.006035495236852428,2023-06-23
14793.9375,13960.575,12381.55125,0.07842979246914968,0.028928200942285542,0.04761242063146898,239.67857142857142,0.010054355244543527,0.14285714285714285,-0.01764974553047105,2023-06-26
14817.2875,13994.415,12396.41625,0.06279898087915779,0.029048772112237664,0.03241648590021695,252.51785714285714,0.01056412236558189,0.17063492063492064,-0.029541302361999255,2023-06-27
14851.5625,14032.435,12412.97,0.07524103977677435,0.029286292182962637,0.04759507732898238,245.89285714285714,0.0109282876584297,0.21031746031746032,-0.015512853973639551,2023-06-28
14894.9375,14072.2,12428.52125,0.07701709753983024,0.029216550023294596,0.060713160933618004,240.71428571428572,0.010662676810667411,0.17857142857142858,-0.011092261516377433,2023-06-29
14925.4625,14112.555,12444.3175,0.07053612900002867,0.029123817059142132,0.04211070874288669,236.89285714285714,0.010382150450033394,0.15873015873015872,-0.014224194179825123,2023-06-30
14962.0,14157.4,12462.57125,0.08194301213499657,0.029174008874621293,0.050096834455927386,237.23214285714286,0.010676035274668308,0.1865079365079365,-0.0005546130758188328,2023-07-03
15000.675,14203.54,12481.525,0.0811741298296058,0.029427400513788227,0.05304121237056858,229.78571428571428,0.010657090401014811,0.18253968253968253,0.0,2023-07-04
15038.1625,14252.065,12501.30875,0.07666853890997546,0.0297139616207156,0.05137033230558408,213.73214285714286,0.01067680279231834,0.19444444444444445,-0.0007651483085338029,2023-07-05
15090.075,14299.945,12521.50375,0.07374538853121465,0.030077663112164643,0.07252248319217669,199.98214285714286,0.009388704868239284,0.08333333333333333,-0.00013023800996325718,2023-07-06
15125.1875,14339.14,12540.845,0.061604810330326686,0.0298553878528669,0.04836349236411208,204.125,0.00941085106240539,0.09523809523809523,-0.0087259466675349,2023-07-07
15156.6125,14376.435,12559.1075,0.056711903889942156,0.029788171332484348,0.043156575627006255,210.71428571428572,0.009459998876990491,0.0992063492063492,-0.010728356070719203,2023-07-10
15174.95,14414.525,12578.91,0.054023632412445115,0.030019832911915234,0.024736114389775077,208.73214285714286,0.008702121055208093,0.047619047619047616,-0.01063067756324687,2023-07-11
15191.9875,14456.385,12599.94,0.05576186577764772,0.030212147784757226,0.022835793388845227,201.60714285714286,0.00865370940034818,0.03571428571428571,-0.006121186468270756,2023-07-12
15212.3875,14503.765,12620.68125,0.0657749901491096,0.030667912622049043,0.027110084885130892,200.21428571428572,0.008888759134816626,0.06746031746031746,0.0,2023-07-13
15238.1,14556.855,12640.9575,0.07852966866812924,0.0314826053822288,0.03386398432741222,202.625,0.009297397868868528,0.0873015873015873,0.0,2023-07-14
15256.425,14604.495,12661.2775,0.0744979542257366,0.031580304293161277,0.02391361085736654,195.53571428571428,0.00913534027416966,0.08333333333333333,-0.0004777070063693989,2023-07-17
15285.8625,14654.305,12682.88125,0.07998980504363733,0.03173610240827274,0.03863759413299217,191.85714285714286,0.009120971931568382,0.08333333333333333,0.0,2023-07-18
15320.975,14708.04,12707.13875,0.08428791327736387,0.03199360934713669,0.046062772621429326,198.92857142857142,0.00920267969968968,0.09523809523809523,0.0,2023-07-19
15366.125,14758.675,12731.8725,0.08005969370556644,0.032079144360345424,0.06005087366373507,197.30357142857142,0.008433969772295734,0.023809523809523808,-0.0004702857769904867,2023-07-20
15384.2875,14801.705,12755.45125,0.05371306886605293,0.03225890813535548,0.02384547215019528,205.51785714285714,0.009733903517114116,0.15079365079365079,-0.022009374363154643,2023-07-21
15409.2625,14845.415,12778.96125,0.04779825959732342,0.03262143918154958,0.033177244196473055,213.57142857142858,0.009301299488738425,0.10714285714285714,-0.024627298521735064,2023-07-24
15444.0125,14887.495,12801.47375,0.045726631646223835,0.03281204202011523,0.04672818650933719,220.14285714285714,0.0087212523329723,0.06349206349206349,-0.02379646031571847,2023-07-25
15475.875,14931.95,12826.3575,0.053144431906080536,0.032896536720625535,0.0422348516229516,220.89285714285714,0.008456977981888414,0.031746031746031744,-0.013936135191484733,2023-07-26
15499.3375,14971.62,12848.80875,0.043657934144735115,0.03225748624581293,0.03096133544470847,218.80357142857142,0.00864137402581957,0.03968253968253968,-0.020222288410590816,2023-07-27
15523.1625,15005.075,12870.11,0.038615268500823835,0.0307909915981166,0.03153958167858084,233.35714285714286,0.008626230429268146,0.03968253968253968,-0.02277750779890575,2023-07-28
15549.5625,15045.155,12893.58375,0.053196195054155265,0.03017290224687663,0.034470377019748755,247.14285714285714,0.00885796181600033,0.0873015873015873,-0.006411562759636946,2023-07-31
15575.1875,15084.215,12917.62625,0.052026903620771774,0.029336771685863017,0.033373490053072,243.89285714285714,0.008855790188108737,0.0873015873015873,-0.00493800065840011,2023-08-01
15598.3625,15125.715,12939.77125,0.04512414785020079,0.02839773348454311,0.030205770703334966,237.21428571428572,0.008926036912695171,0.0992063492063492,-0.008747315452023008,2023-08-02
15603.275,15157.93,12959.73625,0.019449885307558465,0.027052225216694703,0.006398775603243312,245.03571428571428,0.010445304569128264,0.24603174603174602,-0.03103886128137201,2023-08-03
15614.6,15187.265,12979.0625,0.017233846910553057,0.02604835051097143,0.014879290523895472,246.0,0.010233133579980874,0.23015873015873015,-0.03127400416986725,2023-08-04
15623.2625,15207.14,12998.5225,0.010380650141972822,0.024366108997289526,0.011404216104135445,249.42857142857142,0.010310285033074072,0.24206349206349206,-0.036541204872160615,2023-08-07
15638.1125,15228.82,13020.48875,0.017166792962291254,0.022926959841128358,0.019548154608131973,239.73214285714286,0.010446176028286602,0.25793650793650796,-0.028687432396419577,2023-08-08
15642.5375,15247.785,13039.11,0.006769179916951882,0.021151624536647873,0.0057985257985258,249.03571428571428,0.010640688848555067,0.2777777777777778,-0.03741907165587621,2023-08-09
15629.825,15266.085,13057.86,-0.004099610345415942,0.0196682122575913,-0.016448060034610523,241.53571428571428,0.010439831297824258,0.25396825396825395,-0.04666802527002245,2023-08-10
15605.675,15280.475,13077.34375,-0.004153993903985338,0.01835379030094808,-0.030764331210191065,249.28571428571428,0.009719006207023467,0.18253968253968253,-0.0458215108714396,2023-08-11
15576.225,15290.81,13098.14875,-0.01224984157150599,0.01632784773569962,-0.0375338537517923,256.125,0.009803833623591884,0.20238095238095238,-0.05293850229656216,2023-08-14
15548.8875,15304.745,13120.90625,-0.0016331536396065926,0.014619918901978002,-0.03454648848450381,261.5,0.009999656474317492,0.21428571428571427,-0.041886786537285836,2023-08-15
15507.0,15315.045,13142.0825,-0.01338846865941302,0.01251709423323133,-0.05253092128983716,263.9642857142857,0.009954211481588031,0.20634920634920634,-0.05253092128983716,2023-08-16
15456.8875,15327.48,13161.7,-0.025410569774026753,0.011185564255805414,-0.06287542541679081,253.41071428571428,0.010126104356136584,0.24206349206349206,-0.06331614177548561,2023-08-17
15414.2625,15331.96,13179.97625,-0.03833234628840665,0.009527390218054377,-0.05465882315225934,248.41071428571428,0.009450591727290592,0.1626984126984127,-0.07546519101440641,2023-08-18
15373.7125,15335.575,13199.48125,-0.03857533871406848,0.008445703794401904,-0.052137576342012215,253.28571428571428,0.009471264288599327,0.17063492063492064,-0.07548086720697278,2023-08-21
15343.9125,15338.49,13215.9625,-0.02387718738937143,0.0072014771991526505,-0.038283044015865575,262.73214285714283,0.010277306810065489,0.26587301587301587,-0.06116850339389568,2023-08-22
15305.8,15339.32,13231.6025,-0.024516732162833798,0.006003167017373245,-0.04847222663826267,247.91071428571428,0.009891374310274398,0.21428571428571427,-0.061732846326284285,2023-08-23
15292.2875,15345.425,13249.535,0.0006239644714956235,0.005197141244791981,-0.017295723268427654,261.30357142857144,0.011684835956126285,0.40476190476190477,-0.0371682525748146,2023-08-24
15254.6625,15338.35,13264.2275,-0.033012025413424545,0.0037875131499511827,-0.04828515512207643,284.67857142857144,0.013918977614891739,0.5634920634920635,-0.0699628474236178,2023-08-25
15210.95,15331.255,13280.21875,-0.02348176975727031,0.002645052812767945,-0.055173393076898836,294.35714285714283,0.013482750400991618,0.5595238095238095,-0.061231208164161055,2023-08-28
15172.425,15328.47,13296.97875,-0.015002801975670067,0.0015501728385542979,-0.048553784107379205,285.3392857142857,0.013689280251830515,0.5674603174603174,-0.05325202614788915,2023-08-29
15153.3125,15332.08,13315.56125,0.006125718102175313,0.0011123049262995455,-0.02418041212657951,291.92857142857144,0.014690158002418508,0.623015873015873,-0.032716213885971346,2023-08-30
15156.3,15341.585,13335.175,0.011140635077796779,0.0009202425969565553,0.0038666256815129696,281.75,0.013847593016901772,0.5714285714285714,-0.027292251258014488,2023-08-31
15160.675,15347.645,13354.16,0.012305145186769667,0.0010230264101915854,0.005663797009515248,275.94642857142856,0.013850406831622326,0.5753968253968254,-0.02578733677164491,2023-09-01
15168.0375,15356.78,13372.3325,0.010123867112767087,0.001382732633109507,0.009583468922876648,272.05357142857144,0.01379283345479585,0.5714285714285714,-0.02730792745058075,2023-09-04
15169.6875,15369.78,13390.39875,0.009985178707827915,0.0020399661244361322,0.002130372330982455,259.10714285714283,0.013675786844662629,0.5674603174603174,-0.02661817497766139,2023-09-05
15178.0125,15378.365,13409.06625,0.009047450753054711,0.0025454192232772233,0.010846198944694185,253.73214285714286,0.013507340248114279,0.5634920634920635,-0.026978727406687497,2023-09-06
15187.2125,15382.995,13427.885,0.000292855845041827,0.002448286704343605,0.012102476403459628,249.66071428571428,0.01346077886227891,0.5595238095238095,-0.035130347541189155,2023-09-07
15190.625,15386.54,13446.71875,-0.006583026463389486,0.003141798172554555,0.0044851153315370595,252.83928571428572,0.0135579784887583,0.5753968253968254,-0.0415419103008261,2023-09-08
15201.1875,15386.485,13462.91875,-0.0046622084251211745,0.003602444809639005,0.0139868242460357,243.875,0.01343909908790702,0.5595238095238095,-0.0396921195779969,2023-09-11
15210.825,15388.805,13480.0975,0.005438693907681572,0.003936139745193135,0.012614735188730242,244.78571428571428,0.013384557351337546,0.5555555555555556,-0.029800442068630417,2023-09-12
15220.7875,15388.095,13496.745,-0.0051237661321950085,0.0036534508038048585,0.013186631369953572,229.83928571428572,0.01335893333217724,0.5555555555555556,-0.04003699581445663,2023-09-13
15242.8,15388.57,13514.57125,-0.0006706276151715012,0.0030625909904355986,0.02947181684295086,202.03571428571428,0.013071290080727582,0.5357142857142857,-0.03571036666614413,2023-09-14
15279.825,15393.815,13534.16125,0.005907242616596308,0.0030082791203471793,0.05022296827576844,193.80357142857142,0.012660816287874813,0.4880952380952381,-0.0290323086328792,2023-09-15
15313.7,15398.41,13553.77625,0.001499505468421749,0.0027108547494982815,0.04595089527943563,191.55357142857142,0.01273520765523073,0.5079365079365079,-0.032998385352165704,2023-09-18
15336.3125,15403.035,13572.715,0.0013935565296060255,0.002163661418705942,0.030205880879627278,173.71428571428572,0.012359108273946753,0.4642857142857143,-0.032810271041369465,2023-09-19
15357.3125,15405.45,13591.86625,-0.0014410484601229258,0.0017612405480036397,0.028068768482782724,175.91071428571428,0.012386276933993657,0.46825396825396826,-0.03539684281481714,2023-09-20
15346.1375,15398.925,13609.03375,-0.017366472010221446,0.0010355590702588735,-0.014555519374796488,187.375,0.011577887195375353,0.4007936507936508,-0.05118276872913108,2023-09-21
15347.0,15381.91,13624.1225,-0.034628989507804936,-0.00030091235586438003,0.0011630258899675283,194.64285714285714,0.009490207670608724,0.1746031746031746,-0.0688811901365396,2023-09-22
15342.2875,15365.6,13639.665,-0.03179830270213987,-0.0013573600468202995,-0.006295399515738542,202.76785714285714,0.00924933242792257,0.13095238095238096,-0.06714113276167488,2023-09-25
15334.9125,15348.09,13657.72,-0.025872274660886152,-0.0026457544949072265,-0.009769182369109508,203.125,0.009106426811542433,0.11507936507936507,-0.06250097976203539,2023-09-26
15299.8625,15323.635,13674.93,-0.03906612236587469,-0.004188952563653814,-0.04544275897834826,207.69642857142858,0.008090906785939753,0.007936507936507936,-0.07667225784201537,2023-09-27
15262.6125,15300.18,13692.84125,-0.03481527668301943,-0.005743873537307209,-0.04802578565672844,207.41071428571428,0.007973186324984758,0.007936507936507936,-0.07400730510573594,2023-09-28
15229.6,15285.77,13711.26,-0.02679093038819768,-0.00701872797613845,-0.04249670131625527,216.26785714285714,0.008227464320086078,0.01984126984126984,-0.06718816133937389,2023-09-29
15198.5875,15272.51,13728.9425,-0.024914699679358547,-0.00817616883821115,-0.03998452835662136,219.80357142857142,0.008258479832959985,0.023809523809523808,-0.06620056120769391,2023-10-02
15172.075,15261.005,13748.68875,-0.017561425345185275,-0.009220910034937968,-0.03415843975971522,221.96428571428572,0.008472529487542473,0.051587301587301584,-0.05986737941088871,2023-10-03
15131.925,15240.785,13766.93,-0.034531357800795685,-0.010688749760636718,-0.05174802642178189,233.94642857142858,0.009275173795645849,0.15873015873015872,-0.07733065792980198,2023-10-04
15107.6875,15226.335,13786.885,-0.021251666931011246,-0.011207925228546856,-0.03150284321689678,247.19642857142858,0.009774591564429846,0.24206349206349206,-0.06552648492734081,2023-10-05
15086.425,15211.845,13807.26375,-0.023129672962089697,-0.011056169227358636,-0.027820938486449398,255.67857142857142,0.009707667780948412,0.2261904761904762,-0.06820711385618661,2023-10-06
15077.7625,15197.765,13827.82375,-0.0037021891047795135,-0.010922775550580632,-0.01131262345124795,282.10714285714283,0.01069265922219917,0.38095238095238093,-0.050555721026477096,2023-10-09
15063.9,15184.29,13848.59625,0.0007217986484714877,-0.01067233773062315,-0.017918888350298867,287.07142857142856,0.010437760410328166,0.3333333333333333,-0.04718533962471194,2023-10-10
15062.575,15173.78,13870.2975,0.007181466977905265,-0.00977933760494809,-0.0017309796364942676,280.05357142857144,0.010276817438211976,0.3134920634920635,-0.04124778469597401,2023-10-11
15064.2,15172.94,13892.4325,0.015673297330642544,-0.008316242031139454,0.0021133744086616613,269.69642857142856,0.01040221741949504,0.3373015873015873,-0.028877055895141446,2023-10-12
15056.15,15170.435,13914.8675,0.010106170324054684,-0.007545252872442898,-0.01039732640178237,274.10714285714283,0.010349416915772383,0.32936507936507936,-0.03435944293906357,2023-10-13
15040.4125,15165.27,13934.8625,-0.0038588168888519913,-0.007021766559655251,-0.020409817462633373,283.5,0.010775112057454449,0.4126984126984127,-0.04803390257735207,2023-10-16
15034.3875,15161.545,13955.45875,0.009395810255485172,-0.006517264098923947,-0.0078122467502999005,281.26785714285717,0.011221204342887092,0.4523809523809524,-0.03560400781397699,2023-10-17
15027.3375,15159.37,13975.26625,0.005467245670499447,-0.0053419164432803035,-0.009165813465945138,283.07142857142856,0.011239976580425857,0.4642857142857143,-0.03949524229630097,2023-10-18
15023.8875,15156.55,13993.2025,-0.006205237999412748,-0.004583177764051594,-0.0045600237914285024,281.0892857142857,0.01093535988653951,0.44047619047619047,-0.0508223580565883,2023-10-19
15023.9125,15149.205,14009.84125,-0.01976704388118056,-0.004117843693516421,3.3671734262608055e-05,284.5892857142857,0.010565378609628983,0.373015873015873,-0.06422899993698405,2023-10-20
15012.475,15140.1,14025.07625,-0.032486575385895756,-0.003794307913038475,-0.015376083887880587,286.10714285714283,0.010983433565790717,0.4523809523809524,-0.07692671245825189,2023-10-23
15002.375,15129.485,14041.0,-0.025148575777695047,-0.0036093225300622978,-0.013510801953046658,283.2857142857143,0.01104344915253319,0.45634920634920634,-0.06700615185109038,2023-10-24
15007.575,15123.865,14057.02875,-0.0194966696674428,-0.003289556063156396,0.007062818336162957,274.55357142857144,0.010566176483062994,0.376984126984127,-0.045537926817494245,2023-10-25
14992.4125,15114.39,14071.94,-0.04301463704456478,-0.0038588434410207206,-0.020534958523785285,286.82142857142856,0.011951928284433462,0.5238095238095238,-0.06901490039584202,2023-10-26
14959.2125,15103.75,14086.035,-0.059025076553835966,-0.004395721019206045,-0.04463490462986308,274.5,0.01232557157202583,0.5555555555555556,-0.08523476973578348,2023-10-27
14928.1625,15094.29,14099.00875,-0.05454314181057876,-0.004680431011119479,-0.041700241740531774,269.82142857142856,0.01238825168714288,0.5793650793650794,-0.08145335178450741,2023-10-30
14899.1125,15083.085,14111.39375,-0.044492555733790476,-0.0051749343487091926,-0.0387514173280864,269.44642857142856,0.012522602773613667,0.5912698412698413,-0.07237794870144498,2023-10-31
14886.0,15072.865,14123.79125,-0.04117432220085563,-0.005706371702781876,-0.0178225559821944,271.42857142857144,0.011915582731159056,0.5238095238095238,-0.06978727512631544,2023-11-01
14878.875,15060.97,14138.21875,-0.019966841445139282,-0.006306184454905606,-0.009561993591786777,278.4107142857143,0.012549439304167145,0.5992063492063492,-0.049962990377498184,2023-11-02
14884.375,15063.73,14152.77,-0.006222230483419416,-0.005642210267799541,0.007402422611036297,274.9107142857143,0.012947318745072685,0.6626984126984127,-0.03646252373443182,2023-11-03
14886.525,15067.995,14167.59375,0.007731951065818591,-0.004762518081122269,0.0028398771588020733,278.42857142857144,0.012644073389634096,0.6190476190476191,-0.022656325427219737,2023-11-06
14887.9125,15070.485,14183.76375,0.01012011225916083,-0.003899670081301543,0.0018262285911716525,268.44642857142856,0.01263176962544958,0.6150793650793651,-0.02017828983361758,2023-11-07
14892.5625,15069.48,14200.0425,0.020323859881031095,-0.0035959723258571774,0.006085292241252427,266.51785714285717,0.012766549376785515,0.6507936507936508,-0.010346603160299894,2023-11-08
14890.025,15066.43,14214.30875,0.019485040583602068,-0.003173135005779204,-0.0032931557516668875,254.55357142857142,0.01262723103638076,0.6150793650793651,-0.011360344994046256,2023-11-09
14886.6,15060.805,14227.225,0.012910664469794258,-0.0028433336092029693,-0.004470185170079133,252.67857142857142,0.012657030842546711,0.6309523809523809,-0.018102532745470357,2023-11-10
14910.325,15062.185,14242.0475,0.03446146757591947,-0.0021269632423916995,0.03140980025485307,257.625,0.013059922238607921,0.6984126984126984,0.0,2023-11-13
14922.975,15062.86,14257.27,0.03280519104605629,-0.001340906054696278,0.01653162571876643,249.875,0.012792244449072334,0.6626984126984127,-0.001556357801845154,2023-11-14
14955.525,15070.375,14273.0325,0.05460215820774201,-0.00016519752548704858,0.04271022978890904,246.48214285714286,0.013525982531447961,0.7579365079365079,0.0,2023-11-15
14994.65,15079.525,14289.46625,0.05076254059726685,0.001231992361713674,0.05195020746887957,238.57142857142858,0.013186548665020344,0.7182539682539683,-0.0030358800119547613,2023-11-16
15047.075,15091.785,14306.70625,0.053437350187535815,0.0018624205293111817,0.07060724928029094,232.25,0.012582835318282377,0.6071428571428571,0.0,2023-11-17
15108.3625,15102.97,14324.3925,0.0510515481392071,0.0023211449167588327,0.08367893775706992,225.83928571428572,0.011995047867377852,0.5317460317460317,-0.0015253251143994007,2023-11-20
15175.4125,15115.32,14342.1175,0.06448292196261808,0.0029750203792378027,0.09092141840124746,232.05357142857142,0.012169154956314576,0.5476190476190477,0.0,2023-11-21
15232.375,15128.5,14358.8675,0.055507816373070694,0.003916525321377984,0.0768258142828242,222.01785714285714,0.012453758403329667,0.5992063492063492,-0.007566811684275976,2023-11-22
15311.4125,15141.835,14375.34375,0.05964699787046952,0.005004835252943041,0.10928668959676435,220.21428571428572,0.010477153022160905,0.3611111111111111,-0.002796768178993214,2023-11-23
15403.9125,15153.385,14393.325,0.05997768815350496,0.00614708177949308,0.1301693961195447,202.25,0.009081679903996887,0.1349206349206349,-0.0017246737103790988,2023-11-24
15490.9,15165.17,14411.46125,0.05575802974843012,0.006837321411202968,0.12190806530726639,200.46428571428572,0.00931168643059583,0.17857142857142858,-0.004925419515226848,2023-11-27
15570.475,15176.75,14429.645,0.054474772266789664,0.007560981115140031,0.1104288093255621,194.26785714285714,0.009358367362083812,0.18253968253968253,-0.005376009944064619,2023-11-28
15650.45,15190.12,14449.345,0.0567230541957535,0.007945721324120969,0.11067480842083421,193.92857142857142,0.009355447826906189,0.18253968253968253,-0.002377252952144193,2023-11-29
15714.5,15208.315,14468.7275,0.05476839478929779,0.008540719949733155,0.08678714791416131,192.33928571428572,0.00865505089214436,0.07539682539682539,-0.0030298321939092876,2023-11-30
15763.8625,15230.475,14487.5575,0.047718472339175214,0.00918976781076597,0.06594856379425518,180.41071428571428,0.008565960615594543,0.05555555555555555,-0.00825046612802982,2023-12-01
15806.1875,15253.555,14507.7175,0.05096811857957045,0.009970555460283803,0.0557476373933945,183.96428571428572,0.00817500022610256,0.015873015873015872,-0.0036668738346798957,2023-12-04
15837.9125,15271.685,14526.5275,0.038359552334925745,0.010344802491776495,0.041680352098797835,179.875,0.008722492982220782,0.1111111111111111,-0.014449968924797996,2023-12-05
15864.15,15295.195,14545.82625,0.03957484687184441,0.01101860726443471,0.034128416500008196,178.69642857142858,0.008523252676514624,0.05952380952380952,-0.011777501553760117,2023-12-06
15886.85,15316.125,14564.97375,0.03250659027658758,0.01151049393947301,0.029557291666666652,187.80357142857142,0.008653756064134691,0.0873015873015873,-0.017153511497824736,2023-12-07
15924.8875,15338.92,14584.795,0.044141308514549914,0.012243798992766397,0.049868078202585986,199.16071428571428,0.00876941569107305,0.12301587301587301,-0.0045991298943443,2023-12-08
15950.45,15362.93,14603.625,0.04748898810318082,0.013040407723751146,0.032811873245086165,195.57142857142858,0.007619433548056964,0.003968253968253968,0.0,2023-12-11
15984.85,15387.97,14623.245,0.05569480574760678,0.013917340669115541,0.044224464871119196,195.19642857142858,0.007773353594625088,0.007936507936507936,0.0,2023-12-12
16009.475,15421.395,14644.29875,0.06253357753951569,0.015225357008371132,0.030987998049486487,193.25,0.0065385495243589975,0.003968253968253968,0.0,2023-12-13
16044.725,15454.34,14665.86,0.07089658956642599,0.016177005802417987,0.04449353108236043,205.85714285714286,0.006705656760909837,0.007936507936507936,0.0,2023-12-14
16076.075,15487.645,14688.44125,0.06699566008905805,0.016885225181749064,0.03943830295787265,217.39285714285714,0.006748401462187093,0.011904761904761904,-0.0014954682779456663,2023-12-15
16111.5375,15516.48,14711.93125,0.06875077337128012,0.017236965415603045,0.04467997984124983,213.08928571428572,0.006706245889870203,0.011904761904761904,0.0,2023-12-18
16153.0375,15550.975,14736.79625,0.08803467306712277,0.018288093291604746,0.05158483530142943,231.98214285714286,0.0074162263797219186,0.01984126984126984,0.0,2023-12-19
16205.925,15585.84,14760.90875,0.09240182114021445,0.019002372967458214,0.06624082163042289,226.57142857142858,0.007060350289672096,0.01984126984126984,0.0,2023-12-20
16243.3625,15613.5,14783.535,0.07559163544368655,0.019415811767010238,0.046665627921470776,231.85714285714286,0.007994920774057656,0.04365079365079365,-0.013640902149653522,2023-12-21
16287.7625,15646.03,14805.38125,0.08335788695279245,0.020021618210408487,0.05528490715808809,231.55357142857142,0.008138839500734955,0.051587301587301584,-0.004449077880888108,2023-12-22
16335.35,15683.145,14827.07875,0.08157515600346739,0.02084335475068877,0.05944443576971725,220.125,0.008035578444723548,0.047619047619047616,-0.0037295900387642744,2023-12-26
16389.675,15718.865,14849.02375,0.08722862623987165,0.021503486164841767,0.06789139875652195,216.44642857142858,0.008058017814539613,0.051587301587301584,0.0,2023-12-27
16443.5875,15756.62,14870.295,0.08716209440857234,0.021737657326071913,0.06717336115999806,205.0,0.008060624182839362,0.05555555555555555,0.0,2023-12-28
16496.0,15797.16,14892.2475,0.08180837568271766,0.022182765488529377,0.0653471518740747,191.64285714285714,0.008113221112660166,0.06349206349206349,-0.002364273204903733,2023-12-29
16548.3375,15840.245,14912.90875,0.0734682449671706,0.022766534227766755,0.06559714236475589,189.05357142857142,0.008100572223575079,0.06349206349206349,-0.007355516637478132,2024-01-02
16583.3625,15881.91,14931.945,0.05349419559738093,0.023551088906762274,0.043696587861019376,204.14285714285714,0.009167679834039013,0.23809523809523808,-0.02326328079392881,2024-01-03
16617.6,15917.775,14950.58375,0.03923129960060375,0.023586945513062618,0.043181459877029704,205.16071428571428,0.009205170080492374,0.25,-0.03431115002918861,2024-01-04
16645.1,15950.205,14969.09125,0.031366054542872654,0.023377950755300914,0.03459010722933242,199.60714285714286,0.00936148377815366,0.2896825396825397,-0.03966725043782837,2024-01-05
16677.7,15990.24,14986.6175,0.029753149421146912,0.024129119031607305,0.04122929050208679,198.66071428571428,0.009212242291466303,0.25396825396825395,-0.03876240513718621,2024-01-08
16716.3,16041.755,15005.11125,0.04651891267507831,0.0252923585088356,0.04820179820179815,223.17857142857142,0.009725759981187524,0.3531746031746032,-0.019964973730297708,2024-01-09
16753.1375,16092.92,15022.715,0.04575490339851313,0.02612836902292237,0.0457821966754699,210.25,0.009709318392039501,0.3492063492063492,-0.01755691768826617,2024-01-10
16788.6625,16143.79,15041.18375,0.0502800147920655,0.02703280421328147,0.04373653431825186,214.75,0.009642608695449178,0.3373015873015873,-0.010186806771745438,2024-01-11
16817.3125,16193.92,15059.81875,0.0472294540173102,0.02775341412054111,0.03496940939535875,213.80357142857142,0.009527751227540154,0.3333333333333333,-0.00999708114419151,2024-01-12
16837.5625,16237.815,15079.235,0.04416758042877071,0.02789457092287484,0.02447129909365553,213.44642857142858,0.009333572146563739,0.28174603174603174,-0.010215995329830752,2024-01-15
16859.675,16277.765,15098.255,0.042372831896762275,0.02762078490578901,0.026762076216698683,208.98214285714286,0.009312836976814691,0.28174603174603174,-0.009486281377699912,2024-01-16
16879.4375,16313.645,15117.24375,0.040754534011252515,0.027184072948404747,0.023834290624576093,214.19642857142858,0.009299485370448292,0.2698412698412698,-0.008844133099824902,2024-01-17
16876.4125,16346.375,15135.71125,0.0313907517721819,0.026925873748058438,-0.0035756501182032663,229.58928571428572,0.00832105644076541,0.09126984126984126,-0.015791009924109756,2024-01-18
16880.9625,16381.2,15155.89,0.04491734427270281,0.027021282798559643,0.005344766827205527,244.21428571428572,0.00890161780086048,0.21031746031746032,-0.0007589025102160418,2024-01-19
16914.4375,16423.265,15178.41875,0.06332388839856147,0.02708058165480942,0.03986602158541119,256.5,0.009299030366201971,0.2777777777777778,0.0,2024-01-22
16939.7,16467.27,15199.7925,0.0600117687995642,0.026525464327313397,0.029807819943658664,237.5,0.009149048128558344,0.24603174603174602,-0.0004437890999671179,2024-01-23
16969.125,16506.665,15221.55125,0.06326747407789514,0.02570975310882062,0.034694178334561565,232.58928571428572,0.009189868013837489,0.25793650793650796,0.0,2024-01-24
16996.275,16548.185,15243.81,0.06555492339492208,0.02504957014430942,0.031772966647162004,239.125,0.009117688090585978,0.23809523809523808,0.0,2024-01-25
17018.6875,16581.885,15265.765,0.06008755940594219,0.023957448227482914,0.02616754232340912,236.80357142857142,0.009174545957661259,0.2619047619047619,-0.0031049736289910923,2024-01-26
17039.45,16615.08,15287.45,0.05354593537918555,0.023233729414949167,0.024298545890751644,217.67857142857142,0.009221742192908767,0.28174603174603174,-0.007273294391198282,2024-01-29
17074.2125,16651.1,15310.495,0.0629477932388852,0.022935273976494974,0.04088743824982366,221.25,0.009350598777847642,0.3253968253968254,0.0,2024-01-30
17111.0875,16683.0,15332.46375,0.04711382844812084,0.022640862909546033,0.04407853450079191,227.51785714285714,0.009058202535068642,0.2261904761904762,-0.013009025806178243,2024-01-31
17147.2,16706.49,15353.53875,0.03340079214724328,0.02203026664933372,0.04366092883374395,224.58928571428572,0.00909004349360837,0.23809523809523808,-0.024563187705693768,2024-02-01
17206.1,16739.695,15377.08875,0.053095650786946856,0.0218845383732571,0.07160876569101249,239.33928571428572,0.009804655067857479,0.44841269841269843,-0.003997344520248025,2024-02-02
17267.1,16772.515,15400.71625,0.05446320960213782,0.021265564429484574,0.07409206850479766,255.23214285714286,0.00978703512340191,0.44047619047619047,-0.0007486192917779411,2024-02-05
17312.8375,16805.325,15422.91625,0.053401228479663394,0.020528903698062928,0.054488324994043325,253.03571428571428,0.009062519849239944,0.23015873015873015,0.0,2024-02-06
17353.85,16838.1,15444.52875,0.04818833478836695,0.020078859054811993,0.04873954573139039,246.98214285714286,0.009150836185221004,0.26587301587301587,-0.0030080072305150862,2024-02-07
17398.875,16875.15,15467.365,0.05812392778730847,0.019758360206874714,0.053109610450886136,243.71428571428572,0.009318383578851914,0.3373015873015873,0.0,2024-02-08
17443.9875,16911.335,15490.8225,0.05615553118662725,0.019868066869357826,0.05320262401415188,225.16071428571428,0.009317209363062792,0.3373015873015873,0.0,2024-02-09
17498.125,16951.265,15515.5675,0.06409462656621795,0.020233727433150994,0.06386021822471255,230.07142857142858,0.009428561309915099,0.38492063492063494,0.0,2024-02-12
17546.2375,16990.715,15539.98875,0.055267538770440196,0.020395949817129333,0.05671135995285104,234.46428571428572,0.009635583748374177,0.4166666666666667,-0.005987443001483017,2024-02-13
17582.2625,17024.075,15561.93125,0.0396453258106534,0.020444464424863584,0.04243602202785879,246.91071428571428,0.010252567360394467,0.5357142857142857,-0.01878005848844788,2024-02-14
17633.0125,17064.415,15584.62375,0.04747218114421145,0.021424308756656796,0.060203446128295646,247.44642857142858,0.010158101958760563,0.5277777777777778,-0.009050463611038007,2024-02-15
17674.875,17105.49,15608.09,0.04961915735825155,0.021851951304967088,0.048913360986154064,249.07142857142858,0.009753459911323559,0.4603174603174603,-0.004629180468739169,2024-02-16
17687.775,17143.635,15629.65375,0.03369267952799985,0.022126675695326448,0.014773882295677998,252.82142857142858,0.009404097223214714,0.38095238095238093,-0.017546534351568277,2024-02-19
17704.425,17179.085,15651.37,0.03547424091562507,0.022240569581367664,0.019077081722093325,239.73214285714286,0.009423800160216518,0.3888888888888889,-0.013818242297404026,2024-02-20
17706.0125,17208.89,15672.43625,0.021724817812188966,0.02202089309363897,0.0018090137314112908,245.125,0.00976196145553383,0.4722222222222222,-0.025224875608099717,2024-02-21
17709.8625,17238.19,15693.665,0.02737004291053767,0.021513290252234585,0.004366812227074135,242.25,0.009841131747125656,0.49603174603174605,-0.018170226330889383,2024-02-22
17732.175,17270.965,15716.27375,0.04363016195099694,0.0212656185925002,0.025386486140543063,249.51785714285714,0.010537680514176681,0.623015873015873,-0.000734570553422631,2024-02-23
17754.9875,17299.185,15737.87,0.03825700459299086,0.020524721901285847,0.026064353961067654,250.07142857142858,0.010520735133204432,0.6190476190476191,-0.004254965281146439,2024-02-26
17767.4875,17327.665,15758.0575,0.03587240404289898,0.019831419690107266,0.014124892297696201,245.08928571428572,0.01027163624991716,0.5634920634920635,-0.004906376903992982,2024-02-27
17794.6375,17356.24,15778.91,0.037782376828160845,0.019511485939764706,0.031083633865705007,236.91071428571428,0.009755772792734282,0.4722222222222222,-0.001427561641557329,2024-02-28
17824.4375,17375.05,15798.6325,0.02793948794391963,0.018203671207011718,0.03452170639172869,241.80357142857142,0.009542883802949296,0.42063492063492064,-0.009826613629748682,2024-02-29
17846.5375,17395.94,15820.31875,0.03877686402689371,0.016979928666176702,0.02507303514195769,246.33928571428572,0.008761475034766472,0.1865079365079365,0.0,2024-03-01
17878.3125,17426.495,15842.71625,0.05135886476310934,0.01649941800557464,0.035932375890534995,255.75,0.009195363272442324,0.2896825396825397,0.0,2024-03-04
17905.4125,17452.385,15864.02875,0.045401531080136136,0.01590887989668821,0.03061671209275385,236.28571428571428,0.009290921204175951,0.31746031746031744,-0.0041890674890155966,2024-03-05
17922.1,17472.8,15882.08875,0.029213978297697035,0.015335678245371964,0.0189098841326949,250.83928571428572,0.009913758629144296,0.5238095238095238,-0.01846191632781158,2024-03-06
17931.2625,17491.785,15900.25375,0.03129840665203695,0.014711231283562887,0.010262656810035908,253.94642857142858,0.00960828680395314,0.44047619047619047,-0.015405398029637363,2024-03-07
17950.925,17514.27,15919.51125,0.042250119474006025,0.014087516244749576,0.022017244275236658,263.375,0.00993626669359646,0.5317460317460317,-0.0036705509920039736,2024-03-08
17951.8,17533.585,15938.345,0.029752329600592285,0.01354977127535184,0.0009701875233885104,287.51785714285717,0.010059589690841293,0.5714285714285714,-0.014532107087301793,2024-03-11
17955.3125,17553.505,15955.8575,0.02543623054199141,0.013033492972076788,0.003918069130913748,275.57142857142856,0.009987680168439272,0.5436507936507936,-0.017547689872554062,2024-03-12
17981.5625,17583.355,15974.04375,0.036434741833967436,0.013085495475978481,0.02966269280750322,273.4107142857143,0.009836922450793779,0.5198412698412699,-0.0053216166798569775,2024-03-13
17993.0375,17614.59,15991.64875,0.02778435376582707,0.013786435146949216,0.012839519986572956,259.9642857142857,0.009785622437120134,0.503968253968254,-0.01187129874737336,2024-03-14
17996.375,17646.0,16008.77875,0.02125127507650459,0.014374618445453402,0.003717782697689964,264.5357142857143,0.009809117125073779,0.5238095238095238,-0.016401495510738773,2024-03-15
18004.4625,17674.34,16026.6125,0.011805815662706491,0.01422230919068923,0.009127459970374563,270.3392857142857,0.009495664016224925,0.4246031746031746,-0.023933629888382546,2024-03-18
18026.4375,17703.14,16045.15125,0.029647847782935718,0.014367950283012965,0.024706973606543503,296.4642857142857,0.010357581209236433,0.6428571428571429,-0.005103293944273113,2024-03-19
18060.975,17732.025,16063.7025,0.030536557443382722,0.014835916395769644,0.039285663505424395,300.94642857142856,0.009906725323467192,0.5436507936507936,-0.0026198728270064864,2024-03-20
18102.5625,17763.75,16082.27875,0.04379705861656463,0.015548155891465631,0.04696499153020883,303.4642857142857,0.01024442207590656,0.6190476190476191,0.0,2024-03-21
18130.325,17796.17,16100.56875,0.044030822362339864,0.016095446741428487,0.030805292795916595,292.01785714285717,0.009590709230307597,0.44047619047619047,0.0,2024-03-22
18160.475,17828.35,16118.14,0.04126293235212465,0.016811450710165543,0.03357274093870055,291.19642857142856,0.009535038373866237,0.4365079365079365,-0.0008476970895733293,2024-03-25
18189.675,17859.665,16134.8775,0.03771543307223283,0.01744153090792988,0.03253617839185474,274.39285714285717,0.009550434730719624,0.4444444444444444,-0.002502724740645057,2024-03-26
18213.0625,17889.69,16150.64625,0.03298324342121084,0.017421874266884796,0.02596879857872536,270.6607142857143,0.009590503754136516,0.44841269841269843,-0.0053822037433226555,2024-03-27
18245.3375,17922.62,16166.9875,0.03254992852607493,0.017487208047419767,0.036141205453374736,252.75,0.009313503881418815,0.3492063492063492,-0.003969375260700514,2024-03-28
18265.075,17949.585,16183.08625,0.02872851935016887,0.017204182250935007,0.0218449959879361,229.03571428571428,0.009049522204533873,0.23015873015873015,-0.006162623286104507,2024-04-01
18273.875,17970.27,16200.3875,0.029339013826726008,0.01674348235917167,0.009606200365690487,230.96428571428572,0.00854560611580461,0.12698412698412698,-0.0044268625788829175,2024-04-02
18278.8,17988.025,16215.93625,0.019747860034661866,0.01609234294029216,0.005398813357267107,231.01785714285714,0.008715205642886917,0.17857142857142858,-0.012728911852958213,2024-04-03
18299.075,18004.78,16232.6025,0.021326003427978635,0.015382055912959602,0.022548760652273625,230.73214285714286,0.008004776124436678,0.047619047619047616,-0.01028000914974636,2024-04-04
18300.7625,18013.58,16248.60125,0.003298622483703864,0.01406403490254049,0.0018709203542275343,248.60714285714286,0.008980833996195491,0.23809523809523808,-0.027274317469287768,2024-04-05
18303.575,18028.225,16264.7125,0.01565739278270609,0.013039603465240024,0.003081474177246468,258.98214285714283,0.009067658548503941,0.25793650793650796,-0.01449158357889635,2024-04-08
18316.375,18044.355,16280.48875,0.014791052381755982,0.012115815540978403,0.014178701485717538,233.41071428571428,0.008683430055645813,0.17857142857142858,-0.014451217050821419,2024-04-09
18335.5625,18058.045,16296.8675,0.018036559328543138,0.011107711146877364,0.021319444444444446,234.19642857142858,0.008664869294654702,0.1746031746031746,-0.010549119336912494,2024-04-10
18333.9375,18072.495,16311.2375,0.006584868331683092,0.010218455434387153,-0.0017833625987708768,241.19642857142858,0.008602839655233402,0.14285714285714285,-0.020896406033450443,2024-04-11
18352.9625,18096.895,16326.8775,0.021418315130855296,0.00972374574699475,0.021017454706142358,259.2142857142857,0.009166155677115005,0.30158730158730157,-0.005126549065514907,2024-04-12
18360.4875,18107.755,16341.01125,0.0035203149147974987,0.008811902893576695,0.008351367848621116,277.39285714285717,0.009960630364433195,0.6031746031746031,-0.021972846782114974,2024-04-15
18360.0875,18111.535,16353.61375,-0.013059909057956703,0.007861039372252021,-0.0004473522339651925,300.48214285714283,0.010513327293118359,0.7142857142857143,-0.03793108088106678,2024-04-16
18343.475,18115.395,16366.98,-0.012124770119558554,0.007080821824519301,-0.018227452271231126,301.7142857142857,0.009512813103657924,0.45634920634920634,-0.03681427360432732,2024-04-17
18312.975,18115.675,16379.33875,-0.024960427916707453,0.006159197724159959,-0.033381672914329474,313.0357142857143,0.009849090244956374,0.5753968253968254,-0.04931444179819422,2024-04-18
18262.3875,18109.155,16391.0225,-0.03198133761624984,0.005305719351733407,-0.054566046894171216,325.4642857142857,0.009143543257905654,0.2777777777777778,-0.056499683795530053,2024-04-19
18192.4,18095.535,16400.61,-0.050594525113515566,0.0037335899679531437,-0.07533739689715957,342.7142857142857,0.009845393847734718,0.5714285714285714,-0.07533739689715957,2024-04-22
18131.475,18081.69,16410.04875,-0.04071466771081678,0.0020690681379300635,-0.06563779357897004,341.73214285714283,0.010283327355913629,0.6666666666666666,-0.06642984970196042,2024-04-23
18087.7875,18076.285,16419.84625,-0.023057005352593182,0.0010100761184281826,-0.04714499615555823,353.30357142857144,0.011337326438215846,0.8373015873015873,-0.04952972994792715,2024-04-24
18039.225,18072.475,16428.92625,-0.03120629576192517,-1.1066540619442122e-06,-0.05255752918735368,339.19642857142856,0.011421167557371156,0.8373015873015873,-0.05765685760034445,2024-04-25
18004.825,18071.345,16438.88375,-0.014019155740759813,-0.0014118444075627012,-0.03717713174105697,350.30357142857144,0.012263387457119895,0.8611111111111112,-0.04099893701476065,2024-04-26
17973.4125,18069.0,16448.33,-0.012839670153301234,-0.0021402432272803473,-0.034023368218681016,356.9642857142857,0.012280823391582502,0.8611111111111112,-0.039976318303529434,2024-04-29
17944.075,18072.79,16458.1825,-0.008965964856560656,-0.002139244409709029,-0.03172050277064464,350.57142857142856,0.012327745377405434,0.8650793650793651,-0.03600694304282892,2024-04-30
17902.2875,18067.17,16467.73625,-0.030977181263031138,-0.002662100384783317,-0.04556171888841942,352.8392857142857,0.013137223994366667,0.9365079365079365,-0.05771067963777765,2024-05-01
17856.525,18064.985,16477.32875,-0.03274206981074164,-0.0027981292444250183,-0.04977227924682215,349.875,0.013089153136793447,0.9325396825396826,-0.059540628910507376,2024-05-02
17840.0875,18065.67,16488.20875,-0.017791756408702158,-0.002401271622005541,-0.018190117855364396,348.55357142857144,0.013189128365331515,0.9404761904761905,-0.044968312275461164,2024-05-03
17825.95,18065.735,16499.72,-0.0021025992023020698,-0.0016468150844946017,-0.01544195953141636,335.80357142857144,0.01335870974512939,0.9404761904761905,-0.029709764663141347,2024-05-06
17819.725,18070.25,16512.5275,0.00644706077669097,-0.0006326842236538122,-0.006799098914601731,337.32142857142856,0.013528790270583303,0.9682539682539683,-0.02115206071125819,2024-05-07
17810.4375,18075.225,16525.595,0.006792446567055263,-5.864036775260484e-05,-0.010104032093560922,320.51785714285717,0.013493612141923995,0.9563492063492064,-0.02054656279013445,2024-05-08
17808.8375,18078.175,16537.165,0.004498518240917611,0.00031539675667002776,-0.001759063298793384,313.64285714285717,0.013295120863582248,0.9285714285714286,-0.02261871123131365,2024-05-09
17795.6375,18085.375,16548.9225,0.007471506673209707,0.0007763672266785093,-0.01428223646839244,292.0,0.012781976087730178,0.8928571428571429,-0.01933556694788685,2024-05-10
17799.05,18088.76,16561.08,0.00834717249828079,0.001093585699263766,0.003755881462730093,282.0357142857143,0.012189936586053388,0.8174603174603174,-0.01829949272729714,2024-05-13
17819.575,18088.04,16575.24375,0.010916605668718065,0.0008438099485470474,0.02296503496503499,262.5,0.011548186370798479,0.7896825396825397,-0.015837134514727014,2024-05-14
17845.3125,18091.355,16590.05125,0.017640746091157927,0.0013386158429904427,0.028763812637078612,258.9642857142857,0.01161778870407853,0.7936507936507936,-0.009109379835573694,2024-05-15
17896.8625,18105.58,16606.69875,0.03252698891722873,0.0022471648883184425,0.058368952925524464,244.26785714285714,0.011487954717044885,0.7817460317460317,0.0,2024-05-16
17952.3,18117.57,16622.44125,0.028766550922667902,0.0028728522108507626,0.06324871648602404,236.75,0.011313005384926801,0.7698412698412699,-0.002982160528497646,2024-05-17
18025.0,18125.165,16638.85625,0.028073399607672488,0.0032896530365358334,0.08463329452852153,235.58928571428572,0.009955355889842414,0.5317460317460317,-0.003236245954692518,2024-05-20
18095.0,18138.97,16656.56625,0.033437951548516746,0.003802935764585458,0.08071257674901267,215.25,0.009882240972046234,0.5119047619047619,0.0,2024-05-21
18152.0125,18154.965,16674.48,0.03551562892024302,0.004411563341535363,0.06456864577139787,196.53571428571428,0.009311833303814817,0.3134920634920635,0.0,2024-05-22
18217.4125,18166.815,16693.045,0.035762185061057834,0.004903149792498285,0.07470657109404,185.01785714285714,0.008917012517242924,0.1865079365079365,0.0,2024-05-23
18260.8125,18178.455,16710.07625,0.027920139527809057,0.0051467000269556085,0.048714782803906065,190.01785714285714,0.00857953328771048,0.11507936507936507,-0.006935402439348426,2024-05-24
18312.55,18195.47,16728.885,0.03716749278804003,0.00589924350812332,0.05801143690082422,192.16071428571428,0.008734055954516966,0.16666666666666666,0.0,2024-05-27
18364.5625,18216.83,16748.95,0.04030174294869075,0.007120174435704563,0.058079644905992156,192.60714285714286,0.008734575407358851,0.17063492063492064,0.0,2024-05-28
18436.7125,18231.28,16769.98125,0.039449780816267495,0.0077343571003940514,0.08242181922033409,191.98214285714286,0.006393806795948332,0.003968253968253968,-2.6383831987719653e-05,2024-05-29
18500.375,18240.745,16789.995,0.027740369157071218,0.007465378076813689,0.07286748504878826,197.375,0.007093730417630503,0.027777777777777776,-0.010777795366999077,2024-05-30
18542.85,18241.785,16808.1025,0.019294438565085607,0.006856051887753178,0.047874663623427294,203.03571428571428,0.006976799234144001,0.023809523809523808,-0.01885124795525306,2024-05-31
18570.05,18241.625,16826.145,0.018097346042361906,0.006425320817769142,0.030175701349308692,225.82142857142858,0.006241402115766673,0.003968253968253968,-0.02001213656271439,2024-06-03
18593.8625,18243.605,16842.685,0.022988603403768085,0.005768519381199599,0.02618664687203598,229.625,0.006060417187970462,0.003968253968253968,-0.015197087224948502,2024-06-04
18619.275,18247.065,16862.05625,0.025164868980299095,0.005072992429343559,0.027928893284976386,224.48214285714286,0.00606235668025644,0.007936507936507936,-0.012914885758007477,2024-06-05
18665.7,18259.23,16882.64,0.04538909910220751,0.005087022683943232,0.051130262397092396,243.60714285714286,0.007310920913845846,0.047619047619047616,0.0,2024-06-06
18708.1,18270.48,16902.49,0.043678108073789,0.005062311401051289,0.04654098405641993,241.10714285714286,0.007349194704180323,0.051587301587301584,-0.001021584241408191,2024-06-07
18747.6625,18281.795,16920.515,0.040980932124006525,0.004744312732784417,0.043380528790142314,244.83928571428572,0.007406482861076832,0.05555555555555555,-0.0029861693210393447,2024-06-10
18788.7125,18293.975,16938.485,0.0444148961611679,0.0042348202184461226,0.04489896365973034,246.67857142857142,0.007417558779216945,0.06349206349206349,0.0,2024-06-11
18830.5875,18312.07,16957.0425,0.051110005586479317,0.004431394833495084,0.04549034518345518,250.60714285714286,0.007437146894499248,0.06746031746031746,0.0,2024-06-12
18876.3625,18336.495,16977.53125,0.06945193178958144,0.005249237352970004,0.04897162266976918,249.10714285714286,0.007774449088389988,0.07936507936507936,0.0,2024-06-13
18924.8375,18367.2,16997.95625,0.06756881832832436,0.006875149553621007,0.052015290724968244,244.96428571428572,0.007695573060114989,0.07539682539682539,-8.924018357980845e-05,2024-06-14
18977.95,18394.915,17018.85,0.07074427905755472,0.008403308367538553,0.057006010518407146,250.33928571428572,0.0076780027448941,0.07539682539682539,0.0,2024-06-17
19036.375,18426.97,17041.4825,0.08069856303016713,0.01005091921251311,0.06233496039049369,264.60714285714283,0.007868092979141024,0.09126984126984126,0.0,2024-06-18
19093.0625,18457.965,17064.72375,0.07994028594159756,0.011558023167013598,0.06030665301400284,259.75,0.007881394862603223,0.09523809523809523,0.0,2024-06-19
19149.7875,18493.155,17087.905,0.07883160012447855,0.012811328845739878,0.06029282810299463,246.14285714285714,0.007881572794115475,0.0992063492063492,0.0,2024-06-20
19204.75,18519.17,17109.46875,0.06836591488711437,0.013611574518020308,0.058827464411859154,244.33928571428572,0.007978353740841493,0.10714285714285714,-0.00830785424289504,2024-06-21
19249.6625,18551.14,17131.7725,0.06570270075046604,0.014732962490827672,0.04759759958668375,231.19642857142858,0.007838655965813483,0.09126984126984126,-0.009072226956042262,2024-06-24
19289.775,18588.705,17153.6475,0.06264798973355046,0.016110768709370227,0.04233285842435763,235.48214285714286,0.007856480842760007,0.09523809523809523,-0.009911783870482638,2024-06-25
19340.75,18630.19,17176.07375,0.07191606741530823,0.017372148533726595,0.05379805282182537,225.5,0.008080244336395693,0.1388888888888889,0.0,2024-06-26
19401.05,18675.975,17198.73,0.06836456998898326,0.018513898103208914,0.06433115073279372,230.0,0.007495074849476777,0.07142857142857142,-0.0008637956935403368,2024-06-27
19474.725,18726.72,17221.94375,0.07158381179405676,0.019574023258852824,0.07924705882352945,231.98214285714286,0.007020575550193473,0.03968253968253968,0.0,2024-06-28
19544.4875,18782.46,17244.8625,0.06306628631180372,0.021068050599853283,0.07512754586939852,247.03571428571428,0.007213278206486555,0.051587301587301584,-0.004995701952185794,2024-07-01
19613.4625,18836.4,17269.4175,0.0640302817948227,0.022219062602261808,0.0739163049884799,247.0,0.007207156779052751,0.051587301587301584,-0.0012333528510384273,2024-07-02
19690.1625,18888.015,17296.3725,0.07159222395789079,0.02329888479038722,0.08200467758102237,244.83928571428572,0.007332817389387951,0.06349206349206349,0.0,2024-07-03
19756.7125,18946.225,17324.0825,0.0777344827267702,0.024499335024229296,0.06972967309304279,247.73214285714286,0.006383501421778976,0.015873015873015872,0.0,2024-07-04
19822.3625,18997.495,17351.235,0.0728519733785955,0.025828641348397463,0.0688570154967616,237.19642857142858,0.00641558460464587,0.023809523809523808,-0.0018365248053283656,2024-07-05
19900.325,19052.56,17380.56125,0.08070778939942971,0.027029066677304092,0.08193211076664397,231.33928571428572,0.006463017236357938,0.027777777777777776,0.0,2024-07-08
19979.2375,19108.04,17410.1475,0.08251552749523232,0.027938202257768774,0.082602779158925,228.89285714285714,0.006464613189940761,0.031746031746031744,0.0,2024-07-09
20051.2375,19171.65,17439.20625,0.07909334877279725,0.029063579061727296,0.07481296758104738,236.55357142857142,0.0064657908059153205,0.03571428571428571,0.0,2024-07-10
20115.55,19240.105,17469.2275,0.08607775269417711,0.030206187361034864,0.06559153493115755,224.69642857142858,0.005647192521709904,0.003968253968253968,0.0,2024-07-11
20156.8125,19293.89,17496.43,0.05906584934401516,0.030286670596879617,0.042086876697308595,258.39285714285717,0.008027045195340123,0.17063492063492064,-0.022145121732368267,2024-07-12
20198.9875,19344.13,17525.55625,0.06180789727943303,0.029903963591563665,0.04282541092847625,266.01785714285717,0.008039823777794986,0.17857142857142858,-0.01706047735837768,2024-07-15
20234.5875,19392.915,17554.1725,0.06358430385529969,0.029544658214945452,0.03575374108667262,268.48214285714283,0.007783348756496999,0.1349206349206349,-0.01293294251360888,2024-07-16
20267.2875,19440.705,17582.81,0.05898937307057528,0.029261412594176806,0.03280909022499823,272.0892857142857,0.007824249707999328,0.1388888888888889,-0.014775378357360758,2024-07-17
20270.5875,19477.855,17607.1875,0.027679895963903647,0.02805994333963624,0.003308104856899474,299.875,0.010269227361350143,0.6626984126984127,-0.0420769276784112,2024-07-18
20277.9875,19512.11,17630.8775,0.021583519158102298,0.02708857141428389,0.007480319935305291,302.5,0.010129250595511325,0.6428571428571429,-0.04608482383202728,2024-07-19
20274.5625,19541.345,17652.97125,0.008195699937747316,0.025654557707730508,-0.0034648457258472654,307.0,0.010482496920708611,0.7142857142857143,-0.05717533050188428,2024-07-22
20286.0,19575.275,17675.8275,0.020777485884617128,0.024452272446572332,0.011580372850037435,306.5,0.01095657696334023,0.75,-0.04375186935454922,2024-07-23
20284.7375,19605.96,17698.9325,0.0172799495663564,0.02265376219574211,-0.001264396594892303,305.51785714285717,0.010691410715349436,0.7341269841269841,-0.04553448585272479,2024-07-24
20250.5875,19617.465,17719.7475,-0.017724767190867942,0.01961319857661903,-0.03423087043139417,357.4642857142857,0.013170702419878541,0.9166666666666666,-0.07783693246395884,2024-07-25
20196.9625,19624.585,17738.20125,-0.03209418186422791,0.0171398821077553,-0.05344529021166333,373.76785714285717,0.013336846738822874,0.9285714285714286,-0.09099718849075789,2024-07-26
20157.4,19635.42,17757.86875,-0.02341024536271688,0.015058314847966603,-0.03962788601191969,387.7142857142857,0.013598602465627573,0.9722222222222222,-0.0823353472513011,2024-07-29
20116.3625,19644.945,17778.665,-0.021542182989059,0.01299598332690044,-0.04095048022951231,395.4642857142857,0.01357115238869428,0.9682539682539683,-0.08013399533409105,2024-07-30
20047.45,19646.19,17798.72625,-0.03991562740663705,0.010569832729831363,-0.06809451464285277,420.9642857142857,0.01376233407942584,0.9801587301587301,-0.0973500029909673,2024-07-31
20005.6375,19661.515,17823.39875,-0.004006049381240429,0.009429169690399641,-0.04095450315882265,433.5357142857143,0.016365569122669846,1.0,-0.06285816833163849,2024-08-01
19934.8,19667.09,17844.4775,-0.03571143468606693,0.00794275965028901,-0.06951156686210536,466.0892857142857,0.017683812779688935,1.0,-0.09243285278459057,2024-08-02
19830.775,19659.85,17862.88125,-0.05849993769026715,0.006064321570495634,-0.10104296936656909,487.9107142857143,0.017946886645130066,1.0,-0.11420709457438538,2024-08-05
19703.5125,19643.62,17881.2575,-0.07657040810196894,0.0034913941183456476,-0.12304958967355173,555.3214285714286,0.01808213173867074,1.0,-0.13192558473410299,2024-08-06
19573.95,19626.545,17900.68,-0.07794520125676722,0.0010499358358375677,-0.1252537703016241,547.4464285714286,0.018041600669604717,0.996031746031746,-0.13397140635281446,2024-08-07
19422.025,19608.765,17918.61375,-0.08929756667490275,-0.00044348237654567857,-0.14540886522701446,570.3214285714286,0.017654289018129612,0.9841269841269841,-0.14540886522701446,2024-08-08
19328.225,19608.04,17939.34125,-0.05357700208689909,-0.0008430751529266978,-0.09181001786282328,607.75,0.020089925248057677,1.0,-0.11192199557336846,2024-08-09
19231.375,19608.66,17960.09375,-0.051299272872292134,-0.0013628432699681614,-0.09430494528901279,604.1071428571429,0.02002716554071421,0.996031746031746,-0.10975653526350426,2024-08-12
19131.25,19607.87,17979.41,-0.05020280122216227,-0.001887253947516765,-0.09708620188112094,606.5535714285714,0.01996497716529836,0.9920634920634921,-0.10876353412693662,2024-08-13
19056.9,19615.755,18000.0625,-0.026267405970353982,-0.0015491553324078478,-0.07222829386763818,586.5535714285714,0.02108878535678445,1.0,-0.08593647185499786,2024-08-14
19013.425,19616.945,18019.8775,-0.02393058654138041,-0.002266864989803663,-0.043438077634011085,570.2142857142857,0.020324626532143446,0.996031746031746,-0.0836872644613268,2024-08-15
18995.1625,19626.935,18041.6025,-0.003002761256406123,-0.00204173571179056,-0.018323655199227407,584.4285714285714,0.02100696266795448,0.996031746031746,-0.06356403660943954,2024-08-16
18990.3125,19638.405,18062.74625,-0.0017264640381944886,-0.0010908018118144236,-0.004923482983529182,582.5357142857143,0.02085937027104603,0.9920634920634921,-0.061817311718609824,2024-08-19
18983.85,19653.33,18085.21,0.01014688096113983,0.0004943080755992479,-0.006468321489340401,565.0535714285714,0.020805806832812218,0.9880952380952381,-0.04993718968714478,2024-08-20
18976.875,19664.475,18107.96,0.007158848634402976,0.0019325867084605264,-0.006994321814011162,522.5178571428571,0.020808208622412026,0.9880952380952381,-0.05221032481904653,2024-08-21
19009.175,19670.59,18129.6325,0.012463276393844813,0.003152926765148223,0.03352404675722309,475.82142857142856,0.01922213200045534,0.9642857142857143,-0.04692229467009634,2024-08-22
19040.0375,19670.665,18149.9075,-0.0029823597727886104,0.0031938429338169705,0.03249582121375649,467.82142857142856,0.019267035966768365,0.9642857142857143,-0.06145839564515165,2024-08-23
19070.1375,19672.295,18169.33,0.005360584517464879,0.003245249802893202,0.03139381771247529,406.92857142857144,0.019245502295620918,0.9603174603174603,-0.053526350421726376,2024-08-26
19086.5375,19665.01,18187.85375,-0.005861171695310524,0.002914136007633683,0.017064003017415175,393.92857142857144,0.01946597992949737,0.9642857142857143,-0.06443739905485435,2024-08-27
19125.25,19659.065,18206.54375,-0.0011605333213964494,0.002207919093605959,0.04104813911568228,360.25,0.018911849757487234,0.9484126984126984,-0.06029790034097027,2024-08-28
19111.8125,19646.325,18223.74375,-0.016915377303388837,0.0014976847822125716,-0.013723813049750455,332.64285714285717,0.017372763315636856,0.9246031746031746,-0.07571932763055578,2024-08-29
19136.05,19639.61,18240.54125,-0.00967992745273458,0.0006457961979289273,0.025560579496170632,351.30357142857144,0.015782602246496077,0.9166666666666666,-0.06923491057007836,2024-08-30
19190.2625,19636.09,18258.67,-0.002143502092320831,-0.00011788126377876296,0.05857723632139811,352.1607142857143,0.014631623257884316,0.9126984126984127,-0.062319794221451175,2024-09-02
19265.625,19633.96,18276.67875,0.0006514223315113647,-0.0009855836135658214,0.08309214697207756,327.875,0.013591841749151817,0.9007936507936508,-0.059795417838128806,2024-09-03
19310.5625,19614.47,18291.345,-0.031556804746699814,-0.002542910502314366,0.04966361363228211,363.14285714285717,0.015963619846429463,0.9166666666666666,-0.09096129688341215,2024-09-04
19365.7875,19594.66,18306.1025,-0.03227460951095859,-0.003860077404897355,0.06184989710349842,347.9642857142857,0.015569225071996129,0.9087301587301587,-0.09255249147574329,2024-09-05
19384.1,19571.79,18320.70375,-0.033110921382254806,-0.005026520455714167,0.019735955813013684,354.0,0.013165672219424319,0.8492063492063492,-0.09439492731949517,2024-09-06
19372.8375,19540.0,18332.3325,-0.05949334698055271,-0.006724939820188625,-0.012108424829662234,374.5357142857143,0.014791627041371252,0.9047619047619048,-0.12053598133636423,2024-09-09
19377.875,19513.635,18345.7475,-0.04045299607172105,-0.007697682330189526,0.005409831664295206,386.6607142857143,0.015408780587827802,0.9047619047619048,-0.10394209487348205,2024-09-10
19364.7375,19485.585,18360.15,-0.03324688481254215,-0.00882442781485282,-0.013756184393078685,392.625,0.01432694435424774,0.8928571428571429,-0.09851049829514869,2024-09-11
19369.675,19462.13,18376.22625,-0.01109231106769922,-0.009375544790183432,0.005157331244287855,411.3392857142857,0.015152634182394863,0.9007936507936508,-0.07896153616079438,2024-09-12
19361.9375,19442.765,18394.005,-0.0015180454014642167,-0.010022856869357444,-0.007908319705641875,410.39285714285717,0.014442901526559639,0.8888888888888888,-0.0709696715917928,2024-09-13
19356.9125,19421.04,18412.0225,0.004271655894843897,-0.01095177298535499,-0.005126374046774962,399.05357142857144,0.014479494856964547,0.8888888888888888,-0.06662678710294911,2024-09-16
19335.1875,19395.71,18430.04375,0.0011621126527464514,-0.012134587215212878,-0.021886136681316226,398.69642857142856,0.014181841825838622,0.876984126984127,-0.07073039420948735,2024-09-17
19317.4125,19370.945,18447.2125,0.004068206274913294,-0.012415578906796898,-0.01794978604157993,385.2142857142857,0.014191061513728098,0.876984126984127,-0.06922294670096307,2024-09-18
19291.8125,19341.095,18463.76875,0.003239475324432191,-0.012940515426141497,-0.02570829619773296,369.5357142857143,0.014111355773782452,0.8690476190476191,-0.07142429861817312,2024-09-19
19302.125,19328.79,18481.635,0.025322847420867996,-0.012415829109141296,0.010516520497654502,391.26785714285717,0.014550229590011387,0.8888888888888888,-0.05158820362505234,2024-09-20
19304.2625,19314.405,18498.80875,0.026202981660579303,-0.011545291709314287,0.0021615198897750876,386.60714285714283,0.01443114023420358,0.876984126984127,-0.0514805288030149,2024-09-23
19329.9375,19303.15,18516.375,0.03937699287421993,-0.010786560269267942,0.026266320541183497,356.0,0.01439527923426422,0.873015873015873,-0.03986361189208587,2024-09-24
19357.4,19295.11,18534.67625,0.04614588877700098,-0.00977517482795609,0.02797122668533958,354.0,0.01441897032429455,0.873015873015873,-0.03401327989471792,2024-09-25
19403.775,19299.6,18552.9675,0.048804120292648634,-0.008351090039990572,0.0480221600911257,345.9107142857143,0.01378814366222423,0.8492063492063492,-0.03133337321289709,2024-09-26
19448.6,19307.855,18570.0975,0.053768013070328136,-0.006938827887905896,0.04609372991593608,325.51785714285717,0.013761606380501465,0.8412698412698413,-0.026332475922713372,2024-09-27
19478.6,19317.705,18585.9375,0.04536227258879863,-0.005320775818390744,0.030621618862917144,315.9107142857143,0.013871102408106056,0.8492063492063492,-0.033606508344798725,2024-09-30
19507.9375,19322.735,18603.13625,0.04713437305847228,-0.0037624299394040106,0.029864990392812985,311.26785714285717,0.013868784918442118,0.8452380952380952,-0.03171621702458571,2024-10-01
19556.1625,19323.04,18618.185,0.03296375725558707,-0.002473033711055339,0.05077518359611477,294.67857142857144,0.011751889771994217,0.6785714285714286,-0.04480468983669317,2024-10-02
19611.0125,19338.83,18633.66875,0.03725251217369397,-0.0001171081575267463,0.05785178446650585,291.67857142857144,0.011720581533281274,0.6746031746031746,-0.027477455638514448,2024-10-03
19662.75,19358.105,18648.01125,0.031015174264216485,0.001516649516084545,0.05467996565162814,297.60714285714283,0.011804836673783828,0.6785714285714286,-0.03236206729370694,2024-10-04
19754.0625,19378.665,18663.38,0.04257697834190328,0.0033270504579354654,0.09937423479798668,302.89285714285717,0.009267553662187901,0.3611111111111111,-0.02047173470377195,2024-10-07
19818.8,19394.61,18678.0275,0.032193996166976255,0.004738086788943718,0.06914829699453917,306.1607142857143,0.009153986238643155,0.32936507936507936,-0.027613843351548262,2024-10-08
19891.2125,19423.09,18694.4375,0.04442701959368977,0.0066327686133946795,0.07688020066090706,312.8392857142857,0.009404243743308829,0.42857142857142855,-0.0029489826010026254,2024-10-09
19951.35,19440.415,18713.025,0.05188083690600222,0.007296265207569208,0.062492693381827724,292.80357142857144,0.00850614222415681,0.21825396825396826,0.0,2024-10-10
20002.3875,19469.8,18732.48375,0.049522850774019286,0.008387518965726537,0.05258006773724122,300.92857142857144,0.008438810759218866,0.21825396825396826,-0.0007335322020636248,2024-10-11
20047.8,19507.85,18752.2925,0.04636082397598923,0.009843042949460035,0.04656737079573414,289.3392857142857,0.00846091991905131,0.2222222222222222,-0.0017971538950559696,2024-10-14
20108.7625,19557.81,18773.15,0.055205056189828954,0.01216572084645362,0.06278887129375721,291.82142857142856,0.00852040221634052,0.23015873015873015,0.0,2024-10-15
20153.0125,19602.57,18790.88375,0.037351224864902936,0.014466150253790167,0.045501870203987105,305.8392857142857,0.009407573218691448,0.44841269841269843,-0.014669897032101753,2024-10-16
20199.0375,19651.9,18808.35875,0.034212976862288046,0.016188673254793562,0.047439283643625485,294.5892857142857,0.009369032778730897,0.44047619047619047,-0.015178679588128352,2024-10-17
20227.325,19688.43,18825.50125,0.0353288708139755,0.017063911989319225,0.02854692013674276,301.35714285714283,0.008263560144368114,0.21428571428571427,-0.012283464566929081,2024-10-18
20260.5125,19726.06,18843.12875,0.03843595730723716,0.01792667348344179,0.03348805529628418,300.05357142857144,0.008293498965005575,0.21825396825396826,-0.007425802543912785,2024-10-21
20284.2875,19764.365,18861.0475,0.03918086920576494,0.019064832961322775,0.02370004859631414,278.5,0.007922503536770707,0.1626984126984127,-0.0047849788007268135,2024-10-22
20300.8875,19792.705,18878.7975,0.03661929988851944,0.019029670356261574,0.016447449902157407,277.48214285714283,0.007850077646713305,0.14682539682539683,-0.005814657783161703,2024-10-23
20302.575,19815.26,18895.28125,0.023213927044106495,0.01928173858428428,0.0016673665489217449,291.73214285714283,0.008326914063220942,0.23412698412698413,-0.017552998182919444,2024-10-24
20304.825,19831.72,18912.93875,0.02820128561718292,0.018588788790845356,0.0022117369507519413,280.7142857142857,0.008345177819706937,0.23809523809523808,-0.011944276196244719,2024-10-25
20318.9875,19849.175,18929.74,0.031642373045731156,0.017496802569222147,0.014026443498068808,282.44642857142856,0.008192824014716585,0.2222222222222222,-0.007764990914597258,2024-10-28
20332.675,19862.265,18944.96,0.03247288262441371,0.015566926971884776,0.013529542590258625,266.19642857142856,0.008189596381477485,0.2222222222222222,-0.006311326468806833,2024-10-29
20370.125,19880.34,18961.2275,0.04168238571372521,0.014170080759818848,0.03752505010020046,269.1607142857143,0.0076986848352674775,0.12698412698412698,0.0,2024-10-30
20392.4375,19892.135,18976.0,0.03083454842831107,0.012224517731109774,0.02224659446390076,277.1607142857143,0.008087316795866823,0.21031746031746032,-0.009826645419865776,2024-10-31
20396.3125,19900.615,18988.015,0.006803056086457549,0.010777141702004833,0.0038830573439887495,299.76785714285717,0.009671692383631494,0.5476190476190477,-0.032497947752185063,2024-11-01
20394.6,19908.45,19000.97125,0.01311252257207363,0.009246144440400172,-0.0016952298459443904,297.76785714285717,0.009383186554790804,0.48412698412698413,-0.026051475204017627,2024-11-04
20399.4,19919.755,19014.0225,0.00980157637480978,0.007862129645956228,0.004795444327888587,285.6607142857143,0.009161619726187705,0.3888888888888889,-0.028683181225554133,2024-11-05
20403.4,19934.35,19027.35625,0.021653577869356237,0.0071564245513686675,0.00394360642807845,296.51785714285717,0.009099986290916993,0.36904761904761907,-0.016562847071321607,2024-11-06
20427.1625,19966.555,19044.6325,0.047964959403362255,0.0076352770541492365,0.023240745268717333,317.55357142857144,0.010797138722842459,0.7023809523809523,0.0,2024-11-07
20466.7,20002.06,19064.43375,0.061128203795009044,0.008589270118779524,0.03869775863756475,330.5357142857143,0.011173479180938126,0.7103174603174603,0.0,2024-11-08
20507.45,20034.725,19082.4275,0.059522903359042936,0.009347995571604262,0.03992700461732546,325.76785714285717,0.011160091573246354,0.7103174603174603,0.0,2024-11-11
20536.125,20066.01,19100.0525,0.05706116960970326,0.010257893548394348,0.027789218655360326,325.80357142857144,0.01096794942943518,0.7103174603174603,-0.00076552544488806,2024-11-12
20578.425,20109.715,19117.4425,0.053259581252146034,0.01153778054097665,0.041603658761479645,306.80357142857144,0.010320505656914574,0.6746031746031746,-0.0021905805038334725,2024-11-13
20620.5125,20153.79,19135.025,0.05022430024327926,0.013153691144766722,0.041416042412389054,309.92857142857144,0.01032293074403373,0.6785714285714286,-0.002885442061501098,2024-11-14
20650.4,20194.95,19150.65375,0.03896023510828198,0.014790246432082599,0.02932447017268447,302.5357142857143,0.010595663679716613,0.6984126984126984,-0.011565322875078055,2024-11-15
20651.375,20237.475,19163.8675,0.013157520886375474,0.0165269018934171,0.0009519508890978301,329.4642857142857,0.011880611758720034,0.7579365079365079,-0.03408354826932358,2024-11-18
20655.975,20275.605,19176.8325,0.01751587683820041,0.01786417553830355,0.004479337837015374,323.75,0.011947132670076924,0.7579365079365079,-0.028100672484660083,2024-11-19
20667.8375,20313.945,19190.9575,0.02169962555279146,0.0190422562059962,0.011563299622273648,330.30357142857144,0.01201133959575838,0.7579365079365079,-0.022259124474437342,2024-11-20
20691.0375,20343.805,19206.15875,0.019438104130471152,0.01889409565145317,0.022885044574049607,320.9107142857143,0.011656649502762741,0.7341269841269841,-0.02298931797571513,2024-11-21
20711.1875,20371.42,19220.75625,0.020743767493871402,0.018466097991906683,0.019763621205433735,329.73214285714283,0.011613659147842495,0.7261904761904762,-0.02041008609216921,2024-11-22
20731.25,20398.91,19235.3775,0.02351056992751084,0.01817768898749561,0.019594916309563004,326.2857142857143,0.011611286743446629,0.7222222222222222,-0.01642935377875132,2024-11-25
20750.9625,20428.575,19251.27875,0.023150170777942135,0.018068614537718464,0.019224908264150464,323.19642857142856,0.011610758132418875,0.7182539682539683,-0.015345840841371361,2024-11-26
20765.5625,20459.6,19267.34125,0.026461905413595648,0.01739880450816922,0.014100149693369923,298.73214285714283,0.01146258156286889,0.7063492063492064,-0.010658469655749125,2024-11-27
20780.6125,20487.655,19283.46,0.015562786468241543,0.016565866767491277,0.014678988564043705,295.26785714285717,0.011435551508117882,0.7023809523809523,-0.019821220365332293,2024-11-28
20823.2875,20509.08,19299.3575,0.018548857384143913,0.015554878818714535,0.042598323018566475,292.26785714285717,0.009967369130138905,0.5952380952380952,-0.015911151939134838,2024-11-29
20864.3875,20532.5,19314.1925,0.022354803360525994,0.014578152659855181,0.04075460472495607,290.125,0.009932593719944382,0.5793650793650794,-0.011106007608145174,2024-12-02
20919.1875,20555.455,19330.4425,0.03189153438831679,0.0138023008437973,0.05448670146656731,298.85714285714283,0.010037840119454078,0.5992063492063492,-0.00076552544488806,2024-12-03
20967.0875,20578.225,19347.31625,0.03624097802410079,0.013009782196417241,0.04703918295197873,297.625,0.009797806741281619,0.5357142857142857,0.0,2024-12-04
20996.7625,20603.75,19364.845,0.04436085664017472,0.012777599863939004,0.028364218550246623,297.89285714285717,0.008081883201513705,0.19444444444444445,0.0,2024-12-05
21008.175,20625.89,19382.8075,0.040100572629835636,0.012491519982406718,0.01075395469911311,266.0357142857143,0.007539968969123727,0.10317460317460317,-0.0030091436139930705,2024-12-06
21028.5125,20654.69,19400.625,0.04741344459781296,0.012538905265036204,0.01916169075127483,265.8392857142857,0.007740710696941595,0.11507936507936507,0.0,2024-12-09
21041.6125,20679.48,19416.3825,0.038372338182584884,0.012282060789849503,0.012352081467163156,255.76785714285714,0.007960899356599372,0.15476190476190477,-0.007441989461033582,2024-12-10
21054.3125,20708.975,19432.3325,0.03504639896470016,0.012188654714657243,0.011992021056855817,247.75,0.007966095098029539,0.15476190476190477,-0.009210039752241883,2024-12-11
21083.775,20742.895,19451.1925,0.048804904040636546,0.012458233995057189,0.02783945951053579,249.25,0.008568332126944632,0.25793650793650796,0.0,2024-12-12
21116.275,20776.36,19469.155,0.041171312010381,0.013032276435607892,0.030979303442277173,248.03571428571428,0.0084043765034355,0.23412698412698413,-0.005676790659725817,2024-12-13
21179.1125,20807.495,19486.68625,0.04580104428716677,0.013393157189820926,0.06129366579284268,246.26785714285714,0.006137745266151574,0.015873015873015872,0.0,2024-12-16
21253.125,20849.335,19506.965,0.06051344083636245,0.014296934803924133,0.07174969402469622,255.0,0.006766138109519217,0.047619047619047616,0.0,2024-12-17
21315.7,20883.74,19526.99625,0.053750429760186555,0.014846518589431534,0.06029944952360311,243.42857142857142,0.006977906344143376,0.05555555555555555,-0.00473746099226624,2024-12-18
21338.0375,20898.48,19541.80625,0.013757938376379548,0.014304677546563171,0.021541280422387565,311.1607142857143,0.011507905884691664,0.7103174603174603,-0.04183438107729187,2024-12-19
21354.8375,20912.4,19556.93625,0.010405309768367023,0.0138907945305633,0.016158507261710087,320.75,0.011530565252632633,0.7103174603174603,-0.04436705712089006,2024-12-20
21360.0125,20923.795,19571.74125,0.002781761148013625,0.01302876005401199,0.004957252676198065,327.85714285714283,0.011631870990007504,0.7301587301587301,-0.051060558093256714,2024-12-23
21401.875,20945.82,19591.02,0.037856240529136616,0.012879434105693255,0.04005693371289132,370.7857142857143,0.014046873426440853,0.8492063492063492,-0.016835511736239872,2024-12-24
21454.1375,20980.05,19610.11125,0.050819707293357295,0.013089735247640233,0.049771439455263966,377.7142857142857,0.014295531152980635,0.8611111111111112,-0.002928406675410389,2024-12-26
21513.0125,21013.245,19628.66375,0.04619729127985711,0.01303337841704355,0.05659289164443804,385.57142857142856,0.014087589530633628,0.8452380952380952,-0.005743747456017356,2024-12-27
21554.55,21039.97,19644.55625,0.03233274572159555,0.012687978067380534,0.03976878336006129,404.5,0.014466030631847437,0.8809523809523809,-0.017672199357785745,2024-12-30
21574.425,21058.065,19658.6025,0.015715356562913133,0.012042295336367914,0.018936236095562498,420.23214285714283,0.01495072523360471,0.8968253968253969,-0.032653430419248286,2024-12-31
21575.625,21071.99,19671.9575,0.0077358616817869786,0.010679237491267868,0.0011314883786714969,426.5892857142857,0.014882872191454923,0.8928571428571429,-0.03961828953914337,2025-01-02
21568.575,21085.3,19685.20625,0.004633559873466383,0.009651527935130355,-0.006612267867191934,433.26785714285717,0.01483974285662018,0.8888888888888888,-0.04197006015105609,2025-01-03
21567.2,21109.6,19700.25875,0.018032080191003216,0.01010217010997927,-0.0012780146623136979,450.73214285714283,0.01506445684044683,0.8968253968253969,-0.028074261679706947,2025-01-06
21583.6,21137.4,19716.63375,0.030448399519335326,0.010759166810122123,0.015289236936558925,460.875,0.01534155917516692,0.9007936507936508,-0.01492469811406083,2025-01-07
21570.6625,21155.36,19731.18375,0.010394056163544342,0.011067065032896783,-0.011960340205232511,470.5,0.015826680941278645,0.9126984126984127,-0.03327529284066755,2025-01-08
21563.3375,21171.745,19745.32875,0.007309506136598614,0.01078616163033952,-0.006822521305825946,477.64285714285717,0.015750528133555413,0.9047619047619048,-0.035480077789335596,2025-01-09
21556.6875,21183.6,19760.12125,0.005577427821522379,0.009702074113264736,-0.0062048775936272005,411.92857142857144,0.01574814867625708,0.9007936507936508,-0.036599430147890244,2025-01-10
21518.7375,21193.415,19773.15875,-0.009303125522715469,0.008574115992080245,-0.03488813045127037,422.73214285714283,0.015626155341164686,0.8968253968253969,-0.05041608249287688,2025-01-13
21486.775,21212.545,19787.75625,-0.010373342755430726,0.008202245535521069,-0.029551469483513837,417.32142857142856,0.015602026983963253,0.8928571428571429,-0.05058568133508212,2025-01-14
21447.5875,21228.69,19801.0875,-0.011867901410779407,0.00810259632117205,-0.036017095195422955,387.0,0.015505691498754122,0.8849206349206349,-0.05129799647234412,2025-01-15
21410.825,21253.905,19816.41,0.005732828861331655,0.008633024218405394,-0.03325267966170686,401.4642857142857,0.015690947947866643,0.8968253968253969,-0.03325267966170686,2025-01-16
21371.2125,21270.865,19830.56125,-0.002673375060205666,0.008800681043191316,-0.0360011360408975,412.5,0.015733007398772248,0.8968253968253969,-0.040568043055492775,2025-01-17
21391.425,21284.185,19847.555,0.014379925752383692,0.008270407776556743,0.01908099688473519,409.69642857142856,0.01380030551171853,0.7738095238095238,-0.023551625887567318,2025-01-20
21418.95,21293.3,19863.535,0.018184123644526717,0.0073755523385088395,0.026053005205868507,392.76785714285717,0.013791118519329458,0.7698412698412699,-0.019469947085161254,2025-01-21
21458.5125,21304.22,19881.54375,0.0220158259725068,0.007036514623244505,0.03771089505290259,397.89285714285717,0.013663402563204996,0.753968253968254,-0.015275202387951659,2025-01-22
21470.8375,21319.705,19902.095,0.03121736440537044,0.0069885595164689285,0.01133919843597253,384.85714285714283,0.011350262255616878,0.6031746031746031,-0.005687214508615646,2025-01-23
21469.6125,21336.525,19922.725,0.03211511715239471,0.007219027927264587,-0.001111300107728086,369.19642857142856,0.010905076699909269,0.5753968253968254,-0.004036452444484695,2025-01-24
21465.8375,21351.375,19943.95,0.02609316730187166,0.007453258476748603,-0.0034343158660844475,356.0892857142857,0.010948567333225507,0.5753968253968254,-0.00915833747908279,2025-01-27
21445.0125,21357.815,19962.81875,-0.0025313919050239313,0.006848306037771534,-0.01917565405554722,400.23214285714283,0.012348544745645715,0.6944444444444444,-0.036508977432047396,2025-01-28
21453.4625,21378.9,19984.70875,0.008377418856910249,0.007075801662749903,0.007901257655804406,413.30357142857144,0.012177330910756939,0.6746031746031746,-0.02501017593053234,2025-01-29
21470.4375,21397.775,20005.85375,0.008259036278304568,0.006769109017848773,0.01598775606310343,427.44642857142856,0.012044541269772191,0.6706349206349206,-0.024263941024829316,2025-01-30
21491.6375,21414.82,20025.59125,0.008974159016979844,0.00676770784827041,0.020016050606618485,415.44642857142856,0.012020911058777502,0.6666666666666666,-0.02279408439238384,2025-01-31
21495.6875,21431.46,20045.905,0.006522654079563449,0.006919456864333595,0.003769151126673753,421.92857142857144,0.011607270603992583,0.6150793650793651,-0.024410926688073764,2025-02-03
21484.35,21446.665,20064.58625,0.0050163976543672,0.007202500317001093,-0.010410449474312466,441.0,0.011180577604935814,0.5714285714285714,-0.025179774772737584,2025-02-04
21494.8125,21460.785,20083.32375,0.0057647005922663195,0.00734901348183592,0.009789359188781432,434.57142857142856,0.010321658823902055,0.5079365079365079,-0.023811677445615298,2025-02-05
21517.05,21478.18,20102.62625,0.013645010890121961,0.007433264203233536,0.020854336154549458,432.5357142857143,0.010454520449865737,0.5158730158730159,-0.015365655103794507,2025-02-06
21544.175,21495.045,20124.31,0.01624583712199727,0.007429513475132321,0.025467391176781318,411.44642857142856,0.01045334935972585,0.5119047619047619,-0.012064130975532494,2025-02-07
21573.1375,21510.425,20144.82,0.003025277278342977,0.0074491689645279635,0.027588259808299043,423.01785714285717,0.0102990725534161,0.49206349206349204,-0.024218714666907837,2025-02-10
21615.3625,21529.375,20165.28375,0.014288617296136093,0.008032656898657509,0.04022865309038948,427.5892857142857,0.010562366015014025,0.5317460317460317,-0.012392022070462638,2025-02-11
21656.1375,21545.39,20184.10625,0.011457671455471476,0.007787584955259552,0.03887637503426422,418.7857142857143,0.01058399658226812,0.5317460317460317,-0.014415901587445212,2025-02-12
21680.3,21558.35,20202.4675,0.013945872480964521,0.007504284908127046,0.022607393892611904,430.0,0.009815290126872414,0.40476190476190477,-0.011397042196191975,2025-02-13
21723.3125,21573.355,20221.84875,0.02321822451816143,0.007403050784456688,0.0405510511926086,439.73214285714283,0.009773131455963544,0.39285714285714285,-0.0016620686536112927,2025-02-14
21753.95,21587.06,20242.06625,0.028532834021863036,0.007260354637528277,0.02838086636328896,370.92857142857144,0.009117251948197066,0.30158730158730157,0.0,2025-02-17
21781.6875,21602.705,20262.14,0.0292808238597897,0.0072757232884459455,0.025587509513157025,344.10714285714283,0.009093981396354554,0.2976190476190476,0.0,2025-02-18
21804.275,21614.525,20282.06625,0.0282437388746687,0.007163764046841825,0.020747936114268617,336.0892857142857,0.009073183251453032,0.2976190476190476,-0.00046097975062120433,2025-02-19
21816.125,21629.51,20301.75,0.027404226910364666,0.007045755273491494,0.010779954742384135,325.51785714285717,0.008842464015818587,0.28174603174603174,-0.0005846572446902565,2025-02-20
21821.9125,21643.565,20320.385,0.02282133280723399,0.006909499375321149,0.005256167198337991,314.80357142857144,0.008890613163224127,0.28174603174603174,-0.004396172743728943,2025-02-21
21809.4625,21641.65,20335.21,0.0008247984788589845,0.006100530324249842,-0.011365451765296575,311.6607142857143,0.010121819613644042,0.4722222222222222,-0.025893569894649304,2025-02-24
21815.625,21637.555,20349.15125,-0.00973099779526847,0.005024762678897954,0.005785366426098726,308.2142857142857,0.008221886192407742,0.20634920634920634,-0.036349939847764245,2025-02-25
21797.5,21626.255,20361.95875,-0.019918150414854584,0.003753239091982108,-0.016815103441877755,315.0892857142857,0.008107584298219181,0.1984126984126984,-0.04676133616667233,2025-02-26
21782.525,21609.535,20374.60625,-0.015480897668552325,0.002374254059332115,-0.013882129365686335,327.1607142857143,0.008165923207967303,0.20238095238095238,-0.043185932247220116,2025-02-27
21733.8375,21582.075,20383.77375,-0.043963566987882334,0.00040420231345561497,-0.04506641366223907,354.9642857142857,0.010528835410494729,0.5238095238095238,-0.07204776199952778,2025-02-28
21700.775,21576.555,20394.24125,-0.030892559076275163,-0.0004866341224789572,-0.03065422727009326,355.3392857142857,0.011095057404712805,0.5595238095238095,-0.059601308732755376,2025-03-03
21649.6125,21564.575,20403.46625,-0.04792930071656876,-0.0017650567371076953,-0.04747323613672483,398.30357142857144,0.01170482025911779,0.6388888888888888,-0.07664631609718797,2025-03-04
21597.2,21555.66,20411.78875,-0.047291987348102534,-0.002723400120983488,-0.04856494243554399,420.05357142857144,0.011687845023479809,0.6349206349206349,-0.07641020451760161,2025-03-05
21539.15,21533.09,20420.085,-0.042856831044685184,-0.004457798627892973,-0.05332720904863064,430.01785714285717,0.01148910486908294,0.5912698412698413,-0.0730821555862875,2025-03-06
21455.7,21495.67,20426.20875,-0.0614272548843557,-0.006833208854456263,-0.07640454581869371,463.17857142857144,0.01210944772975051,0.6706349206349206,-0.09264568646630911,2025-03-07
21387.275,21460.13,20433.51,-0.05839340209029493,-0.008387530525630016,-0.06342842576070085,493.9642857142857,0.01200113747558706,0.6547619047619048,-0.09121777358023864,2025-03-10
21269.025,21415.165,20437.90125,-0.09073780192681218,-0.010277963476002738,-0.1083024224939323,545.2678571428571,0.013614851514886846,0.75,-0.124273394722344,2025-03-11
21149.4,21375.38,20442.04125,-0.09242549138307721,-0.01160048283903059,-0.10978673611031442,571.3928571428571,0.013596234846150052,0.7420634920634921,-0.12752273979379591,2025-03-12
21035.0,21342.1,20446.58125,-0.08298621035418252,-0.012375786892221519,-0.10467084496088563,579.7857142857143,0.013851052116640032,0.7738095238095238,-0.11982100493585635,2025-03-13
20896.025,21304.335,20449.52375,-0.09432751597268815,-0.012869012826616566,-0.12591594278401308,575.125,0.013488585531156635,0.7182539682539683,-0.13224497138552527,2025-03-14
20769.2125,21267.865,20452.4175,-0.07528329712455864,-0.014306732469571704,-0.11423005900103589,578.1428571428571,0.014432523831274706,0.8214285714285714,-0.11551477946054123,2025-03-17
20648.975,21228.855,20456.2275,-0.06587048618495908,-0.015568125038402103,-0.10815034685915381,574.25,0.014698614161303457,0.8412698412698413,-0.10815034685915381,2025-03-18
20512.5625,21191.285,20458.55625,-0.0799637681244908,-0.01690391293980331,-0.12275590551181104,582.25,0.014850465222279953,0.8492063492063492,-0.12316029727572209,2025-03-19
20388.4,21159.535,20461.71875,-0.06713450933586206,-0.017347951455178978,-0.11174611031736215,559.125,0.015386656107836664,0.8690476190476191,-0.11226543438908942,2025-03-20
20266.075,21127.32,20463.93375,-0.06798401311666599,-0.017136009252095796,-0.11051383399209491,550.8392857142857,0.015399749959468145,0.8690476190476191,-0.1144241688310228,2025-03-21
20156.0,21096.555,20463.17375,-0.07766931615138113,-0.016941882458307633,-0.10164131212631866,518.375,0.015012973951310614,0.8492063492063492,-0.12490302560124122,2025-03-24
20102.475,21083.835,20466.915,-0.034497281922382675,-0.015471746306881196,-0.04996033042423109,539.375,0.018703821556673314,0.9444444444444444,-0.08449421526630008,2025-03-25
20068.5625,21074.645,20471.02,-0.02644860684486028,-0.014069223564680544,-0.03199971692104453,519.5357142857143,0.01873519296652575,0.9444444444444444,-0.07726470356753357,2025-03-26
20009.3375,21048.94,20471.9025,-0.04553388436662363,-0.013736230267874294,-0.05567567567567566,508.80357142857144,0.01917471753673783,0.9484126984126984,-0.0964572019653478,2025-03-27
19977.5375,21024.605,20472.22125,-0.04886441386175862,-0.013130191578380579,-0.030824034022754576,490.26785714285717,0.018041347716146554,0.9246031746031746,-0.10065099335514549,2025-03-28
19900.15,20980.045,20469.2775,-0.07711113107717349,-0.013533093237144578,-0.07401960784313721,469.92857142857144,0.018920092981378804,0.9444444444444444,-0.12920925107655634,2025-03-31
19844.225,20934.685,20467.41375,-0.07271114898552336,-0.013857082730085901,-0.05447859334664651,467.44642857142856,0.01865526201901955,0.9285714285714286,-0.1269493259576573,2025-04-01
19797.2875,20891.17,20466.55125,-0.06192424837862113,-0.014162189786980917,-0.04571185099519148,466.0357142857143,0.018848000412562866,0.9365079365079365,-0.11862920362937224,2025-04-02
19723.625,20834.205,20463.47,-0.08146243161186144,-0.015375101579500616,-0.07148142307832273,497.51785714285717,0.019380688143491524,0.9603174603174603,-0.13933956218167098,2025-04-03
19647.2875,20766.74,20456.8625,-0.10200156596557772,-0.017067001399136195,-0.07567440304333284,505.7142857142857,0.019622222051429695,0.9642857142857143,-0.16130918249176418,2025-04-04
19511.25,20678.295,20444.53,-0.15436693402429932,-0.019825985806687485,-0.134643935269956,571.2857142857143,0.023751021636760745,1.0,-0.21357978884878737,2025-04-07
19419.125,20604.81,20432.34125,-0.14439880785117656,-0.022720012749103624,-0.09462304847986858,674.9107142857143,0.02289962680238975,0.996031746031746,-0.20713731574864236,2025-04-08
19310.7625,20518.3,20418.66875,-0.16013997260981658,-0.02639878394155637,-0.11171535715666436,739.5535714285714,0.02323880327359929,0.996031746031746,-0.22499184852879994,2025-04-09
19299.7625,20473.83,20415.21125,-0.054842205879408086,-0.02732251600318103,-0.011241122068366471,902.7678571428571,0.03577895518971705,1.0,-0.12971520446138451,2025-04-10
19260.15,20411.74,20406.5225,-0.09353636681635184,-0.029149893660308845,-0.041060392075564556,982.5892857142857,0.03702731008360307,1.0,-0.16787533308597835,2025-04-11
19217.7625,20356.695,20398.5225,-0.07553755656308649,-0.029711566395591582,-0.04310574955190871,971.8928571428571,0.03696601664782296,0.996031746031746,-0.15364117785947984,2025-04-14
19171.425,20303.685,20391.13375,-0.06894979901431691,-0.030141365871996673,-0.04673356698015685,992.2142857142857,0.03691898643146557,0.9920634920634921,-0.14982966236044115,2025-04-15
19143.5875,20250.795,20382.8825,-0.06472807610762928,-0.030652902637813062,-0.02855604139151402,980.75,0.036767662789204056,0.9880952380952381,-0.14819936812043943,2025-04-16
19075.275,20182.825,20371.3225,-0.08968392680410203,-0.03126493187525037,-0.06921576574294541,1020.9285714285714,0.03716408287550197,1.0,-0.17371066212432962,2025-04-17
19012.225,20114.54,20360.0325,-0.08374737876183104,-0.03140598861448651,-0.0640394088669951,1002.375,0.03719380629107276,1.0,-0.1711359215659819,2025-04-21
18934.925,20041.27,20345.11125,-0.1062442649592566,-0.030806456721891085,-0.07945318121081302,1017.8928571428571,0.0375790998469425,1.0,-0.1944322640851801,2025-04-22
18835.0625,19971.715,20334.74,-0.08073743291449934,-0.030725592713546024,-0.09811362464077811,1037.017857142857,0.036426943278112404,0.9722222222222222,-0.17431780618612336,2025-04-23
18751.7,19912.87,20326.29125,-0.05337603268639825,-0.029506830487905922,-0.08126089022651672,1025.4107142857142,0.03700609513095584,0.9841269841269841,-0.1522469951990646,2025-04-24
18714.4875,19862.615,20319.8925,-0.02599682871565509,-0.02985347636470559,-0.03704487195440631,1043.9285714285713,0.037375011346827046,0.996031746031746,-0.1299288292238675,2025-04-25
18692.3625,19812.225,20314.72875,-0.012995763979058312,-0.029371087423218367,-0.022128042605858322,975.9642857142857,0.037473089436030574,0.996031746031746,-0.12055182649171925,2025-04-28
18698.4375,19757.84,20312.0625,-0.013872467840614163,-0.029418085794378657,0.006275097160712173,865.7678571428571,0.036760539049624605,0.9603174603174603,-0.12374495452041245,2025-04-29
18708.525,19705.42,20310.4675,-0.004626645866974582,-0.02946583341890907,0.010392788151963872,789.1964285714286,0.03678519739809853,0.9642857142857143,-0.11787589525640596,2025-04-30
18721.0625,19657.885,20311.20125,0.009683900378906561,-0.029278356726242127,0.01279499936216344,655.1428571428571,0.036819483519764974,0.9642857142857143,-0.10735206485198057,2025-05-01
18754.0625,19609.38,20310.27625,0.009567870070343834,-0.028412524014849283,0.03448816428907353,576.7857142857143,0.03638224335061193,0.9444444444444444,-0.10965696360508648,2025-05-02
18831.6625,19570.64,20311.555,0.032183924490972224,-0.02704014111185249,0.08322385178432579,557.3035714285714,0.036001544016754504,0.9404761904761905,-0.09151010220258371,2025-05-05
18959.4,19538.27,20315.41125,0.025730527830764932,-0.02509820984398692,0.14610050754163995,537.0892857142857,0.032393695055913156,0.9325396825396826,-0.09868339685859162,2025-05-06
19070.2375,19506.655,20319.66875,0.017409186762158923,-0.023285932129514242,0.12574094557417959,534.7857142857143,0.0326019259827042,0.9325396825396826,-0.10744201212039439,2025-05-07
19206.475,19481.89,20323.57625,0.024400096705196498,-0.021643288988478337,0.1581169302190628,508.64285714285717,0.03189715343802395,0.9246031746031746,-0.10244993872342334,2025-05-08
19246.7125,19459.505,20328.24625,0.03577917321124042,-0.020294910816123668,0.041586998087954186,511.25,0.019166621884567026,0.8452380952380952,-0.09352267233334455,2025-05-09
19328.9125,19449.77,20334.66875,0.035822017432596866,-0.01829451260522219,0.08885285772192941,475.7142857142857,0.015711662478533873,0.7619047619047619,-0.09393867844975878,2025-05-12
19435.8625,19450.73,20341.545,0.07749169311383174,-0.015543703157835043,0.11366172485254267,489.98214285714283,0.01738857289164321,0.7936507936507936,-0.057442574290822,2025-05-13
19553.4125,19465.205,20352.995,0.09193558454688754,-0.01219030094258311,0.12436685842756057,470.14285714285717,0.017494082157428776,0.7936507936507936,-0.04365579302587175,2025-05-14
19676.5875,19482.55,20367.46375,0.0985984894174531,-0.008919321686946424,0.13006863780359024,424.48214285714283,0.017470591873885992,0.7896825396825397,-0.036843703945370065,2025-05-15
19827.7625,19498.27,20383.7475,0.09734094358114846,-0.00566616588591784,0.1645643684260658,421.82142857142856,0.015324262000335502,0.7103174603174603,-0.03348390739695084,2025-05-16
19976.475,19522.85,20400.285,0.09636912643389677,-0.002441923207416874,0.1613809007053717,409.5357142857143,0.015378754240029555,0.7142857142857143,-0.011784667236085733,2025-05-19
20156.75,19549.06,20418.58375,0.1006923095023494,0.0005522495082728174,0.20128963823135337,418.10714285714283,0.012868077088503137,0.5317460317460317,0.0,2025-05-20
20309.7375,19588.0,20432.89125,0.09347559730447212,0.0041701152760429405,0.16665985810967232,381.5357142857143,0.01267536496160859,0.5277777777777778,-0.00457766933891024,2025-05-21
20424.5,19622.91,20445.60375,0.07757972696200513,0.007238517412838208,0.12176392572944295,389.92857142857144,0.01267015506302817,0.5238095238095238,-0.01729987219704887,2025-05-22
20517.9,19655.775,20458.5575,0.079288402517835,0.010086073618008395,0.09655618013826972,373.48214285714283,0.011744655972555014,0.47619047619047616,-0.01409317996979198,2025-05-23
20587.825,19688.945,20467.82125,0.06421395356632874,0.012297060582207253,0.07151715056444097,393.0892857142857,0.012237508821151462,0.5158730158730159,-0.026222841872894143,2025-05-26
20677.8625,19721.3,20478.50625,0.07926455152550799,0.01391053189263336,0.09242317315711812,396.7857142857143,0.01240974400591769,0.5198412698412699,-0.010828395492041398,2025-05-27
20771.025,19754.24,20488.05375,0.08723494297932992,0.014848803287712542,0.09499471047835129,388.82142857142856,0.012443328220366439,0.5198412698412699,-0.0018589520158011075,2025-05-28
20854.8625,19794.805,20497.65625,0.08740651903365552,0.016027419408650267,0.0844784804705705,375.7857142857143,0.01233105720593844,0.5079365079365079,0.0,2025-05-29
20934.2375,19827.715,20505.315,0.07851560303343072,0.016896114373223803,0.08018891751275437,399.01785714285717,0.012474398399727107,0.5198412698412699,-0.00652729384436701,2025-05-30
20992.6625,19861.275,20513.13375,0.07591280016011048,0.01733481535738912,0.05784510284398903,364.17857142857144,0.011897375601069656,0.46825396825396826,-0.00724738675958192,2025-06-02
21068.35,19903.21,20521.32875,0.08297857481280663,0.01811596056280962,0.0755326580509954,355.9642857142857,0.011685517396617436,0.4365079365079365,0.0,2025-06-03
21160.4375,19929.84,20531.70875,0.08821746687379325,0.017451500918929996,0.09280090697234988,368.73214285714283,0.011258757219201006,0.38492063492063494,0.0,2025-06-04
21249.95,19954.445,20541.5575,0.08985742274465666,0.016895302480620877,0.08970424281902556,356.17857142857144,0.011261512191874695,0.38492063492063494,0.0,2025-06-05
21317.8375,19982.905,20551.37625,0.07659521976409342,0.016642945902667128,0.06736291132803296,373.30357142857144,0.01166459412309143,0.43253968253968256,-0.01075985745487984,2025-06-06
21401.0,20019.155,20562.24375,0.0894440849276606,0.0167713404654235,0.08255776437594609,371.57142857142856,0.011854126782824038,0.4603174603174603,0.0,2025-06-09
21444.175,20068.34,20574.78125,0.08735949261373885,0.01759721722198848,0.04120145052008772,365.26785714285717,0.00841006308842083,0.1746031746031746,0.0,2025-06-10
21479.0125,20119.12,20587.29125,0.09107654807963773,0.018470971295276195,0.03278090779708065,349.0892857142857,0.007983340569816226,0.1111111111111111,0.0,2025-06-11
21502.975,20164.825,20598.735,0.08519414376271549,0.018692783283290826,0.022391197701310483,349.4642857142857,0.007946015707053862,0.09523809523809523,-0.003131904425665688,2025-06-12
21528.575,20220.25,20610.0425,0.08348066913119274,0.01979728879500242,0.02392942688555233,331.76785714285717,0.007938724291675888,0.09523809523809523,-0.00197025260232786,2025-06-13
21541.0625,20280.36,20623.335,0.06773252545812793,0.021100609099868883,0.011668243456322891,338.55357142857144,0.008444232873236838,0.17857142857142858,-0.01355260460560781,2025-06-16
21561.9625,20369.345,20638.20125,0.07688784298169621,0.023420091532973863,0.019426048565121423,348.92857142857144,0.008831748533606819,0.19444444444444445,-0.0007288795754276656,2025-06-17
21577.3875,20451.305,20652.22,0.06240164136225046,0.026165036949619358,0.014403100051356255,350.4642857142857,0.009061203776964982,0.20238095238095238,-0.010204314055987096,2025-06-18
21606.7,20541.285,20668.99,0.05794257759434233,0.029408986318587127,0.027724902755938086,327.2857142857143,0.008483446602010827,0.1746031746031746,-0.01002209416213018,2025-06-19
21621.575,20584.5,20682.9275,0.0450460297796886,0.03010548266130475,0.0140235926323109,324.32142857142856,0.008848995326705286,0.19444444444444445,-0.02003279958089421,2025-06-20
21666.6875,20651.56,20698.01625,0.05829777508333504,0.031589994682592826,0.043060145800770666,322.42857142857144,0.008905045901186032,0.1984126984126984,-0.004373277452565882,2025-06-23
21706.0625,20716.62,20712.145,0.06542476523680027,0.03230361853546415,0.036998754962531466,334.5357142857143,0.00852459084091937,0.1746031746031746,0.0,2025-06-24
21752.6625,20786.735,20727.12625,0.07806733476902454,0.033183111388569664,0.04339424979629847,350.35714285714283,0.008900854619598489,0.19444444444444445,0.0,2025-06-25
21800.05,20857.39,20741.97,0.07744784941931855,0.03434520259908025,0.04403019744483161,331.10714285714283,0.008902204330088998,0.19444444444444445,0.0,2025-06-26
21864.4625,20943.39,20758.2425,0.0825730695937955,0.03576315822010101,0.060242231522831924,320.0892857142857,0.008775229548457806,0.17063492063492064,0.0,2025-06-27
21933.025,21029.595,20774.695,0.08134512338444932,0.03694387081886119,0.06417005943188725,323.5,0.008733133620970527,0.16666666666666666,0.0,2025-06-30
21998.575,21128.67,20792.005,0.08221435613315944,0.03727783097591009,0.06082186061077022,318.75,0.008655908135680908,0.1626984126984127,0.0,2025-07-01
22048.75,21215.315,20806.37125,0.06958110214248533,0.037357518261059486,0.046269826632239,320.0,0.008932858965805713,0.1984126984126984,-0.007620567879907725,2025-07-02
22104.0375,21295.38,20821.535,0.07315530410821497,0.036711189197754734,0.05084492470398905,320.92857142857144,0.008998192138332122,0.1984126984126984,-0.0005466691449000916,2025-07-03
22181.3125,21369.635,20836.51375,0.079054462090719,0.038142048628822645,0.07183861296395277,308.4107142857143,0.008534801571856064,0.14682539682539683,0.0,2025-07-04
22236.05,21436.63,20850.10875,0.0684748488918267,0.03801504583673099,0.05019544011279353,286.23214285714283,0.008469380221363038,0.12698412698412698,-0.0067002038249707185,2025-07-07
22286.875,21503.715,20863.09125,0.06204904594392178,0.03799340819110464,0.046582498911623915,284.85714285714283,0.008545007467089156,0.14682539682539683,-0.00958411032568629,2025-07-08
22334.475,21569.5,20875.87875,0.061846588933447695,0.03765694804883979,0.04336833473794499,279.80357142857144,0.008503183741645616,0.12698412698412698,-0.006743570840019086,2025-07-09
22392.5,21633.4,20890.125,0.06517006110921068,0.03720551804420413,0.05303263986473361,276.07142857142856,0.008452811781790965,0.11507936507936507,-0.0006830304870115711,2025-07-10
22447.575,21697.655,20904.00625,0.06047174222283474,0.03601446566195832,0.050277863361975594,261.89285714285717,0.00849614019179848,0.13095238095238096,-0.002135825491131449,2025-07-11
22511.7375,21752.39,20918.8925,0.05447033636303875,0.03437037184976677,0.05926156830146856,239.53571428571428,0.00794650992781821,0.04365079365079365,-0.005279934082137117,2025-07-14
22566.775,21812.295,20933.7775,0.056113077509725676,0.03235532572566102,0.05018121310204915,231.125,0.007599775527032609,0.01984126984126984,-0.0009865995923500348,2025-07-15
22631.3,21875.73,20949.075,0.0522163146098439,0.03112916305979896,0.059394776205269784,235.64285714285714,0.007110570743783063,0.015873015873015872,-0.0017780476169825254,2025-07-16
22697.875,21937.845,20963.37125,0.0512883102237252,0.03016921980260512,0.06127050594758754,236.32142857142858,0.007086167186949638,0.015873015873015872,0.0,2025-07-17
22785.5625,22000.04,20979.60375,0.05752080450762813,0.029500035915447365,0.08152521296500748,239.19642857142858,0.006476234501437159,0.007936507936507936,0.0,2025-07-18
22854.225,22061.685,20994.3175,0.052900084467709454,0.02915826788072562,0.06283315412596369,236.10714285714286,0.005936063917326742,0.003968253968253968,-0.0015795920998904478,2025-07-21
22917.9625,22109.46,21008.80625,0.055962018068283936,0.028169318650288933,0.05775416817687562,228.91071428571428,0.005740224752702841,0.003968253968253968,0.0,2025-07-22
22957.4125,22148.335,21022.62875,0.04741507657347611,0.02683580982405709,0.03520828220174477,228.10714285714286,0.0053019860583290775,0.003968253968253968,-0.0063499202244423625,2025-07-23
23004.3125,22188.48,21037.62125,0.0550857922669782,0.02565847254707987,0.04173943998843033,228.08928571428572,0.005550610706997856,0.007936507936507936,0.0,2025-07-24
23040.425,22228.455,21051.40875,0.05247980572648878,0.0244634731264739,0.03185542115535167,224.19642857142858,0.00533983812055082,0.007936507936507936,-0.0006727678523754665,2025-07-25
23075.775,22269.315,21066.97125,0.05289498127805015,0.023764055352078595,0.031090247468695376,217.03571428571428,0.005332137522997779,0.007936507936507936,0.0,2025-07-28
23107.9375,22309.145,21082.895,0.0537831010556433,0.02277843757385467,0.028131594196560306,216.0,0.005257647074913214,0.003968253968253968,0.0,2025-07-29
23145.9375,22349.795,21098.2325,0.049293740725586156,0.021670819670932095,0.03349271753740379,213.30357142857142,0.004903871057252474,0.003968253968253968,-0.0024458717937810848,2025-07-30
23186.3875,22400.135,21114.1225,0.05634408006916037,0.021072717033054023,0.03539977902486524,223.60714285714286,0.005027585830161201,0.007936507936507936,0.0,2025-07-31
23199.9,22442.435,21128.075,0.03951509718085398,0.020108827074859947,0.011719935816817628,248.14285714285714,0.005869272351878424,0.03571428571428571,-0.01407304884362226,2025-08-01
23198.125,22480.75,21139.8325,0.01727033128343138,0.018995149282568402,-0.0015499137724027667,269.125,0.007301849494276729,0.06746031746031746,-0.03352386184745748,2025-08-04
23223.8,22522.09,21155.21375,0.03682651121632139,0.018663051924380003,0.022484455731675235,290.92857142857144,0.008632554221678466,0.2261904761904762,-0.01313273251698377,2025-08-05
23233.1625,22554.355,21168.7125,0.023782324965621958,0.018331852033121265,0.008175606348374664,295.07142857142856,0.00904723174553227,0.2777777777777778,-0.02415239463702734,2025-08-06
23251.65,22592.115,21183.39125,0.03633502219690358,0.018191196512785,0.016045913662352307,304.75,0.009461602737358965,0.32936507936507936,-0.010533655928747221,2025-08-07
23277.2375,22634.855,21198.4625,0.039171666882778816,0.018282872111444526,0.022240571931463782,318.375,0.009483096965161352,0.3333333333333333,-0.0059482931673868755,2025-08-08
23318.7375,22682.82,21213.75375,0.04780842946335598,0.018568375363139822,0.03618568049788018,321.57142857142856,0.00964566689306956,0.3373015873015873,0.0,2025-08-11
23348.425,22724.325,21229.37625,0.039854869176532165,0.018610305325461818,0.02577459438927776,318.3392857142857,0.009769793697608619,0.34523809523809523,-0.005774753074083039,2025-08-12
23394.9625,22769.54,21248.94,0.05178892502878842,0.018780709174289978,0.04043574593796162,324.23214285714283,0.01012097822254756,0.373015873015873,0.0,2025-08-13
23438.2,22813.145,21267.73125,0.048858015850072385,0.018437835307689054,0.03749512205697436,328.26785714285717,0.010141171082625494,0.38095238095238093,-0.000876872488125735,2025-08-14
23469.475,22860.695,21286.61125,0.04506883977061941,0.018637015101079735,0.026885302271603795,332.94642857142856,0.010032886753146569,0.36904761904761907,-0.002411399342345688,2025-08-15
23497.8625,22900.43,21303.76375,0.039128959587221714,0.018668416311733438,0.02444169402141738,338.6607142857143,0.01008324092181572,0.376984126984127,-0.006357325538911218,2025-08-18
23520.0,22939.79,21318.09,0.037040879624442906,0.018546236161919305,0.01896409564500412,333.875,0.01004642860261049,0.376984126984127,-0.006649616368286426,2025-08-19
23533.7375,22970.225,21329.3325,0.021899001860016674,0.018438567629178504,0.011843438153328778,339.69642857142856,0.010430018608194667,0.4126984126984127,-0.019854898481131533,2025-08-20
23529.1375,22998.945,21339.79,0.01390520304300916,0.018007610177267486,-0.00392981856625696,332.0,0.010345951069127963,0.4126984126984127,-0.026306174643770497,2025-08-21
23520.5125,23025.23,21349.8475,0.008567558282805447,0.0172466313568167,-0.007373370378286004,309.9107142857143,0.010383252351426432,0.4166666666666667,-0.03032517354767994,2025-08-22
23527.2875,23063.805,21361.8575,0.0225004070230389,0.01679619200787208,0.005778929298745128,313.05357142857144,0.010958052816973056,0.4603174603174603,-0.0152826347930477,2025-08-25
23526.95,23095.14,21373.53875,0.017627518170489576,0.016317976441544424,-0.0002871240801395336,302.30357142857144,0.01097348497346943,0.46825396825396826,-0.018643979330862814,2025-08-26
23534.7375,23132.735,21386.66625,0.020512706344494043,0.01595091512608504,0.006641366223908873,290.89285714285717,0.011001477338403743,0.4722222222222222,-0.014259616890234361,2025-08-27
23528.7375,23168.95,21401.85875,0.016112081039494637,0.015596490532103324,-0.005071368952656696,284.80357142857144,0.010829001678961041,0.4523809523809524,-0.01697374602014723,2025-08-28
23550.3375,23213.94,21417.51125,0.023576781881921006,0.015452067402150327,0.018517526281385033,288.5,0.010506641060739098,0.43253968253968256,-0.007829218643979341,2025-08-29
23579.6125,23245.92,21431.01,0.008972757369895524,0.015086616277510956,0.02560234378416193,298.76785714285717,0.00987843056872113,0.3611111111111111,-0.020637820345529523,2025-09-01
23587.175,23274.535,21444.8275,0.009805351642900712,0.014592330618545368,0.006477099972164613,286.42857142857144,0.008742658790775317,0.23809523809523808,-0.01862310141447887,2025-09-02
23601.6,23293.93,21457.75375,0.003662756778267974,0.014092373931905433,0.012494180570141733,308.07142857142856,0.008423924349546648,0.17063492063492064,-0.02377994676131323,2025-09-03
23603.725,23313.585,21470.63875,0.006087223393570782,0.013680627524436328,0.0018152308546532936,309.07142857142856,0.007861811602998526,0.09126984126984126,-0.020596064512761636,2025-09-04
23611.8375,23333.805,21484.55,0.014997339696633263,0.013401603371605786,0.006897944433815972,314.14285714285717,0.008093406973128343,0.13095238095238096,-0.011065295683490795,2025-09-05
23607.125,23352.46,21497.91,0.01372617702803049,0.012515497768039507,-0.003965540817721824,330.875,0.007740230741872414,0.08333333333333333,-0.011514170885745578,2025-09-08
23615.55,23371.115,21512.87,0.018286889607106824,0.01194948374419913,0.007130765975454922,318.23214285714283,0.007715304230327588,0.08333333333333333,-0.0062738138733754445,2025-09-09
23612.5625,23395.065,21527.8675,0.021112785965758222,0.011340206854053347,-0.002494911007881462,299.5,0.007138025586594934,0.06746031746031746,-0.002494911007881462,2025-09-10
23609.125,23415.18,21542.205,0.018954370626234764,0.010627585626452607,-0.002873232961728589,299.92857142857144,0.007140633458816118,0.07142857142857142,-0.0037475859909180675,2025-09-11
23614.9,23434.13,21556.1825,0.024424631936410653,0.009485248949553604,0.00483445648989167,273.35714285714283,0.007268015032665943,0.07539682539682539,0.0,2025-09-12
23630.8,23458.33,21570.135,0.027971726887634295,0.009137517465430678,0.013363309730422435,274.67857142857144,0.0072563921140103215,0.07539682539682539,0.0,2025-09-15
23656.1125,23487.485,21584.025,0.03441258184944022,0.00914948461913423,0.021280396813720293,274.7142857142857,0.0074093666048647535,0.0873015873015873,0.0,2025-09-16
23697.075,23515.265,21598.2225,0.03305235981818621,0.009501831593037302,0.03490143035157045,266.875,0.006598714712055778,0.051587301587301584,-0.0001337682516489025,2025-09-17
23744.1125,23539.59,21611.35,0.030582945582314724,0.009694133270365723,0.040343071562583654,266.3392857142857,0.006350258846825536,0.047619047619047616,-0.0014920304991613564,2025-09-18
23806.2375,23568.695,21626.31,0.038029470872273596,0.010066510798388828,0.05350414468726461,263.42857142857144,0.006335419513094261,0.047619047619047616,0.0,2025-09-19
23855.4,23601.27,21641.96625,0.04087619013722565,0.01065455202578236,0.04169361079602685,265.625,0.0055961554871086575,0.031746031746031744,0.0,2025-09-22
23930.1125,23640.475,21658.1725,0.057360311076659905,0.011525338008049557,0.06357901903009289,263.85714285714283,0.0064014265835313,0.05952380952380952,0.0,2025-09-23
23991.4625,23676.8,21674.185,0.04888540681173135,0.012042496996695684,0.05197555835601353,265.3392857142857,0.006738433934016975,0.07142857142857142,-0.0064909087272218,2025-09-24
24051.7375,23710.495,21689.12125,0.043746661552194546,0.01261211743834556,0.05120581082946618,264.35714285714283,0.006770593331007706,0.07936507936507936,-0.009951393195047342,2025-09-25
24095.4375,23737.89,21701.7425,0.03780285442387679,0.012962290471205895,0.036782576674206924,262.42857142857144,0.006749069851437763,0.07539682539682539,-0.014452023283259674,2025-09-26
24159.0875,23767.865,21715.34875,0.040375313474727254,0.01319509956591114,0.054275298983137654,261.69642857142856,0.005786315625929043,0.03968253968253968,-0.010761506610925564,2025-09-29
24224.525,23797.16,21733.47625,0.04262441400570489,0.013184681118476371,0.05568497303507036,265.9642857142857,0.005786887811391422,0.04365079365079365,-0.007401036145060269,2025-09-30
24297.4875,23829.96,21752.01875,0.042322353877220144,0.013382583611113885,0.06241645903953286,261.3392857142857,0.005492744033485986,0.027777777777777776,-0.0063208849238893805,2025-10-01
24375.1625,23861.925,21772.15375,0.0480713521645886,0.013693314114646915,0.06623180064377232,275.5892857142857,0.005558696817526418,0.03571428571428571,0.0,2025-10-02
24446.25,23896.135,21788.9875,0.050609230321137774,0.0138930051069861,0.06003061170633872,275.30357142857144,0.005350051796596007,0.027777777777777776,0.0,2025-10-03
24511.675,23926.82,21803.66375,0.04407940545379621,0.013793749234680908,0.05527394077641201,277.7142857142857,0.0055883134958949,0.04365079365079365,-0.004939156758479224,2025-10-06
24580.95,23960.32,21819.66375,0.05107110422565309,0.013529550484920438,0.05821795491312476,286.6607142857143,0.005690255818257885,0.051587301587301584,0.0,2025-10-07
24639.25,23992.39,21836.3375,0.04428946011631191,0.013329081632653006,0.04880907530662637,285.23214285714283,0.005954729109551063,0.07539682539682539,-0.005122299872935221,2025-10-08
24714.025,24026.235,21856.165,0.05528394274009221,0.013316465978462366,0.06268074940274104,286.51785714285717,0.006249593892275191,0.08333333333333333,0.0,2025-10-09
24778.075,24065.4,21876.4275,0.050782451153938785,0.013796929718690398,0.053360548184866685,287.7857142857143,0.006327813935821941,0.0873015873015873,-0.002642528939636013,2025-10-10
24781.7625,24091.785,21891.45375,0.004004061965520618,0.013628485351965702,0.0030583259035019683,342.7142857142857,0.012248510017993168,0.6944444444444444,-0.045997751878364745,2025-10-13
24812.225,24122.855,21908.5275,0.03242340096145338,0.013686297020316651,0.02507640225142249,380.55357142857144,0.013797314062159767,0.746031746031746,-0.01772860833382639,2025-10-14
24835.3875,24156.155,21923.40125,0.024821624136788376,0.013688440937374535,0.019069671709375235,404.55357142857144,0.013890345395577725,0.753968253968254,-0.023615137352343774,2025-10-15
24869.5125,24186.735,21941.235,0.031226413982705786,0.01361206189358155,0.028133308600754248,410.5357142857143,0.013954017639714872,0.753968253968254,-0.016269301307460182,2025-10-16
24885.95,24212.18,21958.57125,0.024019728913298996,0.013225778980575864,0.013437563866748325,432.625,0.013942635166532793,0.75,-0.022116389595535302,2025-10-17
24909.3,24237.495,21977.2275,0.032821254836772576,0.012984383215153494,0.019010013840267126,460.67857142857144,0.014067455417678119,0.7579365079365079,-0.012680194837208392,2025-10-20
24925.7875,24271.42,21998.8775,0.04345975637189756,0.012983966825150794,0.013191846858560119,475.51785714285717,0.013770591196489036,0.7222222222222222,-0.0011142006349957878,2025-10-21
24947.325,24297.745,22020.24,0.03980842666675451,0.012727160570497498,0.017344997332313206,458.5,0.013688667387931421,0.7182539682539683,-0.0035299453745882836,2025-10-22
24961.9375,24319.99,22040.55625,0.029605686515496034,0.01222642665403062,0.011809154367568686,483.2857142857143,0.013833510922638499,0.7341269841269841,-0.0124041097241121,2025-10-23
24994.0375,24347.715,22060.06375,0.03817750454200732,0.0117311575955521,0.0260602185892167,489.55357142857144,0.013913120321090884,0.7420634920634921,-0.003046796426669829,2025-10-24
25033.175,24381.99,22081.545,0.04627431969252708,0.012045807315647306,0.031655039935294615,491.125,0.014016298493468594,0.75,0.0,2025-10-27
25092.8,24426.28,22103.61375,0.06459108795936186,0.012578320435122636,0.04806239042379534,507.2857142857143,0.014558491073696249,0.7738095238095238,0.0,2025-10-28
25159.5,24480.265,22126.07375,0.06912649842638552,0.013417284331881385,0.05370694687682431,503.80357142857144,0.014583553826562196,0.7738095238095238,0.0,2025-10-29
25220.2375,24538.365,22148.32625,0.06868367146710869,0.014538134229361788,0.048572513894997726,510.85714285714283,0.014549933319892367,0.7658730158730159,0.0,2025-10-30
25272.4125,24596.895,22169.145,0.06310166384822147,0.015889316864487135,0.04156459739897622,462.01785714285717,0.014591244916593587,0.7738095238095238,-0.0028504695171361893,2025-10-31
25322.525,24644.915,22188.955,0.05432499970074959,0.016809492895202283,0.0401196885695414,434.05357142857144,0.014629486141066348,0.7738095238095238,-0.0091520091520092,2025-11-03
25368.8,24697.06,22209.96,0.05719061297174638,0.017536674821662768,0.03674952350698857,409.82142857142856,0.01457608884790583,0.7619047619047619,-0.004356737690071055,2025-11-04
25394.825,24736.425,22231.31875,0.03392062515096667,0.018054350311109024,0.020774296547595217,419.69642857142856,0.01535786310666778,0.8095238095238095,-0.024719958053291413,2025-11-05
25413.5375,24780.155,22252.1725,0.03828043044928497,0.018921266003809833,0.014760693368041089,423.92857142857144,0.015194022482508762,0.7976190476190477,-0.018876018876018863,2025-11-06
25414.6875,24811.14,22270.8525,0.02012644320252921,0.019033613626576518,0.0009095402867029811,422.67857142857144,0.015658566288285443,0.8333333333333334,-0.034825301491968164,2025-11-07
25466.6375,24846.595,22288.95375,0.015320207859467215,0.019055253488333035,0.042954740421485615,440.30357142857144,0.011711163669741448,0.5714285714285714,-0.03799990466657133,2025-11-10
25507.4375,24890.96,22309.7025,0.03334704647791813,0.01902377275622813,0.032764505119453835,466.57142857142856,0.010675396729995535,0.46825396825396826,-0.01917155250488589,2025-11-11
25552.6125,24936.56,22330.2275,0.028981142547328045,0.018639299860520486,0.03649657150359009,449.2142857142857,0.0105697827963573,0.4642857142857143,-0.02152628819295488,2025-11-12
25586.7875,24979.96,22350.4325,0.025842315199864248,0.017996105282483077,0.02740357629700907,447.7857142857143,0.010502986929376281,0.4523809523809524,-0.0228132894799562,2025-11-13
25601.5,25008.045,22367.01625,0.0031971711503238956,0.01671552445948965,0.011867910259641956,478.23214285714283,0.01156072006310733,0.5436507936507936,-0.04330997664330993,2025-11-14
25607.225,25037.535,22383.5325,0.0043920058424281845,0.015931075436859787,0.004573962369672113,489.07142857142856,0.011375551391077137,0.5238095238095238,-0.041041041041041004,2025-11-17
25586.2,25059.68,22400.18375,-0.006142536536779411,0.014682719319627502,-0.016603326588026213,513.375,0.01124688783054553,0.5119047619047619,-0.05025978359311689,2025-11-18
25549.5375,25072.535,22413.6575,-0.02156882022499918,0.013587654642900127,-0.02902236295270133,531.1428571428571,0.011691363673678555,0.5714285714285714,-0.06452166452166452,2025-11-19
25545.525,25094.55,22429.495,-0.005371684290015134,0.012687370196029946,-0.003204872204472853,530.7857142857143,0.01226691797747712,0.6190476190476191,-0.04820058153391482,2025-11-20
25485.4375,25095.93,22440.5775,-0.04066117493952208,0.011478311758347237,-0.04754275089260107,591.8571428571429,0.014424123126826149,0.7301587301587301,-0.08192001525334858,2025-11-21
25427.3875,25100.625,22451.9525,-0.029934513582829114,0.010223936116799948,-0.04551111807998742,621.1785714285714,0.014521935172760613,0.7380952380952381,-0.07148100481433817,2025-11-24
25375.3125,25113.96,22465.75,-0.006030908705755649,0.008959075905469405,-0.04005153053376409,624.8571428571429,0.01501401787473427,0.7857142857142857,-0.04809571476238139,2025-11-25
25319.9125,25129.4,22479.89625,-0.0025826322952398964,0.0077332238287879385,-0.04233451141465283,620.4285714285714,0.014952361509445709,0.7777777777777778,-0.04420611087277759,2025-11-26
25274.45,25150.5,22495.34375,0.006520745114411244,0.006827072581381266,-0.03467276800610131,598.0892857142857,0.015172446645781355,0.7896825396825397,-0.03467276800610131,2025-11-27
25231.9875,25167.195,22510.73125,0.005266975521109933,0.0063639520802205585,-0.03247734138972813,555.8035714285714,0.015172359366636013,0.7857142857142857,-0.035235235235235196,2025-11-28
25207.0375,25185.57,22527.4675,0.011879024377848121,0.005912522938060771,-0.019204310386299106,532.0714285714286,0.015256411740998345,0.7936507936507936,-0.02818056151389481,2025-12-01
25171.575,25193.645,22546.17125,0.008200679179213629,0.005345838414536841,-0.027164442061318628,536.25,0.01520215259466887,0.7896825396825397,-0.0314028314028314,2025-12-02
25173.1375,25209.095,22567.07,0.015774267184125366,0.005446597242759976,0.001221872495161369,536.5535714285714,0.014631251308380555,0.7380952380952381,-0.023528290194956836,2025-12-03
25168.9875,25227.055,22589.32125,0.01659706216203198,0.005280230169498967,-0.003225963173492663,504.07142857142856,0.01457029165182886,0.7182539682539683,-0.02204108870775534,2025-12-04
25185.075,25246.995,22611.1075,0.01525943978679447,0.006019501967051921,0.012712115525177259,473.92857142857144,0.014063339331399995,0.6785714285714286,-0.022555889222555914,2025-12-05
25210.4625,25267.145,22636.61625,0.018516338114179482,0.006634097756530011,0.020127045159500145,449.55357142857144,0.014050748588937454,0.6746031746031746,-0.018637685304351947,2025-12-08
25209.7375,25285.045,22660.59875,0.016668153052525784,0.006812346599261998,-0.0005637416896698833,429.35714285714283,0.013370061293872304,0.6031746031746031,-0.019724486391153095,2025-12-09
25210.6,25301.805,22686.32625,0.014809022518353917,0.006860689073356241,0.0006722721825462852,403.42857142857144,0.013361357397875329,0.5992063492063492,-0.020868487535154245,2025-12-10
25219.3375,25317.63,22712.64625,0.019062605781030806,0.006645195920558233,0.006819379134065606,339.23214285714283,0.013398918423027383,0.6031746031746031,-0.016149482816149474,2025-12-11
25256.6875,25332.22,22738.77,0.01984745119061807,0.006557147111547534,0.029775191326530503,324.0892857142857,0.012402883658669777,0.5674603174603174,-0.014824348157681522,2025-12-12
25259.4625,25336.65,22763.90875,-0.0052749672904666344,0.00599867304968682,0.002206978824932815,329.32142857142856,0.013713992812410057,0.623015873015873,-0.03892463892463893,2025-12-15
25269.3,25335.02,22788.38625,-0.009177810003702403,0.005611534178559641,0.007899782178814041,318.01785714285717,0.013559224452268552,0.6071428571428571,-0.04275704275704273,2025-12-16
25296.95,25335.615,22816.45,-0.009901673987388962,0.005018823563479824,0.022542215700062096,322.48214285714283,0.01306464981493526,0.5912698412698413,-0.043433910100576734,2025-12-17
25285.575,25323.17,22843.1125,-0.023335151167882942,0.0038099968466394074,-0.009114674626148123,362.01785714285717,0.012906113932124047,0.5912698412698413,-0.05687592354259019,2025-12-18
25331.1125,25317.145,22870.18875,-0.013069996636666591,0.002778548496563671,0.03782891321052517,383.67857142857144,0.01000897882573202,0.34523809523809523,-0.04719004719004716,2025-12-19
25369.65,25335.78,22899.315,-0.008516809034495833,0.0027163733773640786,0.031653952380463535,372.0,0.009799193732446122,0.3373015873015873,-0.04208970875637541,2025-12-22
25406.55,25351.69,22929.48375,0.013758846057205705,0.0026357477315148703,0.029564346519779683,395.5,0.009552675983470788,0.3253968253968254,-0.019953286619953325,2025-12-23
25443.9,25372.805,22959.38875,0.017289968531268015,0.002806123910922498,0.02980310798140806,391.8392857142857,0.009556164568740916,0.32936507936507936,-0.01572048238714907,2025-12-24
25471.2625,25391.2,22991.21375,0.018532011090456508,0.0029058802107464476,0.021618044993975793,382.5,0.00934884334542434,0.31746031746031744,-0.013804280470947172,2025-12-26
25499.125,25412.465,23021.80375,0.017492793398830055,0.003167705001772436,0.022025909346930383,369.07142857142856,0.00934555605012513,0.31746031746031744,-0.013985413985413975,2025-12-29
25512.1125,25426.695,23052.07125,0.012498871756632165,0.0035539426088293524,0.010192369946732782,365.4107142857143,0.009301871332585369,0.31746031746031744,-0.01827541827541823,2025-12-30
25525.925,25433.7,23083.16375,0.009546389239473582,0.003895003832639521,0.010875877205932971,361.64285714285717,0.009288440140735007,0.31746031746031744,-0.020868487535154245,2025-12-31
25517.3125,25437.09,23108.55375,-0.00010181982294358929,0.0040052313709375564,-0.006726741972331474,358.0892857142857,0.009366551644294818,0.3333333333333333,-0.030096763430096818,2026-01-02
25504.7125,25444.165,23132.93625,-0.0019813973066123754,0.004778035293369731,-0.009826189524580142,362.2142857142857,0.009359966849246542,0.3333333333333333,-0.031650698317365,2026-01-05
25502.025,25450.19,23160.37625,0.005041612655937002,0.005255134415827589,-0.0020969676871909204,333.42857142857144,0.009518673287362814,0.3492063492063492,-0.024605557938891298,2026-01-06
25506.8375,25456.61,23189.54625,0.014716806361883982,0.004769144664186431,0.0037400427433456063,328.80357142857144,0.009737883636025093,0.36507936507936506,-0.014967348300681582,2026-01-07
25513.3375,25453.26,23221.9175,0.01505661750204106,0.004006439018463759,0.0050570867290373744,321.2857142857143,0.009733120907358075,0.36507936507936506,-0.014767148100481409,2026-01-08
25515.0875,25444.04,23253.4125,0.01051169546974455,0.0028075334989567935,0.0013631141315988415,297.9642857142857,0.009796015030535243,0.38095238095238093,-0.019533819533819496,2026-01-09
25521.65,25438.195,23285.0825,0.01939229571909486,0.0018508380856359086,0.0050871600081394686,288.42857142857144,0.009924866630658674,0.3968253968253968,-0.011144477811144471,2026-01-12
25527.0125,25434.06,23319.10875,0.019980687314569465,0.0008497798226185793,0.0041513450745114255,302.89285714285717,0.009921656230554186,0.3968253968253968,-0.010734544067877438,2026-01-13
25561.775,25432.35,23355.3575,0.018319187963361683,0.00022240405211926273,0.027586001666468185,272.0357142857143,0.008025123247940044,0.18253968253968253,-0.012412412412412421,2026-01-14
25587.175,25422.37,23395.97875,0.00740017551471405,-0.00044547195256694483,0.02023702818444373,292.82142857142856,0.008427635278639918,0.21031746031746032,-0.023385290051956664,2026-01-15
25618.225,25424.975,23436.36,0.011043275362119392,-0.00047627303280373123,0.024756076899311363,312.60714285714283,0.00843839902136719,0.21428571428571427,-0.01975308641975304,2026-01-16
25665.7,25424.035,23478.60625,0.010136667920729347,-0.0007911440599446262,0.038391169424536686,326.9107142857143,0.007651823941456812,0.15476190476190477,-0.02066828733495396,2026-01-19
25686.275,25425.78,23508.84,-0.001102424389733524,-0.0009591283994343502,0.016469057981890023,341.17857142857144,0.00791179324560995,0.17063492063492064,-0.03149816483149814,2026-01-20
25687.4375,25424.1,23542.04375,-0.01104660538622797,-0.0012770749915248514,0.0009255573248407867,356.73214285714283,0.0081935715000748,0.20634920634920634,-0.04120310786977455,2026-01-21
25677.8625,25419.86,23575.49375,0.003506706960620531,-0.001312209123703556,-0.007451216902394919,380.69642857142856,0.007106062626943182,0.12301587301587301,-0.027255827255827203,2026-01-22
25668.7875,25419.275,23609.125,0.008289968931057181,-0.0009733124142234928,-0.007031749414020849,360.57142857142856,0.007121331657186513,0.13095238095238096,-0.022641689308355972,2026-01-23
25659.65,25420.345,23642.82,0.010175117607569796,-0.0007017007299455758,-0.007066420485852709,359.94642857142856,0.007120742951863162,0.13095238095238096,-0.01797391869669973,2026-01-26
25659.8875,25435.82,23680.265,0.01674528283342154,6.919854714504403e-05,0.00018370267239053995,375.8392857142857,0.00731315730105124,0.15873015873015872,-0.009488883356632671,2026-01-27
25678.1375,25455.06,23718.6625,0.025709623155474735,0.0008929571982141393,0.014177785546427346,376.42857142857144,0.0075328863477734185,0.16666666666666666,0.0,2026-01-28
25707.7375,25482.315,23760.445,0.030852181208810947,0.002357962691912574,0.023056101883044855,381.57142857142856,0.0075809285377298995,0.17063492063492064,0.0,2026-01-29
25735.1375,25511.33,23798.56125,0.018469048850059885,0.003396463516680104,0.021545538540171716,409.30357142857144,0.007696090285758149,0.18253968253968253,-0.010887564954222717,2026-01-30
25747.3875,25524.91,23832.505,0.004459956959691538,0.00396770221563969,0.009648043317745492,413.76785714285717,0.00832966883257315,0.24206349206349206,-0.023973580524201954,2026-02-02
25762.1125,25560.86,23865.13875,0.012211639201497893,0.0053127180365755144,0.011513575854721791,451.32142857142856,0.008418378107604032,0.25,-0.01505605573215063,2026-02-03
25741.625,25582.305,23894.4725,-0.0062857901193813575,0.006222639149468412,-0.015862569562061446,473.10714285714283,0.00904236147221665,0.35714285714285715,-0.032243942364428846,2026-02-04
25705.7125,25585.42,23922.645,-0.018259227325562694,0.006513017774291363,-0.027799818086815198,497.30357142857144,0.009376719663515085,0.40476190476190477,-0.04378818737270873,2026-02-05
25641.425,25572.645,23946.7025,-0.044848509022042904,0.0060336103213014525,-0.050006806292903994,530.25,0.011089946536005176,0.5396825396825397,-0.0701505605573215,2026-02-06
25600.2375,25568.51,23973.0,-0.018020604251088486,0.0058285991004447535,-0.03176638451304403,568.5,0.012777484692753374,0.6507936507936508,-0.044187905666482674,2026-02-09
25571.2,25569.745,24000.8225,-0.008144195415323813,0.005265212601756053,-0.022386261793021056,577.7857142857143,0.013037274160601063,0.6587301587301587,-0.034528046900279774,2026-02-10
25539.175,25565.205,24026.10875,-0.012026306849485531,0.004327037532027012,-0.02473140077032232,550.8035714285714,0.013053807578433985,0.6587301587301587,-0.03847764432685541,2026-02-11
25522.5375,25562.755,24052.2925,-0.011149228633611714,0.003156699067569102,-0.012992717830577316,561.5892857142857,0.01284775538951776,0.6428571428571429,-0.03771627614823836,2026-02-12
25478.35,25547.06,24077.17125,-0.02838134799072775,0.0014005541851405123,-0.03437946762883792,589.6607142857143,0.013378765486305476,0.6706349206349206,-0.055065953518472655,2026-02-13
25432.9,25529.6,24101.24875,-0.029645979568814183,0.00018374207783677932,-0.03539478423394049,581.3392857142857,0.013377459986866843,0.6666666666666666,-0.056940822658317014,2026-02-16
25400.3125,25511.875,24124.2,-0.030020333668144737,-0.0019164065684801335,-0.025661722002933374,579.375,0.013196538293280904,0.6547619047619048,-0.05795915259721718,2026-02-17
25381.6625,25492.58,24147.31875,-0.028334911570347204,-0.0035073071015296886,-0.01483499547592293,585.625,0.013040378519046724,0.6428571428571429,-0.05703599368064416,2026-02-18
25353.0625,25477.19,24167.21375,-0.02120288775959981,-0.004230143573957346,-0.022423458387235917,561.9107142857143,0.012675875677215485,0.6190476190476191,-0.05068808649142509,2026-02-19
25313.375,25460.385,24185.12125,-0.02451396551937445,-0.00438984704163381,-0.03096956691377295,551.625,0.012613914621118867,0.6071428571428571,-0.054523478691208105,2026-02-20
25283.35,25445.95,24203.49625,-0.014440411931957766,-0.004793396251873805,-0.0233848670119553,529.7678571428571,0.0128455700833801,0.623015873015873,-0.045301406627709984,2026-02-23
25229.6125,25424.99,24220.45,-0.025093028551830366,-0.005661182776754203,-0.04155751254265472,501.26785714285717,0.012895291780924804,0.6309523809523809,-0.05639834783105235,2026-02-24
25174.9875,25421.27,24238.51375,-0.015902824681851082,-0.0056301132730991466,-0.041843007334495086,476.7142857142857,0.012881282668404494,0.626984126984127,-0.04764261377695722,2026-02-25
25134.6,25428.435,24258.23,0.0012708214249126494,-0.0052545197104145736,-0.030749757313893067,458.17857142857144,0.013509220093272467,0.6785714285714286,-0.030749757313893067,2026-02-26
25086.9125,25427.315,24276.27875,-0.015674678982031672,-0.004687232112031814,-0.03670739921100741,430.875,0.013801853893103356,0.7063492063492064,-0.047195309972019706,2026-02-27
25052.6,25431.72,24295.315,-0.018843397143409928,-0.0038339809476057862,-0.02676612549363755,419.82142857142856,0.013542117047766236,0.6746031746031746,-0.050098026152996966,2026-03-02
25008.825,25431.945,24314.23125,-0.017082649400193328,-0.0031330507851735634,-0.0338383643180149,446.5,0.01334258907733294,0.6468253968253969,-0.0483849477511088,2026-03-03
24973.325,25423.775,24333.0225,-0.028016099104086683,-0.002699020656206641,-0.02792911511909213,464.57142857142856,0.013026468706591,0.626984126984127,-0.059272512705331515,2026-03-04
24974.3,25412.52,24352.28875,-0.010812386965165219,-0.0025383490094471606,0.0007763279687080793,466.0,0.013401967034665507,0.6746031746031746,-0.043045853398557155,2026-03-05
25003.5375,25396.5,24369.95375,-0.015198944736479435,-0.0025091922215629836,0.023939899491315586,469.73214285714283,0.011762700683608964,0.5436507936507936,-0.04789005843500771,2026-03-06
24981.1875,25372.48,24385.6325,-0.028051258686576937,-0.0028872964066973816,-0.01780326791528508,490.07142857142856,0.010464626218081854,0.46825396825396826,-0.06120448445857207,2026-03-09
24961.025,25354.505,24403.50125,-0.015628583559410884,-0.002772272476803339,-0.0159000847741656,534.0535714285714,0.010579595126980907,0.48412698412698413,-0.04987913280164458,2026-03-10
24948.575,25339.79,24421.7,-0.013064038810108564,-0.003205189984607393,-0.009858360305252889,531.1071428571429,0.01056769598180899,0.4801587301587302,-0.047956678150636645,2026-03-11
24932.0625,25325.21,24438.66375,-0.014914387679312397,-0.004059431891895948,-0.013064849521812638,531.1071428571429,0.010571796197749473,0.4880952380952381,-0.050288368197651145,2026-03-12
24919.325,25307.865,24453.06,-0.029264222801883982,-0.004697704024195892,-0.01026307308033192,528.9642857142857,0.010340777152643928,0.45634920634920634,-0.06476388069360639,2026-03-13
24897.45,25286.695,24465.99875,-0.03762630901349503,-0.005702524249244667,-0.01766053425639058,533.2857142857143,0.0105312372121216,0.48412698412698413,-0.0735957515655633,2026-03-16
24893.125,25268.315,24481.72875,-0.024094008642839806,-0.006434034046550519,-0.0034955144265740312,544.6785714285714,0.010994080453298829,0.5198412698412699,-0.061252069969735645,2026-03-17
24894.8125,25247.77,24496.7,-0.017576601814734544,-0.006922850756821197,0.001362521573258224,551.4107142857143,0.011074447931015339,0.5277777777777778,-0.05575118487922792,2026-03-18
24867.525,25218.865,24509.54875,-0.032817297685681,-0.007620456373472528,-0.021885150579460277,570.1607142857143,0.011567658507042394,0.5555555555555556,-0.07146392066543583,2026-03-19
24845.6375,25192.605,24521.78375,-0.03152135319074782,-0.008028468489752583,-0.017625446675725964,591.0714285714286,0.011550289462684937,0.5515873015873016,-0.07118792470068713,2026-03-20
24802.5625,25158.315,24533.455,-0.03741566158146914,-0.008440838262558481,-0.034352134298303305,595.8571428571429,0.011357871725337532,0.5476190476190477,-0.07809734092163623,2026-03-23
24783.2125,25127.47,24545.91375,-0.0289511837045274,-0.00895442447012873,-0.015613022955581535,619.4642857142857,0.01128510961575921,0.5476190476190477,-0.07113082208729082,2026-03-24
24752.55,25097.58,24559.6625,-0.027645294885004917,-0.009558484896678321,-0.024513330934964217,597.8571428571429,0.01104063777049215,0.5277777777777778,-0.07098806555380022,2026-03-25
24697.9,25072.725,24571.82375,-0.028117207044706893,-0.00996971002412228,-0.04292882181396851,582.4642857142857,0.010114063546331879,0.44841269841269843,-0.07235852827531075,2026-03-26
24637.5625,25035.05,24582.29625,-0.04845406739750867,-0.01077985045360419,-0.048214553263746684,591.2321428571429,0.010607781151549313,0.5079365079365079,-0.09313436244932138,2026-03-27
24552.65,24986.5,24589.91,-0.06932743681588058,-0.011871658198115642,-0.0680593126941188,569.0178571428571,0.011662352397796439,0.5833333333333334,-0.11474770161981085,2026-03-30
24458.0875,24940.67,24597.8825,-0.07355135206872944,-0.012966634300704327,-0.07565756575657567,581.1964285714286,0.011609122161709857,0.5833333333333334,-0.12038182614157644,2026-03-31
24417.7875,24915.915,24608.1325,-0.040552995946566715,-0.013143933107755634,-0.03261639317726561,631.8035714285714,0.014214720336139885,0.8174603174603174,-0.08995565030359554,2026-04-01
24370.2625,24889.48,24618.70875,-0.028213928133492525,-0.013061055681927058,-0.03781165776571094,634.3928571428571,0.013887921993732955,0.7857142857142857,-0.0792298760873289,2026-04-02
24330.7125,24861.27,24627.75875,-0.025814047311340106,-0.013152073793083252,-0.03162671677895279,643.7142857142857,0.013885391905442494,0.7857142857142857,-0.07800216989930908,2026-04-03
24304.2875,24830.335,24636.05625,-0.02811419982855645,-0.013036644147273013,-0.021430816175501577,615.3928571428571,0.01358434117932984,0.7619047619047619,-0.08132363857852565,2026-04-06
24273.8625,24800.095,24644.44125,-0.018159003019948154,-0.013028569927652889,-0.02438071579537826,606.4642857142857,0.013447489696236443,0.75,-0.07304375963606602,2026-04-07
24243.3875,24765.89,24652.73625,-0.014804232757231799,-0.013216015249279067,-0.0243714699855051,581.375,0.013447610611324547,0.753968253968254,-0.07115937339398903,2026-04-08
24247.9625,24741.3,24663.6025,0.012032512438715861,-0.013218547246061196,0.0036677021745665783,602.1428571428571,0.014742653918655781,0.8809523809523809,-0.0468051087804785,2026-04-09
24281.8375,24726.545,24676.36875,0.020957436633383345,-0.012322923261587349,0.02757736417384926,575.7321428571429,0.014371572466121035,0.8412698412698413,-0.038972533642956386,2026-04-10
24329.1375,24719.395,24688.50875,0.02272931841576218,-0.010689972585195995,0.038873650363156376,519.2678571428571,0.014143325639703327,0.8373015873015873,-0.03758303671698038,2026-04-13
24375.4375,24713.645,24701.14125,0.03527828452662485,-0.009102602295768203,0.037551450759342186,538.4642857142857,0.014092408260670623,0.8373015873015873,-0.026000723299769657,2026-04-14
24434.7375,24725.015,24716.56875,0.05116215298554928,-0.007661769595858736,0.04781486856958561,552.1964285714286,0.014407797778894475,0.8531746031746031,-0.010602051887241393,2026-04-15
24533.15,24749.84,24734.17625,0.06503718811919591,-0.005610402467227105,0.08069492133449496,536.8035714285714,0.013897682907859569,0.8095238095238095,0.0,2026-04-16
24636.4375,24790.61,24751.98,0.06751104551279696,-0.002842171779639524,0.08466709018997065,504.19642857142856,0.013872089597203823,0.7976190476190477,0.0,2026-04-17
24766.8625,24824.965,24770.89125,0.08058561210458906,-0.00021626772252569815,0.10771358962712152,496.26785714285717,0.013748405837149385,0.7817460317460317,0.0,2026-04-20
24885.575,24853.22,24789.71375,0.07729501448906817,0.002142128891038597,0.09730532786885249,444.7142857142857,0.013823047011311209,0.7976190476190477,-0.0019104956105198134,2026-04-21
25001.45,24882.49,24808.63375,0.07389774897930225,0.004708088423230672,0.09496491317932687,436.23214285714283,0.013867715473224771,0.8055555555555556,-0.003886227656520802,2026-04-22
25138.3875,24919.065,24828.985,0.08778158410036659,0.007184949861163359,0.11239240389449168,423.01785714285717,0.013956617521019237,0.8412698412698413,0.0,2026-04-23
25294.425,24961.48,24848.60875,0.07937309806950552,0.009501327419580985,0.13100285450423987,446.32142857142856,0.01263686249012663,0.6587301587301587,-0.0060409864792577705,2026-04-24
25503.725,25014.83,24870.495,0.09695928375287771,0.011951546548772729,0.18001010567960685,449.75,0.010698934750571537,0.5158730158730159,0.0,2026-04-27
25719.3375,25068.28,24891.26,0.09375274250965768,0.01434976507916974,0.18662699486069778,430.7857142857143,0.010363446550426541,0.46825396825396826,-0.0007926312624703113,2026-04-28
25883.6375,25116.705,24911.07375,0.08260617784060441,0.0158418508542868,0.1374579071761728,402.5,0.009142041878077788,0.3492063492063492,-0.009065150645493403,2026-04-29
26031.7125,25160.94,24930.08375,0.07900380510426086,0.01661020838922589,0.1224405420211061,402.8392857142857,0.009220947720815529,0.3531746031746032,-0.010623081057934969,2026-04-30
26200.6625,25216.185,24952.08375,0.09447563142481698,0.017166782100158207,0.13951567951444077,422.5,0.009453175208771356,0.38492063492063494,0.0,2026-05-01
26385.8375,25271.33,24974.20875,0.10147546646733663,0.017980488592833854,0.15346683380124104,400.9107142857143,0.009153087035209529,0.3531746031746032,0.0,2026-05-04
26555.5,25330.45,24995.94875,0.09524307700810682,0.0192019384208566,0.13935461349705847,394.32142857142856,0.009432899100190706,0.3888888888888889,-0.003332046019956403,2026-05-05
26745.9,25394.255,25019.74875,0.11077288937990104,0.020567274416668058,0.15607037101550247,399.73214285714283,0.009628023477087808,0.4166666666666667,0.0,2026-05-06
26929.5625,25459.285,25045.765,0.12777126301858047,0.0216789835413167,0.14670114621190944,421.4642857142857,0.008947127128887091,0.3333333333333333,0.0,2026-05-07
27099.525,25531.59,25071.7275,0.12190427623191505,0.02283959124218593,0.13465175927668138,417.76785714285717,0.009172860854025938,0.3611111111111111,-0.0023770341927226157,2026-05-08
27302.0875,25619.19,25100.07875,0.14494252160197107,0.024160068247515376,0.1602472187886279,457.25,0.009878424378254543,0.4523809523809524,0.0,2026-05-11
27492.8125,25707.24,25130.4325,0.14364669252708567,0.025488785030325367,0.14908835082370864,450.67857142857144,0.009881481681866963,0.4603174603174603,0.0,2026-05-12
27650.025,25795.695,25161.75875,0.12942295216314195,0.02703340266965748,0.12097922277799156,472.0,0.010272942146458835,0.5,-0.009039115646258478,2026-05-13
27808.85,25883.66,25192.68125,0.1411060105101056,0.0287238871043769,0.12050683814184637,474.42857142857144,0.010255205269379447,0.5,0.0,2026-05-14
27970.0625,25977.22,25225.67,0.1428667116804646,0.03018041785464365,0.12183417251575235,461.25,0.010248150620915095,0.5,0.0,2026-05-15
28090.375,26068.64,25254.76375,0.1213377452755495,0.031549981738198785,0.08970009878660234,489.82142857142856,0.011106927113623658,0.6071428571428571,-0.01538474493490749,2026-05-18
28205.4625,26150.995,25282.53625,0.11185061983301213,0.03239362111608757,0.08596879464410767,496.9107142857143,0.01123358016516942,0.6111111111111112,-0.020630884012328043,2026-05-19
28314.3625,26228.805,25308.19625,0.10181344517983186,0.03286373236781315,0.08150816297890251,511.3392857142857,0.011387953382972478,0.6388888888888888,-0.026584367684456933,2026-05-20
28428.5625,26317.665,25336.99875,0.1167594085569521,0.033715793668203986,0.08426023278549422,520.3214285714286,0.011523441688502889,0.6428571428571429,-0.01003755662967143,2026-05-21
28554.2,26415.43,25364.5325,0.11508690186001136,0.03461750717444545,0.09326256599641836,524.5,0.01128776954402136,0.6309523809523809,-0.007848156693669228,2026-05-22
28660.125,26519.9,25392.6875,0.11458753615209705,0.03515762988603477,0.07720410710543812,521.6071428571429,0.010807728375698707,0.5753968253968254,-0.004370379103019739,2026-05-25
28787.35,26625.97,25423.0475,0.12532989408460982,0.035738181150524184,0.09280230501303866,515.6607142857143,0.01096877154923641,0.5873015873015873,0.0,2026-05-26
28929.9875,26730.775,25454.28625,0.12395731137611979,0.036249459454378075,0.10491330011216737,500.17857142857144,0.010563837264012292,0.5476190476190477,0.0,2026-05-27
29078.8125,26845.455,25485.965,0.12217319468044024,0.037158384865200844,0.10963672360605914,508.10714285714283,0.010466998963707883,0.5357142857142857,0.0,2026-05-28
29214.5375,26963.745,25520.16375,0.12421327230323537,0.037976542524565726,0.09835679475333814,489.23214285714283,0.010134154541560868,0.49603174603174605,0.0,2026-05-29
29343.0125,27087.51,25555.59625,0.12248228057876127,0.03908412560072172,0.09230935038574506,493.625,0.010098350780650713,0.48412698412698413,0.0,2026-06-01
29481.9875,27209.96,25592.09625,0.12173998050713786,0.04049425270434259,0.10018743466820457,471.25,0.009934513623053256,0.4642857142857143,0.0,2026-06-02
29608.775,27336.745,25627.8975,0.12460353271759315,0.042241344964057514,0.08989710092263503,466.6607142857143,0.009561191094670391,0.4126984126984127,0.0,2026-06-03
29697.9125,27459.29,25662.86125,0.11055311335435108,0.04337865840301558,0.0620902228143041,466.23214285714283,0.009394052561801357,0.38095238095238093,-0.008066877012653295,2026-06-04
29795.35,27594.705,25697.78875,0.10864566227470082,0.044643414852607144,0.06803344504957409,452.5,0.009307957042883746,0.35714285714285715,-0.004887291415932027,2026-06-05
29780.05,27710.15,25725.21,0.04750425385643883,0.04488139095547128,-0.010432114548708737,538.6428571428571,0.014608893335718258,0.9523809523809523,-0.05583384835572325,2026-06-08
29781.8125,27836.73,25753.58,0.057424848392753046,0.045472897325430806,0.0011989795918367907,563.1964285714286,0.01495724403148466,0.9682539682539683,-0.04253813876329571,2026-06-09
29782.0875,27941.415,25782.00625,0.042887412824296804,0.04529011972155694,0.00018878124544130515,635.9285714285714,0.014991376200156722,0.9682539682539683,-0.05215008294571122,2026-06-10
29728.8875,28027.11,25806.8525,0.015873559564293264,0.04401694812026835,-0.036023835319609954,664.5,0.015479407521711685,0.996031746031746,-0.07387047457957907,2026-06-11
29716.125,28131.385,25837.1225,0.04627802719276003,0.04330407367374223,-0.008597605133300767,733.4642857142857,0.0173086190923518,1.0,-0.042603194223075125,2026-06-12
29738.425,28242.295,25868.23375,0.05082642894283208,0.04263164092971272,0.015257382811497688,740.1607142857143,0.017033239438312472,0.996031746031746,-0.034650164265035976,2026-06-15
29826.225,28371.94,25903.975,0.0867075004388139,0.04270421566220595,0.06039345164396748,801.6785714285714,0.018889327408742166,1.0,0.0,2026-06-16
29896.2875,28489.965,25937.1125,0.06354992012099699,0.042185710112890185,0.04848741749353347,815.9107142857143,0.01933684815267104,1.0,-0.017238583290088205,2026-06-17
29933.85,28592.02,25968.82875,0.054201486988327496,0.04125124866666252,0.02556098058896583,821.625,0.01909543378452212,0.996031746031746,-0.02238745459263103,2026-06-18
29997.4,28701.655,26003.01625,0.07054802240497983,0.04011457995292922,0.04314983619358004,850.1071428571429,0.0195138320043337,1.0,-0.003421769590036372,2026-06-19
30052.0125,28809.05,26036.97625,0.06393650606319892,0.03965694880756687,0.03695183321351547,848.7321428571429,0.01953702424934572,1.0,-0.005870524130773269,2026-06-22
30086.9875,28910.59,26070.25625,0.06059751807209745,0.03857708861637121,0.023345459399926494,861.9285714285714,0.019340501485369883,0.9920634920634921,-0.005497535028541778,2026-06-23
30072.375,28985.83,26098.44375,0.02643257067332549,0.03737874406145858,-0.009727318871331492,918.6785714285714,0.020558294250549024,1.0,-0.03502854177477943,2026-06-24
30070.875,29060.545,26127.44125,0.03560514780435129,0.03687269218981193,-0.0009958423581547526,950.1607142857143,0.02072284318585462,1.0,-0.023895627919045093,2026-06-25
30043.1875,29126.445,26154.775,0.021726132385878203,0.03537188090810317,-0.018267739913568448,889.9107142857143,0.0208121860890191,1.0,-0.03479339647119872,2026-06-26
29987.075,29175.595,26179.8925,0.0036813302350817124,0.0330461812682008,-0.03690974420535931,880.0178571428571,0.021060199006099664,1.0,-0.05024001037882719,2026-06-29
29960.7,29240.01,26207.5425,0.025820442605867838,0.030596074854239763,-0.017282332705381265,821.1607142857143,0.02181856765279952,1.0,-0.02714711987545404,2026-06-30
29948.5875,29315.6,26237.21625,0.040427281038082165,0.028979853081602558,-0.007879842565787332,808.5892857142857,0.02210593903933767,1.0,-0.010743707836014527,2026-07-01
29927.05,29374.755,26262.555,0.023472365982286456,0.027375995120316743,-0.014125266437120865,756.2142857142857,0.022266287329961613,1.0,-0.02490107680332121,2026-07-02
29875.0,29426.935,26286.1425,0.0042415222652307715,0.02526962295379831,-0.0340276699544827,789.1785714285714,0.022542987485469856,1.0,-0.04152341722885311,2026-07-03
29918.8625,29476.205,26311.9225,0.014504750526738372,0.023157827141124132,0.030222382994849584,731.8035714285714,0.019261962879771735,0.9523809523809523,-0.03010670731707321,2026-07-06
29944.4875,29526.79,26338.485,0.01425688332527847,0.02131398909534532,0.01741109723885481,710.9285714285714,0.01903665052321073,0.9444444444444444,-0.02867961857810064,2026-07-07
29958.475,29571.35,26361.945,-0.00513503779840956,0.0202002150706051,0.009600288266028434,718.2321428571429,0.019345518431515062,0.9603174603174603,-0.045812791904514816,2026-07-08
30004.4375,29616.2,26384.84375,-0.007595505162715025,0.01912059804797206,0.03228610564765377,713.2678571428571,0.01853634576861322,0.9325396825396826,-0.04672904774260511,2026-07-09
30029.3375,29662.855,26410.3075,0.009048185011186564,0.018416597013469982,0.016919640202831765,728.9464285714286,0.017462293812202226,0.9285714285714286,-0.02921477685521534,2026-07-10
30048.875,29707.51,26435.605,0.012151472809400776,0.01823150479021929,0.013166429395759405,712.6785714285714,0.017398906938574592,0.9246031746031746,-0.024763233004670426,2026-07-13
29978.7125,29741.225,26457.22125,-0.010506460308880975,0.017141410006357827,-0.045512778930980824,681.1071428571429,0.015658273781218018,0.9087301587301587,-0.045512778930980824,2026-07-14
29953.3625,29772.95,26481.28125,0.0006902238441269432,0.015600908731187468,-0.016732397155162504,661.4821428571429,0.015563225224306209,0.9047619047619048,-0.033682537623248576,2026-07-15
29931.65,29792.855,26503.89875,-0.002864948659670232,0.014233310201225535,-0.014406927268655556,639.875,0.015536942838432346,0.9007936507936508,-0.03647184743124032,2026-07-16
29854.275,29803.555,26524.51875,-0.02095572155737798,0.012798478672685354,-0.05036369257806783,638.8928571428571,0.015246343939984173,0.8849206349206349,-0.05361312921639849,2026-07-17
29760.1375,29792.27,26541.5875,-0.034372003207543446,0.010722716849065117,-0.06142540210759839,640.0357142857143,0.01546488378107507,0.8928571428571429,-0.0669353269330566,2026-07-20
29665.8625,29779.81,26559.035,-0.0336741570883092,0.008569167186815774,-0.061492050550346566,627.2321428571429,0.015464035218805695,0.8888888888888888,-0.06665153087701092,2026-07-21
29642.75,29782.92,26584.5425,-0.016558819618761298,0.0071545600725027025,-0.015536770637268105,635.6964285714286,0.014754068367367775,0.8412698412698413,-0.050021081992734806,2026-07-22
29596.2375,29775.5,26605.8425,-0.020503434031334488,0.005378812946968292,-0.03091019346906909,592.75,0.014483330866178068,0.7936507936507936,-0.05406720290607159,2026-07-23
29545.2375,29756.515,26625.76,-0.03418629500127953,0.003157484335206462,-0.03427505733511427,622.4642857142857,0.014625582206798564,0.8253968253968254,-0.06787590814737932,2026-07-24
29496.4125,29738.01,26642.5825,-0.04813738377248506,0.0010266764195316913,-0.03334699313594913,630.7321428571429,0.014577342536738622,0.8095238095238095,-0.08191165023352365,2026-07-27
29407.1625,29720.69,26659.66375,-0.05082957360680384,-0.0006904557562776859,-0.05950991831971997,635.0535714285714,0.013261155691813086,0.6190476190476191,-0.08504151530877013,2026-07-28
29280.15,29701.915,26674.30125,-0.05862972134961671,-0.0023858905482997406,-0.08328483725810021,633.3035714285714,0.012462106197757006,0.5555555555555556,-0.0931337571354437,2026-07-29
29139.9,29659.29,26683.96625,-0.08092034569944193,-0.004483121876033613,-0.09330018210998114,660.0535714285714,0.013152131495679032,0.6111111111111112,-0.1158779839128179,2026-07-30
29078.9875,29636.85,26699.30875,-0.04397734577055249,-0.005593460243249582,-0.04122429297757324,717.8928571428571,0.01601968468457133,0.9126984126984127,-0.0810359366891541,2026-07-31
28998.15,29611.415,26715.54375,-0.044726501587310195,-0.006070534403722849,-0.05406512561133636,715.3214285714286,0.015682059899014243,0.9087301587301587,-0.08254411001556827,2026-08-03
28947.225,29590.74,26733.80375,-0.022354628508783544,-0.006348932380696892,-0.03400923274703438,719.5357142857143,0.01665295344610729,0.9126984126984127,-0.06171347950181627,2026-08-04
28967.1625,29586.22,26755.34375,0.007842502354136447,-0.006604456514001877,0.013553935315012255,752.3392857142857,0.01765055227394397,0.9285714285714286,-0.032879800207576526,2026-08-05
28977.6125,29575.72,26773.325,0.0008293965455447521,-0.006709543080720692,0.007110959894526481,739.8214285714286,0.0177390003635805,0.9285714285714286,-0.03995037623248576,2026-08-06
28956.2625,29559.545,26789.98375,-0.0018706309586293786,-0.006619390745186471,-0.014266026310294389,713.625,0.017244449038174514,0.9087301587301587,-0.04306402439024393,2026-08-07
28944.8125,29548.23,26808.0625,0.009857443237716791,-0.00638173166260958,-0.007615943595457031,708.5178571428571,0.017417746304313027,0.9166666666666666,-0.03219058121432283,2026-08-10
28961.5875,29533.065,26826.13875,0.007828005660773825,-0.006312942263453469,0.011400416259609969,680.0535714285714,0.016708875115743305,0.8968253968253969,-0.034631227296315514,2026-08-11
28954.25,29511.14,26844.45375,0.00459521387516716,-0.00642298653133988,-0.004925571013811747,677.4107142857143,0.01650144911130158,0.8888888888888888,-0.03844220290607159,2026-08-12
28959.1625,29497.355,26862.935,0.010455005203008894,-0.005459840744670652,0.0033072456450391474,643.6428571428571,0.016534789935755242,0.8888888888888888,-0.03328522314478466,2026-08-13
29010.925,29489.785,26886.12875,0.024566642313601138,-0.004962234515476505,0.03547928304602621,641.1785714285714,0.016217986742418315,0.8809523809523809,-0.020036001556824057,2026-08-14
29080.2125,29512.335,26908.255,0.021742264717447838,-0.003346006936851942,0.048169422888079794,600.4821428571429,0.01581230624972919,0.873015873015873,-0.02199014011416711,2026-08-17
29145.275,29525.195,26932.09375,0.018731629037505096,-0.0022150510598925033,0.04521840358619733,576.4821428571429,0.015844062466053053,0.873015873015873,-0.024447003113648114,2026-08-18
29158.7625,29533.59,26953.755,0.0008773061453077616,-0.0017788686760256134,0.009209706467279588,550.0892857142857,0.015983527164982917,0.873015873015873,-0.04127205500778408,2026-08-19
29178.5625,29555.37,26972.955,0.00019048991773748793,-0.0006880643987704493,0.013577918738213679,490.73214285714283,0.01594543655394604,0.8690476190476191,-0.04122340425531912,2026-08-20
29207.4625,29553.05,26991.245,-0.007978871893087153,-0.00021972598022057532,0.020111867915829418,479.375,0.015681791748929044,0.8531746031746031,-0.04912915153087705,2026-08-21
