date,year,side,setup,grade,flip_age,pnl,contracts,entry_hhmm,mfe,mae,eod_pts,armed,prior_run,dist_ext,vwap_ext,rvol,atr,prior_run_atr,vwap_ext_atr
2021-06-04,2021,LONG,PM_LONG,A+,1,-16.240000000000002,1,11:25,19.5,18.0,3.25,False,154.5,-5.0,55.01219899663374,0.7166181390420729,8.107142857142858,19.057268722466958,6.785645691214734
2021-06-11,2021,SHORT,ORB_SHORT,A+,16,-39.24,1,11:00,2.0,46.0,-24.5,False,22.5,-6.0,25.528215268970598,0.9398575837170051,8.535714285714286,2.6359832635983262,2.9907532532685215
2021-06-14,2021,LONG,PM_LONG,A+,1,-36.239999999999995,1,13:45,4.25,16.0,-14.5,False,53.5,-3.75,48.42166211793119,0.8860134613502669,8.392857142857142,6.3744680851063835,5.769389528944993
2021-06-17,2021,LONG,PM_LONG,A+,13,-46.74,1,11:50,29.5,106.25,29.25,False,231.75,-29.0,90.91458512989993,0.7373100597698415,20.75,11.168674698795181,4.381425789392768
2021-06-21,2021,LONG,PM_LONG,A+,1,-23.74,1,13:40,18.5,13.5,-8.25,False,74.0,-9.75,61.075151101245865,0.853221785897217,12.964285714285714,5.707988980716253,4.711030938939075
2021-06-22,2021,LONG,PM_LONG,A+,1,61.260000000000005,1,10:30,89.0,22.75,88.0,False,49.25,-15.5,20.151376268524473,0.8504150566854911,10.142857142857142,4.855633802816902,1.986755406755934
2021-06-24,2021,LONG,PM_LONG,A+,19,-36.739999999999995,1,11:40,32.0,62.5,-19.5,False,40.25,-21.75,5.957862440905956,0.8611325124342954,11.375,3.5384615384615383,0.5237681266730511
2021-06-29,2021,LONG,PM_LONG,A+,13,9.26,1,10:45,37.0,33.0,24.25,False,19.75,-7.0,19.167905117425107,0.8772728257807252,8.589285714285714,2.2993762993762994,2.231606416997518
2021-07-01,2021,SHORT,ORB_SHORT,A+,3,-26.74,1,11:20,2.0,68.75,-60.25,False,46.5,-10.5,50.2228651540554,1.2517991996044509,10.375,4.481927710843373,4.8407580871378695
2021-07-02,2021,LONG,PM_LONG,A+,5,17.26,1,11:55,33.5,12.75,29.25,False,38.75,-8.75,21.75338808386914,1.0723708243698502,7.5,5.166666666666667,2.9004517445158853
2021-07-09,2021,LONG,PM_LONG,A+,3,63.760000000000005,1,10:50,62.5,5.0,47.5,False,75.75,-2.75,56.685065916917665,0.9457938518447095,9.035714285714286,8.383399209486166,6.273446030330808
2021-07-13,2021,LONG,PM_LONG,A+,1,-22.24,1,11:20,7.5,153.25,-108.75,False,133.75,-5.0,65.75640911173105,0.89642161163345,17.321428571428573,7.721649484536082,3.7962462992339567
2021-07-15,2021,SHORT,ORB_SHORT,A+,6,70.76,1,10:40,78.25,43.25,20.25,False,106.5,-1.0,55.25690904552357,1.0143517128355035,19.982142857142858,5.329758713136729,2.7653144830646292
2021-07-15,2021,SHORT,ORB_SHORT,A+,3,-72.24,1,13:40,25.5,51.75,-32.5,False,159.25,-11.0,70.99088831840163,0.7661824687650228,19.982142857142858,7.969615728328865,3.5527164842095544
2021-07-16,2021,SHORT,ORB_SHORT,A+,16,-58.74,1,11:00,52.5,47.25,34.25,False,93.75,-4.25,61.204530238976076,0.8943538959273558,16.660714285714285,5.627009646302251,3.673583808555906
2021-07-19,2021,SHORT,ORB_SHORT,A+,1,-164.24,2,13:55,1.75,56.0,-37.75,False,64.25,-20.0,39.52599230706073,0.8787928816980394,24.964285714285715,2.573676680972818,1.5833015516419178
2021-07-20,2021,LONG,PM_LONG,A+,11,163.76,2,13:00,65.5,12.0,61.75,False,124.25,-29.25,99.15330305274074,0.8940981494683131,13.642857142857142,9.107329842931938,7.267781375593562
2021-07-21,2021,LONG,PM_LONG,A+,1,-21.74,1,11:00,28.25,41.0,18.5,False,74.25,-2.5,36.436380254208416,0.7637286658710765,11.071428571428571,6.706451612903226,3.291027893928502
2021-07-21,2021,LONG,PM_LONG,A+,1,22.26,1,13:40,24.5,13.5,14.75,False,78.0,-6.0,29.226578866522686,0.7259725129739755,11.071428571428571,7.04516129032258,2.639820026653662
2021-07-22,2021,LONG,PM_LONG,A+,3,-83.24,1,10:35,12.0,64.25,4.5,False,75.0,-2.25,33.44731131492699,0.7299038666277612,12.892857142857142,5.8171745152354575,2.594251293124531
2021-07-23,2021,LONG,PM_LONG,A+,1,93.26,1,10:35,103.75,17.0,78.0,False,24.75,-8.5,33.72105575054229,0.8644140114238525,10.303571428571429,2.4020797227036397,3.2727541109711753
2021-07-23,2021,LONG,PM_LONG,A+,2,5.76,1,13:10,16.25,12.5,-9.5,False,112.25,-0.5,81.46080314323262,0.7204415323770733,10.303571428571429,10.894280762564991,7.906074481838868
2021-07-27,2021,SHORT,ORB_SHORT,A+,1,26.76,1,11:15,87.0,78.0,-47.0,False,243.75,-0.0,123.63536084016414,0.9687208240701098,24.964285714285715,9.763948497854077,4.9524894184901225
2021-07-27,2021,SHORT,ORB_SHORT,A+,1,-242.74,1,13:15,16.25,148.75,-117.75,False,314.5,-5.25,138.48816971587257,0.717806482036119,24.964285714285715,12.59799713876967,5.547451719662993
2021-07-28,2021,LONG,VWAP_LONG,A+,2,30.26,1,10:40,59.25,80.0,23.75,False,3.5,-73.0,13.539389782732542,0.9399928462483297,23.446428571428573,0.14927646610814926,0.5774606457220276
2021-07-29,2021,LONG,PM_LONG,A+,1,13.260000000000002,1,10:40,23.0,20.0,-14.25,False,77.75,-18.5,14.94718339380779,0.9382554461994215,11.607142857142858,6.6984615384615385,1.2877573385434404
2021-08-05,2021,LONG,PM_LONG,A+,1,-0.7400000000000002,1,10:50,18.25,13.0,-1.5,False,47.0,-3.25,31.726937726929464,0.9622904086369458,8.285714285714286,5.6724137931034475,3.8291131739397626
2021-08-06,2021,SHORT,ORB_SHORT,A+,3,-42.74,1,10:55,30.0,32.0,-8.0,False,31.5,-9.5,36.275585925686755,1.0018746166538526,11.482142857142858,2.743390357698289,3.1593045285201526
2021-08-16,2021,SHORT,ORB_SHORT,A+,3,-83.24,1,10:30,37.25,145.0,-143.5,False,121.0,-41.5,60.24835778009583,1.3304016214632242,11.928571428571429,10.1437125748503,5.050760532463124
2021-08-17,2021,SHORT,ORB_SHORT,A+,7,-76.24,1,13:00,16.5,73.25,-50.0,False,97.25,-22.75,63.70518456108948,0.8748655211090041,22.482142857142858,4.3256552819698175,2.8335904173320183
2021-08-19,2021,LONG,PM_LONG,A+,2,86.76,1,10:55,102.0,40.0,58.5,False,122.5,-2.5,69.51511008325542,0.9517140067433428,24.714285714285715,4.956647398843931,2.8127501189756527
2021-08-23,2021,LONG,PM_LONG,A+,1,72.26,1,11:30,53.25,2.5,41.25,False,157.5,-1.0,60.743810865371415,0.7155320905867363,8.089285714285714,19.47019867549669,7.5091686720988955
2021-08-24,2021,LONG,PM_LONG,A+,9,-35.239999999999995,1,10:50,10.25,27.25,5.5,False,24.5,-22.75,10.471959056179912,0.737303528489014,9.357142857142858,2.618320610687023,1.1191406624925095
2021-08-25,2021,SHORT,ORB_SHORT,A+,10,1.2599999999999998,1,10:30,20.25,17.75,-3.75,False,12.25,-13.5,20.10603804956918,1.1324829997735144,8.589285714285714,1.4261954261954264,2.340827714710757
2021-08-26,2021,SHORT,ORB_SHORT,A+,3,-69.74000000000001,1,10:35,39.25,56.5,19.0,False,40.5,-26.5,36.4695124293703,1.0858892028821818,13.821428571428571,2.9302325581395348,2.6386210543213653
2021-08-30,2021,LONG,PM_LONG,A+,1,-12.24,2,11:45,25.0,26.25,19.75,False,137.0,-4.75,49.81146567475662,0.9208087136043283,10.125,13.530864197530864,4.9196509308401595
2021-09-08,2021,SHORT,ORB_SHORT,A+,2,92.26,1,10:30,69.5,32.75,-19.25,False,73.0,-5.5,36.53490837244499,1.6822221420806693,17.464285714285715,4.179959100204499,2.0919783935142324
2021-09-20,2021,SHORT,VWAP_SHORT,A+,4,189.26,1,10:30,224.5,16.25,211.75,True,39.5,-23.25,46.065805018894025,0.8789966627193455,25.803571428571427,1.5307958477508652,1.7852491910436439
2021-09-21,2021,LONG,ORB_LONG,A+,22,-47.24,1,11:30,20.0,98.25,-12.0,False,17.75,-32.25,48.19543577055265,1.1600424587376417,23.392857142857142,0.7587786259541985,2.060262903168663
2021-09-22,2021,LONG,PM_LONG,A+,2,-82.24,1,11:50,53.75,83.25,1.5,False,111.5,-30.5,76.7064936908555,1.8028657990921735,21.017857142857142,5.305012744265081,3.6495867856311874
2021-09-23,2021,LONG,PM_LONG,A+,1,-68.24000000000001,1,10:45,20.75,60.25,-10.75,False,115.0,-14.0,49.06717046845006,0.8095487107108225,15.964285714285714,7.203579418344519,3.073558776547207
2021-09-23,2021,LONG,PM_LONG,A+,1,-7.74,1,13:05,21.25,15.25,-10.25,False,114.5,-14.5,38.806620644332725,0.7827265772657727,15.964285714285714,7.172259507829978,2.4308397719045107
2021-09-28,2021,SHORT,ORB_SHORT,A+,1,109.26,1,10:35,130.75,3.0,21.0,True,129.75,-44.25,41.752057448358755,0.940874925508942,29.928571428571427,4.335322195704057,1.395056812116999
2021-09-29,2021,LONG,PM_LONG,A+,1,-44.24,1,11:00,14.25,149.25,-22.5,False,42.5,-46.5,6.323314084665981,0.8527104166494064,25.607142857142858,1.6596931659693166,0.24693555700229772
2021-09-30,2021,SHORT,ORB_SHORT,A+,3,-59.74,1,11:45,50.25,96.0,-69.0,False,77.5,-6.5,88.62817920408997,0.874430586110692,27.892857142857142,2.7784891165172856,3.177450726907195
2021-10-01,2021,SHORT,ORB_SHORT,A+,7,-407.24,1,10:45,12.25,220.75,-220.25,False,120.25,-52.5,24.209036192500207,0.7892127615720903,23.696428571428573,5.074604370761115,1.0216322733835805
2021-10-04,2021,SHORT,ORB_SHORT,A+,1,102.26,1,11:05,86.0,41.75,3.5,False,250.75,-51.25,77.25960854662662,0.7872295598706428,28.964285714285715,8.657213316892724,2.6674094196122633
2021-10-05,2021,LONG,PM_LONG,A+,1,43.76,1,11:00,62.75,27.75,54.0,False,184.75,-3.0,95.69429618196773,0.7598759807987815,17.964285714285715,10.284294234592444,5.326919071759635
2021-10-05,2021,LONG,PM_LONG,A+,1,0.2599999999999998,1,13:40,12.5,20.25,3.75,False,235.0,-0.5,101.42643460128602,0.7908061749571184,17.964285714285715,13.081510934393638,5.646004311801209
2021-10-14,2021,LONG,PM_LONG,A+,1,36.26,1,11:40,39.75,2.0,23.75,False,84.75,-2.25,47.53995604781812,0.8484493670886075,9.821428571428571,8.629090909090909,4.840431888505118
2021-10-15,2021,LONG,PM_LONG,A+,15,-54.74,1,10:55,10.5,52.0,-7.75,False,21.5,-1.0,38.784262409933945,0.8277360868079114,12.0,1.7916666666666667,3.2320218674944954
2021-10-18,2021,LONG,PM_LONG,A+,2,44.26,1,13:15,38.75,5.75,34.75,False,161.75,-9.25,85.57595902122557,1.0918712847341556,9.946428571428571,16.262118491921004,8.603687082923935
2021-10-19,2021,LONG,PM_LONG,A+,1,15.760000000000002,2,10:55,23.0,16.0,18.0,False,45.25,-1.0,36.389191455766195,0.9394495268696407,10.017857142857142,4.516934046345812,3.632432658686109
2021-10-20,2021,SHORT,ORB_SHORT,A+,31,-28.24,1,13:05,39.0,27.75,-20.5,False,60.75,-0.75,51.157066638039396,1.2581301272345138,14.232142857142858,4.268506900878293,3.5944739419450515
2021-10-21,2021,LONG,PM_LONG,A+,1,-40.74,1,11:00,23.25,39.75,21.5,False,88.5,-10.25,42.615369327289955,0.8512608958657688,11.339285714285714,7.804724409448819,3.7582057989421065
2021-10-22,2021,LONG,VWAP_LONG,A+,1,-195.24,1,10:30,3.5,161.25,-94.0,False,12.5,-28.75,7.222873874947254,0.9887369518209113,20.232142857142858,0.617828773168579,0.35699994439280336
2021-10-27,2021,LONG,PM_LONG,A+,1,-54.24,1,13:25,11.25,76.5,-75.0,False,135.5,-9.0,78.50906071412828,0.8768444176597523,16.625,8.150375939849624,4.722349516639295
2021-11-02,2021,LONG,PM_LONG,A+,1,-42.74,1,11:45,2.0,59.25,-10.0,False,99.0,-15.5,28.5680096869728,0.9207105100242869,13.714285714285714,7.21875,2.0830840396751
2021-11-04,2021,LONG,PM_LONG,A+,18,0.2599999999999998,1,11:10,80.75,54.5,36.25,False,118.0,-33.75,42.56948683671362,0.7997011414920813,18.25,6.465753424657534,2.3325746211897873
2021-11-04,2021,LONG,PM_LONG,A+,1,17.26,1,13:30,61.25,4.75,16.75,False,137.5,-14.25,48.016114088270115,0.7078182178787679,18.25,7.534246575342466,2.631019950042198
2021-11-05,2021,LONG,PM_LONG,A+,1,-168.24,1,11:50,5.75,141.5,-80.5,False,23.25,-14.75,13.071675087740005,0.7402325143376562,18.910714285714285,1.2294617563739378,0.6912311661127859
2021-11-10,2021,SHORT,VWAP_SHORT,A+,1,183.26,1,13:25,155.25,22.5,92.0,True,48.5,-26.75,79.67249711630211,0.8819690853982927,27.696428571428573,1.7511283043197936,2.8766343252823456
2021-11-12,2021,LONG,ORB_LONG,A+,13,185.76,1,10:45,113.25,4.25,96.5,False,17.0,-5.5,43.07796440244783,0.9088234450486185,12.125,1.402061855670103,3.55282180638745
2021-11-15,2021,SHORT,ORB_SHORT,A+,3,-83.24,1,11:50,28.0,76.0,-67.25,False,130.25,-17.25,72.57217493054122,0.9274123271282488,18.0,7.236111111111111,4.031787496141179
2021-11-17,2021,LONG,PM_LONG,A+,2,29.76,1,10:40,58.25,52.5,-21.25,False,25.25,-12.5,32.68096575821983,0.9067408101043364,15.964285714285714,1.5816554809843402,2.0471298461524725
2021-11-18,2021,LONG,MOM_LONG,A+,18,95.58,1,11:10,114.25,-0.25,89.5,False,-21.25,-45.0,11.526264689280652,0.8859566473577092,16.714285714285715,-1.2713675213675213,0.6896055797005518
2021-11-19,2021,LONG,PM_LONG,A+,2,-36.239999999999995,1,11:35,9.75,84.75,-48.75,False,68.75,-10.0,41.153582795563125,0.8018198981723641,16.803571428571427,4.091392136025505,2.449097382095149
2021-11-23,2021,SHORT,ORB_SHORT,A+,8,75.26,1,10:40,98.5,58.75,-56.5,False,113.75,-6.0,97.13225341140969,0.8787516473960951,35.80357142857143,3.1770573566084788,2.7129207935356323
2021-11-30,2021,SHORT,ORB_SHORT,A+,3,46.26,1,11:30,65.5,91.0,-3.75,False,221.75,-22.25,159.01669369192314,0.8609474954636174,35.82142857142857,6.190428713858425,4.439149973453488
2021-12-01,2021,LONG,ORB_LONG,A+,8,11.760000000000002,1,10:45,71.0,313.75,-291.25,False,18.25,-20.75,35.4115390127954,0.9031985439934168,38.675,0.4718810601163543,0.9156183325868237
2021-12-02,2021,SHORT,VWAP_SHORT,A+,1,-813.24,2,10:45,42.25,222.0,-162.75,False,-15.0,-76.0,63.45703620421773,1.002701413571251,42.642857142857146,-0.3517587939698492,1.4881047016064457
2021-12-03,2021,SHORT,ORB_SHORT,A+,1,153.76,1,10:50,162.5,27.75,123.25,True,346.5,-45.5,134.34845174066868,0.792889333761177,42.69642857142857,8.11543287327478,3.1465969458291285
2021-12-07,2021,LONG,PM_LONG,A+,1,-3.24,1,11:35,36.0,34.0,-29.75,False,189.0,-3.75,81.05510048534961,0.7500673399654372,17.410714285714285,10.855384615384615,4.655472438132901
2021-12-09,2021,SHORT,ORB_SHORT,A+,3,-6.24,1,10:30,124.0,69.25,111.75,True,61.25,-11.25,73.62731004515263,0.9198120896252242,23.964285714285715,2.555886736214605,3.072376574164342
2021-12-09,2021,SHORT,ORB_SHORT,A+,3,123.26,1,13:50,77.5,32.25,65.25,False,107.75,-23.75,85.20198153517049,0.8987372452961148,23.964285714285715,4.496274217585693,3.555373298039901
2021-12-10,2021,SHORT,ORB_SHORT,A+,10,-206.24,1,11:05,5.0,136.25,-99.5,False,119.25,-12.25,95.38651888874847,1.0189649156432297,24.482142857142858,4.8708971553610505,3.8961670735010316
2021-12-13,2021,SHORT,ORB_SHORT,A+,1,15.760000000000002,1,11:00,74.25,29.0,-5.25,False,140.75,-8.25,71.9262894214371,0.8938080066491204,22.535714285714285,6.245641838351823,3.1916578507135327
2021-12-22,2021,LONG,PM_LONG,A+,1,106.76,1,10:35,75.25,28.0,61.5,False,103.25,-7.0,67.91864234652166,1.1349648539397441,19.625,5.261146496815287,3.4608225399501484
2021-12-23,2021,LONG,PM_LONG,A+,2,108.76,1,10:30,79.0,7.5,66.5,False,76.75,-13.75,32.1587904986427,0.7355200419177365,11.857142857142858,6.47289156626506,2.7121871504879387
2021-12-23,2021,LONG,PM_LONG,A+,1,4.26,1,13:25,7.75,23.5,-4.75,False,148.0,-2.25,70.2589342639385,0.7382041502955443,11.857142857142858,12.481927710843372,5.925452287320114
2021-12-27,2021,LONG,PM_LONG,A+,1,-28.74,1,11:10,27.75,40.75,3.0,False,184.5,-5.5,69.738910719454,0.7605597271395038,12.25,15.061224489795919,5.692972303628898
2021-12-30,2021,LONG,PM_LONG,A+,6,21.76,1,10:55,31.75,37.5,-32.25,False,52.75,-39.25,12.731119656793453,0.8960845245494096,12.642857142857142,4.1723163841807915,1.0069812157915725
2022-01-06,2022,SHORT,ORB_SHORT,A+,3,-813.24,2,10:10,0.5,244.5,-177.0,False,40.25,-52.75,89.46337660102654,0.934728523342602,35.44642857142857,1.1355163727959698,2.523903823505031
2022-01-06,2022,LONG,PM_LONG,A+,1,17.76,1,11:15,37.25,79.0,-20.25,False,157.0,-47.25,80.06779654578713,0.9221494226904645,35.44642857142857,4.429219143576827,2.2588396002841713
2022-01-07,2022,SHORT,ORB_SHORT,A+,8,-80.74,1,10:40,77.25,85.5,-37.25,False,170.0,-5.0,129.68618310659986,1.0475932936722552,30.589285714285715,5.557501459427904,4.2395950110739005
2022-01-11,2022,LONG,PM_LONG,A+,3,169.26,1,11:10,137.25,9.5,123.75,True,137.75,-4.75,133.56891940064997,0.9907183419094282,27.553571428571427,4.999351911860013,4.847608221928969
2022-01-14,2022,LONG,PM_LONG,A+,1,-131.24,1,10:15,1.5,187.5,-62.0,False,202.25,-9.5,78.32518896382317,0.9654875782809167,35.57142857142857,5.68574297188755,2.201912942758081
2022-01-21,2022,SHORT,ORB_SHORT,A+,3,195.12,2,10:05,200.25,210.5,172.75,True,98.0,-41.5,58.29557503068463,0.917329596110953,50.982142857142854,1.9222416812609457,1.143450858745478
2022-01-21,2022,LONG,PM_LONG,A+,4,81.64,1,10:45,98.75,312.0,-284.5,False,13.75,-59.0,75.54657855045116,0.9068825910931174,50.982142857142854,0.26970227670753066,1.4818243078197075
2022-01-24,2022,SHORT,ORB_SHORT,A+,2,166.32,2,10:00,379.75,162.0,-146.75,True,105.0,-35.75,73.1366758605127,0.9254557831287056,78.01785714285714,1.3458457312886245,0.9374350762620076
2022-01-24,2022,SHORT,ORB_SHORT,A+,1,182.96,2,10:20,381.5,160.25,-145.0,True,103.25,-111.75,27.543572719268923,1.1460884342539472,78.01785714285714,1.3234149691004806,0.35304190255872275
2022-01-24,2022,SHORT,ORB_SHORT,A+,6,245.76,1,11:20,300.75,241.0,-225.75,True,184.0,-31.0,87.82208524101043,0.8259866828586271,78.01785714285714,2.358434424353399,1.125666462233139
2022-01-25,2022,SHORT,ORB_SHORT,A+,3,73.76,2,11:05,93.25,293.25,-180.5,False,111.5,-71.5,49.680684318107524,0.8743439172686172,55.285714285714285,2.016795865633075,0.8986170290096969
2022-01-28,2022,LONG,PM_LONG,A+,1,383.76,2,10:50,202.75,50.25,108.5,True,41.0,-3.25,148.32820522073598,0.9019858578643192,46.535714285714285,0.8810437452033768,3.187405791389568
2022-01-28,2022,LONG,PM_LONG,A+,1,51.26,1,11:35,86.0,167.0,-8.25,False,157.75,-32.25,203.24704231051874,0.7390482826297685,46.535714285714285,3.389869531849578,4.367549642896796
2022-01-31,2022,LONG,PM_LONG,A+,1,80.76,1,10:40,132.75,40.5,44.75,True,206.75,-29.5,81.14681502355234,0.904656036704523,32.267857142857146,6.4073049252905365,2.5147878479905534
2022-02-01,2022,LONG,VWAP_LONG,A+,17,-65.24000000000001,1,11:05,55.0,66.25,32.75,False,-56.0,-64.5,63.61426929683694,0.7705723858744736,31.75,-1.763779527559055,2.003599032971242
2022-02-02,2022,SHORT,VWAP_SHORT,A+,11,138.26,1,10:35,137.0,49.5,-25.75,True,89.25,-62.75,20.501077510696632,0.9341678441891593,36.410714285714285,2.4512015693967633,0.563050682000496
2022-02-09,2022,LONG,PM_LONG,A+,1,-1.2400000000000002,1,10:55,76.75,38.0,14.25,False,28.5,-4.0,43.94464050875831,0.7711034732501921,23.803571428571427,1.1972993248312078,1.8461364354767185
2022-02-11,2022,SHORT,ORB_SHORT,A+,5,49.76,1,11:10,377.5,18.5,313.0,True,114.5,-4.5,79.80631866909062,0.9024497468081392,51.160714285714285,2.23804537521815,1.5599140821881587
2022-02-14,2022,LONG,PM_LONG,A+,1,73.76,1,11:15,56.0,235.75,-92.25,False,129.5,-7.0,70.53240708166231,0.9627360049466424,49.839285714285715,2.598351845216768,1.4151969890982048
2022-02-15,2022,LONG,PM_LONG,A+,2,-104.24,2,10:40,53.0,111.75,46.75,False,67.75,-0.25,49.799774595890995,0.9314190530821161,23.660714285714285,2.8633962264150945,2.104745190467846
2022-02-15,2022,LONG,ORB_LONG,A+,1,90.76,2,13:20,63.5,25.25,57.25,False,57.25,-34.75,29.187266805474792,1.16252361521129,23.660714285714285,2.419622641509434,1.2335750498917648
2022-02-17,2022,SHORT,ORB_SHORT,A+,3,26.26,1,10:45,152.75,64.25,146.25,True,118.25,-17.25,62.28434831677987,1.4308768085999186,24.392857142857142,4.8477306002928255,2.5533847040553974
2022-02-17,2022,SHORT,ORB_SHORT,A+,1,111.26,1,13:10,117.0,13.5,110.5,False,154.0,-5.75,76.36452633211593,0.9433520015115164,24.392857142857142,6.313323572474378,3.130610157099921
2022-02-18,2022,SHORT,ORB_SHORT,A+,5,96.26,1,10:30,160.0,77.75,-11.0,True,138.5,-14.0,73.82053147124316,0.939918533604888,36.839285714285715,3.759573436742608,2.003853496068646
2022-02-22,2022,LONG,PM_LONG,A+,3,-407.24,1,10:30,4.25,338.0,-68.75,False,167.75,-60.25,46.179685899305696,0.9160505361652506,41.339285714285715,4.057883369330454,1.1170895941084746
2022-02-23,2022,SHORT,ORB_SHORT,A+,3,6.76,1,11:30,234.5,105.75,213.75,True,236.25,-45.25,92.61559429085355,0.9146004679701544,36.69642857142857,6.437956204379563,2.523831279945401
2022-02-23,2022,SHORT,ORB_SHORT,A+,2,576.02,1,13:10,163.0,37.5,142.25,True,307.75,-1.5,145.76090226661472,1.0198738170347004,36.69642857142857,8.386374695863747,3.972073249114562
2022-02-24,2022,LONG,PM_LONG,A+,1,120.76,1,11:00,404.0,27.25,390.25,True,357.0,-66.0,96.839283508476,0.7898444184673231,58.839285714285715,6.067374810318665,1.6458269731334312
2022-02-24,2022,LONG,PM_LONG,A+,4,-81.24,1,11:30,339.75,91.5,326.0,True,421.25,-67.5,132.5573153276673,0.7376133382211452,58.839285714285715,7.159332321699544,2.252870913004361
2022-02-24,2022,LONG,PM_LONG,A+,1,448.76,1,13:35,241.75,47.75,228.0,True,519.25,-3.75,185.47594142769776,0.8868336252331473,58.839285714285715,8.824886191198786,3.1522466524889454
2022-02-25,2022,LONG,VWAP_LONG,A+,10,85.46,1,10:30,190.25,46.75,117.0,True,-9.0,-30.0,53.352923490692774,0.7363009205606454,37.017857142857146,-0.2431259044862518,1.4412753089622745
2022-02-25,2022,LONG,PM_LONG,A+,6,-43.239999999999995,2,13:55,44.75,49.75,-7.5,False,115.5,-65.75,82.98282727329934,1.1485273721138942,37.017857142857146,3.1201157742402312,2.241697215294145
2022-02-28,2022,LONG,PM_LONG,A+,3,188.36,2,10:35,112.0,185.25,-136.25,False,137.75,-0.75,90.66746358518685,0.8859337891534741,42.94642857142857,3.2074844074844076,2.111175867264226
2022-02-28,2022,LONG,PM_LONG,A+,1,-253.74,1,13:05,14.5,172.25,-123.25,False,124.75,-125.0,19.59788444458718,0.7084720239921107,42.94642857142857,2.904781704781705,0.45633327604859963
2022-03-01,2022,LONG,PM_LONG,A+,4,-407.24,1,10:30,19.25,265.25,-172.75,False,53.75,-44.0,17.69843818924528,0.9468013887375255,40.482142857142854,1.3277459197176886,0.43719123890504447
2022-03-02,2022,LONG,PM_LONG,A+,1,99.64,1,10:35,179.0,91.5,141.5,True,37.0,-25.5,52.66111627245664,0.9413789427192006,28.892857142857142,1.280593325092707,1.8226344321740247
2022-03-04,2022,SHORT,ORB_SHORT,A+,1,84.78,1,10:35,102.25,98.75,70.75,False,98.5,-43.5,45.85336176096462,0.8048196445217609,38.410714285714285,2.5643886564388656,1.1937648808061454
2022-03-04,2022,SHORT,ORB_SHORT,A+,1,84.12,1,13:40,101.5,17.25,78.5,False,90.75,-110.0,5.648362040999928,0.905482759516995,38.410714285714285,2.362622036262204,0.14705173142538167
2022-03-08,2022,LONG,PM_LONG,A+,2,-407.24,1,11:00,334.25,213.0,123.75,True,45.0,-41.75,89.16895727436531,0.9324882541484234,66.05357142857143,0.681265206812652,1.3499490693064227
2022-03-08,2022,LONG,PM_LONG,A+,2,-407.24,1,13:25,1.0,234.0,-69.25,False,238.0,-141.25,193.01170234881647,0.9437797847168994,66.05357142857143,3.6031359826980265,2.9220479403984108
2022-03-09,2022,LONG,ORB_LONG,A+,1,36.76,1,10:35,140.5,63.5,125.25,True,40.25,-12.25,56.05225191874706,0.7350671560857596,30.803571428571427,1.3066666666666666,1.8196673086665713
2022-03-09,2022,LONG,PM_LONG,A+,6,94.76,1,13:00,105.5,20.0,90.25,False,75.25,-71.0,54.61846410314138,0.8030949046458149,30.803571428571427,2.442898550724638,1.7731211534932854
2022-03-10,2022,SHORT,ORB_SHORT,A+,2,15.760000000000002,1,10:30,79.0,160.25,-118.5,False,89.25,-8.75,58.219319554262256,0.8948094115553974,36.910714285714285,2.4179970972423805,1.5773013522199741
2022-03-11,2022,SHORT,ORB_SHORT,A+,3,107.26,1,11:10,99.5,30.0,95.25,False,220.75,-5.5,84.01522154156373,0.9924654392976479,29.892857142857142,7.384707287933095,2.8105450455959193
2022-03-15,2022,LONG,PM_LONG,A+,15,-68.24000000000001,1,11:55,79.75,62.25,65.5,False,166.5,-87.0,77.76373703956233,1.5705401260862157,33.089285714285715,5.031840259039395,2.3501183347088452
2022-03-16,2022,LONG,PM_LONG,A+,5,-57.74,1,10:30,15.75,384.75,-69.75,False,232.0,-13.75,106.19020865472339,0.8992119856017121,41.90625,5.536167039522744,2.533994539113459
2022-03-17,2022,LONG,PM_LONG,A+,1,80.74,1,13:20,97.75,2.0,27.75,False,123.0,-18.5,69.4251305518992,0.7063271398303417,29.142857142857142,4.220588235294118,2.3822348718788944
2022-03-21,2022,LONG,VWAP_LONG,A+,17,105.26,1,11:05,125.0,146.5,-33.5,True,-41.25,-136.5,4.012783403513822,0.7714920814684072,38.982142857142854,-1.0581768208886855,0.10293901539018509
2022-03-22,2022,LONG,PM_LONG,A+,1,-0.7400000000000002,1,13:00,46.5,44.75,40.5,False,237.25,-56.75,62.88339559147789,0.7182355962393773,24.803571428571427,9.565154787616992,2.5352556897932055
2022-03-23,2022,SHORT,VWAP_SHORT,A+,1,-5.24,1,13:25,34.75,51.75,18.75,False,29.5,-41.25,64.14496112701454,0.9242958360964714,29.928571428571427,0.9856801909307876,2.1432683908787675
2022-03-24,2022,LONG,PM_LONG,A+,1,39.26,1,13:00,70.75,12.5,64.5,False,102.25,-41.0,81.66702191922013,0.8719625906716989,24.928571428571427,4.1017191977077365,3.2760409938942177
2022-03-25,2022,LONG,VWAP_LONG,A+,11,-407.24,1,10:35,29.75,205.25,-66.5,False,14.75,-17.25,34.277193198555324,0.8704838983256197,31.339285714285715,0.47065527065527063,1.0937451960792581
2022-03-29,2022,LONG,PM_LONG,A+,1,229.76,2,13:45,72.0,20.75,60.75,False,30.0,-41.5,55.40315683471272,1.0459724661510408,25.214285714285715,1.1898016997167138,2.197292339053762
2022-03-30,2022,SHORT,ORB_SHORT,A+,3,-85.24,1,11:10,75.25,74.25,54.5,False,43.25,-25.5,58.995661026749076,1.0686017052450325,23.553571428571427,1.8362395754359364,2.5047437585276335
2022-04-01,2022,SHORT,ORB_SHORT,A+,2,159.76,2,11:35,62.5,68.5,-22.0,False,111.0,-11.0,68.3140451858635,0.9898384864312204,27.232142857142858,4.076065573770491,2.5085813314153156
2022-04-04,2022,LONG,PM_LONG,A+,1,122.76,2,11:00,54.25,23.5,42.0,False,195.5,-1.75,76.94957709383198,0.8913477325482647,15.946428571428571,12.25979843225084,4.825505394462028
2022-04-06,2022,SHORT,ORB_SHORT,A+,1,-3.24,1,10:35,87.25,169.75,-110.5,False,119.25,-27.75,37.42469057509334,0.7240375000838853,34.214285714285715,3.4853862212943634,1.0938322923826862
2022-04-07,2022,SHORT,ORB_SHORT,A+,1,76.92,1,10:40,130.25,179.75,-178.25,True,18.5,-8.5,75.6527386988455,0.9923348453326968,35.32142857142857,0.5237613751263903,2.1418368893505297
2022-04-14,2022,SHORT,ORB_SHORT,A+,1,73.26,1,11:40,90.5,30.5,77.5,False,206.25,-6.5,73.646780937328,0.8835672878146098,22.589285714285715,9.130434782608695,3.260252752956813
2022-04-18,2022,LONG,PM_LONG,A+,1,-17.740000000000002,1,13:30,72.0,23.5,-11.5,False,74.0,-78.25,34.15025466394218,1.432217206692882,27.285714285714285,2.7120418848167542,1.2515800138617552
2022-04-19,2022,LONG,PM_LONG,A+,1,30.76,1,11:15,70.75,34.25,70.0,False,261.25,-28.75,127.26812665241596,0.7455026157394387,21.839285714285715,11.96238757154538,5.827485766586503
2022-04-19,2022,LONG,PM_LONG,A+,1,75.76,1,13:50,42.25,62.75,41.5,False,289.75,-32.25,106.25399468842625,0.7610263590935853,21.839285714285715,13.267375306623057,4.865268767417718
2022-04-22,2022,SHORT,VWAP_SHORT,A+,5,154.76,1,10:30,251.0,46.0,178.0,True,99.0,-44.0,49.59827243143263,0.723477740297717,32.30357142857143,3.0646766169154227,1.535380462222348
2022-04-25,2022,LONG,PM_LONG,A+,3,-407.24,1,10:30,46.25,206.25,-55.5,False,158.0,-7.25,131.35548200174162,0.8924840558650198,45.839285714285715,3.4468250876509545,2.8655656377473826
2022-04-26,2022,SHORT,ORB_SHORT,A+,1,-72.74,1,13:00,54.0,62.0,42.5,False,292.75,-55.25,55.37825207069909,0.9355096936530809,35.767857142857146,8.18472291562656,1.5482686549970788
2022-04-27,2022,LONG,PM_LONG,A+,1,295.76,2,11:00,128.25,91.5,-62.75,True,81.25,-152.0,17.36090928516387,1.036563655538407,48.19642857142857,1.6858095590959616,0.3602115301849488
2022-04-28,2022,SHORT,ORB_SHORT,A+,9,-407.24,1,10:25,32.0,459.5,-434.0,False,146.5,-1.75,81.07552685482915,0.8536778469298406,36.392857142857146,4.025515210991167,2.227786802684216
2022-05-02,2022,SHORT,VWAP_SHORT,A+,3,121.76,2,13:05,106.25,103.75,-98.0,False,24.75,-73.25,68.76917683662214,0.8591376985714649,53.25,0.4647887323943662,1.291439940593843
2022-05-03,2022,LONG,PM_LONG,A+,1,-168.24,2,11:05,57.0,132.0,-3.5,False,54.25,-25.0,78.09992850533308,1.02694857574732,44.92857142857143,1.2074721780604134,1.7383131940773657
2022-05-04,2022,LONG,ORB_LONG,A+,22,92.88,1,13:00,311.0,181.25,305.5,True,13.25,-9.5,121.65141625604701,1.019576876021381,36.785714285714285,0.36019417475728155,3.307028791426521
2022-05-05,2022,SHORT,ORB_SHORT,A+,2,91.3,1,11:15,185.75,77.75,182.75,True,436.5,-30.75,170.00543082279546,0.8724057602710715,48.767857142857146,8.950567557671182,3.4860139604820746
2022-05-06,2022,LONG,ORB_LONG,A+,2,-65.24000000000001,1,10:50,89.5,247.0,-236.0,False,80.25,-4.25,165.31402546543723,0.7472562454239547,65.78571428571429,1.2198697068403908,2.5129167823193495
2022-05-09,2022,SHORT,ORB_SHORT,A+,3,-60.24,1,10:35,87.25,122.0,-23.0,False,152.0,-3.25,139.50817520235614,0.7455521379892649,46.142857142857146,3.2941176470588234,3.0233969858095757
2022-05-11,2022,SHORT,ORB_SHORT,A+,3,-29.74,1,13:05,93.75,71.25,77.0,False,151.25,-20.25,199.1840620353869,0.8693300054159043,52.44642857142857,2.8838951310861423,3.7978574988020655
2022-05-12,2022,LONG,PM_LONG,A+,1,-407.24,1,10:50,91.0,352.5,-292.0,False,251.0,-4.75,159.27232543447099,0.7531494434235465,57.839285714285715,4.339610991046619,2.7537049164342005
2022-05-12,2022,SHORT,VWAP_SHORT,A+,4,215.26,1,13:10,180.25,23.5,119.75,True,-78.75,-176.75,48.45576150607667,0.7677593398131202,57.839285714285715,-1.3615313368323556,0.837765558610773
2022-05-13,2022,LONG,PM_LONG,A+,2,99.76,1,10:00,142.75,69.5,112.75,True,155.25,-17.75,100.52604531819816,0.8719159071482765,33.785714285714285,4.5951374207188165,2.9754009185090364
2022-05-18,2022,SHORT,ORB_SHORT,A+,2,257.26,1,11:05,332.0,0.5,315.5,True,118.75,-5.5,70.78267406478517,0.7554040048858127,33.517857142857146,3.5428875865743206,2.111789956115061
2022-05-18,2022,SHORT,ORB_SHORT,A+,1,432.76,2,13:05,128.0,7.75,111.5,True,322.75,-4.25,190.23589652445844,0.9799326564509563,33.517857142857146,9.629195524773573,5.67565807425129
2022-05-19,2022,LONG,PM_LONG,A+,1,135.26,1,10:30,123.0,103.0,23.25,True,89.0,-54.75,40.760664608436855,0.871548601951511,49.42857142857143,1.8005780346820808,0.8246377232920751
2022-05-24,2022,SHORT,ORB_SHORT,A+,9,-72.74,1,10:25,57.25,160.5,-69.0,False,170.25,-70.25,45.58685053049885,0.9542912773510311,39.5,4.310126582278481,1.154097481784781
2022-05-24,2022,SHORT,ORB_SHORT,A+,1,-67.24000000000001,1,13:00,1.25,154.5,-71.0,False,172.25,-68.25,36.19997726173824,0.7940281839323954,39.5,4.360759493670886,0.9164551205503352
2022-05-25,2022,LONG,PM_LONG,A+,5,-77.74,1,10:30,113.0,149.25,106.75,False,203.0,-2.25,107.65214058808488,0.8318987172187426,36.464285714285715,5.567091087169442,2.9522624255302414
2022-05-26,2022,LONG,PM_LONG,A+,2,73.98,1,10:00,238.0,9.25,177.0,True,192.0,-34.0,60.43823921167677,0.8307231451264644,24.821428571428573,7.73525179856115,2.434921867520791
2022-05-26,2022,LONG,PM_LONG,A+,1,197.36,2,11:00,117.0,44.25,56.0,False,313.0,-5.0,121.46638226725918,0.9671724650401425,24.821428571428573,12.610071942446043,4.89360964529965
2022-05-27,2022,LONG,PM_LONG,A+,5,40.26,1,10:45,81.5,56.0,77.75,False,156.0,-29.75,45.88363729451703,0.706710548051387,18.25,8.547945205479452,2.5141719065488783
2022-05-31,2022,LONG,PM_LONG,A+,1,-43.74,1,11:50,70.25,96.25,-27.5,False,20.25,-4.5,113.50392765250763,0.8543956640743798,35.82142857142857,0.5653040877367896,3.168604161784859
2022-05-31,2022,LONG,PM_LONG,A+,1,-132.74,1,13:50,35.0,131.5,-62.75,False,55.5,-23.5,106.58376448335548,0.72811855400845,35.82142857142857,1.5493519441674977,2.9754191480896846
2022-06-03,2022,SHORT,ORB_SHORT,A+,5,55.26,1,10:35,77.5,66.25,60.25,False,92.5,-8.5,79.4348115536377,1.1782092898192962,29.339285714285715,3.1527693244065733,2.707455536825144
2022-06-08,2022,LONG,PM_LONG,A+,1,-254.74,1,11:10,31.0,164.5,-123.75,False,70.25,-40.0,17.836076798426802,0.7561204972904049,26.714285714285715,2.6296791443850265,0.6676606288181156
2022-06-09,2022,LONG,ORB_LONG,A+,1,-22.24,1,11:40,8.75,214.75,-213.25,False,57.0,-73.75,7.771321596046619,0.8961593913390887,26.571428571428573,2.1451612903225805,0.2924690923243351
2022-06-10,2022,SHORT,ORB_SHORT,A+,7,41.76,1,10:30,66.25,61.0,-24.0,False,152.75,-36.5,63.625163909600815,0.8501743575166617,28.339285714285715,5.390044108380592,2.2451223559783524
2022-06-13,2022,SHORT,ORB_SHORT,A+,1,-57.24,1,11:10,26.5,177.75,20.5,False,114.75,-34.0,85.12504361134233,0.7787825139588723,36.589285714285715,3.1361639824304537,2.3265019239800737
2022-06-20,2022,LONG,ORB_LONG,A+,10,65.76,1,10:30,50.75,13.5,47.75,False,16.0,-2.75,20.06622822199097,0.8754663282181454,10.035714285714286,1.594306049822064,1.9994818157144023
2022-06-21,2022,LONG,PM_LONG,A+,6,-80.74,1,13:05,23.75,43.0,7.0,False,138.75,-59.0,7.056507539109589,0.7904070270847842,19.821428571428573,6.999999999999999,0.3560039839550783
2022-06-22,2022,LONG,PM_LONG,A+,1,-71.24,1,11:30,19.75,131.25,-39.75,False,228.0,-48.0,71.2136942097004,0.8915447503431744,30.142857142857142,7.563981042654029,2.3625396183312932
2022-06-23,2022,LONG,VWAP_LONG,A+,10,-73.24,1,10:30,87.5,109.25,37.0,False,-5.5,-31.25,32.22089560234235,0.9909237878228546,31.142857142857142,-0.17660550458715596,1.034615913836681
2022-06-28,2022,SHORT,ORB_SHORT,A+,3,224.76,2,11:40,139.25,20.5,126.5,True,246.0,-4.25,201.006213446748,0.9717619569327426,29.375,8.374468085106383,6.842764713080784
2022-06-29,2022,LONG,ORB_LONG,A+,1,-33.739999999999995,1,10:30,57.75,87.25,-17.5,False,22.5,-55.75,31.039582897617947,0.9143243032124921,28.660714285714285,0.7850467289719626,1.0830010232190685
2022-06-30,2022,SHORT,ORB_SHORT,A+,2,-407.24,1,10:00,10.0,324.5,-139.25,False,195.0,-2.5,96.05594123952142,0.9035899404876175,35.607142857142854,5.476429287863591,2.6976593327047143
2022-07-07,2022,LONG,PM_LONG,A+,1,69.76,1,10:45,110.25,21.5,108.25,False,129.75,-9.5,32.621787360607414,0.732923535788359,15.0,8.65,2.174785824040494
2022-07-13,2022,LONG,ORB_LONG,A+,3,-62.74,1,10:40,51.25,98.75,16.25,False,258.75,-0.75,151.8196607144746,1.0561568759965787,31.142857142857142,8.30848623853211,4.8749432339510195
2022-07-13,2022,LONG,ORB_LONG,A+,1,-49.24,1,13:00,9.5,103.75,-22.75,False,297.75,-12.25,136.30968769767787,0.8965668378110219,31.142857142857142,9.560779816513762,4.376916577448372
2022-07-19,2022,LONG,PM_LONG,A+,1,68.76,1,13:35,48.25,8.5,30.0,False,171.75,-1.5,124.38668778382089,0.923069816617823,18.982142857142858,9.047977422389463,6.552826449570997
2022-07-20,2022,LONG,PM_LONG,A+,5,164.96,2,10:30,99.0,61.0,58.25,False,129.75,-8.5,92.15539172162244,1.0690369977874363,26.928571428571427,4.818302387267905,3.4222161382034857
2022-07-21,2022,LONG,ORB_LONG,A+,2,87.26,1,11:30,103.25,29.0,77.0,False,52.75,-5.0,73.6663633810349,0.7739430340216755,23.553571428571427,2.2395754359363154,3.1276090593919292
2022-07-22,2022,SHORT,ORB_SHORT,A+,3,94.26,1,11:30,113.5,17.5,47.0,False,149.0,-3.0,121.83057601296969,1.0289076351655746,25.5,5.8431372549019605,4.777669647567438
2022-07-26,2022,SHORT,ORB_SHORT,A+,2,-18.74,1,11:30,73.25,15.5,51.5,False,130.5,-14.75,59.11850626049454,0.8528900750057581,19.482142857142858,6.698441796516957,3.0344971132792797
2022-07-27,2022,LONG,PM_LONG,A+,1,44.26,1,11:00,190.0,31.25,166.5,True,132.25,-14.25,56.488448592004715,0.928274743553315,22.75,5.813186813186813,2.4830087293188887
2022-07-28,2022,LONG,PM_LONG,A+,1,102.76,2,13:35,52.25,20.25,29.5,False,105.75,-10.25,135.2796736596447,0.8811866272077542,21.160714285714285,4.99746835443038,6.392963480962112
2022-07-29,2022,LONG,PM_LONG,A+,2,-60.74,1,10:30,88.25,101.75,82.5,False,85.0,-42.5,32.18403679054427,0.7252385357631498,19.857142857142858,4.280575539568345,1.6207788311784883
2022-08-03,2022,LONG,PM_LONG,A+,1,261.76,1,11:00,156.75,2.25,134.5,True,147.5,-32.5,36.6497813673177,0.7048626593597322,19.892857142857142,7.414721723518851,1.8423588479082507
2022-08-09,2022,SHORT,ORB_SHORT,A+,1,9.76,1,11:00,21.5,82.75,-40.0,False,116.75,-11.75,46.184054060049675,0.8183321886310866,20.321428571428573,5.745166959578207,2.2726775284382965
2022-08-10,2022,LONG,ORB_LONG,A+,1,-121.24,2,11:00,21.0,52.25,-10.25,False,28.0,-0.5,60.71807875524246,1.0966282149621565,18.017857142857142,1.554013875123885,3.3698834591611275
2022-08-10,2022,LONG,ORB_LONG,A+,1,-31.74,1,13:55,10.75,37.75,-12.25,False,30.0,-19.0,43.809250038752,0.7257570058025017,18.017857142857142,1.6650148662041626,2.431435086392579
2022-08-11,2022,LONG,PM_LONG,A+,2,-407.24,1,10:30,13.5,247.0,-230.25,False,45.25,-40.75,23.76626381398455,0.7249215621069068,23.535714285714285,1.922610015174507,1.009795731094943
2022-08-12,2022,LONG,PM_LONG,A+,1,84.26,1,11:00,115.75,14.0,110.0,False,45.75,-18.5,35.016493960141815,0.9102027744877262,14.017857142857142,3.2636942675159237,2.497991925819034
2022-08-15,2022,LONG,PM_LONG,A+,2,94.26,1,11:35,74.5,7.5,67.75,False,86.5,-13.0,42.900394426649655,0.7049005308031216,14.428571428571429,5.995049504950495,2.9732946632331445
2022-08-16,2022,LONG,PM_LONG,A+,1,-179.74,1,13:35,42.75,116.5,-86.25,False,55.75,-3.0,85.06384195315877,0.8537818731611638,23.089285714285715,2.4145398298530547,3.684126178945778
2022-08-18,2022,LONG,ORB_LONG,A+,8,72.26,1,10:40,68.75,23.0,51.25,False,15.5,-11.5,37.04227746234392,0.9505179185575613,21.125,0.7337278106508875,1.7534805899334398
2022-08-18,2022,LONG,ORB_LONG,A+,2,22.26,1,13:10,42.5,3.5,40.25,False,26.5,-57.75,17.536678477248643,1.0632778870525532,21.125,1.2544378698224852,0.8301386261419476
2022-08-19,2022,SHORT,ORB_SHORT,A+,1,-6.24,1,10:50,53.0,31.5,19.0,False,119.5,-8.0,44.41514955743696,0.8767558481228616,16.910714285714285,7.066525871172123,2.626450237820982
2022-08-19,2022,SHORT,ORB_SHORT,A+,1,20.76,2,13:30,20.0,33.5,-14.0,False,152.5,-17.0,53.72843220358118,1.2951758626324246,16.910714285714285,9.017951425554383,3.177182896938275
2022-08-22,2022,SHORT,ORB_SHORT,A+,7,-48.74,1,10:30,79.5,38.5,46.0,False,112.25,-7.5,53.64585065041683,0.7087912087912088,17.267857142857142,6.500517063081696,3.106688352040685
2022-08-22,2022,SHORT,ORB_SHORT,A+,1,71.26,1,13:25,54.25,1.25,20.75,False,137.5,-2.0,53.09582804656566,0.7544024842231795,17.267857142857142,7.96277145811789,3.074835957195116
2022-08-24,2022,LONG,PM_LONG,A+,2,-60.74,1,11:15,38.75,62.75,-13.5,False,96.5,-18.0,61.99911684770632,1.001843332745604,16.928571428571427,5.700421940928271,3.662395088050163
2022-08-26,2022,SHORT,ORB_SHORT,A+,2,186.26,1,10:30,256.25,12.0,248.5,True,212.25,-15.5,150.66903198060754,1.1093764027535238,24.678571428571427,8.600578871201158,6.105257446392201
2022-09-01,2022,SHORT,ORB_SHORT,A+,6,-46.74,1,11:00,29.25,205.25,-194.75,False,125.5,-8.25,91.11107263516169,0.8045711660109026,29.946428571428573,4.190816935002982,3.0424687343882257
2022-09-02,2022,LONG,PM_LONG,A+,1,-53.74,1,10:30,30.5,350.0,-301.25,False,26.5,-6.25,86.05087847108916,0.9300789316378655,32.42857142857143,0.817180616740088,2.6535513184917363
2022-09-06,2022,SHORT,ORB_SHORT,A+,9,-75.74,1,10:25,30.0,149.75,-46.5,False,133.75,-64.0,36.462407396556955,1.0055477261723773,31.839285714285715,4.200785193494111,1.1452018026961241
2022-09-06,2022,SHORT,ORB_SHORT,A+,1,-69.24000000000001,1,13:05,26.5,71.0,-50.0,False,137.25,-60.5,65.63707308619996,0.7290217729021773,31.839285714285715,4.310712282669658,2.061512110391025
2022-09-07,2022,LONG,PM_LONG,A+,1,38.26,1,11:10,156.75,39.0,150.75,True,100.5,-13.0,57.62389053936931,0.8801350516080578,22.321428571428573,4.5024,2.581550296163745
2022-09-09,2022,LONG,PM_LONG,A+,1,-17.740000000000002,1,10:35,57.0,37.5,52.5,False,130.5,-6.5,56.272537192526215,0.7066744025659832,20.821428571428573,6.267581475128645,2.7026261430372793
2022-09-12,2022,LONG,PM_LONG,A+,2,26.76,2,11:35,30.5,76.25,18.25,False,63.75,-42.25,4.169405225668015,0.8851933086718826,22.482142857142858,2.835583796664019,0.18545408470008645
2022-09-21,2022,LONG,PM_LONG,A+,1,-407.24,1,13:55,106.5,268.5,-21.75,False,69.75,-33.5,60.686362565171294,0.8778282188785101,25.982142857142858,2.6845360824742266,2.335695054054703
2022-09-22,2022,SHORT,ORB_SHORT,A+,2,-44.24,1,10:50,46.0,97.5,-95.5,False,85.75,-1.75,48.34762881601637,0.7651006530376636,28.464285714285715,3.012547051442911,1.6985365205124947
2022-09-23,2022,SHORT,ORB_SHORT,A+,1,77.26,1,11:10,148.75,49.0,80.75,True,83.5,-39.25,12.688485742026387,0.7084325218454458,29.160714285714285,2.863441518677281,0.43512259739955766
2022-09-29,2022,SHORT,ORB_SHORT,A+,1,-28.74,1,10:00,119.25,64.0,48.5,False,175.5,-11.0,80.40306280082586,1.2635218521044984,27.267857142857142,6.436149312377211,2.9486388453479035
2022-09-29,2022,SHORT,ORB_SHORT,A+,1,-48.74,1,13:50,50.0,21.75,-20.75,False,244.75,-7.25,85.20170969554783,1.330266843945927,27.267857142857142,8.975769482645712,3.1246206568111847
2022-10-03,2022,LONG,PM_LONG,A+,1,183.76,1,13:20,108.25,6.5,95.5,False,144.5,-7.25,78.65326253493004,1.061818694450546,22.285714285714285,6.4839743589743595,3.5293130624648095
2022-10-04,2022,LONG,PM_LONG,A+,1,-102.24,2,10:40,16.75,135.5,-59.25,False,143.25,-14.0,52.3392560130178,0.8510102378849569,21.857142857142858,6.553921568627451,2.3946064842557164
2022-10-04,2022,LONG,PM_LONG,A+,17,-2.24,2,13:50,39.5,31.0,-8.25,False,92.25,-67.75,-5.257346379621595,0.903043281224436,21.857142857142858,4.220588235294118,-0.24053218730294876
2022-10-05,2022,SHORT,ORB_SHORT,A+,7,-813.24,2,10:30,3.5,313.25,-312.0,False,111.25,-7.0,81.45875546834759,0.9136119341849257,25.125,4.4278606965174125,3.242139521128262
2022-10-05,2022,LONG,PM_LONG,A+,1,22.76,1,13:15,85.5,43.5,84.25,False,116.5,-0.75,140.7324216281122,0.9070913917330299,25.125,4.63681592039801,5.601290413059193
2022-10-07,2022,SHORT,ORB_SHORT,A+,1,112.76,1,11:15,109.5,24.75,98.0,False,148.75,-2.0,62.75357103289389,0.7410908507443871,21.625,6.878612716763006,2.901899238515324
2022-10-07,2022,SHORT,ORB_SHORT,A+,1,39.26,1,13:00,37.0,29.25,25.5,False,221.25,-9.25,106.1987990555117,0.7009573898041548,21.625,10.23121387283237,4.910927123954298
2022-10-10,2022,SHORT,ORB_SHORT,A+,1,-21.24,1,10:35,77.5,114.0,-67.5,False,154.75,-2.0,72.46760643484049,1.1178615534611636,29.446428571428573,5.255306246209824,2.460998156671357
2022-10-10,2022,SHORT,ORB_SHORT,A+,1,-434.24,2,13:10,9.25,151.75,-105.25,False,192.5,-39.75,70.73258131745752,1.2041548624765377,29.446428571428573,6.537295330503335,2.402076745771753
2022-10-11,2022,LONG,ORB_LONG,A+,3,2.76,1,11:45,57.5,208.75,-190.0,False,62.5,-13.0,108.68872757007557,0.9033271829057794,32.839285714285715,1.9032082653616096,3.309716554608065
2022-10-13,2022,LONG,PM_LONG,A+,3,156.26,1,11:15,268.25,2.75,243.25,True,350.75,-42.75,230.83772013861017,1.6559353301188413,43.0,8.156976744186046,5.368319072990934
2022-10-13,2022,LONG,PM_LONG,A+,2,-34.239999999999995,1,13:30,35.75,100.0,10.75,False,583.25,-11.0,299.45682685182874,0.7347771696124561,43.0,13.563953488372093,6.9641122523681105
2022-10-14,2022,SHORT,ORB_SHORT,A+,1,140.76,1,10:00,226.5,34.0,220.25,True,186.25,-63.0,99.56780903700746,1.2587075280155249,34.785714285714285,5.354209445585216,2.862318945622391
2022-10-19,2022,SHORT,ORB_SHORT,A+,31,-164.24,2,13:05,8.0,79.0,-46.75,False,55.0,-24.5,105.75902001512623,1.036330267022081,28.232142857142858,1.948134092346616,3.7460500448115552
2022-10-25,2022,LONG,PM_LONG,A+,2,11.760000000000002,2,11:05,35.25,55.75,30.25,False,155.0,-2.5,54.010346092467444,1.0062139395675378,18.785714285714285,8.250950570342205,2.8750754573937045
2022-10-25,2022,LONG,PM_LONG,A+,1,91.76,2,13:30,42.5,29.5,42.25,False,143.0,-47.25,20.6089146066588,0.8591666894795915,18.785714285714285,7.612167300380229,1.0970524885673887
2022-10-31,2022,LONG,VWAP_LONG,A+,16,97.76,2,11:55,53.5,43.5,-25.5,False,-28.5,-63.0,16.98791973313928,1.3682848924088464,25.910714285714285,-1.0999310820124053,0.6556330152004133
2022-11-03,2022,SHORT,ORB_SHORT,A+,2,-81.74,1,11:30,9.5,100.25,-23.25,False,68.0,-53.25,40.02313413363481,0.7035944259848224,25.875,2.6280193236714977,1.546787792604244
2022-11-04,2022,LONG,VWAP_LONG,A+,14,-407.24,1,10:50,25.5,218.5,-31.25,False,-51.0,-93.0,25.12042034341721,0.903874019081111,38.160714285714285,-1.3364529714553113,0.658279615924831
2022-11-08,2022,LONG,PM_LONG,A+,1,152.26,1,10:30,121.0,182.25,-44.0,True,34.0,-7.5,48.18633229169427,0.7856650854000707,29.625,1.1476793248945147,1.6265428621668951
2022-11-08,2022,LONG,PM_LONG,A+,1,-407.24,1,11:50,16.0,275.0,-136.75,False,126.75,-28.25,100.39710865844427,0.734765982114421,29.625,4.2784810126582276,3.388931937837781
2022-11-10,2022,LONG,PM_LONG,A+,1,-39.24,1,11:30,89.5,52.25,87.0,False,117.75,-8.5,73.73934752491732,0.7214939822324651,24.392857142857142,4.827232796486091,3.0229893568048096
2022-11-15,2022,LONG,OPEN_LONG,A+,1,-813.24,2,11:30,1.25,278.75,-129.5,False,21.25,-20.25,32.62479070254267,1.160728820259994,35.482142857142854,0.5988928032209362,0.9194706992160995
2022-11-16,2022,SHORT,ORB_SHORT,A+,1,14.760000000000002,1,13:30,41.5,15.25,28.75,False,63.5,-54.5,12.157889463815081,0.928103911839192,21.678571428571427,2.929159802306425,0.56082521414633
2022-11-22,2022,LONG,PM_LONG,A+,1,34.76,1,10:45,79.75,26.0,78.25,False,24.75,-5.0,59.02616833459615,1.0671527953024305,14.053571428571429,1.7611181702668361,4.200083134354999
2022-11-22,2022,LONG,PM_LONG,A+,1,36.76,1,13:05,43.0,4.5,41.5,False,61.5,-2.0,68.43685853435454,0.9405765836438518,14.053571428571429,4.3761118170266835,4.8697129325589
2022-11-23,2022,LONG,PM_LONG,A+,3,4.76,1,11:00,11.5,131.5,1.5,False,123.5,-14.75,38.96534521457943,0.7267464156265077,20.196428571428573,6.114942528735631,1.9293185959473456
2022-11-29,2022,SHORT,ORB_SHORT,A+,3,-67.74000000000001,1,11:10,52.25,37.25,-1.25,False,105.0,-17.25,70.13725073861315,1.1003951072126434,17.910714285714285,5.862412761714856,3.9159382266822895
2022-12-06,2022,SHORT,ORB_SHORT,A+,1,50.76,2,11:15,113.5,29.5,83.75,False,183.5,-26.5,52.014866253419314,0.9081785650984656,21.160714285714285,8.671729957805908,2.458086506490702
2022-12-06,2022,SHORT,ORB_SHORT,A+,1,85.26,1,13:05,59.25,25.5,29.5,False,237.75,-0.25,88.59952150058962,0.7593336493758162,21.160714285714285,11.235443037974685,4.186981606778919
2022-12-07,2022,SHORT,ORB_SHORT,A+,1,-153.24,2,11:20,14.0,86.0,-20.25,False,37.25,-31.75,42.95003103172894,0.8957649075451437,23.196428571428573,1.6058506543494995,1.8515794748089458
2022-12-12,2022,LONG,ORB_LONG,A+,1,-18.74,1,11:05,77.5,35.5,54.25,False,21.25,-10.5,25.513915540424932,0.9601430585645999,15.892857142857142,1.3370786516853932,1.605369966588535
2022-12-14,2022,LONG,PM_LONG,A+,1,-77.74,1,11:00,22.75,314.25,-66.25,False,113.0,-9.5,37.98533640099595,0.933382501483061,22.607142857142858,4.998420221169036,1.680236049333154
2022-12-14,2022,LONG,PM_LONG,A+,2,-407.24,1,13:35,5.0,332.0,-84.0,False,130.75,-1.25,48.748018854714246,0.9679376487609093,22.607142857142858,5.783570300157978,2.1563104706666647
2022-12-15,2022,SHORT,ORB_SHORT,A+,1,205.76,2,10:30,136.75,22.5,78.25,True,138.5,-24.0,50.068487761011056,1.0072506534019054,22.375,6.189944134078212,2.237697777028427
2022-12-15,2022,SHORT,ORB_SHORT,A+,1,-67.74000000000001,1,13:05,21.0,69.75,-37.5,False,254.25,-13.0,117.23471315761708,0.7725121073978114,22.375,11.363128491620111,5.239540252854394
2022-12-19,2022,SHORT,ORB_SHORT,A+,1,59.260000000000005,1,10:35,118.5,9.75,116.25,False,95.25,-28.75,25.228913047252718,0.729017244672907,18.535714285714285,5.138728323699422,1.361097428368162
2022-12-19,2022,SHORT,ORB_SHORT,A+,2,114.76,1,13:40,63.25,5.0,61.0,False,150.5,-23.25,49.204159641376464,0.8092232035327178,18.535714285714285,8.119460500963392,2.654559672367131
2022-12-21,2022,LONG,PM_LONG,A+,1,-15.74,1,10:30,66.5,19.5,17.25,False,106.0,-4.0,70.49079616486779,1.0910400233105086,17.982142857142858,5.894736842105263,3.920044275305458
2022-12-21,2022,LONG,PM_LONG,A+,1,-4.24,1,13:00,19.0,51.75,-30.25,False,153.5,-6.75,73.07642723107529,0.7201725924337498,17.982142857142858,8.536246276067526,4.063833093287205
2022-12-22,2022,SHORT,ORB_SHORT,A+,1,169.26,1,11:10,133.5,15.5,15.0,True,199.0,-13.25,62.33230518312121,0.834308317465303,21.196428571428573,9.388374052232518,2.940698475362079
2022-12-28,2022,SHORT,VWAP_SHORT,A+,1,95.26,1,10:50,102.5,26.25,101.25,False,34.75,-4.25,72.39312729895391,0.8818061361792168,19.75,1.759493670886076,3.6654747999470336
2022-12-30,2022,SHORT,MOM_SHORT,A+,1,-36.239999999999995,1,13:20,17.25,66.75,-58.25,False,19.5,-36.5,29.69855878034832,1.0998275408869143,17.946428571428573,1.0865671641791044,1.6548450663676675
2023-01-11,2023,LONG,PM_LONG,A+,1,48.76,1,10:30,90.0,40.25,84.75,False,29.75,-35.25,8.651963000833348,0.9399836241206112,15.660714285714286,1.8996579247434435,0.5524628598023574
2023-01-11,2023,LONG,PM_LONG,A+,1,-18.24,1,13:00,23.25,34.25,18.0,False,96.5,-2.0,62.12450980392168,0.7202605723633602,15.660714285714286,6.161915621436716,3.966901424195683
2023-01-12,2023,LONG,MOM_LONG,A+,4,-76.74,1,10:15,78.5,108.5,7.5,False,6.5,-21.75,83.00575531924005,0.9117681324513598,27.071428571428573,0.24010554089709762,3.066175658230503
2023-01-12,2023,LONG,ORB_LONG,A+,1,-129.24,1,13:50,10.0,68.25,-61.0,False,75.0,-6.5,109.27518388520002,0.7652288268120399,27.071428571428573,2.7704485488126647,4.036550328213194
2023-01-13,2023,LONG,PM_LONG,A+,3,14.260000000000002,1,13:40,20.75,12.5,10.75,False,136.25,-6.25,72.87216080106737,0.9168004228516055,16.303571428571427,8.357064622124863,4.469705372245096
2023-01-17,2023,LONG,PM_LONG,A+,6,-69.24000000000001,2,10:30,8.75,86.25,-14.25,False,42.75,-43.75,17.322720400985418,0.853337846882958,15.25,2.80327868852459,1.1359160918678963
2023-01-19,2023,SHORT,ORB_SHORT,A+,1,36.76,1,10:30,57.5,88.5,-54.25,False,41.5,-17.0,26.036106051551542,0.700066954161597,19.964285714285715,2.07871198568873,1.3041341134945315
2023-01-20,2023,LONG,PM_LONG,A+,3,95.26,1,10:30,191.0,28.75,187.5,True,56.5,-13.5,38.076429167966126,0.8587352920938554,17.339285714285715,3.258496395468589,2.195962959223587
2023-01-20,2023,LONG,PM_LONG,A+,1,255.26,1,13:00,134.75,34.75,131.25,True,112.75,-13.0,60.23970625469883,1.1354569759026778,17.339285714285715,6.502574665293511,3.4741746140711993
2023-01-23,2023,LONG,PM_LONG,A+,1,51.76,2,11:00,73.5,48.75,-3.0,False,205.5,-6.75,106.38316089973159,1.0635102846760953,20.553571428571427,9.998262380538662,5.175896620664613
2023-01-23,2023,LONG,PM_LONG,A+,1,-46.24,1,13:00,34.75,87.5,-41.75,False,244.25,-9.0,97.19931334017019,0.7749062820524457,20.553571428571427,11.883579496090357,4.7290717176798704
2023-01-24,2023,LONG,PM_LONG,A+,1,-62.74,1,13:40,8.25,37.0,-27.75,False,69.25,-22.5,29.13484971147045,0.7186018270776331,17.589285714285715,3.9370558375634515,1.656397547048066
2023-01-26,2023,LONG,PM_LONG,A+,39,36.76,1,13:35,34.0,18.75,27.25,False,12.5,-44.75,43.67495007123034,0.7173975605574469,20.035714285714285,0.6238859180035651,2.179854905515953
2023-01-27,2023,LONG,PM_LONG,A+,2,52.76,1,13:40,59.5,6.0,30.0,False,201.5,-2.25,86.41511624955456,0.760488381390894,17.589285714285715,11.455837563451777,4.912940619264015
2023-01-30,2023,SHORT,ORB_SHORT,A+,5,-61.24,1,10:40,10.75,78.25,8.0,False,89.5,-9.75,86.98726223855374,0.9663250366032211,21.803571428571427,4.104832104832105,3.989587784896814
2023-01-31,2023,LONG,PM_LONG,A+,4,24.76,1,10:50,65.0,17.5,36.5,False,85.5,-24.0,33.172019565103255,0.9539274634078534,16.785714285714285,5.093617021276596,1.9762054208997686
2023-01-31,2023,LONG,PM_LONG,A+,1,-8.24,1,13:45,28.0,8.75,-0.5,False,122.5,-3.75,50.273933869470056,0.8743213752985949,16.785714285714285,7.297872340425532,2.995042868819493
2023-02-02,2023,LONG,PM_LONG,A+,1,-9.74,1,10:30,144.25,99.0,-26.75,True,109.0,-8.25,81.5281780274945,1.2626544359751493,28.339285714285715,3.8462507876496534,2.8768607243476323
2023-02-02,2023,LONG,PM_LONG,A+,1,-188.24,1,13:00,80.5,162.75,-90.5,False,172.75,-1.5,95.92979817145351,0.7345791069676488,28.339285714285715,6.095778197857593,3.385046438312159
2023-02-07,2023,LONG,PM_LONG,A+,1,256.76,1,11:30,192.0,127.0,101.0,True,82.25,-8.5,66.46147836996352,0.9973002761281093,32.375,2.5405405405405403,2.05286419675563
2023-02-07,2023,LONG,PM_LONG,A+,5,238.26,1,13:25,182.75,88.5,139.5,True,43.75,-230.5,-28.757851302230847,1.6428528393528323,32.375,1.3513513513513513,-0.8882733992967057
2023-02-08,2023,SHORT,ORB_SHORT,A+,1,64.26,1,11:00,89.75,17.5,82.75,False,108.25,-15.5,71.58799962862395,0.912319432204364,25.392857142857142,4.263009845288327,2.8192179881877224
2023-02-13,2023,LONG,PM_LONG,A+,1,-82.74,1,13:25,16.5,69.25,-32.75,False,149.25,-5.25,81.2645358984646,0.8395061728395061,17.625,8.46808510638298,4.610753809841963
2023-02-14,2023,LONG,ORB_LONG,A+,2,-407.24,1,10:00,42.5,213.25,-14.0,False,157.25,-13.25,117.18321601615571,0.8757513021117092,29.357142857142858,5.356447688564477,3.9916423947109
2023-02-14,2023,LONG,ORB_LONG,A+,1,134.76,2,13:15,45.5,58.75,22.75,False,120.5,-79.25,73.75294199996824,0.8698109951327717,29.357142857142858,4.104622871046229,2.512265664232495
2023-02-15,2023,LONG,MOM_LONG,A+,1,35.76,1,11:05,119.0,14.5,84.0,False,49.5,-28.75,22.88234725045004,0.8847722440830892,21.035714285714285,2.3531409168081496,1.0877856078312413
2023-02-17,2023,SHORT,ORB_SHORT,A+,1,7.76,1,11:00,48.25,93.75,-70.5,False,76.0,-17.75,37.38471831311654,0.7380083841398604,21.857142857142858,3.477124183006536,1.710411948966116
2023-02-24,2023,SHORT,ORB_SHORT,A+,3,-52.24,1,10:30,33.5,65.25,-31.75,False,37.75,-22.5,20.6643528889781,0.7120026447316337,20.089285714285715,1.879111111111111,1.0286255660291321
2023-02-24,2023,SHORT,ORB_SHORT,A+,30,-129.24,2,13:20,23.0,62.25,-28.75,False,34.75,-36.5,8.123343944051157,0.8500884551843321,20.089285714285715,1.7297777777777776,0.40436200965943536
2023-02-27,2023,LONG,ORB_LONG,A+,2,-81.74,1,10:30,1.25,82.75,-61.0,False,17.0,-41.25,4.68121445280849,1.0788773462532013,17.035714285714285,0.9979035639412999,0.27478826976653614
2023-02-28,2023,LONG,PM_LONG,A+,1,-107.74,1,13:30,15.25,53.5,-50.25,False,102.5,-10.25,62.431986209081515,0.9433222747729454,14.803571428571429,6.924004825090471,4.217359743918655
2023-03-01,2023,SHORT,ORB_SHORT,A+,3,-69.74000000000001,1,11:10,7.75,103.25,-29.5,False,119.0,-8.25,70.31740720448033,1.1057886314617686,19.410714285714285,6.130634774609016,3.6226079148582326
2023-03-03,2023,LONG,PM_LONG,A+,5,6.76,1,10:30,108.25,43.25,92.0,False,79.25,-19.5,41.98939640863682,0.8019032742999282,13.303571428571429,5.957046979865772,3.1562499313874657
2023-03-03,2023,LONG,PM_LONG,A+,1,37.76,1,13:05,50.5,18.5,34.25,False,137.0,-4.5,78.38692423763132,0.7377692983199083,13.303571428571429,10.297986577181208,5.892171486318595
2023-03-06,2023,LONG,PM_LONG,A+,1,-43.239999999999995,2,10:40,15.25,138.0,-132.0,False,109.5,-3.25,73.52179014583999,0.9898477157360406,16.089285714285715,6.805771365149833,4.5696118181654155
2023-03-07,2023,SHORT,ORB_SHORT,A+,5,31.76,1,10:40,106.75,61.25,86.25,False,75.25,-67.0,21.27404901542468,1.0921766072811774,23.339285714285715,3.2241775057383317,0.9115124291230161
2023-03-07,2023,SHORT,ORB_SHORT,A+,1,153.26,1,13:00,100.75,2.75,80.25,False,81.25,-61.0,16.172510319760477,0.7118467015173384,23.339285714285715,3.4812547819433814,0.6929308170670135
2023-03-08,2023,LONG,PM_LONG,A+,1,29.26,1,10:30,37.5,75.25,-50.75,False,31.75,-6.0,43.87135975174715,1.229059487538085,20.535714285714285,1.5460869565217392,2.136344474867687
2023-03-09,2023,LONG,PM_LONG,A+,1,-407.24,1,10:30,14.75,299.25,-291.75,False,86.25,-21.25,25.863279828163286,0.8565632674553607,23.75,3.6315789473684212,1.0889802032910858
2023-03-10,2023,SHORT,ORB_SHORT,A+,1,-27.24,1,13:15,86.75,25.75,12.5,False,134.75,-17.5,70.06168408195663,0.8041170778361556,35.089285714285715,3.840203562340967,1.996668859333115
2023-03-13,2023,LONG,PM_LONG,A+,4,74.66,1,11:10,100.75,55.5,63.5,False,215.25,-39.0,110.9819711354703,0.9584506719258817,49.232142857142854,4.372143634385202,2.2542583908546745
2023-03-14,2023,LONG,PM_LONG,A+,4,31.76,2,10:30,38.75,139.75,-135.0,False,107.5,-8.0,51.02749233747454,0.9543958703016616,27.428571428571427,3.9192708333333335,1.8603773248037594
2023-03-16,2023,LONG,PM_LONG,A+,2,653.02,1,10:40,262.5,1.25,250.75,True,96.75,-9.75,56.017481185099314,1.1611480831257912,25.839285714285715,3.744298548721493,2.1679191059886396
2023-03-16,2023,LONG,PM_LONG,A+,1,-57.24,1,13:00,25.0,55.75,13.25,False,334.25,-0.5,165.31604403789242,0.7056071503386635,25.839285714285715,12.935729094678646,6.397856576449188
2023-03-20,2023,LONG,ORB_LONG,A+,1,-86.24,1,10:55,53.75,78.5,13.5,False,20.5,-7.0,52.13723115411267,0.8155509710464537,22.071428571428573,0.9288025889967637,2.36220464775915
2023-03-22,2023,LONG,PM_LONG,A+,3,-18.74,1,10:30,154.0,108.5,-37.25,True,55.25,-10.25,41.82297276932695,0.8737534562513923,17.821428571428573,3.100200400801603,2.3467800351526145
2023-03-23,2023,LONG,PM_LONG,A+,1,-41.24,1,11:25,34.25,240.5,-161.5,False,121.5,-55.0,42.42548726801033,0.855414291977203,26.839285714285715,4.526946107784431,1.5807234111833521
2023-03-28,2023,SHORT,ORB_SHORT,A+,4,-93.74,1,13:45,19.25,49.75,-43.25,False,122.25,-7.5,39.491556962057075,0.8256867689554086,14.946428571428571,8.179211469534051,2.6422069174136156
2023-03-29,2023,LONG,PM_LONG,A+,20,30.26,1,11:20,66.75,5.75,64.25,False,7.5,-38.25,-0.4207386516045517,0.9380990006291793,14.660714285714286,0.5115712545676004,-0.028698373312856143
2023-03-29,2023,LONG,PM_LONG,A+,1,9.76,1,13:05,38.25,29.0,35.75,False,36.0,-9.75,23.07790685555119,0.9743654399935447,14.660714285714286,2.455542021924482,1.5741325017184733
2023-03-30,2023,LONG,PM_LONG,A+,1,-22.74,1,10:30,28.5,72.25,-14.75,False,18.75,-25.5,19.769841975748932,1.0436294864172795,15.285714285714286,1.2266355140186915,1.2933541479461916
2023-03-31,2023,LONG,PM_LONG,A+,4,92.26,1,10:30,107.75,3.5,98.25,False,75.75,-0.75,29.457678465749268,0.9887184795497873,12.053571428571429,6.2844444444444445,2.443896287528828
2023-03-31,2023,LONG,PM_LONG,A+,1,67.76,1,13:55,47.0,4.25,37.5,False,136.5,-11.75,49.29228551989581,0.9117260260578357,12.053571428571429,11.324444444444444,4.089434057946912
2023-04-03,2023,SHORT,ORB_SHORT,A+,4,-47.24,1,11:10,8.0,76.25,-68.5,False,44.25,-11.75,59.46846810519855,0.8664401573643574,14.089285714285714,3.140684410646388,4.220829168429809
2023-04-05,2023,SHORT,ORB_SHORT,A+,2,160.76,2,10:30,77.0,7.0,37.75,False,91.0,-1.5,44.23332715311881,0.9610783788609177,15.821428571428571,5.751693002257336,2.795785914869812
2023-04-06,2023,LONG,ORB_LONG,A+,1,239.76,1,11:00,147.0,2.75,123.5,True,32.0,-9.5,38.04468101180646,0.8544119105293726,15.125,2.115702479338843,2.5153508106979476
2023-04-11,2023,SHORT,ORB_SHORT,A+,3,-17.240000000000002,1,10:35,29.75,51.75,-44.5,False,78.0,-13.5,25.92259790772914,1.1291251156574484,14.517857142857142,5.372693726937269,1.7855663995483788
2023-04-12,2023,SHORT,ORB_SHORT,A+,2,-80.24,1,10:35,74.75,64.25,73.0,False,112.0,-11.25,49.7649579799745,1.0794893375381527,24.071428571428573,4.652818991097923,2.0673869783965664
2023-04-13,2023,LONG,PM_LONG,A+,1,86.76,1,13:10,55.25,7.25,43.0,False,135.0,-7.0,55.56562125472374,0.9104502237713202,13.785714285714286,9.792746113989637,4.030666826767525
2023-04-20,2023,SHORT,MOM_SHORT,A+,2,-63.74,1,11:05,53.5,97.25,50.75,False,-51.0,-56.75,16.175580217015522,1.3063908730379141,17.714285714285715,-2.879032258064516,0.9131375928960375
2023-04-21,2023,LONG,PM_LONG,A+,1,-79.74,1,13:40,22.0,44.5,-36.25,False,42.0,-6.25,48.309185995078224,0.9802607815210821,17.446428571428573,2.4073694984646874,2.76900144905259
2023-04-25,2023,SHORT,ORB_SHORT,A+,1,93.26,1,11:50,91.25,2.75,71.25,False,65.75,-3.5,41.27009148543584,0.9146180949295318,17.071428571428573,3.8514644351464433,2.4174948987284592
2023-04-25,2023,SHORT,ORB_SHORT,A+,1,15.260000000000002,1,13:45,31.25,9.0,11.25,False,125.75,-9.5,81.95778201173925,0.7160733079295953,17.071428571428573,7.366108786610878,4.800874260101881
2023-04-27,2023,LONG,PM_LONG,A+,1,86.26,1,10:30,148.5,16.5,134.75,True,58.75,-0.5,49.86078902540612,0.8520604544960313,12.553571428571429,4.679943100995732,3.971840946547287
2023-04-28,2023,LONG,PM_LONG,A+,6,-82.24,2,10:30,21.5,90.5,18.75,False,54.0,-19.0,40.233011637592426,0.9673337459597002,16.910714285714285,3.19324181626188,2.3791432436168702
2023-04-28,2023,LONG,PM_LONG,A+,2,3.76,2,13:00,22.0,16.5,19.25,False,53.5,-19.5,37.095116671571304,0.8584768692033591,16.910714285714285,3.163674762407603,2.19358662471805
2023-05-01,2023,SHORT,VWAP_SHORT,A+,10,-26.74,1,10:30,36.5,67.75,-15.5,False,5.75,-19.0,5.74382841757506,1.0140649133571715,14.232142857142858,0.40401505646173147,0.40358141955358007
2023-05-04,2023,SHORT,ORB_SHORT,A+,4,-58.74,1,10:35,0.75,117.0,-43.0,False,68.5,-12.5,29.201956819515544,0.8011653947339813,18.714285714285715,3.66030534351145,1.5604099063863268
2023-05-05,2023,LONG,PM_LONG,A+,14,-14.24,1,11:05,102.0,17.5,84.5,False,117.75,-22.0,45.86724861629955,0.752701321961284,12.071428571428571,9.754437869822485,3.799653731527773
2023-05-05,2023,LONG,PM_LONG,A+,1,108.26,1,13:20,75.25,4.75,57.75,False,144.5,-3.5,54.95605593557775,0.7982627198261196,12.071428571428571,11.970414201183432,4.552572681053778
2023-05-08,2023,SHORT,ORB_SHORT,A+,1,-85.74,1,10:30,5.75,107.75,-86.75,False,40.75,-4.0,18.34003711331934,1.0447031431897555,12.821428571428571,3.1782729805013927,1.4304207219301992
2023-05-11,2023,SHORT,ORB_SHORT,A+,10,-54.74,1,10:30,15.0,95.5,-87.0,False,50.5,-9.0,17.00542199535812,1.073684927541168,17.071428571428573,2.958158995815899,0.9961335060042412
2023-05-12,2023,SHORT,ORB_SHORT,A+,2,7.76,1,10:30,81.25,34.5,46.75,False,76.5,-0.75,45.92763305009248,1.2861987818383167,15.857142857142858,4.824324324324325,2.8963372193752015
2023-05-12,2023,SHORT,ORB_SHORT,A+,1,-55.24,1,13:55,10.5,36.25,-24.0,False,147.25,-5.0,73.03513452757943,0.9505227431022601,15.857142857142858,9.286036036036036,4.605819294532036
2023-05-15,2023,LONG,ORB_LONG,A+,19,15.760000000000002,1,11:15,53.5,7.5,26.5,False,8.75,-3.75,33.944494485669566,1.0778394456028457,13.0,0.6730769230769231,2.6111149604361206
2023-05-15,2023,LONG,PM_LONG,A+,2,-33.239999999999995,1,13:10,5.5,52.5,-18.5,False,53.75,-8.5,61.45949691563328,1.2895474962242317,13.0,4.134615384615385,4.727653608894868
2023-05-17,2023,LONG,VWAP_LONG,A+,16,258.76,1,11:20,147.0,7.25,133.0,True,-2.75,-39.25,5.80941902314953,1.6092134480289864,14.339285714285714,-0.19178082191780824,0.40514005640893364
2023-05-18,2023,LONG,PM_LONG,A+,1,73.98,1,10:40,90.25,9.25,60.75,False,111.5,-26.0,35.952952829629794,0.8352880881512291,18.642857142857142,5.980842911877395,1.9285108797502573
2023-05-18,2023,LONG,PM_LONG,A+,6,51.76,2,13:25,30.0,42.75,27.25,False,145.0,-56.75,26.131451698960518,1.6125315554404818,18.642857142857142,7.777777777777778,1.4016870643120585
2023-05-19,2023,SHORT,ORB_SHORT,A+,17,44.26,1,11:05,58.75,26.0,19.0,False,24.75,-11.25,17.41244033615294,1.016435880528488,20.410714285714285,1.2125984251968505,0.8531029386041686
2023-05-22,2023,LONG,PM_LONG,A+,27,62.260000000000005,1,13:15,51.0,3.0,30.75,False,43.5,-55.0,-10.29419588287601,1.1719813816485372,12.964285714285714,3.3553719008264467,-0.7940426576323094
2023-05-24,2023,SHORT,ORB_SHORT,A+,3,-10.24,2,10:45,20.75,60.25,-45.0,False,55.25,-7.5,36.740603070749785,0.9958492834064112,18.446428571428573,2.9951597289448206,1.9917461490435506
2023-05-25,2023,LONG,VWAP_LONG,A+,13,95.76,1,10:45,105.75,11.5,66.5,False,-29.0,-40.25,36.97379494012057,0.7637496021617439,19.660714285714285,-1.475022706630336,1.880592658171437
2023-05-31,2023,SHORT,ORB_SHORT,A+,6,-32.239999999999995,1,10:30,42.5,70.0,-10.0,False,35.25,-20.75,52.358018373062805,0.9477884347139326,19.482142857142858,1.8093492208982584,2.6874876525128477
2023-06-01,2023,LONG,PM_LONG,A+,1,317.26,1,10:40,165.0,16.25,162.25,True,62.0,-2.75,56.81599648292104,1.2691397000789266,17.267857142857142,3.590486039296794,3.2902748738816734
2023-06-02,2023,LONG,PM_LONG,A+,1,-37.739999999999995,1,11:00,14.5,43.25,-10.5,False,51.5,-33.0,49.954086563278906,0.8034290800352902,15.732142857142858,3.2735527809307605,3.175288135690827
2023-06-05,2023,LONG,PM_LONG,A+,1,79.76,1,10:35,86.25,65.25,-30.25,False,40.5,-42.75,-3.9491473537236743,0.9985527225236854,22.642857142857142,1.7886435331230284,-0.17441029322438942
2023-06-06,2023,LONG,PM_LONG,A+,1,-17.240000000000002,1,10:45,23.0,73.25,-11.0,False,40.25,-2.0,49.85314149223632,1.123954435168812,17.410714285714285,2.3117948717948718,2.863359921605368
2023-06-07,2023,SHORT,ORB_SHORT,A+,3,12.760000000000002,1,13:20,30.75,38.0,18.0,False,221.25,-19.75,141.37531816921,0.9501542675787722,25.125,8.805970149253731,5.626878335092935
2023-06-12,2023,LONG,ORB_LONG,A+,13,23.76,1,10:45,144.5,38.0,137.75,True,17.75,-10.75,24.546432353074124,1.0122970787129968,14.785714285714286,1.2004830917874396,1.6601451832996992
2023-06-12,2023,LONG,PM_LONG,A+,2,148.76,1,13:45,84.75,6.25,78.0,False,77.5,-6.0,67.54333275421959,1.173316538989842,14.785714285714286,5.241545893719806,4.568148108981035
2023-06-15,2023,LONG,PM_LONG,A+,1,96.76,1,10:30,202.75,17.5,189.5,True,91.25,-38.25,28.13821322075637,0.7621117700271385,22.392857142857142,4.074960127591707,1.256570925328833
2023-06-15,2023,LONG,PM_LONG,A+,1,184.26,1,13:40,109.0,7.5,95.75,False,185.0,-4.75,83.15011914382376,0.8229999378380058,22.392857142857142,8.261562998405104,3.713242960170758
2023-06-21,2023,SHORT,ORB_SHORT,A+,1,-84.74,1,11:10,17.0,130.5,-97.25,False,182.25,-8.5,90.33763827786788,0.706711708877053,22.160714285714285,8.224012892828364,4.076476828010154
2023-06-27,2023,LONG,PM_LONG,A+,1,290.26,1,11:25,152.75,8.25,148.75,True,64.5,-1.25,48.9793014288698,0.8719578316093199,15.696428571428571,4.109215017064846,3.1204105574706587
2023-06-28,2023,LONG,PM_LONG,A+,4,46.76,2,10:30,55.25,104.5,-53.25,False,134.0,-9.0,78.74000109740336,0.9864634372712532,26.357142857142858,5.084010840108401,2.9874255158906426
2023-06-29,2023,SHORT,ORB_SHORT,A+,4,-58.24,1,10:30,47.0,64.5,-2.25,False,43.5,-40.25,16.711929364360913,0.9981850729338366,18.857142857142858,2.3068181818181817,0.8862386784130787
2023-06-30,2023,LONG,PM_LONG,A+,3,-172.24,2,10:35,11.25,70.25,2.25,False,101.0,-23.75,36.48655687146493,0.9015019904102926,13.767857142857142,7.335927367055772,2.650126050326895
2023-06-30,2023,LONG,PM_LONG,A+,1,-44.24,1,13:30,7.0,28.25,-2.0,False,105.25,-19.5,33.55889823013422,0.766905448877392,13.767857142857142,7.644617380025941,2.437481583511694
2023-07-07,2023,LONG,PM_LONG,A+,1,-115.24,1,13:35,9.5,63.0,-54.0,False,124.25,-14.75,86.57067979088788,0.9358777509687797,13.625,9.119266055045872,6.35381136079911
2023-07-10,2023,SHORT,ORB_SHORT,A+,1,-58.24,1,11:45,56.75,72.5,-48.75,False,48.5,-34.75,34.73343820752234,1.0985393334999205,21.785714285714285,2.2262295081967216,1.5943217537879109
2023-07-11,2023,LONG,ORB_LONG,A+,1,-84.24,1,11:55,14.0,79.5,-34.25,False,34.0,-0.5,58.69206637226125,0.8874028015252595,19.232142857142858,1.7678737233054782,3.051769467824169
2023-07-12,2023,LONG,PM_LONG,A+,1,-66.74000000000001,1,10:30,23.75,136.0,-16.0,False,49.5,-27.75,21.38947757567621,0.7240798612565665,19.732142857142858,2.5085972850678733,1.0839916237446767
2023-07-13,2023,LONG,PM_LONG,A+,1,112.76,2,11:00,98.5,33.5,95.75,False,40.5,-5.25,22.020343314519778,1.057641265567848,13.678571428571429,2.960835509138381,1.6098423310876078
2023-07-13,2023,LONG,PM_LONG,A+,1,35.76,1,13:25,54.25,6.0,51.5,False,84.75,-8.25,52.75103398947249,0.71453344894284,13.678571428571429,6.195822454308094,3.8564724587603907
2023-07-14,2023,LONG,PM_LONG,A+,1,-127.24,2,10:30,6.25,160.0,-138.75,False,104.5,-31.5,26.814954561023114,0.9189352570173495,19.607142857142858,5.3296903460837886,1.3676115258809602
2023-07-17,2023,LONG,PM_LONG,A+,6,84.76,1,10:35,92.75,15.0,90.25,False,22.75,-29.0,6.964931008373242,0.8835471793361659,14.517857142857142,1.5670356703567037,0.4797492453492024
2023-07-18,2023,LONG,VWAP_LONG,A+,14,406.26,1,11:35,209.0,2.5,206.75,True,-2.75,-3.75,34.82623740429699,1.0132179960972845,18.214285714285715,-0.15098039215686274,1.912028720235913
2023-07-19,2023,LONG,PM_LONG,A+,12,-13.24,2,10:40,25.75,125.75,-57.25,False,24.0,-5.75,34.647895795700606,1.078719051729766,23.928571428571427,1.0029850746268658,1.4479717645964434
2023-07-20,2023,SHORT,ORB_SHORT,A+,7,-130.24,2,10:30,145.25,67.25,139.5,True,116.0,-7.25,107.51991397699385,0.995172234689325,21.285714285714285,5.449664429530202,5.051271126435953
2023-07-25,2023,LONG,PM_LONG,A+,1,43.76,1,13:00,38.0,15.75,19.25,False,109.25,-6.0,54.27932014257749,0.8822972653212994,14.946428571428571,7.309438470728794,3.6315913118092467
2023-07-26,2023,SHORT,ORB_SHORT,A+,3,-46.74,1,10:55,22.75,146.5,-14.0,False,81.5,-5.5,61.43148137389653,1.4140420185764808,20.142857142857142,4.046099290780142,3.049789855441672
2023-07-28,2023,LONG,PM_LONG,A+,1,60.760000000000005,1,10:30,59.0,61.75,32.25,False,98.75,-0.25,45.25456200512053,1.008630190406755,20.964285714285715,4.710391822827939,2.1586503171096676
2023-08-02,2023,SHORT,ORB_SHORT,A+,3,-163.24,2,11:55,34.5,65.25,-13.25,False,220.0,-1.0,103.37024370894505,1.0693010446113342,21.285714285714285,10.335570469798657,4.856320174245741
2023-08-07,2023,SHORT,ORB_SHORT,A+,17,-71.74,1,11:05,31.25,99.0,-84.0,False,68.0,-10.75,42.80260859936425,0.8920022937923613,17.267857142857142,3.937952430196484,2.4787446551855203
2023-08-08,2023,SHORT,ORB_SHORT,A+,1,-27.74,1,10:50,47.25,81.5,-66.0,False,115.75,-19.0,33.51275580699985,0.8505652882924741,19.035714285714285,6.080675422138837,1.7605200048705363
2023-08-09,2023,SHORT,ORB_SHORT,A+,1,59.760000000000005,1,10:50,80.5,80.75,-17.75,False,135.25,-0.0,64.27932489173872,1.250010691809416,20.821428571428573,6.495711835334476,3.087171692913695
2023-08-16,2023,SHORT,VWAP_SHORT,A+,9,103.26,1,11:45,100.75,27.5,96.0,False,20.25,-8.75,42.17580445042404,0.9552209113920074,23.107142857142858,0.8763523956723338,1.8252280133104684
2023-08-17,2023,SHORT,ORB_SHORT,A+,1,-67.74000000000001,1,11:05,107.75,81.25,102.5,False,117.75,-19.5,39.96330985117493,0.7955324382081367,23.946428571428573,4.917225950782997,1.6688630512049185
2023-08-17,2023,SHORT,ORB_SHORT,A+,1,363.76,2,13:40,99.5,16.25,94.25,False,126.0,-11.25,41.49258786639621,1.1134518958458846,23.946428571428573,5.2617449664429525,1.7327255186563664
2023-08-21,2023,LONG,PM_LONG,A+,10,77.76,2,11:00,146.75,63.25,143.5,True,43.0,-80.75,-13.640631857757398,0.8890904491119531,17.875,2.4055944055944054,-0.7631122717626516
2023-08-21,2023,LONG,PM_LONG,A+,12,214.76,2,13:20,68.0,1.75,64.75,False,121.75,-2.0,73.50922195351268,0.8650612593912572,17.875,6.811188811188811,4.1124040253713385
2023-08-22,2023,SHORT,ORB_SHORT,A+,9,-76.74,1,13:00,19.25,56.5,-55.0,False,141.5,-17.0,62.114576734506045,1.0382361932736826,21.321428571428573,6.636515912897822,2.9132464800103337
2023-08-23,2023,LONG,PM_LONG,A+,1,34.26,1,11:55,42.25,32.5,22.0,False,191.5,-5.75,83.79301074618161,0.8590002784402504,14.482142857142858,13.223181257706536,5.785953886296141
2023-08-24,2023,SHORT,ORB_SHORT,A+,1,-71.74,1,11:35,51.25,68.0,31.0,False,363.75,-3.0,155.82314393939123,0.9131909090909092,23.303571428571427,15.609195402298852,6.686663647973877
2023-08-25,2023,SHORT,ORB_SHORT,A+,3,-87.24,2,10:40,73.75,190.0,-164.75,False,70.5,-0.75,97.30489559244052,0.9263772495393932,32.92857142857143,2.1409978308026028,2.955029367232467
2023-08-29,2023,LONG,PM_LONG,A+,1,18.26,1,13:35,24.25,34.5,23.5,False,315.75,-7.75,120.09763339677738,0.8174419860382875,15.446428571428571,20.441618497109825,7.7751069019879
2023-08-30,2023,LONG,PM_LONG,A+,1,65.26,1,10:55,51.5,40.25,36.5,False,56.0,-34.5,32.210771755853784,0.7516253524255623,18.285714285714285,3.0625,1.7615265803982538
2023-09-01,2023,SHORT,ORB_SHORT,A+,1,-15.74,1,10:55,41.25,31.75,-5.75,False,138.75,-12.25,59.849027031823425,0.8990854986209901,16.089285714285715,8.623751387347392,3.719806341600568
2023-09-05,2023,LONG,PM_LONG,A+,1,-30.24,1,11:00,29.0,55.5,-11.0,False,76.5,-0.75,71.41893764326232,0.8789372697861374,15.464285714285714,4.94688221709007,4.618314674391097
2023-09-08,2023,LONG,PM_LONG,A+,4,-47.74,1,10:30,14.25,100.0,-80.5,False,82.75,-35.0,5.34256053934223,1.0019558131111916,18.017857142857142,4.592666005946482,0.29651475738668476
2023-09-12,2023,SHORT,ORB_SHORT,A+,3,80.76,1,13:50,48.0,5.5,44.0,False,57.5,-25.5,44.576233532376136,0.9523322149683264,18.375,3.129251700680272,2.4259174711497216
2023-09-13,2023,LONG,PM_LONG,A+,3,0.2599999999999998,1,10:40,63.75,46.75,-42.75,False,51.0,-16.75,33.395597236452886,0.9116557648356843,19.964285714285715,2.554561717352415,1.6727669456541696
2023-09-14,2023,LONG,ORB_LONG,A+,1,54.26,1,10:40,67.75,19.0,62.75,False,25.25,-0.5,62.19904088929434,0.8529052920542931,16.767857142857142,1.5058572949946751,3.709420968903603
2023-09-19,2023,SHORT,ORB_SHORT,A+,1,-38.74,1,10:35,5.75,153.75,-90.25,False,100.75,-0.5,61.7319552607114,0.9213088485081563,16.142857142857142,6.241150442477876,3.82410342322991
2023-09-22,2023,LONG,PM_LONG,A+,1,-37.739999999999995,1,10:30,34.0,126.75,-41.0,False,56.0,-0.5,60.5743513648049,0.9454965054935724,20.214285714285715,2.770318021201413,2.996611021580454
2023-09-25,2023,LONG,PM_LONG,A+,3,-60.74,1,11:15,23.0,70.75,-53.75,False,87.75,-4.25,62.52979521798079,1.1485110899519644,20.928571428571427,4.19283276450512,2.987771785159492
2023-09-26,2023,SHORT,ORB_SHORT,A+,5,-49.24,1,11:30,59.75,35.75,52.5,False,77.25,-23.0,28.38477127461374,0.8584416047747864,18.767857142857142,4.116079923882017,1.5124140736235676
2023-09-26,2023,SHORT,ORB_SHORT,A+,1,16.26,1,13:35,28.0,25.0,20.75,False,109.0,-5.25,53.28610485244826,1.3011109407854968,18.767857142857142,5.807802093244529,2.839221571586206
2023-09-27,2023,SHORT,ORB_SHORT,A+,3,-313.74,1,13:20,46.0,188.0,-153.25,False,120.0,-5.25,84.77572048689944,0.9205519573471154,25.607142857142858,4.686192468619247,3.310627857228988
2023-09-28,2023,SHORT,MOM_SHORT,A+,1,-407.24,1,10:30,2.0,250.25,-176.5,False,-2.5,-41.5,19.243296771768655,1.184657305238078,23.625,-0.10582010582010581,0.8145310802865039
2023-09-29,2023,LONG,MOM_LONG,A+,15,-518.24,2,11:20,-0.25,195.0,-126.25,False,4.0,-54.75,0.414001625515084,0.9004294092262852,27.035714285714285,0.14795244385733158,0.01531313806396612
2023-10-02,2023,LONG,PM_LONG,A+,2,-235.74,1,11:15,42.5,139.25,-114.25,False,129.75,-4.25,59.31220681625564,1.0399898844815698,26.517857142857142,4.892929292929293,2.236689280613007
2023-10-03,2023,SHORT,ORB_SHORT,A+,1,-75.74,1,11:30,52.25,64.0,48.5,False,158.5,-4.75,100.96416449145545,0.7885491038592721,21.571428571428573,7.347682119205298,4.680457956557537
2023-10-04,2023,LONG,PM_LONG,A+,1,-4.74,1,11:45,45.75,62.25,41.0,False,112.5,-14.25,66.17043746950912,0.9364454753817689,25.089285714285715,4.483985765124555,2.6373982194252745
2023-10-05,2023,SHORT,ORB_SHORT,A+,2,-297.24,1,10:35,15.75,175.0,-145.0,False,177.5,-5.0,87.94509608350381,1.397531365360464,22.928571428571427,7.741433021806854,3.835611667193313
2023-10-09,2023,LONG,PM_LONG,A+,1,246.76,1,13:00,144.75,4.0,127.0,True,55.75,-27.25,43.06678330471732,0.7898162245828545,18.642857142857142,2.9904214559386975,2.310095656191734
2023-10-10,2023,LONG,PM_LONG,A+,1,171.76,2,11:05,65.75,62.5,-36.0,False,117.5,-26.5,58.684735810446,1.0075532000505847,20.785714285714285,5.652920962199313,2.823320623182969
2023-10-11,2023,LONG,PM_LONG,A+,1,-63.74,1,10:50,26.5,103.5,-35.25,False,31.25,-31.0,20.82864071694894,1.3207019048384745,20.357142857142858,1.5350877192982455,1.023161298376439
2023-10-12,2023,LONG,ORB_LONG,A+,1,37.76,1,10:45,43.5,209.75,-126.0,False,33.0,-35.0,18.495183170743985,0.8822292538532204,24.0,1.375,0.7706326321143327
2023-10-12,2023,SHORT,ORB_SHORT,A+,9,189.76,1,13:05,147.75,3.75,64.0,True,29.0,-5.75,53.56155694771769,1.6341371825284154,24.0,1.2083333333333333,2.231731539488237
2023-10-16,2023,LONG,PM_LONG,A+,7,-60.74,1,10:30,22.5,96.5,5.25,False,132.5,-17.0,70.57773591283876,1.0957765816366332,21.607142857142858,6.132231404958677,3.266407612495017
2023-10-16,2023,LONG,PM_LONG,A+,1,-2.74,1,13:00,26.25,92.75,9.0,False,128.75,-20.75,43.462713863904355,0.9098353748819868,21.607142857142858,5.958677685950413,2.011497501139375
2023-10-19,2023,LONG,VWAP_LONG,A+,5,-407.24,1,13:05,16.5,217.0,-203.0,False,13.5,-36.75,61.697649831079616,1.149605882564154,34.857142857142854,0.38729508196721313,1.7700145443342514
2023-10-20,2023,SHORT,ORB_SHORT,A+,8,184.76,2,10:30,110.0,33.5,66.75,False,92.0,-32.0,54.780861542856655,0.9921778843508455,26.035714285714285,3.53360768175583,2.1040660126200086
2023-10-23,2023,LONG,PM_LONG,A+,2,-84.24,1,13:00,9.0,82.25,-58.5,False,223.75,-28.5,147.34019851355697,0.9272965890364806,24.517857142857142,9.12600145666424,6.009505547530365
2023-10-24,2023,LONG,PM_LONG,A+,1,-86.74,1,11:00,-0.25,153.5,-21.75,False,81.0,-18.5,41.636312945118334,0.7492366371662611,20.5,3.951219512195122,2.031039655859431
2023-10-25,2023,SHORT,VWAP_SHORT,A+,1,201.76,2,10:30,186.25,47.0,184.25,True,103.5,-41.0,2.8110289794512937,0.9318186008493482,22.821428571428573,4.535211267605633,0.12317497875529924
2023-10-25,2023,SHORT,ORB_SHORT,A+,1,134.76,2,13:00,70.0,27.0,68.0,False,219.75,-4.0,102.74761467345888,1.1871885780628775,22.821428571428573,9.629107981220656,4.502242896489591
2023-10-26,2023,SHORT,ORB_SHORT,A+,1,98.28,1,11:25,121.0,75.0,-18.25,True,163.25,-7.5,78.91802561857185,0.7556365047555843,28.267857142857142,5.775110549589387,2.7917937047631227
2023-10-26,2023,SHORT,ORB_SHORT,A+,1,-525.24,2,13:20,11.25,184.75,-128.0,False,273.0,-7.5,142.5762004583812,0.8725511452755335,28.267857142857142,9.657612128869236,5.04375693346137
2023-10-27,2023,LONG,PM_LONG,A+,3,-278.74,1,11:10,32.5,162.75,-135.75,False,68.25,-2.0,51.079883750640874,0.8824084202547782,28.196428571428573,2.420519316022799,1.8115728245952432
2023-10-30,2023,LONG,PM_LONG,A+,16,-5.24,1,11:00,74.5,71.0,61.5,False,16.25,-94.75,-9.434141294828805,0.9155340741990694,23.964285714285715,0.6780923994038748,-0.39367504658003954
2023-10-30,2023,LONG,PM_LONG,A+,1,69.26,1,13:25,57.5,19.0,44.5,False,33.25,-77.75,21.903412831738024,1.111971645204193,23.964285714285715,1.3874813710879284,0.9140023238281142
2023-10-31,2023,LONG,VWAP_LONG,A+,3,-69.24000000000001,1,10:50,76.0,61.25,65.75,False,8.25,-4.0,55.21432055515106,0.9482154611078775,24.642857142857142,0.3347826086956522,2.2405811239771447
2023-10-31,2023,LONG,PM_LONG,A+,1,50.26,1,13:40,39.0,23.0,28.75,False,45.25,-11.5,72.19705774805516,0.9280988219025078,24.642857142857142,1.836231884057971,2.929735676732673
2023-11-01,2023,LONG,PM_LONG,A+,4,-56.74,1,10:30,98.75,70.75,62.5,False,109.25,-11.75,57.85955741084763,0.7498343641690443,23.821428571428573,4.586206896551724,2.428886967771714
2023-11-01,2023,LONG,PM_LONG,A+,1,-64.24000000000001,1,13:10,116.75,52.75,80.5,False,91.25,-38.5,22.29253342971606,0.766942939053797,23.821428571428573,3.8305847076461768,0.935818494800674
2023-11-02,2023,LONG,VWAP_LONG,A+,11,-17.740000000000002,1,10:35,68.25,16.75,66.25,False,18.75,-13.25,25.016835223103044,0.7041143173201803,15.910714285714286,1.1784511784511784,1.572326343988519
2023-11-02,2023,LONG,PM_LONG,A+,1,46.26,1,13:10,32.25,11.75,30.25,False,54.75,-1.75,43.301192236465795,0.7651515814340084,15.910714285714286,3.4410774410774407,2.7215115210348872
2023-11-03,2023,LONG,PM_LONG,A+,1,84.76,2,13:55,37.0,21.75,24.5,False,140.5,-12.75,71.99114585701682,0.9720180079125676,15.357142857142858,9.148837209302325,4.687795544177839
2023-11-06,2023,SHORT,ORB_SHORT,A+,1,-86.24,1,13:15,16.0,59.75,-50.5,False,50.25,-3.0,59.24145050886909,1.038142543992544,15.321428571428571,3.2797202797202796,3.8665748583877266
2023-11-09,2023,LONG,PM_LONG,A+,17,-72.24,1,11:05,37.75,175.75,-151.0,False,11.5,-17.25,31.564835932867936,0.9805550753651151,25.946428571428573,0.4432209222298692,1.2165387558434992
2023-11-10,2023,LONG,PM_LONG,A+,1,331.26,1,11:00,175.25,1.5,169.25,True,76.75,0.0,52.34740646842147,1.1834890286603204,16.428571428571427,4.671739130434783,3.1863638719908725
2023-11-14,2023,LONG,PM_LONG,A+,5,-64.74000000000001,1,10:55,44.0,45.75,43.25,False,55.5,-35.0,11.72011048387867,0.7450566085338548,14.660714285714286,3.7856272838002436,0.7994228831878264
2023-11-15,2023,LONG,VWAP_LONG,A+,14,-124.74,1,10:50,6.5,132.75,-58.75,False,8.25,-12.0,24.585551881058564,0.9822030017807175,18.321428571428573,0.4502923976608187,1.3419014671922802
2023-11-20,2023,LONG,PM_LONG,A+,3,-1.7400000000000002,1,11:00,101.0,14.75,98.75,False,120.75,0.0,45.323269277909276,1.104204417132803,12.696428571428571,9.51054852320675,3.56976523145277
2023-11-20,2023,LONG,PM_LONG,A+,1,39.76,1,13:00,63.25,6.25,61.0,False,158.5,-1.25,67.8026014651823,2.032947575486254,12.696428571428571,12.483825597749648,5.340289285583979
2023-11-21,2023,SHORT,ORB_SHORT,A+,3,-77.74,1,10:30,4.0,75.5,-60.5,False,87.75,-8.25,56.282498966214916,0.8965650099285736,14.696428571428571,5.970838396111787,3.829671861613652
2023-11-24,2023,SHORT,ORB_SHORT,A+,5,-40.74,1,10:50,8.0,29.75,-14.5,False,32.0,-14.5,19.55222368671275,1.1054599021991351,11.946428571428573,2.6786248131539607,1.6366584849864183
2023-11-27,2023,LONG,PM_LONG,A+,5,56.26,1,11:00,62.0,29.25,-6.0,False,28.0,-24.5,10.048709821845478,0.9007314928445119,11.839285714285714,2.3650075414781297,0.8487598039567825
2023-11-27,2023,LONG,PM_LONG,A+,1,-132.24,1,13:00,5.5,85.75,-62.5,False,84.5,-1.25,56.155004163530975,1.0389432072250788,11.839285714285714,7.137254901960785,4.743107440660234
2023-11-28,2023,LONG,PM_LONG,A+,1,64.26,1,10:35,61.25,41.5,-1.75,False,36.0,-2.5,25.00440421139865,1.3920588188233036,15.910714285714286,2.2626262626262625,1.5715450458342586
2023-11-30,2023,SHORT,ORB_SHORT,A+,2,29.76,1,10:35,57.25,17.75,19.25,False,119.5,-5.25,60.40395376796005,1.050421138349721,15.464285714285714,7.727482678983834,3.906029342962775
2023-11-30,2023,SHORT,ORB_SHORT,A+,19,-65.24000000000001,1,13:30,24.75,46.75,-11.25,False,150.0,-26.75,50.343275488336076,0.9469105299524697,15.464285714285714,9.699769053117784,3.2554543040956356
2023-12-01,2023,SHORT,VWAP_SHORT,A+,10,-242.24,1,10:30,18.75,148.25,-117.5,False,31.75,-37.25,12.733424315432785,1.0783274590660235,21.928571428571427,1.447882736156352,0.5806773303454691
2023-12-04,2023,SHORT,ORB_SHORT,A+,5,-162.74,1,10:30,15.25,131.75,-77.75,False,125.75,-3.25,86.47949982478167,1.0794780042182797,15.053571428571429,8.35349940688019,5.744782906509815
2023-12-05,2023,LONG,PM_LONG,A+,1,-109.24,1,10:45,10.5,123.75,-51.0,False,160.25,-4.75,71.2027349313048,0.9748196376555683,23.232142857142858,6.897770945426595,3.064837168449707
2023-12-08,2023,LONG,PM_LONG,A+,1,-73.74,1,10:30,59.0,70.25,44.75,False,104.0,-53.25,26.7737566688902,0.9097669421594579,18.946428571428573,5.4891611687087645,1.4131294754550905
2023-12-11,2023,LONG,PM_LONG,A+,1,-50.24,2,10:45,60.25,64.5,42.0,False,108.5,-5.0,43.19413142682424,0.9670909754831931,13.285714285714286,8.166666666666666,3.2511711826641903
2023-12-11,2023,LONG,PM_LONG,A+,1,-2.24,1,13:20,24.25,12.0,6.0,False,144.5,-4.25,66.65873867999653,0.712417809762459,13.285714285714286,10.876344086021504,5.017324416773932
2023-12-12,2023,LONG,ORB_LONG,A+,1,118.76,2,13:45,35.5,3.25,33.0,False,81.75,-1.0,54.83157582561216,0.8510795834527562,12.196428571428571,6.702781844802343,4.4957075347500455
2023-12-18,2023,LONG,PM_LONG,A+,1,26.26,1,11:30,67.5,7.25,52.25,False,60.25,-1.75,29.82212523034832,0.7274390506155317,11.107142857142858,5.424437299035369,2.6849501815104597
2023-12-18,2023,LONG,PM_LONG,A+,1,17.76,1,13:25,25.75,6.5,10.5,False,102.0,-4.5,59.25733572229001,0.7208283902339001,11.107142857142858,9.183279742765272,5.335065595575949
2023-12-20,2023,LONG,PM_LONG,A+,13,-14.24,1,10:45,15.5,262.0,-229.5,False,64.0,-23.5,22.625483402352984,0.8828523547253783,14.303571428571429,4.474406991260924,1.581806579939784
2023-12-20,2023,LONG,PM_LONG,A+,2,-407.24,1,13:00,5.25,272.25,-239.75,False,74.25,-13.25,25.143968227039295,0.9330498903536538,14.303571428571429,5.191011235955056,1.7578804253610494
2023-12-21,2023,SHORT,ORB_SHORT,A+,43,-169.74,1,13:15,2.25,90.75,-81.25,False,105.5,-1.75,67.06530403129727,1.0796735582154515,22.357142857142858,4.718849840255591,2.999726058907865
2023-12-27,2023,LONG,PM_LONG,A+,42,-69.74000000000001,1,13:10,14.75,47.75,-22.75,False,16.25,-19.25,19.071047444867872,1.9538797904376883,13.357142857142858,1.2165775401069518,1.4277789530917122
2023-12-28,2023,SHORT,ORB_SHORT,A+,40,-20.74,1,13:00,21.75,25.25,14.25,False,36.5,-15.75,10.616627001403685,2.5059434348954777,11.571428571428571,3.1543209876543212,0.9174862840719235
2023-12-29,2023,SHORT,ORB_SHORT,A+,1,81.64,1,10:40,98.75,13.25,-1.75,False,52.5,-6.0,45.962541418062756,2.181315009845721,15.857142857142858,3.3108108108108105,2.8985386479859394
2024-01-02,2024,SHORT,ORB_SHORT,A+,1,153.26,1,13:50,85.0,2.5,80.25,False,155.0,-22.0,48.15172863547559,0.7003616061049268,16.821428571428573,9.214437367303608,2.8625231460579967
2024-01-04,2024,LONG,PM_LONG,A+,3,-78.24,1,11:30,18.0,91.25,-63.25,False,102.75,-28.0,48.281948383173585,1.0805305744599683,18.232142857142858,5.635651322233104,2.6481773843856224
2024-01-08,2024,LONG,PM_LONG,A+,18,104.26,1,11:10,142.25,8.25,125.0,True,139.25,-22.25,38.75807336511207,0.874685953559193,13.75,10.127272727272727,2.8187689720081504
2024-01-08,2024,LONG,PM_LONG,A+,1,84.26,1,13:45,63.0,5.0,45.75,False,218.5,-3.0,89.50181643815813,0.8250225066958823,13.75,15.89090909090909,6.5092230136842275
2024-01-09,2024,LONG,PM_LONG,A+,1,150.76,1,10:30,139.0,4.0,89.25,True,60.5,-17.25,26.698337934205483,0.7673446190070231,18.285714285714285,3.30859375,1.4600653557768624
2024-01-09,2024,LONG,PM_LONG,A+,1,-152.24,2,13:50,2.75,52.75,-34.75,False,184.5,-15.0,93.55363141153066,1.0544703166317289,18.285714285714285,10.08984375,5.116214217818083
2024-01-10,2024,LONG,PM_LONG,A+,5,54.76,1,11:10,116.0,12.25,96.5,False,27.25,-30.25,13.998528393716697,1.05223384451733,15.857142857142858,1.7184684684684683,0.882790078883035
2024-01-10,2024,LONG,PM_LONG,A+,1,162.76,2,13:05,78.0,19.75,58.5,False,65.25,-27.25,40.49617822500659,1.0817804179394759,15.857142857142858,4.114864864864865,2.5538130412166318
2024-01-11,2024,SHORT,ORB_SHORT,A+,2,-81.74,1,11:15,44.5,186.25,-154.75,False,187.0,-21.0,104.93450187331837,0.998097918831754,26.321428571428573,7.104477611940298,3.9866567875887573
2024-01-16,2024,LONG,PM_LONG,A+,1,-182.24,1,11:20,4.5,152.75,-87.5,False,98.25,-19.25,65.31811559239213,0.9407061689800801,22.964285714285715,4.278382581648522,2.8443347380823942
2024-01-18,2024,LONG,MOM_LONG,A+,1,-78.24,2,10:30,75.25,97.25,64.75,False,43.0,-15.0,17.74125089714653,1.194595986948998,23.732142857142858,1.8118886380737396,0.7475621145524497
2024-01-19,2024,LONG,ORB_LONG,A+,1,56.76,1,10:40,221.5,21.25,205.25,True,36.25,-6.25,28.414426016668585,0.7912184561261077,19.732142857142858,1.83710407239819,1.4400071103470051
2024-01-24,2024,LONG,PM_LONG,A+,1,52.760000000000005,2,10:35,50.0,112.0,-99.75,False,51.25,-0.25,66.80343636265752,0.9491008979478774,22.142857142857142,2.314516129032258,3.0169293841200173
2024-01-25,2024,LONG,PM_LONG,A+,26,-292.24,1,11:50,1.0,197.75,-142.5,False,17.0,-12.5,37.226095942438405,0.8942320603853431,25.0,0.68,1.4890438376975361
2024-01-30,2024,SHORT,ORB_SHORT,A+,14,41.76,1,10:50,73.25,33.25,36.75,False,39.75,-5.25,32.7491110840856,0.8695994333831746,15.357142857142858,2.588372093023256,2.132500256638132
2024-01-31,2024,SHORT,ORB_SHORT,A+,3,-151.24,2,10:35,49.25,192.25,-1.25,False,108.25,-8.0,72.48039026771585,0.955904115924156,24.196428571428573,4.473800738007379,2.9954995239794
2024-02-02,2024,LONG,PM_LONG,A+,2,83.26,1,10:40,122.0,47.5,105.0,True,145.25,-4.25,77.4859535985961,1.0894787155685337,24.625,5.898477157360406,3.146637709587659
2024-02-05,2024,SHORT,ORB_SHORT,A+,1,-211.24,1,10:45,10.75,162.5,-102.0,False,140.0,-28.75,74.4484670837046,0.8584844798644254,17.285714285714285,8.099173553719009,4.3069361122804315
2024-02-06,2024,SHORT,ORB_SHORT,A+,1,-10.24,1,11:45,32.75,59.75,-52.5,False,148.0,-7.5,63.96347537424299,1.4112068272378968,21.464285714285715,6.895174708818636,2.979995524923134
2024-02-07,2024,LONG,PM_LONG,A+,5,-32.739999999999995,1,10:30,14.25,82.25,-4.0,False,88.25,-8.0,85.96598144786913,0.9198325301323882,20.053571428571427,4.400712377560107,4.286816528121702
2024-02-08,2024,LONG,PM_LONG,A+,12,49.26,1,10:40,40.75,29.5,12.5,False,20.25,-10.25,15.452876064904558,0.9026425152392141,15.125,1.3388429752066116,1.021677756357326
2024-02-09,2024,LONG,PM_LONG,A+,1,7.76,1,10:30,92.5,11.5,67.25,False,69.5,-5.0,52.77465741344349,0.983199009957276,11.785714285714286,5.8969696969696965,4.477849719928538
2024-02-12,2024,LONG,PM_LONG,A+,3,-16.240000000000002,1,10:50,40.5,144.75,-106.0,False,51.5,-1.25,42.926954628776,1.1247915170000296,16.214285714285715,3.176211453744493,2.647477377986185
2024-02-14,2024,LONG,PM_LONG,A+,39,-3.24,1,13:35,5.25,78.75,-4.25,False,20.0,-38.25,40.31311487744824,0.8525583990986769,22.892857142857142,0.8736349453978159,1.7609472957387688
2024-02-15,2024,SHORT,ORB_SHORT,A+,16,-214.74,1,11:00,24.25,128.25,-103.75,False,83.75,-7.25,36.85157624058411,1.004034882207471,18.803571428571427,4.453941120607787,1.9598179197271703
2024-02-16,2024,SHORT,ORB_SHORT,A+,1,-85.74,1,13:00,64.0,78.25,48.75,False,101.5,-111.5,1.3050394826605043,0.9167295157032807,21.982142857142858,4.617384240454915,0.059368164930128545
2024-02-20,2024,SHORT,ORB_SHORT,A+,1,75.26,1,11:30,80.25,59.75,-40.5,False,129.0,-50.75,37.12584422905638,0.8420014184139222,24.821428571428573,5.197122302158273,1.4957174653432788
2024-02-20,2024,SHORT,ORB_SHORT,A+,2,-175.74,1,13:30,7.25,103.5,-84.25,False,172.75,-36.5,58.02196453993383,0.7264748915003911,24.821428571428573,6.9597122302158265,2.3375755498102837
2024-02-21,2024,SHORT,OPEN_SHORT,A+,2,-31.74,1,10:30,98.0,48.0,73.0,False,24.0,-22.5,15.846098026853724,0.8860556425989851,22.642857142857142,1.0599369085173502,0.6998276731102592
2024-02-22,2024,LONG,PM_LONG,A+,1,53.26,1,10:35,143.75,47.0,123.25,True,47.25,-31.75,25.188757971845916,0.7022129142474446,18.553571428571427,2.5466794995187683,1.357623143814602
2024-03-01,2024,LONG,PM_LONG,A+,3,359.26,1,10:30,218.25,1.5,184.0,True,57.75,-42.5,10.095267198634247,0.9245592209112555,17.071428571428573,3.3828451882845187,0.591354563936734
2024-03-05,2024,SHORT,ORB_SHORT,A+,1,-42.74,1,11:40,81.5,56.25,80.5,False,211.0,-18.0,75.37133794069086,0.7337660952218393,22.285714285714285,9.467948717948719,3.3820472152874106
2024-03-05,2024,SHORT,ORB_SHORT,A+,1,92.26,1,13:35,66.5,3.75,65.5,False,226.0,-6.5,75.06777327342206,0.8272905811050211,22.285714285714285,10.141025641025642,3.3684257238074005
2024-03-06,2024,LONG,VWAP_LONG,A+,16,87.26,1,11:00,92.25,85.25,-77.25,False,-22.0,-44.25,34.30085629615496,0.979152104744412,33.0,-0.6666666666666666,1.0394198877622716
2024-03-07,2024,LONG,PM_LONG,A+,1,43.76,1,11:55,58.5,15.0,15.25,False,119.25,-5.5,77.42859894072171,0.7892063020590905,17.589285714285715,6.7796954314720805,4.402032020995346
2024-03-07,2024,LONG,PM_LONG,A+,1,-48.74,1,13:30,26.0,45.5,-17.25,False,151.75,-2.75,91.37785658026405,0.7343296677002223,17.589285714285715,8.62741116751269,5.195086262431255
2024-03-08,2024,LONG,PM_LONG,A+,1,-407.24,1,10:30,4.75,403.0,-307.25,False,96.75,-21.0,46.82716851241639,0.7917597625060188,35.44642857142857,2.729471032745592,1.3210687338515457
2024-03-11,2024,SHORT,VWAP_SHORT,A+,3,-139.24,2,11:30,7.5,89.25,-30.25,False,40.0,-45.75,14.589470497936418,0.9198720027675077,25.839285714285715,1.5480304077401519,0.5646235990908358
2024-03-12,2024,LONG,PM_LONG,A+,1,-77.74,1,11:30,19.0,123.0,11.0,False,135.0,-8.5,114.94064540914405,0.7704251504674094,24.946428571428573,5.41159627773801,4.6074990285698405
2024-03-13,2024,SHORT,ORB_SHORT,A+,1,-10.24,1,10:50,57.25,62.5,-27.75,False,90.0,-33.75,21.39020172585515,0.997926267281106,21.017857142857142,4.282073067119796,1.0177156301171524
2024-03-14,2024,SHORT,ORB_SHORT,A+,1,6.76,1,11:20,91.75,55.5,90.0,False,98.25,-69.0,24.438364684854605,1.0818010123139683,27.232142857142858,3.607868852459016,0.8974088015422018
2024-03-18,2024,LONG,PM_LONG,A+,2,-142.24,1,10:30,24.0,121.0,-67.5,False,71.5,-24.75,28.041956249871873,0.7121273301475838,19.785714285714285,3.613718411552347,1.4172829873581454
2024-03-21,2024,LONG,VWAP_LONG,A+,26,-61.24,1,11:50,20.5,134.5,-100.25,False,-0.75,-21.5,30.76142412086483,0.7590594059405941,19.5,-0.038461538461538464,1.5775089292751194
2024-04-02,2024,SHORT,ORB_SHORT,A+,1,-33.739999999999995,1,10:45,15.75,91.5,-62.75,False,64.75,-21.75,20.732123679121287,0.709319707229339,15.482142857142858,4.182237600922722,1.3390991073019516
2024-04-05,2024,LONG,PM_LONG,A+,2,144.76,1,10:50,124.5,49.25,14.0,True,145.0,-4.75,83.79335616153185,0.9090324705561675,29.0,5.0,2.889426074535581
2024-04-08,2024,LONG,ORB_LONG,A+,1,-110.74,1,10:30,19.75,105.5,-51.75,False,27.5,-16.75,58.71341577665589,1.0475304671337424,20.982142857142858,1.3106382978723403,2.7982564114831745
2024-04-11,2024,LONG,PM_LONG,A+,1,346.26,1,11:55,195.75,29.25,176.75,True,51.5,-5.75,72.93090363005467,1.0990133998070735,23.107142857142858,2.2287480680061824,3.1562060303578527
2024-04-16,2024,LONG,ORB_LONG,A+,1,12.760000000000002,1,11:55,97.25,72.75,37.75,False,23.0,-46.75,10.962747493078496,0.8986160237048091,32.160714285714285,0.7151582454192116,0.3408738809619077
2024-04-18,2024,LONG,PM_LONG,A+,1,-60.74,1,10:55,34.0,190.0,-148.25,False,39.0,-20.0,73.45526048174361,0.854295303849767,29.482142857142858,1.3228346456692912,2.4915170121003283
2024-04-18,2024,SHORT,ORB_SHORT,A+,3,-26.24,2,13:20,18.5,56.5,-23.25,False,132.5,-1.5,110.17081301114013,1.0441837524362747,29.482142857142858,4.494245911568746,3.7368658562228023
2024-04-19,2024,SHORT,ORB_SHORT,A+,7,243.26,1,10:30,266.25,34.5,196.75,True,106.0,-47.0,47.59251936733199,0.9140958206775393,35.625,2.975438596491228,1.3359303682058101
2024-04-22,2024,LONG,PM_LONG,A+,1,86.36,1,13:25,104.0,2.5,65.75,False,55.5,-0.5,95.76652921779169,0.8559227389936545,22.875,2.4262295081967213,4.186514938482697
2024-04-23,2024,LONG,PM_LONG,A+,1,66.26,1,10:45,91.0,24.5,67.0,False,136.75,-33.25,60.03621097260839,0.710489984499524,18.196428571428573,7.515210991167811,3.2993403478567904
2024-04-23,2024,LONG,PM_LONG,A+,1,21.26,1,13:40,38.25,8.0,14.25,False,189.5,-7.75,73.80910177221449,0.7813424295314639,18.196428571428573,10.414131501472031,4.0562411180019735
2024-04-25,2024,LONG,PM_LONG,A+,1,27.76,1,13:35,37.0,54.5,22.5,False,192.5,-1.25,149.4386605935324,0.9154928828103136,27.428571428571427,7.018229166666667,5.448284500805869
2024-04-26,2024,LONG,ORB_LONG,A+,3,44.76,1,10:30,84.25,7.0,52.0,False,119.75,-23.5,39.119107868918945,0.9815101835273052,16.482142857142858,7.2654387865655465,2.3734236626863066
2024-04-26,2024,LONG,PM_LONG,A+,8,-34.239999999999995,1,13:40,15.5,45.75,-13.5,False,185.25,-18.75,63.039909640130645,0.8072371773498492,16.482142857142858,11.23943661971831,3.824739913160689
2024-05-01,2024,SHORT,ORB_SHORT,A+,3,-83.24,2,11:15,21.75,371.0,-338.75,False,80.75,-8.5,50.827771085834684,1.045621025051026,26.464285714285715,3.051282051282051,1.920617530908733
2024-05-03,2024,LONG,PM_LONG,A+,46,63.760000000000005,1,13:30,44.25,8.75,31.0,False,25.75,-66.25,24.08878807558358,0.7065287817958452,18.607142857142858,1.383877159309021,1.2945989752712863
2024-05-06,2024,LONG,PM_LONG,A+,1,40.76,1,13:00,38.5,23.5,22.75,False,42.0,-9.5,21.348444196632045,0.9792023878895099,13.303571428571429,3.157046979865772,1.6047152684716703
2024-05-07,2024,LONG,PM_LONG,A+,14,39.76,1,10:50,33.75,68.25,-31.75,False,22.75,-2.25,26.329880405894073,0.8862373432317863,16.25,1.4,1.6203003326704044
2024-05-08,2024,LONG,PM_LONG,A+,1,-77.24,1,11:00,2.25,75.0,-45.0,False,129.5,-29.0,43.527502682307386,0.9362470062392263,15.571428571428571,8.31651376146789,2.79534420895552
2024-05-09,2024,LONG,ORB_LONG,A+,11,-34.239999999999995,1,10:35,34.75,34.25,12.75,False,17.5,-9.25,47.85073064480821,1.1059590714314318,16.678571428571427,1.049250535331906,2.868994556862163
2024-05-09,2024,LONG,PM_LONG,A+,1,-37.739999999999995,1,13:00,11.5,39.25,-10.5,False,40.75,-10.0,47.9042102119638,0.9985188164176184,16.678571428571427,2.4432548179871523,2.8722010405460097
2024-05-14,2024,LONG,PM_LONG,A+,1,-2.74,1,10:35,115.25,20.5,105.5,False,29.75,-67.75,-6.301355302290176,1.6718057685110286,14.5,2.0517241379310347,-0.43457622774415006
2024-05-15,2024,LONG,PM_LONG,A+,2,71.26,1,10:35,146.25,5.0,126.25,True,47.0,-8.5,48.64490890763045,0.775903417133632,13.910714285714286,3.3786906290115533,3.4969382526666304
2024-05-22,2024,SHORT,ORB_SHORT,A+,47,78.72,1,13:35,95.5,4.75,52.0,False,28.5,-12.25,36.436146068273956,2.1976833488878516,16.482142857142858,1.7291440953412784,2.2106437484543244
2024-05-24,2024,LONG,PM_LONG,A+,8,-30.24,1,11:35,37.75,52.75,-29.5,False,126.0,-30.5,71.65037066594232,1.0766919493918654,16.017857142857142,7.866220735785953,4.473155805231627
2024-05-30,2024,SHORT,ORB_SHORT,A+,3,-62.24,1,10:40,38.75,66.5,-1.75,False,102.25,-17.25,54.90871744076867,1.1265721647170777,18.410714285714285,5.553831231813773,2.982432761089278
2024-06-05,2024,LONG,PM_LONG,A+,2,147.76,2,10:30,118.25,22.0,116.75,False,80.5,-3.0,78.34174536343562,1.3480954301849826,15.446428571428571,5.211560693641618,5.071835537979648
2024-06-05,2024,LONG,PM_LONG,A+,5,67.26,1,13:15,51.5,18.75,50.0,False,147.25,-25.25,86.12831629832363,0.7583555651855964,15.446428571428571,9.532947976878614,5.575937240122686
2024-06-06,2024,SHORT,ORB_SHORT,A+,22,-34.739999999999995,1,11:30,43.5,29.0,11.5,False,41.75,-29.0,15.612879882606649,0.87233752231314,17.571428571428573,2.3760162601626016,0.8885378794979393
2024-06-07,2024,LONG,ORB_LONG,A+,2,-28.24,1,10:40,62.0,96.25,-66.25,False,52.75,-1.5,55.616118932717654,1.1683883061460536,25.392857142857142,2.0773558368495078,2.1902269059298094
2024-06-11,2024,LONG,PM_LONG,A+,1,-24.74,1,10:40,125.25,44.0,90.5,True,49.0,-5.0,51.262018348621496,1.0000673343994613,18.428571428571427,2.658914728682171,2.781659910390314
2024-06-11,2024,LONG,PM_LONG,A+,1,134.76,1,13:00,105.75,19.5,71.0,False,68.5,-10.5,48.21181352475833,1.323286387160135,18.428571428571427,3.717054263565892,2.6161449199481264
2024-06-12,2024,LONG,PM_LONG,A+,1,6.26,1,10:35,45.25,66.0,43.0,False,111.25,-33.5,29.3275169769513,0.7907530857281572,23.857142857142858,4.663173652694611,1.229297118794366
2024-06-13,2024,SHORT,ORB_SHORT,A+,10,15.760000000000002,1,10:30,73.0,45.5,-22.5,False,63.75,-38.25,38.08665953315722,0.916032696144687,22.535714285714285,2.8288431061806656,1.6900577922795597
2024-06-14,2024,LONG,PM_LONG,A+,1,0.7599999999999998,1,13:15,27.5,19.75,11.75,False,71.0,-20.0,35.44743810097134,0.9718685854476017,19.892857142857142,3.569120287253142,1.781917893765166
2024-06-17,2024,LONG,PM_LONG,A+,1,461.76,1,11:00,272.25,-0.75,243.0,True,35.0,-3.0,39.19248987373794,0.9935681538301755,19.553571428571427,1.7899543378995435,2.0043647789308903
2024-06-18,2024,SHORT,ORB_SHORT,A+,3,-119.74,1,11:10,0.75,93.25,-56.25,False,57.0,-8.0,46.155029415716854,1.0574550581600282,16.767857142857142,3.3993610223642174,2.7525896137168733
2024-06-24,2024,SHORT,ORB_SHORT,A+,34,37.76,1,13:05,55.75,31.0,-17.5,False,99.25,-12.5,84.98892065635664,1.3565692186387288,26.446428571428573,3.75286968264686,3.2136256291397514
2024-06-25,2024,LONG,PM_LONG,A+,3,110.76,1,10:30,84.25,46.25,57.5,False,53.5,-18.0,33.21399760186978,1.068544493911924,21.5,2.488372093023256,1.544837097761385
2024-06-26,2024,SHORT,VWAP_SHORT,A+,4,-86.24,1,11:10,4.5,99.5,-7.0,False,0.5,-16.5,42.98901152441249,1.4179375842227973,22.5,0.022222222222222223,1.9106227344183329
2024-07-01,2024,SHORT,ORB_SHORT,A+,1,-352.74,1,10:50,2.25,184.5,-172.75,False,104.75,-54.75,35.79717667832665,0.8591328761945899,21.625,4.84393063583815,1.6553607712520995
2024-07-02,2024,LONG,PM_LONG,A+,2,-3.24,2,10:45,151.5,23.5,134.0,True,106.5,-19.25,33.37641334477303,0.9171521187135113,17.767857142857142,5.993969849246231,1.8784715048314469
2024-07-02,2024,LONG,PM_LONG,A+,1,212.76,2,13:05,77.25,1.5,59.75,False,180.75,-0.25,83.57667221040538,0.8946988624803011,17.767857142857142,10.17286432160804,4.7038127073192975
2024-07-05,2024,LONG,PM_LONG,A+,1,103.76,1,10:30,112.25,36.25,99.0,False,85.0,-18.0,37.23759207353578,0.7041879319632243,15.785714285714286,5.384615384615384,2.358942484296384
2024-07-08,2024,LONG,PM_LONG,A+,20,-56.74,1,11:20,12.75,49.5,-24.5,False,26.5,-8.25,36.3342168204872,1.1093976131757748,16.589285714285715,1.597416576964478,2.1902218966063325
2024-07-11,2024,SHORT,ORB_SHORT,A+,1,73.76,1,11:20,168.25,15.5,75.75,True,350.0,-5.5,191.04700069577666,0.9951446197370744,33.642857142857146,10.403397027600848,5.678679426201429
2024-07-11,2024,SHORT,ORB_SHORT,A+,1,-70.74,1,13:00,51.25,66.5,-41.25,False,467.0,-7.0,229.18219509860864,0.715457075951045,33.642857142857146,13.881104033970274,6.812209620765437
2024-07-15,2024,LONG,PM_LONG,A+,2,83.44,1,10:30,100.75,148.5,-69.75,False,85.75,-10.5,55.82075381186223,0.8193718726475667,30.392857142857142,2.8213866039952995,1.8366405484514012
2024-07-15,2024,LONG,PM_LONG,A+,13,-229.24,1,11:35,7.75,189.75,-111.0,False,127.0,-59.5,61.94627949745336,0.7629314424118363,30.392857142857142,4.1786133960047005,2.038185459375669
2024-07-23,2024,LONG,PM_LONG,A+,2,-189.74,1,11:15,5.75,159.75,-91.25,False,117.5,-9.75,75.80029724140331,1.0330699290296046,27.928571428571427,4.207161125319693,2.7140771390783796
2024-07-24,2024,SHORT,ORB_SHORT,A+,1,145.26,1,10:45,209.25,12.25,193.5,True,208.75,-8.75,85.0856542071233,0.8427956178169032,25.857142857142858,8.073204419889503,3.2906054113252106
2024-07-25,2024,SHORT,ORB_SHORT,A+,1,-813.24,2,10:15,25.25,384.75,-140.25,False,211.5,-122.25,56.004306389339035,1.0100499159457663,49.464285714285715,4.2758122743682305,1.1322170244776122
2024-07-31,2024,LONG,PM_LONG,A+,1,-74.24,1,11:30,68.0,161.25,27.75,False,134.5,-10.5,92.0418764038368,0.7766841961370836,38.357142857142854,3.506517690875233,2.39960199190636
2024-08-01,2024,SHORT,ORB_SHORT,A+,2,348.26,1,10:30,595.75,1.5,529.0,True,61.5,-43.75,101.6807611709919,0.9948602601626674,46.857142857142854,1.3125,2.170016244502876
2024-08-02,2024,SHORT,ORB_SHORT,A+,3,-47.24,1,13:00,64.0,79.75,-31.5,False,142.5,-123.0,31.108482295392605,0.7064441943871836,56.125,2.538975501113586,0.5542713994724741
2024-08-07,2024,LONG,PM_LONG,A+,2,-407.24,1,10:45,16.25,533.25,-448.0,False,79.75,-25.25,39.730887714398705,0.7590187931803206,49.67857142857143,1.6053199137311287,0.7997590625472061
2024-08-08,2024,LONG,PM_LONG,A+,1,199.26,1,10:00,280.75,44.75,211.0,True,49.75,-7.25,99.16929515739685,1.0639921899147375,38.55357142857143,1.2904122278832793,2.572246655309969
2024-08-09,2024,LONG,PM_LONG,A+,1,-83.24,1,10:45,165.0,59.25,98.5,True,58.75,-56.0,27.018073498242302,0.7515638837735636,32.357142857142854,1.8156732891832232,0.8349956489523008
2024-08-12,2024,LONG,PM_LONG,A+,1,-285.24,1,11:00,3.75,182.5,-139.0,False,117.5,-6.75,115.45160212108021,0.8549519979621579,32.642857142857146,3.599562363238512,3.5368105682606625
2024-08-13,2024,LONG,PM_LONG,A+,1,309.76,2,10:45,140.75,18.0,104.0,True,125.5,-0.75,59.95202478112333,1.0267106473479766,21.375,5.871345029239766,2.8047730891753604
2024-08-14,2024,LONG,VWAP_LONG,A+,10,-55.74,1,11:30,69.75,115.5,-88.25,False,-3.0,-41.0,89.52975948192761,0.7890845628494035,29.785714285714285,-0.10071942446043165,3.0057952823668743
2024-08-15,2024,LONG,PM_LONG,A+,3,78.76,1,10:35,96.75,28.25,83.5,False,143.5,-6.25,73.26091823707247,0.7346749090818357,18.660714285714285,7.689952153110048,3.925943943804841
2024-08-21,2024,LONG,PM_LONG,A+,1,-83.74,1,10:35,50.25,160.5,-62.5,False,89.75,-12.25,58.44300286715588,1.612023482202571,24.946428571428573,3.597709377236936,2.342740272412834
2024-08-23,2024,LONG,PM_LONG,A+,1,-407.24,1,10:30,1.5,260.5,-74.0,False,96.75,-50.75,38.36116679682527,1.0998263679228828,40.214285714285715,2.405861456483126,0.9539188901519606
2024-08-26,2024,SHORT,ORB_SHORT,A+,1,10.260000000000002,1,11:45,84.75,44.5,-5.5,False,164.5,-92.25,45.62345000354253,0.9638248656818202,27.839285714285715,5.908915971776779,1.6388153946108925
2024-08-26,2024,SHORT,ORB_SHORT,A+,1,-103.24,1,13:35,42.25,68.0,-48.0,False,207.0,-49.75,74.09122115251739,0.9963383874091163,27.839285714285715,7.435535599743425,2.661390881681189
2024-08-28,2024,SHORT,ORB_SHORT,A+,2,202.76,1,10:40,226.5,2.25,83.25,True,121.25,-5.75,62.81934798893053,1.1216727201100662,30.803571428571427,3.936231884057971,2.0393527463073102
2024-08-28,2024,SHORT,ORB_SHORT,A+,2,-506.24,2,13:55,20.0,166.5,-123.25,False,327.75,-6.5,176.70585812550416,1.5536421081869316,30.803571428571427,10.64,5.736538002914918
2024-08-29,2024,LONG,PM_LONG,A+,1,34.26,1,10:15,139.0,216.0,-192.25,True,55.5,-132.25,-34.98954303359642,0.9284785292605333,41.19642857142857,1.3472041612483745,-0.8493343779286517
2024-09-03,2024,SHORT,ORB_SHORT,A+,2,90.42,1,10:30,226.5,8.5,205.75,True,220.75,-10.5,97.17200871375826,1.0973670914203633,30.160714285714285,7.319123741859088,3.221807275293347
2024-09-03,2024,SHORT,ORB_SHORT,A+,22,166.76,1,13:30,107.75,28.25,87.0,False,339.5,-12.5,124.8712996780705,0.7137028775905022,30.160714285714285,11.256364712847839,4.140197028994641
2024-09-04,2024,LONG,PM_LONG,A+,1,-61.74,1,10:30,77.5,130.0,-113.25,False,159.5,-1.0,92.09499683414106,0.982621969900815,33.714285714285715,4.7309322033898304,2.7316312620296075
2024-09-05,2024,LONG,PM_LONG,A+,3,-407.24,1,10:20,20.0,288.25,-167.0,False,243.75,-4.25,102.61460044318301,0.92843932280552,33.55357142857143,7.264502394890899,3.0582318386472847
2024-09-11,2024,LONG,PM_LONG,A+,1,96.26,1,13:45,115.0,52.5,96.0,False,162.25,-1.0,282.23946616692047,0.81853752654365,44.25,3.6666666666666665,6.378293020721366
2024-09-12,2024,LONG,ORB_LONG,A+,1,-36.239999999999995,2,10:35,184.75,51.75,151.25,True,39.0,-67.5,24.184808728052303,1.4100993140463982,30.303571428571427,1.286977018267531,0.798084436517931
2024-09-13,2024,LONG,PM_LONG,A+,3,-23.24,1,10:50,69.75,29.25,4.5,False,98.0,-27.0,27.718467640461313,0.8551599221685213,23.714285714285715,4.132530120481928,1.1688510450796938
2024-09-13,2024,LONG,PM_LONG,A+,1,-112.74,1,13:35,12.5,72.75,-52.75,False,155.25,-9.75,64.92917470010798,0.8367660509709217,23.714285714285715,6.546686746987952,2.7379772463900953
2024-09-17,2024,LONG,PM_LONG,A+,1,-407.24,1,10:45,2.5,262.5,-177.0,False,42.5,-11.75,54.81628645754972,1.1111254046868635,33.57142857142857,1.2659574468085106,1.6328255540546728
2024-09-19,2024,LONG,PM_LONG,A+,2,-32.739999999999995,1,10:30,55.75,97.5,-46.0,False,95.5,-10.5,99.07113361619486,0.9147387655238626,28.107142857142858,3.397712833545108,3.5247671426346328
2024-09-23,2024,LONG,ORB_LONG,A+,1,-68.24000000000001,1,10:55,29.75,77.75,-35.75,False,19.75,-30.5,16.413323924563883,0.7895124388576237,23.785714285714285,0.8303303303303303,0.6900496544861693
2024-09-25,2024,LONG,PM_LONG,A+,10,-137.24,2,10:30,8.5,105.5,-61.25,False,100.25,-31.75,27.115764142774424,0.9232738119992893,23.625,4.243386243386244,1.1477572123925681
2024-09-30,2024,LONG,PM_LONG,A+,1,-8.74,1,11:30,53.25,143.75,-62.0,False,22.25,-62.75,2.279023732528003,0.8622468189578251,28.785714285714285,0.7729528535980149,0.07917204033596041
2024-10-01,2024,SHORT,ORB_SHORT,A+,1,-161.24,2,11:05,22.75,239.75,-194.5,False,411.25,-1.75,153.29051170988168,0.9893599093665167,40.80357142857143,10.078774617067833,3.756791534246553
2024-10-01,2024,SHORT,ORB_SHORT,A+,8,-251.24,1,13:30,41.75,167.25,-122.0,False,338.75,-95.25,44.233093676408316,0.946991887425654,40.80357142857143,8.301969365426695,1.0840495605596785
2024-10-08,2024,LONG,PM_LONG,A+,1,26.76,1,10:30,74.0,43.75,64.5,False,104.5,-3.25,66.14801961198464,0.8640046928856145,21.392857142857142,4.884808013355593,3.092061016920818
2024-10-09,2024,LONG,PM_LONG,A+,1,93.26,1,10:35,113.75,32.75,77.75,False,64.5,-10.75,58.61952367038975,0.7142130569813621,22.517857142857142,2.864393338620143,2.603246094799228
2024-10-09,2024,LONG,PM_LONG,A+,1,29.26,1,13:30,44.25,61.25,8.25,False,134.0,-31.75,72.50133293913314,0.7303906790036061,22.517857142857142,5.950832672482157,3.21972612576642
2024-10-10,2024,LONG,PM_LONG,A+,1,-38.74,1,11:55,32.75,103.25,-73.75,False,115.5,-2.25,89.28314725812743,0.7980983142970184,25.660714285714285,4.501043841336117,3.4793710831281395
2024-10-18,2024,LONG,ORB_LONG,A+,1,-13.74,1,11:30,20.75,61.0,-14.75,False,37.25,-28.75,22.662871208885917,1.1121371900662318,17.5,2.1285714285714286,1.2950212119363382
2024-10-21,2024,SHORT,ORB_SHORT,A+,3,-192.24,1,11:10,44.25,108.0,-92.5,False,38.5,-38.25,71.25475804055895,0.9772850390123283,21.321428571428573,1.8056951423785594,3.3419317003947246
2024-10-22,2024,LONG,PM_LONG,A+,1,10.260000000000002,1,13:40,66.0,23.0,8.75,False,133.25,-25.5,65.20651433991952,1.2375574650617016,20.107142857142858,6.626998223801065,3.242952755804168
2024-10-23,2024,SHORT,ORB_SHORT,A+,4,384.26,1,11:25,230.75,52.25,152.5,True,125.0,-4.25,89.46877755731475,0.8717679944095038,28.553571428571427,4.377736085053159,3.133365567986008
2024-10-24,2024,SHORT,ORB_SHORT,A+,25,-233.24,1,11:45,10.5,121.5,-113.0,False,101.5,-1.5,65.89167426913264,1.3460667634252539,27.214285714285715,3.7296587926509184,2.4212163773434563
2024-10-25,2024,LONG,PM_LONG,A+,12,-57.24,1,10:40,14.75,202.25,-154.25,False,171.25,-45.25,28.639655447441328,0.8005780075628912,29.535714285714285,5.798065296251512,0.9696618531177233
2024-10-28,2024,SHORT,MOM_SHORT,A+,16,37.76,1,11:00,56.5,11.75,38.5,False,65.0,-32.25,17.647451116772572,1.4597498415232548,22.178571428571427,2.930756843800322,0.7956982790171209
2024-10-28,2024,SHORT,ORB_SHORT,A+,42,-23.74,1,13:10,8.25,49.0,-9.75,False,113.25,-5.75,51.654967205646244,0.9199002633090027,22.178571428571427,5.1062801932367154,2.3290484408342915
2024-10-29,2024,LONG,PM_LONG,A+,1,48.76,1,13:00,49.0,14.5,48.25,False,159.5,-12.5,108.43268118212654,1.2071008527351106,22.803571428571427,6.994518402505873,4.7550745075952126
2024-10-30,2024,SHORT,MOM_SHORT,A+,1,-37.739999999999995,1,10:50,72.0,55.75,33.5,False,31.5,-87.25,2.9021425854807603,1.2050537095786722,23.0,1.3695652173913044,0.12618011241220697
2024-10-30,2024,SHORT,VWAP_SHORT,A+,2,34.26,1,13:30,41.75,23.0,3.25,False,61.75,-57.0,40.16993380588974,1.0395222401492619,23.0,2.6847826086956523,1.7465188611256408
2024-10-31,2024,SHORT,ORB_SHORT,A+,7,140.76,1,10:15,179.25,12.25,104.25,True,178.75,-68.0,24.024181338791095,0.951504206775105,26.125,6.842105263157895,0.9195858885661663
2024-11-05,2024,LONG,PM_LONG,A+,13,102.26,1,11:05,78.5,19.75,30.0,False,142.25,-30.0,34.752321750012925,0.7975842576932081,21.928571428571427,6.486970684039089,1.5847964315966807
2024-11-06,2024,LONG,PM_LONG,A+,2,-14.74,1,10:30,119.5,107.0,114.0,False,114.5,-22.75,71.27849553576743,0.7665448961648484,20.017857142857142,5.719892952720786,3.5607455396993544
2024-11-07,2024,LONG,PM_LONG,A+,1,81.76,2,10:45,88.25,27.25,85.0,False,144.75,-0.5,64.59561671294796,1.021726097430899,23.232142857142858,6.230591852421214,2.7804416110108265
2024-11-11,2024,SHORT,ORB_SHORT,A+,1,-75.24,1,13:00,32.75,68.5,-64.0,False,151.75,-17.0,71.03349687059381,1.9127164503130596,19.946428571428573,7.60787824529991,3.561213809089752
2024-11-12,2024,SHORT,ORB_SHORT,A+,4,-227.74,1,13:00,8.5,139.75,-110.25,False,143.25,-16.5,114.12763692664885,1.444556723468925,24.642857142857142,5.8130434782608695,4.6312664260089385
2024-11-13,2024,SHORT,ORB_SHORT,A+,3,-160.74,1,10:35,26.25,156.5,-76.75,False,46.5,-54.75,14.010593711565889,0.977408818726184,26.178571428571427,1.7762619372442021,0.5351932113558594
2024-11-14,2024,SHORT,OPEN_SHORT,A+,1,49.26,1,10:55,103.25,50.0,91.0,False,47.0,-50.25,11.481706756363565,0.8801054885425472,28.0,1.6785714285714286,0.410060955584413
2024-11-14,2024,SHORT,ORB_SHORT,A+,2,48.26,1,13:55,40.0,63.25,27.75,False,110.25,-10.5,65.65166254730866,1.0415873254658532,28.0,3.9375,2.3447022338324524
2024-11-15,2024,SHORT,ORB_SHORT,A+,3,112.76,1,11:45,129.0,4.5,59.75,True,224.25,-16.0,94.74438748772081,0.7479826564723794,25.892857142857142,8.660689655172414,3.659093585732666
2024-11-18,2024,LONG,PM_LONG,A+,2,-64.24000000000001,1,10:30,33.5,100.5,-50.75,False,134.0,-0.75,119.46508744872335,1.1456978940190712,21.392857142857142,6.263772954924875,5.584344655366033
2024-11-19,2024,LONG,PM_LONG,A+,12,100.76,1,11:50,128.5,21.25,81.75,True,142.0,-36.5,67.85054824387043,0.9472217740011045,20.714285714285715,6.855172413793103,3.2755437083247796
2024-11-19,2024,LONG,PM_LONG,A+,1,-15.74,1,13:35,41.0,42.25,-5.75,False,229.5,-2.75,131.10951150307665,0.733768892224762,20.714285714285715,11.079310344827586,6.329424693251975
2024-11-27,2024,SHORT,ORB_SHORT,A+,3,68.26,1,10:50,77.75,77.25,-61.5,False,183.5,-27.25,70.56682045661,0.7209463483012842,22.696428571428573,8.084972462627851,3.109159673934036
2024-11-29,2024,LONG,PM_LONG,A+,3,-4.24,1,11:10,25.75,24.0,-0.75,False,160.75,-2.25,74.72611866396255,0.895796226205054,19.839285714285715,8.102610261026102,3.7665730379675093
2024-12-02,2024,LONG,PM_LONG,A+,2,104.26,1,10:35,72.5,46.0,34.75,False,144.25,-16.75,40.24302561181685,0.8433300725943469,15.321428571428571,9.414918414918414,2.6265844222164842
2024-12-04,2024,LONG,PM_LONG,A+,1,-17.240000000000002,2,10:30,44.5,38.25,41.5,False,59.25,-0.5,49.420140367525164,0.8731350531561214,13.910714285714286,4.2593068035943515,3.552667343493465
2024-12-04,2024,LONG,PM_LONG,A+,1,60.760000000000005,1,13:50,37.0,21.5,34.0,False,66.75,-11.75,33.18870515683011,0.77161673096119,13.910714285714286,4.798459563543004,2.385837597923602
2024-12-05,2024,SHORT,ORB_SHORT,A+,13,-54.74,1,10:45,27.25,66.75,8.0,False,34.25,-3.25,21.482459535473026,0.8862053839660581,16.607142857142858,2.0623655913978496,1.293567455899451
2024-12-05,2024,SHORT,ORB_SHORT,A+,44,-9.74,1,13:20,16.25,34.25,-3.0,False,45.25,-8.75,35.568222249527025,2.112346371074567,16.607142857142858,2.724731182795699,2.1417424150252833
2024-12-06,2024,LONG,PM_LONG,A+,1,-44.24,1,13:05,20.25,37.25,-5.5,False,158.25,-6.75,46.11393710300763,1.085143132202622,16.732142857142858,9.457844183564568,2.7560090477784707
2024-12-09,2024,SHORT,ORB_SHORT,A+,3,75.12,1,10:35,91.5,39.0,74.5,False,86.5,-19.0,69.69023399429352,1.4363649931144893,17.196428571428573,5.030114226375908,4.052599276926726
2024-12-10,2024,LONG,PM_LONG,A+,2,-385.74,1,10:30,4.25,197.5,-189.25,False,40.5,-33.5,12.944060853944393,0.9868836576137946,21.142857142857142,1.9155405405405406,0.6122190944433159
2024-12-11,2024,LONG,PM_LONG,A+,1,28.76,1,11:25,51.0,21.75,49.5,False,173.0,-0.25,77.17211193611365,0.7250911074199866,14.5,11.931034482758621,5.3222146162837
2024-12-16,2024,LONG,PM_LONG,A+,2,118.76,2,10:30,136.0,31.0,121.5,True,116.25,-2.25,62.253581656328606,1.038122142295483,15.767857142857142,7.372593431483579,3.9481320189744076
2024-12-23,2024,LONG,PM_LONG,A+,1,81.76,1,11:40,102.0,32.5,34.0,False,55.75,-6.5,87.3938621371999,0.779592431161644,27.910714285714285,1.99744081893794,3.131194036905435
2024-12-24,2024,LONG,PM_LONG,A+,12,297.76,2,11:50,81.5,27.0,77.75,False,142.75,-26.25,54.63876480588442,0.9701956180098207,23.169642857142854,6.161078998073219,2.3582048779418328
2024-12-26,2024,LONG,PM_LONG,A+,1,-52.24,1,11:40,42.5,59.5,-2.25,False,71.0,-4.0,63.268752811443846,0.7522650330064446,23.625,3.005291005291005,2.678042447045242
2024-12-26,2024,LONG,PM_LONG,A+,1,52.76,1,13:35,36.25,29.0,8.0,False,60.75,-52.75,33.85740677229842,0.7432857075707379,23.625,2.5714285714285716,1.4331177469755945
2025-01-10,2025,SHORT,ORB_SHORT,A+,1,27.76,2,10:00,64.5,236.5,-95.75,False,254.0,-10.5,136.17241755992654,1.0961703116184913,38.732142857142854,6.557860765329646,3.5157470647099527
2025-01-15,2025,LONG,PM_LONG,A+,1,-57.24,1,10:35,56.75,135.75,54.75,False,129.75,-26.5,53.68506495673864,0.9089971306529392,25.142857142857142,5.160511363636363,2.135201447143014
2025-01-22,2025,LONG,PM_LONG,A+,1,1.7599999999999998,1,11:25,41.75,46.25,-27.75,False,138.0,-1.0,54.17186235648114,0.8000283875654114,16.267857142857142,8.48298572996707,3.3299937343171724
2025-01-23,2025,LONG,PM_LONG,A+,1,-3.24,1,11:45,22.25,61.75,6.0,False,73.0,-13.0,46.94607990769873,1.1155259497840568,19.089285714285715,3.824134705332086,2.459289499374302
2025-01-28,2025,LONG,PM_LONG,A+,2,4.26,1,10:25,158.75,80.0,137.0,True,164.75,-14.0,171.02298325122683,0.9327587072346956,26.053571428571427,6.323509252912954,6.564281742336329
2025-01-29,2025,SHORT,ORB_SHORT,A+,1,-262.24,1,13:00,7.25,194.5,-127.5,False,215.25,-16.5,126.01941854043616,2.661158410819949,41.125,5.23404255319149,3.0643019705881134
2025-01-31,2025,LONG,PM_LONG,A+,1,0.2599999999999998,1,10:40,57.5,352.25,-339.75,False,134.0,-30.25,46.256752112418326,0.7535245293437559,37.517857142857146,3.5716325559257496,1.2329262819111975
2025-02-03,2025,LONG,PM_LONG,A+,3,83.22,1,10:30,150.5,39.5,97.0,True,154.0,-14.25,126.49594571247871,1.162598525298754,45.57142857142857,3.3793103448275863,2.775773103408624
2025-02-04,2025,LONG,PM_LONG,A+,41,77.36,1,13:05,94.0,0.25,67.5,False,164.25,-108.75,-13.216119937631447,0.7352289818329085,27.160714285714285,6.047337278106509,-0.48658955720405067
2025-02-05,2025,LONG,PM_LONG,A+,2,-21.74,1,11:50,39.25,31.5,14.0,False,152.25,-7.0,124.70344454129372,0.9865791040654476,20.25,7.518518518518518,6.158194792162653
2025-02-06,2025,LONG,PM_LONG,A+,3,-67.74000000000001,1,10:30,38.5,91.5,-41.75,False,26.5,-46.25,9.062050506166997,0.8118119161466002,23.392857142857142,1.132824427480916,0.3873853651491236
2025-02-06,2025,LONG,PM_LONG,A+,35,-116.24,1,13:10,25.75,104.25,-54.5,False,39.25,-33.5,26.13312709323145,0.7145555773352977,23.392857142857142,1.6778625954198474,1.1171413108556956
2025-02-11,2025,LONG,PM_LONG,A+,1,49.76,1,13:30,36.75,11.75,22.75,False,97.5,-67.5,9.663731289660063,0.8660094653789787,19.214285714285715,5.074349442379182,0.5029451228819364
2025-02-13,2025,LONG,PM_LONG,A+,3,210.26,1,13:45,116.25,45.0,108.75,False,101.25,-87.5,17.387581187816977,0.7779707844835512,24.892857142857142,4.067431850789096,0.6984968052494626
2025-02-14,2025,LONG,PM_LONG,A+,1,-86.74,1,10:50,53.5,61.5,26.75,False,44.75,-6.75,28.25482100600493,0.7015406872050933,17.875,2.5034965034965033,1.5806892870492268
2025-02-14,2025,LONG,PM_LONG,A+,3,18.76,1,13:00,47.25,14.75,20.5,False,51.0,-12.25,30.594412453556288,0.7502661709337982,17.875,2.8531468531468533,1.7115755218772748
2025-02-19,2025,SHORT,ORB_SHORT,A+,15,-215.74,1,10:55,1.25,139.0,-104.25,False,46.75,-42.75,8.650364251057908,1.085199383248695,18.660714285714285,2.505263157894737,0.463560189530376
2025-02-20,2025,SHORT,ORB_SHORT,A+,1,-41.74,1,10:00,56.0,95.75,-68.0,False,178.25,-81.0,69.01159560895394,1.500717665195896,22.0,8.102272727272727,3.1368907094979064
2025-02-24,2025,SHORT,ORB_SHORT,A+,1,129.26,1,10:10,126.5,90.5,16.0,True,182.25,-134.0,45.36342428670105,1.0163884673748103,32.035714285714285,5.688963210702341,1.4160266221043805
2025-02-25,2025,SHORT,ORB_SHORT,A+,2,93.78,1,10:10,149.75,141.5,-63.75,True,251.0,-5.25,135.04667535361295,0.8824077871723607,37.5,6.693333333333333,3.6012446760963455
2025-02-25,2025,SHORT,ORB_SHORT,A+,5,216.28,2,10:35,127.5,163.75,-86.0,True,273.25,-90.0,85.34228223198079,0.9758973627200437,37.5,7.286666666666667,2.275794192852821
2025-02-26,2025,LONG,ORB_LONG,A+,3,99.26,1,10:35,88.0,257.0,-206.0,False,83.25,-50.25,38.791745881204406,0.786427673224067,41.107142857142854,2.0251954821894005,0.9436740961544079
2025-02-28,2025,LONG,MOM_LONG,A+,1,181.26,1,13:40,122.25,107.0,94.25,True,53.5,-133.5,7.751164313558547,1.0764843483856315,52.44642857142857,1.0200885257065033,0.14779203321732334
2025-03-03,2025,SHORT,ORB_SHORT,A+,4,-19.74,1,10:00,441.75,121.0,407.0,True,187.5,-108.5,80.7646815513217,1.2254576867929121,60.410714285714285,3.1037540644398462,1.336926446016558
2025-03-03,2025,SHORT,ORB_SHORT,A+,49,89.52,1,13:45,287.75,105.5,253.0,True,341.5,-61.5,170.64013850278934,1.1341403432490398,60.410714285714285,5.652970736033107,2.824666791651257
2025-03-04,2025,SHORT,ORB_SHORT,A+,3,94.68,1,10:05,113.25,492.5,-478.0,False,153.5,-22.0,109.09769115921154,0.7793311916561763,60.642857142857146,2.531213191990577,1.799019642201368
2025-03-05,2025,SHORT,MOM_SHORT,A+,1,93.78,1,10:20,125.25,385.25,-371.75,True,81.0,-70.0,52.17525782727898,0.9776447744633636,60.30357142857143,1.3432040272431152,0.865210079457395
2025-03-05,2025,SHORT,VWAP_SHORT,A+,4,-407.24,1,11:55,7.25,387.25,-373.75,False,83.0,-123.25,20.182377203534998,1.1786588213519393,60.30357142857143,1.3763695587799822,0.3346796338163932
2025-03-07,2025,SHORT,ORB_SHORT,A+,3,534.02,1,10:40,181.25,326.5,-274.25,True,90.0,-59.75,143.97344814921598,0.9494715305052333,65.10714285714286,1.3823368074602302,2.211331074151425
2025-03-10,2025,SHORT,ORB_SHORT,A+,3,237.26,1,10:05,430.5,47.0,356.5,True,179.5,-11.25,99.63921183881757,0.7396885355288902,53.142857142857146,3.3776881720430105,1.8749314055691477
2025-03-10,2025,SHORT,ORB_SHORT,A+,3,85.68,1,13:10,228.25,52.5,154.25,True,381.75,-45.0,161.08913431138353,0.8811442781409812,53.142857142857146,7.183467741935483,3.031247151020658
2025-03-11,2025,LONG,MOM_LONG,A+,1,-813.24,2,11:05,219.75,266.75,110.0,True,47.75,-145.75,44.85962228912467,0.8851511632386855,67.73214285714286,0.7049828631689955,0.6623092138652733
2025-03-12,2025,SHORT,ORB_SHORT,A+,2,-407.24,1,11:00,45.25,287.5,-205.5,False,256.25,-12.0,186.05225508033618,0.9005168777825254,51.160714285714285,5.008726003490401,3.6366234849908645
2025-03-13,2025,SHORT,ORB_SHORT,A+,2,151.76,2,10:00,235.0,170.0,83.5,True,173.25,-76.5,60.935300298559014,1.2136322791964984,52.160714285714285,3.3214652516261554,1.1682221214376258
2025-03-13,2025,SHORT,ORB_SHORT,A+,1,120.76,2,11:35,130.25,100.5,-21.25,True,278.0,-12.25,151.0556505781642,0.9403804004370864,52.160714285714285,5.329681615884971,2.8959659131726108
2025-03-14,2025,LONG,PM_LONG,A+,1,183.26,1,10:35,164.75,35.0,163.0,True,82.75,-73.0,20.84883347533105,0.9753070607736243,33.089285714285715,2.500809498111171,0.630078075886961
2025-03-14,2025,LONG,PM_LONG,A+,5,-27.24,1,13:00,37.5,62.75,35.75,False,210.0,-32.75,92.05841966358275,0.843337485549392,33.089285714285715,6.34646519158122,2.7821216951757335
2025-03-17,2025,LONG,MOM_LONG,A+,1,309.76,1,13:25,197.5,13.0,158.5,True,59.0,-86.25,33.33586736863799,0.7287625641405127,35.32142857142857,1.6703741152679474,0.9437859315691242
2025-03-18,2025,SHORT,ORB_SHORT,A+,1,-146.24,2,11:00,22.75,155.5,-97.25,False,268.25,-17.75,93.97748117096853,0.924421309625262,41.05357142857143,6.534145280556763,2.289142647052735
2025-03-19,2025,LONG,PM_LONG,A+,1,-68.74000000000001,1,11:50,215.75,160.0,171.75,True,135.0,-11.75,94.24673072507721,0.9462303060667604,36.07142857142857,3.742574257425743,2.612780653764517
2025-03-24,2025,LONG,PM_LONG,A+,1,119.76,2,10:30,62.75,20.5,45.25,False,72.5,-23.5,32.9863683803851,0.8666038038074342,20.196428571428573,3.5897435897435894,1.633277302653904
2025-03-25,2025,LONG,PM_LONG,A+,3,-32.239999999999995,1,10:35,34.25,60.25,-28.25,False,60.75,-2.75,52.21092783914355,0.7198618513115194,18.642857142857142,3.2586206896551726,2.8005861676168955
2025-03-26,2025,SHORT,ORB_SHORT,A+,2,325.26,1,11:25,231.5,24.0,211.75,True,166.5,-46.75,60.779408403013804,0.9307700901489304,28.589285714285715,5.823860087445347,2.1259505749961103
2025-04-01,2025,LONG,MOM_LONG,A+,1,559.02,1,10:35,233.0,25.5,55.25,True,29.75,-52.0,43.13194173349257,1.0987020905599487,40.607142857142854,0.7326297273526825,1.0621762256269058
2025-04-02,2025,LONG,PM_LONG,A+,1,333.76,1,10:55,256.75,55.0,8.25,True,305.25,-6.75,89.18230559985022,0.7020742458785234,42.30357142857143,7.215702828197552,2.1081507444455942
2025-04-03,2025,SHORT,ORB_SHORT,A+,3,279.76,2,10:40,133.25,134.75,33.75,True,70.25,-21.0,95.50158180673316,0.8939863828435531,53.67857142857143,1.3087159015302727,1.7791379178899056
2025-04-04,2025,SHORT,ORB_SHORT,A+,9,-813.24,2,10:45,166.75,431.25,-7.75,True,437.25,-1.75,309.38166246296896,1.1709217310108748,96.91071428571429,4.511885019347706,3.1924402244198014
2025-04-07,2025,LONG,PM_LONG,A+,2,-407.24,1,10:50,83.25,587.75,-271.75,False,810.5,-621.75,375.03553963503145,0.7107508532423209,136.64285714285714,5.931521170935703,2.744640645525583
2025-04-07,2025,LONG,PM_LONG,A+,1,38.46,1,13:45,114.25,267.75,-240.75,False,779.5,-652.75,312.0559350248732,0.7707176119402985,136.64285714285714,5.704652378463147,2.283733972999595
2025-04-08,2025,LONG,PM_LONG,A+,1,-407.24,1,10:10,63.0,1073.5,-1068.75,False,145.25,-35.5,99.3049706237507,0.769934387448218,95.07142857142857,1.5277986476333585,1.044530119258084
2025-04-09,2025,LONG,PM_LONG,A+,3,51.26,1,11:30,1761.25,88.25,1674.25,True,146.0,-243.5,-43.76045172101658,0.7841257063484548,133.55357142857142,1.093194277309801,-0.32766216023224076
2025-04-09,2025,LONG,PM_LONG,A+,1,593.76,1,13:05,1545.5,148.75,1458.5,True,361.75,-135.25,156.31916607510357,0.8363195544148966,133.55357142857142,2.7086508891563046,1.1704603958023534
2025-04-10,2025,SHORT,ORB_SHORT,A+,4,199.76,1,11:25,549.5,202.75,-20.25,True,323.25,-1.0,213.14475138012494,0.8516999685232064,126.78571428571429,2.549577464788732,1.6811417010263374
2025-04-11,2025,LONG,PM_LONG,A+,1,75.96,2,13:00,133.0,145.5,105.5,True,325.25,-47.5,231.5907794155537,0.9106952862085543,76.89285714285714,4.229911751045053,3.0118633644382276
2025-04-11,2025,LONG,PM_LONG,A+,4,-11.74,1,13:50,7.75,137.25,-2.25,False,433.0,-25.25,305.3242481056841,0.8005550066397522,76.89285714285714,5.631212261960056,3.9707751727631933
2025-04-15,2025,LONG,PM_LONG,A+,1,-34.739999999999995,1,10:40,20.75,185.5,-81.25,False,83.0,-74.75,31.170972070787684,0.880747617726566,43.482142857142854,1.908829568788501,0.716868351525302
2025-04-16,2025,SHORT,ORB_SHORT,A+,1,327.26,1,13:00,421.0,42.25,369.0,True,30.25,-44.75,55.10088529623681,0.78188611120497,46.410714285714285,0.6517891496729511,1.187244931354083
2025-04-21,2025,SHORT,ORB_SHORT,A+,2,235.76,1,10:00,267.0,21.0,206.0,True,161.75,-18.25,107.41474485083745,1.057134322823859,31.232142857142858,5.1789594053745,3.439237113577414
2025-04-21,2025,SHORT,ORB_SHORT,A+,1,-52.24,2,13:00,53.0,27.5,-8.0,False,375.75,-6.75,178.5259566368295,1.2842602860112386,31.232142857142858,12.030874785591767,5.7160969534948265
2025-04-22,2025,LONG,PM_LONG,A+,2,250.76,1,10:50,189.0,114.0,12.0,True,172.25,-12.25,86.0088801883685,0.8648834686674436,39.375,4.374603174603174,2.1843525127204697
2025-04-23,2025,LONG,PM_LONG,A+,1,179.36,2,10:00,107.0,311.75,-230.0,False,109.75,-86.25,28.630855063962372,0.8788951216800163,56.57142857142857,1.9400252525252526,0.5061009733528702
2025-04-23,2025,LONG,PM_LONG,A+,2,-407.24,1,10:50,22.0,335.0,-253.25,False,133.0,-83.75,27.29558520649516,0.7101351337721467,56.57142857142857,2.351010101010101,0.4824977182966317
2025-04-24,2025,LONG,PM_LONG,A+,4,87.26,1,13:20,80.25,25.5,-1.0,False,369.75,-33.5,125.27376417451887,0.7016945710943902,36.964285714285715,10.002898550724638,3.3890486926439887
2025-04-25,2025,LONG,PM_LONG,A+,1,-21.24,2,13:30,9.0,149.25,-24.75,False,221.25,-31.0,165.05213620735594,1.0892177649648322,38.339285714285715,5.770843036795529,4.305039416679987
2025-04-30,2025,SHORT,VWAP_SHORT,A+,2,-813.24,2,10:00,13.5,413.75,-350.5,False,132.75,-66.25,28.59202845078471,1.0568728733653099,43.642857142857146,3.0417348608837966,0.6551364947806644
2025-05-01,2025,LONG,PM_LONG,A+,1,161.8,2,10:35,97.25,118.75,-22.5,False,56.5,-2.75,84.80167793129294,0.851924176274479,32.517857142857146,1.7375068643602414,2.607849513537839
2025-05-07,2025,SHORT,ORB_SHORT,A+,1,57.26,1,10:50,170.75,76.25,-10.0,True,50.5,-7.25,68.05220364174966,1.8492168168095493,38.357142857142854,1.3165735567970205,1.7741729068612575
2025-05-07,2025,SHORT,ORB_SHORT,A+,1,172.76,1,13:50,150.0,75.25,-30.75,True,71.25,-43.75,44.806601960386615,1.1962290694739788,38.357142857142854,1.8575418994413408,1.1681423229895953
2025-05-08,2025,LONG,VWAP_LONG,A+,20,204.76,1,11:20,186.75,7.5,126.0,True,-11.75,-23.75,73.86603277001996,1.1705272970629947,32.07142857142857,-0.36636971046770606,2.3031725139872594
2025-05-13,2025,LONG,PM_LONG,A+,13,171.26,1,10:45,139.75,1.0,124.75,True,203.0,-34.75,69.1678820199777,0.8101570225052407,22.125,9.175141242937853,3.1262319557052067
2025-05-15,2025,LONG,PM_LONG,A+,4,183.26,1,11:15,139.75,18.25,-3.75,True,87.25,-10.0,78.0144568685464,0.9530483010425167,26.267857142857142,3.3215499660095174,2.969958929054112
2025-05-19,2025,LONG,PM_LONG,A+,2,105.76,1,11:40,97.5,36.25,25.75,False,245.75,-28.5,66.92851713978962,1.006536939370368,22.875,10.743169398907105,2.925836814854191
2025-05-21,2025,LONG,PM_LONG,A+,3,110.76,1,10:55,102.5,365.75,-312.75,False,177.0,-3.0,74.04089671844486,1.0440555047967108,40.583333333333336,4.361396303901437,1.8244163462450478
2025-05-27,2025,LONG,PM_LONG,A+,1,147.76,2,11:25,98.0,22.0,44.5,False,130.75,-10.5,70.21317602740237,0.8587549117288166,16.035714285714285,8.153674832962139,4.378549952711061
2025-05-27,2025,LONG,PM_LONG,A+,1,-90.74,1,13:55,11.75,46.5,-41.75,False,217.0,-3.75,116.87365040791701,0.7125774785094151,16.035714285714285,13.532293986636972,7.288334546596162
2025-05-30,2025,SHORT,VWAP_SHORT,A+,24,368.26,1,11:40,230.25,55.75,-39.25,True,81.0,-67.0,34.54916856312411,0.9870169667199927,35.375,2.2897526501766783,0.9766549417137559
2025-05-30,2025,SHORT,ORB_SHORT,A+,1,-407.24,1,13:00,3.75,220.75,-204.25,False,246.0,-65.25,143.70642966240484,1.0548121646786033,35.375,6.954063604240282,4.062372569961974
2025-06-02,2025,LONG,PM_LONG,A+,1,7.26,1,10:20,178.75,2.25,165.5,True,63.25,-106.75,4.238100727488927,0.8279779660836594,24.196428571428573,2.614022140221402,0.17515397840544641
2025-06-02,2025,LONG,PM_LONG,A+,1,25.26,1,11:50,92.0,37.0,78.75,False,150.0,-20.0,75.55731834026301,0.8414866822827327,24.196428571428573,6.199261992619926,3.1226640790071793
2025-06-03,2025,LONG,PM_LONG,A+,3,88.76,1,10:55,98.5,26.25,38.25,False,115.0,-2.25,71.46302806212043,0.7246730538049615,19.75,5.822784810126582,3.6183811677023003
2025-06-05,2025,LONG,VWAP_LONG,A+,8,150.26,1,10:45,124.5,205.25,-195.0,True,-0.5,-66.75,44.82959888025289,1.13669322960369,39.44642857142857,-0.012675418741511997,1.1364678756424453
2025-06-06,2025,LONG,PM_LONG,A+,1,-77.74,1,11:05,31.0,127.5,-20.75,False,51.5,-21.25,27.434669397218386,1.2891111407362863,24.178571428571427,2.1299852289512557,1.1346687490725478
2025-06-09,2025,LONG,PM_LONG,A+,2,-86.24,1,10:30,5.25,65.75,-19.25,False,81.0,-13.5,65.21587572063072,1.400690248723083,17.5,4.628571428571429,3.726621469750327
2025-06-09,2025,LONG,PM_LONG,A+,4,30.26,1,13:15,34.25,3.75,15.25,False,46.5,-48.0,12.937219224844739,0.9561606238626671,17.5,2.657142857142857,0.739269669991128
2025-06-12,2025,LONG,PM_LONG,A+,1,-64.74000000000001,1,11:00,0.5,88.0,-33.25,False,140.5,-7.75,76.47263082898644,1.173881630441327,25.125,5.592039800995025,3.0436867991636394
2025-06-16,2025,LONG,PM_LONG,A+,1,-79.74,1,11:15,8.25,77.75,-62.25,False,194.75,-6.25,70.6577811848183,0.7597397754112626,19.785714285714285,9.842960288808666,3.5711513956225858
2025-06-16,2025,LONG,PM_LONG,A+,1,-67.24000000000001,1,13:25,12.0,59.75,-44.25,False,176.75,-26.25,40.89425426759408,0.7843274368191602,19.785714285714285,8.933212996389893,2.066857616412697
2025-06-17,2025,LONG,PM_LONG,A+,2,-407.24,1,11:15,17.0,205.25,-146.75,False,49.5,-18.75,26.083500824570365,0.9068027210884354,26.589285714285715,1.8616521155137675,0.9809778684861923
2025-06-23,2025,LONG,PM_LONG,A+,1,1.2599999999999998,1,10:00,133.25,218.25,89.25,True,87.5,-3.25,87.81471606717605,1.0728036990332073,31.714285714285715,2.759009009009009,2.76893248860465
2025-06-23,2025,LONG,PM_LONG,A+,1,231.76,1,13:05,179.5,6.5,135.5,True,41.25,-107.5,4.983237644388282,1.236042130000923,31.714285714285715,1.3006756756756757,0.15712911491314402
2025-06-24,2025,LONG,PM_LONG,A+,1,64.26,1,10:40,111.25,36.5,97.25,False,50.5,-3.5,31.746147624053265,0.7778887192938664,15.785714285714286,3.199095022624434,2.011068175279392
2025-06-24,2025,LONG,PM_LONG,A+,1,36.26,1,13:40,35.75,5.0,21.75,False,126.0,-10.75,71.8186236829606,0.8097877990263446,15.785714285714286,7.981900452488687,4.549596070413794
2025-06-26,2025,LONG,ORB_LONG,A+,10,89.26,1,10:30,106.0,30.75,79.25,False,27.75,-18.75,42.12598534378412,1.124270133303955,14.857142857142858,1.8677884615384615,2.8354028596777776
2025-06-27,2025,LONG,PM_LONG,A+,5,41.26,1,10:30,43.75,176.25,-109.75,False,69.0,-47.5,14.558366420624225,0.773346998888956,24.857142857142858,2.7758620689655173,0.5856814077262619
2025-07-01,2025,SHORT,ORB_SHORT,A+,3,133.26,1,10:35,130.25,38.5,37.75,True,79.0,-5.5,68.02010800840071,1.218897796133663,28.339285714285715,2.7876496534341526,2.4002054495717955
2025-07-02,2025,LONG,PM_LONG,A+,1,80.26,1,10:40,82.25,1.0,51.75,False,122.25,-40.25,41.40285650783699,1.2390910722150628,16.303571428571427,7.498357064622126,2.539496127534361
2025-07-03,2025,LONG,PM_LONG,A+,1,-27.74,1,11:25,34.25,39.0,-8.0,False,135.0,-12.5,50.0317452607851,0.7785081328454705,16.75892857142857,8.05540756526372,2.9853785131635227
2025-07-07,2025,SHORT,VWAP_SHORT,A+,3,-28.74,1,11:00,120.25,62.25,43.5,True,42.75,-17.75,29.677220446381398,1.0769204200055262,27.232142857142858,1.5698360655737704,1.0897864557359727
2025-07-08,2025,LONG,VWAP_LONG,A+,12,-24.24,1,10:40,34.75,87.0,-47.25,False,-7.0,-16.0,29.04705480875782,0.892299040759606,21.303571428571427,-0.3285834031852473,1.3634828745100067
2025-07-11,2025,LONG,PM_LONG,A+,1,9.26,1,11:40,22.0,75.5,-25.25,False,84.5,-10.25,49.1837766095814,1.0107210818440353,20.375,4.147239263803681,2.4139276863598234
2025-07-14,2025,LONG,PM_LONG,A+,2,-5.74,1,11:00,59.25,19.75,37.75,False,65.75,-14.25,70.51624843570244,1.1570082762278266,14.035714285714286,4.684478371501272,5.024058412721802
2025-07-14,2025,LONG,PM_LONG,A+,6,-14.74,1,13:45,10.0,14.5,-3.75,False,107.25,-17.75,80.04370726198613,0.8697452903284484,14.035714285714286,7.641221374045801,5.702859550472294
2025-07-15,2025,LONG,VWAP_LONG,A+,10,-47.24,2,10:30,14.5,84.0,-64.0,False,-33.75,-56.25,2.501734090226819,0.9093725923134136,22.678571428571427,-1.4881889763779528,0.11031268429346604
2025-07-16,2025,LONG,VWAP_LONG,A+,5,-74.74,1,10:30,66.75,178.5,52.5,False,-60.25,-75.75,12.88852264110028,0.880425739356516,31.357142857142858,-1.9214123006833712,0.4110235010829247
2025-07-17,2025,LONG,PM_LONG,A+,1,99.76,1,10:45,88.0,11.75,65.0,False,92.75,-2.0,56.27815705552712,0.8431437831667493,14.446428571428571,6.420271940667491,3.895644987774436
2025-07-23,2025,LONG,VWAP_LONG,A+,44,60.760000000000005,1,13:50,68.0,0.5,34.0,False,-5.5,-38.0,45.97591524094605,1.6793510884739462,21.196428571428573,-0.2594776748104465,2.1690406516368816
2025-07-24,2025,LONG,PM_LONG,A+,1,-24.24,1,13:10,13.5,34.75,-7.5,False,37.5,-2.0,51.01402888190205,1.116166428314437,15.214285714285714,2.4647887323943665,3.3530347621907453
2025-07-29,2025,SHORT,ORB_SHORT,A+,22,-54.74,1,11:30,48.5,37.75,4.0,False,109.0,-33.0,73.40063154969903,1.1805567492307958,21.625,5.040462427745664,3.3942488577895507
2025-07-29,2025,SHORT,ORB_SHORT,A+,47,10.260000000000002,1,13:35,27.25,16.75,6.75,False,106.25,-51.25,46.30717693760016,0.9469734569494352,21.625,4.913294797687861,2.1413723439352674
2025-07-30,2025,LONG,PM_LONG,A+,10,8.26,1,10:30,74.5,160.25,-75.5,False,28.0,-13.75,23.40628026295235,0.9192919533268351,21.017857142857142,1.3322005097706033,1.1136378035049548
2025-08-01,2025,SHORT,ORB_SHORT,A+,3,-147.24,2,13:00,80.5,73.75,-6.0,False,219.5,-69.5,78.06226288025209,0.9336252307415245,35.964285714285715,6.103277060575968,2.1705495140487177
2025-08-04,2025,LONG,PM_LONG,A+,13,65.76,2,10:45,38.25,60.75,24.5,False,154.0,-15.5,40.94625756129608,0.9351372963770266,16.035714285714285,9.603563474387528,2.5534414514839425
2025-08-14,2025,LONG,ORB_LONG,A+,1,-84.24,1,10:55,24.0,93.0,-28.25,False,97.5,-49.75,20.822462127514882,1.064224592012124,25.125,3.8805970149253732,0.8287547115428808
2025-08-15,2025,SHORT,ORB_SHORT,A+,2,-139.24,1,11:40,0.25,106.0,-66.0,False,167.5,-7.0,85.09666231671508,1.37354136619903,25.232142857142858,6.638358103326256,3.37254995735035
2025-08-19,2025,SHORT,ORB_SHORT,A+,1,7.76,1,10:55,116.0,48.75,103.5,False,221.25,-1.25,117.2108653678115,0.9336715790581895,24.553571428571427,9.010909090909092,4.773678880434505
2025-08-19,2025,SHORT,ORB_SHORT,A+,1,10.760000000000002,1,13:15,30.75,60.0,18.25,False,306.5,-10.75,147.09367573760755,0.7019012335626755,24.553571428571427,12.482909090909091,5.990724248222563
2025-08-22,2025,LONG,PM_LONG,A+,1,166.76,1,10:00,163.5,3.5,95.0,True,221.75,-49.5,159.06007670738472,2.127558255712766,25.696428571428573,8.629603891591382,6.18996823878634
2025-08-22,2025,LONG,PM_LONG,A+,1,159.12,2,10:25,95.75,47.25,27.25,False,289.5,-79.25,113.17977306012472,0.9794028989422114,25.696428571428573,11.266157053509382,4.404494295599016
2025-08-22,2025,LONG,PM_LONG,A+,1,25.26,1,13:10,46.25,7.0,2.5,False,314.25,-71.0,66.0367978787508,0.7223529906267077,25.696428571428573,12.229325920778317,2.5698823357957226
2025-08-25,2025,LONG,PM_LONG,A+,1,-42.24,1,11:50,9.25,57.25,-39.0,False,108.75,-12.0,69.26458369639295,0.7574421531610029,14.303571428571429,7.602996254681647,4.842467774029969
2025-08-28,2025,LONG,PM_LONG,A+,1,27.26,1,11:15,64.5,68.75,53.5,False,93.0,-20.75,62.989355529534805,0.755644874865054,19.517857142857142,4.764867337602928,3.2272679868746104
2025-08-29,2025,SHORT,ORB_SHORT,A+,1,-62.24,1,13:00,30.75,44.25,-34.75,False,219.75,-18.75,65.12921549341263,0.8427179095369686,22.375,9.82122905027933,2.910802927079894
2025-09-03,2025,LONG,PM_LONG,A+,3,-349.74,1,10:40,18.5,189.25,-171.25,False,84.0,-8.0,82.33400463833095,0.9471480900052328,25.910714285714285,3.2419021364576155,3.17760458976329
2025-09-04,2025,LONG,PM_LONG,A+,1,67.26,1,13:50,38.5,19.75,37.25,False,119.0,-5.0,90.90937265980392,0.9021282317675728,18.678571428571427,6.37093690248566,4.867040983698872
2025-09-08,2025,LONG,PM_LONG,A+,2,-11.74,1,10:30,30.25,95.5,-87.5,False,73.5,-22.25,22.084688801322045,0.824946999005857,19.375,3.793548387096774,1.1398549058746863
2025-09-09,2025,SHORT,ORB_SHORT,A+,10,-176.74,1,10:30,27.25,101.5,-84.75,False,81.25,-0.75,64.75742569924114,1.2290359749071822,18.482142857142858,4.396135265700483,3.503783419475849
2025-09-11,2025,LONG,PM_LONG,A+,14,74.26,1,10:50,57.5,16.0,32.25,False,14.25,-30.75,20.61036500481714,0.9263194574465872,15.339285714285714,0.9289871944121072,1.343632642921723
2025-09-12,2025,LONG,PM_LONG,A+,1,-5.74,1,10:30,79.25,8.5,59.0,False,39.25,-4.75,37.973980537710304,0.8817288639365918,14.035714285714286,2.796437659033079,2.705525330931014
2025-09-12,2025,LONG,PM_LONG,A+,1,22.26,1,13:55,35.0,11.0,14.75,False,83.5,-5.0,52.05647333812158,0.9357901406665822,14.035714285714286,5.9491094147582695,3.7088581513165497
2025-09-15,2025,LONG,PM_LONG,A+,1,62.760000000000005,2,11:00,28.5,25.25,5.25,False,88.0,-13.0,29.889030213271326,0.9399756148940652,13.928571428571429,6.317948717948718,2.1458790922348645
2025-09-18,2025,LONG,PM_LONG,A+,1,-120.24,2,10:30,32.5,61.75,-37.5,False,101.0,-26.25,78.04955010174672,1.020251550739206,19.892857142857142,5.077199281867146,3.9234962349172497
2025-09-22,2025,LONG,PM_LONG,A+,2,64.76,1,10:40,105.0,21.0,104.25,False,103.25,-3.0,50.56667244624259,0.7780378587421128,14.946428571428571,6.908004778972521,3.3831943333208905
2025-09-22,2025,LONG,PM_LONG,A+,9,60.260000000000005,1,13:15,47.5,1.0,46.75,False,160.75,-19.75,68.71722589473575,0.7207440355843105,14.946428571428571,10.755077658303465,4.597568279695582
2025-09-23,2025,SHORT,ORB_SHORT,A+,2,143.26,1,13:00,135.25,12.25,110.5,True,86.5,-5.75,36.505057226197096,0.8603935554117814,21.035714285714285,4.112054329371817,1.735384723826008
2025-09-23,2025,SHORT,ORB_SHORT,A+,2,16.76,1,13:50,32.0,30.0,12.0,False,185.0,-36.75,108.54427505228523,1.223479123217816,21.035714285714285,8.794567062818336,5.159999493147685
2025-09-24,2025,SHORT,ORB_SHORT,A+,18,173.26,1,11:10,150.25,31.5,59.0,True,106.75,-1.25,41.62612663410255,0.963685432653124,20.910714285714285,5.105038428693424,1.9906601977025984
2025-09-25,2025,SHORT,VWAP_SHORT,A+,1,-204.74,1,13:55,63.75,123.0,-98.75,False,59.25,-95.25,67.62180542119313,0.8291159965645063,33.625,1.762081784386617,2.0110574102957064
2025-10-01,2025,LONG,PM_LONG,A+,1,91.76,1,13:00,65.75,7.25,54.5,False,207.75,-0.5,109.52165023797716,0.9232646668620462,14.517857142857142,14.309963099630997,7.543926707658943
2025-10-06,2025,LONG,VWAP_LONG,A+,25,-12.24,1,11:45,50.75,20.0,33.0,False,-12.0,-19.5,44.477021024984424,1.0034410981301665,14.214285714285714,-0.8442211055276382,3.12903665502403
2025-10-06,2025,LONG,PM_LONG,A+,44,27.26,1,13:20,28.25,21.5,10.5,False,10.5,-3.75,58.1495045112315,1.0994069948254808,14.214285714285714,0.7386934673366835,4.0909199153630205
2025-10-07,2025,SHORT,ORB_SHORT,A+,1,74.66,1,11:00,159.5,2.25,105.5,True,92.5,-4.75,76.19544860148744,1.4695345874241175,26.25,3.5238095238095237,2.9026837562471406
2025-10-07,2025,SHORT,ORB_SHORT,A+,2,76.68,1,11:15,113.5,27.25,59.5,False,138.5,-45.0,89.84580430469578,1.0430424903913533,26.25,5.276190476190476,3.4226973068455533
2025-10-08,2025,LONG,PM_LONG,A+,1,21.76,1,11:25,61.25,7.25,57.75,False,156.5,-9.75,54.286723721550516,1.0426377315833293,14.232142857142858,10.996235884567126,3.814374565127765
2025-10-09,2025,SHORT,ORB_SHORT,A+,5,-153.24,1,13:30,14.25,85.75,-73.0,False,154.0,-13.0,74.02435976408015,0.9594263244222776,24.910714285714285,6.182078853046595,2.9715872019989162
2025-10-10,2025,SHORT,ORB_SHORT,A+,3,60.260000000000005,1,13:15,95.5,100.5,80.5,False,662.75,-47.0,323.1188007568453,0.7248229821647834,50.142857142857146,13.217236467236466,6.443964687458453
2025-10-16,2025,LONG,PM_LONG,A+,2,-407.24,1,10:35,54.0,482.5,-369.5,False,80.5,-20.0,52.93335099172327,0.8845403145073409,55.75,1.4439461883408071,0.9494771478336013
2025-10-16,2025,SHORT,ORB_SHORT,A+,3,272.26,1,13:00,217.5,103.25,104.5,True,184.5,-129.25,146.51941144237207,1.100191273311665,55.75,3.309417040358744,2.628150877890082
2025-10-17,2025,LONG,PM_LONG,A+,2,93.56,1,10:00,205.5,174.25,198.0,True,113.25,-41.25,67.4443189181111,1.154614477247429,48.410714285714285,2.3393581704168205,1.3931692583600963
2025-10-20,2025,LONG,PM_LONG,A+,1,1.7599999999999998,2,10:40,58.25,7.5,22.5,False,178.0,-8.5,69.53274068022802,0.8853809196980096,20.125,8.84472049689441,3.4550430151666096
2025-10-22,2025,SHORT,ORB_SHORT,A+,3,203.76,1,11:30,226.5,99.5,50.25,True,233.5,-28.75,129.89189206908122,1.1887968183908295,47.910714285714285,4.8736489004845325,2.7111240983483222
2025-10-22,2025,SHORT,ORB_SHORT,A+,4,87.26,1,13:25,105.0,99.75,-71.25,False,355.0,-44.0,187.80068879363898,0.805094267356668,47.910714285714285,7.409616101379053,3.919805655029364
2025-10-23,2025,LONG,PM_LONG,A+,1,39.76,1,10:45,93.25,75.5,81.75,False,178.75,-4.25,67.42537007618375,0.9094949531008755,24.25,7.371134020618556,2.7804276320075774
2025-10-23,2025,LONG,PM_LONG,A+,12,184.76,2,13:05,77.25,12.25,65.75,False,194.75,-36.0,55.02180692768525,1.641399719197407,24.25,8.030927835051546,2.2689404918633094
2025-10-24,2025,LONG,PM_LONG,A+,2,17.76,1,11:20,29.5,34.75,17.25,False,73.0,-11.0,40.12248845958311,0.7729438157967656,17.607142857142858,4.14604462474645,2.278762022045288
2025-10-27,2025,LONG,PM_LONG,A+,2,113.76,2,10:30,72.5,23.75,59.25,False,58.0,-7.5,30.244681277119525,0.8779018620790773,11.071428571428571,5.238709677419355,2.731777663739828
2025-10-27,2025,LONG,PM_LONG,A+,1,23.76,2,13:40,22.5,4.25,9.25,False,108.0,-4.5,55.21549022400359,0.9634699295151496,11.071428571428571,9.75483870967742,4.987205568619679
2025-10-28,2025,LONG,PM_LONG,A+,1,200.76,2,13:10,81.0,14.75,76.5,False,79.75,-15.75,66.48923756644217,1.0245051706154598,20.928571428571427,3.8105802047781574,3.176960156758329
2025-10-31,2025,SHORT,ORB_SHORT,A+,23,159.26,1,11:35,211.0,59.0,66.25,True,100.5,-41.75,27.68175006882666,0.9828551790145469,35.964285714285715,2.7944389275074477,0.7697010942672755
2025-10-31,2025,SHORT,ORB_SHORT,A+,46,-234.24,1,13:30,31.25,120.75,-113.5,False,280.25,-26.25,147.68203960728715,0.9880041702283249,35.964285714285715,7.792452830188679,4.106352640520397
2025-11-04,2025,SHORT,MOM_SHORT,A+,1,200.76,1,10:50,232.0,16.75,183.25,True,-64.75,-143.25,1.9293533727322938,0.7984249220603974,34.857142857142854,-1.8575819672131149,0.055350301676746136
2025-11-04,2025,SHORT,ORB_SHORT,A+,1,147.76,2,13:15,48.25,66.0,-0.5,False,119.0,-0.5,144.75477655989016,0.9544455625600737,34.857142857142854,3.4139344262295084,4.152800966882095
2025-11-06,2025,SHORT,ORB_SHORT,A+,3,296.76,2,10:45,141.75,99.75,-52.0,True,334.75,-25.75,162.7700028521067,0.8748281618635709,47.55357142857143,7.03942921517086,3.4228765151025065
2025-11-07,2025,SHORT,VWAP_SHORT,A+,2,169.76,1,10:30,210.25,207.75,-186.75,True,191.0,-37.5,63.36646212041887,0.7944685584231104,46.017857142857146,4.150562669771051,1.376997236609801
2025-11-07,2025,SHORT,ORB_SHORT,A+,1,-407.24,1,11:55,37.25,380.75,-359.75,False,364.0,-27.25,166.1751288876585,0.8924336430595275,46.017857142857146,7.909972836631741,3.6111009769921907
2025-11-12,2025,SHORT,ORB_SHORT,A+,1,-108.74,1,11:10,22.5,126.0,-50.75,False,267.25,-14.25,94.50090929022554,1.025031825157936,38.714285714285715,6.9031365313653135,2.4409828967954934
2025-11-13,2025,SHORT,ORB_SHORT,A+,5,166.76,2,10:45,238.75,37.0,175.5,True,236.5,-13.75,127.68765320567763,1.0823460387095054,47.339285714285715,4.995850622406639,2.6972872800897574
2025-11-13,2025,SHORT,ORB_SHORT,A+,1,146.26,1,13:10,151.5,6.5,88.25,True,323.75,-39.5,124.18211211853486,0.7165448832274353,47.339285714285715,6.838928706148623,2.623235865197266
2025-11-14,2025,LONG,PM_LONG,A+,14,-78.24,1,11:45,71.25,134.25,-34.5,False,499.5,-45.75,234.32216192670603,0.7434581135225891,48.80357142857143,10.234906695938529,4.801332260481352
2025-11-18,2025,SHORT,ORB_SHORT,A+,1,38.16,1,10:50,113.5,316.75,-224.0,False,224.75,-63.5,84.04273855610518,0.7899311843534951,64.0,3.51171875,1.3131677899391434
2025-11-18,2025,SHORT,ORB_SHORT,A+,2,-813.24,2,11:10,42.5,279.25,-186.5,False,187.25,-151.0,29.78715531511625,0.8612259798460444,64.0,2.92578125,0.46542430179869143
2025-11-20,2025,LONG,PM_LONG,A+,3,-407.24,1,10:35,14.0,1087.25,-993.5,False,80.5,-18.25,65.22609041828036,0.716628150104545,76.65,1.050228310502283,0.8509600837349036
2025-11-21,2025,SHORT,ORB_SHORT,A+,3,224.76,1,10:10,176.0,493.25,-374.25,True,99.5,-29.0,85.55102977003116,0.8069665335791694,67.89285714285714,1.4655444502893216,1.2600888130251828
2025-11-21,2025,LONG,PM_LONG,A+,1,-73.74,1,13:45,85.75,84.0,-33.25,False,308.0,-20.5,319.59252455570095,1.251356427378965,67.89285714285714,4.536559705418202,4.7073070423775
2025-11-26,2025,LONG,PM_LONG,A+,24,-67.24000000000001,2,13:20,20.5,54.25,14.5,False,118.5,-35.0,80.62853466396336,0.8909316157851,28.142857142857142,4.210659898477157,2.8649733129327086
2025-11-28,2025,LONG,VWAP_LONG,A+,1,3.76,2,10:50,84.25,48.5,68.75,False,56.5,-5.5,36.14633533508095,0.9577044826232575,24.57142857142857,2.299418604651163,1.4710717868928294
2025-11-28,2025,LONG,PM_LONG,A+,3,1.7599999999999998,2,13:00,11.25,13.0,3.75,False,121.5,-19.25,74.54925761490085,2.0771837043849923,24.57142857142857,4.944767441860465,3.0339814145599187
2025-12-02,2025,LONG,PM_LONG,A+,6,-407.24,1,10:40,48.0,208.25,7.25,False,129.75,-32.25,35.704262663977715,0.9439035072197055,35.535714285714285,3.651256281407035,1.0047430699410815
2025-12-09,2025,LONG,PM_LONG,A+,1,22.26,1,11:30,31.0,40.5,-6.25,False,88.75,-2.25,63.15397247592773,0.8625080835909748,17.75,5.0,3.5579702803339566
2025-12-09,2025,LONG,PM_LONG,A+,1,-66.74000000000001,1,13:50,3.75,48.25,-29.75,False,112.25,-7.5,63.998653624650615,0.8598721266555032,17.75,6.323943661971831,3.605557950684542
2025-12-10,2025,SHORT,ORB_SHORT,A+,3,-407.24,1,11:00,8.25,310.75,-306.25,False,95.75,-23.25,61.66251988512158,1.1230530635947378,37.44642857142857,2.5569861707200765,1.646686272564048
2025-12-11,2025,SHORT,ORB_SHORT,A+,1,-81.74,1,10:00,7.0,268.5,-238.0,False,188.5,-64.25,57.0966584200869,0.9090375693348093,34.464285714285715,5.469430051813472,1.6566906070077025
2025-12-12,2025,SHORT,ORB_SHORT,A+,7,141.76,1,10:30,230.25,53.5,123.5,True,211.75,-52.75,125.89700907700171,1.3213230576860997,43.910714285714285,4.822285481903212,2.867113667471369
2025-12-12,2025,SHORT,ORB_SHORT,A+,1,-173.24,2,11:10,76.5,174.0,-30.25,False,365.5,-40.75,197.06161420295757,1.2770324287217751,43.910714285714285,8.323708824725498,4.487779745980327
2025-12-16,2025,LONG,ORB_LONG,A+,2,-46.74,1,10:00,47.0,186.5,-18.0,False,123.5,-51.75,40.7029527499908,0.96710822744886,43.517857142857146,2.837915469839967,0.9353161075090212
2025-12-17,2025,SHORT,ORB_SHORT,A+,3,78.48,1,10:45,206.0,12.0,172.25,True,280.0,-30.75,149.95768666217919,1.6170353168107003,48.267857142857146,5.800961894191639,3.1067815216729686
2025-12-17,2025,SHORT,ORB_SHORT,A+,7,77.58,1,11:05,179.25,18.5,145.5,True,306.75,-68.5,135.62465892219552,0.90465872156013,48.267857142857146,6.355160932297447,2.809833851144265
2025-12-18,2025,LONG,PM_LONG,A+,2,-29.74,1,10:30,49.25,175.5,-74.0,False,81.5,-1.25,113.87755155108607,0.7161713082143694,38.80357142857143,2.1003221352968247,2.9347183096460285
2025-12-31,2025,SHORT,ORB_SHORT,A+,1,-71.74,1,10:55,70.75,80.0,55.75,False,124.25,-12.25,54.29053076564014,1.146836115191957,18.160714285714285,6.841691248770895,2.9894490883734988
2026-01-07,2026,LONG,PM_LONG,A+,3,96.72,1,10:30,115.5,73.5,-13.0,False,92.0,-5.5,38.436451386540284,0.8401283731064231,19.607142857142858,4.692167577413479,1.9603290324647138
2026-01-09,2026,LONG,PM_LONG,A+,4,220.76,2,10:30,111.5,103.75,101.5,False,150.25,-14.25,126.27143087460354,0.8708258983076317,20.339285714285715,7.387181738366988,6.208252966617908
2026-01-12,2026,LONG,PM_LONG,A+,1,18.76,1,11:10,74.25,25.5,56.25,False,200.5,-1.0,62.65684006445008,0.7084149640824704,17.5,11.457142857142857,3.5803908608257187
2026-01-12,2026,LONG,PM_LONG,A+,1,75.76,2,13:05,34.25,24.25,16.25,False,240.5,-5.75,80.15119331942697,0.8676634761442872,17.5,13.742857142857142,4.5800681896815405
2026-01-14,2026,SHORT,ORB_SHORT,A+,1,-20.24,1,10:00,135.0,138.75,2.75,True,183.75,-23.25,106.99514793032722,0.9401117583043412,37.285714285714285,4.92816091954023,2.869601668629466
2026-01-14,2026,SHORT,ORB_SHORT,A+,2,-60.74,1,11:50,29.75,142.75,-102.5,False,289.0,-9.5,148.81982270118533,0.9060100290029044,37.285714285714285,7.75095785440613,3.9913362410279594
2026-01-14,2026,SHORT,ORB_SHORT,A+,1,-220.24,1,13:30,25.75,146.75,-106.5,False,293.0,-13.75,121.02287995928054,0.7314686398387067,37.285714285714285,7.85823754789272,3.2458243667239994
2026-01-21,2026,LONG,PM_LONG,A+,2,169.76,1,10:15,305.25,205.25,240.5,True,151.5,-29.0,92.61140787380646,1.0306827207835587,48.660714285714285,3.113394495412844,1.9032069141039125
2026-01-26,2026,LONG,PM_LONG,A+,2,101.76,1,10:30,72.75,27.0,21.75,False,111.5,-26.75,41.743754394319694,0.7827759633485292,18.071428571428573,6.1699604743083,2.3099310732034612
2026-01-26,2026,LONG,PM_LONG,A+,1,-159.24,2,13:30,1.0,51.5,-41.0,False,174.25,-10.0,65.03003801245723,0.8785121755418785,18.071428571428573,9.642292490118576,3.5985001271715458
2026-01-27,2026,LONG,PM_LONG,A+,2,-17.240000000000002,1,10:35,30.75,44.25,29.25,False,98.25,-9.75,66.75576113191346,0.7445128558762684,15.125,6.4958677685950414,4.4136040417794025
2026-01-30,2026,LONG,PM_LONG,A+,5,-407.24,1,10:35,56.0,309.5,-262.25,False,44.0,-61.0,14.38108738741721,1.1960851925489535,48.607142857142854,0.9052167523879501,0.29586366410557086
2026-01-30,2026,SHORT,ORB_SHORT,A+,4,-72.74,1,13:30,5.5,175.5,-10.25,False,228.5,-37.0,195.6534769320897,0.8797325239108956,48.607142857142854,4.700955180014695,4.025200113224476
2026-02-04,2026,SHORT,ORB_SHORT,A+,3,148.76,1,11:05,282.0,75.75,18.5,True,319.0,-13.75,160.50440824102043,0.8491321009256572,61.69642857142857,5.170477568740956,2.6015186285085803
2026-02-05,2026,SHORT,ORB_SHORT,A+,5,-407.24,1,10:50,60.5,290.25,-150.75,False,173.5,-46.75,123.19356267679177,0.7077574469912176,58.375,2.9721627408993574,2.110382230009281
2026-02-06,2026,LONG,PM_LONG,A+,2,394.26,1,10:55,228.0,15.5,200.75,True,135.75,-88.25,31.37036493551932,0.735981026471469,32.25,4.209302325581396,0.97272449412463
2026-02-09,2026,LONG,PM_LONG,A+,31,69.26,1,13:30,64.25,7.75,36.25,False,307.0,-52.0,120.60849027567019,0.756247623236335,23.839285714285715,12.877902621722846,5.0592325508895355
2026-02-10,2026,LONG,PM_LONG,A+,5,-55.24,1,10:30,23.25,160.75,-154.75,False,29.75,-41.0,40.83924050220958,0.7544750539545513,27.892857142857142,1.0665813060179257,1.4641469066093062
2026-02-10,2026,SHORT,VWAP_SHORT,A+,1,76.76,1,13:20,79.5,1.25,73.5,False,51.5,-73.5,38.883217096255976,0.8565056142318125,27.892857142857142,1.8463508322663253,1.3940205873177558
2026-02-12,2026,SHORT,ORB_SHORT,A+,2,569.26,1,10:35,333.75,7.0,263.25,True,212.0,-9.5,117.62144557031206,0.9211297787978832,51.07142857142857,4.151048951048951,2.303077255922194
2026-02-12,2026,SHORT,ORB_SHORT,A+,10,29.26,1,11:45,71.0,72.0,0.5,False,474.75,-66.5,226.1833547143542,0.8047716344859038,51.07142857142857,9.295804195804196,4.4287649874139285
2026-02-13,2026,LONG,ORB_LONG,A+,1,235.76,1,10:50,178.75,54.0,7.5,True,74.0,-112.5,54.17785430737058,0.8426120899183477,44.410714285714285,1.6662645757941295,1.2199275597960404
2026-02-17,2026,LONG,PM_LONG,A+,1,-24.74,1,11:05,161.5,119.5,84.5,True,69.25,-87.5,133.3536095461859,0.8168210551167415,54.089285714285715,1.280290524925718,2.4654348413953153
2026-02-17,2026,LONG,PM_LONG,A+,1,260.76,2,13:20,123.5,31.0,46.5,True,107.25,-49.5,121.4421167197579,0.9779377596309969,54.089285714285715,1.982832618025751,2.245215759757822
2026-02-18,2026,LONG,PM_LONG,A+,2,105.76,1,10:00,112.0,154.75,-139.5,False,207.75,-1.25,162.12627825142772,0.9103705886266645,30.035714285714285,6.9167657550535075,5.397783342496999
2026-02-20,2026,LONG,PM_LONG,A+,4,-16.740000000000002,1,10:45,64.5,196.0,-8.25,False,360.0,-22.75,140.3070581440552,0.8072795190207535,52.517857142857146,6.85481128867732,2.6716066834638186
2026-02-20,2026,LONG,PM_LONG,A+,4,-41.74,1,13:45,35.75,68.25,-17.25,False,369.0,-55.5,100.85396390283859,0.7438495936647699,52.517857142857146,7.026181570894253,1.9203746951917582
2026-02-23,2026,SHORT,ORB_SHORT,A+,1,89.74,1,10:50,107.75,45.0,90.25,False,205.75,-3.0,124.1289914562949,0.9354219730543624,30.660714285714285,6.7105416423995345,4.048470309582129
2026-02-23,2026,SHORT,ORB_SHORT,A+,1,76.76,1,13:55,48.75,27.5,42.0,False,254.0,-59.5,93.98053783430805,0.7442904633125175,30.660714285714285,8.284216656959813,3.0651777045551842
2026-02-25,2026,LONG,PM_LONG,A+,7,89.76,2,10:15,81.25,33.0,73.25,False,137.5,-63.25,9.695635758216667,0.8916809199752538,14.982142857142858,9.177592371871276,0.6471461292731029
2026-02-26,2026,SHORT,ORB_SHORT,A+,11,-69.24000000000001,2,10:35,86.75,123.5,-61.75,False,365.75,-113.5,133.40531949305296,0.9039678789480569,35.30357142857143,10.3601416287304,3.7788052056706958
2026-03-02,2026,LONG,PM_LONG,A+,1,202.76,1,10:45,175.25,72.5,43.0,True,280.25,-33.0,58.94169470578345,0.7555391179627808,37.57142857142857,7.4591254752851714,1.5687903533858714
2026-03-03,2026,SHORT,ORB_SHORT,A+,4,-813.24,2,10:30,32.25,444.5,-368.25,False,129.0,-55.0,93.67626347886471,1.0522162162162163,52.357142857142854,2.4638472032742156,1.789178292911468
2026-03-04,2026,LONG,PM_LONG,A+,7,99.76,1,10:30,103.25,76.75,36.0,False,261.0,-34.0,146.15258035626903,0.7880544844231143,28.75,9.078260869565218,5.083568012391966
2026-03-04,2026,LONG,PM_LONG,A+,1,3.76,1,13:30,31.75,38.25,-35.5,False,332.5,-18.5,132.77804130276854,0.7142697650215717,28.75,11.565217391304348,4.618366654009341
2026-03-05,2026,LONG,PM_LONG,A+,2,-407.24,1,10:00,11.0,397.0,-252.25,False,183.25,-37.25,65.39028451085687,0.8531706838966502,56.714285714285715,3.231108312342569,1.1529773087556627
2026-03-05,2026,SHORT,VWAP_SHORT,A+,4,83.66,1,10:35,268.5,80.5,123.75,True,-54.75,-112.0,41.75302946232114,0.9865279626259609,56.714285714285715,-0.9653652392947103,0.7361995119300956
2026-03-09,2026,LONG,PM_LONG,A+,1,346.76,1,10:00,282.25,144.25,200.5,True,35.25,-58.25,64.06885493115988,0.8671419338723043,37.5,0.94,1.7085027981642633
2026-03-10,2026,LONG,PM_LONG,A+,1,134.76,1,10:30,163.75,66.5,-7.25,True,62.5,-27.0,64.59341902255619,0.8441085284896043,45.285714285714285,1.3801261829652998,1.4263531014444586
2026-03-10,2026,LONG,PM_LONG,A+,1,-813.24,2,13:15,19.75,210.5,-151.25,False,206.5,-2.0,130.73386281528656,0.8504252238517729,45.285714285714285,4.559936908517351,2.8868676331451293
2026-03-11,2026,SHORT,ORB_SHORT,A+,1,66.26,1,10:30,95.75,120.5,48.0,False,65.5,-11.0,102.36184681224404,0.9714289039947854,39.660714285714285,1.6515083295812698,2.5809380555991295
2026-03-11,2026,SHORT,ORB_SHORT,A+,2,18.76,1,13:40,44.25,50.25,13.0,False,100.5,-60.75,79.76314473489401,1.1265904916915024,39.660714285714285,2.533993696533093,2.01113737287441
2026-03-12,2026,SHORT,ORB_SHORT,A+,3,20.76,2,10:30,44.5,129.75,11.25,False,170.25,-14.75,109.74447941493418,0.896310054914834,51.267857142857146,3.320794148380355,2.1406098388144597
2026-03-17,2026,LONG,PM_LONG,A+,1,-75.74,1,13:50,19.25,57.5,-34.25,False,38.25,-75.5,3.7357956043997547,0.7355519686036207,29.964285714285715,1.2765196662693683,0.12467494269748883
2026-03-20,2026,SHORT,ORB_SHORT,A+,3,23.26,1,10:05,227.75,65.75,206.75,True,194.5,-33.25,74.18350592583374,0.9319994760174569,35.80357142857143,5.432418952618454,2.0719582702477255
2026-03-23,2026,LONG,ORB_LONG,A+,3,-407.24,1,10:45,58.25,325.75,-137.0,False,136.25,-59.25,55.03065578630412,1.0264778581163807,49.410714285714285,2.7574990964943984,1.1137393292493787
2026-03-24,2026,SHORT,OPEN_SHORT,A+,1,-39.74,1,10:35,44.25,180.25,-111.0,False,51.0,-69.75,11.900977775170759,0.7659762569388986,42.55357142857143,1.1984892992026857,0.2796704806586498
2026-03-24,2026,SHORT,MOM_SHORT,A+,1,-251.24,1,13:05,33.25,155.5,-122.0,False,62.0,-58.75,66.04457706739049,1.202475703077072,42.55357142857143,1.4569869911875786,1.552033703639894
2026-03-25,2026,LONG,VWAP_LONG,A+,1,-241.24,1,13:40,1.5,156.5,-117.0,False,38.25,-57.5,46.85981039392209,0.8488620079521525,37.80357142857143,1.011809163911195,1.239560407208142
2026-03-26,2026,SHORT,VWAP_SHORT,A+,3,723.52,1,10:55,279.5,28.25,265.5,True,53.5,-69.75,55.02135175564035,1.2108433411053743,33.392857142857146,1.602139037433155,1.6476982343935078
2026-03-27,2026,SHORT,ORB_SHORT,A+,2,-73.74,1,10:00,199.5,102.0,174.75,True,145.0,-65.0,51.284022963740426,1.0213560291211046,34.535714285714285,4.198552223371252,1.4849561975023082
2026-03-27,2026,SHORT,ORB_SHORT,A+,1,177.26,1,13:00,151.25,67.5,126.5,True,193.25,-22.0,64.76010904396753,0.7188836698977003,34.535714285714285,5.595656670113754,1.8751634469814797
2026-03-31,2026,LONG,PM_LONG,A+,4,-77.24,1,10:20,328.0,181.0,321.0,True,177.5,-22.5,57.25943967054627,0.9790646137713873,55.25,3.2126696832579187,1.036369948788168
2026-03-31,2026,LONG,PM_LONG,A+,1,172.16,2,13:05,112.25,27.0,105.25,False,393.25,-88.5,208.44077707049655,1.1774606282907845,55.25,7.117647058823529,3.7726837478822906
2026-03-31,2026,LONG,PM_LONG,A+,2,14.260000000000002,1,13:30,28.0,111.25,21.0,False,477.5,-18.75,269.9483982952843,0.8037076564606601,55.25,8.642533936651583,4.885943860548132
2026-04-01,2026,LONG,VWAP_LONG,A+,2,554.52,1,10:30,191.5,32.75,35.0,True,69.0,-59.5,17.020444002813747,0.9796347036455848,32.232142857142854,2.1407202216066485,0.5280580964861883
2026-04-06,2026,LONG,PM_LONG,A+,6,-131.24,2,10:10,36.5,152.25,-9.25,False,89.75,-98.25,18.846378039794217,0.9499584698515643,34.285714285714285,2.6177083333333333,0.5496860261606646
2026-04-07,2026,SHORT,ORB_SHORT,A+,2,148.76,1,10:00,138.0,219.75,-52.75,True,164.25,-9.0,101.65144398117991,1.0625712427800942,45.44642857142857,3.614145383104126,2.236731183868792
2026-04-07,2026,SHORT,ORB_SHORT,A+,1,-407.24,1,11:15,23.75,251.25,-84.25,False,195.75,-106.5,51.635640590040566,1.2991823154570574,45.44642857142857,4.307269155206287,1.1361869835136629
2026-04-09,2026,LONG,MOM_LONG,A+,15,95.58,1,10:55,224.0,27.0,180.25,True,-40.5,-72.25,13.875746102155972,0.8748747065708725,31.678571428571427,-1.278466741826381,0.438016787892184
2026-04-10,2026,LONG,VWAP_LONG,A+,1,-130.74,1,10:30,38.25,133.25,-61.75,False,40.25,-21.75,31.17973330186578,1.034068129966171,26.017857142857142,1.5470144131777626,1.198397436447827
2026-04-14,2026,LONG,PM_LONG,A+,1,531.52,1,10:35,182.75,26.75,170.0,True,133.0,-27.75,41.34952005764353,0.8965107900759459,19.928571428571427,6.673835125448029,2.074886311136235
2026-04-15,2026,LONG,PM_LONG,A+,7,97.38,1,10:30,193.75,33.5,168.0,True,113.5,-16.25,75.48325141426903,0.9231572502660701,25.875,4.386473429951691,2.917227107797837
2026-04-15,2026,LONG,PM_LONG,A+,1,234.76,1,13:40,146.75,10.75,121.0,True,160.5,-69.25,53.26351582515781,0.7506783176592932,25.875,6.202898550724638,2.0584933652234905
2026-04-16,2026,LONG,PM_LONG,A+,21,87.26,1,11:25,105.0,102.75,-14.0,False,18.25,-46.75,77.56847505041151,0.7315327596489734,33.857142857142854,0.5390295358649789,2.291052005708357
2026-04-17,2026,LONG,ORB_LONG,A+,1,66.26,1,10:30,90.5,56.5,-26.0,False,99.75,-4.5,75.63161373503317,0.8907268252207232,33.232142857142854,3.001612036539495,2.2758572644609663
2026-04-22,2026,LONG,PM_LONG,A+,5,50.26,1,10:30,83.75,26.0,65.25,False,85.0,-30.25,75.0590948445024,1.266603536207573,25.482142857142858,3.3356692361597755,2.945556630197711
2026-04-22,2026,LONG,PM_LONG,A+,1,29.76,2,13:00,51.5,20.75,33.0,False,117.25,-10.75,60.52884992747204,0.9725844492896955,25.482142857142858,4.601261387526279,2.375343795331769
2026-04-24,2026,LONG,ORB_LONG,A+,1,508.52,1,10:45,201.5,14.5,180.75,True,51.0,-18.5,44.01049327112196,0.9742862058844367,30.767857142857142,1.657573998839234,1.430404888672565
2026-04-24,2026,LONG,PM_LONG,A+,1,11.760000000000002,2,13:50,10.0,52.0,6.25,False,225.5,-27.0,141.07276769976306,0.8819299229866884,30.767857142857142,7.329077190946024,4.585069640851266
2026-04-28,2026,SHORT,ORB_SHORT,A+,3,-78.24,2,10:45,54.75,163.75,-146.25,False,100.25,-20.5,98.12632940277035,0.9888391097093294,28.875,3.4718614718614718,3.398314438191181
2026-04-30,2026,LONG,VWAP_LONG,A+,35,445.76,2,13:30,115.75,3.25,114.75,False,-5.5,-20.25,153.79429160277869,0.9529938112382736,31.017857142857142,-0.17731721358664365,4.958250045915721
2026-05-01,2026,LONG,PM_LONG,A+,1,-40.239999999999995,2,11:50,19.0,90.0,-16.25,False,252.5,-32.5,65.68300635581545,1.1448994599594264,32.732142857142854,7.714129841789417,2.0066821363478806
2026-05-05,2026,LONG,PM_LONG,A+,1,-47.74,1,11:35,52.25,45.75,36.0,False,148.75,-13.25,52.338805269329896,0.7413955831843083,20.035714285714285,7.424242424242425,2.612275485813257
2026-05-05,2026,LONG,PM_LONG,A+,1,14.260000000000002,1,13:50,27.0,7.75,10.75,False,174.0,-5.75,64.26046891738224,0.7007791928233162,20.035714285714285,8.684491978609627,3.2072961313488464
2026-05-06,2026,LONG,ORB_LONG,A+,1,83.88,1,10:30,194.75,10.0,192.0,True,95.75,-20.75,37.513186661715736,0.7111301511083417,23.857142857142858,4.013473053892215,1.5724090217485638
2026-05-07,2026,LONG,PM_LONG,A+,2,-813.24,2,11:05,14.25,329.0,-230.0,False,132.25,-62.5,58.25042430157191,1.1352938767005456,43.42857142857143,3.0452302631578947,1.3412926648388268
2026-05-08,2026,LONG,PM_LONG,A+,4,230.26,1,11:15,174.75,4.5,148.0,True,268.25,-44.0,65.9651165383475,0.7459203550557628,26.571428571428573,10.095430107526882,2.4825581492926476
2026-05-11,2026,LONG,PM_LONG,A+,11,210.84,2,10:35,124.5,10.75,60.5,True,51.0,-81.25,-0.9022738452476915,0.9844523458159598,28.571428571428573,1.785,-0.031579584583669204
2026-05-12,2026,SHORT,ORB_SHORT,A+,3,133.76,1,10:05,395.25,90.75,96.5,True,76.25,-48.5,53.011647120256384,0.7582913520699684,49.17857142857143,1.550472040668119,1.077941989373405
2026-05-12,2026,SHORT,ORB_SHORT,A+,4,375.76,1,10:40,341.25,2.0,42.5,True,130.25,-76.5,78.79663251571401,0.7148737920397363,49.17857142857143,2.6485112563543933,1.6022554178939667
2026-05-14,2026,LONG,PM_LONG,A+,1,84.26,1,10:45,77.0,111.5,-0.75,False,230.5,-0.75,100.2643740628555,0.751885855617642,35.660714285714285,6.463695543314973,2.811619903615377
2026-05-18,2026,SHORT,ORB_SHORT,A+,5,-30.24,1,10:45,203.5,108.5,58.75,True,320.75,-46.75,165.0710037884346,0.8116123029078673,64.67857142857143,4.959138597459967,2.5521745478057256
2026-05-19,2026,SHORT,ORB_SHORT,A+,4,-407.24,1,11:30,15.5,332.75,-259.75,False,56.75,-130.5,36.207052035377274,0.7226179682223649,47.785714285714285,1.187593423019432,0.757696156196236
2026-05-19,2026,LONG,PM_LONG,A+,15,-32.239999999999995,1,13:45,36.0,124.0,-12.5,False,215.5,-60.5,194.35221199247098,0.7658420112437007,47.785714285714285,4.509715994020927,4.067161386987435
2026-05-20,2026,LONG,PM_LONG,A+,4,533.52,1,10:30,181.0,44.0,123.25,True,141.0,-48.75,90.01179307567872,0.9573856262373844,41.44642857142857,3.401981904351573,2.1717623490900513
2026-05-22,2026,LONG,PM_LONG,A+,4,-53.74,1,13:20,62.75,96.75,-85.25,False,104.5,-33.25,52.19998813334678,0.7067708001415207,31.607142857142858,3.306214689265537,1.6515250482866777
2026-06-03,2026,SHORT,ORB_SHORT,A+,25,80.26,1,11:45,98.75,77.75,-32.25,False,150.25,-108.5,50.0564177877568,0.8740702127232993,40.107142857142854,3.7462154942119326,1.2480674069966078
2026-06-05,2026,SHORT,ORB_SHORT,A+,1,438.76,1,11:10,678.25,37.5,656.5,True,308.0,-1.25,153.28779194909293,0.7844468621342809,59.82142857142857,5.148656716417911,2.5624227907908073
2026-06-05,2026,SHORT,ORB_SHORT,A+,2,1048.02,1,13:00,400.0,55.5,378.25,True,586.25,-70.5,300.03785130785036,0.9733174301106972,59.82142857142857,9.8,5.015558111414812
2026-06-08,2026,LONG,ORB_LONG,A+,1,186.26,1,10:35,156.75,159.25,-157.25,True,60.25,-17.5,123.37662111102327,0.8864796070081953,56.892857142857146,1.059008160703076,2.168578399942656
2026-06-11,2026,LONG,PM_LONG,A+,1,378.32,1,13:25,289.0,16.75,275.25,True,332.0,-8.0,261.8692364358576,1.761760327157939,98.66071428571429,3.3650678733031674,2.6542402245082397
2026-06-11,2026,LONG,PM_LONG,A+,1,285.76,1,13:55,160.25,145.5,146.5,True,460.75,-88.25,334.6869018806101,0.8017701487124638,98.66071428571429,4.670045248868778,3.3923016299211155
2026-06-12,2026,LONG,PM_LONG,A+,1,355.52,1,10:50,160.0,191.0,64.25,True,104.0,-27.25,153.0647259313737,1.1938826722839957,87.53571428571429,1.1880864953080374,1.7485974402604907
2026-06-15,2026,LONG,PM_LONG,A+,2,239.76,1,10:30,183.5,32.5,127.0,True,98.25,-68.5,16.687108428875945,0.8159373486194089,28.767857142857142,3.4152700186219738,0.580060876484825
2026-06-16,2026,SHORT,ORB_SHORT,A+,4,89.74,1,10:30,218.0,106.5,206.75,True,204.25,-17.25,170.86891535515315,1.386066707357588,58.089285714285715,3.5161389486627725,2.941487629845858
2026-06-23,2026,SHORT,VWAP_SHORT,A+,5,-44.24,1,11:05,219.25,119.25,123.25,True,-78.25,-180.0,73.4284098795506,0.7167831303255542,59.857142857142854,-1.3072792362768497,1.226727611352874
2026-06-24,2026,LONG,ORB_LONG,A+,2,-407.24,1,11:00,7.5,594.0,-546.75,False,147.5,-48.75,134.54023776721806,0.7791582370390596,67.28571428571429,2.192144373673036,1.9995364424002682
2026-06-26,2026,LONG,PM_LONG,A+,4,140.26,1,11:30,133.75,193.5,-80.25,True,219.75,-83.0,125.4081112703243,1.0402242103868893,65.375,3.361376673040153,1.9182885089150945
2026-06-26,2026,LONG,PM_LONG,A+,1,74.22,1,11:50,141.5,169.75,-56.5,True,196.0,-157.5,80.26183129206038,1.223951221061323,65.375,2.9980879541108987,1.2277144365898338
2026-06-29,2026,LONG,VWAP_LONG,A+,1,615.26,1,11:00,367.0,43.25,311.25,True,59.5,-137.5,113.92711405802402,0.7122078790556596,37.142857142857146,1.6019230769230768,3.0672684554083385
2026-06-30,2026,LONG,PM_LONG,A+,1,101.26,1,11:50,125.5,15.0,124.0,True,420.5,-3.0,147.77170265067616,0.7675565857190161,24.535714285714285,17.138282387190685,6.022718594205142
2026-07-02,2026,SHORT,ORB_SHORT,A+,3,213.56,2,10:30,574.5,83.25,490.0,True,172.75,-15.0,213.86799852222975,1.2164112459534022,65.14285714285714,2.6518640350877196,3.2830613808237024
2026-07-02,2026,SHORT,ORB_SHORT,A+,7,148.76,1,10:50,438.5,85.0,354.0,True,308.75,-36.25,284.95421373836143,0.7597477099028112,65.14285714285714,4.739583333333334,4.3742971407204605
2026-07-02,2026,SHORT,ORB_SHORT,A+,3,75.34,1,13:05,119.0,80.5,34.5,False,628.25,-60.0,400.19054667208184,0.8429569555902995,65.14285714285714,9.64418859649123,6.143275935755643
2026-07-07,2026,SHORT,ORB_SHORT,A+,2,145.26,1,10:00,233.25,137.5,108.5,True,149.75,-23.0,83.35969153918631,0.8227919767065675,48.94642857142857,3.059467347683327,1.7030801627852732
2026-07-07,2026,SHORT,ORB_SHORT,A+,1,76.68,1,10:25,93.25,277.5,-31.5,False,289.75,-43.5,162.28639789523004,0.7799399632611,48.94642857142857,5.9197373221452025,3.3155922225949954
2026-07-08,2026,SHORT,ORB_SHORT,A+,3,-407.24,1,11:20,28.0,395.75,-333.75,False,140.75,-6.0,210.86085265746442,0.7150087794392407,53.142857142857146,2.648521505376344,3.9678117435544378
2026-07-09,2026,LONG,PM_LONG,A+,1,4.760000000000002,2,13:05,51.25,37.0,-26.25,False,196.0,-6.75,116.66376592472079,1.0201941659277447,25.125,7.800995024875622,4.643333967153066
2026-07-10,2026,LONG,PM_LONG,A+,1,502.76,2,11:15,147.75,96.0,129.0,True,95.25,-38.5,44.867393303775316,0.9414938158057299,30.821428571428573,3.090382387022016,1.455720756090045
2026-07-14,2026,LONG,VWAP_LONG,A+,16,74.88,1,11:00,91.25,100.0,11.5,False,-6.5,-39.5,77.9917477478848,1.2271747163744695,41.17857142857143,-0.15784908933217692,1.8939886703736117
2026-07-15,2026,SHORT,ORB_SHORT,A+,5,37.86,1,10:45,242.25,103.5,-3.75,True,316.0,-102.5,129.43503000055716,0.8461544074190277,50.035714285714285,6.3154889364739475,2.586852847976874
2026-07-16,2026,SHORT,VWAP_SHORT,A+,1,148.26,1,11:15,215.5,76.5,207.75,True,73.25,-136.0,10.229856160400232,0.7126737574780632,45.660714285714285,1.604223699648025,0.22404065114681776
2026-07-16,2026,SHORT,ORB_SHORT,A+,1,226.76,2,13:40,67.75,60.25,60.0,False,221.0,-13.75,131.53153921463309,0.9715021260824689,45.660714285714285,4.840046929996089,2.880628156440928
2026-07-21,2026,LONG,PM_LONG,A+,13,76.0,1,10:45,137.25,46.5,81.75,True,5.0,-29.0,66.89305924172004,0.8834692234735273,26.107142857142858,0.19151846785225718,2.5622512431848987
2026-07-23,2026,SHORT,ORB_SHORT,A+,3,104.26,1,10:50,150.0,155.75,76.75,True,135.75,-3.75,153.08958387958046,0.7777654770575383,45.25,3.0,3.3831952238581318
2026-07-24,2026,SHORT,ORB_SHORT,A+,3,-407.24,1,10:40,67.5,343.5,65.5,False,252.75,-24.5,122.79766632811516,0.742618989248065,45.660714285714285,5.535393038717247,2.689350533584063
2026-07-27,2026,SHORT,ORB_SHORT,A+,14,205.92,2,10:50,121.75,130.25,-99.25,True,488.5,-163.0,172.56156247379477,1.0826049021234685,59.625,8.19287211740042,2.8941142553256984
2026-07-29,2026,SHORT,ORB_SHORT,A+,2,174.76,1,10:00,377.5,312.75,-118.25,True,127.75,-119.0,55.5707386315371,1.0637517199205015,70.07142857142857,1.823139653414883,0.7930584514184703
2026-07-29,2026,SHORT,ORB_SHORT,A+,7,211.76,2,10:25,164.0,526.25,-331.75,True,341.25,-34.5,200.19440556782865,1.040516421219817,70.07142857142857,4.870030581039756,2.8570047685520907
2026-07-30,2026,LONG,PM_LONG,A+,7,4.26,1,10:45,130.75,169.5,109.0,True,290.0,-80.75,90.70571173463759,0.7653484639458047,47.57142857142857,6.096096096096097,1.90672667310049
2026-08-03,2026,LONG,PM_LONG,A+,1,202.76,2,10:50,184.75,57.5,120.5,True,361.0,-18.75,215.14978519032593,1.0384406130986998,25.678571428571427,14.058414464534076,8.378572997676114
2026-08-04,2026,LONG,PM_LONG,A+,1,675.76,1,11:00,354.25,18.5,341.5,True,350.75,-4.5,112.11306497663827,0.7063889145070552,29.267857142857142,11.984136668700428,3.8305867228137545
2026-08-06,2026,LONG,PM_LONG,A+,1,-158.74,1,11:00,74.25,163.5,-75.75,False,277.0,-65.5,94.248807525546,0.7105893976904637,53.267857142857146,5.20013409319477,1.7693373186156807
2026-08-11,2026,SHORT,ORB_SHORT,A+,1,72.76,1,11:30,140.75,21.25,66.5,True,165.0,-42.5,60.56916975659624,0.7775426351562454,26.125,6.315789473684211,2.3184371198697127
2026-08-13,2026,LONG,PM_LONG,A+,13,-72.24,1,10:45,53.75,115.0,19.75,False,308.0,-48.5,91.60914503988897,0.8076083293034979,26.964285714285715,11.42251655629139,3.3974252465124386
