date,year,side,pnl,mover,win,es_atr,rty_atr,div_es,div_rty,es_confirm,rty_confirm,all_confirm,es_mom,rty_mom
2021-06-04,2021,LONG,-16.240000000000002,False,False,4.632352941176471,-1.6731707317071929,7.171194125672097,13.476717798555761,1.0,0.0,0.0,0.2058823529411765,0.853658536585366
2021-06-11,2021,SHORT,-39.24,False,False,3.7660818713450293,-0.5526315789474309,-2.618540887738472,1.700172562553988,1.0,0.0,0.0,0.736842105263158,1.657894736842153
2021-06-14,2021,LONG,-36.239999999999995,False,False,-6.906666666666667,-9.203703703704113,14.285977011494253,16.583014048531698,0.0,0.0,0.0,1.12,-0.9722222222222469
2021-06-17,2021,LONG,-46.74,False,False,0.5338983050847458,-4.839797639123125,10.61558623099773,15.9892821752056,1.0,0.0,0.0,-0.4745762711864407,-1.36930860033721
2021-06-21,2021,LONG,-23.74,False,False,16.82170542635659,12.22839506172844,-10.00591595267238,-5.412605588044229,1.0,1.0,1.0,2.2790697674418605,-0.475308641975268
2021-06-22,2021,LONG,61.260000000000005,True,True,1.0600858369098711,-1.833093525179817,0.706121059641853,3.599300421731541,1.0,0.0,0.0,1.0600858369098711,0.5424460431654882
2021-06-24,2021,LONG,-36.739999999999995,True,False,-0.35294117647058826,2.183486238531992,4.443685278103982,1.9072578631014019,0.0,1.0,0.0,-0.5882352941176471,1.54128440366963
2021-06-29,2021,LONG,9.26,False,True,1.7746478873239437,-0.7602996254681873,-0.5149667939298663,2.0199807188622647,1.0,0.0,0.0,0.7887323943661972,-0.07865168539318676
2021-07-01,2021,SHORT,-26.74,False,False,-0.5035971223021583,1.8867187499999478,2.988329946729639,0.5980140744275328,0.0,1.0,0.0,2.014388489208633,0.9570312499999609
2021-07-02,2021,LONG,17.26,True,True,5.033707865168539,-9.679012345679446,-1.3619650563698928,13.350755154478092,1.0,0.0,0.0,2.202247191011236,-0.4493827160493086
2021-07-09,2021,LONG,63.760000000000005,True,True,6.355828220858896,1.7278481012658804,-2.6926157856257356,1.9353643339672804,1.0,1.0,1.0,0.8588957055214724,-1.4620253164556907
2021-07-13,2021,LONG,-22.24,False,False,5.406896551724138,-3.9600665557404984,3.794577649750062,13.161540757214699,1.0,0.0,0.0,2.703448275862069,0.34941763727122044
2021-07-15,2021,SHORT,70.76,False,True,0.6144200626959248,1.3804780876494014,2.240534460999623,1.4744764360461466,1.0,1.0,1.0,1.0094043887147335,1.7848605577688685
2021-07-15,2021,SHORT,-72.24,False,False,4.814814814814815,5.155405405405504,3.5667641325536064,3.2261735419629174,1.0,1.0,1.0,1.5555555555555556,2.175675675675656
2021-07-16,2021,SHORT,-58.74,False,False,4.87741935483871,4.713745271122224,-1.4793611024115259,-1.3156870186950393,1.0,1.0,1.0,0.6774193548387097,0.4237074401008127
2021-07-19,2021,SHORT,-164.24,False,False,6.616714697406341,-0.25368063420157055,-3.785872840600676,3.084522491007235,1.0,0.0,0.0,-0.08069164265129683,0.14269535673840597
2021-07-20,2021,LONG,163.76,True,True,15.386138613861386,12.559566787003543,-6.083999576428232,-3.2574277495703896,1.0,1.0,1.0,-0.9702970297029703,-2.7039711191336386
2021-07-21,2021,LONG,-21.74,False,False,3.8324022346368714,2.505050505050458,0.49884776536312847,1.8261994949495417,1.0,1.0,1.0,0.7039106145251396,-1.0303030303031147
2021-07-21,2021,LONG,22.26,False,True,7.75,10.614925373134607,-0.8276545166402531,-3.6925798897748603,1.0,1.0,1.0,1.5,-0.6686567164180897
2021-07-22,2021,LONG,-83.24,False,False,0.7368421052631579,-3.4630021141649383,2.9248841371082457,7.124728356536342,1.0,0.0,0.0,0.5263157894736842,-0.680761099365741
2021-07-23,2021,LONG,93.26,True,True,0.9054726368159204,-2.8605405405405544,0.2305929369545715,3.9966061143110463,1.0,0.0,0.0,1.3233830845771144,1.574054054054068
2021-07-23,2021,LONG,5.76,False,True,10.85,-4.3448275862069545,1.0327977315689996,16.227625317775953,1.0,0.0,0.0,2.916666666666667,-0.6312997347479613
2021-07-27,2021,SHORT,26.76,True,True,3.440677966101695,3.7920410783055214,3.9337142543196983,3.582351142115872,1.0,1.0,1.0,0.672316384180791,0.5391527599486546
2021-07-27,2021,SHORT,-242.74,False,False,6.770909090909091,8.033557046980004,6.141114369501466,4.878466413430553,1.0,1.0,1.0,0.56,0.9630872483222419
2021-07-28,2021,LONG,30.26,False,True,-2.4,-2.09544468546643,2.5010309278350515,2.1964756133014816,0.0,0.0,0.0,-0.9,-1.1540130151843815
2021-07-29,2021,LONG,13.260000000000002,False,True,3.7382198952879584,1.4918032786885238,-0.05774652250689316,2.1886700940925414,1.0,1.0,1.0,0.9528795811518325,0.2950819672131474
2021-08-05,2021,LONG,-0.7400000000000002,False,False,2.763157894736842,3.974763406940058,0.03982400089681093,-1.171781511306405,1.0,1.0,1.0,1.9342105263157894,1.8328075709779557
2021-08-06,2021,SHORT,-42.74,False,False,-0.0,1.6926952141057368,1.7517378351539226,0.059042621048185806,0.0,1.0,0.0,1.4078212290502792,-0.3702770780856174
2021-08-16,2021,SHORT,-83.24,False,False,2.992063492063492,1.4903518728717324,1.018134086011715,2.5198457052034744,1.0,1.0,1.0,1.650793650793651,-0.47219069239498174
2021-08-17,2021,SHORT,-76.24,False,False,5.410169491525424,5.886925795052993,-1.3030805020834926,-1.7798368056110618,1.0,1.0,1.0,1.3288135593220338,0.7420494699646715
2021-08-19,2021,LONG,86.76,True,True,4.396135265700483,0.3492063492063878,-0.5182381486852203,3.528690767808875,1.0,1.0,1.0,1.3864734299516908,0.2698412698413095
2021-08-23,2021,LONG,72.26,True,True,11.846153846153845,3.2089887640449524,1.8707979423376013,10.507963024446493,1.0,1.0,1.0,0.5982905982905983,-0.0629213483145508
2021-08-24,2021,LONG,-35.239999999999995,False,False,1.1830985915492958,1.65863453815263,0.3515770236632323,-0.12395892294010191,1.0,1.0,1.0,-0.3943661971830986,1.2369477911646796
2021-08-25,2021,SHORT,1.2599999999999998,False,True,-0.35616438356164387,-2.512411347517643,1.0238792682576605,3.1801262322136594,0.0,0.0,0.0,-0.2671232876712329,-1.6826241134751119
2021-08-26,2021,SHORT,-69.74000000000001,False,False,2.8212927756653996,0.1269841269841568,-0.9202030858078973,1.7741055628733455,1.0,1.0,1.0,2.608365019011407,1.1904761904761991
2021-08-30,2021,LONG,-12.24,False,False,7.57037037037037,-4.770791075050832,3.2049105285060344,15.546071973927237,1.0,0.0,0.0,0.6222222222222222,-0.34077079107513325
2021-09-08,2021,SHORT,92.26,True,True,1.4872881355932204,3.322683706070268,1.8021399406632785,-0.03325562981376917,1.0,1.0,1.0,2.6991525423728815,2.6789137380191725
2021-09-20,2021,SHORT,189.26,True,True,0.1801980198019802,0.8934707903780097,0.8168893588387967,0.1036165882627671,1.0,1.0,1.0,0.20594059405940593,1.1615120274914228
2021-09-21,2021,LONG,-47.24,False,False,-0.717948717948718,-1.5650060753342037,1.2656071201525747,2.1126644775380603,0.0,0.0,0.0,1.1965811965811965,1.0546780072903794
2021-09-22,2021,LONG,-82.24,True,False,6.873873873873873,6.864516129032312,0.04852080461836561,0.05787854945992699,1.0,1.0,1.0,1.5765765765765765,0.0
2021-09-23,2021,LONG,-68.24000000000001,False,False,6.418461538461538,3.4597701149425957,-1.4569823396942034,1.501709083824739,1.0,1.0,1.0,0.30153846153846153,0.7509578544061882
2021-09-23,2021,LONG,-7.74,False,False,14.156424581005586,11.481707317072829,-6.794771308904553,-4.120054044971796,1.0,1.0,1.0,1.094972067039106,1.9634146341462375
2021-09-28,2021,SHORT,109.26,True,True,3.480225988700565,2.896091515729262,-0.32794833143375346,0.25618614153754926,1.0,1.0,1.0,-0.263653483992467,-0.5338417540514702
2021-09-29,2021,LONG,-44.24,False,False,1.2542372881355932,-0.6804374240583254,0.051303030021290885,1.9859777422152094,1.0,0.0,0.0,0.6779661016949152,0.9696233292830828
2021-09-30,2021,SHORT,-59.74,False,False,5.6821515892420535,4.818604651162816,-3.0228378637518576,-2.15929092567262,1.0,1.0,1.0,3.2860635696821516,3.147286821705404
2021-10-01,2021,SHORT,-407.24,False,False,2.7689463955637708,2.0766902119071595,0.5532045664490561,1.2454607501056674,1.0,1.0,1.0,-0.9316081330868761,-0.8900100908173909
2021-10-04,2021,SHORT,102.26,False,True,4.5636672325976235,3.668372569089025,2.560635151978734,3.4559298154873326,1.0,1.0,1.0,0.8794567062818337,0.6878198567041555
2021-10-05,2021,LONG,43.76,False,True,6.9805013927576605,4.5031847133757426,0.1744087040611495,2.6517253834430674,1.0,1.0,1.0,2.33983286908078,1.6050955414012285
2021-10-05,2021,LONG,0.2599999999999998,False,True,12.516129032258064,1.2619718309858599,2.1386593864501773,13.39281658772238,1.0,1.0,1.0,1.5483870967741935,0.31549295774655467
2021-10-14,2021,LONG,36.26,True,True,7.1521739130434785,3.532710280373752,-0.5144116752812407,3.105051957388486,1.0,1.0,1.0,1.141304347826087,1.395638629283394
2021-10-15,2021,LONG,-54.74,False,False,1.5491803278688525,-0.636363636363631,-0.490253326989345,1.6952906372431387,1.0,0.0,0.0,1.1475409836065575,1.3745454545454663
2021-10-18,2021,LONG,44.26,True,True,16.404040404040405,8.749999999999766,0.0950488491472079,7.749089253187847,1.0,1.0,1.0,1.696969696969697,2.7794117647058547
2021-10-19,2021,LONG,15.760000000000002,False,True,2.4072398190045248,-2.1031390134528833,-0.10778428361432502,4.4025945488430835,1.0,0.0,0.0,1.1402714932126696,1.6322869955156578
2021-10-20,2021,SHORT,-28.24,True,False,-3.9487179487179485,-5.033232628399051,8.850735239784232,9.935249919465335,0.0,0.0,0.0,2.2735042735042734,2.83383685800609
2021-10-21,2021,LONG,-40.74,False,False,2.095808383233533,1.2426035502958401,4.547623252155208,5.4008280850929005,1.0,1.0,1.0,-0.25149700598802394,-2.5404339250493484
2021-10-22,2021,LONG,-195.24,False,False,1.966789667896679,0.6499999999999773,-1.4954336127842787,-0.178643944887577,1.0,1.0,1.0,0.38376383763837635,0.75
2021-10-27,2021,LONG,-54.24,False,False,1.3517241379310345,-6.588235294117736,9.305579232855482,17.245538664904252,1.0,0.0,0.0,2.027586206896552,0.9882352941176977
2021-11-02,2021,LONG,-42.74,False,False,5.89937106918239,-0.9150326797385581,0.6460834762721559,7.460487225193104,1.0,0.0,0.0,1.4968553459119496,0.594771241830146
2021-11-04,2021,LONG,0.2599999999999998,True,True,2.5301204819277108,-1.2745961820852523,3.948310890621309,7.753027554634272,1.0,0.0,0.0,-3.036144578313253,-2.343612334801831
2021-11-04,2021,LONG,17.26,True,True,2.090909090909091,-3.9653179190751247,7.427014271266434,13.483241281250649,1.0,0.0,0.0,0.2727272727272727,0.7283236994220218
2021-11-05,2021,LONG,-168.24,False,False,1.0963855421686746,3.614457831325222,0.3798049340218017,-2.1382673551347455,1.0,1.0,1.0,-0.08433734939759036,-0.7710843373493369
2021-11-10,2021,SHORT,183.26,True,True,1.2148760330578514,4.263374485596768,0.8119896385839396,-2.236508813954977,1.0,1.0,1.0,0.7520661157024794,1.757201646090512
2021-11-12,2021,LONG,185.76,True,True,-0.48484848484848486,-1.9215686274509785,1.2115660421003933,2.648286184702887,0.0,0.0,0.0,0.6666666666666666,-0.38888888888884265
2021-11-15,2021,SHORT,-83.24,False,False,5.507109004739337,7.995623632385204,0.6377941123626005,-1.8507205152832666,1.0,1.0,1.0,2.786729857819905,2.2363238512034487
2021-11-17,2021,LONG,29.76,True,True,-1.0577777777777777,-2.729805013927587,2.3225362750944143,3.9945635112442237,0.0,0.0,0.0,1.5555555555555554,1.3064066852368268
2021-11-18,2021,LONG,95.58,True,True,-2.347560975609756,-3.087008343265756,1.6413295216038215,2.3807768892598213,1.0,1.0,1.0,0.8963414634146342,1.4183551847437257
2021-11-19,2021,LONG,-36.239999999999995,False,False,1.2844036697247707,1.1536748329620674,2.048929663608563,2.179658500371266,1.0,1.0,1.0,0.6422018348623854,0.18708240534518095
2021-11-23,2021,SHORT,75.26,False,True,1.7647058823529411,1.6799999999999662,0.6900147342173866,0.7747206165703615,1.0,1.0,1.0,1.588235294117647,2.3261538461538094
2021-11-30,2021,SHORT,46.26,False,True,3.1943661971830983,3.2688679245282866,0.7242201076449231,0.6497183802997348,1.0,1.0,1.0,0.27605633802816903,0.5833333333333042
2021-12-01,2021,LONG,11.760000000000002,False,True,1.7420814479638007,0.11067193675885574,-1.254718548583734,0.37669096262121105,1.0,1.0,1.0,0.3167420814479638,-0.38735177865615233
2021-12-02,2021,SHORT,-813.24,False,False,-2.1288659793814433,-0.8586666666666922,1.908451390034815,0.6382520773200641,1.0,1.0,1.0,0.7216494845360825,0.6533333333333334
2021-12-03,2021,SHORT,153.76,False,True,4.3943990665110855,4.435382685068993,0.6312419591299401,0.5902583405720323,1.0,1.0,1.0,2.042007001166861,1.6072772898368588
2021-12-07,2021,LONG,-3.24,False,False,10.611872146118722,8.349999999999888,-1.7177544990598985,0.5441176470589362,1.0,1.0,1.0,0.8949771689497718,0.39999999999997077
2021-12-09,2021,SHORT,-6.24,True,False,1.1339563862928348,1.160714285714281,0.5111882418063387,0.4844303423848926,1.0,1.0,1.0,1.5389408099688473,1.436383928571436
2021-12-09,2021,SHORT,123.26,True,True,-0.1990521327014218,5.17256637168138,5.049534447813961,-0.32208405656883965,0.0,1.0,0.0,0.7962085308056872,1.517699115044282
2021-12-10,2021,SHORT,-206.24,False,False,3.552763819095478,5.239954075774961,-0.6829743906468315,-2.370164647326315,1.0,1.0,1.0,1.8291457286432162,1.9770378874856798
2021-12-13,2021,SHORT,15.760000000000002,False,True,4.3727034120734904,3.5611353711790366,-0.39390482550105244,0.41766321539340145,1.0,1.0,1.0,0.6981627296587927,1.3602620087336532
2021-12-22,2021,LONG,106.76,False,True,3.6538461538461537,1.0931677018633652,-1.1518989448457213,1.4087795071370672,1.0,1.0,1.0,2.269230769230769,1.0931677018633652
2021-12-23,2021,LONG,108.76,True,True,3.0033003300330035,0.38958990536279414,-0.40499303836633693,2.2087173863038725,1.0,1.0,1.0,0.5148514851485149,0.6356466876972346
2021-12-23,2021,LONG,4.26,False,True,14.721649484536082,10.159292035397918,-2.3699356246255014,2.192421824512662,1.0,1.0,1.0,1.5876288659793814,2.3539823008849834
2021-12-27,2021,LONG,-28.74,False,False,9.709677419354838,3.2684824902723966,-0.14301075268817165,6.29818417639427,1.0,1.0,1.0,1.4301075268817203,1.8249027237354958
2021-12-30,2021,LONG,21.76,False,True,0.8888888888888888,4.6020761245673505,1.6955380577427825,-2.017649177935679,1.0,1.0,1.0,-1.4074074074074074,-0.2664359861591404
2022-01-06,2022,SHORT,-813.24,False,False,1.205183585313175,1.5286839145106754,-0.6604467432079117,-0.9839470724054122,1.0,1.0,1.0,1.593952483801296,2.1867266591675927
2022-01-06,2022,LONG,17.76,False,True,1.0458404074702887,1.7869718309859026,1.5317028349806057,0.7905714114649918,1.0,1.0,1.0,0.28522920203735147,0.7764084507041862
2022-01-07,2022,SHORT,-80.74,False,False,2.493150684931507,1.8975903614457934,0.8636899356608763,1.45925025914659,1.0,1.0,1.0,1.5022831050228311,1.7710843373493945
2022-01-11,2022,LONG,169.26,True,True,0.21052631578947367,-0.4062176165802713,2.5415250577388884,3.1582689901086334,1.0,0.0,0.0,2.8684210526315788,2.4373056994818914
2022-01-14,2022,LONG,-131.24,False,False,2.7376425855513307,2.4588235294117085,0.24869923799979565,0.5275182941394179,1.0,1.0,1.0,0.8555133079847909,1.1764705882352877
2022-01-21,2022,SHORT,195.12,False,True,1.566218809980806,0.7692307692307673,-0.35447228756967775,0.44251575318036107,1.0,1.0,1.0,0.44529750479846447,0.24908424908425514
2022-01-21,2022,LONG,81.64,False,True,-0.03023758099352052,1.664062500000014,0.21048102668640442,-1.4838190543071301,0.0,1.0,0.0,2.146868250539957,2.3359375000000067
2022-01-24,2022,SHORT,182.96,True,True,1.5860995850622406,0.2363413136893792,-0.5498313368870582,0.7999269344858032,1.0,1.0,1.0,0.2396265560165975,-0.3781461019030006
2022-01-24,2022,SHORT,245.76,True,True,2.760162601626016,0.901287553648068,-0.49205782504666296,1.366817222931285,1.0,1.0,1.0,0.896341463414634,0.8412017167382124
2022-01-25,2022,SHORT,73.76,False,True,1.2982791586998088,2.2439974042829354,0.15584287204075942,-0.7898753735423671,1.0,1.0,1.0,1.2581261950286808,1.4808565866320516
2022-01-28,2022,LONG,383.76,True,True,0.10757409440175632,-1.4269972451790631,0.4799386998664115,2.014510039447231,1.0,0.0,0.0,1.3369923161361141,0.752066115702499
2022-01-28,2022,LONG,51.26,False,True,1.8951219512195123,-0.4509202453987807,0.6074276238513094,2.9534698204696026,1.0,0.0,0.0,0.9219512195121952,0.28987730061350364
2022-01-31,2022,LONG,80.76,True,True,3.6647834274952915,3.6663433559650938,0.5271065073345422,0.52554657886474,1.0,1.0,1.0,-0.0790960451977401,-0.5567410281280204
2022-02-01,2022,LONG,-65.24000000000001,False,False,-0.25742574257425743,1.0233609645817696,-0.7406646457134575,-2.0214513528694846,1.0,0.0,0.0,1.6633663366336633,1.4559155990957018
2022-02-02,2022,SHORT,138.26,False,True,0.5918699186991869,3.0289435600578756,0.838991804747707,-1.5980818366109817,1.0,1.0,1.0,-0.04552845528455284,1.1345875542691488
2022-02-09,2022,LONG,-1.2400000000000002,False,False,2.3333333333333335,2.423435419440749,-1.5455742020401448,-1.6356762881475602,1.0,1.0,1.0,0.2962962962962963,0.07456724367511691
2022-02-11,2022,SHORT,49.76,True,True,0.914572864321608,-1.3620862587763245,1.2494500853915207,3.526109208489453,1.0,0.0,0.0,1.0787269681742042,1.31995987963895
2022-02-14,2022,LONG,73.76,False,True,-0.5490196078431373,0.6390041493775933,2.890640531317467,1.7026167740967364,0.0,1.0,0.0,0.6666666666666666,0.8946058091286095
2022-02-15,2022,LONG,-104.24,False,False,2.203991130820399,2.7056179775280764,-0.34873440710401793,-0.8503612538116951,1.0,1.0,1.0,1.5831485587583147,2.0449438202247037
2022-02-15,2022,LONG,90.76,False,True,2.5498281786941583,6.904483430799122,-0.34335880498459215,-4.698014057089555,1.0,1.0,1.0,2.261168384879725,1.4736842105263224
2022-02-17,2022,SHORT,26.26,True,True,3.2140077821011674,3.350052246603949,0.16456364647026112,0.02851918196747949,1.0,1.0,1.0,0.10894941634241245,0.64367816091952
2022-02-17,2022,SHORT,111.26,True,True,5.885714285714286,5.572481572481473,1.0134857142857134,1.3267184275185269,1.0,1.0,1.0,0.7428571428571429,1.1695331695331148
2022-02-18,2022,SHORT,96.26,True,True,1.0892531876138434,0.029445073612690744,1.6111592608301009,2.6709673748312537,1.0,1.0,1.0,1.5391621129326047,1.5164212910532218
2022-02-22,2022,LONG,-407.24,False,False,1.6401062416998673,1.6449480642115337,1.0943765169208224,1.089534694409156,1.0,1.0,1.0,0.4316069057104914,0.9575070821529982
2022-02-23,2022,SHORT,6.76,True,True,5.8473895582329325,5.450381679389313,0.5193091905639884,0.9163170694076079,1.0,1.0,1.0,-0.39357429718875503,-0.7053435114503719
2022-02-23,2022,SHORT,576.02,True,True,8.795294117647058,7.353535353535354,1.0527058823529423,2.494464646464647,1.0,1.0,1.0,3.5576470588235294,3.912457912457939
2022-02-24,2022,LONG,120.76,True,True,3.018536585365854,3.2706816677696917,1.5932281205164984,1.3410830381126608,1.0,1.0,1.0,0.56,0.9543348775645246
2022-02-24,2022,LONG,-81.24,True,False,4.108695652173913,4.276875483372019,1.8513851967396793,1.683205365541573,1.0,1.0,1.0,-0.30434782608695654,-0.7904098994586215
2022-02-24,2022,LONG,448.76,True,True,6.251830161054173,7.300613496932519,4.1109638517754785,3.062180515897132,1.0,1.0,1.0,0.6969253294289898,1.159509202454008
2022-02-25,2022,LONG,85.46,True,True,1.3031784841075795,-0.24528301886790346,-1.4289849357204827,0.11947656725500022,0.0,1.0,0.0,0.9535452322738387,0.8027444253859374
2022-02-25,2022,LONG,-43.239999999999995,False,False,9.422434367541767,6.78232405891982,-5.974673173511916,-3.3345628648899694,1.0,1.0,1.0,-0.3341288782816229,-0.36661211129294075
2022-02-28,2022,LONG,188.36,False,True,2.3695345557122707,3.979838709677415,0.05777821961812579,-1.5525259343470186,1.0,1.0,1.0,2.0338504936530324,2.3286290322580583
2022-02-28,2022,LONG,-253.74,False,False,3.257692307692307,4.544502617801033,0.07850635515392002,-1.2083039549548058,1.0,1.0,1.0,1.9923076923076921,2.4921465968586194
2022-03-01,2022,LONG,-407.24,False,False,-0.6981132075471698,-1.0811359026369187,1.6097244273775677,1.9927471224673168,0.0,0.0,0.0,-0.05660377358490566,0.29006085192695263
2022-03-02,2022,LONG,99.64,True,True,1.8275449101796406,2.303370786516868,-1.2834272631208172,-1.7592531394580448,1.0,1.0,1.0,2.229940119760479,1.5730337078651782
2022-03-04,2022,SHORT,84.78,False,True,1.5183098591549296,1.1862068965517116,0.24455367552068563,0.5766566381239036,1.0,1.0,1.0,-0.5915492957746479,-0.30344827586207523
2022-03-04,2022,SHORT,84.12,True,True,0.5622489959839357,3.037147102525986,1.7992751675848373,-0.675622938957213,1.0,1.0,1.0,0.9277108433734941,0.8528974739970098
2022-03-08,2022,LONG,-407.24,True,False,-0.04929577464788733,2.292134831460686,0.7093272047159859,-1.6321034013925875,0.0,1.0,0.0,2.300469483568075,2.6853932584269784
2022-03-08,2022,LONG,-407.24,False,False,2.9293966623876764,4.627006610009419,0.860196741081189,-0.8374132065405533,1.0,1.0,1.0,-1.9768934531450577,-1.7318224740321149
2022-03-09,2022,LONG,36.76,False,True,0.7314949201741654,2.8455284552845503,-0.016846854226162833,-2.1308803893365478,1.0,1.0,1.0,0.20319303338171263,1.081300813008116
2022-03-09,2022,LONG,94.76,True,True,3.3029490616621984,5.786290322580629,-0.8328435516973682,-3.316184812615799,1.0,1.0,1.0,-1.7265415549597856,-1.3548387096774028
2022-03-10,2022,SHORT,15.760000000000002,False,True,0.14064914992272026,-0.0,1.3535556150483035,1.4942047649710237,1.0,0.0,0.0,1.3261205564142196,1.4655532359081365
2022-03-11,2022,SHORT,107.26,True,True,3.1451292246520874,3.7400722021660973,2.6942661461556594,2.0993231686416496,1.0,1.0,1.0,0.8071570576540755,0.050541516245480034
2022-03-15,2022,LONG,-68.24000000000001,False,False,3.7783132530120485,1.1648351648352124,1.037802449467291,3.6512805376441273,1.0,1.0,1.0,-1.349397590361446,-1.428571428571438
2022-03-16,2022,LONG,-57.74,False,False,4.0267686424474185,5.328981723237604,1.1957421800634043,-0.106470900726781,1.0,1.0,1.0,3.1567877629063097,2.7832898172323866
2022-03-17,2022,LONG,80.74,True,True,8.762237762237763,13.163043478260695,-3.856254856254858,-8.25706057227779,1.0,1.0,1.0,0.4405594405594406,0.15217391304351024
2022-03-21,2022,LONG,105.26,True,True,0.11320754716981132,-2.0594679186228357,-1.3425848755359635,0.8300905902566835,0.0,1.0,0.0,1.0943396226415094,0.08763693270727416
2022-03-22,2022,LONG,-0.7400000000000002,False,False,6.974729241877257,1.6343612334802127,2.5973168676328298,7.9376848760298735,1.0,1.0,1.0,1.9711191335740073,1.5418502202642985
2022-03-23,2022,SHORT,-5.24,False,False,3.2833876221498373,3.958419958420072,-2.2553851330396943,-2.930417469309929,1.0,1.0,1.0,2.3257328990228014,2.444906444906476
2022-03-24,2022,LONG,39.26,True,True,3.382899628252788,1.2912621359223835,0.6297142470100012,2.721351739340406,1.0,1.0,1.0,0.0520446096654275,0.10194174757287668
2022-03-25,2022,LONG,-407.24,False,False,2.016304347826087,0.2670906200317614,-1.645068392769907,0.10414533502441836,1.0,1.0,1.0,2.092391304347826,1.9141494435612265
2022-03-29,2022,LONG,229.76,True,True,-1.4383561643835616,7.498850574712624,2.6340857017501094,-6.303121037346076,0.0,1.0,0.0,2.4452054794520546,2.285057471264461
2022-03-30,2022,SHORT,-85.24,False,False,2.160771704180064,1.8931552587645837,-0.8394405530616786,-0.5718241076461983,1.0,1.0,1.0,2.385852090032154,1.0751252086811125
2022-04-01,2022,SHORT,159.76,False,True,4.2875,-0.3832528180353919,-0.7696731748726648,3.901079643162727,1.0,0.0,0.0,1.6624999999999999,1.893719806763336
2022-04-04,2022,LONG,122.76,False,True,3.5,-1.0402476780185328,3.253855644663788,7.794103322682321,1.0,0.0,0.0,0.5454545454545454,0.6718266253870862
2022-04-06,2022,SHORT,-3.24,False,False,2.010840108401084,1.4000000000000188,1.361887164326189,1.9727272727272542,1.0,1.0,1.0,-0.6449864498644986,-1.9000000000000201
2022-04-07,2022,SHORT,76.92,False,True,1.015267175572519,3.1455180442374746,-0.681504288974581,-2.8117551576395363,1.0,1.0,1.0,1.49618320610687,1.271245634458664
2022-04-14,2022,SHORT,73.26,True,True,4.092307692307692,3.684210526315798,2.2818644931227725,2.6899616591146667,1.0,1.0,1.0,0.9333333333333333,1.11714770797964
2022-04-18,2022,LONG,-17.740000000000002,True,False,3.2411575562700965,0.5210918114143926,-0.326952211685005,2.3931135331706987,1.0,1.0,1.0,2.565916398713826,2.744416873449166
2022-04-19,2022,LONG,30.76,True,True,9.777777777777779,9.878787878787863,0.16783744995845495,0.06682734894837061,1.0,1.0,1.0,0.4,-0.030303030303002566
2022-04-19,2022,LONG,75.76,False,True,14.75,19.05431309904176,1.7230964467005059,-2.5812166523412543,1.0,1.0,1.0,2.5,2.0575079872205264
2022-04-22,2022,SHORT,154.76,True,True,2.952614379084967,1.7435294117647337,-1.3671508743113299,-0.15806590699109657,1.0,1.0,1.0,1.8055555555555554,2.3705882352941368
2022-04-25,2022,LONG,-407.24,False,False,0.268733850129199,0.5260791366906483,2.03654112181244,1.7791958352509907,1.0,1.0,1.0,1.9483204134366925,1.741906474820131
2022-04-26,2022,SHORT,-72.74,False,False,6.098159509202453,4.886981402002828,1.9777025597630633,3.188880666962689,1.0,1.0,1.0,0.5153374233128835,0.5007153075822598
2022-04-27,2022,LONG,295.76,False,True,1.0132689987937273,0.1760154738878084,0.16244159552151816,0.9996951204274371,1.0,1.0,1.0,0.827503015681544,1.1102514506769594
2022-04-28,2022,SHORT,-407.24,False,False,2.7945205479452055,5.226909920182431,-0.6174307646634718,-3.049820136900697,1.0,1.0,1.0,0.273972602739726,1.1220068415051339
2022-05-02,2022,SHORT,121.76,False,True,2.3333333333333335,1.3349633251833632,-1.8014837554361731,-0.8031137472862029,1.0,1.0,1.0,1.0208333333333333,2.2249388753056185
2022-05-03,2022,LONG,-168.24,False,False,2.0027510316368637,1.5774647887323876,-1.1071142391840336,-0.6818279962795574,1.0,1.0,1.0,2.387895460797799,2.1558685446009416
2022-05-04,2022,LONG,92.88,True,True,1.6426666666666667,-2.8333333333333663,-1.2283729759910664,3.2476270240089664,1.0,0.0,0.0,0.8213333333333334,0.5555555555555596
2022-05-05,2022,SHORT,91.3,True,True,7.087719298245614,7.735776277724195,0.8409216359094298,0.1928646564308485,1.0,1.0,1.0,1.0350877192982457,1.714561234329803
2022-05-06,2022,LONG,-65.24000000000001,False,False,0.6636851520572451,-1.0507505360972083,0.22393088586493537,1.9383665740193887,1.0,0.0,0.0,1.5277280858676208,1.2208720514653322
2022-05-09,2022,SHORT,-60.24,False,False,2.2884615384615383,3.4134697357203723,-0.04077207450590059,-1.1657802717647345,1.0,1.0,1.0,1.8247863247863247,2.3393009377664056
2022-05-11,2022,SHORT,-29.74,False,False,1.7291666666666667,3.638830897703547,1.4779518490470782,-0.4317123819898021,1.0,1.0,1.0,2.0416666666666665,2.2505219206680622
2022-05-12,2022,LONG,-407.24,False,False,1.9714795008912658,3.1141552511415567,0.8854310682144253,-0.2572446820358656,1.0,1.0,1.0,0.661319073083779,0.7214611872146183
2022-05-12,2022,SHORT,215.26,True,True,-0.26133333333333336,-2.4879518072289186,-1.098518655565834,1.1280998183297513,1.0,1.0,1.0,1.1573333333333333,1.3634538152610487
2022-05-18,2022,SHORT,257.26,True,True,4.955223880597015,1.2090909090908977,-1.779483670472851,1.9666493010332664,1.0,1.0,1.0,1.2537313432835822,1.1613636363636322
2022-05-18,2022,SHORT,432.76,True,True,10.584615384615384,6.6405405405405435,-0.5099219620958753,3.4341528819789655,1.0,1.0,1.0,1.0461538461538462,1.1162162162162368
2022-05-19,2022,LONG,135.26,False,True,0.9639546858908342,1.4250353606789288,0.15257124897044438,-0.3085094258176502,1.0,1.0,1.0,0.4552008238928939,0.5424328147100312
2022-05-24,2022,SHORT,-72.74,False,False,3.069767441860465,4.168878166465632,0.4047223540579026,-0.6943883705472644,1.0,1.0,1.0,0.9016100178890876,0.28950542822677816
2022-05-24,2022,SHORT,-67.24000000000001,False,False,4.120857699805068,6.928675400291093,0.7434892492620024,-2.0643284512240223,1.0,1.0,1.0,0.7095516569200779,0.6928675400290815
2022-05-25,2022,LONG,-77.74,False,False,3.995319812792512,5.58823529411767,-0.5206654349123272,-2.1135809162374852,1.0,1.0,1.0,2.433697347893916,2.705882352941201
2022-05-26,2022,LONG,197.36,True,True,9.359550561797754,6.784029038112545,-0.3569825083822433,2.218539015302965,1.0,1.0,1.0,1.6123595505617978,0.12704174228675158
2022-05-27,2022,LONG,40.26,True,True,5.189054726368159,4.465949820788541,-0.3411080005080036,0.3819969050716141,1.0,1.0,1.0,-0.6268656716417911,-0.12544802867383573
2022-05-31,2022,LONG,-43.74,False,False,0.8082474226804123,-1.5943837753510064,-0.2590948803075309,2.1435363177238878,1.0,0.0,0.0,3.0020618556701026,2.8829953198128067
2022-05-31,2022,LONG,-132.74,False,False,2.606060606060606,-1.3587521663777933,-0.8707172224760165,3.0940955499623826,1.0,0.0,0.0,2.090909090909091,1.6013864818024581
2022-06-03,2022,SHORT,55.26,False,True,0.9371584699453552,0.533188248095757,0.717793606731961,1.1217638285815592,1.0,1.0,1.0,1.510928961748634,1.2491838955386032
2022-06-08,2022,LONG,-254.74,False,False,1.1947483588621444,0.10954616588419468,0.7634397944479601,1.8486419874259097,1.0,1.0,1.0,0.24507658643326036,0.5258215962441544
2022-06-09,2022,LONG,-22.24,False,False,0.6724890829694323,-0.7940298507462565,1.1641047029914422,2.630623636707131,1.0,0.0,0.0,1.1921397379912664,1.170149253731368
2022-06-10,2022,SHORT,41.76,False,True,3.0683229813664594,2.6238532110091866,-0.1820584464827384,0.2624113238745345,1.0,1.0,1.0,-0.020186335403726708,0.7155963302752204
2022-06-13,2022,SHORT,-57.24,False,False,4.033898305084746,7.523545706371201,-0.7917186885358056,-4.281366089822261,1.0,1.0,1.0,-0.1318267419962335,0.07756232686982392
2022-06-20,2022,LONG,65.76,True,True,1.4639639639639639,1.3273273273273556,-0.4699376796150989,-0.3333010429784906,1.0,1.0,1.0,1.1711711711711712,1.2882882882882636
2022-06-21,2022,LONG,-80.74,False,False,7.938697318007663,4.986301369862983,-0.3135746487240523,2.638821299420628,1.0,1.0,1.0,0.5900383141762452,0.3068493150684738
2022-06-22,2022,LONG,-71.24,False,False,8.21875,5.6044657097288635,-1.2796195652173905,1.334664725053746,1.0,1.0,1.0,1.28125,1.451355661881982
2022-06-23,2022,LONG,-73.24,False,False,-0.33484848484848484,-0.026748971193421834,0.24073858027461187,-0.06736093338045115,1.0,1.0,1.0,0.2363636363636364,0.38786008230454055
2022-06-28,2022,SHORT,224.76,True,True,6.659619450317125,5.56725146198825,0.7788254740889231,1.8711934624177982,1.0,1.0,1.0,3.5813953488372094,3.1315789473684226
2022-06-29,2022,LONG,-33.739999999999995,False,False,0.05357142857142857,-2.4403914590747156,0.31068760007116175,2.8046504877173057,1.0,0.0,0.0,0.0,-0.4048042704626323
2022-07-07,2022,LONG,69.76,True,True,3.316804407713499,5.775280898876419,1.2616454977685425,-1.1968309933943777,1.0,1.0,1.0,1.2727272727272727,1.9325842696629534
2022-07-13,2022,LONG,-62.74,False,False,2.968674698795181,3.3147256977863178,0.7677873950676348,0.42173639607649793,1.0,1.0,1.0,2.698795180722892,3.503368623676609
2022-07-13,2022,LONG,-49.24,False,False,9.119592875318066,7.6039215686273955,2.0485250081380624,3.564196314828733,1.0,1.0,1.0,1.6743002544529262,1.125490196078459
2022-07-19,2022,LONG,68.76,True,True,14.069999999999999,19.250000000000263,-2.619999999999999,-7.800000000000264,1.0,1.0,1.0,2.31,1.5312499999999942
2022-07-20,2022,LONG,164.96,True,True,2.4061696658097684,3.20729927007301,1.1903122105228539,0.3891826062596122,1.0,1.0,1.0,2.9408740359897174,1.9737226277372435
2022-07-21,2022,LONG,87.26,True,True,2.168141592920354,0.8161434977578261,-0.5067242700857084,0.8452738250768195,1.0,1.0,1.0,1.5486725663716814,0.8161434977578261
2022-07-22,2022,SHORT,94.26,True,True,3.6594724220623505,4.681318681318668,0.5760605728615076,-0.4457856863948102,1.0,1.0,1.0,2.3165467625899283,0.549450549450549
2022-07-26,2022,SHORT,-18.74,True,False,5.10948905109489,1.9835728952772318,1.0420261004202613,4.16794225623792,1.0,1.0,1.0,1.4306569343065692,0.31622176591379664
2022-07-27,2022,LONG,44.26,True,True,4.421052631578948,2.1920668058455073,1.3875748194014443,3.616560645134885,1.0,1.0,1.0,1.3157894736842106,0.9645093945720099
2022-07-28,2022,LONG,102.76,True,True,7.7368421052631575,3.7386363636364672,-2.3920767623028683,1.606128979323822,1.0,1.0,1.0,2.1578947368421053,1.153409090909148
2022-07-29,2022,LONG,-60.74,False,False,2.9545454545454546,0.41935483870966805,-0.8026467203682395,1.732543895467547,1.0,1.0,1.0,0.29545454545454547,-0.41935483870966805
2022-08-03,2022,LONG,261.76,True,True,1.7175925925925926,-0.559201141226854,2.4816956636351657,4.758489397454612,1.0,0.0,0.0,1.1018518518518519,0.1797432239657356
2022-08-09,2022,SHORT,9.76,False,True,3.0292397660818717,4.813153961136034,0.5375905667059082,-1.2463236283482537,1.0,1.0,1.0,2.2514619883040936,1.171898355754889
2022-08-10,2022,LONG,-121.24,False,False,1.6541786743515852,3.8366606170599167,-0.7627630973191803,-2.945245040027512,1.0,1.0,1.0,2.5821325648414986,2.0072595281306898
2022-08-10,2022,LONG,-31.74,False,False,1.8349514563106797,10.04098360655762,0.009175876290857143,-8.196856273956083,1.0,1.0,1.0,1.087378640776699,1.0901639344261775
2022-08-11,2022,LONG,-407.24,False,False,2.2990353697749195,3.7637271214642376,-0.7230139364192596,-2.1877056881085775,1.0,1.0,1.0,0.6270096463022508,1.6222961730449215
2022-08-12,2022,LONG,84.26,True,True,1.1295843520782396,2.0749185667752204,0.16763083779517807,-0.7777033769018027,1.0,1.0,1.0,1.0953545232273838,1.8697068403908352
2022-08-15,2022,LONG,94.26,True,True,4.388059701492537,2.482474226804074,-0.6504053805048828,1.2551800941835802,1.0,1.0,1.0,2.611940298507463,2.2804123711339597
2022-08-16,2022,LONG,-179.74,True,False,10.373493975903614,5.657142857142779,-6.542819129277847,-1.8264680105170124,1.0,1.0,1.0,2.0240963855421685,2.057142857142805
2022-08-18,2022,LONG,72.26,False,True,-0.12537313432835823,0.48888888888890075,0.6279788089085552,0.01371678569129614,0.0,1.0,0.0,0.7522388059701492,1.0000000000000036
2022-08-18,2022,LONG,22.26,False,True,-0.7368421052631579,-0.8842105263158283,1.9839009287925697,2.13126934984524,0.0,0.0,0.0,0.21052631578947367,-0.03684210526320838
2022-08-19,2022,SHORT,-6.24,False,False,3.742138364779874,5.020872865275184,1.2894405825885467,0.01070608209323698,1.0,1.0,1.0,0.5283018867924528,0.6907020872865057
2022-08-19,2022,SHORT,20.76,False,True,6.150627615062761,9.570149253731511,2.7917807619005908,-0.6277408767681596,1.0,1.0,1.0,2.1673640167364017,2.0059701492537396
2022-08-22,2022,SHORT,-48.74,False,False,3.559077809798271,2.478190630048452,-0.17334695132959332,0.9075402284202254,1.0,1.0,1.0,1.8357348703170029,2.016155088853014
2022-08-22,2022,SHORT,71.26,True,True,7.11864406779661,6.072289156626481,1.2874694693212936,2.3338243804914223,1.0,1.0,1.0,1.4830508474576272,2.1506024096385277
2022-08-24,2022,LONG,-60.74,False,False,3.5323076923076924,6.465979381443385,0.28947448591012925,-2.6441972032255636,1.0,1.0,1.0,1.9815384615384615,2.02061855670105
2022-08-26,2022,SHORT,186.26,True,True,3.4416017797552834,3.696943972835323,-0.47546364484531267,-0.7308058379253524,1.0,1.0,1.0,3.4705228031145716,3.0016977928692823
2022-09-01,2022,SHORT,-46.74,False,False,2.970530451866405,5.257641921397414,0.36977373064310104,-1.917337738887908,1.0,1.0,1.0,0.9626719056974461,0.5094614264919939
2022-09-02,2022,LONG,-53.74,False,False,0.46907216494845366,-0.09420289855073062,0.09660928004333619,0.6598843435425205,1.0,0.0,0.0,2.56872852233677,2.7453416149068097
2022-09-06,2022,SHORT,-75.74,False,False,2.2268041237113403,3.606060606060611,0.5815948264198934,-0.7976616559293772,1.0,1.0,1.0,-0.7010309278350515,-0.2878787878787654
2022-09-06,2022,SHORT,-69.24000000000001,False,False,4.0557939914163095,6.176470588235299,0.25491829125334853,-1.8657583055656408,1.0,1.0,1.0,2.4935622317596566,2.3010380622837387
2022-09-07,2022,LONG,38.26,True,True,4.537313432835821,4.06951026856241,-1.5984100385799458,-1.130606874306535,1.0,1.0,1.0,2.1194029850746268,1.0173775671405771
2022-09-09,2022,LONG,-17.740000000000002,False,False,3.326133909287257,2.959999999999991,0.16884456990929975,0.5349784791965657,1.0,1.0,1.0,0.7861771058315336,-0.3800000000000182
2022-09-12,2022,LONG,26.76,False,True,3.5,0.7608695652173988,-0.6666666666666665,2.072463768115935,1.0,1.0,1.0,0.6232876712328766,0.4869565217391076
2022-09-21,2022,LONG,-407.24,True,False,2.367149758454106,1.9621212121212295,1.9776778277527907,2.382706374085667,1.0,1.0,1.0,2.0289855072463765,2.4393939393940034
2022-09-22,2022,SHORT,-44.24,False,False,2.1654676258992804,6.168224299065394,0.12884675537162238,-3.8739099177944913,1.0,1.0,1.0,1.158273381294964,1.5700934579439356
2022-09-23,2022,SHORT,77.26,True,True,4.169491525423729,4.5557206537890265,-1.5261902252541422,-1.9124193536194394,1.0,1.0,1.0,0.2033898305084746,0.16641901931653125
2022-09-29,2022,SHORT,-48.74,False,False,9.452991452991453,10.018957345971621,1.4855560330420658,0.9195901400618975,1.0,1.0,1.0,1.1965811965811965,0.8625592417061346
2022-10-03,2022,LONG,183.76,True,True,7.266862170087976,4.536779324055575,-0.7828878111136168,1.947195034918784,1.0,1.0,1.0,1.9296187683284458,1.2803180914512449
2022-10-04,2022,LONG,-102.24,False,False,5.633333333333334,5.768621236133152,-0.6569065343258895,-0.7921944371257075,1.0,1.0,1.0,-0.06666666666666667,0.4437400950871655
2022-10-04,2022,LONG,-2.24,False,False,6.098630136986301,6.574423480083847,-2.1879564049651057,-2.663749748062651,1.0,1.0,1.0,1.4575342465753425,1.0272536687630969
2022-10-05,2022,SHORT,-813.24,False,False,2.119565217391304,3.1529850746268617,0.6832448601280756,-0.3501749971074819,1.0,1.0,1.0,0.9420289855072465,1.0833333333333395
2022-10-05,2022,LONG,22.76,True,True,5.381720430107527,2.370967741935525,-0.6780434293865465,2.3327092587854557,1.0,1.0,1.0,1.7311827956989245,1.6935483870967851
2022-10-07,2022,SHORT,112.76,True,True,4.807424593967518,3.8865030674846404,0.4480959107643434,1.369017437247221,1.0,1.0,1.0,1.7215777262180976,1.7177914110429437
2022-10-07,2022,SHORT,39.26,False,True,11.46376811594203,10.85,0.7914247623962503,1.4051928783382799,1.0,1.0,1.0,1.572463768115942,1.329999999999984
2022-10-10,2022,SHORT,-21.24,False,False,3.3878205128205128,2.3265700483091902,0.046979328638068196,1.1082297931493907,1.0,1.0,1.0,0.9423076923076924,0.8251207729468802
2022-10-10,2022,SHORT,-434.24,False,False,9.076452599388379,6.165957446808465,0.10583019447874165,3.0163253470586557,1.0,1.0,1.0,0.42813455657492355,0.0893617021277129
2022-10-11,2022,LONG,2.76,False,True,3.228682170542636,4.03656821378337,-1.5427476811399385,-2.350633724380672,1.0,1.0,1.0,2.224806201550388,2.421940928270013
2022-10-13,2022,LONG,156.26,True,True,6.573476702508961,5.953446732318708,-0.34187771773738707,0.27815225245286523,1.0,1.0,1.0,3.5459976105137394,3.7600716204118156
2022-10-13,2022,LONG,-34.239999999999995,False,False,18.207939508506616,16.000000000000014,-1.4581959187630247,0.7497435897435771,1.0,1.0,1.0,3.175803402646503,2.8247422680412524
2022-10-19,2022,SHORT,-164.24,False,False,3.9661016949152543,7.283088235294094,-2.086907064042771,-5.403893604421611,1.0,1.0,1.0,2.135593220338983,1.672794117647056
2022-10-25,2022,LONG,11.760000000000002,False,True,6.7560321715817695,9.93125000000002,-1.0492603109637546,-4.224478139382005,1.0,1.0,1.0,1.8391420911528151,1.7718750000000298
2022-10-25,2022,LONG,91.76,False,True,9.863636363636363,13.505518763796735,-2.4829912023460405,-6.124873602506412,1.0,1.0,1.0,0.7954545454545454,-0.24724061810152773
2022-10-31,2022,LONG,97.76,False,True,0.9309462915601023,2.690553745928334,-1.9612884477899282,-3.7208959021581602,0.0,0.0,0.0,-0.46547314578005117,-0.2280130293159614
2022-11-03,2022,SHORT,-81.74,False,False,0.37525773195876283,-2.0185185185185257,1.4519975463521775,3.845773796829466,1.0,0.0,0.0,1.5298969072164947,0.9814814814814683
2022-11-04,2022,LONG,-407.24,False,False,-0.061135371179039305,0.5679824561403548,-0.9552347355825265,-1.5843525629019206,1.0,0.0,0.0,-0.6317321688500728,-0.27631578947367574
2022-11-08,2022,LONG,152.26,True,True,1.6492537313432836,0.12280701754386626,-0.6620957190596432,0.8643509947397742,1.0,1.0,1.0,1.7462686567164178,1.0701754385964635
2022-11-08,2022,LONG,-407.24,False,False,7.024561403508772,4.986301369863089,-1.1873903508771928,0.8508696827684901,1.0,1.0,1.0,1.2771929824561403,0.958904109589047
2022-11-10,2022,LONG,-39.24,True,False,3.747609942638624,5.6730769230768905,-0.37299377068366013,-2.298460751121927,1.0,1.0,1.0,1.9808795411089868,0.6923076923077146
2022-11-15,2022,LONG,-813.24,False,False,0.50199203187251,2.2568807339449473,0.11172637967983656,-1.6431623223926008,1.0,1.0,1.0,1.561752988047809,1.3211009174312018
2022-11-16,2022,SHORT,14.760000000000002,False,True,2.409090909090909,8.202643171806276,0.4402680652680653,-5.3532841974473016,1.0,1.0,1.0,1.9545454545454546,2.343612334801823
2022-11-22,2022,LONG,34.76,True,True,1.4566473988439306,0.3245033112582975,-0.5838514290706308,0.5482926585150023,1.0,1.0,1.0,1.0115606936416184,-0.13907284768209738
2022-11-22,2022,LONG,36.76,True,True,4.071428571428571,-0.4590163934426195,0.16995073891625623,4.700395703787447,1.0,0.0,0.0,0.8571428571428571,1.3770491803278586
2022-11-23,2022,LONG,4.76,False,True,4.989090909090909,3.826086956521702,0.8226737967914435,1.9856777493606508,1.0,1.0,1.0,-0.3054545454545455,0.43478260869564644
2022-11-29,2022,SHORT,-67.74000000000001,False,False,2.1974683544303795,-1.716981132075479,1.3255993507823227,5.240048837288182,1.0,0.0,0.0,3.4379746835443035,2.007547169811305
2022-12-06,2022,SHORT,50.76,True,True,7.262247838616715,5.040000000000026,0.48737508747680014,2.7096229260934894,1.0,1.0,1.0,1.0893371757925072,0.9418181818181895
2022-12-06,2022,SHORT,85.26,True,True,11.713333333333335,9.583892617449697,0.41234972677595394,2.5417904426595914,1.0,1.0,1.0,2.4266666666666667,2.4116331096196983
2022-12-07,2022,SHORT,-153.24,False,False,0.20934579439252335,-0.6278026905829609,0.7911338219144312,1.6282823068899153,1.0,0.0,0.0,2.485981308411215,2.1345291479820765
2022-12-12,2022,LONG,-18.74,True,False,2.576388888888889,3.5653650254669147,-1.633441186828667,-2.622417323406693,1.0,1.0,1.0,1.6041666666666665,1.3548387096774384
2022-12-14,2022,LONG,-77.74,False,False,6.06993006993007,4.148148148148201,-0.8444965439185097,1.077285377863359,1.0,1.0,1.0,1.7622377622377623,1.9012345679012208
2022-12-14,2022,LONG,-407.24,False,False,8.697872340425532,5.9999999999999245,-1.2568154298564265,1.4410569105691806,1.0,1.0,1.0,2.9787234042553195,1.6744186046510876
2022-12-15,2022,SHORT,205.76,True,True,3.2014925373134324,1.5264516129032486,0.41215522987171527,2.087196154281899,1.0,1.0,1.0,-0.07276119402985075,-0.7883870967742012
2022-12-15,2022,SHORT,-67.74000000000001,False,False,10.552552552552553,8.15566037735862,2.003003003003002,4.399895178196935,1.0,1.0,1.0,1.933933933933934,2.0141509433962246
2022-12-19,2022,SHORT,59.260000000000005,True,True,1.4987834549878345,1.9882869692532983,1.5649730068157264,1.0754694925502626,1.0,1.0,1.0,0.3746958637469586,0.0409956076134792
2022-12-19,2022,SHORT,114.76,True,True,6.697841726618705,9.199999999999958,1.3441430062057211,-1.1580152671755322,1.0,1.0,1.0,2.1151079136690645,2.436363636363624
2022-12-21,2022,LONG,-15.74,False,False,3.6015831134564644,3.8037037037037087,-0.6476710019880829,-0.8497915922353272,1.0,1.0,1.0,1.6807387862796834,1.6129629629629807
2022-12-21,2022,LONG,-4.24,False,False,8.032786885245903,9.846666666666476,1.250150479764896,-0.5637293016556768,1.0,1.0,1.0,1.6065573770491806,0.27999999999995334
2022-12-22,2022,SHORT,169.26,True,True,6.6053412462908,5.612612612612659,1.9934241858079655,2.986152819486107,1.0,1.0,1.0,0.7477744807121661,0.7252252252252811
2022-12-28,2022,SHORT,95.26,True,True,1.6141176470588234,3.9220779220780173,-0.47876175441004865,-2.7867220294292423,1.0,1.0,1.0,0.7247058823529412,1.1948051948052485
2022-12-30,2022,SHORT,-36.239999999999995,False,False,3.762845849802371,0.6363636363636693,-2.587388368639831,0.5390938447988709,1.0,1.0,1.0,4.537549407114624,4.090909090909037
2023-01-11,2023,LONG,48.76,True,True,0.11470588235294119,1.2896825396825315,0.8332107843137255,-0.3417658730158648,1.0,1.0,1.0,-0.7264705882352941,-0.33531746031750514
2023-01-11,2023,LONG,-18.24,False,False,4.267379679144385,4.211382113821205,2.9379536541889486,2.9939512195121285,1.0,1.0,1.0,1.5721925133689838,0.682926829268321
2023-01-12,2023,LONG,-76.74,False,False,-0.05474452554744526,0.8761329305135908,0.16056463136755109,-0.7703128246934849,0.0,1.0,0.0,2.8284671532846715,3.1419939577039293
2023-01-12,2023,LONG,-129.24,False,False,2.303341902313625,5.651115618661224,0.47627424593256995,-2.8714994704150296,1.0,1.0,1.0,2.951156812339332,2.754563894523342
2023-01-13,2023,LONG,14.260000000000002,False,True,10.482758620689655,11.526666666666689,-1.355964362316449,-2.399872408293483,1.0,1.0,1.0,2.9655172413793105,2.8466666666666245
2023-01-17,2023,LONG,-69.24000000000001,False,False,1.094387755102041,0.05909090909090033,0.18614219881500982,1.2214390448261503,1.0,1.0,1.0,-0.5306122448979592,-0.6893939393939417
2023-01-19,2023,SHORT,36.76,False,True,0.7777777777777778,1.598225602027889,0.3538425683155627,-0.4666052559345486,1.0,1.0,1.0,1.1666666666666667,0.9391634980988658
2023-01-20,2023,LONG,95.26,True,True,0.9948979591836735,1.714099216710203,0.8836186648572473,0.16441740733071786,1.0,1.0,1.0,0.29846938775510207,0.23759791122716908
2023-01-20,2023,LONG,255.26,True,True,6.010471204188482,3.0490797546012516,2.627011695948317,5.588403145535548,1.0,1.0,1.0,0.07329842931937174,-0.6871165644171312
2023-01-23,2023,LONG,51.76,True,True,7.122093023255814,5.073394495412807,1.389741296270814,3.4384398241138205,1.0,1.0,1.0,2.645348837209302,1.7660550458715263
2023-01-23,2023,LONG,-46.24,False,False,11.846153846153845,11.543859649122899,4.456587512606584,4.75888170963753,1.0,1.0,1.0,1.017094017094017,1.3754385964912166
2023-01-24,2023,LONG,-62.74,False,False,4.537549407114624,5.36363636363639,-0.6084713929302268,-1.4345583494519927,1.0,1.0,1.0,1.1620553359683794,1.7272727272727217
2023-01-26,2023,LONG,36.76,False,True,-0.09427609427609428,-5.056603773584774,0.7045638013379949,5.666891480646674,0.0,0.0,0.0,1.791245791245791,1.5849056603773504
2023-01-27,2023,LONG,52.76,True,True,7.201923076923077,8.45185185185197,7.509941329856584,6.260012554927691,1.0,1.0,1.0,1.0769230769230769,0.9333333333333255
2023-01-30,2023,SHORT,-61.24,False,False,0.5230769230769231,-0.020028612303272107,1.8900188881893265,2.4331244235695215,1.0,0.0,0.0,2.1538461538461537,2.3233190271816593
2023-01-31,2023,LONG,24.76,False,True,2.0533333333333332,5.7253086419753325,0.3672935625210654,-3.304681746120934,1.0,1.0,1.0,0.031111111111111107,1.9444444444444524
2023-01-31,2023,LONG,-8.24,False,False,10.174418604651162,19.56557377049181,-0.941578766158564,-10.332733931999211,1.0,1.0,1.0,2.6046511627906974,2.696721311475426
2023-02-02,2023,LONG,-9.74,True,False,0.9064220183486239,2.314669652855546,1.460175058895635,0.05192742438871312,1.0,1.0,1.0,2.4091743119266056,2.343784994400905
2023-02-02,2023,LONG,-188.24,True,False,4.889705882352941,8.32167832167826,3.4212906812209427,-0.01068175810437566,1.0,1.0,1.0,0.8750000000000001,0.6853146853146506
2023-02-07,2023,LONG,256.76,True,True,3.111111111111111,-0.45621181262726407,0.5099580712788256,4.077280995017201,1.0,0.0,0.0,1.3548387096774195,1.0835030549898008
2023-02-07,2023,LONG,238.26,True,True,0.7378640776699029,-0.6518847006651599,0.04563448325110764,1.4353832615861704,1.0,0.0,0.0,-2.9902912621359223,-2.840354767184027
2023-02-08,2023,SHORT,64.26,False,True,1.2074592074592074,1.4475920679886567,1.7935308915506936,1.5533980310212443,1.0,1.0,1.0,1.0116550116550116,1.0906515580736522
2023-02-13,2023,LONG,-82.74,False,False,11.370165745856353,11.395348837209422,-0.8701657458563528,-0.895348837209422,1.0,1.0,1.0,1.160220994475138,2.2248062015504853
2023-02-14,2023,LONG,134.76,False,True,2.1690140845070425,3.487272727272753,1.9607288775492617,0.6424702347835511,1.0,1.0,1.0,3.0563380281690145,3.029090909090945
2023-02-15,2023,LONG,35.76,True,True,1.6307692307692307,4.178521617852177,-0.15708502024291504,-2.7048374073258614,1.0,1.0,1.0,1.3846153846153846,1.8940027894002867
2023-02-17,2023,SHORT,7.76,False,True,1.534675615212528,-0.18421052631580664,0.7231493184744746,2.4420354600028094,1.0,0.0,0.0,1.7539149888143177,1.8011695906432512
2023-02-24,2023,SHORT,-52.24,False,False,1.4103773584905661,0.8591022443890195,-0.2008887571350515,0.3503863569664951,1.0,1.0,1.0,0.5825471698113208,1.1670822942643089
2023-02-24,2023,SHORT,-129.24,False,False,0.7811158798283262,-0.04117647058819757,1.5438542515934184,2.366146602009942,1.0,0.0,0.0,-1.0815450643776825,-1.1117647058823643
2023-02-27,2023,LONG,-81.74,False,False,1.1575342465753427,1.0791505791505733,-0.4642009132420093,-0.38581724581724,1.0,1.0,1.0,-1.023972602739726,-1.2799227799227637
2023-02-28,2023,LONG,-107.74,False,False,5.123711340206185,8.47101449275349,2.2827402726970414,-1.0645628798502633,1.0,1.0,1.0,0.28865979381443296,0.6594202898550462
2023-03-01,2023,SHORT,-69.74000000000001,False,False,2.280701754385965,1.490647482014361,2.0634964203206847,2.8535506926922887,1.0,1.0,1.0,3.2280701754385963,3.0417266187050176
2023-03-03,2023,LONG,6.76,True,True,1.7467700258397931,-0.06270096463021507,0.8160409194338385,2.625511909903847,1.0,0.0,0.0,2.284237726098191,2.278135048231512
2023-03-03,2023,LONG,37.76,True,True,12.701986754966887,9.9627906976746,-0.8989098318899647,1.8402862254023216,1.0,1.0,1.0,3.615894039735099,2.279069767441909
2023-03-06,2023,LONG,-43.239999999999995,False,False,4.136363636363637,-1.5312499999999805,-0.0015018696744935056,5.666111766689124,1.0,0.0,0.0,0.9090909090909091,-0.6562500000000272
2023-03-07,2023,SHORT,31.76,True,True,3.111111111111111,1.7519379844961136,-1.320966676106863,0.03820645050813454,1.0,1.0,1.0,-0.4014336917562724,0.3410852713178006
2023-03-07,2023,SHORT,153.26,True,True,7.5953079178885625,4.707158351409965,-4.114053135945181,-1.2259035694665834,1.0,1.0,1.0,1.9296187683284458,1.548806941431638
2023-03-08,2023,LONG,29.26,False,True,1.2047413793103448,0.9804941482444673,-0.3321198148283152,-0.1078725837624378,1.0,1.0,1.0,1.1767241379310345,0.6931079323796997
2023-03-09,2023,LONG,-407.24,False,False,1.2892561983471074,-1.1088235294117597,1.55836284927194,3.956442577030807,1.0,0.0,0.0,-0.14325068870523416,-0.7264705882352879
2023-03-10,2023,SHORT,-27.24,True,False,5.330275229357798,9.630177514792912,-0.1969418960244642,-4.496844181459578,1.0,1.0,1.0,2.055045871559633,2.0295857988165613
2023-03-13,2023,LONG,74.66,False,True,3.506958250497018,2.5553206483439013,-0.12954160717956187,0.8220959949735547,1.0,1.0,1.0,1.0715705765407555,1.3417899929527803
2023-03-14,2023,LONG,31.76,False,True,2.185840707964602,0.09806034482759286,1.1816291715534706,3.2694095346904795,1.0,1.0,1.0,1.092920353982301,1.2747844827586436
2023-03-16,2023,LONG,653.02,True,True,2.398406374501992,0.9942726231385712,0.34766559711483547,1.7517993484782564,1.0,1.0,1.0,2.4820717131474104,2.5979381443298624
2023-03-16,2023,LONG,-57.24,False,False,13.336842105263159,12.16319999999999,-0.21981337365839337,0.9538287316047764,1.0,1.0,1.0,3.3526315789473684,4.256
2023-03-20,2023,LONG,-86.24,False,False,2.4847328244274807,3.142185663924803,-1.917258775984574,-2.5747116154818963,1.0,1.0,1.0,0.6145038167938931,0.0
2023-03-22,2023,LONG,-18.74,True,False,1.7898550724637683,-0.37463976945245026,0.7019055519941675,2.866400393910386,1.0,0.0,0.0,1.9311594202898552,-0.13112391930836612
2023-03-23,2023,LONG,-41.24,False,False,5.006060606060606,3.249999999999987,-0.03600947384731157,1.7200511322133072,1.0,1.0,1.0,-1.315151515151515,-1.5499999999999483
2023-03-28,2023,SHORT,-93.74,False,False,4.691099476439791,1.158273381295048,3.9528399174996034,7.485666012644346,1.0,1.0,1.0,2.0523560209424083,2.115107913669074
2023-03-29,2023,LONG,30.26,True,True,-1.5627906976744186,-2.550847457627089,1.9693734663094622,2.9574302262621326,0.0,0.0,0.0,1.4325581395348836,1.334745762711863
2023-03-29,2023,LONG,9.76,True,True,0.7909604519774012,-2.996491228070131,1.6856980246810755,5.473149704728607,1.0,0.0,0.0,1.265536723163842,0.39298245614044025
2023-03-30,2023,LONG,-22.74,False,False,-0.8830188679245283,-0.7905405405405109,1.603107494216995,1.5106291668329777,0.0,0.0,0.0,0.539622641509434,0.08783783783785673
2023-03-31,2023,LONG,92.26,True,True,3.106194690265487,2.953488372093017,0.663183300165135,0.815889618337605,1.0,1.0,1.0,1.1504424778761062,0.9534883720929966
2023-03-31,2023,LONG,67.76,True,True,9.272727272727273,7.277777777777644,2.879895938719468,4.874845433669098,1.0,1.0,1.0,0.9090909090909091,0.0
2023-04-03,2023,SHORT,-47.24,False,False,0.6363636363636365,4.9725609756097535,1.3412899949212798,-2.9949073443248375,1.0,1.0,1.0,2.251748251748252,2.9451219512195066
2023-04-05,2023,SHORT,160.76,True,True,0.855263157894737,1.0818553888130849,2.6369877646144886,2.4103955336961405,1.0,1.0,1.0,0.08552631578947369,-0.4788540245566265
2023-04-06,2023,LONG,239.76,True,True,0.05072463768115942,-1.091854419410753,1.273739516051287,2.416318573143199,1.0,0.0,0.0,0.3043478260869565,0.8006932409012629
2023-04-11,2023,SHORT,-17.240000000000002,False,False,1.975103734439834,-0.13207547169811376,1.3541645582430932,3.461343764381041,1.0,0.0,0.0,0.23236514522821575,1.6377358490566227
2023-04-12,2023,SHORT,-80.24,False,False,2.635294117647059,2.9269521410579635,0.3815408991879581,0.08988287577705334,1.0,1.0,1.0,2.108235294117647,1.163727959697759
2023-04-13,2023,LONG,86.76,True,True,9.108433734939759,7.700000000000108,1.1216068604594298,2.5300405953990808,1.0,1.0,1.0,1.855421686746988,0.8500000000000296
2023-04-20,2023,SHORT,-63.74,True,False,-2.5083333333333333,-2.3333333333333064,-0.04166666666666652,-0.21666666666669343,1.0,1.0,1.0,0.5833333333333334,1.0959595959595663
2023-04-21,2023,LONG,-79.74,False,False,-0.2359550561797753,-2.33333333333339,3.29050051072523,5.3878787878788446,0.0,0.0,0.0,2.202247191011236,1.9858156028369083
2023-04-25,2023,SHORT,93.26,True,True,4.281553398058253,3.971910112359665,-0.11639502701752935,0.19324825868105844,1.0,1.0,1.0,1.3592233009708738,1.9662921348314906
2023-04-25,2023,SHORT,15.260000000000002,False,True,7.850980392156862,8.184079601989994,-0.9198780299521374,-1.2529772397852694,1.0,1.0,1.0,0.4392156862745098,-0.034825870646813445
2023-04-27,2023,LONG,86.26,True,True,3.1004184100418413,0.0,-0.8590390996970134,2.241379310344828,1.0,0.0,0.0,1.5774058577405858,-0.26679104477615406
2023-04-28,2023,LONG,-82.24,False,False,5.506944444444445,4.511627906976777,-3.4376739949234425,-2.442357457455775,1.0,1.0,1.0,1.1736111111111112,0.3953488372093139
2023-04-28,2023,LONG,3.76,False,True,9.394736842105264,10.847682119205405,-6.221008028545942,-7.673953305646084,1.0,1.0,1.0,1.4122807017543861,0.5099337748345034
2023-05-01,2023,SHORT,-26.74,False,False,-1.7609561752988048,-3.204368174726984,2.035016670257558,3.4784286696857376,0.0,0.0,0.0,0.20717131474103587,-0.567862714508572
2023-05-04,2023,SHORT,-58.74,False,False,3.4777070063694264,2.903100775193816,-1.0139947391889512,-0.43938850801334084,1.0,1.0,1.0,1.6942675159235667,1.3565891472868241
2023-05-05,2023,LONG,-14.24,True,False,4.55,0.49812734082393345,2.977397260273973,7.029269919450039,1.0,1.0,1.0,-1.1083333333333334,-0.7602996254681873
2023-05-05,2023,LONG,108.26,True,True,7.4565217391304355,2.239999999999964,4.549412978970453,9.765934718100926,1.0,1.0,1.0,0.7608695652173914,0.11999999999998182
2023-05-08,2023,SHORT,-85.74,False,False,2.481327800829875,3.584717607973413,-0.30128664856650067,-1.4046764557100384,1.0,1.0,1.0,0.43153526970954353,0.496677740863779
2023-05-11,2023,SHORT,-54.74,False,False,2.127272727272727,1.5722713864306883,-0.25823358136525365,0.296767759476785,1.0,1.0,1.0,-0.20259740259740258,0.7477876106194433
2023-05-12,2023,SHORT,7.76,True,True,3.2851985559566788,2.200345423143337,0.21040777093260088,1.2952609037459428,1.0,1.0,1.0,1.1732851985559567,0.5388601036269626
2023-05-12,2023,SHORT,-55.24,False,False,10.328888888888889,9.646643109540651,-0.5238948341920988,0.15835094515613868,1.0,1.0,1.0,1.9911111111111108,2.02826855123682
2023-05-15,2023,LONG,15.760000000000002,True,True,-0.4780487804878049,4.396694214876046,1.018291338370936,-3.856451656992915,0.0,1.0,0.0,0.40975609756097564,0.5013774104682995
2023-05-15,2023,LONG,-33.239999999999995,False,False,3.356725146198831,13.322580645161269,1.05676458987155,-8.909090909090889,1.0,1.0,1.0,2.783625730994152,3.838709677419301
2023-05-17,2023,LONG,258.76,True,True,-1.9638009049773755,3.098958333333344,1.7727339074587651,-3.2900253308519547,1.0,0.0,0.0,-0.6968325791855203,1.5677083333333224
2023-05-18,2023,LONG,73.98,True,True,3.441860465116279,2.723636363636398,1.9455424684471376,2.6637665699270188,1.0,1.0,1.0,1.1627906976744187,0.6109090909090612
2023-05-18,2023,LONG,51.76,False,True,2.7667984189723316,0.30508474576274136,5.369474126117847,7.831187799327438,1.0,1.0,1.0,-0.4980237154150197,-1.1186440677965899
2023-05-19,2023,SHORT,44.26,True,True,1.0127659574468086,4.830985915492983,0.18309254125897212,-3.635127416787202,1.0,1.0,1.0,1.1319148936170214,0.13145539906106302
2023-05-22,2023,LONG,62.260000000000005,True,True,0.7368421052631579,7.0211480362538055,2.3467021985343104,-3.937603732456337,1.0,1.0,1.0,0.06698564593301436,-0.16918429003025157
2023-05-24,2023,SHORT,-10.24,False,False,3.475862068965517,3.2344013490724595,-0.97059891107078,-0.7291381911777224,1.0,1.0,1.0,-0.5310344827586206,-0.7790893760540034
2023-05-25,2023,LONG,95.76,True,True,-1.6862745098039216,-3.680532445923484,0.6171500858407879,2.61140802196035,1.0,1.0,1.0,1.7647058823529411,-0.23294509151414522
2023-05-31,2023,SHORT,-32.239999999999995,False,False,3.2155477031802118,3.6348074179742866,-2.0692062397655775,-2.4884659545596524,1.0,1.0,1.0,2.204946996466431,1.5763195435092643
2023-06-01,2023,LONG,317.26,True,True,1.7551020408163265,2.0748201438848763,0.24030025803424815,-0.07941784503430172,1.0,1.0,1.0,1.9183673469387754,2.2359712230215574
2023-06-02,2023,LONG,-37.739999999999995,False,False,4.2211055276381915,4.030303030303087,-2.737566432987986,-2.5467639356528817,1.0,1.0,1.0,2.1457286432160805,1.3905723905724205
2023-06-05,2023,LONG,79.76,True,True,-0.2492581602373887,-4.412005457025907,1.5255665451557905,5.688313841944309,0.0,0.0,0.0,0.29080118694362017,0.4201909959072395
2023-06-06,2023,LONG,-17.240000000000002,False,False,3.791666666666667,9.326440177252577,-1.9927839851024212,-7.527557495688331,1.0,1.0,1.0,1.925,1.8611521418020605
2023-06-07,2023,SHORT,12.760000000000002,False,True,4.933920704845814,-6.043165467625926,4.319253305609751,15.29633947808149,1.0,0.0,0.0,0.9867841409691629,0.6378896882493574
2023-06-12,2023,LONG,23.76,True,True,-0.6581196581196581,0.43045387994146167,1.394961763382816,0.3063882253216962,0.0,1.0,0.0,0.0,-0.9019033674963093
2023-06-12,2023,LONG,148.76,True,True,3.4054054054054053,2.2016129032258416,3.505422620072302,4.709215122251866,1.0,1.0,1.0,1.135135135135135,0.9032258064516833
2023-06-15,2023,LONG,96.76,True,True,3.98567335243553,1.5087440381557966,-1.4750913418535192,1.001837972426214,1.0,1.0,1.0,-0.335243553008596,-0.620031796502386
2023-06-15,2023,LONG,184.26,True,True,13.857868020304569,6.3,-3.9723718370984624,3.5854961832061063,1.0,1.0,1.0,2.487309644670051,3.0800000000000636
2023-06-21,2023,SHORT,-84.74,False,False,2.5652173913043477,0.07342657342656224,3.7115353762233276,6.203326194101113,1.0,1.0,1.0,-0.08695652173913043,-0.7832167832167938
2023-06-27,2023,LONG,290.26,True,True,3.189189189189189,4.482456140350791,-0.795551018215034,-2.0888179693766364,1.0,1.0,1.0,1.945945945945946,0.3684210526315183
2023-06-28,2023,LONG,46.76,False,True,1.4548736462093863,0.8495440729483199,2.0821821913540655,2.687511764615132,1.0,1.0,1.0,1.7833935018050542,0.11854103343463257
2023-06-29,2023,SHORT,-58.24,False,False,-1.4754601226993864,-4.655538694992405,2.575119821289566,5.755198393582585,0.0,0.0,0.0,-0.9171779141104295,-0.23672230652500256
2023-06-30,2023,LONG,-172.24,False,False,2.7450980392156863,-2.184000000000051,1.2073827434537758,6.136480782669513,1.0,0.0,0.0,-0.38431372549019605,-0.9520000000000254
2023-06-30,2023,LONG,-44.24,False,False,10.606060606060606,-0.12669683257921616,-1.2356313532784124,9.497126085361408,1.0,0.0,0.0,1.803030303030303,-0.5067873303167205
2023-07-07,2023,LONG,-115.24,False,False,12.397590361445783,14.606666666666534,-2.012515734580111,-4.221592039800862,1.0,1.0,1.0,-0.927710843373494,-1.1666666666666579
2023-07-10,2023,SHORT,-58.24,False,False,-0.46861924686192463,-8.504672897196315,2.328893219464664,10.364946869799054,0.0,0.0,0.0,0.05857740585774058,-0.5233644859812819
2023-07-11,2023,LONG,-84.24,False,False,2.756476683937824,-0.03309692671391828,-1.2441653257170138,1.5454082849347284,1.0,0.0,0.0,2.9740932642487046,-0.3309692671394838
2023-07-12,2023,LONG,-66.74000000000001,False,False,1.4918032786885245,-0.4382022471909889,0.5175644028103046,2.447569928689818,1.0,0.0,0.0,0.15983606557377047,1.2233146067415885
2023-07-13,2023,LONG,112.76,True,True,1.7127659574468084,1.4613778705636715,0.1803893013177993,0.43177738820093614,1.0,1.0,1.0,0.5957446808510638,-0.32150313152404764
2023-07-13,2023,LONG,35.76,True,True,3.1223021582733814,5.904347826086867,3.4877256968798225,0.705680029066337,1.0,1.0,1.0,0.7050359712230215,1.0347826086956593
2023-07-14,2023,LONG,-127.24,False,False,-0.2620967741935484,-5.245253164556996,3.694819452652171,8.67797584301562,0.0,0.0,0.0,-0.9959677419354839,-2.1803797468354853
2023-07-17,2023,LONG,84.76,True,True,1.9121951219512197,3.561208267090615,-1.0194130616849266,-2.6684262068243223,1.0,1.0,1.0,-0.20487804878048782,-0.48966613672496967
2023-07-18,2023,LONG,406.26,True,True,7.610738255033557,6.574209245742056,-7.764892409187712,-6.72836339989621,0.0,0.0,0.0,0.0,-0.4768856447688859
2023-07-19,2023,LONG,-13.24,False,False,2.654028436018957,0.024866785079906358,-1.6843314663219875,0.9448301846170634,1.0,1.0,1.0,-0.33175355450236965,-1.6163410301953833
2023-07-20,2023,SHORT,-130.24,True,False,2.3389121338912138,4.905660377358445,1.194772693290977,-1.3719755501762543,1.0,1.0,1.0,2.393305439330544,1.2877358490566289
2023-07-25,2023,LONG,43.76,True,True,9.258064516129032,7.16746411483238,-0.8772425983208141,1.213357802975838,1.0,1.0,1.0,1.9193548387096773,0.7368421052630778
2023-07-26,2023,SHORT,-46.74,False,False,1.240506329113924,-2.7096774193548385,2.4165449529373584,6.366728701406121,1.0,0.0,0.0,1.5063291139240504,0.6322580645161701
2023-07-28,2023,LONG,60.760000000000005,False,True,1.8571428571428572,0.5754098360655835,1.1921445537835083,2.473877574860782,1.0,1.0,1.0,0.3909774436090226,-0.5327868852459016
2023-08-02,2023,SHORT,-163.24,False,False,6.801619433198381,4.072727272727241,3.3133230955372515,6.042215256008391,1.0,1.0,1.0,2.3238866396761133,1.4181818181817518
2023-08-07,2023,SHORT,-71.74,False,False,-0.0,1.786666666666671,2.455190199871051,0.6685235332043797,0.0,1.0,0.0,1.154639175257732,0.13333333333333275
2023-08-08,2023,SHORT,-27.74,False,False,3.439306358381503,1.7619047619047916,0.48204875353622256,2.159450350012934,1.0,1.0,1.0,0.28323699421965315,-0.38095238095236106
2023-08-09,2023,SHORT,59.760000000000005,True,True,3.184313725490196,2.510998307952649,2.2882296271109603,2.961545044648507,1.0,1.0,1.0,1.8666666666666665,0.6632825719120551
2023-08-16,2023,SHORT,103.26,True,True,-0.6640316205533596,2.525316455696248,1.5778108308676222,-1.6115372453819852,0.0,1.0,0.0,2.158102766798419,1.9493670886076548
2023-08-17,2023,SHORT,-67.74000000000001,True,False,2.9448275862068964,3.2863849765258286,1.4658747549302271,1.124317364611295,1.0,1.0,1.0,0.24137931034482757,-0.1971830985915198
2023-08-17,2023,SHORT,363.76,True,True,6.896551724137931,9.353448275862235,0.9087580103753439,-1.5481385413489601,1.0,1.0,1.0,3.103448275862069,2.534482758620762
2023-08-21,2023,LONG,77.76,True,True,-1.205298013245033,-1.9542334096110356,2.8,3.5489353963660024,0.0,0.0,0.0,0.4172185430463576,0.5766590389015896
2023-08-21,2023,LONG,214.76,True,True,0.6334841628959276,-3.8861209964412398,6.520765574774586,11.040370734111754,1.0,0.0,0.0,1.2669683257918551,1.39501779359439
2023-08-22,2023,SHORT,-76.74,False,False,6.7846153846153845,7.481967213114789,0.16016989145823501,-0.5371819370411695,1.0,1.0,1.0,1.9923076923076921,1.0557377049180197
2023-08-23,2023,LONG,34.26,True,True,9.11111111111111,8.69696969696964,3.1308980213089814,3.5450394354504517,1.0,1.0,1.0,0.6666666666666666,-0.10606060606062889
2023-08-24,2023,SHORT,-71.74,False,False,7.8352272727272725,4.634032634032614,4.070091254449818,7.271285893144476,1.0,1.0,1.0,1.2329545454545454,1.2074592074592132
2023-08-25,2023,SHORT,-87.24,False,False,1.8551617873651773,2.7213114754098258,-0.632113460227631,-1.4982631482722795,1.0,1.0,1.0,2.2218798151001544,2.196721311475391
2023-08-29,2023,LONG,18.26,False,True,18.849162011173185,22.384180790961224,3.7044094173982423,0.1693906376102028,1.0,1.0,1.0,1.3296089385474859,2.214689265536767
2023-08-30,2023,LONG,65.26,False,True,1.53125,3.56916996047434,0.09530601659751037,-1.9426139438768297,1.0,1.0,1.0,0.6927083333333334,0.6363636363636879
2023-09-01,2023,SHORT,-15.74,False,False,3.1658291457286434,-2.3744000000000307,0.725007108652929,6.265236254381604,1.0,0.0,0.0,1.2663316582914574,-0.15680000000001018
2023-09-05,2023,LONG,-30.24,False,False,-0.09859154929577466,-3.7619961612284136,2.808268968650613,6.471673580583252,0.0,0.0,0.0,2.2183098591549295,2.2840690978886795
2023-09-08,2023,LONG,-47.74,False,False,3.261992619926199,-1.0448598130841564,-0.6976302838117769,3.6092221491985788,1.0,0.0,0.0,1.007380073800738,-0.1700934579439363
2023-09-12,2023,SHORT,80.76,True,True,-0.5833333333333334,-5.849765258215698,3.5954942313688805,8.861926156251245,0.0,0.0,0.0,2.787037037037037,1.9718309859154342
2023-09-13,2023,LONG,0.2599999999999998,False,True,1.0275229357798166,-1.29230769230768,0.528032619775739,2.8478632478632355,1.0,0.0,0.0,2.697247706422018,1.9923076923076555
2023-09-14,2023,LONG,54.26,False,True,0.22727272727272727,1.329376854599381,0.5613496932515336,-0.54075443407512,1.0,1.0,1.0,2.409090909090909,1.7655786350148404
2023-09-19,2023,SHORT,-38.74,False,False,4.18978102189781,2.082862523540517,-0.4259384601900047,1.680980038167288,1.0,1.0,1.0,1.583941605839416,0.3691148775894785
2023-09-22,2023,LONG,-37.739999999999995,False,False,1.55688622754491,1.15555555555554,0.2908295084956991,0.6921601804850692,1.0,1.0,1.0,0.934131736526946,0.7222222222222192
2023-09-25,2023,LONG,-60.74,False,False,3.8333333333333335,6.586021505376296,-0.5638722554890223,-3.316560427531985,1.0,1.0,1.0,3.2916666666666665,3.9892473118278935
2023-09-26,2023,SHORT,-49.24,True,False,3.8043478260869565,-0.321839080459748,-0.016256757785730436,4.1099301487609745,1.0,0.0,0.0,0.8623188405797101,1.4885057471264376
2023-09-26,2023,SHORT,16.26,False,True,6.87719298245614,4.008547008546943,-0.6486215538847118,2.220024420024486,1.0,1.0,1.0,3.929824561403509,3.5897435897435064
2023-09-27,2023,SHORT,-313.74,False,False,8.197718631178708,2.132963988919673,-1.9927324815942207,4.0720221606648135,1.0,1.0,1.0,1.8098859315589355,1.434903047091434
2023-09-28,2023,SHORT,-407.24,False,False,-0.3443708609271523,-0.20800000000000002,0.28073894707497415,0.14436808614782184,1.0,1.0,1.0,1.434878587196468,1.289599999999962
2023-09-29,2023,LONG,-518.24,False,False,-0.8588957055214724,-1.3575757575758027,1.007732914823798,1.5064129668781283,0.0,0.0,0.0,1.2024539877300613,1.3010101010100692
2023-10-02,2023,LONG,-235.74,False,False,1.0791666666666666,-3.303370786516898,2.4428885926644046,6.825426045847969,1.0,0.0,0.0,1.2541666666666667,0.9700374531834753
2023-10-03,2023,SHORT,-75.74,False,False,6.0,5.940366972477077,-0.4594257178526844,-0.39979269032976106,1.0,1.0,1.0,0.7636363636363637,-0.0963302752293434
2023-10-04,2023,LONG,-4.74,False,False,1.6879432624113475,-0.6566604127579799,1.7793104525033474,4.123914127672675,1.0,0.0,0.0,1.3238770685579195,2.02251407129459
2023-10-05,2023,SHORT,-297.24,False,False,3.233256351039261,1.048223350253821,1.8878152615315789,4.072848262317019,1.0,1.0,1.0,1.745958429561201,2.2563451776649774
2023-10-09,2023,LONG,246.76,True,True,3.411764705882353,5.558823529411732,-0.12198599144610434,-2.269044814975483,1.0,1.0,1.0,-0.11764705882352941,-0.6176470588235518
2023-10-10,2023,LONG,171.76,True,True,6.061302681992338,10.011869436201662,-0.7160549159484706,-4.666621670157795,1.0,1.0,1.0,1.2873563218390804,0.45697329376850454
2023-10-11,2023,LONG,-63.74,False,False,-0.6,-1.8093220338983025,1.7856368563685638,2.994958890266866,0.0,0.0,0.0,0.7,-0.5338983050847395
2023-10-12,2023,LONG,37.76,False,True,-1.8830409356725146,-8.425055928411654,2.9587103186760073,9.500725311415145,0.0,0.0,0.0,-0.3274853801169591,-1.7852348993288714
2023-10-12,2023,SHORT,189.76,True,True,4.494983277591973,15.22448979591867,-3.246712716485132,-13.976219234811829,1.0,1.0,1.0,4.869565217391305,4.2448979591837075
2023-10-16,2023,LONG,-60.74,False,False,3.8658892128279887,2.377581120943964,0.03558304085264563,1.5238911327366704,1.0,1.0,1.0,3.0699708454810497,2.339233038348085
2023-10-16,2023,LONG,-2.74,False,False,7.194444444444445,9.292576419213965,0.7460841899167887,-1.352047784852732,1.0,1.0,1.0,1.6203703703703702,0.7336244541484965
2023-10-19,2023,LONG,-407.24,False,False,0.7740384615384616,1.179265658747326,-0.5566721590657762,-0.9618993562746405,1.0,1.0,1.0,2.3894230769230766,1.8596112311015367
2023-10-20,2023,SHORT,184.76,True,True,2.917705735660848,1.6743849493487892,-0.4880460099117365,0.7552747764003223,1.0,1.0,1.0,0.9725685785536159,0.3386396526772712
2023-10-23,2023,LONG,-84.24,False,False,7.9150326797385615,4.624999999999944,1.1188534053371422,4.40888608507576,1.0,1.0,1.0,1.5555555555555556,0.8124999999999643
2023-10-24,2023,LONG,-86.74,False,False,1.9772209567198178,1.938069216757731,0.18072385774259891,0.2198755977046858,1.0,1.0,1.0,-0.35079726651480636,-0.5100182149362511
2023-10-25,2023,SHORT,201.76,True,True,3.482142857142857,2.0717131474103376,-0.5331017612524462,0.8773279484800733,1.0,1.0,1.0,-0.19345238095238096,-0.8286852589641469
2023-10-25,2023,SHORT,134.76,True,True,7.333333333333333,6.158227848101279,3.3212121212121213,4.496317606444175,1.0,1.0,1.0,1.8571428571428572,2.525316455696212
2023-10-26,2023,SHORT,98.28,True,True,2.601769911504425,-1.0752688172042988,1.755713405940761,5.432752134649485,1.0,0.0,0.0,1.7035398230088497,1.4408602150537702
2023-10-26,2023,SHORT,-525.24,False,False,7.397014925373135,2.2966292134831434,2.3219933390896745,7.422379050979666,1.0,1.0,1.0,0.16716417910447762,-0.18876404494386412
2023-10-27,2023,LONG,-278.74,False,False,0.0,-3.0861723446894014,1.8208670795616961,4.9070394242510975,0.0,0.0,0.0,1.9427312775330394,1.1783567134268114
2023-10-30,2023,LONG,-5.24,False,False,0.25257731958762886,-3.30555555555556,0.20196813495782567,3.7601010101010144,1.0,0.0,0.0,1.5154639175257731,1.2222222222222399
2023-10-30,2023,LONG,69.26,False,True,2.896551724137931,-4.024999999999963,-1.4773444070647603,5.4442073170731335,1.0,0.0,0.0,3.3310344827586205,2.0125000000000313
2023-10-31,2023,LONG,-69.24000000000001,False,False,0.44562334217506633,2.2826086956521907,-0.19816753071282744,-2.035152884189952,1.0,1.0,1.0,1.076923076923077,2.0543478260869485
2023-10-31,2023,LONG,50.26,False,True,2.722222222222222,4.680722891566284,-0.6950222222222222,-2.6535228915662845,1.0,1.0,1.0,1.3125,0.3373493975903395
2023-11-01,2023,LONG,-56.74,True,False,3.2023460410557187,0.8823529411764772,0.4369877193542746,2.756980819233516,1.0,1.0,1.0,2.5542521994134897,1.8235294117647107
2023-11-01,2023,LONG,-64.24000000000001,True,False,2.556521739130435,-2.926045016077179,2.55859337598468,8.041160131192294,1.0,0.0,0.0,1.4000000000000001,0.0450160771703772
2023-11-02,2023,LONG,-17.740000000000002,False,False,3.4893617021276597,0.7218749999999952,-2.8154207521918444,-0.047934050064180056,1.0,1.0,1.0,2.765957446808511,1.3343749999999894
2023-11-02,2023,LONG,46.26,False,True,8.454106280193237,4.753086419753039,-4.89313067043714,-1.1921108099969415,1.0,1.0,1.0,0.7439613526570048,1.8148148148148164
2023-11-03,2023,LONG,84.76,False,True,6.932038834951457,8.749999999999876,2.456982644762147,0.6390214797137279,1.0,1.0,1.0,0.4077669902912622,0.0
2023-11-06,2023,SHORT,-86.24,False,False,5.19496855345912,15.373584905660461,-1.5213393106392763,-11.699955662840619,1.0,1.0,1.0,2.641509433962264,3.011320754717031
2023-11-09,2023,LONG,-72.24,False,False,-1.5555555555555554,-3.3306451612903007,2.0383141762452106,3.813403781979956,0.0,0.0,0.0,1.9444444444444442,0.6774193548387335
2023-11-10,2023,LONG,331.26,True,True,0.17337461300309595,-2.6526315789473687,2.7306794410509583,5.556685633001423,1.0,0.0,0.0,2.6873065015479876,0.8252631578947904
2023-11-14,2023,LONG,-64.74000000000001,False,False,5.487179487179487,6.287949921752645,-2.9479638009049776,-3.7487342354781354,1.0,1.0,1.0,-0.3076923076923077,0.8325508607198577
2023-11-15,2023,LONG,-124.74,False,False,2.6359832635983262,7.293706293706306,-2.2609832635983262,-6.918706293706306,1.0,1.0,1.0,1.2301255230125523,0.807692307692299
2023-11-20,2023,LONG,-1.7400000000000002,True,False,6.434343434343434,2.1449275362318923,-0.3914479919841849,3.897967906127357,1.0,1.0,1.0,2.3333333333333335,-0.17391304347823305
2023-11-20,2023,LONG,39.76,True,True,12.212765957446809,5.752727272727317,0.763842229687695,7.223880914407187,1.0,1.0,1.0,3.276595744680851,2.1381818181818235
2023-11-21,2023,SHORT,-77.74,False,False,2.9637305699481864,1.9030418250950962,0.7733701671525508,1.834058912005641,1.0,1.0,1.0,2.694300518134715,1.0874524714828722
2023-11-24,2023,SHORT,-40.74,False,False,-0.0,-4.678391959798904,2.0910151691948657,6.76940712899377,0.0,0.0,0.0,-0.2727272727272727,0.5979899497487502
2023-11-27,2023,LONG,56.26,True,True,-0.27450980392156865,-0.07588075880760561,1.7250185920806809,1.5263895469667177,0.0,0.0,0.0,-0.8235294117647058,-0.5691056910569127
2023-11-27,2023,LONG,-132.24,False,False,3.171875,1.1351351351351273,4.958709192439862,6.995449057304735,1.0,1.0,1.0,1.640625,0.378378378378328
2023-11-28,2023,LONG,64.26,True,True,1.1089108910891088,-1.710794297352353,0.46978918721942686,3.2894943756608885,1.0,0.0,0.0,1.6633663366336633,0.7413441955193272
2023-11-30,2023,SHORT,29.76,False,True,1.7037037037037037,0.6103038309114858,1.5686679344381051,2.662067807230323,1.0,1.0,1.0,1.2222222222222223,0.9986789960370074
2023-11-30,2023,SHORT,-65.24000000000001,False,False,4.767567567567568,2.5410958904109533,5.706247893779066,7.932719570935681,1.0,1.0,1.0,-0.7567567567567568,-1.1027397260273823
2023-12-01,2023,SHORT,-242.24,False,False,-0.4529616724738676,-2.9622395833333264,1.399635984400473,3.908913895259932,0.0,0.0,0.0,1.132404181184669,-0.3723958333333017
2023-12-04,2023,SHORT,-162.74,False,False,1.6936619718309858,-1.4720101781170232,2.24786907096588,5.4135412209138885,1.0,0.0,0.0,2.7007042253521125,0.8765903307888326
2023-12-05,2023,LONG,-109.24,False,False,3.022727272727273,-1.6305220883533738,1.8972288676236047,6.550478228704251,1.0,0.0,0.0,0.875,-0.1124497991967697
2023-12-08,2023,LONG,-73.74,False,False,2.8140243902439024,2.8991696322657123,0.07024227642276415,-0.014902965599045803,1.0,1.0,1.0,-0.9115853658536586,-0.8944246737840978
2023-12-11,2023,LONG,-50.24,False,False,2.873362445414847,-0.5211505922165877,1.4978605761678865,4.892373613799321,1.0,0.0,0.0,1.4061135371179039,0.23688663282571676
2023-12-11,2023,LONG,-2.24,False,False,8.491803278688526,3.569999999999896,2.8893500265154124,7.8111533052040425,1.0,1.0,1.0,2.754098360655738,2.239999999999847
2023-12-12,2023,LONG,118.76,True,True,6.519083969465648,0.4581818181818645,0.5896116827082647,6.650513833992049,1.0,1.0,1.0,1.6030534351145038,1.781818181818182
2023-12-18,2023,LONG,26.26,True,True,3.772455089820359,-1.9733333333333056,0.6787322452719886,6.424520668425654,1.0,0.0,0.0,2.3473053892215567,0.32000000000001355
2023-12-18,2023,LONG,17.76,True,True,8.647058823529411,-4.4701754385965184,2.5970356646595647,15.714269926785494,1.0,0.0,0.0,2.3333333333333335,-0.5894736842105581
2023-12-20,2023,LONG,-14.24,False,False,5.434210526315789,3.9047619047618567,-1.0149750146018564,0.5144736069520763,1.0,1.0,1.0,1.1052631578947367,1.7523809523809828
2023-12-20,2023,LONG,-407.24,False,False,8.4,9.868852459015951,-1.7472000000000012,-3.216052459015952,1.0,1.0,1.0,2.016,0.7803278688525493
2023-12-21,2023,SHORT,-169.74,False,False,5.0724637681159415,2.5254901960784326,-0.07415581549326777,2.472817756544241,1.0,1.0,1.0,1.115942028985507,1.2901960784313793
2023-12-27,2023,LONG,-69.74000000000001,False,False,2.7484662576687118,2.8979591836735707,-1.4082600721017016,-1.5577529981065605,1.0,1.0,1.0,2.49079754601227,3.3061224489797127
2023-12-28,2023,SHORT,-20.74,False,False,-0.0,1.2013201320131701,3.3235772357723574,2.1222571037591873,0.0,1.0,0.0,1.4,4.204620462046201
2023-12-29,2023,SHORT,81.64,True,True,1.8375,3.862068965517279,1.3136254019292606,-0.7109435635880184,1.0,1.0,1.0,2.8,2.386973180076661
2024-01-02,2024,SHORT,153.26,True,True,-0.21212121212121213,-1.2199170124480674,9.813891123625638,10.821686923952493,0.0,0.0,0.0,0.8484848484848485,1.3070539419087002
2024-01-04,2024,LONG,-78.24,False,False,5.67741935483871,2.161579892280113,-0.2491174680462569,3.26672199451234,1.0,1.0,1.0,0.7741935483870968,1.005385996409339
2024-01-08,2024,LONG,104.26,True,True,5.004830917874396,4.805970149253743,3.7569668349345937,3.955827603555247,1.0,1.0,1.0,-1.217391304347826,-0.1567164179104236
2024-01-08,2024,LONG,84.26,True,True,13.034482758620689,12.59561128526662,9.334804261489003,9.77367573484307,1.0,1.0,1.0,0.7724137931034483,1.3166144200627108
2024-01-09,2024,LONG,150.76,True,True,1.7148936170212765,0.21832061068705075,0.4728671618382505,1.9694401681724762,1.0,1.0,1.0,0.774468085106383,0.7145038167939227
2024-01-09,2024,LONG,-152.24,False,False,5.9681274900398416,4.1760391198043605,3.5720387149463066,5.364127085181788,1.0,1.0,1.0,1.6175298804780878,2.3960880195598704
2024-01-10,2024,LONG,54.76,True,True,1.4554455445544554,-1.4379844961240893,-0.027943205920217817,2.865486834758327,1.0,0.0,0.0,-1.1089108910891088,-0.7596899224806742
2024-01-10,2024,LONG,162.76,True,True,3.7966101694915255,-0.7588075880758836,0.6978547751579209,5.25327253272533,1.0,0.0,0.0,0.3163841807909605,-0.4932249322493071
2024-01-11,2024,SHORT,-81.74,False,False,6.79,6.003062787136361,-1.610969337289812,-0.8240321244261732,1.0,1.0,1.0,1.645,0.5145482388973731
2024-01-16,2024,LONG,-182.24,False,False,1.5279187817258884,0.5975609756097473,1.3617871006270528,2.292144906743194,1.0,1.0,1.0,0.24873096446700507,0.4054878048780203
2024-01-18,2024,LONG,-78.24,False,False,0.5382165605095541,-0.7771739130434929,0.7951167728237791,2.110507246376826,1.0,0.0,0.0,1.2006369426751593,0.44157608695652095
2024-01-19,2024,LONG,56.76,True,True,0.9158878504672898,-2.4727272727272416,0.3640617081707933,3.7526768313653247,1.0,0.0,0.0,0.5669781931464175,-0.2727272727272711
2024-01-24,2024,LONG,52.760000000000005,False,True,0.33599999999999997,-2.6929133858267544,1.6738039215686276,4.702717307395382,1.0,0.0,0.0,1.792,0.7874015748031488
2024-01-25,2024,LONG,-292.24,False,False,0.717948717948718,-4.378723404255375,0.06623579605457697,5.16290791825867,1.0,0.0,0.0,0.2393162393162393,-0.5659574468085432
2024-01-30,2024,SHORT,41.76,True,True,0.3870967741935484,1.8830409356725153,1.467903225806452,-0.028040935672515088,1.0,1.0,1.0,0.9032258064516129,-0.20467836257309846
2024-01-31,2024,SHORT,-151.24,False,False,4.190140845070423,1.5702479338843007,-0.7921587822901541,1.827734128895968,1.0,1.0,1.0,1.3309859154929577,0.5123966942148621
2024-02-02,2024,LONG,83.26,True,True,3.740740740740741,1.3019517795637465,0.04427554590421012,2.4830645070812043,1.0,1.0,1.0,2.111111111111111,1.9931113662457165
2024-02-05,2024,SHORT,-211.24,False,False,4.86053412462908,4.392581143740327,-0.555207381081579,-0.08725440019282615,1.0,1.0,1.0,0.45697329376854595,-0.6058732612056031
2024-02-06,2024,SHORT,-10.24,False,False,2.3058823529411763,-3.983263598326337,4.094117647058824,10.383263598326337,1.0,0.0,0.0,1.9215686274509802,1.6108786610878676
2024-02-07,2024,LONG,-32.739999999999995,False,False,2.6262626262626263,-1.3725490196078347,0.020219495998042625,4.019031141868504,1.0,0.0,0.0,3.1077441077441077,1.8823529411764857
2024-02-08,2024,LONG,49.26,False,True,-1.0717703349282297,3.38350217076704,1.9877638728926885,-2.4675086328025815,0.0,1.0,0.0,-0.937799043062201,0.16208393632415993
2024-02-09,2024,LONG,7.76,True,True,2.2433628318584073,0.41630276564775354,0.7213623527191149,2.5484224189297686,1.0,1.0,1.0,0.5752212389380531,-0.6812227074235654
2024-02-12,2024,LONG,-16.240000000000002,True,False,4.0163934426229515,5.805422647527979,-0.7391207153502242,-2.5281499202552515,1.0,1.0,1.0,3.3278688524590168,1.4290271132376642
2024-02-14,2024,LONG,-3.24,False,False,0.29535864978902954,3.027027027027023,0.7191341038341588,-2.012534273403835,1.0,1.0,1.0,3.1308016877637135,2.8063063063062863
2024-02-15,2024,SHORT,-214.74,False,False,0.1516245487364621,-0.747191011235988,2.8111044468415542,3.7099200068140044,1.0,0.0,0.0,1.263537906137184,1.6713483146067352
2024-02-16,2024,SHORT,-85.74,True,False,1.8360655737704918,-1.8839050131926078,3.476083958939788,7.1960545459028875,1.0,0.0,0.0,2.6010928961748636,1.7361477572560644
2024-02-20,2024,SHORT,75.26,True,True,3.338912133891213,0.5982905982906017,1.734121573973956,4.474743109574567,1.0,1.0,1.0,1.1715481171548117,0.6880341880341785
2024-02-20,2024,SHORT,-175.74,False,False,5.023255813953488,3.6213333333333506,1.526507219221867,2.9284296998420047,1.0,1.0,1.0,0.6976744186046512,1.5306666666667177
2024-02-21,2024,SHORT,-31.74,True,False,0.4936708860759494,0.26262626262626265,0.2336018411967779,0.46464646464646464,1.0,1.0,1.0,1.4810126582278482,0.7090909090908614
2024-02-22,2024,LONG,53.26,True,True,1.7640750670241288,-0.18849449204404795,-0.4925709824494051,1.4599985766187715,1.0,0.0,0.0,0.5630026809651475,-0.35985312117501483
2024-03-01,2024,LONG,359.26,True,True,1.4272997032640948,1.559999999999972,0.27411672733080605,0.1414164305949288,1.0,1.0,1.0,0.34718100890207715,1.848888888888859
2024-03-05,2024,SHORT,-42.74,True,False,6.0735294117647065,0.30107526881720725,2.2242233972240584,7.996677540171557,1.0,1.0,1.0,1.5441176470588236,-0.0
2024-03-05,2024,SHORT,92.26,True,True,6.3428571428571425,-1.6288088642658411,4.768644174087545,12.740310181210528,1.0,0.0,0.0,1.2,1.1634349030470796
2024-03-06,2024,LONG,87.26,True,True,0.08235294117647059,-1.4573378839590476,-0.747939110814504,0.7917517143210142,0.0,1.0,0.0,1.4823529411764707,1.027303754266164
2024-03-07,2024,LONG,43.76,True,True,3.888888888888889,0.8415300546447309,2.1545500251382603,5.201908859382418,1.0,1.0,1.0,1.4907407407407407,1.338797814207637
2024-03-07,2024,LONG,-48.74,False,False,5.544554455445544,3.2392156862742523,4.394626831104164,6.699965600275456,1.0,1.0,1.0,1.2475247524752475,0.8235294117646912
2024-03-08,2024,LONG,-407.24,False,False,3.9302325581395348,1.1353711790392969,-1.0990564185784764,1.6958049605217616,1.0,1.0,1.0,-0.5614617940199336,-1.5327510917030334
2024-03-11,2024,SHORT,-139.24,False,False,1.384180790960452,3.052132701421688,-0.23013648390223462,-1.8980883943634708,1.0,1.0,1.0,1.265536723163842,1.1611374407582737
2024-03-12,2024,LONG,-77.74,False,False,5.3052631578947365,0.8027522935779331,0.23725883624016042,4.7397697005569634,1.0,1.0,1.0,0.24561403508771928,-0.513761467889848
2024-03-13,2024,SHORT,-10.24,False,False,2.5225225225225225,-2.03137254901949,0.5357299046619435,5.089624976203956,1.0,0.0,0.0,0.8198198198198198,2.1686274509803978
2024-03-14,2024,SHORT,6.76,True,True,4.4340175953079175,7.974683544303828,-1.4126007913540461,-4.953266740349957,1.0,1.0,1.0,0.49266862170087977,1.721518987341755
2024-03-18,2024,LONG,-142.24,False,False,1.954887218045113,-1.7999999999999747,0.4609672328970573,4.215854450942145,1.0,0.0,0.0,0.830827067669173,-0.01999999999998153
2024-03-21,2024,LONG,-61.24,False,False,0.9680851063829787,3.757575757575689,-1.0037387566376477,-3.793229407830358,0.0,0.0,0.0,0.8191489361702128,-0.15151515151514763
2024-04-02,2024,SHORT,-33.739999999999995,False,False,1.9478260869565218,3.398981324278502,0.3369880277252675,-1.1141672095967126,1.0,1.0,1.0,0.4057971014492754,0.855687606112146
2024-04-05,2024,LONG,144.76,True,True,3.8351893095768377,2.5732087227414255,0.1199982208664161,1.3819788077018282,1.0,1.0,1.0,2.5567928730512253,1.2866043613707128
2024-04-08,2024,LONG,-110.74,False,False,1.076158940397351,-1.1959114139693687,-0.27548704790015066,1.9965833064665692,1.0,0.0,0.0,2.02317880794702,1.8381601362861606
2024-04-11,2024,LONG,346.26,True,True,-0.6068111455108359,0.2715517241378181,2.6846209437817294,1.8062580741330756,0.0,1.0,0.0,2.773993808049535,4.043103448275773
2024-04-16,2024,LONG,12.760000000000002,True,True,-1.018181818181818,1.558648111331984,1.8464776381175094,-0.7303522913962928,0.0,1.0,0.0,0.14545454545454545,0.1113320079523117
2024-04-18,2024,LONG,-60.74,False,False,1.9405940594059405,3.0361445783132304,-0.7265862773047733,-1.8221367962120631,1.0,1.0,1.0,1.316831683168317,0.8644578313252838
2024-04-18,2024,SHORT,-26.24,False,False,4.0887850467289715,1.8041237113401976,0.22516844164312122,2.509829777031895,1.0,1.0,1.0,2.453271028037383,2.5738831615119713
2024-04-19,2024,SHORT,243.26,True,True,1.147058823529412,-2.4156028368794082,1.229827765517591,4.792489425926411,1.0,0.0,0.0,1.2016806722689077,1.5489361702127777
2024-04-22,2024,LONG,86.36,True,True,4.827586206896552,5.8258064516129435,-1.9709685598377278,-2.9691888045541197,1.0,1.0,1.0,3.2720306513409962,2.7548387096774807
2024-04-23,2024,LONG,66.26,True,True,3.818181818181818,6.94233937397032,-0.043908777274967115,-3.1680663330634693,1.0,1.0,1.0,1.2727272727272727,0.5766062602965399
2024-04-23,2024,LONG,21.26,False,True,10.044843049327355,16.641509433962266,0.5459753139460979,-6.0506910706888135,1.0,1.0,1.0,1.946188340807175,1.320754716981134
2024-04-25,2024,LONG,27.76,False,True,6.711111111111111,2.5672371638141898,1.1061477721376196,5.250021719434541,1.0,1.0,1.0,2.3555555555555556,2.2933985330073585
2024-04-26,2024,LONG,44.76,False,True,2.913793103448276,2.928687196110191,0.23592869725986798,0.221034604597953,1.0,1.0,1.0,0.0,-0.37925445705028255
2024-04-26,2024,LONG,-34.239999999999995,False,False,9.085106382978724,9.701244813278164,3.4590290462836712,2.8428906159842313,1.0,1.0,1.0,-0.22340425531914893,-0.5809128630705471
2024-05-01,2024,SHORT,-83.24,False,False,2.5128205128205128,2.9675810473815867,0.7102728585266007,0.2555123239655268,1.0,1.0,1.0,2.2564102564102564,2.723192019950146
2024-05-03,2024,LONG,63.760000000000005,True,True,-0.12844036697247707,-10.284615384615066,1.6431462493254183,11.799321266968008,0.0,0.0,0.0,0.3211009174311927,-1.8307692307692318
2024-05-06,2024,LONG,40.76,True,True,3.793548387096774,5.552742616033745,-0.7069342138684278,-2.466128442805399,1.0,1.0,1.0,1.2645161290322582,0.29535864978902615
2024-05-07,2024,LONG,39.76,False,True,1.2233009708737865,3.058252427184446,-0.08070007401279988,-1.9156515303234594,1.0,1.0,1.0,1.8349514563106797,1.0873786407766302
2024-05-08,2024,LONG,-77.24,False,False,5.640776699029127,4.275449101796261,0.7039302126069193,2.069257809839785,1.0,1.0,1.0,1.3592233009708738,0.9640718562874856
2024-05-09,2024,LONG,-34.239999999999995,False,False,3.083916083916084,2.619883040935638,-2.490695744933033,-2.0266627019525876,1.0,1.0,1.0,2.447552447552448,1.7465886939571336
2024-05-09,2024,LONG,-37.739999999999995,False,False,6.960451977401131,7.342222222222349,-4.5633931538717185,-4.945163398692937,1.0,1.0,1.0,1.8192090395480227,1.4933333333334504
2024-05-14,2024,LONG,-2.74,True,False,-0.0445859872611465,-1.9029126213592522,1.0257402864366472,2.8840669205347527,0.0,0.0,0.0,-0.980891719745223,-1.200647249190985
2024-05-15,2024,LONG,71.26,True,True,2.0388349514563107,-2.3020134228187312,-0.27947666268625726,4.061371711588785,1.0,0.0,0.0,1.4045307443365695,0.8926174496644735
2024-05-22,2024,SHORT,78.72,True,True,2.1241379310344826,0.41702127659589916,0.015272256633077852,1.7223889110716613,1.0,1.0,1.0,3.862068965517241,3.1574468085106857
2024-05-24,2024,LONG,-30.24,False,False,2.8106060606060606,1.7705882352939815,3.615623447590661,4.65564127290274,1.0,1.0,1.0,-2.3333333333333335,-1.7294117647059715
2024-05-30,2024,SHORT,-62.24,False,False,2.1433224755700326,-1.2086330935250835,1.2895312414563462,4.641486810551463,1.0,0.0,0.0,0.6840390879478828,-0.3273381294963267
2024-06-05,2024,LONG,147.76,True,True,0.15339233038348082,0.28761061946902383,2.339758354548026,2.2055400654624826,1.0,1.0,1.0,2.914454277286136,2.550147492625336
2024-06-05,2024,LONG,67.26,True,True,6.184049079754601,8.676056338028275,5.189744023693676,2.697736765420002,1.0,1.0,1.0,-0.6012269938650306,0.8544600938968259
2024-06-06,2024,SHORT,-34.739999999999995,False,False,1.970873786407767,1.0059880239521175,0.29902912621359246,1.263914888669242,1.0,1.0,1.0,1.087378640776699,-0.2514970059879817
2024-06-07,2024,LONG,-28.24,False,False,4.448160535117057,2.941007194244622,-2.3824262693827913,-0.8752729285103564,1.0,1.0,1.0,2.6220735785953178,1.1280575539568582
2024-06-11,2024,LONG,-24.74,True,False,0.3602941176470589,-0.610169491525409,1.4203677902049854,2.3908313993774533,1.0,0.0,0.0,2.0073529411764706,0.847457627118645
2024-06-11,2024,LONG,134.76,True,True,1.5721925133689838,2.075862068965495,2.762270763467174,2.258601207870663,1.0,1.0,1.0,1.946524064171123,0.38620689655170215
2024-06-12,2024,LONG,6.26,False,True,3.7430555555555554,2.6086956521739277,0.3610287659200706,1.4953886693016982,1.0,1.0,1.0,0.7291666666666666,1.0217391304348478
2024-06-13,2024,SHORT,15.760000000000002,False,True,3.7314814814814814,4.546689303904982,-1.738096033495913,-2.5533038559194132,1.0,1.0,1.0,2.0462962962962963,2.251273344651976
2024-06-14,2024,LONG,0.7599999999999998,False,True,2.9115044247787614,-3.7180327868852046,1.1127870731969471,7.7423242848609135,1.0,0.0,0.0,1.3628318584070798,1.652459016393401
2024-06-17,2024,LONG,461.76,True,True,3.132420091324201,-1.3005464480874698,-1.4070679786481444,3.025898560763526,1.0,0.0,0.0,1.8538812785388128,0.612021857923464
2024-06-18,2024,SHORT,-119.74,False,False,0.8584905660377359,-1.0261780104711864,1.8238623751387344,3.708530951647657,1.0,0.0,0.0,1.3867924528301887,0.4031413612565107
2024-06-24,2024,SHORT,37.76,False,True,-0.34426229508196726,-3.666666666666775,4.52320966350302,7.845614035087827,0.0,0.0,0.0,3.0409836065573774,2.5555555555556158
2024-06-25,2024,LONG,110.76,True,True,-0.05241935483870968,-0.9865092748735215,1.7955271242622686,2.7296170442970804,0.0,0.0,0.0,0.36693548387096775,0.5919055649241228
2024-06-26,2024,SHORT,-86.24,False,False,0.6925795053003533,0.16666666666670388,-0.677075629331361,-0.15116279069771163,1.0,1.0,1.0,1.978798586572438,0.45833333333329357
2024-07-01,2024,SHORT,-352.74,False,False,3.5365344467640916,4.890410958904109,-1.4065417089282164,-2.760418221068234,1.0,1.0,1.0,1.92901878914405,0.7479452054794695
2024-07-02,2024,LONG,-3.24,True,False,3.061224489795918,-0.3608247422680395,-0.1911571173223856,3.230892114741572,1.0,0.0,0.0,1.346938775510204,-0.4570446735395386
2024-07-02,2024,LONG,212.76,True,True,9.987804878048781,-1.7714285714285853,0.8727101434104476,12.631943592887813,1.0,0.0,0.0,3.073170731707317,0.5714285714285927
2024-07-05,2024,LONG,103.76,True,True,0.892156862745098,-2.1059190031152357,1.4439953571280522,4.442071222988385,1.0,0.0,0.0,1.2745098039215685,-0.3644859813084017
2024-07-08,2024,LONG,-56.74,False,False,0.0,1.47368421052633,1.3442028985507246,-0.1294813119756053,0.0,1.0,0.0,0.6885245901639344,-1.2673684210526974
2024-07-11,2024,SHORT,73.76,True,True,5.169724770642202,-4.673652694610836,2.248897485224565,12.092274950477602,1.0,0.0,0.0,1.3807339449541285,1.3832335329341183
2024-07-11,2024,SHORT,-70.74,False,False,9.08108108108108,-5.2899824253075485,5.131962397179791,19.50302590356842,1.0,0.0,0.0,2.27027027027027,-0.14762741652018826
2024-07-15,2024,LONG,83.44,True,True,1.7993079584775087,4.115677321156702,0.5352470153444808,-1.7811223473347124,1.0,1.0,1.0,0.809688581314879,1.1674277016742902
2024-07-15,2024,LONG,-229.24,False,False,4.357976653696498,7.544592030360331,0.6119744294621325,-2.5746409472017007,1.0,1.0,1.0,-1.0894941634241244,0.7703984819733273
2024-07-23,2024,LONG,-189.74,False,False,3.521472392638037,5.335608646188873,-0.2364000012251566,-2.0505362547759924,1.0,1.0,1.0,3.650306748466258,2.4368600682594246
2024-07-24,2024,SHORT,145.26,True,True,5.3277777777777775,-1.4987255734919145,0.7607638888888895,7.587267240158582,1.0,0.0,0.0,0.5055555555555555,-1.2132540356839718
2024-07-25,2024,SHORT,-813.24,False,False,1.6268980477223427,-2.1518987341772102,1.0061551735661727,4.784951955465726,1.0,0.0,0.0,1.0845986984815619,-0.24342745861733248
2024-07-31,2024,LONG,-74.24,False,False,4.174698795180722,0.6746987951807841,0.2926796152581863,3.7926796152581246,1.0,1.0,1.0,1.180722891566265,0.3584337349398185
2024-08-01,2024,SHORT,348.26,True,True,2.305743243243243,4.0513698630137185,-1.3184014710913443,-3.06402809086182,1.0,1.0,1.0,1.9104729729729728,1.0907534246575064
2024-08-02,2024,SHORT,-47.24,False,False,4.57286432160804,-0.17460317460316052,-1.969275414593358,2.7781920816178425,1.0,0.0,0.0,1.5711892797319933,1.3968253968253563
2024-08-07,2024,LONG,-407.24,False,False,1.7781021897810219,-1.4453193350830789,-0.49513752445496606,2.7282840004091344,1.0,0.0,0.0,0.7766423357664233,0.36745406824146926
2024-08-09,2024,LONG,-83.24,True,False,0.9609984399375975,-1.6248704663212326,0.04113375622444937,2.6270026624832794,1.0,0.0,0.0,0.10920436817472699,-0.3917098445595628
2024-08-12,2024,LONG,-285.24,False,False,1.8064516129032258,-2.4643399089529363,1.103765105363028,5.3745566272191905,1.0,0.0,0.0,0.9354838709677419,-0.42488619119878546
2024-08-13,2024,LONG,309.76,True,True,2.5789473684210527,-0.19667943805873284,1.0587337909992374,3.834360597479023,1.0,0.0,0.0,1.5741626794258372,1.537675606641113
2024-08-14,2024,LONG,-55.74,False,False,1.3333333333333333,-3.229032258064557,-1.41750167000668,3.1448639213912104,0.0,1.0,0.0,2.074074074074074,2.2129032258064925
2024-08-15,2024,LONG,78.76,True,True,1.75,-0.19466975666284905,2.2262493814943096,4.170919138157159,1.0,0.0,0.0,1.3571428571428572,1.1031286210891829
2024-08-21,2024,LONG,-83.74,False,False,2.231362467866324,0.14621409921674708,0.15628598819068307,2.2414343568402604,1.0,1.0,1.0,2.627249357326478,2.1932114882507077
2024-08-23,2024,LONG,-407.24,False,False,2.1016666666666666,4.525848142164732,-0.4850214224507283,-2.909202897948794,1.0,1.0,1.0,-0.043333333333333335,1.7641357027463687
2024-08-26,2024,SHORT,10.260000000000002,True,True,4.727868852459016,2.7006172839505718,0.7849976945188413,2.8122492630272857,1.0,1.0,1.0,0.5049180327868853,-0.6913580246913071
2024-08-26,2024,SHORT,-103.24,False,False,6.512820512820513,4.113744075829388,1.7494745691467006,4.148551006137826,1.0,1.0,1.0,2.769230769230769,2.6872037914692974
2024-08-28,2024,SHORT,202.76,True,True,1.7891373801916932,-1.453047775947234,1.5037821154436124,4.74596727158254,1.0,0.0,0.0,1.5207667731629393,0.3920922570017145
2024-08-28,2024,SHORT,-506.24,False,False,10.24074074074074,5.223880597014889,1.4051983455536767,6.422058489279528,1.0,1.0,1.0,5.055555555555555,3.970149253731348
2024-08-29,2024,LONG,34.26,False,True,0.31746031746031744,1.21405750798719,0.43789864817425217,-0.4586985423526204,1.0,1.0,1.0,0.4988662131519274,2.74760383386575
2024-09-03,2024,SHORT,90.42,True,True,4.324701195219124,2.6842105263158333,-0.23090661604651253,1.4095840528567778,1.0,1.0,1.0,1.3207171314741037,0.8421052631579168
2024-09-03,2024,SHORT,166.76,True,True,10.52317880794702,13.758024691357933,2.8373271653488352,-0.39751871806207895,1.0,1.0,1.0,1.1589403973509933,0.6567901234568142
2024-09-04,2024,LONG,-61.74,False,False,2.3449367088607596,1.9465240641711135,0.024100709019845734,0.42251335370949183,1.0,1.0,1.0,0.4936708860759494,1.140106951871627
2024-09-05,2024,LONG,-407.24,False,False,2.5066371681415927,-0.07621247113162825,1.3848722658206718,3.9677219050938928,1.0,0.0,0.0,1.4358407079646016,1.6004618937644244
2024-09-11,2024,LONG,96.26,True,True,2.71536523929471,3.484304932735583,1.7871124613990461,1.0181727679581734,1.0,1.0,1.0,3.350125944584383,2.3542600896861274
2024-09-12,2024,LONG,-36.239999999999995,True,False,0.22621184919210055,1.3745997865528783,0.475813223131911,-0.6725747142288667,1.0,1.0,1.0,-0.17594254937163376,1.9573105656350729
2024-09-13,2024,LONG,-23.24,False,False,2.3779193205944797,3.7698898408813024,-0.12226786149049262,-1.5142383817773153,1.0,1.0,1.0,0.7133757961783439,0.5654834761321486
2024-09-13,2024,LONG,-112.74,False,False,8.610328638497654,12.028169014084815,-0.8408916411786196,-4.258732016765781,1.0,1.0,1.0,1.1830985915492958,0.552112676056388
2024-09-17,2024,LONG,-407.24,False,False,1.9025641025641025,3.2247191011236422,-0.8295253288941293,-2.1516803274536693,1.0,1.0,1.0,0.5384615384615384,0.6488764044943341
2024-09-19,2024,LONG,-32.739999999999995,False,False,0.6770833333333334,-0.8551000953288952,1.7092693817075126,3.2414528103697413,1.0,0.0,0.0,2.0854166666666667,1.9828408007626295
2024-09-23,2024,LONG,-68.24000000000001,False,False,0.6947890818858561,-3.9942363112393293,-0.1721047718669525,4.516920621258233,1.0,0.0,0.0,0.4516129032258065,-1.8559077809799283
2024-09-25,2024,LONG,-137.24,False,False,0.15918367346938775,-1.8484374999999948,3.056732427702728,5.064353601172111,1.0,0.0,0.0,-1.1142857142857143,-1.0968749999999339
2024-09-30,2024,LONG,-8.74,False,False,2.0944881889763782,3.834896810506649,-1.372169348396668,-3.1125779699269387,1.0,1.0,1.0,0.4409448818897638,-1.0769230769230493
2024-10-01,2024,SHORT,-161.24,False,False,6.182094081942338,4.3581589958159315,1.5956836958354401,3.419618781961846,1.0,1.0,1.0,1.7420333839150228,1.0309623430962556
2024-10-01,2024,SHORT,-251.24,False,False,5.783687943262412,6.613496932515303,1.5661764503834616,0.7363674611305706,1.0,1.0,1.0,-0.2730496453900709,-0.08588957055216581
2024-10-08,2024,LONG,26.76,False,True,1.259375,-1.334437086092802,1.8020334507042253,4.395845536797028,1.0,0.0,0.0,0.121875,-1.4635761589404674
2024-10-09,2024,LONG,93.26,True,True,2.5963636363636367,0.65551839464887,-0.5625798525798529,1.378265389134914,1.0,1.0,1.0,1.170909090909091,-1.9197324414715233
2024-10-09,2024,LONG,29.26,True,True,9.947368421052632,5.416393442622953,-1.9982158786797504,2.5327590997499287,1.0,1.0,1.0,1.694736842105263,0.2754098360655279
2024-10-10,2024,LONG,-38.74,False,False,2.6178861788617884,1.5450450450450548,2.357498436522827,3.4303395703395605,1.0,1.0,1.0,1.4796747967479673,0.6306306306306229
2024-10-18,2024,LONG,-13.74,False,False,0.0,-3.403508771929792,1.6108108108108108,5.014319582740603,0.0,0.0,0.0,0.6028708133971292,-0.6666666666667047
2024-10-21,2024,SHORT,-192.24,False,False,4.02906976744186,9.603082851637891,-3.0144815321477423,-8.588494616343773,1.0,1.0,1.0,1.9127906976744184,1.1868978805395423
2024-10-22,2024,LONG,10.260000000000002,True,True,7.885057471264368,0.9714285714284855,-1.1926807896500176,5.720948110185865,1.0,1.0,1.0,3.218390804597701,1.8285714285713586
2024-10-23,2024,SHORT,384.26,True,True,4.005899705014749,2.663847780126788,-0.37895669983340197,0.963095225054559,1.0,1.0,1.0,3.056047197640118,1.8054968287527087
2024-10-24,2024,SHORT,-233.24,False,False,5.5326460481099655,5.229314420803613,-1.7584096603277608,-1.4550780330214081,1.0,1.0,1.0,2.9828178694158076,2.713947990543634
2024-10-25,2024,LONG,-57.24,False,False,4.063091482649843,-0.06687898089165921,0.9683880556502622,5.098358519191764,1.0,0.0,0.0,-0.22082018927444796,0.06687898089176059
2024-10-28,2024,SHORT,37.76,False,True,1.6531365313653137,-4.952198852772363,0.44848009681020584,7.053815480947883,1.0,0.0,0.0,0.7232472324723247,-1.097514340344121
2024-10-28,2024,SHORT,-23.74,False,False,3.9766536964980546,-7.083333333333544,1.2089554613106124,12.268942491142212,1.0,0.0,0.0,1.3618677042801557,-0.20833333333333956
2024-10-29,2024,LONG,48.76,False,True,5.685823754789272,2.319767441860293,0.8291288345615664,4.1951851474905455,1.0,1.0,1.0,2.628352490421456,1.9127906976742635
2024-10-30,2024,SHORT,-37.739999999999995,False,False,-1.1666666666666667,-4.747474747474766,2.2602810498036785,5.841089130611778,0.0,0.0,0.0,1.2530864197530864,0.9898989898989202
2024-10-30,2024,SHORT,34.26,False,True,0.9514563106796117,-6.841423948220104,2.301601074080501,10.094481332980216,1.0,0.0,0.0,2.7184466019417477,2.1294498381876448
2024-10-31,2024,SHORT,140.76,True,True,2.664835164835165,1.0431154381084893,0.5881220690137883,2.209841795740464,1.0,1.0,1.0,0.19230769230769232,-0.5702364394992948
2024-11-05,2024,LONG,102.26,False,True,5.613526570048309,5.479166666666699,-1.3920109367679698,-1.2576510333863595,1.0,1.0,1.0,-0.13526570048309178,-0.3333333333333198
2024-11-06,2024,LONG,-14.74,False,False,-0.7222222222222223,-0.8795779019242735,2.732350513917023,2.889706193619074,0.0,0.0,0.0,1.2813620071684588,0.3308504034760928
2024-11-07,2024,LONG,81.76,True,True,4.177419354838709,2.488549618320656,1.2086271567891975,2.8974968933072507,1.0,1.0,1.0,1.411290322580645,3.1908396946565247
2024-11-11,2024,SHORT,-75.24,False,False,6.02,-3.491183879093167,1.5675000000000008,11.078683879093168,1.0,0.0,0.0,2.94,1.5163727959696491
2024-11-12,2024,SHORT,-227.74,False,False,8.421052631578947,6.964705882352866,-2.487620678916225,-1.031273929690144,1.0,1.0,1.0,3.5789473684210527,1.8117647058824031
2024-11-13,2024,SHORT,-160.74,False,False,0.9813084112149533,-0.23684210526312177,0.2504796682552455,1.4686301847333205,1.0,0.0,0.0,-0.6869158878504673,-0.8157894736841859
2024-11-14,2024,SHORT,49.26,True,True,1.9823008849557522,3.2250332889480027,-0.598494365502545,-1.8412267694947955,1.0,1.0,1.0,0.3716814159292035,-0.18641810918774876
2024-11-14,2024,SHORT,48.26,False,True,6.802816901408451,13.645569620253006,-2.2294835680751177,-9.072236286919672,1.0,1.0,1.0,2.119718309859155,1.2759493670887219
2024-11-15,2024,SHORT,112.76,True,True,5.051546391752577,5.71184022824539,2.610442625941139,1.9501487894483258,1.0,1.0,1.0,1.1185567010309279,1.3181169757489222
2024-11-18,2024,LONG,-64.24000000000001,False,False,2.7857142857142856,1.5706940874036104,1.1091990737043842,2.3242192720150596,1.0,1.0,1.0,2.1666666666666665,1.5706940874036104
2024-11-19,2024,LONG,100.76,True,True,7.935018050541516,8.59649122807002,-1.3793708947294796,-2.0408440722579835,1.0,1.0,1.0,-0.5054151624548737,0.4605263157894654
2024-11-19,2024,LONG,-15.74,False,False,13.493212669683258,13.114942528735698,-0.06374558504376004,0.3145245559037999,1.0,1.0,1.0,1.1402714932126696,1.0862068965518423
2024-11-27,2024,SHORT,68.26,False,True,2.7612456747404845,0.9684466019417209,2.470933551328762,4.263732624127526,1.0,1.0,1.0,0.629757785467128,0.23786407766991943
2024-11-29,2024,LONG,-4.24,False,False,8.204301075268816,-1.3775100401606757,-0.813496477567667,8.768314637861824,1.0,0.0,0.0,2.258064516129032,-1.405622489959847
2024-12-02,2024,LONG,104.26,False,True,0.9049429657794678,-1.509350935093536,3.2018186000568316,5.616112500929836,1.0,0.0,0.0,0.8517110266159696,0.6160616061606154
2024-12-04,2024,LONG,-17.240000000000002,False,False,0.7255813953488371,0.7297650130547892,1.3632321639731964,1.3590485462672444,1.0,1.0,1.0,0.8465116279069766,-0.8146214099217077
2024-12-04,2024,LONG,60.760000000000005,True,True,2.1666666666666665,-1.664634146341447,3.1809728183118744,7.012273631319988,1.0,0.0,0.0,1.5,1.3231707317072343
2024-12-05,2024,SHORT,-54.74,False,False,1.856353591160221,3.347334410339215,-0.24187547668210652,-1.7328562958611007,1.0,1.0,1.0,0.46408839779005523,0.13570274636508525
2024-12-05,2024,SHORT,-9.74,False,False,2.160493827160494,9.170886075949314,0.8277137200093172,-6.182678528779503,1.0,1.0,1.0,4.839506172839506,3.6329113924049934
2024-12-06,2024,LONG,-44.24,False,False,1.6551724137931034,-2.752808988764017,7.33265720081136,11.74063860336848,1.0,0.0,0.0,2.2758620689655173,1.7303370786515246
2024-12-09,2024,SHORT,75.12,True,True,4.553398058252427,2.1710144927535575,-1.6854288457006215,0.6969547197982484,1.0,1.0,1.0,3.2621359223300974,3.631884057970985
2024-12-10,2024,LONG,-385.74,False,False,0.40944881889763773,-0.5893782383419703,0.9276940382452192,1.9265210954848273,1.0,0.0,0.0,0.8188976377952755,1.4481865284973974
2024-12-11,2024,LONG,28.76,False,True,5.337016574585635,-2.8880157170922813,1.4999629596416062,9.724995251319523,1.0,0.0,0.0,2.7845303867403315,1.5402750491158583
2024-12-16,2024,LONG,118.76,True,True,1.7272727272727273,2.7089820359281576,1.649822244794312,0.6681129361388818,1.0,1.0,1.0,1.1363636363636365,0.062275449101810564
2024-12-23,2024,LONG,81.76,True,True,0.9264705882352942,-1.6741405082212235,0.594230824331681,3.194841920788199,1.0,0.0,0.0,1.6127450980392157,1.4648729446935707
2024-12-24,2024,LONG,297.76,True,True,7.466666666666666,2.035714285714159,-0.002614379084966423,5.428338001867541,1.0,1.0,1.0,-0.3733333333333333,1.1785714285712956
2024-12-26,2024,LONG,-52.24,False,False,5.022421524663677,7.418803418803516,-1.8159699117604515,-4.2123518059002905,1.0,1.0,1.0,1.3183856502242153,-0.32905982905980374
2024-12-26,2024,LONG,52.76,False,True,2.6128133704735377,7.85507246376806,-0.523132780792948,-5.76539187408747,1.0,1.0,1.0,0.350974930362117,0.579710144927534
2025-01-15,2025,LONG,-57.24,False,False,1.5585412667946257,-2.0120772946859464,1.2136830750596281,4.7843016365402,1.0,0.0,0.0,-0.564299424184261,-1.369565217391301
2025-01-22,2025,LONG,1.7599999999999998,False,True,3.71,-3.4553191489361095,1.9103636363636367,9.075682785299746,1.0,0.0,0.0,2.17,0.0893617021277129
2025-01-23,2025,LONG,-3.24,False,False,4.393305439330543,5.009416195856796,-1.450180889294546,-2.066291645820799,1.0,1.0,1.0,0.6443514644351463,-0.5273069679849259
2025-01-28,2025,LONG,4.26,True,True,1.6943907156673113,0.5145482388974251,1.0667824686902307,2.246624945460117,1.0,1.0,1.0,1.8800773694390716,1.1393568147014173
2025-01-29,2025,SHORT,-262.24,False,False,6.023255813953488,1.5842105263157078,1.0299916992121059,5.469036986849886,1.0,1.0,1.0,4.63953488372093,2.3947368421052917
2025-01-31,2025,LONG,0.2599999999999998,False,True,2.874172185430463,0.6395939086295024,0.6974603704952864,2.932038647296247,1.0,1.0,1.0,0.4172185430463576,0.3553299492385765
2025-02-03,2025,LONG,83.22,False,True,2.4618937644341803,3.1453113815318545,-0.5428906491693828,-1.226308266267057,1.0,1.0,1.0,2.8521939953810627,3.1732283464566677
2025-02-04,2025,LONG,77.36,True,True,4.179710144927537,7.597156398104328,1.5050858995718457,-1.9123603536049458,1.0,1.0,1.0,-0.08115942028985508,-0.2654028436019572
2025-02-05,2025,LONG,-21.74,False,False,3.4583333333333335,3.8251366120218675,1.5393220007815551,1.172518722093021,1.0,1.0,1.0,2.4583333333333335,1.5683060109289308
2025-02-06,2025,LONG,-67.74000000000001,False,False,-1.821969696969697,-3.1028806584362245,2.5987453452222335,3.8796563066887613,0.0,0.0,0.0,-0.8863636363636365,-0.8559670781892614
2025-02-06,2025,LONG,-116.24,False,False,-1.435897435897436,-6.243902439024618,3.5473287519397028,8.355333755066885,0.0,0.0,0.0,0.14358974358974358,-2.0487804878050566
2025-02-11,2025,LONG,49.76,False,True,6.010869565217392,1.7777777777779742,-0.10816686251468877,4.124924924924729,1.0,1.0,1.0,1.8260869565217392,0.2777777777777848
2025-02-13,2025,LONG,210.26,True,True,3.1783783783783788,-1.2058823529411404,0.0709052892433979,4.455166020562917,1.0,0.0,0.0,0.9081081081081082,1.2058823529411404
2025-02-14,2025,LONG,-86.74,False,False,1.4375,-1.919621749408994,0.2695844686648501,3.626706218073844,1.0,0.0,0.0,0.625,0.4633569739951395
2025-02-14,2025,LONG,18.76,True,True,-0.07179487179487179,-7.900414937759313,3.0313803640228514,10.860000429987293,0.0,0.0,0.0,1.6512820512820512,1.27800829875535
2025-02-19,2025,SHORT,-215.74,False,False,-0.17500000000000002,-0.5572139303481981,1.8163793103448276,2.1985932406930258,0.0,0.0,0.0,0.8166666666666667,2.1592039800994853
2025-02-24,2025,SHORT,129.26,False,True,2.3503184713375793,2.2284688995215753,0.3243655889967054,0.4462151608127094,1.0,1.0,1.0,1.2611464968152866,0.6244019138756218
2025-02-25,2025,SHORT,93.78,False,True,3.1969111969111967,1.8696774193548171,0.4407699625090933,1.768003740065473,1.0,1.0,1.0,2.3629343629343627,2.125161290322589
2025-02-25,2025,SHORT,216.28,False,True,3.614678899082569,1.970935513169831,0.39003190960625567,2.0337752955189936,1.0,1.0,1.0,0.23853211009174313,-0.07629427792914319
2025-02-26,2025,LONG,99.26,False,True,2.2962962962962963,2.817177914110429,-0.8343960140761646,-1.3552776318902975,1.0,1.0,1.0,-0.345679012345679,-0.8245398773006402
2025-02-28,2025,LONG,181.26,False,True,0.2545454545454546,1.8678996036987987,0.675889328063241,-0.9374648210901031,1.0,1.0,1.0,2.565034965034965,2.6816380449141413
2025-03-03,2025,SHORT,89.52,True,True,6.226865671641791,6.535859269282847,-0.1749669374645766,-0.4839605351056324,1.0,1.0,1.0,1.0447761194029852,0.6820027063600181
2025-03-04,2025,SHORT,94.68,False,True,2.7884940778341796,1.9800853485064063,-1.323537322689533,-0.5151285933617598,1.0,1.0,1.0,2.1116751269035534,1.3314366998577283
2025-03-05,2025,SHORT,93.78,False,True,0.4009720534629405,0.2938931297710097,0.456376996332585,0.5634559200245158,1.0,1.0,1.0,-0.12029161603888215,-0.031488549618291777
2025-03-05,2025,SHORT,-407.24,False,False,0.616580310880829,1.1466992665037117,0.6879383531663223,0.15781939754343965,1.0,1.0,1.0,-1.6683937823834196,-1.2151589242053606
2025-03-07,2025,SHORT,534.02,False,True,0.728,1.7516099356025452,0.3796923076923078,-0.6439176279102374,1.0,1.0,1.0,1.47,0.9530818767248738
2025-03-10,2025,SHORT,237.26,True,True,1.020637898686679,1.1230283911671897,1.1379490986827308,1.0355586062022202,1.0,1.0,1.0,1.99624765478424,2.4479495268138947
2025-03-10,2025,SHORT,85.68,True,True,5.128712871287129,3.1981845688350945,2.725071111078779,4.655599413530814,1.0,1.0,1.0,1.0627062706270627,1.1225416036308582
2025-03-11,2025,LONG,-813.24,False,False,-0.588495575221239,-0.17897727272726768,0.9974891512383696,0.5879708487443983,0.0,0.0,0.0,1.1460176991150441,1.3522727272727368
2025-03-12,2025,SHORT,-407.24,False,False,5.040690505548705,4.682222222222244,-1.2802083252552037,-0.9217400419287425,1.0,1.0,1.0,1.5536374845869296,0.8244444444444436
2025-03-13,2025,SHORT,120.76,False,True,4.687687687687688,6.176470588235243,0.19869021563936773,-1.2900926849081875,1.0,1.0,1.0,1.7447447447447448,1.5555555555555323
2025-03-14,2025,LONG,183.26,False,True,1.758974358974359,1.211812627291239,-0.5252150405505038,0.021946691132616047,1.0,1.0,1.0,1.3641025641025641,1.325865580448055
2025-03-14,2025,LONG,-27.24,False,False,7.575342465753425,6.086956521739094,-1.096003622778218,0.39238232123611283,1.0,1.0,1.0,1.2146118721461188,1.667296786389392
2025-03-17,2025,LONG,309.76,True,True,4.544502617801047,6.717339667458241,-2.7738702490979392,-4.946707298755133,1.0,1.0,1.0,2.5654450261780104,1.6294536817102123
2025-03-18,2025,SHORT,-146.24,False,False,5.124528301886793,2.5280728376328363,0.39826581576026676,2.994721280014223,1.0,1.0,1.0,2.0075471698113208,2.166919575113901
2025-03-19,2025,LONG,-68.74000000000001,True,False,5.044692737430167,6.461538461538613,-0.5312599016092712,-1.9481056257177167,1.0,1.0,1.0,2.3072625698324023,2.0102564102564244
2025-03-24,2025,LONG,119.76,False,True,3.5709876543209877,2.281132075471743,-1.6822100992107674,-0.39235452036152263,1.0,1.0,1.0,1.4444444444444444,0.9320754716981579
2025-03-25,2025,LONG,-32.239999999999995,False,False,1.0383631713554988,-0.45230769230767587,0.5754888210543683,2.066159684717543,1.0,0.0,0.0,1.5396419437340154,0.9907692307693161
2025-03-26,2025,SHORT,325.26,True,True,5.1347962382445145,5.6617647058823275,0.6172086969806552,0.09024022934284215,1.0,1.0,1.0,2.3699059561128526,2.985294117646983
2025-04-01,2025,LONG,559.02,True,True,-0.26217228464419473,-1.4979999999999962,0.7191113959991042,1.9549391113549057,0.0,0.0,0.0,1.975031210986267,1.3859999999999715
2025-04-02,2025,LONG,333.76,True,True,6.224615384615384,7.248357424441486,-0.5228141838148499,-1.5465562236409518,1.0,1.0,1.0,0.9692307692307692,1.1773981603153472
2025-04-03,2025,SHORT,279.76,False,True,2.0211267605633805,3.8634237605238506,-1.0344199634728362,-2.8767169634333065,1.0,1.0,1.0,0.04929577464788733,0.9167446211412527
2025-04-04,2025,SHORT,-813.24,False,False,5.06318082788671,5.696696696696666,-0.9388756232378972,-1.5723914920478528,1.0,1.0,1.0,2.612926652142338,2.543543543543519
2025-04-07,2025,LONG,-407.24,False,False,2.284493806065784,2.2382445141065803,0.10749565374976289,0.15374494570896635,1.0,1.0,1.0,1.1930798803929943,1.143808777429468
2025-04-07,2025,LONG,38.46,False,True,5.166996047430829,4.706787330316734,0.3238215626320633,0.7840302797461582,1.0,1.0,1.0,1.2727272727272727,0.8045248868778301
2025-04-08,2025,LONG,-407.24,False,False,0.8277066356228172,-0.5288932419196835,0.6341328947098638,1.9907327722523644,1.0,0.0,0.0,1.8649592549476135,0.8726738491674657
2025-04-09,2025,LONG,51.26,True,True,1.5699077359829667,0.15577190542421385,-0.08092576548578956,1.3332100650729632,1.0,1.0,1.0,0.1887863733144074,-0.1363004172461622
2025-04-09,2025,LONG,593.76,True,True,4.1253175275190515,1.6586345381526186,0.37146382653200316,2.838146815898436,1.0,1.0,1.0,1.0313293818797629,0.740294511378859
2025-04-10,2025,SHORT,199.76,True,True,3.8699186991869916,4.713450292397636,-0.15211216807177275,-0.9956437612824169,1.0,1.0,1.0,1.3544715447154472,1.8011695906432512
2025-04-11,2025,LONG,75.96,False,True,5.447761194029851,2.227272727272752,-0.4204357731079629,2.800052693649136,1.0,1.0,1.0,0.44776119402985076,0.7809917355372074
2025-04-11,2025,LONG,-11.74,False,False,6.212875536480687,4.178919397697104,-0.6539576089245198,1.379998529859063,1.0,1.0,1.0,2.88412017167382,3.360496014171868
2025-04-15,2025,LONG,-34.739999999999995,False,False,1.1558307533539733,1.8219178082191985,-0.006189397924836637,-0.6722764527900618,1.0,1.0,1.0,1.3292053663570693,0.7311643835616662
2025-04-16,2025,SHORT,327.26,True,True,1.4867256637168142,0.7706422018348624,-0.6094599982585024,0.10662346362344943,1.0,1.0,1.0,0.4336283185840708,0.23119266055042367
2025-04-21,2025,SHORT,-52.24,False,False,14.790588235294118,10.470338983050924,-2.5639758006630906,1.7562734515801033,1.0,1.0,1.0,3.524705882352941,3.262711864406808
2025-04-22,2025,LONG,250.76,True,True,4.564,-1.1803921568627327,-0.16946697038724334,5.57492518647549,1.0,0.0,0.0,1.176,-0.8235294117647058
2025-04-23,2025,LONG,-407.24,False,False,1.4324324324324325,1.0251046025104613,0.39709348257616495,0.8044213124981361,1.0,1.0,1.0,-0.5,-1.098326359832637
2025-04-24,2025,LONG,87.26,False,True,10.36568848758465,9.389021479713705,1.0551609332647711,2.0318279411357167,1.0,1.0,1.0,-0.7900677200902935,-0.5680190930787822
2025-04-25,2025,LONG,-21.24,False,False,6.525073746312684,5.387533875338691,2.002111387892408,3.139651258866402,1.0,1.0,1.0,1.6519174041297935,1.8970189701896738
2025-05-01,2025,LONG,161.8,False,True,1.6923076923076923,1.4208223972003367,-0.6666999127290862,-0.3952146176217306,1.0,1.0,1.0,1.7115384615384615,0.9063867016622741
2025-05-07,2025,SHORT,57.26,True,True,0.9506172839506173,2.2746615087040647,0.3928506495410691,-0.9311935752123783,1.0,1.0,1.0,2.8518518518518516,0.9477756286266833
2025-05-07,2025,SHORT,172.76,True,True,1.1946666666666668,2.9348441926346007,1.5067551342812007,-0.2334223916867333,1.0,1.0,1.0,2.8373333333333335,3.569405099150146
2025-05-08,2025,LONG,204.76,True,True,0.6526315789473685,0.5067873303167634,-0.8910373760488177,-0.7451931274182126,0.0,0.0,0.0,2.905263157894737,3.082956259426889
2025-05-13,2025,LONG,171.26,True,True,3.8125,-2.0350262697023247,1.7682560137457042,7.615782283448029,1.0,0.0,0.0,-0.96875,-0.8826619964973521
2025-05-15,2025,LONG,183.26,True,True,4.231638418079096,0.5575221238937399,-1.3942400440953562,2.27987625009,1.0,1.0,1.0,2.926553672316384,2.787610619469122
2025-05-19,2025,LONG,105.76,True,True,8.546511627906977,4.770083102493097,-0.030422518996086723,3.746006006417793,1.0,1.0,1.0,1.0174418604651163,0.5041551246538051
2025-05-21,2025,LONG,110.76,True,True,2.812785388127854,0.8947368421052978,2.082029426686961,4.0000779727095175,1.0,1.0,1.0,1.7899543378995435,1.4210526315789882
2025-05-27,2025,LONG,147.76,True,True,6.493617021276596,5.038348082595714,0.2734809454516842,1.728749884132566,1.0,1.0,1.0,1.4297872340425533,1.5693215339231659
2025-05-27,2025,LONG,-90.74,False,False,15.23076923076923,11.983539094650668,0.8220709277512448,4.069301063869807,1.0,1.0,1.0,2.6153846153846154,3.283950617284206
2025-05-30,2025,SHORT,368.26,True,True,1.75,0.031531531531504085,0.508964143426295,2.227432611894791,1.0,1.0,1.0,0.6805555555555556,0.5990990990990077
2025-05-30,2025,SHORT,-407.24,False,False,3.568627450980392,1.9550561797753367,1.3009377664109119,2.914509037615967,1.0,1.0,1.0,0.0915032679738562,0.08988764044945839
2025-06-02,2025,LONG,7.26,True,True,0.11518324607329843,-1.1509933774834673,0.8497959494884214,2.115972573045187,1.0,0.0,0.0,0.9214659685863874,1.6754966887417369
2025-06-02,2025,LONG,25.26,True,True,3.107231920199501,0.3905579399140819,1.3919646518412057,4.108638632126625,1.0,1.0,1.0,1.9551122194513717,1.5321888412016924
2025-06-03,2025,LONG,88.76,True,True,3.203389830508475,3.933682373473026,0.21305579283370024,-0.5172367501308508,1.0,1.0,1.0,1.5423728813559323,1.4415357766143282
2025-06-05,2025,LONG,150.26,False,True,-1.1184022824536377,-0.7731092436974578,1.1100936771123915,0.7648006383562115,1.0,1.0,1.0,0.4793152639087019,0.0
2025-06-06,2025,LONG,-77.74,False,False,2.1508379888268156,1.4640522875817663,-0.4990625019997823,0.18772319924526704,1.0,1.0,1.0,0.5083798882681564,1.6470588235294525
2025-06-09,2025,LONG,-86.24,False,False,0.5397923875432526,-1.1989150090415759,2.214949273673229,3.953656670258057,1.0,0.0,0.0,1.5743944636678202,0.4701627486437637
2025-06-09,2025,LONG,30.26,False,True,1.5555555555555556,-1.3802816901408028,1.1541218637992834,4.089959109495641,1.0,0.0,0.0,-1.6908212560386473,0.0
2025-06-12,2025,LONG,-64.74000000000001,False,False,6.508361204013378,2.6173913043477466,-1.1632525083612038,2.7277173913044273,1.0,1.0,1.0,1.1237458193979932,-0.2739130434782831
2025-06-16,2025,LONG,-79.74,False,False,7.596899224806203,2.192771084337373,1.8537073609823587,7.257835501451188,1.0,1.0,1.0,-0.054263565891472874,-2.5975903614459033
2025-06-16,2025,LONG,-67.24000000000001,False,False,6.914285714285715,3.747211895910783,1.978796046720575,5.145869865095507,1.0,1.0,1.0,1.6,1.1449814126395046
2025-06-17,2025,LONG,-407.24,False,False,1.951219512195122,3.9807228915662165,0.03019578444533555,-1.999307594925759,1.0,1.0,1.0,0.6829268292682927,0.708433734939736
2025-06-23,2025,LONG,231.76,True,True,0.1761006289308176,-0.15448275862072672,0.5959581945985941,0.9265415821501384,1.0,0.0,0.0,0.48427672955974843,0.656551724137869
2025-06-24,2025,LONG,64.26,True,True,1.6138328530259367,2.5313653136531493,0.11055739087650229,-0.8069750697507103,1.0,1.0,1.0,1.2103746397694526,2.247232472324646
2025-06-24,2025,LONG,36.26,False,True,7.45273631840796,5.720430107527184,0.42226368159203975,2.154569892472816,1.0,1.0,1.0,-0.06965174129353234,-1.5053763440860288
2025-06-26,2025,LONG,89.26,True,True,2.6464285714285714,3.5635964912280773,-1.8284013605442175,-2.7455692803437235,1.0,1.0,1.0,2.275,2.8223684210526634
2025-06-27,2025,LONG,41.26,False,True,3.630188679245283,0.9530075187970178,-1.1333202032536338,1.5438609571946316,1.0,1.0,1.0,-0.539622641509434,-0.14661654135336172
2025-07-01,2025,SHORT,133.26,True,True,-0.6538461538461539,-2.3809523809523183,2.792077183328996,4.5191834104351605,0.0,0.0,0.0,1.4615384615384615,0.30952380952384473
2025-07-02,2025,LONG,80.26,True,True,2.4,1.8983050847457628,2.3181254307374224,2.8198203459916593,1.0,1.0,1.0,0.8571428571428571,1.7796610169491525
2025-07-03,2025,LONG,-27.74,False,False,10.294117647058824,2.4726368159203775,-2.1998992316412647,5.621581599497182,1.0,1.0,1.0,-0.16470588235294117,-1.0796019900497245
2025-07-07,2025,SHORT,-28.74,True,False,2.4536082474226806,1.3356890459364419,-0.8597334138674211,0.2581857876188176,1.0,1.0,1.0,1.154639175257732,1.1130742049470161
2025-07-08,2025,LONG,-24.24,False,False,-0.42424242424242425,1.647058823529406,0.18434034345907052,-1.8869609043127595,1.0,0.0,0.0,1.234159779614325,0.9570747217806295
2025-07-11,2025,LONG,9.26,False,True,3.4628975265017665,-1.639913232104136,0.03193260643767237,5.134743365043575,1.0,0.0,0.0,2.4240282685512367,1.0325379609544663
2025-07-14,2025,LONG,-5.74,False,False,0.42813455657492355,1.5449915110356391,1.8919662625807159,0.7751093081200002,1.0,1.0,1.0,0.8990825688073394,-0.8794567062817822
2025-07-14,2025,LONG,-14.74,False,False,5.707006369426752,5.876543209876488,2.6929936305732483,2.5234567901235128,1.0,1.0,1.0,0.0,0.4320987654320976
2025-07-15,2025,LONG,-47.24,False,False,-3.15819209039548,-4.407092198581549,2.2131193924956416,3.4620195006817105,1.0,1.0,1.0,-0.5508474576271186,-1.0879432624113572
2025-07-16,2025,LONG,-74.74,False,False,-1.6786786786786785,-0.422451994091541,-0.023113825395194354,-1.2793405099823318,1.0,1.0,1.0,0.7417417417417417,0.19202363367798908
2025-07-17,2025,LONG,99.76,True,True,2.4984615384615383,4.041666666666696,0.9186437246963566,-0.6245614035088014,1.0,1.0,1.0,1.3353846153846154,0.9166666666666881
2025-07-23,2025,LONG,60.760000000000005,True,True,2.61244019138756,2.0714285714286462,-2.9769372328076784,-2.4359256128487647,0.0,0.0,0.0,1.2057416267942584,0.03571428571441581
2025-07-24,2025,LONG,-24.24,False,False,3.4326923076923075,-3.4822335025380875,-0.9326923076923075,5.9822335025380875,1.0,0.0,0.0,2.7596153846153846,1.7055837563452187
2025-07-29,2025,SHORT,-54.74,False,False,6.101167315175097,8.98507462686554,-1.7411673151750966,-4.62507462686554,1.0,1.0,1.0,2.0155642023346303,2.656716417910444
2025-07-29,2025,SHORT,10.260000000000002,False,True,6.904109589041096,11.208333333333856,-0.9000732620986138,-5.204297006391374,1.0,1.0,1.0,1.9178082191780823,1.333333333333505
2025-07-30,2025,LONG,8.26,True,True,1.2093023255813953,2.0204498977504644,-0.15803878767525803,-0.9691863598443271,1.0,1.0,1.0,1.9651162790697674,1.9141104294477829
2025-08-01,2025,SHORT,-147.24,False,False,7.0,3.6729131175469383,-0.37358490566037705,2.9535019767926847,1.0,1.0,1.0,3.564814814814815,3.005110732538365
2025-08-04,2025,LONG,65.76,False,True,5.6434108527131785,2.488330341112962,-0.7738456353218739,2.381234876278343,1.0,1.0,1.0,0.578811369509044,-0.2513464991023286
2025-08-14,2025,LONG,-84.24,False,False,3.0588235294117645,-0.9115191986644536,0.1757736269863397,4.146116355062558,1.0,0.0,0.0,0.1568627450980392,-0.44407345575961654
2025-08-15,2025,SHORT,-139.24,False,False,6.775800711743772,6.5955555555554986,-0.43367765562477256,-0.25343249943649937,1.0,1.0,1.0,2.9395017793594302,1.2133333333333616
2025-08-19,2025,SHORT,7.76,True,True,2.709677419354839,1.7308294209701716,2.540322580645161,3.5191705790298284,1.0,1.0,1.0,3.0570719602977667,2.804381846635284
2025-08-19,2025,SHORT,10.760000000000002,False,True,7.92170818505338,6.812652068126611,3.866753353408158,4.975809470334927,1.0,1.0,1.0,0.797153024911032,0.8856447688565833
2025-08-22,2025,LONG,159.12,False,True,4.145748987854251,5.214750542299352,-0.6313332063671493,-1.7003347608122499,1.0,1.0,1.0,0.7773279352226721,1.9262472885032418
2025-08-22,2025,LONG,25.26,False,True,16.130434782608695,20.20454545454551,-3.6407257691239536,-7.714836441060768,1.0,1.0,1.0,1.1666666666666665,0.18560606060601334
2025-08-25,2025,LONG,-42.24,False,False,2.4285714285714284,-2.775147928994293,3.0877329192546585,8.29145227682038,1.0,0.0,0.0,-0.14285714285714285,-1.2426035502959014
2025-08-28,2025,LONG,27.26,False,True,0.20512820512820512,-3.739514348785979,3.0017683465959326,6.9464109005101164,1.0,0.0,0.0,0.7692307692307693,1.1434878587196318
2025-08-29,2025,SHORT,-62.24,False,False,8.272727272727273,9.450000000000045,1.9482029598308657,0.7709302325580936,1.0,1.0,1.0,2.3719008264462813,2.349999999999909
2025-09-03,2025,LONG,-349.74,False,False,1.2869955156950672,1.8357615894040236,0.6828537305360884,0.13408765682713208,1.0,1.0,1.0,1.3183856502242153,0.22251655629136102
2025-09-04,2025,LONG,67.26,False,True,8.108910891089108,5.798507462686718,-1.5239306539349586,0.7864727744674314,1.0,1.0,1.0,1.386138613861386,1.253731343283621
2025-09-08,2025,LONG,-11.74,False,False,0.22674418604651164,-3.056360708534607,1.851559239728366,5.134664134309485,1.0,0.0,0.0,0.5668604651162791,0.4814814814815203
2025-09-09,2025,SHORT,-176.74,False,False,2.220496894409938,4.015235457063679,0.22877846790890288,-1.5659600947448382,1.0,1.0,1.0,2.5838509316770186,2.304709141274233
2025-09-11,2025,LONG,74.26,False,True,4.363636363636363,6.72727272727282,-3.873765277080194,-6.237401640716651,1.0,1.0,1.0,1.0909090909090908,1.818181818181821
2025-09-12,2025,LONG,-5.74,True,False,0.6724137931034483,-2.6045296167247756,0.8714591267150086,4.148402536543232,1.0,0.0,0.0,-0.6163793103448275,-1.0418118466898896
2025-09-12,2025,LONG,22.26,True,True,3.6206896551724133,-7.230046948356746,4.358832529127929,15.209569132657087,1.0,0.0,0.0,1.5689655172413792,1.051643192488493
2025-09-15,2025,LONG,62.760000000000005,False,True,3.5879396984924625,1.3369369369369608,1.0219761106749834,3.2729788722304853,1.0,1.0,1.0,1.1256281407035176,0.5045045045044962
2025-09-18,2025,LONG,-120.24,False,False,3.009259259259259,5.081991215227013,-0.3432694115435231,-2.4160013675112766,1.0,1.0,1.0,1.0231481481481481,1.1420204978038113
2025-09-22,2025,LONG,64.76,True,True,5.901345291479821,0.3742138364779479,-1.0302416689018932,4.496889786099979,1.0,1.0,1.0,2.8251121076233185,0.022012578616332212
2025-09-22,2025,LONG,60.260000000000005,True,True,13.9125,6.217252396166139,-2.8671012269938654,4.828146376839995,1.0,1.0,1.0,-0.7,-0.3578274760382145
2025-09-23,2025,SHORT,143.26,True,True,4.948275862068965,-2.012875536480753,0.21040358415041727,7.171554982700135,1.0,0.0,0.0,1.7499999999999998,1.1115879828325548
2025-09-23,2025,SHORT,16.76,False,True,6.519402985074628,2.57638888888885,0.49956720462726967,4.442581300813047,1.0,1.0,1.0,1.2955223880597015,2.2118055555555194
2025-09-24,2025,SHORT,173.26,True,True,4.558139534883721,1.9534883720929324,0.2745201255851555,2.879171288375944,1.0,1.0,1.0,2.224806201550388,2.279069767441732
2025-09-25,2025,SHORT,-204.74,False,False,3.7070422535211267,1.8286937901498908,-1.6371732578879388,0.24117520548329718,1.0,1.0,1.0,2.011267605633803,1.8286937901498908
2025-10-01,2025,LONG,91.76,True,True,13.12,4.170212765957586,3.0833426183844015,12.033129852426814,1.0,1.0,1.0,1.28,-0.496453900709231
2025-10-06,2025,LONG,-12.24,True,False,0.21761658031088082,2.552486187845185,-0.8468300634569482,-3.181699670991253,0.0,0.0,0.0,1.6683937823834196,-0.3093922651934304
2025-10-06,2025,LONG,27.26,False,True,2.3037974683544302,1.3915662650601144,-1.4613905915635992,-0.5491593882692833,1.0,1.0,1.0,1.860759493670886,1.138554216867384
2025-10-07,2025,SHORT,74.66,True,True,4.436619718309859,4.223227752639534,-0.888674512830407,-0.6752825471600823,1.0,1.0,1.0,1.3802816901408452,1.0135746606335267
2025-10-07,2025,SHORT,76.68,True,True,4.929577464788732,4.967741935483814,-0.6982626802824576,-0.7364271509775397,1.0,1.0,1.0,2.445070422535211,1.5601173020527612
2025-10-08,2025,LONG,21.76,True,True,6.207547169811321,2.6808510638298952,1.6174528301886788,5.1441489361701045,1.0,1.0,1.0,1.7169811320754718,1.7127659574467788
2025-10-09,2025,SHORT,-153.24,False,False,6.95679012345679,5.663244353182798,-1.345859739592119,-0.05231396931812693,1.0,1.0,1.0,1.037037037037037,1.3798767967146235
2025-10-10,2025,SHORT,60.260000000000005,False,True,10.026041666666668,8.448032290615613,0.6113902622527938,2.1893996383038488,1.0,1.0,1.0,0.546875,0.6215943491422968
2025-10-16,2025,LONG,-407.24,False,False,0.637478108581436,-2.67105263157887,0.9426130235601693,4.251143763720475,1.0,0.0,0.0,1.6672504378283712,0.7214912280702115
2025-10-16,2025,SHORT,272.26,True,True,3.286384976525822,6.551282051282048,-0.5922519908674126,-3.857149065623639,1.0,1.0,1.0,-0.9859154929577465,-0.9722222222222279
2025-10-20,2025,LONG,1.7599999999999998,False,True,5.6394366197183095,1.8550000000000744,0.26927707322774896,4.053713692945984,1.0,1.0,1.0,2.602816901408451,2.2225000000000605
2025-10-22,2025,SHORT,203.76,True,True,4.233766233766234,4.040586245772177,0.22294814932851725,0.41612813732257425,1.0,1.0,1.0,2.103896103896104,1.4520856820743526
2025-10-22,2025,SHORT,87.26,False,True,5.309659090909091,6.665249734325087,0.7791617360434362,-0.5764289073725601,1.0,1.0,1.0,1.1136363636363638,1.3836344314558453
2025-10-23,2025,LONG,39.76,False,True,2.7876106194690267,2.3915211970074144,1.5778494764751518,1.973938898936764,1.0,1.0,1.0,1.1150442477876106,1.6059850374064284
2025-10-23,2025,LONG,184.76,True,True,5.828793774319066,3.7048346055979793,3.961152365716841,6.085111534437928,1.0,1.0,1.0,-1.0350194552529182,-1.4249363867684413
2025-10-24,2025,LONG,17.76,False,True,2.82258064516129,2.299270072992674,-0.4771991190568725,0.04611145311174347,1.0,1.0,1.0,2.4838709677419355,2.197080291970754
2025-10-27,2025,LONG,113.76,False,True,0.6610169491525424,-1.8912429378530282,1.2322661644695543,3.784526051475125,1.0,0.0,0.0,-0.6169491525423728,-1.6709039548022175
2025-10-27,2025,LONG,23.76,False,True,5.555555555555555,-6.670588235294132,4.215042182732004,16.441185973581693,1.0,0.0,0.0,2.2222222222222223,2.0176470588235937
2025-10-28,2025,LONG,200.76,True,True,0.32558139534883723,1.5460122699386447,3.2994186046511627,2.078987730061355,1.0,1.0,1.0,0.7054263565891473,-0.715746421267879
2025-10-31,2025,SHORT,159.26,True,True,3.522012578616352,-1.558394160583952,0.44416078290584693,5.5245675221061505,1.0,0.0,0.0,2.1132075471698113,1.3029197080293182
2025-10-31,2025,SHORT,-234.24,False,False,6.622950819672131,2.037313432835701,0.9991958534701704,5.584833240306601,1.0,1.0,1.0,0.5573770491803278,0.026119402985050253
2025-11-04,2025,SHORT,200.76,True,True,-3.263157894736842,-2.992526158445475,1.556001585885618,1.2853698495942512,1.0,1.0,1.0,1.2982456140350878,1.423019431988078
2025-11-04,2025,SHORT,147.76,False,True,1.3135802469135802,-0.4320987654320955,2.100354179315928,3.8460331916616037,1.0,0.0,0.0,1.5209876543209877,1.728395061728382
2025-11-06,2025,SHORT,296.76,False,True,4.047486033519553,4.412213740457903,0.6319947453121992,0.26726703837384846,1.0,1.0,1.0,2.91340782122905,3.0534351145037775
2025-11-07,2025,SHORT,169.76,True,True,1.8352941176470587,-0.05471380471380505,0.568966351972888,2.4589742743337517,1.0,0.0,0.0,0.33986928104575165,0.30639730639732815
2025-11-07,2025,SHORT,-407.24,False,False,6.6156862745098035,3.5357664233577717,1.3343917286103215,4.414311579762353,1.0,1.0,1.0,1.4549019607843137,1.2671532846716138
2025-11-12,2025,SHORT,-108.74,False,False,5.013262599469496,2.8588588588588633,0.9398002485814185,3.0942039891920516,1.0,1.0,1.0,1.7082228116710876,1.6396396396396913
2025-11-13,2025,SHORT,166.76,True,True,3.7276853252647504,3.004228329809702,-0.3300455099748585,0.3934114854801898,1.0,1.0,1.0,3.0075642965204237,2.0274841437631985
2025-11-13,2025,SHORT,146.26,True,True,7.086419753086419,8.5066225165563,0.6022995005183311,-0.8179032629515497,1.0,1.0,1.0,0.43209876543209874,1.6456953642383993
2025-11-14,2025,LONG,-78.24,False,False,7.8124006359300475,8.91767881241563,1.2021014588169718,0.09682328233138904,1.0,1.0,1.0,0.15580286168521462,0.24561403508766805
2025-11-18,2025,SHORT,38.16,False,True,2.3309788092835517,-0.40669014084509153,0.13589692572232837,2.8735658758509715,1.0,0.0,0.0,0.6215943491422805,0.3943661971830749
2025-11-18,2025,SHORT,-813.24,False,False,1.9722518676627534,-1.2679245283018694,0.1469882293461391,3.3871646253107617,1.0,0.0,0.0,-0.5378868729989328,-0.8452830188679329
2025-11-20,2025,LONG,-407.24,False,False,1.9969650986342944,2.1590038314176527,-0.7828525212036455,-0.9448912539870038,1.0,1.0,1.0,1.82701062215478,1.4080459770114808
2025-11-21,2025,SHORT,224.76,False,True,0.6634214186369959,-1.2789968652037618,0.1988799776075877,2.1412982614483456,1.0,0.0,0.0,0.47566063977746875,-1.0156739811912037
2025-11-21,2025,LONG,-73.74,False,False,5.782608695652174,12.070941336971298,-1.0232267971974274,-7.311559438516552,1.0,1.0,1.0,3.884910485933504,2.9986357435198077
2025-11-26,2025,LONG,-67.24000000000001,False,False,5.2032085561497325,8.033333333333216,-1.0814694257149498,-3.911594202898433,1.0,1.0,1.0,-0.1122994652406417,1.099999999999897
2025-11-28,2025,LONG,3.76,True,True,3.5123674911660774,1.4366812227075014,-1.5760149819861506,0.4996712864724253,1.0,1.0,1.0,1.7314487632508833,0.36681222707431776
2025-11-28,2025,LONG,1.7599999999999998,False,True,4.9411764705882355,1.6206896551724932,0.4332311123501533,3.7537179277658956,1.0,1.0,1.0,2.3676470588235294,1.862068965517256
2025-12-02,2025,LONG,-407.24,False,False,0.8142589118198875,-1.7597765363128177,1.9040351398074977,4.478070587940203,1.0,0.0,0.0,-0.39399624765478425,-0.9385474860334495
2025-12-09,2025,LONG,22.26,False,True,4.339483394833948,6.957915831663492,-0.7970742715267489,-3.4155067083562924,1.0,1.0,1.0,1.136531365313653,0.6172344689378348
2025-12-09,2025,LONG,-66.74000000000001,False,False,2.7476635514018692,6.821529745042917,3.876150990220891,-0.1977152034201568,1.0,1.0,1.0,-0.06542056074766354,-0.35694050991506676
2025-12-10,2025,SHORT,-407.24,False,False,0.9818181818181818,-1.025641025641053,1.5861894810170671,3.593648688476302,1.0,0.0,0.0,0.18181818181818182,-0.9743589743589304
2025-12-12,2025,SHORT,141.76,True,True,3.965250965250965,2.809849521203866,-0.6930369979404154,0.4623644461066836,1.0,1.0,1.0,1.6563706563706564,1.1559507523939823
2025-12-12,2025,SHORT,-173.24,False,False,5.576923076923077,4.734149054505039,-0.37671982489055633,0.46605419752748123,1.0,1.0,1.0,3.230769230769231,2.6785317018910435
2025-12-17,2025,SHORT,78.48,True,True,3.227606461086637,1.206896551724127,1.203023660416613,3.2237335697791227,1.0,1.0,1.0,2.343612334801762,3.672413793103368
2025-12-17,2025,SHORT,77.58,True,True,3.981651376146789,1.822045152722473,1.0945897586049838,3.2541959820293,1.0,1.0,1.0,0.7064220183486238,1.059760956175347
2025-12-18,2025,LONG,-29.74,False,False,1.6511254019292605,0.7545824847250213,-0.40721580404255664,0.48932711316168254,1.0,1.0,1.0,1.797427652733119,1.085539714867585
2025-12-31,2025,SHORT,-71.74,True,False,6.387832699619772,3.818181818181703,-1.5152836800119296,1.0543672014261398,1.0,1.0,1.0,2.3422053231939164,1.5210643015519814
2026-01-07,2026,LONG,96.72,True,True,-0.16560509554140126,-3.310666666666631,2.70353613002416,5.84859770114939,0.0,0.0,0.0,0.2070063694267516,-0.5199999999999969
2026-01-09,2026,LONG,220.76,False,True,2.232744783306581,0.7265692175408387,-0.15923098288195314,1.3469445828837894,1.0,1.0,1.0,3.1091492776886036,2.0791057609630053
2026-01-12,2026,LONG,18.76,True,True,8.722222222222221,2.8533333333333566,-1.6605870020964355,4.208301886792429,1.0,1.0,1.0,2.3333333333333335,1.0666666666666482
2026-01-12,2026,LONG,75.76,False,True,15.109756097560977,6.766666666666256,0.03985020165162112,8.382939632546343,1.0,1.0,1.0,1.7926829268292683,0.13999999999986418
2026-01-14,2026,SHORT,-60.74,False,False,5.916859122401848,0.023608768971310486,0.9934739262744969,6.886724279705034,1.0,1.0,1.0,3.5242494226327947,2.2664418212478465
2026-01-14,2026,SHORT,-220.24,False,False,6.517906336088155,-0.9024390243901838,2.08618385793387,9.506529218412208,1.0,0.0,0.0,0.5399449035812672,0.43902439024393913
2026-01-21,2026,LONG,169.76,True,True,2.94392523364486,2.7164179104477837,-0.18937977909940562,0.03812754409767072,1.0,1.0,1.0,1.1214953271028039,1.4029850746268697
2026-01-26,2026,LONG,101.76,False,True,3.598870056497175,-0.09594095940957881,-0.6224840195361896,3.072326996370564,1.0,0.0,0.0,1.3220338983050848,-0.3517835178351465
2026-01-26,2026,LONG,-159.24,False,False,10.989247311827956,-3.5315315315315505,-1.172345903377252,13.348432939982255,1.0,0.0,0.0,3.161290322580645,1.0510510510510453
2026-01-27,2026,LONG,-17.240000000000002,False,False,2.574193548387097,-1.0033076074972407,0.10970889063729361,3.6872100465216313,1.0,0.0,0.0,0.767741935483871,-0.6945975744211665
2026-01-30,2026,LONG,-407.24,False,False,0.9333333333333333,-0.5889967637540316,-0.3360000000000001,1.186330097087365,1.0,0.0,0.0,-0.31733333333333336,-0.20388349514560256
2026-01-30,2026,SHORT,-72.74,False,False,3.36,4.769607843137265,1.0600345423143351,-0.3495733008229296,1.0,1.0,1.0,1.4215384615384614,1.2009803921568574
2026-02-04,2026,SHORT,148.76,True,True,2.264236902050114,4.115302491103189,1.6192413588194512,-0.23182423023362375,1.0,1.0,1.0,1.7699316628701594,2.770106761565818
2026-02-05,2026,SHORT,-407.24,False,False,2.326490713587488,0.6402151983860241,-0.5874536632921594,1.0988218519093045,1.0,1.0,1.0,-0.05474095796676442,-0.3106926698049483
2026-02-06,2026,LONG,394.26,True,True,3.0757575757575757,3.756756756756768,-1.355069481597322,-2.0360686625965148,1.0,1.0,1.0,-0.26515151515151514,0.3513513513513378
2026-02-09,2026,LONG,69.26,False,True,10.929368029739777,6.5333333333332675,0.8864395303976806,5.28247422680419,1.0,1.0,1.0,-0.41635687732342,-0.06222222222230648
2026-02-10,2026,LONG,-55.24,False,False,0.9885931558935361,0.6431578947368795,-0.5036401778371098,-0.1582049166804531,1.0,1.0,1.0,-0.2965779467680609,0.6842105263157895
2026-02-10,2026,SHORT,76.76,True,True,1.6091954022988506,-1.01510574018138,0.5806299583693348,3.2049311008495653,1.0,0.0,0.0,2.789272030651341,3.80664652568003
2026-02-12,2026,SHORT,569.26,True,True,2.7559055118110236,3.8161290322580754,0.43806812284057717,-0.6221553976064746,1.0,1.0,1.0,1.962204724409449,2.0548387096774214
2026-02-12,2026,SHORT,29.26,False,True,7.997093023255814,9.284490960989517,0.11581512444024877,-1.1715828132934547,1.0,1.0,1.0,0.38662790697674415,0.2530922930542464
2026-02-13,2026,LONG,235.76,False,True,0.47962962962962963,2.589041095890411,0.30417971404353095,-1.8052317522172505,1.0,1.0,1.0,-0.1814814814814815,0.46986301369859523
2026-02-17,2026,LONG,-24.74,False,False,0.5891472868217055,-0.25410544511666644,0.28961999167364916,1.132872723612021,1.0,0.0,0.0,2.75968992248062,3.303370786516829
2026-02-17,2026,LONG,260.76,False,True,1.5941605839416058,0.09222661396574319,0.22198698182797383,1.7239209518038363,1.0,1.0,1.0,0.837956204379562,0.68247694334655
2026-02-20,2026,LONG,-16.740000000000002,False,False,2.8622754491017965,1.331805157593109,0.7998498914976584,2.330320183006346,1.0,1.0,1.0,0.38323353293413176,-0.4813753581661866
2026-02-20,2026,LONG,-41.74,False,False,5.184491978609626,3.0057251908396894,0.8949431493691922,3.0737099371391285,1.0,1.0,1.0,1.6470588235294117,2.124045801526726
2026-02-23,2026,SHORT,89.74,False,True,4.834188034188034,5.186594202898558,-0.969042110001519,-1.321448278712043,1.0,1.0,1.0,1.6273504273504273,0.7735507246376689
2026-02-23,2026,SHORT,76.76,False,True,9.333333333333332,8.851138353765174,-0.5095119933829597,-0.027317013814801783,1.0,1.0,1.0,2.7122507122507122,1.6182136602451385
2026-02-25,2026,LONG,89.76,False,True,0.6040268456375839,-3.417322834645737,2.599234656983267,6.620584337266587,1.0,0.0,0.0,-1.0402684563758389,-1.3700787401575332
2026-02-26,2026,SHORT,-69.24000000000001,False,False,4.730434782608696,1.4568527918781313,-0.046693643802384166,3.22688834692818,1.0,1.0,1.0,1.4086956521739131,0.2131979695431136
2026-03-02,2026,LONG,202.76,True,True,4.005249343832021,4.934426229508215,0.41435076881230515,-0.5148261168638895,1.0,1.0,1.0,0.0,1.1590163934426692
2026-03-03,2026,SHORT,-813.24,False,False,2.0077220077220077,2.3690205011389636,-0.5856316960832544,-0.9469301895002102,1.0,1.0,1.0,0.665057915057915,0.06909643128320181
2026-03-04,2026,LONG,99.76,False,True,2.45375,0.7710944026733384,0.9073198365527486,2.58997543387941,1.0,1.0,1.0,1.47875,1.2163742690058255
2026-03-04,2026,LONG,3.76,False,True,7.575070821529745,0.7852998065764158,4.547325011803589,11.337096026756917,1.0,1.0,1.0,0.19830028328611898,-1.1914893617021354
2026-03-05,2026,SHORT,83.66,True,True,0.6348837209302325,1.109890109890103,-1.4128588541451526,-1.8878652431050231,0.0,0.0,0.0,2.083720930232558,1.5054945054944897
2026-03-10,2026,LONG,134.76,True,True,0.8904109589041096,1.8615263571990384,0.09653103927384354,-0.8745843590210852,1.0,1.0,1.0,2.9205479452054797,2.1479150275373735
2026-03-10,2026,LONG,-813.24,False,False,6.3031674208144794,9.149606299212598,0.005615994351915177,-2.8408228840462035,1.0,1.0,1.0,1.2986425339366514,1.5653543307087416
2026-03-11,2026,SHORT,66.26,False,True,1.4178712220762155,-0.17889908256882517,-0.4329088160611779,1.1638614885838627,1.0,0.0,0.0,1.6911957950065704,0.21865443425074615
2026-03-11,2026,SHORT,18.76,False,True,3.4929006085192698,2.022008253094928,-0.829389013630486,0.6415033417938556,1.0,1.0,1.0,1.1643002028397567,1.039889958734552
2026-03-12,2026,SHORT,20.76,False,True,2.298444130127298,1.6911412609736798,0.34898409953777376,0.9562869686913922,1.0,1.0,1.0,1.7284299858557284,1.909018355945737
2026-03-17,2026,LONG,-75.74,False,False,-0.9607843137254902,1.0280777537797414,2.5822831782220836,0.5934211107168521,0.0,1.0,0.0,0.5490196078431372,1.1187904967602218
2026-03-23,2026,LONG,-407.24,False,False,2.2711864406779663,2.9841521394611763,-0.08305911059480042,-0.7960248093780105,1.0,1.0,1.0,-0.3389830508474576,0.15530903328051687
2026-03-24,2026,SHORT,-39.74,False,False,-0.8615384615384616,-1.2078431372548935,1.5785859132080575,1.9248905889244892,0.0,0.0,0.0,-0.06627218934911243,-0.16470588235294
2026-03-24,2026,SHORT,-251.24,False,False,-1.6273062730627306,-3.681481481481513,3.165631483519088,5.219806691937871,0.0,0.0,0.0,2.3247232472324724,2.6790123456790123
2026-03-25,2026,LONG,-241.24,False,False,0.25806451612903225,1.3485113835376554,0.8770706190061031,-0.21337624840252012,1.0,1.0,1.0,2.032258064516129,2.0105078809107533
2026-03-26,2026,SHORT,723.52,True,True,-0.11764705882352941,-1.551316984559463,1.0200566973777463,2.45372662311368,0.0,0.0,0.0,1.7058823529411764,2.1489554950045457
2026-03-27,2026,SHORT,177.26,True,True,5.934010152284264,3.904587155963256,0.6287551600262269,2.658178156347235,1.0,1.0,1.0,-0.2131979695431472,-0.5908256880734413
2026-03-31,2026,LONG,-77.24,True,False,2.282009724473258,1.6493656286044123,0.39173214474961116,1.0243762406184567,1.0,1.0,1.0,-0.3387358184764992,-1.0276816608996608
2026-03-31,2026,LONG,172.16,False,True,4.077145612343298,3.084420041180503,0.9853831232888863,1.9781086944516808,1.0,1.0,1.0,-0.3510125361620058,-1.0473575840768803
2026-03-31,2026,LONG,14.260000000000002,False,True,4.938814531548758,3.725955204216089,1.043288376728647,2.256147704061316,1.0,1.0,1.0,0.8967495219885278,0.7654808959156967
2026-04-01,2026,LONG,554.52,True,True,0.5020689655172415,1.2325349301397228,0.5938381817032838,-0.13662778291919753,1.0,1.0,1.0,-0.19724137931034483,0.28542914171654377
2026-04-06,2026,LONG,-131.24,False,False,1.3485342019543973,0.2937062937063122,-0.31692500655209854,0.7379029016959866,1.0,1.0,1.0,0.6156351791530944,0.19930069930070843
2026-04-07,2026,SHORT,-407.24,False,False,3.3152,1.06666666666665,0.45440110041265447,2.7029344337460044,1.0,1.0,1.0,0.7392,0.7407407407407478
2026-04-09,2026,LONG,95.58,True,True,0.6274509803921569,3.1343283582089456,-1.777552400270453,-4.284429778087242,0.0,0.0,0.0,1.8431372549019607,1.9038142620232748
2026-04-10,2026,LONG,-130.74,False,False,0.40372670807453415,-0.5989761092149777,0.5882164198875511,1.5909192371770629,1.0,0.0,0.0,1.5745341614906831,0.8873720136518786
2026-04-14,2026,LONG,531.52,True,True,5.391044776119403,2.4842105263157492,-1.4482178835836699,1.4586163662199843,1.0,1.0,1.0,-0.12537313432835823,0.3789473684209978
2026-04-15,2026,LONG,97.38,True,True,1.5625,0.06666666666668182,1.112930643699003,2.608763977032321,1.0,1.0,1.0,1.375,0.5
2026-04-15,2026,LONG,234.76,True,True,4.344827586206896,-2.088019559902211,1.506734913793104,7.939582059902211,1.0,0.0,0.0,0.38620689655172413,0.0
2026-04-16,2026,LONG,87.26,True,True,-0.3673469387755102,-0.10108303249099838,0.8752992250578164,0.6090353187733045,0.0,0.0,0.0,0.4489795918367347,0.4801444043321561
2026-04-17,2026,LONG,66.26,False,True,4.823529411764706,4.386699507389187,-2.8292964244521333,-2.3924665200766144,1.0,1.0,1.0,1.2058823529411764,2.59359605911335
2026-04-22,2026,LONG,50.26,False,True,1.0505050505050506,-2.1076523994812084,0.9174379592901407,4.075595409276399,1.0,0.0,0.0,0.5252525252525253,-0.876783398184152
2026-04-22,2026,LONG,29.76,False,True,0.8316831683168318,-6.589958158995854,3.8717552270986415,11.293396554411327,1.0,0.0,0.0,0.18481848184818483,-1.0251046025104662
2026-04-24,2026,LONG,508.52,True,True,0.539553752535497,-0.8913282107573729,0.3758308628491184,1.8067128261419882,1.0,0.0,0.0,0.9371196754563894,0.3841931942919891
2026-04-24,2026,LONG,11.760000000000002,False,True,7.284552845528455,2.8618784530386874,2.674437690749147,7.0971120832389145,1.0,1.0,1.0,1.9349593495934958,0.7348066298342837
2026-04-28,2026,SHORT,-78.24,False,False,2.0466101694915255,4.458383594692411,-0.24897968598207965,-2.6607531111829656,1.0,1.0,1.0,1.5720338983050848,1.5030156815440427
2026-04-30,2026,LONG,445.76,True,True,3.03728813559322,15.335260115606612,-3.2288304241504338,-15.526802404163826,0.0,0.0,0.0,1.9457627118644067,1.4971098265896705
2026-05-01,2026,LONG,-40.239999999999995,False,False,3.6011560693641615,0.8112149532710042,3.5692293261733634,6.359170442266521,1.0,1.0,1.0,0.40462427745664736,0.8897196261682481
2026-05-05,2026,LONG,-47.74,False,False,3.0040485829959516,5.643652561247062,2.3875371775218475,-0.2520668007292626,1.0,1.0,1.0,-0.9068825910931174,-0.9977728285077161
2026-05-05,2026,LONG,14.260000000000002,False,True,8.326797385620916,9.083333333333368,2.161900138598675,1.4053641908862229,1.0,1.0,1.0,0.9150326797385621,0.8749999999999764
2026-05-06,2026,LONG,83.88,True,True,3.4810426540284363,-1.571788413098238,-2.046998875226593,3.0058321919000814,1.0,0.0,0.0,1.509478672985782,0.7204030226700474
2026-05-07,2026,LONG,-813.24,False,False,1.0657439446366783,-4.935251798561217,2.4862944246678786,8.487290167865774,1.0,0.0,0.0,0.8719723183391004,1.1330935251798764
2026-05-08,2026,LONG,230.26,True,True,2.827814569536424,-2.754512635378897,4.499990308512357,10.082317513427679,1.0,0.0,0.0,-1.6688741721854303,-1.4909747292417461
2026-05-11,2026,LONG,210.84,False,True,3.1508951406649617,2.442953020134213,-2.3808762676533686,-1.6729341471226198,1.0,1.0,1.0,-0.6445012787723785,-0.5449664429530339
2026-05-12,2026,SHORT,133.76,True,True,1.673202614379085,2.337738619676944,-0.7211932503525537,-1.3857292556504124,1.0,1.0,1.0,1.4901960784313726,0.1879588839941146
2026-05-12,2026,SHORT,375.76,True,True,2.2790697674418605,5.0058939096267006,-0.6251015134736067,-3.3519256556584467,1.0,1.0,1.0,1.5778175313059033,1.8840864440078844
2026-05-14,2026,LONG,84.26,False,True,5.22279792746114,-0.420935412026699,-1.0454516491439882,4.598281690343851,1.0,0.0,0.0,1.922279792746114,0.9510022271714809
2026-05-18,2026,SHORT,-30.24,False,False,1.526377491207503,2.4502875924403904,1.620985396474291,0.6970752952414037,1.0,1.0,1.0,1.64126611957796,0.8167625308134634
2026-05-19,2026,SHORT,-407.24,False,False,2.065180102915952,2.9159763313609757,-1.2546725793250313,-2.105468807770055,1.0,1.0,1.0,0.6003430531732418,-0.7289940828401686
2026-05-19,2026,LONG,-32.239999999999995,False,False,3.269461077844311,0.8045977011494281,2.5661288641286095,5.030992240823492,1.0,1.0,1.0,-1.341317365269461,-2.360153256704916
2026-05-20,2026,LONG,533.52,False,True,1.768,3.100633914421548,-0.22669245322682352,-1.5593263676483715,1.0,1.0,1.0,2.4266666666666667,2.4619651347067806
2026-05-22,2026,LONG,-53.74,False,False,2.1355932203389827,3.727272727272696,1.4767524586733631,-0.11492704826035016,1.0,1.0,1.0,0.14237288135593218,0.42424242424231984
2026-06-03,2026,SHORT,80.26,False,True,5.086956521739131,5.271467113617609,-1.687360562143171,-1.8718711540216493,1.0,1.0,1.0,0.6086956521739131,1.2259225845622346
2026-06-05,2026,SHORT,438.76,True,True,4.287334593572779,4.122986892248861,0.18105918881064031,0.3454068901345586,1.0,1.0,1.0,1.111531190926276,1.5857613530717753
2026-06-05,2026,SHORT,1048.02,True,True,8.904315196998125,8.845923876667708,1.1755128656362022,1.2339041859666189,1.0,1.0,1.0,0.36772983114446534,-0.2559011199857213
2026-06-08,2026,LONG,186.26,False,True,-0.13776137761377613,0.6284872170352476,0.7310443035852902,-0.03520429106373357,0.0,1.0,0.0,1.102091020910209,1.3772723457043456
2026-06-11,2026,LONG,378.32,True,True,2.287280701754386,4.029559996773111,1.216677081886775,-0.52560221313195,1.0,1.0,1.0,4.114035087719299,3.7252134629183806
2026-06-11,2026,LONG,285.76,False,True,3.1712707182320443,4.6541661825851754,0.9087419319893346,-0.5741535323637965,1.0,1.0,1.0,0.34806629834254144,0.600550134751924
2026-06-12,2026,LONG,355.52,False,True,0.5032258064516129,2.8975298184565372,0.3883847263101753,-2.005919285694749,1.0,1.0,1.0,1.0838709677419356,0.7783017788054303
2026-06-15,2026,LONG,239.76,True,True,1.5227765726681128,-2.123040741029664,-0.05593764071290175,3.5898796729848748,1.0,0.0,0.0,-0.02819956616052061,-1.2307656747940703
2026-06-16,2026,SHORT,89.74,True,True,2.3894967177242887,2.4366542459305744,0.48259630553152544,0.4354387773252397,1.0,1.0,1.0,2.9584245076586435,3.3336601948094398
2026-06-23,2026,SHORT,-44.24,True,False,-2.3412969283276452,-4.500527907517761,1.2787363075710982,3.4379672867612143,1.0,1.0,1.0,1.3617747440273038,-0.3078685062901523
2026-06-24,2026,LONG,-407.24,False,False,3.367088607594937,3.6705824908088234,-1.7401435613077596,-2.043637444521646,1.0,1.0,1.0,2.461322081575246,1.717629825367647
2026-06-26,2026,LONG,140.26,False,True,4.98159509202454,3.6603953043619795,-2.348732447608622,-1.0275326599460612,1.0,1.0,1.0,1.245398773006135,0.8020833333333334
2026-06-26,2026,LONG,74.22,False,True,4.707246376811594,3.7040899994990655,-2.4003947584845657,-1.3972383811720372,1.0,1.0,1.0,-0.14202898550724638,-0.3023746938366584
2026-06-29,2026,LONG,615.26,True,True,0.3675799086757991,-1.9277866150642025,0.16966614098560046,2.465032664725602,1.0,0.0,0.0,0.14383561643835616,-0.5877433214713262
2026-06-30,2026,LONG,101.26,True,True,6.366925064599483,1.5861869903706616,3.283894607531664,8.064632681760486,1.0,1.0,1.0,0.5064599483204134,-0.9425526967760558
2026-07-02,2026,SHORT,213.56,True,True,-0.6405797101449275,1.4047746271359616,2.165966023610711,0.12061168632982211,0.0,1.0,0.0,1.526086956521739,1.9523789295767093
2026-07-02,2026,SHORT,148.76,True,True,0.6982097186700768,2.5642599346836015,2.0501609696147747,0.18411075360124984,1.0,1.0,1.0,1.0383631713554988,1.3246767558815489
2026-07-02,2026,SHORT,75.34,False,True,6.2921348314606735,8.039624482938871,3.250040378737321,1.5025507272591234,1.0,1.0,1.0,1.8089887640449436,1.5940922838918652
2026-07-07,2026,SHORT,76.68,False,True,3.5294117647058822,3.6856307532278665,-0.21087203671733556,-0.3670910252393198,1.0,1.0,1.0,1.8498985801217038,0.6204775778752885
2026-07-08,2026,SHORT,-407.24,False,False,2.649230769230769,4.1985346436637005,-0.9534476367006486,-2.50275151113358,1.0,1.0,1.0,1.4646153846153847,1.5966248337166016
2026-07-09,2026,LONG,4.760000000000002,False,True,11.60621761658031,10.09601164346581,-3.7662176165803096,-2.2560116434658095,1.0,1.0,1.0,1.378238341968912,1.121779071496201
2026-07-10,2026,LONG,502.76,False,True,0.6096096096096096,-3.4964830297649825,0.641915495974623,4.748008135349215,1.0,0.0,0.0,0.6516516516516517,0.1818239466161966
2026-07-14,2026,LONG,74.88,False,True,1.1923641703377386,-0.8749935396224187,-1.2694991565636338,0.7978585533965233,0.0,1.0,0.0,0.34948604992657856,0.042345621586767176
2026-07-15,2026,SHORT,37.86,True,True,0.4666666666666667,-1.5928236855801226,3.7227272727272727,5.782217624974062,1.0,0.0,0.0,0.02456140350877193,-0.6874455431648997
2026-07-16,2026,SHORT,148.26,True,True,-1.2050632911392405,-4.775449485387276,2.421912890664604,5.99229908491264,0.0,0.0,0.0,0.10632911392405063,0.16327387646447536
2026-07-16,2026,SHORT,226.76,False,True,2.28486646884273,-2.0422312031918572,2.7727551085990356,7.099852780633623,1.0,0.0,0.0,1.7032640949554896,1.1543642867097135
2026-07-21,2026,LONG,76.0,False,True,0.7213740458015266,2.2355748361106733,-0.6445986139397224,-2.158799404248869,1.0,1.0,1.0,1.0419847328244274,0.301230103103045
2026-07-23,2026,SHORT,104.26,False,True,0.8143564356435643,-1.2376467857971687,0.6292440201103285,2.6812472415510618,1.0,0.0,0.0,1.1089108910891088,0.2262288233928986
2026-07-24,2026,SHORT,-407.24,False,False,0.580542264752791,4.190463009353193,2.3688221861744854,-1.2410985584259167,1.0,1.0,1.0,0.6251993620414673,1.1745883238712642
2026-07-27,2026,SHORT,205.92,False,True,5.234604105571847,1.9579391627367269,0.4848188507317275,3.761483793566848,1.0,1.0,1.0,-0.2668621700879765,-0.6771579155445908
2026-07-29,2026,SHORT,211.76,False,True,3.936608557844691,3.0504687738864766,-0.5004852098270698,0.38565457413114457,1.0,1.0,1.0,2.225039619651347,2.9046685726411283
2026-07-30,2026,LONG,4.26,False,True,0.8953488372093023,-1.5303667534829473,2.901705172610665,5.327420763302914,1.0,0.0,0.0,-0.6104651162790697,0.12755074304522518
2026-08-03,2026,LONG,202.76,True,True,8.469613259668508,6.0396580534952005,-2.903533964514323,-0.4735787583410156,1.0,1.0,1.0,0.580110497237569,0.256087712181379
2026-08-04,2026,LONG,675.76,True,True,8.347417840375588,4.911413682971928,-0.6143469742338548,2.8216571831698047,1.0,1.0,1.0,2.2018779342723005,1.5835714685941615
2026-08-06,2026,LONG,-158.74,False,False,0.11991434689507496,2.253463541884401,4.111400437611199,1.9778512426218735,1.0,1.0,1.0,0.6295503211991436,-1.0307768199794318
2026-08-11,2026,SHORT,72.76,True,True,5.010033444816053,0.5196407153708787,-0.4961106309420913,3.994282098503083,1.0,1.0,1.0,1.5919732441471572,0.8253205042778325
2026-08-13,2026,LONG,-72.24,False,False,3.969620253164557,-0.12483403588452524,3.0876628892249682,7.1821171782740505,1.0,0.0,0.0,-1.9493670886075949,-1.8513832156771697
