date,tide1,tide2,tide3,tide4,tide5,tide6,tide7,tide8,tide9,tide10,tide11,tide12,tide13,tide14,tide15
2024-01-02,-3.117978734122071,-3.0990569403058514,-3.2978077127403647,-1.2643793106230452,-1.6643347115708558,-1.718357524760205,-2.406132993801452,-2.9039600158771814,-4.0653000263098535,-4.856748498590282,-4.207906159156443,-3.0909699323929933,-1.762978109150145,-1.6554764892894156,-2.2517300031205103
2024-01-03,-0.3686145626824175,-0.5607623634504488,1.5030821401218613,1.1071642401815842,1.0016825133327119,0.23471683167374624,-0.3342653163619482,-1.5295217677379753,-2.3583808788937914,-1.7980928675178867,-0.6583317590720239,0.7280814559405272,0.826577361245599,0.17606845974663107,0.63298745481844
2024-01-04,-0.1195801634215736,1.9636597564136098,1.5733637561638862,1.4706565833089256,0.7179996916642947,0.1691978928157003,-1.0149351816170726,-1.8533916273371325,-1.2622749517816556,-0.10529016202595819,1.2986129229437335,1.4000689559687576,0.7443329162855115,1.197818773892829,1.0471665318639651
2024-01-05,1.81593250690192,1.2841889725204945,1.3278647062775106,0.6072074881904194,0.06505526602416352,-1.2174156955928688,-2.071769688155478,-1.4734283877826013,-0.32325405394418744,1.06348226949174,1.1514718233433563,0.5164787820292218,0.9545740939894495,0.8178992297520749,2.4767052944372425
2024-01-08,1.2872730415942741,1.458194980104528,0.5963660396401045,-5.775519524400439e-05,-1.3076059732923877,-2.0832271217696334,-1.5039838184791743,-0.41022320603069523,0.9683163654772265,1.0788908615334434,0.45188831806021096,0.8697540504708604,0.7754492467453102,2.4152931647103535,1.7521377450817257
2024-01-09,0.3903191866136,-0.33509665609943956,-0.8659590097450659,-2.155470014199965,-2.98820677151201,-2.4005677149964897,-1.3672841774938678,-0.013239276697081623,0.06728374516925505,-0.5460385365877528,-0.12449181477493473,-0.24618091186376198,1.3709181201039253,0.7303237840840553,-0.9334088682024281
2024-01-10,-0.011952015075789324,-0.5854337754875103,-1.8918259414008198,-2.7311022436031602,-2.161571085364477,-1.1325617576119027,0.24366817918850958,0.3274811836674991,-0.30265212648950507,0.1188429143987132,0.0025204786583105875,1.6372610733956565,0.9722540472905641,-0.7147831568350845,0.9344943771738549
2024-01-11,-0.7565820239798191,-2.1462388676382376,-2.9992008348623997,-2.416967208670648,-1.3414700458408306,0.04190731206420694,0.19032617419780198,-0.432304759561022,-8.441748582552724e-05,-0.13004713779203805,1.4762518608698327,0.8236973767254789,-0.8476269896462237,0.7872113431587104,1.31041232536235
2024-01-12,-2.40117922048683,-3.271105143016412,-2.717956261601406,-1.564714314780485,-0.17034177270721082,-0.04274871475050245,-0.6696563970663956,-0.195072312276867,-0.28798145167080014,1.330103667133265,0.6902670768619289,-0.9846256254710615,0.6579765424508216,1.1796568012519992,-0.07482779648537673
2024-01-16,-1.1043069380251207,-0.5633988330332335,0.6011527075098144,1.9612546282171655,2.089231769995869,1.421130808335903,1.9252491770212754,1.8426649828669979,3.5296246795165103,2.858531974319285,1.116409535511526,2.7864910860348484,3.289967290479257,1.9687699209071563,3.1920176019215516
2024-01-17,1.2580073863579362,2.460507026031339,3.873898859228137,4.023747234612779,3.3189679409138044,3.81401771213545,3.7269119063924143,5.483074064700692,4.8095097029416145,2.9728155986517875,4.652127774708612,5.117058526733469,3.7650327781755686,4.986870165381447,5.700619465697438
2024-01-18,1.0887279180688743,2.5578292847600106,2.7076151404196453,2.0125699674273303,2.508900226078322,2.476482863434228,4.206327444714958,3.5357761287878375,1.7226759310417978,3.4249207408571007,3.9097000368526422,2.59724419349044,3.7908502826891195,4.54076734847462,6.221965243056045
2024-01-19,2.616402351690008,2.602438431887869,1.8537583257029324,2.3417208196757624,2.345153617552959,4.107581746535798,3.4106425042961894,1.5782898308705668,3.2816445569644923,3.7070050510816053,2.348097338248864,3.5621388888791015,4.3425862024571735,6.081229869264554,8.01335227965028
2024-01-22,-0.4825105412887835,-1.178247864779129,-0.6946229429924241,-0.6880141882200573,0.9807955051958155,0.32252286835005767,-1.4317256422308877,0.19213324208242183,0.6072457901801797,-0.6799295591374985,0.47815105625406157,1.2459753699051754,2.873571578219658,4.697280232138515,6.38321330834867
2024-01-23,-1.2193074014079845,-0.6802911616284539,-0.6482746513115836,1.0467595021444986,0.3839275368035135,-1.380725691283598,0.23206491831601408,0.6436367394787027,-0.6511916420862729,0.5259561008078163,1.2854304347139789,2.943034642588977,4.78177021874195,6.477740325584455,3.1841825927371916
2024-01-24,-0.3262943776757293,-0.2966861260020976,1.4096371993823582,0.7417231306270352,-1.0231983465883678,0.5904437102950366,1.00624781608788,-0.29830472704282157,0.8918203322905474,1.6418546233724973,3.3128538749053145,5.1412374373878755,6.844720845907507,3.522033989190754,6.644503916162726
2024-01-25,-0.26501828943298217,1.448698081704968,0.7681896034878453,-0.9968152895936881,0.6182236901343925,1.0268261120170348,-0.28791977010645414,0.9013630476472275,1.6826004203856615,3.364566442324647,5.232001481668456,6.978137727976669,3.6259804868774848,6.8183684953556565,8.25311066556195
2024-01-26,1.4257028547553132,0.752267335599475,-1.0006809194755983,0.609969850099965,1.0282968326101176,-0.2640936352155112,0.9097707515758034,1.6878326985283765,3.3374983016744846,5.175095522843058,6.890164482305599,3.539622840686778,6.670916185538971,8.12982331117416,7.1848388831199905
2024-01-29,0.8629954470096817,-0.8866729319770553,0.6908615469572028,1.0738291310845587,-0.2563167129996772,0.9494788762209638,1.6589513171522998,3.3097643540794794,5.129939159430701,6.878267545148078,3.530013946659172,6.616193084144879,8.109880345004106,7.1031583456569765,5.714062258583942
2024-01-30,-2.2616402649994827,-0.7135248572352951,-0.29617778778448156,-1.5838041782685643,-0.3935789168886913,0.270017915599918,1.925137260509804,3.681443647844128,5.3572489541318244,2.071326076058686,5.010140530600894,6.495813023915995,5.511806309140463,4.188341023977322,3.4051956321794212
2024-01-31,0.10511626997508854,0.46770200444633553,-0.8794775178483555,0.3148234200457141,1.026316119699557,2.678800028195442,4.47593733800615,6.191698797743834,2.8635456849949708,5.8687069369697955,7.368829203683389,6.373088874843118,4.973113885900529,4.167252199694531,6.167710673378768
2024-02-01,1.3565172364808038,0.038891304700670565,1.2943979816741817,1.988194573134428,3.671375884490597,5.500117981424121,7.2480905094346335,3.906452577198077,6.959662091623677,8.464402534651894,7.4634058383881365,6.002958182324519,5.273070521925026,7.292669157223682,6.9709986233136325
2024-02-02,-0.5751149340825019,0.659752362810981,1.3098027211944911,3.08499706764599,4.861953727293865,6.689800850355395,3.2823310478910614,6.328401285305909,7.875008165811336,6.85336518384705,5.39902878739686,4.431132664028536,6.281029242491265,5.854382038880874,8.02041475539912
2024-02-05,1.2424044185283547,1.9119844886033937,3.733145851321589,5.5088742894322715,7.387324937151658,3.957428712981331,7.051991347522074,8.56521548161421,7.4966235727948085,6.048959384121134,5.04460598557921,7.115589192226887,6.7481073802719935,9.034931349481932,10.612252271471702
2024-02-06,1.3049926429585148,3.099535206557797,4.916599009673698,6.730739718424039,3.308384110312008,6.404919270234308,7.924275172040847,6.897951055172605,5.444618193779944,4.445672868565757,6.251912486862341,5.801653081695342,8.011388087971351,9.603199632074082,9.106726413564646
2024-02-07,2.6061633542465534,4.403720815604519,6.2233305227608815,2.8138996261667586,5.889280029448992,7.42068008951779,6.406033799959755,4.959647399243971,4.00126762583653,5.72453807446247,5.5253271677055045,7.833079299189391,9.591988189143628,9.037034025452924,9.913904710306237
2024-02-08,2.5394132429929424,4.211416760884876,0.8921084771109251,3.9392291895121576,5.481522541969631,4.520692092347722,3.107387184855748,2.1411385286200155,3.8547362764286937,3.649002092964741,5.815853854588838,7.5581850486165445,7.032418005568569,7.9656355304296405,9.622290254381694
2024-02-09,2.2943347496966546,-0.9378210860406795,1.9635588704886129,3.452241016472479,2.526943831856606,1.1641388522277962,0.2803876995205074,1.937479890863365,1.7943419382013703,3.763358866390094,5.427596738192375,4.963578008833202,5.854200533795032,7.473231437397552,7.449695033554879
2024-02-12,-2.987063331650485,-0.2187891600168873,1.2127066030692146,0.29710633301166334,-1.0694244375313569,-1.8847377014492783,-0.27653690668381536,-0.3505168354064955,1.4350403340430407,3.0268647081112907,2.605261324569362,3.4989370372966895,5.107017876665952,5.1173903191938095,3.3422827493006153
2024-02-13,2.898543385819928,4.382167308130812,3.41926927086218,2.000297955797026,1.1284507733615734,2.7742148558648996,2.692041192782451,4.576067638480171,6.225127557592241,5.784055305165362,6.6955689852149325,8.363960235060565,8.35210316568476,6.506038576339713,8.239095962124416
2024-02-14,2.2546017593421803,1.3415364667674825,-0.04734408925512841,-0.8268785680153236,0.7733027164445111,0.7299460346689941,2.4791902366105543,4.089644572727944,3.673526920999078,4.5659624653398545,6.218898054188144,6.2287650160285235,4.474109195412142,6.121029612625724,7.151912262972039
2024-02-15,-0.28943602832846294,-1.6635982348067242,-2.4173718152636456,-0.859536064635437,-0.8945296027480338,0.7526828290148487,2.271365734184465,1.896827988903304,2.728435766833766,4.41308095987776,4.4151582401067415,2.7129546864647343,4.320569630790493,5.321906913299786,4.520309755863439
2024-02-16,-1.3297773979219685,-2.0829277639831383,-0.538911534899887,-0.5771233271501224,1.0560065902337976,2.554493277892668,2.1623324617388513,2.9803245559113383,4.6756827273068735,4.742184926378655,2.9981949633967653,4.6503012148954035,5.590850514681686,4.8004235092788266,3.8882074783983227
2024-02-20,-1.0387718344245969,0.5604965505970563,0.5178051683136113,2.149128250178467,3.6506034199212847,3.2628222816269776,4.096412946459099,5.88573043707597,5.877466291573027,4.14392230624741,5.810082161455492,6.771174984461992,5.996227752812802,5.049894280479172,5.621572615786797
2024-02-21,1.885338165559928,1.8455391187802606,3.586510402573765,5.153379350267061,4.738942052967027,5.587929573320779,7.397927834050971,7.387919768035433,5.563898457473967,7.272608556876726,8.253623405630687,7.456841903093208,6.474268694673309,7.0521532824187885,7.306284984658052
2024-02-22,0.16917488905010095,1.8318763706207806,3.3730261279960914,2.967345228521552,3.773279073588418,5.521604853548703,5.463595600342464,3.674462056401478,5.418074164386043,6.371747817760062,5.637654541443179,4.652705833299338,5.159050509789694,5.417660706030161,4.037600705971125
2024-02-23,1.8599821557370833,3.3614005009169476,2.9649799510231376,3.8346603249676177,5.5965093783596,5.573135353912406,3.765739597677907,5.461676352528609,6.514366542149141,5.738209752055873,4.78325462780729,5.322389553972015,5.589124860595919,4.165112123405099,4.535273535567383
2024-02-26,2.059592153582949,1.6583585402742318,2.5411982822357957,4.249671407560027,4.24542337296009,2.475193131136708,4.118221518570581,5.138189527912013,4.340032339043205,3.4169709765735843,3.9304799409902658,4.178174292131844,2.763661819845147,3.111399517207792,3.009699979570712
2024-02-27,-0.12928049070357825,0.6903860244217439,2.4342421910646266,2.429666567413842,0.7597251662253901,2.3573039426382896,3.3216471479953134,2.579859406290348,1.6898371352688506,2.144811277127783,2.300525725556577,0.9199064539643527,1.206272696136942,1.1196878789182243,1.2479350640193188
2024-02-28,0.6384351037852577,2.363717778189527,2.3372317678065233,0.6439362086181665,2.2435106917065744,3.1907830581728875,2.4388230706240077,1.6253245357074322,2.0784392287452755,2.248137959944118,0.817938000911568,1.071442374240597,0.9921957179613796,1.1795049864745004,3.31270565076927
2024-02-29,1.5147902328216387,1.4565277330569242,-0.22267470873969383,1.3961106914427253,2.3524034486284187,1.6481638992013927,0.8011139822176235,1.230719934496848,1.4117226442885278,-0.02220505194214284,0.2595633236540666,0.21342083816772386,0.4010178774893014,2.5794533404629805,3.8750650820065617
2024-03-01,1.2335558075675335,-0.47727028197921617,1.150080022779708,2.111148655242935,1.409937288659708,0.5394028975908176,0.9815963499063265,1.1604670452648609,-0.3106938077092768,-0.05595894742287946,-0.11137218599433449,0.045532047277797964,2.217725172197938,3.495957057043099,2.7643189545417055
2024-03-04,-2.1969253232557886,-0.6186713265150705,0.3189213941845301,-0.355958963413831,-1.1536216529247583,-0.7004012588801958,-0.5572914068927987,-1.9763042819312797,-1.731001377470327,-1.70982232534213,-1.5304953450122032,0.5919224942190787,1.8674549751447969,1.1425969786110035,1.6617619401907628
2024-03-05,0.4580991843233114,1.4383817896689388,0.7804920153986391,-0.045181763892657725,0.43781110993821704,0.6086315997752476,-0.836388800309012,-0.5585129787860115,-0.5358499737001254,-0.36614487511388705,1.80022406279097,3.061484386370591,2.332490693204986,2.8735392657435708,2.8567035113853936
2024-03-06,1.5809046828924949,0.9636022991027762,0.02413562163261041,0.5050225322973207,0.6724064049897758,-0.7422462814191612,-0.4208928990534685,-0.4184050084948845,-0.26243741938645354,1.860653518021855,2.944765343257446,2.2899278662223925,2.7070013260321595,2.573362746778755,3.9323229280507395
2024-03-07,-0.2938831056543239,-1.210945243340154,-0.7439927169170739,-0.5857446701093718,-1.970304975118069,-1.6780117866866893,-1.6923615845980444,-1.5285901646344957,0.546375692402931,1.6192478413071523,0.9757593827492275,1.3560828666101061,1.2246131301787784,2.540726422692443,2.5564219687824763
2024-03-08,-2.746422017525111,-2.3013748664891107,-2.157917510547087,-3.499327522204009,-3.2492368281119357,-3.271214899804108,-3.09043790016424,-1.0791631095116176,-0.004274313000981448,-0.6414318693570235,-0.28989777944026623,-0.41590769442943987,0.8769348703713631,0.9059555378398021,0.7684514264992205
2024-03-11,0.48921925814845835,0.6334434890565807,-0.7491236589745065,-0.479736392947872,-0.491313187210342,-0.30920171130749324,1.768279982702972,2.8793061932572273,2.249968576280816,2.605902089636763,2.4885978947453475,3.81043712804812,3.8381917254995326,3.6968007135199916,2.1823570897826596
2024-03-12,0.552460702309113,-0.8543104410518437,-0.5578282121999524,-0.6127273391989926,-0.4229145645798194,1.674910002890967,2.7536484757220774,2.138525651142603,2.547892822975742,2.4453512956469363,3.786389782892162,3.803614689149776,3.6629477635988086,2.1243121372589218,2.9647835742820616
2024-03-13,-1.6594070928360445,-1.4277096089317203,-1.4387295437764474,-1.227850593234013,0.8599971115312806,1.9936679986797463,1.3544493607857364,1.7309708521009337,1.5566581836983902,2.9360435912938962,2.9872004751340238,2.850900630317503,1.2911933230181427,2.113374800717947,0.7642938921854682
2024-03-14,-0.17308888387452645,-0.17589553905599117,0.024944085171324126,2.1820619043715057,3.342622432423326,2.665507640001782,3.066398160256414,2.89740213509708,4.333617554377461,4.403851325748081,4.269775938324393,2.6505614212404276,3.5229892368272337,2.165181036446253,2.9859230205428027
2024-03-15,0.49263933972951773,0.6501783827901833,2.818606759815893,3.980391021559954,3.2661305762894894,3.665897446230532,3.4708103479133623,4.951505769875423,5.062014171293876,4.9058231817340845,3.2499638752191764,4.1639429748472345,2.7427071526255675,3.553649362894112,3.979591954567614
2024-03-18,0.32541262069053023,2.4635514236262432,3.6965891507759734,2.9820858836174993,3.381374205888351,3.1372573947514657,4.582954293377828,4.66719896616808,4.5217156291305365,2.9897076966929497,4.0516785610995285,2.540802179061759,3.4899199484907797,4.0384029823282805,6.875513797698464
2024-03-19,3.4218342351777307,4.675370111472663,3.9307391567266277,4.357993804621349,4.07994998928239,5.545101489173212,5.619731185346983,5.465704287606952,3.9081228023732724,4.9812630459066725,3.4368974947962103,4.396276644325618,4.947682185453842,7.839551752433769,5.295693357001907
2024-03-20,3.3748950861729536,2.6400142949774357,3.027109852224521,2.7442447480064622,4.18620922581335,4.1668704192660835,4.10324858659226,2.5882952357360773,3.6623895029071525,2.146436409339731,3.11372215872066,3.688867173501333,6.51178974943669,4.03468557045769,4.451041994805444
2024-03-21,-0.851205293838785,-0.5412503979134706,-0.7427044972804246,0.6330567124792398,0.6235015776875832,0.6242170153561075,-0.971772418003673,-0.14425411215068853,-1.5013620854073135,-0.7314223042131741,-0.30049432167125034,2.550542980628203,0.1384940163838317,0.5995198858718253,-2.068338831866163
2024-03-22,0.15633597234272412,-0.03859443514940029,1.3136997153954828,1.3090171966605746,1.3254402031382642,-0.29058367625795756,0.6244674631784417,-0.5455271924515434,0.13568672749988292,0.6942872256284995,3.789205804835253,1.2491950253192825,1.6850578400444571,-1.1061763061130485,-2.5115203038493674
2024-03-25,-0.5031789142988141,0.9006841788724954,0.9284595356123851,0.9313986605852157,-0.7340650312183331,0.09387528749098736,-1.2656620305227173,-0.5282425710640731,-0.09331985434511808,2.928561247658255,0.45502680128444634,0.9364532243214982,-1.7516659453160761,-3.06957016236522,-3.444764918705851
2024-03-26,0.5533120029976474,0.5470883826605389,0.5269318354274142,-1.1135607346179766,-0.2603159528234598,-1.5341025263507833,-0.6248082509101907,-0.27413665951519584,2.8794797832771355,0.5284159025217506,0.9392425161763708,-1.7371506528099965,-3.1126239212447273,-3.5769031962293822,-4.346772993968561
2024-03-27,1.2364188810158319,1.2441081835910468,-0.4550182177210949,0.3847607027633445,-0.9835464841425783,-0.21509048922673646,0.19163149331161844,0.16524990712233875,-1.565901872796472,-0.7835185803447826,-3.0231654496035696,-4.9515501445051235,-5.179236027417155,-5.96377110559132,-6.4077766884388705
2024-03-28,-0.3448946147320072,-2.017012903408884,-1.189324128665842,-2.4887180885011304,-1.6786259113903965,-1.1123250021628455,-1.1977224815491003,0.3436621077157266,0.4550988732026144,-2.0350204150567337,-4.383035295967886,-4.103696889436242,-5.099316592360056,-5.536754471739204,-6.119445556716913
2024-04-01,-2.2177370455344163,-1.4173373003844278,-2.7436329819572864,-2.008075561015025,-1.6116273634629992,-1.6163738539710184,-0.1568193865012169,-0.18519842985311058,-2.6476887747991786,-5.00717902376702,-4.636803821447553,-5.543478319236662,-5.958867440367703,-6.543716991792996,-5.503751771011161
2024-04-02,1.177476137091518,-0.16802541859554695,0.5408195301067595,0.9317385357336935,0.9301226006704669,2.471934307710134,2.428532275033123,-0.09783525740550235,-2.5433413167652787,-2.162134328176206,-3.0948490060303677,-3.524583485829608,-4.155189719289127,-3.0317478273632292,-1.3082873708330556
2024-04-03,-0.5559249156690879,0.18672735122046585,0.6007901668666382,0.6386878560104046,2.4288595275719085,2.3454076439900438,-0.26254071219240005,-2.741945069817624,-2.3029398549052145,-3.2349352516364376,-3.6534688247016565,-4.2393664462871445,-3.136840134518087,-1.4236502323507372,-1.3961422281044342
2024-04-04,-1.5398525912079941,-1.15716023088695,-1.1073729874716807,0.8428526389890115,0.7059949699291562,-1.8798019323576596,-4.316408766724799,-3.874903609245497,-4.79060623228085,-5.198573961283763,-5.763770993950578,-4.69077783871745,-3.015545716971323,-2.9787695887910592,-2.8960746637350705
2024-04-05,0.7525924369633628,0.8203958294243662,2.783753545552817,2.650037307770134,-0.013650980881084884,-2.5000055759186606,-2.0520165802920687,-2.9745013406345047,-3.374346229701812,-3.9593502439923065,-2.842425409085842,-1.1361471590130319,-1.0988546229810607,-1.0164077950444104,0.43045939349825246
2024-04-08,0.16442360594568214,2.3302316759103774,2.126446392262873,-0.5321922314881128,-3.0312712618464213,-2.5464147434623476,-3.4769111791474367,-3.8854752899347655,-4.474411476780702,-3.3600860002018282,-1.6730352506925963,-1.6367876156163503,-1.565854650172538,-0.11457473109098502,0.4337320159632611
2024-04-09,2.3151222791230612,2.041220934982081,-0.6127686456276692,-3.024857018907425,-2.2869997426289728,-3.3075550072529887,-3.518675666481011,-3.9415887693248415,-2.896070200935121,-1.2479041489695846,-1.322764493973432,-1.3868318489981741,0.10563693677733459,0.6513515429598619,-1.508333062974569
2024-04-10,0.4906890904882398,-1.8602068490638064,-3.744944761030574,-3.692411538224762,-4.579513645485955,-4.762757867411316,-5.3473795724216755,-4.216452006865887,-2.4179850681819537,-2.555785075493667,-2.5768211923512516,-1.2716491996508095,-0.8355608179602119,-2.918090338623068,-2.8974380770833954
2024-04-11,-1.628436466717408,-3.5407832451721726,-3.484293296611551,-4.388107572192948,-4.5846061997039955,-5.188543416680926,-4.046392663022957,-2.2258628773616747,-2.36028599809394,-2.372988267856479,-1.0762358766904758,-0.6318183032364462,-2.723770159767429,-2.7611303513000642,-1.0112224702158206
2024-04-12,-3.6200499680013,-3.7742686988838217,-4.5522474486779005,-4.938083935831699,-5.658042589282021,-4.416898497233594,-2.6155167084296256,-2.6520297667315718,-2.565010134245942,-1.3218156273860984,-0.846685163363502,-2.899974752562951,-2.990829729442741,-1.2175680446796073,-0.07000360567964746
2024-04-15,-2.8203499369311733,-3.620532373476687,-4.0125540563252935,-4.759657769260704,-3.514233522460406,-1.6704701551978185,-1.7043342839467106,-1.6122018399991032,-0.3006257541408718,0.16187839020557107,-1.952282834731697,-2.0185624283712253,-0.2096955647763559,0.9687818189115628,3.0123245069383113
2024-04-16,-0.19178771511864748,-0.5606467793226203,-1.3425589137106182,0.0005278358738078365,1.9624295952044764,1.904830377165984,1.9670639718095497,3.3530126188334277,3.775853901801283,1.5585359452778091,1.5026081706933423,3.4060093058932663,4.622661095633827,6.7271601428659755,6.167320701765575
2024-04-17,-1.6850647266391365,-2.50984456359925,-1.1681059039005668,0.7928496549040541,0.6995649114182595,0.743428676809631,2.1298980024034337,2.5276003163456737,0.34750494356878453,0.29593377923121056,2.1763697255011234,3.3650093745202376,5.455331470224241,4.943925630955215,4.724686645105007
2024-04-18,-1.3070720953980899,0.0330287461417342,2.018242206225682,1.9300961854589298,1.9967139381130719,3.4218665752844895,3.86504812717844,1.6735295335438227,1.6185363758674456,3.524106997854426,4.7337896765829495,6.846006576964145,6.334779886275705,6.0751222299270635,7.059853782923024
2024-04-19,0.05616108908565354,2.0390728985543674,1.9585413573864208,2.029187754198141,3.4591555838532924,3.9195695859877056,1.7248358567183626,1.6506915025011173,3.556703437900621,4.772707375074503,6.877716267143915,6.376354263012688,6.115108114328354,7.129491267786542,6.5866207134800705
2024-04-22,2.822696352413273,2.9380319449095103,2.9423482013772837,4.5198329161352975,5.134318617510338,2.8723188420522954,2.776120626677955,4.623691375491363,5.771209903574891,7.896296001264775,7.377783453299256,7.102200917908881,8.181470392687457,7.665558706450521,8.011822230565073
2024-04-23,0.3562321152519864,0.3567901360568122,1.8466931953802015,2.4716533880779252,0.2957018653659838,0.1874861888183975,1.98936931371232,3.0997100286204606,5.12813358358464,4.690106168302379,4.460001603956475,5.484166527526856,4.981656379584558,5.312220574897784,6.546916325377989
2024-04-24,-0.6932959201694461,0.7403705604793847,1.322079014773194,-0.813014469505249,-0.9148880434801481,0.8975555717690058,2.0231480524243093,4.016160932543229,3.5895196360500687,3.3646927075397426,4.371134355163757,3.8586083142409358,4.198890932089962,5.413248960650261,6.797119459687324
2024-04-25,3.0897036053797327,3.6510053675189225,1.474724824023594,1.4046215685335173,3.264536138679405,4.434225303736585,6.466014976624118,5.989205502252644,5.759577991575528,6.758161390330543,6.189737918829637,6.573174663515283,7.80987527751663,9.21858625856337,8.291702711083547
2024-04-26,1.0309904728475026,-1.1590435500409002,-1.2660857203458276,0.566322274909698,1.6952700024414005,3.722721592131349,3.266462225921639,3.010050578404789,3.9797978932430027,3.4393163845908874,3.793437526996584,4.998126750772304,6.401722906051571,5.533023061022032,6.036073395318663
2024-04-29,-1.8934424034823498,-1.9827424890225895,-0.15358109899912525,0.9757422534543863,3.00216524599012,2.526352788270263,2.27076389635463,3.2650357904574663,2.7609821546453417,3.10200830231735,4.301584851598352,5.707780513379558,4.880767524828454,5.385642388111328,6.486260134823269
2024-04-30,-1.894560628307434,-0.047947337987985186,1.1025939316927145,3.145428493289203,2.6339355359777015,2.3700334484859713,3.3513569016623657,2.810810481062943,3.1419625876568023,4.353534515354416,5.777203153444418,4.946288472209665,5.461383314513667,6.580404877283384,6.306395330186974
2024-05-01,1.9558965388643799,3.152888261645298,5.242924808310318,4.713047451179793,4.4519534449763745,5.426312962398524,4.908425345234027,5.234083824808126,6.472201454378311,7.936070448223906,7.04542975637638,7.579107981043872,8.688314093359715,8.384639350287383,7.983065419863189
2024-05-02,2.573706506011623,4.666979692846321,4.14765541883284,3.8839120300309653,4.868917429689232,4.352087012518353,4.665952325126293,5.892203851488438,7.357053736185111,6.464708796611044,7.003390169310693,8.120503878643751,7.806066159750425,7.406653053499163,5.799548500476292
2024-05-03,1.1689641351951137,0.684456463137656,0.4590071910710192,1.4015168172606554,0.923851035071983,1.2620254772940278,2.481037123013468,3.8809564305879594,3.032727825136741,3.538300278489867,4.62660688331456,4.3334905957829175,3.958615267116354,2.4209532708208856,4.134209881165301
2024-05-06,-0.14448745395591792,-0.34822440299769936,0.5804173985777746,0.10085156536457116,0.4357066339202757,1.5896776938419976,2.931524498610313,2.112179082265745,2.563584523078265,3.631103744795472,3.3041770653592226,2.9331462106056483,1.383179107476264,3.062825512039376,3.2275875818544018
2024-05-07,-0.5224628135570374,0.3945330624567051,-0.08386942299860227,0.2577623147943508,1.4463544754713502,2.7920091550793646,1.9601093034916837,2.4273863300549703,3.5111623534269767,3.1773542588642907,2.826744245041686,1.273936444572472,2.9872036613306827,3.1594854666511747,1.8869993970416057
2024-05-08,1.2750281421432408,0.7715340723462629,1.1102023945332105,2.3431380884511595,3.727850250300029,2.8777142131562705,3.3834859691186137,4.476663842440304,4.158891600859755,3.8169883418130652,2.225632090470958,3.952384019438811,4.0511690770295745,2.823682944933462,3.0768437568950144
2024-05-09,0.48064495084028536,0.8164440602935521,2.0170380313779996,3.3805776356314885,2.497747881282989,2.964291875575927,4.01693793618911,3.697346480267162,3.305746347931604,1.7195540886204221,3.4031572827585825,3.5307497176131295,2.3732236389172305,2.5358259462091577,2.297014093570061
2024-05-10,-0.8464369588715559,0.41775680031563606,1.736234379255406,0.8903362651067938,1.3149929589658267,2.312640476888553,2.011202696212152,1.633796118476521,0.10860370109442787,1.8295295187851253,1.99583513600526,0.8803886358079396,1.0280392893685804,0.7863171277481968,0.2785542952055596
2024-05-13,0.35008962379529757,1.6739385511460518,0.8166159396332965,1.2580523102334968,2.242906026579944,1.949618423573572,1.579128606210073,0.028922811026220192,1.776732217426584,1.9477791345602822,0.8548024493943512,0.9755058203538137,0.705022861604121,0.17236609242902207,-0.6735791398697003
2024-05-14,1.528111268057235,0.6864330765339799,1.1321432948452597,2.089916304623834,1.8172233235221045,1.45079898033405,-0.10719705297359573,1.643717541009407,1.8239582761914652,0.7477156498427002,0.8367367429994249,0.5517802545045245,0.017188519138404888,-0.7596377929695047,1.1985782137682293
2024-05-15,0.20987097903464913,0.6535292471238472,1.620182659614235,1.3507032614468966,0.9902469896710108,-0.5582054954133905,1.1747409840352072,1.3387957026400634,0.27681900021726774,0.40979056528090385,0.15622457905566658,-0.3689612982447314,-1.1686091774544536,0.7714814352085771,0.6722332353686346
2024-05-16,-0.16720694730867922,0.7853662200629263,0.47841917385668475,0.10454773785201413,-1.4143593224370126,0.2657808929742659,0.39840678667405327,-0.6602991863965504,-0.5156361635425647,-0.7737345014083933,-1.3469653439886677,-2.1848860456260475,-0.22726061181582652,-0.3580273249955986,-1.3642300070469098
2024-05-17,1.1087248121842797,0.7941298075727805,0.4273753441953461,-1.1016340073582969,0.5923850559586319,0.7240457471793613,-0.33440644830169425,-0.19473530413479676,-0.45687651642266364,-1.0353720740796788,-1.8784494774430769,0.0938317221879254,-0.04580098647334746,-1.045552461513478,-0.4576329791128549
2024-05-20,0.15133902606838326,-0.15463623367649848,-1.6606814769747402,0.05576941728051501,0.16958576289904112,-0.9855274496874956,-0.7856058409440034,-0.9716470784462266,-1.5256005068286491,-2.3890372308581465,-0.43284792871151334,-0.669620599560921,-1.6345916002696241,-1.1051671611670273,-1.242369615129156
2024-05-21,-0.06490369832055697,-1.5744474777008932,0.14960413685010007,0.24360823220376954,-0.9243327014184559,-0.69425050410159,-0.8684442108952027,-1.422204018952565,-2.327041640120751,-0.3800278499460236,-0.5913789560391275,-1.5310039493441587,-1.023994016687328,-1.1634589504231596,0.26994353136420834
2024-05-22,-1.8369521908371709,-0.11381218843391847,0.008675467678400252,-1.1502710050034544,-0.9390206181758696,-1.1049872249284445,-1.658010185392763,-2.5571945229056863,-0.6024615957119295,-0.8361629013011659,-1.7884626695576151,-1.2817528743639124,-1.4432563818604855,-0.004609805354788493,-0.5140359391707323
2024-05-23,0.7456122967339527,0.835564190651931,-0.348012304819877,-0.12598507655371421,-0.2488911543196613,-0.7244276537757177,-1.679598769784831,0.24739208589702819,0.0031607281368248785,-0.9553709545586316,-0.4368220284892364,-0.5105331658806923,0.9166290214944116,0.43287834096165206,-0.6795049994578803
2024-05-24,1.113617946345752,-0.07832323165299038,0.11052924596996398,0.0023560947680947636,-0.4864401782812444,-1.44319806748036,0.4435289435004127,0.18580098559899613,-0.8741706812408305,-0.30375711728628746,-0.39085277484115427,1.0346436758567352,0.6011500171720104,-0.5215425737440509,0.4399038968646179
2024-05-28,-1.0100353092187937,-0.8385301155749285,-0.9259442507492961,-1.4948715207838081,-2.349424752049044,-0.4607585635457144,-0.6426003317347019,-1.667239383026624,-0.9906587489820601,-1.2368281419975597,0.18988463545524095,-0.277625349442261,-1.3748480432911863,-0.4659357551365831,-0.17697118583750734
2024-05-29,0.1293789256294209,0.055582831610277564,-0.5288079175348136,-1.4265380330171369,0.49381337955410304,0.32573503333231474,-0.7344124731963722,-0.07214597979085612,-0.3363321124847674,1.141476771118283,0.6712913819719927,-0.4497772893949263,0.48226259454623654,0.7778454500751891,0.19768749730381446
2024-05-30,-0.2073950610656571,-0.7967835747953427,-1.753955574215697,0.22392853231685791,0.051426447659879984,-1.0459690327304827,-0.39429362427970654,-0.6424818307723477,0.8428933752380301,0.34332377586824,-0.7438324593623724,0.1836260027729665,0.47361459608134815,-0.10208578352503889,-0.3605580884637284
2024-05-31,-0.6111149568874802,-1.5697523592090172,0.4239275955971531,0.19832463265740302,-0.9097837087672294,-0.2306491468904355,-0.48039164029515474,0.9768347932642101,0.49031883696744905,-0.5629903742179093,0.3444645525422062,0.6361918197774262,0.04529903472812715,-0.21684584410675434,-0.43218546823116033
2024-06-03,-1.7323350032151377,0.24202269146202424,0.056395472786915285,-0.9376154371490691,-0.3174737523331999,-0.6366591779365356,0.8111062826395379,0.36269891428233497,-0.7118931765576193,0.27482881061606523,0.5460785009810851,0.03500841001305065,-0.2580933875966601,-0.4421412118333771,2.7497262242285516
2024-06-04,1.9055354768021844,1.674601814550185,0.5629459071145232,1.2901615943493066,1.024736343553438,2.530192177634974,2.0326033914757584,0.9560017355357038,1.8601144199673478,2.156368736806335,1.5678500420919879,1.3025043535387937,1.0835724727269427,1.629932798432288,1.1976633307284865
2024-06-05,1.1952654933576496,0.13840812327600036,0.9628964186405243,0.5948992402605544,2.000113152433776,1.457519591072226,0.37113492701933576,1.2428062962697812,1.666233929989154,1.0920236480729377,0.9330533595633672,0.6734186441539992,1.1384264981262504,3.4117057730967586,3.944786556968819
2024-06-06,-1.0920211178934616,-0.3571801543404261,-0.6770074706015454,0.7696850297304865,0.2387091763922607,-0.8593486459784945,0.059593564631235975,0.35521506620565574,-0.20811299268716657,-0.45472483117706847,-0.6676936424341811,-0.2261611783191616,2.0559685941228762,2.7143241305903794,2.185576902263314
2024-06-07,0.18658814199795382,-0.07949879222090864,1.275212298893975,0.6892891109958798,-0.45704135469294727,0.4347412085256166,0.7486737475567412,0.3028101338217317,0.06159760530724183,-0.06597246867286458,0.3042760267629626,2.4534491155779516,3.1457986151956914,2.6178838623411274,2.3602620815028312
2024-06-10,0.7263332697077803,2.125881066634265,1.5809876415208268,0.418880347414268,1.3363333161816824,1.6939021145927098,1.1924142711791823,0.9339755451868377,0.7508730916411658,1.152465774390186,3.248226145202806,4.000468724060615,3.6157659213072955,3.405022308213593,3.9985360320261214
2024-06-11,2.7472047115109732,2.2518521703662597,1.1073654098095813,2.0498118740648485,2.425329269108878,1.8352641769978808,1.5770745383759457,1.3205384345624611,1.7643807165500152,3.9544236875528926,4.56323374840235,4.140682048451555,4.021924169400503,4.618425667362335,5.950083005436607
2024-06-12,-1.2873382061278857,-2.413823380517196,-1.5627442357407801,-1.1935952227887727,-1.780799543598398,-1.9049749507946039,-2.16848421443043,-1.7468882328510245,0.6989572518688819,1.2928466074339937,0.9819227295894196,0.8018629317592946,1.3002936470129751,2.5868069872637127,3.453313635542533
2024-06-13,-1.1776601990280222,-0.3150253995957625,0.06941882089430074,-0.49975020006847193,-0.7126521233494767,-0.9431519551973069,-0.594721936562194,-1.1149766927304312,-0.338125933919315,-0.528228183846619,-0.6058107117314977,0.029232567092547793,1.0856092748218154,1.2329603440473544,1.9051728657141362
2024-06-14,0.7094931423432969,1.08836568642604,0.5034498029512054,0.3032290621276744,0.08080184848130505,0.4214114650229803,-0.09653296179420294,3.8060725096955954,3.4046749378855927,3.0589680432290933,3.5759566501834734,4.587659939080983,4.993002497917867,6.4296727910002875,6.568798070908037
2024-06-17,1.5418784612094607,0.9511983410667909,0.7318548889614431,0.47459795101122393,0.9429060897955699,0.41880098588981934,1.2634334882856306,1.0201259765939197,0.9973627063856793,1.786096747078501,2.878548220601561,2.950119285027418,3.6279806340978022,2.8907887924868825,4.323948798507524
2024-06-18,-0.4105913311046659,-0.6042002707598568,-0.8143445623337067,-0.45584259957093615,-0.9568688184603029,-0.22684016983604605,-0.5767464161382354,-0.6617818425145763,-0.04014450125033008,0.9408459941723795,1.1452286733066586,1.8548683280280103,1.1078240937511195,2.584898790134608,3.4457047635023788
2024-06-20,-1.0788404810087775,-1.299092538792551,-0.960492781099265,-1.435271294409877,-0.6936507278398246,-0.9766051607038203,1.7804845495855304,2.232102510210634,3.0025385218901044,3.1703663283418893,3.7733315593225245,3.249604575768233,5.404173364886303,6.983955633685849,8.34561867825563
2024-06-21,0.6159614416051163,0.969852294869268,0.4634422299328647,1.2003226042714261,0.9120609254154394,3.951634075611636,4.383593607819725,5.142199854169837,5.291917134673677,5.917503162098791,5.388779894995501,7.64503228251245,9.292437366203506,10.683255311975946,11.555652850435294
2024-06-24,-0.4876752582642117,-0.9830323424344043,-0.29233377375909025,-0.4703657364083226,-0.4579100590020899,0.21567213500452534,1.1481278983814271,1.4612548604522606,2.280601202575352,1.5244415045193669,2.9400161881451052,3.719957130489538,5.4219106950287985,6.233592553729397,8.658547386686939
2024-06-25,0.03986989443375465,0.7501501887224754,0.5810459217663119,0.5749319794610129,4.138329579693539,4.892262527518554,4.972129220561673,5.698003378148066,4.876904603353276,6.555773591025322,8.053503673333767,10.559257576988474,11.018527636160632,13.52400628885652,10.432972892779555
2024-06-26,0.5542794561668177,0.42065314192560715,0.37126110033715826,1.043897176135676,1.9774676853845545,2.284867765337325,3.118405665823743,2.3534657024879593,3.756601887204899,4.575034193167095,6.2386701742995045,7.025696689287502,9.511113672154078,6.348203181806299,4.241580433707404
2024-06-27,0.10989441844330813,0.09701179894340267,0.7038023110625019,4.4750018244125105,4.5535074326995915,4.970329198358525,4.062930771104966,5.498126149960464,6.549237608978544,8.890307579056088,10.447852963172739,12.507046230535998,9.439937371770835,7.454706012931546,7.002363985384828
2024-06-28,-0.6749908711101931,-0.07717780358733016,3.684458095823599,3.744556397552753,4.146618715341597,3.245823177136145,4.652733369522857,5.705367446536145,8.045150849110877,9.61182512395076,11.660219858154232,8.622347172594674,6.653455943545503,6.218632293459208,8.501713465340943
2024-07-01,0.43941688006962726,3.997568506666326,4.117518399648967,4.513191740563615,3.669176598565118,5.268046087947974,6.318435286796951,8.522329789477263,10.013346099928798,12.063800475223829,8.981405722613161,7.123383074406247,6.640895734925146,8.84945038899663,8.090424861697187
2024-07-02,4.073810973327962,4.100876899570354,4.538545402037947,3.6676344388730113,5.087819941586322,6.172634352680329,8.490426868108791,10.000594215980948,12.040282481337,8.981236400915195,7.055151217065443,6.609612846918124,8.883938048160504,8.126462688710665,5.131200706702482
2024-07-03,0.48455512240693777,1.1266176550589462,0.3793982623577733,1.8389400910547526,2.714578057841368,4.424034198669726,5.2800470701718005,7.583540664827698,4.531001824498595,2.556103937954557,2.063955052882301,3.56585080716654,3.707974268279592,0.5063249092370264,0.2948212470789508
2024-07-05,1.1367507251969466,0.38503900803429414,1.8264739100539413,2.713275148545461,4.422451822082068,5.329027167897111,7.635341554977755,4.588634170082757,2.6134489081662258,2.139769114079393,3.647796029730498,3.7672191838487064,0.5770132284556567,0.36758938702298366,1.9729916653209532
2024-07-08,-0.8878043150126034,0.5707968077400821,1.4172995093424348,3.1090469886636853,4.129534664841613,6.38230773773669,3.3333991045356055,1.428469572619143,0.9590496951100241,2.4273057377103915,2.6053570790591065,-0.5311600110660649,-0.7386536963888878,0.8145444201121212,0.3234200981738136
2024-07-09,0.8326522121284057,1.7202486452505912,3.3803490207076172,4.2600642022136785,6.552165249560474,3.5856156897940896,1.6197177943677337,1.1469027404483039,2.6619394261328564,2.7624219054212102,-0.36743388766655066,-0.5277763039917082,1.1009133635221156,0.6899713910265749,0.08384494202387749
2024-07-10,1.8202553434876692,3.493111256975061,4.401758527187606,6.724768788428604,3.718531641314841,1.7321466858250951,1.279232497553108,2.7997543412673984,2.8895553070848696,-0.27093166041380157,-0.44232054465236603,1.174743616069229,0.7629976116833203,0.07012384701467622,2.1370686687153713
2024-07-11,1.209325300851251,2.0624548782891767,4.3474505221965165,1.5764486481955196,-0.3216894080846931,-0.8262852998378818,0.6581107807436689,0.7320620779380429,-2.3396952315497597,-2.451323723343925,-0.9216345466739084,-1.320247631020403,-2.026795979097173,-0.005698292464097032,-3.2437635774198537
2024-07-12,1.2854349468158586,3.5953513612441728,0.8038068355163729,-1.1254004265447852,-1.6184251526098123,-0.24071379650868735,-0.040047687961134684,-3.1691150614950208,-3.3714127840025307,-1.861656652537183,-2.608473940011161,-3.3884726063037123,-1.3517060759088257,-4.950678521324089,-8.664126572758295
2024-07-15,2.6885950277476605,-0.11838990183512904,-1.9530826684268898,-2.456916362587045,-1.093439144909633,-0.7815271192015695,-3.9621037809492115,-4.114407896564857,-2.5853846661944084,-3.3097488175927605,-3.785287273186024,-1.7029534737411065,-5.26332865265038,-8.608489787099291,-10.903440236637035
2024-07-16,-1.4376210560020357,-3.22346096819437,-3.730388528852955,-2.3846159949513286,-2.0829922317283764,-5.206331880739692,-5.360651929239228,-3.869972483653049,-4.572894822179966,-5.077797027428499,-3.0069565138354073,-6.517413016957204,-9.843212676096247,-12.122638600022391,-11.102659041899207
2024-07-17,-3.9212996247035266,-4.376388229352298,-3.022188151617359,-2.7127833726987998,-5.820471496563801,-6.05016750868946,-4.545721676480851,-5.220204456982131,-5.734344781135287,-3.599055330164475,-7.083287115086892,-10.404170511193607,-12.674735571558596,-11.564420337843638,-12.60421071847911
2024-07-18,-2.940665563142702,-1.551647663878283,-1.2343661044847385,-4.427887204185155,-4.684037303159356,-3.1544931691239033,-3.851083383488071,-4.3980985997027,-2.200961308271494,-5.768214334842114,-9.167436610871631,-11.479803888514207,-10.348368308588256,-11.428441332500142,-8.170486940583586
2024-07-19,0.9226032901780719,1.2542856209677802,-2.0338633975380973,-2.292359181849688,-0.716179565944206,-1.439013076808807,-2.027198260167159,0.23096120073962664,-3.45830058680832,-6.987247607237487,-9.385993325375479,-8.230997397899387,-9.36108054538702,-6.007756864951277,-6.144939059799294
2024-07-22,1.8005614370388499,-1.5540486876091282,-1.7969255488598204,-0.21109180491293136,-0.9536868123399651,-1.4885171482146022,0.758173518655407,-2.953189991361501,-6.526832582159249,-8.973269441412478,-7.848726994172913,-8.987893472543172,-5.616063047856909,-5.833238895998647,-6.015384592063575
2024-07-23,-3.0335553317849056,-3.302662226092885,-1.7754265688406579,-2.5038851332519894,-3.2519420395684255,-1.0651266978454375,-4.713727992783581,-8.467205118912007,-11.00896408035967,-9.896848569072615,-11.03767203164678,-7.922289809186926,-8.034210822763903,-8.113618050412404,-6.407845978162614
2024-07-24,-2.1233949678069224,-0.5775809122804544,-1.3040760084940348,-2.0845688416447787,0.14747035306908424,-3.5586378953449365,-7.3560513600053055,-9.946459073417707,-8.809440318946335,-9.985769478225922,-6.827842543154707,-6.939992094758904,-7.024366543379663,-5.272900399378352,-5.3889633414739855
2024-07-25,1.7907432540364516,1.063917328446452,0.21857878398977099,2.587072280091617,-1.2719120427530173,-5.211240437185875,-7.908823615979237,-6.721316959209242,-7.960616434866646,-4.6943914157918,-4.818019115879175,-4.912687843198459,-3.1070103652460537,-3.231517474307114,-0.47102005791262047
2024-07-26,-0.8397139713957278,-1.72523837630089,0.5877610998056502,-3.1576076279506156,-6.97054776116114,-9.594279737220432,-8.375733784068101,-9.576672618127352,-6.369879962155531,-6.409116684142423,-6.501197580994357,-4.732315369330315,-4.859643343320199,-2.1654347444656326,-1.790535482768151
2024-07-29,-2.4132429048486395,-0.06969619302715946,-3.7497826324338766,-7.530267662946001,-9.956535669388623,-8.754024358112757,-9.962084918215542,-6.629944166244088,-6.557863750674652,-6.708892867617698,-4.928011081150218,-4.869160602366202,-2.271208696353644,-1.9652495063301079,-0.790950823059428
2024-07-30,1.122690443433027,-2.6757035847948267,-6.563774346528957,-9.201528743028575,-7.98819660446246,-9.215915988873647,-5.964487239371467,-6.020948124708847,-6.1157004795918,-4.348679235429291,-4.491889970250344,-1.763905480112463,-1.3869828041507377,-0.22859542840741742,-1.0234688874333235
2024-07-31,-3.144974964171885,-7.011028961109132,-9.648319617484637,-8.469413864759108,-9.707998846316325,-6.51609127454248,-6.583472933074769,-6.685249908325985,-4.997864838166541,-5.111401641473477,-2.395514285712192,-2.0042230677637183,-0.8463053789890632,-1.6150322467307274,-0.02441904536066547
2024-08-01,-7.035139878307815,-9.685820278321524,-8.506582492280959,-9.757051068187865,-6.559135206121035,-6.633939939987021,-6.750263291260449,-5.0728792114108465,-5.1831654563047715,-2.4679318935200523,-2.0737487525515372,-0.9144567714415565,-1.6701521416535767,-0.08783176247680248,-1.4720500434236554
2024-08-02,-3.464202123237631,-2.1928187145329385,-3.587961531487669,-0.08250476518231048,-0.18338282430880745,-0.3129543135217936,1.5117010181867436,1.364437320290245,4.360048164774343,4.780110019573342,6.0485104870167286,5.2189028259918935,6.965234391405132,5.422734775818457,7.785194733107181
2024-08-05,3.068686322652072,1.60299556993614,5.270424357156731,5.370110682121727,5.2655310061805025,7.16754410573157,7.24179942992221,10.554268818410593,11.00763661255413,12.385771851430416,11.720895728882475,13.473369576713441,11.735100162012287,14.281231359071528,13.415286677679639
2024-08-06,-1.1077147584002514,2.458725687430594,2.557431905811715,2.46178118827122,4.304059979058295,4.372774991725164,7.593071246771408,8.027376207632267,9.351797282081884,8.708618744396341,10.413166232571955,8.725455127528251,11.194266844834623,10.357696080061386,9.808233187895881
2024-08-07,0.07824555684985128,0.16091331967684644,0.07557545224609628,1.866947665309095,1.9304779964697483,5.076904714778751,5.497915202463367,6.7785695615324055,6.1459227252788,7.815500342958605,6.171610608154043,8.572182745238374,7.752376451179385,7.210562037827992,5.632905959730468
2024-08-08,2.1494742126625748,2.0591929398640163,3.9230909834453396,3.9234547999047873,7.155969488721567,7.608169775601832,8.934609149669972,8.258161362797601,10.016145174803428,8.306686587295081,10.813988971771177,9.972511245551924,9.381508980115305,7.719730774549971,8.719651018591817
2024-08-09,0.5639480322700137,2.400922995261396,2.1951304794564526,5.260783905826449,5.698783470303203,6.972266322870127,6.136191345748949,7.94358672577658,6.3521576389856556,8.801635946899985,7.999464989127065,7.412313022343021,5.758372627801501,6.762883295373531,7.501602301733376
2024-08-12,2.27278485868864,2.06828265854634,5.23781859652219,5.755605830409814,7.0197036071614,6.20201047768444,8.086535109732944,6.453560824034958,8.86914665644449,8.086038174988364,7.482067773770599,5.820393092169647,6.825916120401483,7.550469694364962,3.1016936293327704
2024-08-13,0.7669175443943675,3.9101799476411756,4.421499439678659,5.669740447579782,4.824837161640387,6.7050141701083845,5.054765350668845,7.449206543873475,6.659685068027691,6.075150045588495,4.430877278294177,5.42575727475284,6.135291580836353,1.7229909935375156,1.6482429500319833
2024-08-14,3.2641199785924453,3.780562516009392,5.060337453427285,4.229307029815292,6.132766007330816,4.497952612581328,6.929086614005981,6.144542011115665,5.5762926531651456,3.9440778358053166,4.91728091520056,5.6242453883938,1.2364313726971579,1.1703831115821348,0.6628400725327727
2024-08-15,1.3067658882060549,2.5681755877325365,1.725914412387125,3.4930723297839275,1.956660388451656,4.374280749410341,3.592506495162968,3.0436902227109446,1.4671060493130337,2.3692882212496635,3.079567176836279,-1.209484397898857,-1.3138326752048743,-1.7986917567303313,-4.16240264729117
2024-08-16,1.2187472957311025,0.39823161868806717,2.113569679819758,0.6143999753486198,2.9845931324585018,2.2329230543170473,1.7121903176724118,0.1637278959541316,1.0372375050080678,1.7378851519528988,-2.470810699808393,-2.577769897865112,-3.0469132290801046,-5.354025828902507,-4.024653109029529
2024-08-19,0.5546271915931649,2.2817717311706307,0.7875597045189082,3.2442792611621383,2.4542198383795175,1.8933351704172254,0.358130699783772,1.2319294645677363,1.9214907716947276,-2.284105024206946,-2.4010613191536296,-2.8713326790488036,-5.132211393089892,-3.812664808724295,-3.3580159167596877
2024-08-20,0.7699984321913341,-0.6865656446035504,1.718146031839699,0.9498479701660334,0.40759356454747186,-1.0883785592544823,-0.22836536040218988,0.451621993953486,-3.655151686949245,-3.7753133856207697,-4.251219631768947,-6.455884111570142,-5.178775398244898,-4.744625161262537,-2.9238364384340154
2024-08-21,-0.4794673718241539,1.9402103465969842,1.1722257370091438,0.6160453613499244,-0.8918131938416122,-0.0369459589137777,0.6606716281180988,-3.4804224622819144,-3.586408551887763,-4.057194279015511,-6.280858461460136,-4.985108055884127,-4.562692570147834,-2.728412200052988,-1.8025671243734638
2024-08-22,1.1369528285243458,0.4209322171458382,-0.10190455469807633,-1.598538365311925,-0.7030370730689977,0.019310688638195676,-4.165765037984845,-4.303200569218489,-4.768510602295131,-7.007176172237384,-5.66508049458348,-5.29684496022056,-3.4802870971327042,-2.5412492678768146,-1.0784614302908224
2024-08-23,0.6887236103288753,0.11133540376125724,-1.398422519865894,-0.5056587974479798,0.16551218150188743,-3.99968955102486,-4.114576320016026,-4.545954358148801,-6.784463992061583,-5.433272814118985,-5.095950565143995,-3.253803070409245,-2.3085040344601433,-0.8657831107711271,-0.7456336195209554
2024-08-26,-1.451349101527689,-2.935156580279835,-2.0515730585986534,-1.3522429508902132,-5.4538620478249245,-5.564650462735718,-5.999931819296779,-8.207521593620061,-6.881061319564254,-6.545951003882153,-4.725954067737346,-3.803785375901667,-2.380262310051263,-2.2725071001467425,-1.9851028132583268
2024-08-27,-0.965968580452381,-0.02738924625730283,0.6909074020146478,-3.541018251530124,-3.678765914265439,-4.154229612013166,-6.411212474969594,-5.046183732654285,-4.648266222141046,-2.777684962228654,-1.8461214834549422,-0.37069260072154836,-0.2523094778178844,0.055692105494431404,-0.3362657010168197
2024-08-28,0.1091591748136087,0.8217051479016476,-3.413236004089778,-3.554914058503697,-4.02255614557223,-6.289361395343328,-4.901681190403961,-4.5016713851263725,-2.621845112643721,-1.6878622751480665,-0.2061460069024836,-0.08419757588685922,0.22614274680939767,-0.17073839673158395,2.008806564709182
2024-08-29,0.5078572603589263,-3.7171841619366157,-3.854733195700904,-4.32474596958401,-6.533122623725261,-5.145549469888508,-4.775983352622054,-2.924680260316371,-2.0363223213105597,-0.5626935448126794,-0.41179162146079057,-0.10232999239617394,-0.518915203888707,1.666088560534994,1.7102493226979765
2024-08-30,-4.206169922438148,-4.3279388236006096,-4.776899336926978,-7.0086803380203255,-5.580588788722535,-5.217007471670441,-3.388185410513267,-2.516778881170519,-1.038301874566587,-0.9109377106656393,-0.6315280037101284,-1.0442655099679108,1.1037392369621328,1.1446414620028054,1.8547258078616724
2024-09-03,-2.462718935702792,-2.9318255505024085,-5.2346849595982246,-3.782501876473413,-3.395786833402114,-1.499078619100676,-0.5999816414000565,0.919841966555151,1.0280216856164874,1.328848174155649,0.900181004839248,3.1153216413442704,3.1661902841061886,3.8958499432893032,4.817555011200883
2024-09-04,-0.4050792112621448,-2.8184158172795293,-1.2957270983712135,-0.8701754516396898,1.052217730231775,1.9871541912318789,3.5455752281577344,3.6659097333319544,3.9657676548331326,3.5328544186281863,5.8764303589862195,5.971828195407064,6.773608035105599,7.7438551828864055,7.434376615993242
2024-09-05,-2.737065574373027,-1.274385017893675,-0.8709910777893198,1.0325165970679582,1.9640491685588537,3.515669526153396,3.658621229250612,3.9698271842601347,3.4894502354278525,5.850789618548108,5.910039450526703,6.6294538656945345,7.573902852001738,7.22695113356677,8.995264349672814
2024-09-06,-0.5766665863147167,-0.161874458922094,1.8506419548675292,2.87812562599252,4.49719214111149,4.627950457249338,4.963366566288041,4.478704352496558,6.880455424361516,6.9165106485633245,7.630036783164367,8.606442634481503,8.204307174004505,9.984770870177266,10.331342793870407
2024-09-09,0.4561894851710108,2.474494247863055,3.481418339881154,5.068685078280804,5.197710747488567,5.547571426379813,5.046214656988211,7.444054497625443,7.47905253045532,8.212054592006819,9.181569370281103,8.763491998221667,10.57909787029068,10.970394334713202,10.388297292981244
2024-09-10,2.758043939857918,3.7318151451373582,5.344468509402392,5.469724254088799,5.84788398140689,5.336523591003029,7.765890896515426,7.814587975549652,8.58258133660686,9.569495991763976,9.12914797235646,10.958392233849452,11.328803249532822,10.752946161744369,8.967896041317724
2024-09-11,3.4860062799458027,5.123783282219794,5.251228033978755,5.633902074376733,5.128438165168662,7.535587623310582,7.567019621260504,8.290847901244407,9.207166959676238,8.750646950338357,10.54811205858696,10.930128151223585,10.404664149891552,8.639254551766063,9.346823957651308
2024-09-12,2.7830694720851623,2.910431524090351,3.2830956627757435,2.791144328903878,5.1257524029138075,5.1504207075203565,5.85950298484404,6.739458589145423,6.28648177522808,8.046156624484865,8.430781893938459,7.92696374798906,6.213981330234861,6.895161438736981,6.33107351805946
2024-09-13,0.3646717510256184,0.7143713488511567,0.23815864470347756,2.530632623901001,2.558752337013664,3.2153051648860838,4.073140654713144,3.649827386454827,5.342027980807812,5.674788634206526,5.17959506355272,3.507593791037135,4.168429149037113,3.600274221245305,5.345791464771869
2024-09-16,0.3775395711414737,-0.0875441497634275,2.1756318861043358,2.1993798200607633,2.851836096573573,3.7637682304191618,3.3428854068252565,5.015638491784569,5.356705091584363,4.899867158192209,3.2391238803545934,3.8971344601403968,3.3339937348013335,5.088822622255622,4.668315650474078
2024-09-17,-0.38460438377990036,1.8520866712699475,1.8584023908074137,2.513494530446352,3.3956580400609844,2.9743352306219695,4.662498453679021,5.020927565045173,4.563539144589668,2.88886646068799,3.55450497300897,2.9858930506804393,4.759402984593518,4.300428993243117,4.712237464550729
2024-09-18,1.7348497509895413,1.7537633539513613,2.427612739824759,3.2904837420306783,2.874559894052869,4.574539316413892,4.897504809361839,4.401319223506932,2.7339543525630146,3.399301416374429,2.82669881477914,4.562430177880099,4.148570343589352,4.541959897088578,5.137295625063625
2024-09-19,0.12327440051457945,0.7814486089948618,1.6368071293729323,1.2229253886734528,2.903897155068533,3.22983400971839,2.7304717866626667,1.0725519409781799,1.7255134980205864,1.1794334399759938,2.8697912550997597,2.461410374425098,2.831567387801987,3.4443132409566344,3.3749308629313326
2024-09-20,1.086359090473829,1.9390656093707055,1.5137473612300472,3.244959805419391,3.5612159792312355,3.0569464308071352,1.403344961929491,2.0847562815050695,1.5210677191321413,3.199390660630932,2.8016351974734715,3.206049952658831,3.7810158612614737,3.717197893271388,5.67906986193738
2024-09-23,0.8199043223061662,0.3817856640696549,2.107488471081758,2.4205549893370595,1.9204935274307258,0.2807194976973669,0.949856005152503,0.3783204563958671,2.0410897157946737,1.6482385463685052,2.0485052596748146,2.6364005129101113,2.567445199992412,4.5126552480785715,5.434438754533363
2024-09-24,-0.12643219827343646,1.5445669314140835,1.8709622203871379,1.3841509835677774,-0.2977229988067205,0.32971794870003257,-0.21916300576355688,1.420235595079016,1.0227614714672286,1.4212747643776005,2.0674847176402977,1.9950199683992849,3.919970772614489,4.853305758021262,3.930036042452366
2024-09-25,0.9863826277395504,1.324157799728441,0.8518424250445166,-0.8074367573839913,-0.18611803204931707,-0.7339485354205361,0.8944431817869889,0.5110848478783637,0.9027035635402579,1.5624345562346107,1.4993832361328592,3.3958315679170403,4.310817136495233,3.389007571668604,5.323772672361743
2024-09-26,0.14275031835640445,-0.2713025066735215,-1.8929843017826502,-1.2916700013438884,-1.7691582582261032,-0.13589398802960861,-0.5218693246053204,-0.13451724384951755,0.5188704755338187,0.5048712875482785,2.3061592231517802,3.2251082368860566,2.34210480673247,4.220220878461267,3.922495085170844
2024-09-27,-0.662044920555657,-2.3088257100022496,-1.7124025650562757,-2.1948535215346023,-0.5758325225267137,-0.9618709451847722,-0.5654852924813347,0.08314777667948452,0.0684630679415467,1.8525130917886368,2.7680811187762,1.8942839252533232,3.7460767429407045,3.4524990586810276,4.336020574718763
2024-09-30,-1.7951653987489398,-1.1941112134230059,-1.6721108670144116,-0.0449975689215111,-0.44414480647885946,-0.04814309559090043,0.5916396406006148,0.5792996479913644,2.378570961659346,3.304873483520071,2.4247842551810828,4.289904324112379,3.9880285124197794,4.881952959288942,4.949293120972676
2024-10-01,0.12256776096680869,-0.4139224121414151,1.210450339656757,0.8571613001670699,1.2326482337041427,1.9012004841016263,1.840845083551481,3.746026461197583,4.686870918756887,3.779875185317644,5.694965839546129,5.380460996638781,6.309596127558593,6.410551755045717,5.903685723519244
2024-10-02,0.1295186397095882,1.8090681131700141,1.437745472262616,1.766017701607272,2.4362393044805066,2.3307500259083422,4.278625747017301,5.231145291834421,4.251904645589111,6.193619160573376,5.829272475877854,6.754749613242741,6.813086484538668,6.368788292143179,4.698863485519734
2024-10-03,1.6628685036248823,1.2898367208373647,1.6737253596693045,2.384356273562289,2.258030858846017,4.2388104059218845,5.229123772365941,4.165448406088985,6.1169078434573585,5.760928874850324,6.704353667068217,6.756340394135107,6.3303874561724625,4.588741665247157,5.268312949633462
2024-10-04,0.31485542849499415,0.6897444037258421,1.3294208390472408,1.211769019066304,3.153703685266562,4.142743728409252,3.0809570722692725,5.025268214951799,4.663111863170729,5.553295649728533,5.590603181615726,5.117265340043645,3.487015821617998,3.990469895907263,4.243716416955244
2024-10-07,0.18351052364760057,0.828096848589781,0.7655601624060595,2.688911109641347,3.684909107287272,2.6051445105244033,4.513787146900574,4.152954310972561,5.033019404780506,5.0879842156009545,4.655784456171388,3.111593821178408,3.5344225886826535,3.9458436060773234,5.694573797148646
2024-10-08,0.8518668555818115,0.736307409262849,2.653466629456559,3.6238116788499357,2.5635087468584694,4.490878601101359,4.130851159077659,5.011054658622856,5.038456900161249,4.576320089658416,2.969350160253832,3.4491729798328854,3.7123288444169926,5.577644554239642,5.540271633702816
2024-10-09,0.2656012662932638,2.173738799787533,3.1539925515509384,2.085845406760607,4.002771479870397,3.633610439071888,4.527507599916598,4.5668073676675665,4.1161732102649085,2.485705359587669,2.9627048276278116,3.2178941722601406,5.132504862086171,5.095646365431747,3.8926065061166706
2024-10-10,2.567887793421553,3.627553921864817,2.5739313951822904,4.564420714032057,4.1943754119882515,5.1155802550360345,5.148818885807739,4.716668204096843,3.119580996633488,3.6680686197169527,3.9728102823757263,5.8304187312160725,5.932372992356714,4.619014397477539,2.298631593470829
2024-10-11,2.131681854859149,1.1024752893164236,3.0305624343432416,2.683450504740538,3.5412911666318903,3.592031601362096,3.0847195511535253,1.4901220420079853,1.9896604197163859,2.2303398282379114,4.144214574982322,4.071446327574984,2.8684697407147097,0.6253191701012955,1.286222540167157
2024-10-14,-0.4969256094049658,1.366172812285602,1.0641317782622493,1.8619097161876321,1.9350291486613065,1.4240040087719656,-0.05943219545194863,0.4301816867361128,0.7019215920867863,2.600332995034161,2.4543751107034644,1.462028732388231,-0.7771525540832915,-0.15903048131382677,-0.47015782295243613
2024-10-15,0.8289658846117792,0.5110036670101259,1.2963787722334252,1.3481608301070012,0.8514804968795988,-0.6374230027285299,-0.19821964028444763,0.05222087320314572,1.8684097283410008,1.8077556438528086,0.6400373088536878,-1.4894300537211906,-0.8251575790465112,-1.0800868805250892,1.2221631901275474
2024-10-16,0.7661184004244072,1.5558002272770295,1.5495784841244757,1.0863633666581074,-0.39362215530211897,0.08899729288525927,0.36944723934522766,2.15461664846937,2.158303650284386,0.9407996792238882,-1.0650833561294766,-0.47167984554196796,-0.7654854936422137,1.5278731674367019,5.470363666791822
2024-10-17,0.2286484554721772,0.2069101272689429,-0.26537403154650324,-1.6972815977548048,-1.267900866783105,-1.0345585004861464,0.6722854499150502,0.6674727399730708,-0.4750228800999206,-2.576061030857697,-1.9823152573325904,-2.2312816010087055,0.006257617457288437,3.8789386104123778,5.782264448299005
2024-10-18,0.025772916230965046,-0.4448283327046695,-1.872490380555561,-1.4595882031540195,-1.216206905489267,0.4620239742043985,0.4841645696827892,-0.6120639485778273,-2.6761413728299694,-2.0910050497420882,-2.259497626482999,-0.005685910694182966,3.9059744967260808,5.760666392767565,7.074856939605045
2024-10-21,-0.36553927201118985,-1.830003434787032,-1.3901309301965221,-1.1134246838465702,0.6547199999068947,0.7113888361609891,-0.3666687712892244,-2.407060647237727,-1.8912787301878202,-1.8982944674567466,0.23249699950617408,4.115684166548806,5.9122015935346095,7.188989476481321,8.774835829520468
2024-10-22,-1.050545177875473,-0.6077403052103824,-0.2968623245082097,1.472908861224403,1.5639963194744448,0.4784361108292193,-1.5904075537872053,-1.1494306158748808,-1.140000637479567,1.0095208551918993,4.8687384586099896,6.6488598667889605,7.932545972137069,9.506065154846409,8.162046567113624
2024-10-23,-0.6470878161589734,-0.35608062718416533,1.3961604674108612,1.498826631505223,0.43569481644736846,-1.6444672000616392,-1.1835446539878933,-1.2532301794758087,0.8631606393944238,4.6744717808002125,6.437457987964635,7.753415889698944,9.336892466081817,7.963058612127678,7.305051937017868
2024-10-24,-0.16169214948282576,1.6287632861796744,1.7061857170530126,0.6233210163819993,-1.484781686224741,-1.0358240152099332,-1.102843710863874,1.0850374770178222,4.8811465862578025,6.696691176249659,8.017377621702742,9.526850754826636,8.131605720468452,7.493533553016732,5.981906704663944
2024-10-25,1.1294554295637989,1.1699283700292293,0.061720248131668834,-2.0853272285431403,-1.5824310493168536,-1.7946892463639936,0.4647064259153219,4.293695055015157,6.130833610412356,7.485204394074168,8.999190849239078,7.5097049977801635,6.866120520039729,5.365135089137767,3.736043031164897
2024-10-28,0.4517938498313814,-0.608131858694516,-2.7361111208735576,-2.233116850738932,-2.4502194948557903,-0.2238077416023961,3.523492577781066,5.338378578005974,6.7177235076690955,8.206329142824131,6.748815468991599,6.108144541668127,4.645894520160012,3.009603741299782,3.5483052663997485
2024-10-29,-0.7486952418252929,-2.8624944128884064,-2.3577811989984325,-2.548490302984974,-0.3143734657551418,3.3844000981076676,5.220512281365771,6.594613348474744,8.02913777847887,6.566400694848204,5.933592659703929,4.498936208281874,2.8571838993685623,3.4041081476789414,4.873702048385296
2024-10-30,-2.9330704684808206,-2.399958454169126,-2.570701591235546,-0.3060329733059569,3.3164140797166493,5.301595747164101,6.59623321651538,8.037165390473271,6.539635745909036,5.8663758979833815,4.443198094012433,2.9225808544238934,3.4830278530157726,4.934046661657493,5.1873400378664725
2024-10-31,-0.352794852272722,-0.5742283603134843,1.7340150066584124,5.515758680511781,7.471636719127003,8.880461493974211,10.403713054237285,8.862851597081848,8.180407808012886,6.662136251039133,5.005693399077124,5.57972562981927,7.152005838292181,7.365235865705031,9.79547399016265
2024-11-01,-0.9164483074028259,1.3787124381217744,5.173351038084039,7.112431318549337,8.541807767576621,10.065379268153128,8.536683788439522,7.833038291045257,6.322047070017369,4.688411450267358,5.263464402269096,6.820141659243766,7.044299622259227,9.449916168874676,11.738633339595221
2024-11-04,2.009505607838824,5.9022030621330694,7.931059196213975,9.357622896059715,10.91273602207573,9.377916602061497,8.675476462178988,7.1454592732255975,5.519381882577189,6.102519576068635,7.688399898255316,7.8801473471775,10.301109181090782,12.65484233646485,14.080972940572755
2024-11-05,4.61070934338784,6.528989644416222,7.9551015740833675,9.465107160584127,8.100345810070927,7.318346142562619,5.763365277327688,4.077323778181192,4.62485999367794,6.221436712641141,6.482145582666702,8.924073175971042,11.269041904123757,12.685012370594677,11.76497431386828
2024-11-06,3.705742961421051,5.076944833241649,6.475868525820385,5.103722577357179,4.3571074164593,2.914038043429666,1.2428828911756407,1.8135868813265625,3.3711874407384808,3.5888824051669355,5.994925221670727,8.250518428482538,9.6025906189575,8.741252753762161,8.788898640149402
2024-11-07,2.147196137043124,3.5122062255132587,2.210481818708794,1.504436846404618,0.09038986108701723,-1.5562593201942703,-1.0098561354756597,0.46283059695673817,0.6917426364465616,3.003466886934476,5.187789830970556,6.539369125282024,5.678740956931821,5.704921746055971,7.140928818594009
2024-11-08,2.2510697524047414,1.0019931667111945,0.2620473292295899,-1.1137495628825276,-2.751186082030493,-2.176652432177754,-0.7318143489893658,-0.5829549095883952,1.656786244430505,3.8064619865851674,5.106305760411493,4.239056306666915,4.261265319140731,5.624262306716242,5.207052560387491
2024-11-11,-0.34171896938294477,-1.0371446868009166,-2.3535292951238658,-4.023807681598664,-3.476467675529905,-2.047793488376527,-1.900579076539976,0.35699025858572064,2.4662478980719635,3.7833994503061144,2.918582963537752,2.9147707240155634,4.28934114371522,3.9395401370647765,4.19940417944464
2024-11-12,-1.4330106168507875,-2.751267812022669,-4.401377875643914,-3.862990440642831,-2.453289817612665,-2.3298886312653977,-0.11843743869248763,1.9921600313276273,3.291574570770267,2.4137139140351938,2.4126726689683813,3.772940794250094,3.4329198127323197,3.6655458747854404,4.661342995744459
2024-11-13,-2.772201965927541,-4.452388364002976,-3.901072460011707,-2.5048020979390655,-2.3868721492331546,-0.17450376666644973,1.9257342265662625,3.1918751250510504,2.3197965569532513,2.294289017654327,3.632649498610086,3.3456116134693237,3.578453960069348,4.557414860148134,4.0752804658742035
2024-11-14,-2.6615840302896263,-2.0890555141891567,-0.5988800468912714,-0.4946964137639468,1.7514579935114987,3.927564752911055,5.228407646560661,4.293819584656298,4.3064417433824715,5.659609392921118,5.370731311791337,5.610386133211055,6.654169847507401,6.1289819035187705,8.032142413484554
2024-11-15,-0.1922174059671878,1.3451016584795046,1.4444548260120258,3.7703621291295404,5.997465542174409,7.357481181096017,6.395316695818752,6.419396494001595,7.842132497282629,7.53722913658342,7.780737393828582,8.864427046277374,8.309223106411109,10.314098496644997,9.090472052269142
2024-11-18,2.0822941444998,2.1281211357854146,4.4854219288585115,6.798384107651827,8.171694047514997,7.1772831741851695,7.22931934690764,8.740528721445791,8.412401925081355,8.632140294609012,9.717825265648814,9.214230122996332,11.321660761128008,10.090542022749958,9.032264290108277
2024-11-19,1.6466464135425378,4.021370261679842,6.312388959728342,7.635903187868458,6.704079842804471,6.753446199008975,8.206123113253996,7.837135330675208,8.032003681440456,9.125338746717311,8.59015150429958,10.5862546450147,9.383606412557977,8.382647605762461,9.432427175884772
2024-11-20,2.7620768187637474,4.986566564701642,6.283372016558315,5.38580261953639,5.406373049392061,6.820997413569907,6.4834716424793735,6.643204616471517,7.7125155063611,7.156959933660428,9.08237757204998,7.913070313158613,6.9210390114788,7.948583235977701,6.679815683434508
2024-11-21,3.329392542651767,4.641330604243674,3.7211779073573785,3.756523479593133,5.164001771601251,4.87724935462361,5.0186772559881385,6.062428638046732,5.492568908860178,7.39318920534812,6.24826617900397,5.2352860065176445,6.2322180291738105,5.0018199725404315,5.624388749425162
2024-11-22,2.400007272934831,1.537515512216699,1.5740338662977402,2.917489292018969,2.6309546749769455,2.7644130217018708,3.800188318257557,3.214302700724928,4.979800842944845,3.824720923737193,2.8189190524221353,3.8025238178969305,2.6589145441948645,3.189700537447147,4.98533300682802
2024-11-25,-0.7976259249970391,-0.8040035934658338,0.43934822818054925,0.17042590423574772,0.2936166671833276,1.295621574537389,0.6653763981473777,2.1845156739858136,1.0871053693670012,-0.03977227484229455,0.9153045641495522,-0.09586814111007656,0.2675258220164641,1.7748620120873058,1.1437351542949332
2024-11-26,-0.4342165868385637,0.8368208158192866,0.5719839275652089,0.7220237614475038,1.717368804118187,1.1200004860732062,2.727764075857055,1.6235384223364646,0.5298430430582671,1.4803826107078568,0.4234447309649556,0.8492196784507229,2.4734552502627674,1.9454933172947562,-2.3131385462862406
2024-11-27,0.7233636196206071,0.4758440508098524,0.6280941005132111,1.642014105086749,1.0220949607197813,2.6012191199798855,1.491813790281714,0.41182788809887383,1.3708115506996992,0.32332438819220355,0.7484280472468369,2.370545705628569,1.8381993323002712,-2.4309389645500694,-3.7325468045598558
2024-11-29,-0.2857389794088241,-0.16288728469160157,0.8391596072524125,0.2018163742741061,1.71261051037159,0.6516647935693216,-0.43238367930822946,0.5019535126757383,-0.5202073916878854,-0.17991218444990023,1.308087184451952,0.7426992725423486,-3.4385071567363656,-4.645447160300829,-2.76374447078137
2024-12-02,0.1397701066235132,1.1331779826217891,0.4979900717304953,2.0371780591020427,0.9573430418510469,-0.20774827572655633,0.7280445424465575,-0.25040731950738,0.07492343563581276,1.5580475284738584,0.9637565279407194,-3.2807360439409883,-4.4238600519779645,-2.6003338961723905,-1.8949490317757434
2024-12-03,1.3414213047806594,0.719295456844429,2.32152755342626,1.2105813117129527,0.07375729709040786,1.0313962897127147,0.012509119933646694,0.38943597796329743,1.978825311542693,1.4873005113239868,-2.843698066190165,-4.067301499607051,-2.2090995147290378,-1.416479600257672,-0.08330947061268958
2024-12-04,-0.5876918331342027,0.9236633542559113,-0.13812403582960006,-1.263546689062217,-0.29571549375784484,-1.2789567443004923,-0.9543841054357601,0.5452738678089409,0.042663958651353556,-4.2767543889774675,-5.401274191023503,-3.590596794559726,-2.846268260228232,-1.5407448251613838,0.34502024858304453
2024-12-05,0.6489010412057299,-0.37386662543211896,-1.4966347403040317,-0.5759451480021746,-1.559751193580075,-1.2620019471274917,0.1747226080009659,-0.370357089704519,-4.642966754546635,-5.720280995347371,-3.9335934024553967,-3.1612533428780374,-1.8893690287684222,0.0017790676907853535,-1.2733308204487543
2024-12-06,-0.5488036146278474,-1.7062864324866582,-0.7613267303109346,-1.716186125176648,-1.454795571703313,-0.11348402289887688,-0.7387122983887823,-5.052143506732837,-5.9966863067583915,-4.268363380019362,-3.537483923162006,-2.256957710170444,-0.5059042590046728,-1.8000317779380328,-2.995625631977772
2024-12-09,-2.9264186754544026,-1.9594451521639262,-2.843688656229272,-2.6501957088601458,-1.4477999595035052,-2.153680865072993,-6.420006667703862,-7.2275158156532875,-5.585387481926177,-4.9507433272094765,-3.715456113020988,-2.184452305622236,-3.479595642169614,-4.672540368882675,-5.633944678838895
2024-12-10,0.1837705123588059,-0.7454846373428453,-0.5846349105263631,0.6452308605403159,-0.08270182912858359,-4.45546148861136,-5.287954054258141,-3.612795149131881,-3.011355900084809,-1.733720722499274,-0.19340758707099687,-1.5562856305704014,-2.786014316310295,-3.7565482070202285,-2.402612082265347
2024-12-11,-0.5266904315380672,-0.36969234152966396,0.9160957330817954,0.16717605422946702,-4.228021884898181,-5.047998825659482,-3.3587860924821964,-2.7820867361552946,-1.4831572956508234,0.05750555677360583,-1.3620224472834837,-2.59629800438494,-3.58650762920272,-2.2874276132914266,0.20736887498497
2024-12-12,-0.6946328007119111,0.5641560690580089,-0.19915659825542506,-4.535014309917151,-5.342790096927912,-3.679882658853247,-3.1019525217275774,-1.8209746304787868,-0.29667609400861206,-1.7001963499778205,-2.937918720678281,-3.908563951832767,-2.630761712208108,-0.17985147559919906,1.0280919520211131
2024-12-13,1.1738813289386663,0.45914610509300413,-3.925904389704448,-4.764694747254883,-3.073353902315614,-2.4801824300284574,-1.1790443345021764,0.392804588595273,-1.023125179763462,-2.2590877368020776,-3.2444096682218277,-1.9192570835880003,0.5526925307003119,1.776177336805786,0.48654080363053576
2024-12-16,-0.26005117124391125,-4.590052611818766,-5.344122998752903,-3.721704593386256,-3.22692491903195,-1.955376088202237,-0.5906087050542598,-2.010145331739558,-3.248205063791478,-4.136729129236623,-2.8888383076025335,-0.45866650931583375,0.7509318389212515,-0.49204953535617985,-2.2133189620834157
2024-12-17,-4.318121483118967,-4.972216160205608,-3.3897992736772773,-2.9261500966144935,-1.6710553940792279,-0.40835326323495097,-1.8360088240520616,-3.070038761490924,-3.9065913825032745,-2.7149593233345812,-0.2898920947593025,0.9076880077752597,-0.3058833283293458,-1.813901365787599,-3.1618087705092526
2024-12-18,-5.256856049936484,-3.703210871607522,-3.304944200598671,-2.037605241797095,-0.858701431064004,-2.2997316744081653,-3.5522881340842556,-4.357976226282336,-3.232658904669042,-0.7801481880909887,0.41117280382626714,-0.7763485238445025,-2.167900690119655,-3.5001269565759348,-4.318329290414045
2024-12-19,0.28898333629367445,0.7641894607275133,2.1238178894365927,3.387965325726725,1.8772074691165836,0.5884871821081599,-0.28206762617445397,1.0051806480219851,3.567905887410171,4.752063039354462,3.511509273241841,1.8701396315414034,0.4653009927912768,-0.43288103406844997,0.6702474673257417
2024-12-20,2.0227869815029313,3.4217322019687213,4.738814193415526,3.1938293497737287,1.8736729902795928,0.9535122459404148,2.2630140608723566,4.907952903996131,6.1097020189900375,4.820544491543815,3.08849030803382,1.6598017890123022,0.7124381008286416,1.8468732232455212,4.385207159935223
2024-12-23,1.9169507708657614,3.0888799222548737,1.5407874325257227,0.21703131310322557,-0.6243521274560887,0.6051190850581604,3.2033662592518835,4.390370604607529,3.1486931701005365,1.5934647746967214,0.22781769215503256,-0.6207986817418245,0.46215154496612343,2.918999599828217,3.6712869047982823
2024-12-24,2.3049090375999337,0.7711668566653536,-0.5446301127166118,-1.3423288044998665,-0.11191186616986548,2.421170107559428,3.581546005456836,2.3333021355841557,0.7872420660409567,-0.4962326632427803,-1.3409664196247228,-0.24300215637415257,2.2123129406451296,2.9286033545028904,3.6896839177124314
2024-12-26,-0.36351950778561837,-1.6972543425415232,-2.446396806815807,-1.2759297408109704,1.2044780009274092,2.4058175635588452,1.1815762003652257,-0.24334419904692778,-1.523887877166318,-2.317882651047512,-1.251498702094876,1.1649149179581824,1.862616503096024,2.6994110344385174,5.207585078611183
2024-12-27,-2.1420980763705617,-2.8411279568275747,-1.7094664341381829,0.7930205181306119,2.009629577195334,0.771357740518562,-0.533012535391464,-1.77399970500454,-2.4868378508550455,-1.4401536745497963,0.9407091200619313,1.6185280084050861,2.4920922353864396,4.8822872684146335,5.4033861809063914
2024-12-30,0.42710023964649074,1.6335367658163478,4.25039563214076,5.532953761400996,4.231023794969247,2.77745728039049,1.4837465128857565,0.702488118258165,1.8163865829639863,4.328092271318449,5.027905656568601,5.926336036205839,8.414469069809142,8.93726166133178,9.328106463060621
2024-12-31,0.08231651378843899,2.6824522603205554,3.9621753413010197,2.699008355648546,1.3026555355483673,-0.054447830063367536,-0.8112260865522098,0.24273359408794537,2.676140360921595,3.4002890581207907,4.266339725881136,6.629393687930089,7.172043386283786,7.5000904823240875,7.291283878461623
2025-01-02,1.9751748982345048,3.239761883062276,1.9667914720901125,0.5382538797739123,-0.8269657513177493,-1.6056345138163843,-0.548349354433288,1.8890107504017186,2.619397261386465,3.4502502443584935,5.850812930049498,6.381863227882525,6.695237937231057,6.4787264146180155,1.0619352251748841
2025-01-03,2.7748920225112332,1.5331840963263312,0.2129310011130969,-1.1633410552420684,-1.8483356719404864,-0.7593653043417613,1.6178239766506008,2.3670748436922446,3.2484774492784734,5.561043659422011,6.085972826489563,6.477282467535772,6.2606556559487005,1.015987667027588,1.9107470200436232
2025-01-06,-1.9656766455184604,-3.1862534776551232,-4.518504810187075,-5.1543114267772765,-4.107178082323723,-1.8485304728437455,-1.1303277442411763,-0.29952765159015454,1.90035403563813,2.39945672931217,2.790896993251336,2.5766499887337915,-2.332959495615693,-1.464447387011337,-1.281148458374507
2025-01-07,-2.625061489034484,-3.9906887906278556,-4.667365345546036,-3.593848766520143,-1.3079389711100815,-0.5714505921438422,0.2565251448047193,2.5534707454127537,3.073585480401863,3.4415472549076824,3.1959236023651654,-1.797140248220087,-0.9152447222453288,-0.7341994814282926,1.0475625456325492
2025-01-08,-0.8710826942849162,-1.6979183545459235,-0.51807722503271,1.9401539428804724,2.725733769803884,3.532012409600855,6.019476760839879,6.497868988343731,6.865305163637335,6.616694869805097,1.4115429256042678,2.3221334829658113,2.494320824849524,4.33163567086037,3.8197843151707653
2025-01-10,-0.8931890859784317,0.22742072606651623,2.74785057923318,3.5184731743083275,4.309010468313908,6.892471456642827,7.364745975344406,7.66991784786825,7.421563608472528,2.0500697253570705,2.9322607405674077,3.16025346464917,4.984796696504367,4.37531169039607,3.635995357481098
2025-01-13,1.7079637115369624,4.387177387729324,5.153457128660355,5.962348977875773,8.699437340769872,9.199899848398976,9.53853019166168,9.360865101215984,3.8570942081276356,4.830894786310383,5.092944732076851,6.887852074130585,6.338658883856579,5.708388521700486,7.252162429789443
2025-01-14,2.867707954395773,3.615782033125394,4.414570199555366,7.136992340072688,7.627102838985015,7.92057727429451,7.737459519695701,2.41175513075531,3.368184919024959,3.607174262143743,5.366111515402024,4.826829179278474,4.191980455672701,5.708082497171217,6.961920536779866
2025-01-15,0.4459625209940967,1.2291782940295246,3.7683126790700814,4.290163575328909,4.5682043684205,4.315742121356799,-0.8043405212999079,0.04636150618673021,0.2439119165804997,2.0186979520215655,1.4188495361524371,0.678201135234613,2.1647772051947958,3.383158439065392,3.1316323826211607
2025-01-16,1.5347423287700335,4.0739677468984885,4.596194144657061,4.890014341844606,4.64628123923656,-0.4774333657911291,0.37244528951726324,0.5689184741694651,2.3453378147200317,1.7308114571727784,0.9845976957036388,2.4587901693995424,3.6538639116666607,3.4032293830279134,2.8484807676591077
2025-01-17,2.408895393324814,2.9213365845248984,3.2084772927186784,2.9719729275732063,-2.0386290325436724,-1.1945614545043193,-1.0067068644119388,0.743973297939402,0.146615064320531,-0.5980029305496721,0.8565212880482115,2.0388846179812825,1.7832485552464143,1.178034829147313,2.055648734195363
2025-01-21,1.953715692579836,2.2495369928640283,2.052742352089191,-2.896383240394855,-2.066341210055392,-1.8161073956649891,-0.09254970935056833,-0.6423209709654746,-1.3419447596316192,0.04250385667271016,1.223849706324896,1.0802205040130015,0.47337083392214085,1.3397885975110135,-0.4386369050194288
2025-01-22,0.15756104787603886,-0.022186413636640208,-4.75387162105325,-3.9781262166721225,-3.72664229102134,-2.0548545637767632,-2.624140198237312,-3.3156973914402634,-1.9718622540388362,-0.8612014653356768,-0.9921096710315009,-1.6279638327183488,-0.7749809273423159,-2.4583118457495177,-2.35881172649266
2025-01-23,0.8464830337949795,-3.9163033327332006,-3.1388516364998242,-2.8749233576319697,-1.2066254384608863,-1.77146861439249,-2.480213586632188,-1.1349641422051449,0.002546457601321194,-0.1368358505301631,-0.7833435064349693,0.07492563236714103,-1.6303765008945286,-1.5646581915903932,-0.22721404035242174
2025-01-24,-5.168142809829379,-4.41799134476053,-4.160627050845743,-2.513182365544339,-3.0784634515559044,-3.7816254257171487,-2.4484896787682997,-1.3219045846867283,-1.454330577808687,-2.1076529661939953,-1.26945136584918,-2.9391447078079262,-2.864787517791256,-1.5491962805308686,-1.8186293115616954
2025-01-27,-1.1716907309488307,-0.880602847325785,0.89833900893861,0.3483221602691286,-0.37585349399185347,1.0189837771364478,2.235208061701304,2.1032211708091744,1.445973527180063,2.3167786035400333,0.5504885518943698,0.6351789187557917,1.9620585048514765,1.6631273540947111,2.45368043601549
2025-01-28,1.1625795551399216,3.024547609675374,2.4780747861150747,1.7363680937798207,3.1709241892371294,4.435252757596013,4.306367167078533,3.644752173034389,4.531023829979716,2.688696414847193,2.7711127426608573,4.1175400614437265,3.8316433134600056,4.656577029851483,4.303379619388926
2025-01-29,1.5751546332731627,0.9828499680581297,0.19503193047913922,1.6598429402829251,2.85890771960081,2.6420193199422757,1.986816095203414,2.8873945638294427,1.0667946381735929,1.1870026530673101,2.544079995324605,2.2666066290065316,3.093306440835793,2.7601000523691215,1.4646842115804908
2025-01-30,-0.4062071945026679,-1.2069979565035078,0.2188631047022704,1.3876342585104782,1.1981431661432849,0.5308963054754126,1.421107003389788,-0.34409145378906786,-0.26263727344944404,1.0681852081812009,0.8022997682709494,1.635192289417131,1.3086379215395734,0.050569186090558965,-3.5486685494714356
2025-01-31,-2.010273074497107,-0.5899604962035254,0.5403257819693068,0.3690989903850729,-0.29661915769587255,0.5908048010379148,-1.159114331923341,-1.1228201681519345,0.16662653055902304,-0.09186635585249217,0.7209931857755625,0.40260298916617887,-0.721978230195657,-4.245249943160221,-6.0722076994027985
2025-02-03,3.078883503878896,4.273493179304156,4.140642682785552,3.3820437662540597,4.314370991567953,2.5449975517584313,2.625410829486777,3.965872208326351,3.724607653145704,4.536506475034353,4.193686523623283,3.0301067597133757,-0.7333060456004512,-2.7044947383321154,-4.591135790368471
2025-02-04,1.7353378323839759,1.6187010626628027,0.8383846447856984,1.7157549738797409,0.023352956187109288,0.05553628889284892,1.3417157930429133,1.1234395985782348,1.9410884038594884,1.6204738620866863,0.4990341077356268,-3.1304596864544085,-4.998045097068202,-6.789967157659823,-5.8315120727310585
2025-02-05,0.6900581092708076,-0.10910502911982439,0.7557999279136743,-0.9178594675154328,-0.9147274834965126,0.4028066936503336,0.18792050173453398,1.0084089454933496,0.7079941005119788,-0.39764417809380925,-3.9743706500813634,-5.8115096110693205,-7.60113593555425,-6.632024180506699,-9.090156075689734
2025-02-06,-1.0136047125360017,-0.19475657102234015,-1.8334696792575147,-1.8260183804644499,-0.5217130569803942,-0.7784845345276794,0.008972104227495937,-0.29984246875779275,-1.3984117620602825,-4.9097324038968315,-6.725548336423833,-8.4864237900226,-7.537838742993896,-9.944102688869641,-8.969654910158615
2025-02-07,-0.500217572507789,-2.106795072401994,-2.153710988895112,-0.8526613792311616,-1.0994723020426003,-0.2935578867201014,-0.5816793902914466,-1.6561311222457478,-5.118407398665835,-6.911452559359476,-8.653752307974829,-7.705594886320492,-10.110832125545878,-9.149096880127422,-12.294172325889038
2025-02-10,-1.2620989638112057,-1.3268677641533255,0.01731161279114566,-0.19558972992803322,0.6163666626020546,0.3620919065314977,-0.7216671734148883,-4.24754161777987,-6.055317651367367,-7.8298725718834685,-6.884564378667974,-9.327149622225598,-8.355786910595437,-11.49539484591157,-12.069493457065853
2025-02-11,-1.039026911652834,0.31866743451182217,0.10027636755863538,0.9128702261077012,0.6562650129925173,-0.4563222935758288,-3.972858010141193,-5.7671617150563455,-7.532788488853313,-6.569007427899828,-8.942012114775858,-8.015407199461011,-11.119664955279886,-11.717233508445009,-9.697061837705482
2025-02-12,1.799285804652623,1.5611336575538417,2.369160594474437,2.0974933516153778,0.9747284922585833,-2.6123054379138155,-4.460318412663452,-6.276883046748502,-5.283397995032579,-7.724679641890073,-6.780718692684736,-9.943138178857035,-10.5519636248593,-8.463997990829698,-11.307235362437773
2025-02-13,0.5794665569505406,1.3914231990864159,1.142713012896833,0.03918357901163967,-3.4833313383214586,-5.307924311469771,-7.07080496219729,-6.088794774718923,-8.497321643000484,-7.585095999181592,-10.749923695060142,-11.328160931044703,-9.287567458739453,-12.079146174412783,-11.294155563177608
2025-02-14,0.626331460220767,0.34640276479801246,-0.7577629689918005,-4.2359301579033914,-6.02790674301377,-7.737716311374482,-6.758909716928457,-9.144448799090945,-8.219398440512938,-11.337599650981865,-11.927384774765214,-9.913722745570457,-12.700758484433116,-11.942760033583863,-15.414796811214512
2025-02-18,0.09839985283604771,-0.9713839941086448,-4.456762244726655,-6.236887984363934,-7.930153500069763,-6.967321556415654,-9.36154569128496,-8.418116836307828,-11.530421154192501,-12.086915595039642,-10.071239416390833,-12.8324103413183,-12.080481594638043,-15.566788796079658,-15.113533466325046
2025-02-19,-1.132586660624233,-4.632279966233423,-6.425453492402005,-8.107554695074121,-7.135956993608133,-9.542252182157947,-8.586474017260635,-11.719974155244666,-12.271142625133683,-10.244421848223247,-13.008756523063067,-12.269295475413623,-15.7775763511985,-15.323038907593766,-14.420343568773891
2025-02-20,-2.799757111749405,-4.670491615717041,-6.412827499002624,-5.386582638551487,-7.856218609957451,-6.875393682324577,-10.101610113485817,-10.640059213236059,-8.582596531689225,-11.453687642725493,-10.708387361858884,-14.302897200828864,-13.830088929447571,-12.891578645077173,-14.542832345650183
2025-02-21,-5.080634253469651,-6.79362808844962,-5.799816193706193,-8.19723443637552,-7.2358940546245964,-10.417072075161796,-10.946917633521725,-8.925687573032674,-11.749719540967439,-11.050476884995112,-14.582753668129875,-14.136245118813722,-13.208489516416694,-14.826569150365083,-11.868858598104705
2025-02-24,-2.093127775672367,-0.9976584513029771,-3.5826312286516826,-2.5471439981167863,-5.980737061689005,-6.514283842799325,-4.358586961194428,-7.423576222157237,-6.684608353228898,-10.504101598869665,-9.981584229882387,-8.96348083071333,-10.688996276124408,-7.4826745665693615,-5.969669908665832
2025-02-25,0.6809350780805274,-1.982745302191351,-0.913067134402787,-4.445780367085525,-4.96970210905597,-2.754183216957726,-5.9072533191443215,-5.145519758421563,-9.076237554211122,-8.517865133300823,-7.462349368378987,-9.226850234494536,-5.923884691793022,-4.388005670726982,-5.964797752562201
2025-02-26,-3.5904299255272085,-2.5087000936813055,-5.9798422440306895,-6.530957632216303,-4.31511221818938,-7.404547900531556,-6.603473791559381,-10.50193024321684,-9.969116407563952,-8.947365543779323,-10.71406088256646,-7.476539109040628,-5.924664387620017,-7.4647254868593444,-5.656878486831129
2025-02-27,-0.33524781891533245,-3.930238624120188,-4.47696044908283,-2.186155017097746,-5.37415130698836,-4.55942201516972,-8.581664037641522,-8.009755401038728,-6.960889514802374,-8.755129228239818,-5.397784460524261,-3.8151258860657786,-5.429144377240572,-3.6016606800630973,-4.460558639922065
2025-02-28,-2.1152683584113356,-2.6845969087222468,-0.3127504095619489,-3.5906229787333124,-2.7038872807451013,-6.886068171011031,-6.274837869852186,-5.233710874027198,-7.1019868510346065,-3.644208991688298,-1.9963796979081496,-3.665745779276531,-1.8238584205107982,-2.74150345958772,-2.773133904900198
2025-03-03,-3.613409209625928,-1.2515158719456707,-4.49083093219603,-3.6270579467331925,-7.762276384294475,-7.135955244908652,-6.1233474389502165,-7.908010771356819,-4.489392830837466,-2.856241180646987,-4.515808699591671,-2.7111839639294746,-3.589352925904421,-3.5903938669523696,-0.8531003661963449
2025-03-04,4.446205354645052,0.9664262050625689,1.8744660228643883,-2.589062798604785,-1.9016633309192457,-0.8024299781240262,-2.721331641055564,0.9595761094961719,2.6909511481445096,0.8831170550680538,2.8184442876196196,1.8805130917503832,1.8976043415670303,4.850286559396739,4.567799232765138
2025-03-05,-1.2627672429157148,-0.38573636658595867,-4.709256053753843,-4.053039822698776,-2.9887264382230447,-4.849714848224587,-1.2854439537631728,0.39301326988049146,-1.3592082755369217,0.5221616961739937,-0.3697735223561408,-0.3597037943120108,2.5033257388395596,2.2316078016473657,-0.3246183921708132
2025-03-06,-0.036244696578741895,-4.367151698454437,-3.694418957149789,-2.6049761147361603,-4.5096491719181575,-0.9387480822914774,0.7424385355949106,-1.0238756644472409,0.8827847440519718,-0.010996405782791591,-0.012490599544876906,2.883573004503222,2.6036924625283198,0.01958111910450725,-1.3074853465049001
2025-03-07,-3.8689155860165885,-3.173387064981726,-2.070976315403032,-3.996053836364887,-0.38156674891639336,1.3125024776885472,-0.4784994010408097,1.455744408596707,0.574478613984515,0.58027745214551,3.5288298467736894,3.2464990884120124,0.6334743101179307,-0.7243512201208617,-3.14789810813612
2025-03-10,-1.0996527080866458,0.07533277870636015,-1.8885991673224574,1.8723857633940189,3.6159994837973444,1.745429919097124,3.753615665938731,2.8551827354856765,2.874156667665112,5.926592527938627,5.638712358741073,2.9221889738187343,1.4940883271484473,-0.9821741926722596,-1.858624597954215
2025-03-11,1.3151908076066559,-0.7762308041735806,3.0075595916841045,4.779802487672085,2.919156772245772,4.980140226532059,4.026031482296372,3.9987252989640987,7.1723278194399995,6.8831450649284145,4.16479256444073,2.760561360466993,-0.04091194169082139,-0.9804635592974229,-0.15889894170062852
2025-03-12,-1.9198146308199397,1.811477679529552,3.5985166057106537,1.787669473982656,3.7509950885784895,2.7873093297281213,2.8090039766441155,5.952178281564518,5.629741052026214,2.9892010664624427,1.6310682771508804,-1.1283507371348482,-1.8258716572030713,-0.9924085641439973,0.8715563065930734
2025-03-13,3.2731088384265545,5.061060939295097,3.19518222057419,5.262925769790309,4.338800113484,4.372146498533821,7.586950133412308,7.281049242838494,4.574139175793856,3.1700161206197985,0.35630403516736314,-0.39555635377571075,0.4789526635035792,2.4345566116020816,-5.298134878434287
2025-03-14,3.4486583009376477,1.7368583614634578,3.698789672695706,2.7034299593635316,2.7102882800495376,5.79418455948694,5.403785929817421,2.753627657825175,1.4263721424560651,-1.330273284729119,-2.064390638308237,-1.1948788325125619,0.708758344691146,-6.889866792575664,-12.360456606339714
2025-03-17,-0.728503803535,1.2039773473160944,0.2611615658024376,0.25376317822372846,3.2575506867217374,2.8990454563167876,0.3294069989132263,-0.9520571803499193,-3.647972731822688,-4.383565643966129,-3.5483951606959048,-1.6655284203440854,-9.087549316220988,-14.446360964410806,-13.653939475387308
2025-03-18,2.0895893997731836,1.164579717240203,1.1748288875234534,4.211095240103848,3.826526792950842,1.2016081067204933,-0.0851794178325243,-2.816655904867029,-3.5924337120533094,-2.7435298208937207,-0.8554371273575341,-8.295335861526464,-13.686424695224051,-12.8901108718763,-15.149447980663165
2025-03-19,0.3142504812596802,0.32091849318399507,3.361250004233886,3.0105758505826277,0.4111698208330278,-0.8784576368911381,-3.5767790479889348,-4.335318599115524,-3.4945828478734455,-1.6032578939013225,-9.032283482313817,-14.411343772997382,-13.607571725612514,-15.85388841671981,-5.781785490552731
2025-03-20,-0.6333382664281526,2.3414169621521177,1.972108145802428,-0.5969112906456959,-1.8639903724337796,-4.508339137282981,-5.258669013240699,-4.447028130570375,-2.596499322569348,-9.92006655620554,-15.182244986968039,-14.384749098721665,-16.606198837726247,-6.690527478408433,-10.76272821908515
2025-03-21,4.329558679405178,3.9497199128670446,1.334552629942484,0.058968345433841725,-2.668995831107852,-3.4333047572257245,-2.5823593777147273,-0.6731236184897452,-8.169566329527223,-13.559850234922486,-12.737660974344303,-15.024625910191942,-4.873668271206314,-9.047178480476084,-7.36366652202439
2025-03-24,0.3931840575664899,-2.1087965332435767,-3.316051675584652,-5.909073164732664,-6.77155987951946,-6.005846113633573,-4.172327706423386,-11.360720289318108,-16.610503998114048,-15.8579818370594,-18.170965375412834,-8.510616919018092,-12.62017351522338,-10.966516510558355,-9.930530994288901
2025-03-25,-2.6522055986814843,-3.854134924420669,-6.455541284204665,-7.3343367601735965,-6.43370511658566,-4.592089459630993,-11.733148095176128,-16.91486817039264,-16.114765173235238,-18.367627941550083,-8.707186519751584,-12.705728976510274,-10.970897405416517,-9.915028710649407,-9.835358943934589
2025-03-26,-2.7252629199658016,-5.376320639361929,-6.282085826334395,-5.359507274454452,-3.481283982176389,-10.718724968996582,-15.964142986840029,-15.119586707478522,-17.415773685258618,-7.621673840144192,-11.678101676828408,-9.924745794616971,-8.838919071894981,-8.751133387987108,-9.96976654479578
2025-03-27,-3.2954387599945867,-4.255790610586123,-3.261905244538338,-1.303623700998216,-8.762210999958539,-14.12236885337877,-13.251705378126141,-15.619047937520516,-5.53637636514053,-9.712990304740497,-7.908699300386425,-6.8144817758518315,-6.719432707817482,-7.974634882933979,-7.479381802246785
2025-03-28,-2.6207760095723045,-1.5777436252203791,0.39968697934970837,-7.199487158371296,-12.65348119452192,-11.778112905844957,-14.144015641673864,-3.8507497119599776,-8.12155486885419,-6.302332455255559,-5.227669769462521,-5.101020770880547,-6.392070606809876,-5.8616827483338465,-8.471969125855383
2025-03-31,2.744322563847047,4.913814977455854,-3.103815519292952,-8.828387104725829,-7.874866033074146,-10.404224437007588,0.41955234277598913,-4.120679261769531,-2.207246420367196,-1.095647632734989,-0.9744310758238721,-2.3298206622550555,-1.7967417995371637,-4.540737879742715,-2.075671659372539
2025-04-01,3.8971510324462324,-4.042707402892986,-9.712175767110564,-8.779942678998465,-11.310600543714651,-0.6143979144440518,-5.133320333736338,-3.2637332756058037,-2.1564062437124436,-2.0646656875893816,-3.4016004030385183,-2.8830578068307644,-5.590562081503852,-3.149480682392433,-0.538596140094903
2025-04-02,-5.486083681154998,-11.119380349513994,-10.202301718355175,-12.75259580054038,-2.1805844881312395,-6.630867358998233,-4.775857679290852,-3.679196624820341,-3.6174284075222456,-4.959085974967104,-4.44394547601277,-7.102543768605893,-4.7305204483698144,-2.1794128830339283,1.3134407374710941
2025-04-03,-7.898046399407572,-6.9494416833543,-9.604167951241832,1.425877620681269,-3.2230068978340034,-1.3340607542365954,-0.2226086880295124,-0.16250687174261308,-1.528107478901497,-0.9703043653819146,-3.69377918604074,-1.2349862806796228,1.4239083920226587,5.0604596236506,5.590010468561433
2025-04-04,0.05441040288342788,-2.801425967619539,9.230386379010682,4.096285487462058,6.116427522760573,7.264132774130832,7.305273642314054,5.795399936292997,6.433575293239794,3.5137694548330027,6.199613072639784,9.099033470380128,13.028086024621016,13.637085078951156,14.072723749109596
2025-04-07,-0.7007638995675638,11.524061801357552,6.329965537373785,8.40027985455703,9.577996396057241,9.616486418151936,8.081898704145253,8.718599732043321,5.748020405816514,8.475289267467485,11.4277291435913,15.409796288130408,16.036572063941698,16.48568394168303,16.418059863926874
2025-04-08,5.073258813395773,0.19155163511063178,2.1555296798221177,3.279094028615363,3.2981817390588963,1.8610961794911087,2.4760194185880264,-0.3021330043547792,2.2595376144493633,4.9943515666869205,8.717611340245709,9.290408908036637,9.722943400472941,9.663372463964441,9.076408229330909
2025-04-09,5.702098155748163,7.779695779350775,9.021040337468063,9.010188919638555,7.453155973283577,8.094194243188294,5.130478185900492,7.877994231764171,10.78282293725162,14.757191693933075,15.398946887474898,15.839385049418393,15.788339156088757,15.109708194290427,16.52491003121345
2025-04-10,1.6807466390644725,2.8686645381356897,2.841012265092117,1.3923667674443039,1.9943758877934794,-0.7982710028350709,1.7851012634782928,4.507733606082611,8.247948958539803,8.835046211964173,9.258841506659607,9.218294308262472,8.572189369086969,9.900243149181232,12.947527976903139
2025-04-11,3.1654218970180517,3.1218814977896647,1.654840347371605,2.264335074525605,-0.4899880054998603,2.1147817228611663,4.848898176006604,8.59090949374377,9.190241852592765,9.621517178004893,9.583068058449696,8.96960061226281,10.320560572620687,13.395649738918957,12.50137657361239
2025-04-14,-0.32430505737121207,-1.7636445439981085,-1.1699846525624773,-3.820935374550318,-1.2994539173874908,1.3499164924586524,4.950716649552621,5.5469452258061365,5.951739300998698,5.916737962395969,5.340370988256385,6.646202968142765,9.618168500001126,8.75451893404364,8.312255052130784
2025-04-15,-2.392840152333384,-1.8393393460202412,-4.477198294790405,-1.9446103301203497,0.6963831567194205,4.2902592906302885,4.935723759907733,5.318411909983117,5.289625514519959,4.699740267344667,6.031408667308261,9.017642961874436,8.1146451497507,7.672375477716069,8.401651915791177
2025-04-16,0.459934517093651,-2.2070128817360826,0.41270155246481116,3.136108434199889,6.847681945698825,7.51513458884677,7.875299271959644,7.951766113846199,7.338312618051417,8.728778146251475,11.809873015968403,10.817827208864768,10.366145930290786,11.116804014384378,13.389199503036116
2025-04-17,-2.6123648430673923,-0.00042764322979382585,2.70412647424547,6.411865485680022,7.0811837112414855,7.449607729629878,7.524409188515083,6.806176529579389,8.170855921097354,11.254359514483937,10.271900742212358,9.83161519043236,10.557370119629262,12.846542279144478,12.823018881582636
2025-04-21,2.1617753982157706,4.94003424505253,8.756179369460286,9.454645837869029,9.843029622660111,9.97281050854064,9.212834700210474,10.605121306175565,13.784742198970296,12.796097923064172,12.340689717267269,13.094719558524018,15.445057606370073,15.379533558637565,20.69396682340436
2025-04-22,3.501994563508402,7.250916098891057,7.929998917429366,8.313474585425805,8.447622591128361,7.665810627341246,9.00880068627534,12.14311766965576,11.179834053413918,10.707220742155851,11.452358803478639,13.716774195336916,13.645326556748017,18.816095333381494,21.199880144285995
2025-04-23,1.3044025145640423,1.934149174011958,2.306618500826924,2.423563730039125,1.7075274641310403,2.9170291414632112,5.822206605246229,4.935471481083197,4.506258970921358,5.239315446948268,7.337864806160829,7.328646350736848,12.109474059317458,14.336654458778064,14.666307641223495
2025-04-24,2.3701589754906545,2.73770183539816,2.8692629067937694,2.1569939110053826,3.3820741737229314,6.293581956945539,5.410297997359494,4.979842489315457,5.715652097296909,7.815749250606429,7.803712039815292,12.61764000436102,14.849919022704787,15.155728116262374,14.815687629738951
2025-04-25,1.376553863807244,1.5018317456312367,0.7954476971425651,1.9912583938172588,4.84546737561695,3.9667968349091915,3.5319389322409007,4.239143390733243,6.318602769218962,6.296241244453339,11.047284781030333,13.201580405915625,13.51672812620584,13.217260003291196,14.623953892113407
2025-04-28,0.2813712415205988,-0.39380744316865524,0.8016606184968385,3.6046844408863183,2.770524796318217,2.355087294093154,3.0469871226771357,5.11694229671044,5.082432828507913,9.770952161044395,11.87963283455706,12.220053336634502,11.912539770086983,13.292967757345009,12.982603636397435
2025-04-29,-0.11684648409693625,1.0743041030616964,3.9078244777735285,3.057343864635819,2.6150233565375642,3.293064066782181,5.3845446761747455,5.32340154969112,10.036162389540323,12.128069479664415,12.481109503081393,12.18042129338988,13.572699614805545,13.268107664895991,13.255250605027353
2025-04-30,3.954887663003523,6.913358571870449,5.98081015300782,5.539547269417811,6.224621633508513,8.410620138342223,8.369677820835145,13.26195175814347,15.48578112987523,15.863743972932863,15.542351850690222,17.01408530382475,16.682826596648567,16.67430254540937,14.051738379324673
2025-05-01,2.8162379407828317,1.9255595170260014,1.5115818653570667,2.1750231191531673,4.256383407091598,4.245555377748198,8.885467944243292,10.989790789728126,11.32195353487053,11.051740572001872,12.423055045113335,12.072911556854242,12.063449914147983,9.528276022886335,10.031773270224651
2025-05-02,0.22284507772306683,-0.2157482705317674,0.3851071531197661,2.4197600069001095,2.405825801200627,6.968166419133215,9.009644099479413,9.326891098323115,9.067754672735598,10.400955655844047,10.048628826114737,10.058729107586121,7.563826466718424,8.061463085124787,7.831170689976644
2025-05-05,-0.6335252582521141,-0.03751287068706436,2.0308345633934706,2.019389300469863,6.5421672727000075,8.581881689889832,8.88051961549456,8.625129769403548,9.9541073282195,9.60129789816425,9.613322875161062,7.122980980149042,7.588156543323876,7.367898213447926,10.23350672367041
2025-05-06,1.481331179626949,3.599434802823001,3.548302900755517,8.169632673800615,10.220819877041603,10.525590206556052,10.239340487180414,11.619294077689943,11.28634632570479,11.303013999894086,8.762736003819082,9.306002694014108,9.06149035698398,11.974637830586842,11.02637256129649
2025-05-07,2.246968991677817,2.1819015298841746,6.755913683327348,8.756644950656062,9.034315915694904,8.75123023959931,10.100958486789335,9.778137819245659,9.800891351085795,7.279173953190627,7.804488804011477,7.534924794404229,10.405182199331923,9.467406784334408,8.706755388654598
2025-05-08,0.7969240911056132,5.28787263080003,7.253975960087828,7.53143881306716,7.284712080453253,8.609909108559485,8.30974983708946,8.300250499921264,5.804304597334735,6.314215743299785,6.050097708509034,8.855918080847665,7.934118990278474,7.213763866156261,6.787470895761969
2025-05-09,3.716407582460768,5.65008397600521,5.930668470054694,5.68924455980217,6.989998828194701,6.687843727006895,6.645103475873223,4.210241173468686,4.653497769162078,4.418484918563242,7.185991868553056,6.275025315701688,5.574965497479172,5.16118157933116,6.378360947529196
2025-05-12,2.063702141472493,2.3282506812327597,2.117098940797428,3.3829029209166634,3.1140300859310632,3.0756966724489927,0.7395922195532817,1.1749535298124998,0.9476902497894533,3.605059368058959,2.7313124054774085,2.066349920770953,1.6917927968003592,2.874700120292643,4.876748013854969
2025-05-13,1.0336662168240112,0.8355826446053796,2.096631849440149,1.852168507596576,1.8190093131067617,-0.4968957370647542,-0.019160295605549525,-0.24497140210461668,2.3640276572332772,1.5000732107893935,0.8435327536529738,0.46222449886820527,1.6350243524705936,3.5873774818924127,4.7972412860709
2025-05-14,-0.190819518271562,1.0353979637352793,0.7910115123004741,0.7748329554854363,-1.5283153212125749,-1.0781836487744756,-1.3160353287888402,1.2281480601797101,0.3778860537170106,-0.2584503884094742,-0.6410117468211889,0.4975697658240572,2.4346848709322586,3.5992452857043644,2.940983790899324
2025-05-15,2.1691338901866906,1.9152704184888245,1.911950600561397,-0.4215859991468897,0.04800755098383431,-0.2128020371806886,2.4054115195576697,1.5267262400550778,0.8763789628298397,0.47776640499062306,1.6300512539411158,3.61527720159696,4.862580450216244,4.142051556764958,5.952640860257833
2025-05-16,0.5138252161088205,0.5201242061675315,-1.7979767541562566,-1.3431362691043134,-1.6022668602010393,0.9715221039713915,0.10954629328226966,-0.5055322135725858,-0.9356000990143619,0.17115439356881648,2.112241387804605,3.2809691661165714,2.60537461511326,4.365293443144731,5.316245152967719
2025-05-19,0.9470054567934227,-1.3739230356465058,-0.9393582719405029,-1.2050988703563086,1.3731614861994634,0.5105143755951311,-0.11421595329319104,-0.5462501706134688,0.576461778999818,2.5227735886395863,3.723980185163094,3.0627417651634765,4.804174420672985,5.773549141667271,5.535331004751871
2025-05-20,-1.88955459814947,-1.4722502557519634,-1.7435218914031632,0.8338579813134608,-0.024080055256432382,-0.6380296050592428,-1.0733298270819671,0.02048389453922982,1.9580366280897559,3.1322224443070206,2.4776774914323907,4.205246293021092,5.182356795974281,4.948909909178292,5.197389654985744
2025-05-21,-1.4453539102815647,-1.7327314473655921,0.8250314267342219,-0.02584236756480248,-0.6211405893736728,-1.051421238541823,0.012172970950352276,1.9295893094476924,3.0800460334836646,2.4648112514297953,4.182444342359291,5.145674971919009,4.9318851606126435,5.188969738978041,5.1729691233651485
2025-05-22,0.22659308111392118,2.8234178616233034,1.9572555144207677,1.355890191069284,0.9272035143840105,1.9900672610716528,3.96599032657611,5.117751053554594,4.512292403835409,6.261631676347863,7.232770652729817,7.028429692280487,7.282620561727081,7.259377244503147,5.720653959869603
2025-05-23,3.270044272818893,2.3802257752917115,1.8057975192105598,1.3770167006537741,2.4442984887160217,4.434214392491321,5.592568239869952,4.990774089384562,6.734032361517628,7.705924840118781,7.5248158914534065,7.713765197483917,7.704918083384432,6.134531085820256,8.271655288634046
2025-05-27,0.21727224681306734,-0.3323674960133215,-0.7560811492411128,0.28684905697400953,2.2144608606611427,3.3223862814745884,2.7441246629943676,4.466307862207247,5.3917393541433185,5.240288202912808,5.405891272174501,5.400053587355134,3.8723265107593354,5.932590089456773,4.441200628158994
2025-05-28,-1.027385628625568,-1.4432297259340456,-0.4002622359653898,1.5238704127615599,2.6314216207136774,2.0627897754184445,3.766632643867799,4.663204637533374,4.533502878638958,4.690421988635522,4.693991036390528,3.1661489040754716,5.231032073562154,3.76119156320812,3.853642152859929
2025-05-29,-1.236470823838503,-0.2412038336456819,1.704897646863378,2.784547486912346,2.2232148716669906,3.9204246372933853,4.795931907116431,4.649401723334611,4.703762544471757,4.734177179103449,3.2186082006941437,5.3350059072713725,3.888610723257785,3.9929447988917217,3.7208208649551926
2025-05-30,2.010917669013602,4.061003730516797,5.177485211285607,4.571608065195739,6.341753391676772,7.287027005442618,7.163189340898293,7.231630817371239,7.324804409595613,5.694939845292516,7.88140376260528,6.372018100129423,6.471178675996279,6.170787623522905,6.622283913876782
2025-06-02,3.592446035916089,4.6406534182460515,4.05237862897465,5.800621774681705,6.739552310557215,6.645155261292591,6.728655082353743,6.786299003278237,5.163196186346323,7.35388169719763,5.841909714916941,5.952415743037267,5.658152123014223,6.132695149323489,8.66129449965611
2025-06-03,2.4114133097817514,1.860552841926008,3.5541203953451217,4.4702879997020455,4.392410928940167,4.459609166131563,4.5076872092079405,2.926902309714855,5.0581710911485365,3.596740333311491,3.6832135604681886,3.3801185856101466,3.867137890131751,6.317560841259918,6.124568315981073
2025-06-04,0.11286429445198115,1.7736606734406677,2.6689856398784855,2.5873284141028887,2.672220185624127,2.742561768868628,1.1884526687132466,3.296562123411408,1.861103876688357,1.946453379661245,1.6514412270299954,2.125336461081267,4.549826588687786,4.36015617363119,6.439100058630444
2025-06-05,1.4579358535627682,2.3591775108186885,2.271144570294058,2.362115508013242,2.4195115038383017,0.8644179357397852,2.953472230236752,1.5207964713761197,1.5944371111799085,1.30471540658808,1.7682502166607412,4.15787809263093,3.9554716345690846,6.014048986116439,5.975498737131524
2025-06-06,1.2973110756178694,1.210335496357288,1.3005151814033729,1.3453472326339184,-0.18054829468022787,1.8920253824345317,0.4801200472653894,0.5499645368169825,0.25084176812110964,0.7227949781238688,3.0880934749992095,2.89512233726612,4.9264974789074225,4.8726732169631966,5.766671287695842
2025-06-09,-0.000255868461117296,0.0845211168625529,0.12285436847044581,-1.356562152806114,0.6321216606982306,-0.7197878231432582,-0.6743047583434123,-0.9581210939380722,-0.48535188479716707,1.8105310980578038,1.6241472828302683,3.5893131341250784,3.5598531637827775,4.458202192606381,4.173482610849621
2025-06-10,-0.20856319063134449,-0.1724165898003527,-1.6281019275618054,0.3357950809187962,-1.021299268678234,-0.9812797365695446,-1.2689009931709936,-0.7775735526043301,1.5296710208943731,1.3449027169828747,3.30004247129525,3.2930816597399897,4.188257573208611,3.878063865503116,5.490772500693911
2025-06-11,-0.1345177327429585,-1.5674301219053217,0.3977942049094482,-0.9534568104818532,-0.9192072526105458,-1.2150359719247736,-0.7384135987617352,1.5669956916641796,1.4003585076244878,3.3598466058153273,3.3594476387827403,4.270212273936994,3.950318400503141,5.5808381833378755,6.80696561224221
2025-06-12,-1.0544725618329343,0.9551666449362488,-0.4078205268953236,-0.36193242026613304,-0.6712370526086107,-0.19132050776684772,2.144060492530147,1.9415320561528242,3.9268311559102433,3.926601326122424,4.816339720117517,4.52966484025244,6.203804277671454,7.405774854044679,6.285891621671257
2025-06-13,1.8485940138995065,0.44872654803462214,0.5000743549495256,0.18082187705089567,0.6760881368418841,3.054941182239941,2.855061207424586,4.851059569995287,4.835001266436257,5.746240251210274,5.4937704512247185,7.168156551812186,8.370290056601092,7.282833827683893,7.3718440642746605
2025-06-16,-1.0931672067593035,-1.0418715284041022,-1.3463604346283562,-0.8589493139544522,1.4738990781768684,1.2708372458433899,3.2370992318677603,3.2403007915508852,4.12568596032477,3.8892586663399014,5.534479729213301,6.714463167113087,5.630899692128402,5.732590043266438,6.722900266549018
2025-06-17,-0.8534611814621034,-1.1726209541597812,-0.695502504366809,1.6659910172074184,1.4750399082175092,3.459386975387046,3.4482710041738986,4.3481659003195325,4.1279732189944305,5.768307796256252,6.986284191255605,5.909995582997831,5.970745273458574,6.9885727274398945,7.842266509453789
2025-06-18,-0.5978525304564354,-0.12136389565280678,2.267977544517858,2.0773183368599697,4.07492203104995,4.069440339005019,4.9820749640554585,4.778524437793616,6.443710123051273,7.657533288618521,6.568668844399073,6.641851518689607,7.669752360140115,8.520802572215224,7.596630024505881
2025-06-20,-0.20283524866875158,2.1681543395190017,1.9750181314652644,3.9653082095905687,3.96249955773002,4.867731701150907,4.660749765625366,6.323744552772982,7.52395557984509,6.433230852334724,6.5049221533333315,7.515914152846612,8.366560143196862,7.462894906338463,8.436767138692389
2025-06-23,2.86143313199835,2.6715220431676165,4.69303726545587,4.688626885489419,5.605400328908262,5.413599871051066,7.10478483994396,8.31897268216229,7.205695108227618,7.290315835843717,8.307511295016523,9.183065657482903,8.256622060445611,9.247890499857466,8.750547522979362
2025-06-24,0.9645110897348395,2.926151139161199,2.9285049175075355,3.7894570519484585,3.6071662710101102,5.251168252176432,6.449015641694351,5.336506128601675,5.41940168175262,6.414589462420435,7.280794364572043,6.385744999038247,7.337714771834043,6.838136256948423,7.8912832987357024
2025-06-25,1.4015730782515436,1.422909644335313,2.253771064993402,2.0917813890753982,3.688855054459154,4.843528186830591,3.7622725034084348,3.868707677942374,4.822394342968415,5.67990175053088,4.780284404455009,5.718304580060028,5.239960283060756,6.236459698129372,8.116175568206419
2025-06-26,1.2618878582427346,2.1027704653189083,1.9231059627464855,3.5216898054407935,4.687959560273758,3.5991318554798224,3.6858731807671834,4.6469581406875795,5.47131958131254,4.568558335259227,5.507514627625597,5.012470962314,6.046686204224801,7.935243369101281,7.982476881847806
2025-06-27,0.7747519312478368,0.587422293142472,2.15318089692258,3.295907756206794,2.236867698220523,2.307891123652495,3.2639645839445137,4.074999481178117,3.212064766327619,4.11884834163667,3.6670884023800876,4.665513878845298,6.5095948573495255,6.556672728181475,6.079501922257795
2025-06-30,0.018176272891701543,1.5688502225856131,2.701109440953494,1.6400263872028369,1.718484154650801,2.6728055345514914,3.4925701074859394,2.638379353901174,3.5246100643715006,3.0779623708971924,4.065994640586609,5.893861280213618,5.949115902547372,5.502509769260297,5.861986103936249
2025-07-01,1.6297011713068117,2.756516075799765,1.6780777429830185,1.770947097762123,2.7405207336652824,3.561368455811751,2.7085951754433997,3.6015020962704862,3.1521568087632215,4.137580067415951,5.971653708714,6.010360499704378,5.548323983166696,5.892361912042935,7.502275657456093
2025-07-02,2.495248989500836,1.430560429733823,1.500524801621184,2.4684415983507506,3.2633263344616554,2.4227152172476134,3.3558126705427442,2.936509480239157,3.922942873297223,5.767281685016044,5.80958140670639,5.327299105813398,5.609372500174472,7.247931065553088,6.323819938655765
2025-07-03,-0.8150835148308201,-0.7439964559071329,0.18792436728466755,0.9622714461817041,0.15649870996743656,1.059362655962199,0.6470948138266519,1.5729631966171918,3.352014150481129,3.3901744640656863,2.9234611971168665,3.1926104211678314,4.771690239741053,3.860818155351841,4.5735533947351215
2025-07-07,-0.2851843263811081,0.6576319870352385,1.46169193486103,0.6516896490232915,1.5633518133998254,1.1568821241821479,2.099974369164158,3.8957888296173655,3.927437778289395,3.4488694724562716,3.727074616684744,5.316886623291801,4.393808458900783,5.097812203649923,9.509546910828858
2025-07-08,0.44648157810702194,1.2514018240983873,0.4608581482786554,1.347415667253719,0.9278352994181895,1.8295072623197803,3.599445930173456,3.6358674419289514,3.176287685058145,3.4515739329806814,5.021251703318288,4.103259251141718,4.8254547712670215,9.226538544819958,7.902164251546438
2025-07-09,1.1334917549684418,0.325725286077124,1.243240737478091,0.8103961805515857,1.7248652553307036,3.511653828830413,3.5572871220502447,3.095668432742483,3.3857028941975917,4.964632088457993,4.04983308120129,4.768267938204943,9.174690736385235,7.828387119581028,7.4820776578027495
2025-07-10,-0.15064928494988777,0.7596703367725203,0.27483418119687525,1.2056784897178805,2.9855571270313415,3.0241490103490265,2.571182745965124,2.838141780628801,4.398198038295385,3.4968336432676006,4.199126301998503,8.980745609429563,7.62249547077933,7.282311791602999,6.751716629004313
2025-07-11,0.5298854295866597,0.05287082842311188,0.968890792522808,2.7343969896836895,2.7742901058127734,2.3171447914840084,2.5856984144721022,4.142220841516514,3.2402307244242414,3.938972696980984,8.574925158087714,7.243533045064406,6.894882136518804,6.356049345329658,4.2913745804595695
2025-07-14,0.35084561801518543,1.2767919643092986,3.057399514460606,3.099596448299297,2.6390672963699817,2.91360981426622,4.489179910066254,3.5740829140293404,4.277397563926879,9.016038626542693,7.669209319442042,7.316597893577128,6.755318058048603,4.689307000013218,7.244567569550766
2025-07-15,0.24861179075787854,1.987857232112445,2.0270349970009205,1.5909456745515913,1.8842188819820236,3.4261726651179356,2.511785937021781,3.2147402978291555,7.9867318959099025,6.664975931154138,6.304761174792116,5.74899467181462,3.6929541089919096,6.205033027780392,6.227805558029366
2025-07-16,2.7441178427817414,2.7854662442536924,2.361247373605606,2.6615474093887848,4.215781553707368,3.284214991638953,4.002432726201613,9.153820489900511,7.809481619194619,7.437194826423727,6.864857316922727,4.804738631677234,7.319251580298357,7.337648816923235,7.412439296105549
2025-07-17,0.6771170898674564,0.2583194238924483,0.5648382169917165,2.067893478625311,1.165801548849713,1.8850268654740043,6.52117557832858,5.269900491421774,4.903043315827801,4.316553908789659,2.292827941660085,4.6975385373862375,4.704434654176647,4.770601459693895,5.021505400398075
2025-07-18,-0.9818741352472167,-0.6975119913187549,0.8197783254084988,-0.07781335157518868,0.6281433571435082,5.461948597889982,4.24482843497733,3.879984282667961,3.319212569935967,1.2979858240252895,3.6692631478027464,3.6611488027223964,3.7296585807772065,3.984791261782562,4.568672920576514
2025-07-21,-0.9965648866640768,0.5364062875856122,-0.3636674713721293,0.34361030464595266,5.2109812853665245,3.989471715815599,3.5995917755061577,3.036757218098927,1.008334274159438,3.3752743558570986,3.3484118156092304,3.4219419546956655,3.6693146682726323,4.249797014165011,3.7365008131871824
2025-07-22,2.954125710123025,2.041998803745661,2.7405502602102576,7.8344074346084245,6.5471941672860625,6.181934690610171,5.650426423898138,3.5492185380129615,6.039725089602745,6.037274040128084,6.124713815047979,6.368602473575485,7.0046417080998,6.485940705018876,9.237696152030852
2025-07-23,-0.10736549900878696,0.5763852705863473,5.256937216249188,4.037890752461649,3.6838270216515183,3.1453344845600855,1.0790348621415797,3.4831504387522645,3.46763787843761,3.5650429791879867,3.7661137845096992,4.352228106010259,3.867582570955824,6.555480153694337,7.724998330181176
2025-07-24,0.11981652377859883,4.879663050980242,3.663721710334031,3.3038703608792357,2.767797118632666,0.7287582100919797,3.10438535351812,3.084374331807661,3.177347282595543,3.400805313837904,3.9902013935162146,3.4964845113229446,6.1723646551915365,7.35275299553302,6.401532095287469
2025-07-25,5.7449902514020295,4.468017851384689,4.090513607881741,3.563244373697424,1.533590454610865,3.9388458941545412,3.913562937163279,4.023820049608506,4.274131932061727,4.90738181032131,4.409939509733026,7.119251151208184,8.347167030999488,7.391158117141373,7.22081366143571
2025-07-28,-0.8829348747795155,-1.19329425700864,-1.8335070826104796,-4.00267237945851,-1.731977800660571,-1.7078165229776257,-1.7470443573483248,-1.7717698428378081,-1.4498505595253224,-1.7195481131282058,0.7612393007757834,1.4683890624877158,0.6706764401415102,0.37573357902392546,1.2012882467093933
2025-07-29,-1.4073101101398646,-2.033858862738247,-4.188116645794578,-1.9185630193289671,-1.8829852762639818,-1.9271822322911796,-1.966698993221239,-1.6302555232096827,-1.885104056879327,0.5771805909124247,1.291587393101804,0.5050466870224918,0.20548911391406158,1.0516523615232098,-0.7631890517614
2025-07-30,-1.1597232199674978,-3.3359184360419945,-1.0462617581975218,-1.007602263815201,-1.0631035166694074,-1.1011165024111393,-0.7603392309652898,-1.015376965752827,1.484082468013068,2.2149933901315073,1.4264165653160135,1.1291437252550711,1.9886950947344302,0.15779084046606348,-0.32664471660688243
2025-07-31,-3.504822973148244,-1.2559025171719975,-1.2315291912717437,-1.302966511402369,-1.3327616140747962,-0.9951426573907335,-1.2506456079757464,1.2307661164150272,2.0087183660609678,1.2183541034245107,0.9224962950262551,1.7597029463587075,-0.03020491420247263,-0.5272619670653675,-0.33616482039860335
2025-08-01,3.6580819009655183,3.675433648274891,3.598074998919365,3.5623397990237025,3.904891522837274,3.6400405806228306,6.247593281897754,7.053236667429682,6.217802464200727,5.895303035872923,6.803498244316226,4.874939765226411,4.3590825711392,4.554080584129701,7.771248905955039
2025-08-04,0.8828426015000362,0.7967355248902476,0.7606028773472151,1.0801479661302358,0.823830840028903,3.3341512695480358,4.155324189034728,3.3434808683937027,3.061923483085165,3.9491431126110763,2.1304745048231895,1.6322233455480384,1.8101495709872915,4.929954505853741,4.57801182989263
2025-08-05,-0.7406376471976822,-0.7767367265061236,-0.48371110546125995,-0.742621466375351,1.7032415738170599,2.5447807417912385,1.7338917962902398,1.4778180960683769,2.3495677793477703,0.6069190832660111,0.12006056368462058,0.2838523524501266,3.345729664969085,2.9832447152309514,4.1798715501070545
2025-08-06,0.24708940970456586,0.5498479870934878,0.2928613282655888,2.762423849229964,3.6149900947705853,2.778021359936962,2.5106246821900635,3.3832645020356362,1.617062710580868,1.1201324609080825,1.280662892477154,4.369017723870201,3.9976915031271605,5.204757175699553,5.559156040037855
2025-08-07,-0.6227971206641573,-0.8657857011870757,1.5861644131534625,2.443759829892913,1.6344089561835577,1.3405164541232173,2.182634554232134,0.4403217535134521,-0.058822362143079635,0.10585655520969224,3.1491573188147552,2.7572353340904328,3.958654192487576,4.333926907895466,5.405674754055015
2025-08-08,-0.5193430050736705,1.9256730754229452,2.8099107575956817,2.010492001335881,1.7160759814098583,2.597607393690359,0.8492604923084092,0.36848629710553604,0.5351075731211051,3.5913186501206367,3.202371472329268,4.39719251031017,4.787319947211929,5.853666037791977,4.84082574738124
2025-08-11,1.4588813401855503,2.375066412627084,1.563216521866898,1.2735225288279526,2.149240231124832,0.44887899445017454,-0.025895989629496324,0.14646144670669867,3.1665023204460185,2.780635872643581,3.9478844483643583,4.345341515261939,5.398793399741469,4.381839957703572,4.120204843001965
2025-08-12,2.7045582816755274,1.8635269458986532,1.6083385070299026,2.4887181423537257,0.7668804615961219,0.285680984727319,0.45138973387221537,3.4878626685713296,3.0946703103959003,4.26485878476836,4.6696077563935425,5.7527377924073155,4.704510043524627,4.403197878736512,4.046126506073396
2025-08-13,-0.41070000165041975,-0.6393182071264418,0.20290389202392836,-1.4767765396694703,-1.9404268495947923,-1.7606347105269093,1.1994819418252982,0.814011824665811,1.9583244049698365,2.36245176344138,3.4185972295581393,2.4045566459498438,2.1173389861962573,1.8055994815948684,2.5080250119063936
2025-08-14,-0.11761416918006422,0.7463145276263604,-1.0348052337973235,-1.504626561522606,-1.3850556610090883,1.6245839976701841,1.2549696561439456,2.3931015071471458,2.7799655850561296,3.878685421259757,2.7879421465202614,2.4999988014005368,2.171707896487163,2.8760549198494543,3.4817348479717434
2025-08-15,1.2778979380277582,-0.536412554919829,-0.9455373729710492,-0.8460592296113965,2.2280441814614163,1.8861063601679027,3.02581111566291,3.417803853565473,4.549186710868177,3.4215365646338656,3.1663956555458506,2.8086696813394556,3.5401486387121786,4.179684953029588,4.594591043343416
2025-08-18,-1.0339872542801385,-1.4538737399656019,-1.3203614771381857,1.7236101177737906,1.3724295001565834,2.4921945227095743,2.8946248635121226,4.003406824241721,2.8893399597094023,2.6139727074006047,2.2497189964063717,2.9868052444474458,3.613200760114119,4.049757550479768,4.812457841055489
2025-08-19,-1.7247780724820256,-1.5964780295849172,1.427720603983717,1.0685191923415303,2.1907408940899864,2.5715610956070583,3.702005644659031,2.582762762903279,2.297047267057039,1.9264994445499006,2.713110989647237,3.355173026992371,3.7658272196298914,4.509533992894336,5.2829910545714895
2025-08-20,1.3605943931627067,4.504226699240581,4.1683456490336175,5.373961222936366,5.747584911332461,6.973731666139149,5.7814493147221855,5.466915734148094,5.074870697673645,5.903275311339099,6.529001554812221,6.969476755023526,7.826199028467753,8.661956110913398,10.192587201654753
2025-08-21,3.8057480570656983,3.452967076021477,4.634488711329473,5.02241049605609,6.224098510172729,5.034677616561604,4.7218713253911995,4.3526538359727835,5.176891904919563,5.803740631679144,6.218724171143802,7.0187633067288155,7.809533594007106,9.3275877754858,9.153175286015436
2025-08-22,2.0154588094309966,3.1945810003709982,3.5557376375951475,4.763441337998741,3.5862855878308784,3.3161043379804616,2.9131249957288343,3.6904830354910843,4.325442884874163,4.7394481695492345,5.540589375679362,6.33459451782251,7.816593068516671,7.669719755366328,9.225879063787415
2025-08-25,0.7499187804483918,1.1112314656206361,2.248483900146332,1.1165893060750336,0.8403288730931829,0.43165959738846255,1.2073251892532906,1.844804546725668,2.2230033659371013,2.985358616396538,3.754111697570269,5.197405998234445,5.066420712330746,6.520319551240764,6.765696056005346
2025-08-26,0.5396794376555184,1.65467660366376,0.5264819441398865,0.2472710521984921,-0.14730818277757912,0.6317783646150039,1.262841829611385,1.637629097857781,2.34928458827842,3.1131940900966932,4.549731004716881,4.39813962252781,5.80822408809579,6.057308326101065,6.302171779557501
2025-08-27,1.1960888821124096,0.06257810970173915,-0.23382503911608474,-0.6233245511160841,0.16113173507596232,0.7952364688052671,1.1617108979002193,1.8429953623251576,2.59325137771561,4.025310030136455,3.8536332709542886,5.267394526067993,5.5126466656087,5.754517301637048,8.022188551527494
2025-08-28,-0.5606231537915043,-0.8556778411420018,-1.2483057926822303,-0.4726395943812612,0.1504683532247029,0.5152765482162052,1.185805485158056,1.924846558311144,3.3500726245716765,3.1791327423907725,4.568916450978727,4.817972964020967,5.058986400236624,7.307658094957189,7.869923557506698
2025-08-29,-0.7963136054240081,-1.1846273136186931,-0.4027531598163982,0.2196314673496065,0.5770809297300727,1.242119061081942,1.9827496264021613,3.4120031323676407,3.2372731104466066,4.618494434871805,4.872764378944141,5.105469603560961,7.373616630639207,7.933798040212967,9.54218082389192
2025-09-02,0.021620062316054928,0.8367613454426429,1.4251231806031661,1.7816768488398649,2.428214454047619,3.15946389350919,4.607291216730507,4.410113896117594,5.840675877667859,6.088535103344643,6.355707621554013,8.683724450601941,9.210185612030601,10.799146138490135,10.828456183661046
2025-09-03,0.2826802745616719,0.8670393959707348,1.2608937305269352,1.9138282709128238,2.642905348448253,4.089678237316359,3.8994976766144003,5.317360412381539,5.556665972140514,5.832176554864541,8.100012879920305,8.607542962840322,10.209978428166822,10.263592168804406,9.51642984421351
2025-09-04,1.4678468662016806,1.8358984790570354,2.5061015310513444,3.219121275473633,4.687243977585393,4.501235045232795,5.931397039924943,6.194992047938666,6.467097411570739,8.804088959775669,9.352706403904055,10.974050832842426,11.030993850268288,10.29924514477355,9.35993473196478
2025-09-05,0.19703060409065554,0.9175543887210644,1.6417742681939913,3.0795916472910068,2.92407360202568,4.333508986861559,4.601839110956317,4.87922209729551,7.172397198891758,7.7214179466673905,9.310950988173635,9.418024738766226,8.716129996568844,7.78055631485655,8.116699618936105
2025-09-08,1.150182587175637,1.8564025764420777,3.2900921852265457,3.129887154737798,4.5218708153609395,4.799372542346033,5.081649441013867,7.361722286840797,7.885055503012156,9.472761589977988,9.566455925669406,8.88645993868335,7.943701313425093,8.28118744937341,9.165198573409125
2025-09-09,1.004318437574074,2.449942832584193,2.2597257589755873,3.624205030084009,3.887990023156634,4.140500023231239,6.424267629929533,6.91618410922757,8.475821907067235,8.52705976475356,7.82196324692005,6.900393529954219,7.243395464139917,8.121176888560543,8.289763544452994
2025-09-10,0.8908715339862744,0.6761621295155342,1.9943307150882819,2.249072232639753,2.481584209724187,4.72132530354404,5.1610945011902,6.642742285488719,6.6961014363578855,6.0010997336590775,5.142193150726787,5.50469553820668,6.33489658498758,6.4944783099717664,7.941761707489248
2025-09-11,0.12410357984707761,1.4422031279335195,1.6965607426256726,1.9447421043289734,4.1669097058999816,4.630475902078964,6.100313602485643,6.128884948613873,5.436442504621354,4.61441435271308,4.975604018780348,5.7912925063963145,5.966663996233665,7.388257173146172,8.979373182470793
2025-09-12,1.0529723258382475,1.2968147633443972,1.4892040577545798,3.726601778909327,4.114717224038462,5.593389285314044,5.608253229759647,4.961819245304647,4.126417643197925,4.494622588413893,5.3143454527700245,5.485286114800459,6.927808331848754,8.469148267134525,9.220615692502601
2025-09-15,0.3875746181199319,0.5841656393986858,2.7927520933161674,3.1433877596808393,4.583769576014827,4.591003110626865,3.93902830896197,3.105452434556703,3.4947938422781712,4.296027595346531,4.472465101614228,5.869034625159012,7.358956474160335,8.097827438713066,9.495356925371642
2025-09-16,0.7121927185161256,2.9208280025729607,3.2587582641867536,4.690681965543644,4.717524895617476,4.039501952689124,3.1498779124578915,3.5481701142831255,4.357218239581623,4.5128447150818145,5.890135609426011,7.388783577799302,8.101131417434035,9.524900806051138,8.557585973402594
2025-09-17,1.7790739071563333,2.1152760528273737,3.5222615784308418,3.542856280662863,2.849509311827218,1.9911695233696047,2.4254224362466386,3.230590378626145,3.394659349224802,4.76193115966148,6.210684758005323,6.901911281352813,8.299604034501591,7.326378014196965,9.171083687643023
2025-09-18,1.125416301386632,2.509715479205956,2.51734580842722,1.8356909238076888,0.9950826690402832,1.4371515423497172,2.233138905836306,2.3977864019858313,3.73574958337805,5.1303118722075265,5.811614222348147,7.180056993056135,6.216036593883857,8.036179965757755,7.855888276543888
2025-09-19,1.4847737595558348,1.4727590075960892,0.8273109218011134,0.004387580284865146,0.4307620126459026,1.1899951762759582,1.351596333406916,2.64974917634764,4.0004385167865895,4.658564626238157,5.976073333835843,5.031765749432411,6.815110054562488,6.608311740252733,2.608087268373175
2025-09-22,1.2443772133199928,0.6211873283195732,-0.21658846565290193,0.2085570164273425,0.9890238452549941,1.1667131087145817,2.4553867304476142,3.816564797260786,4.456905853045762,5.760672838293976,4.849167297512644,6.5789425733050555,6.380822233911517,2.408230261663265,6.256076475770666
2025-09-23,-1.4147299702157219,-2.209096582263685,-1.7830884773432387,-1.0144063276718112,-0.8455613556772094,0.40028866852385847,1.6987321793493204,2.3104359604262683,3.562664302287855,2.660514391095666,4.324644318343486,4.142494207692407,0.26693804286448375,3.980630796684268,4.860033282095922
2025-09-24,-1.8830492073461997,-1.382713012003762,-0.5907214932289638,-0.40908647266790266,0.7893263461864278,2.083963966455684,2.5784214794246494,3.872162431624038,2.9240903688423154,4.650969498397495,4.45280050841445,0.5170150987789405,4.193470781383001,4.980744897205994,6.068199856491209
2025-09-25,1.1586955497560683,1.9813036412248546,2.1827677145553515,3.4039035718061292,4.743184555254073,5.235334128219139,6.58733327511906,5.6047369303957435,7.390506908543878,7.193399029876061,3.1731645972198823,6.992400613737824,7.812577281342893,8.949431926082006,6.6988272068252535
2025-09-26,0.6865764725472132,0.8901915039432545,2.099579920547714,3.4269375181500705,3.9212614992125707,5.262883657180892,4.291347168922694,6.069913934288889,5.884415426722823,1.9151170103633453,5.676565720925966,6.50373228715848,7.640612217864133,5.389404135458698,4.264804495052912
2025-09-29,0.12327237227654517,1.327307321361471,2.6352894299350167,3.1532253262064485,4.479910259873253,3.5033051862068514,5.269867372670238,5.088244856564153,1.0895884138501202,4.884875595240428,5.739581610857898,6.858862739273982,4.630846649149735,3.4771436968272886,5.4837784840113635
2025-09-30,1.3345794436728065,2.657552697141545,3.190224750161003,4.520668762914975,3.538130731849253,5.2792234906031945,5.086046773893172,1.0807697508428498,4.939645913121013,5.809772016806972,6.916412701237722,4.668851553978786,3.4973677945039086,5.495900610195385,4.578851643151019
2025-10-01,2.370786324720492,2.8755427639736455,4.222611874811988,3.244710370712856,4.984998938409114,4.801457924854107,0.8069845039949475,4.641347378777578,5.497878583215706,6.5837616198120354,4.368852036988716,3.2311720448939463,5.164388184206427,4.270143899054368,2.0994770415364488
2025-10-02,0.9952982343577821,2.3119977291489615,1.3434924733047986,3.062212010409674,2.8829861401331964,-1.037609210328565,2.6423089718742094,3.46961128057678,4.527020682830556,2.3872470581624383,1.299010106625063,3.2019788998690584,2.349725991255654,0.25003881423667185,2.3158913780610177
2025-10-03,1.0949192499439897,0.10977631724473008,1.824718284658532,1.6049312059828815,-2.2661522666337337,1.292117789011286,2.1135870441747215,3.1817064787106433,1.1658833306919565,0.1188737573570568,1.9825783259490564,1.182571880697478,-0.8468841885695881,1.1856001014583326,2.75037605851996
2025-10-06,-0.9203764826252842,0.7529039150536023,0.5254649584304978,-3.2916574963193788,0.17495476302826585,0.9768874152520193,2.0468672975773408,0.0928685624404277,-0.9218735777944007,0.9186542334604509,0.16892962950332807,-1.8025161938028784,0.19124842821209742,1.7069803597465325,2.2762336021720158
2025-10-07,0.37680605384222976,0.13132898435914103,-3.651759056978589,-0.2268861905665101,0.5470265583807447,1.6224591691424426,-0.2871133275336308,-1.2906153467648362,0.5416062234161181,-0.206536808632575,-2.1573942656802396,-0.17616957018977972,1.3119759221066456,1.8752084383536447,1.1763796299734535
2025-10-08,0.6565930492891191,-3.1446909777269783,0.2971714775224884,1.0754737854351042,2.158495810688516,0.24450390573785608,-0.7559317954852152,1.085080210699018,0.3521903641882125,-1.5998724913140017,0.393268894368518,1.8835839319940666,2.4583996265633523,1.750141531620109,2.0294668671026326
2025-10-09,-3.9289560664496825,-0.5275698296581158,0.2528081470832165,1.3299595650578566,-0.5645841750476377,-1.551870894462079,0.25210162133738506,-0.45070492536290435,-2.3700831527993493,-0.3972520063757777,1.0665663554022369,1.6731308652350585,0.9638970746311453,1.2453719380720807,-0.17768731841562382
2025-10-10,-0.8071511791932307,-0.07239894385310076,1.0114847597220498,-0.8388784635914728,-1.8871011899843528,-0.09020818533081978,-0.7406628100275244,-2.6786143670809346,-0.7376494814604341,0.6830060243743594,1.2889090446745204,0.5970896521260012,0.9135428536446305,-0.5399462001477031,0.4324297910236244
2025-10-13,1.06825245826349,2.235116261614373,0.3571441512420428,-0.6966765234974239,1.1790503614270027,0.585786899949597,-1.3879156308256473,0.6234387121667609,2.094791958503243,2.7609790711671707,2.037210763693251,2.3210390231099294,0.799388750837089,1.8331783223443547,1.475801215371377
2025-10-14,3.003578240486845,1.1111213519426637,0.039905220264287174,1.944853009356422,1.3397355720728221,-0.6658033551995535,1.3781341577768744,2.8771675302538964,3.536730624188349,2.8138979288825907,3.1113334399325567,1.5662400452556413,2.616423124556622,2.2652128451052365,-0.48531002787031263
2025-10-15,-2.311417348646188,-3.3098134930058785,-1.43756701355385,-2.00248054492918,-3.9264478645425203,-1.9839504461040787,-0.5907003471853237,0.04248009195757303,-0.611844543388144,-0.33797436283586446,-1.7761753609383377,-0.7605976515378368,-1.1045541756990918,-3.698975495029569,-2.073897579231504
2025-10-16,-2.6639906271815867,-0.7855691615615671,-1.4068287698023874,-3.3539344341434227,-1.3739634048333005,0.05057218072713348,0.6843055860026496,0.011733172470328752,0.248057688481004,-1.194670838679169,-0.20381467245700544,-0.5727563360735408,-3.1968447333179064,-1.5924667093067444,-3.757089376687701
2025-10-17,1.5093446876838874,0.8395163264357792,-1.1923310948399526,0.838406630131757,2.324937516800281,2.958843887393293,2.248265324081437,2.481004120076971,0.9935161164831179,2.0248481081303344,1.6196978631378856,-1.1064716245674104,0.5137748868722202,-1.7384310839047674,-1.0844243841444146
2025-10-20,-0.45800241791201923,-2.4474595109083057,-0.44724911852725213,1.0102157442643738,1.6334403295901079,0.9331993055622685,1.1740427474517117,-0.2832541653112503,0.7250400923877545,0.2991255618366089,-2.3896917969347196,-0.7835631681591237,-3.008289378245989,-2.353682874051598,-1.0129479489443607
2025-10-21,-1.5545773911789844,0.4681462155070446,1.9993808676647475,2.651465651418275,1.935976091241068,2.2383686348192904,0.7251744644718932,1.773690421634447,1.350180051348922,-1.503797785651518,0.1920162807179367,-2.064235137974082,-1.3853214602206838,-0.015650522901461687,-0.8510414545533026
2025-10-22,0.15003966992395443,1.7144466700449514,2.3492788557664506,1.6109459263518902,1.922389695112894,0.3885435606653487,1.4547285764655546,0.9835734946780633,-1.8836693584023034,-0.13613956882930178,-2.422420701455742,-1.7772556280799812,-0.4516636714903419,-1.2903722590876767,-1.2363573926448763
2025-10-23,2.0311225135168316,2.66320266578259,1.916731014656143,2.222692296853898,0.6681013688219958,1.7470209544989757,1.2997880079838866,-1.5789950595182913,0.18443273143763556,-2.122590852082497,-1.4813577019405126,-0.157562132468629,-1.0052992201326476,-0.9509741092424755,-4.589194507758387
2025-10-24,0.2553740676540279,-0.45613372514646794,-0.20297139577425552,-1.6644319245194867,-0.6368383616256537,-1.0724646280794423,-3.846244384768252,-2.155327125704894,-4.364152473645509,-3.682271119924007,-2.3868450263997545,-3.184186084043792,-3.105986987731628,-6.608289830979795,-6.711898229505703
2025-10-27,-1.0453389021968924,-0.8204403608092758,-2.262675040820906,-1.2533565714839865,-1.715009794358092,-4.453546654158497,-2.7820494446562196,-4.973055793990797,-4.311419208881531,-3.026812568967086,-3.7939251747097553,-3.715669963357398,-7.173674208807627,-7.282657837909092,-9.306121949540966
2025-10-28,-0.21746243796427664,-1.6744717652168677,-0.6709766500444766,-1.1313219482515127,-3.866942966020483,-2.179161647239178,-4.37033388902466,-3.6946565831910356,-2.425617245663305,-3.221815547007022,-3.1425572579027423,-6.652589197311456,-6.849004416379371,-8.888445897016469,-8.975374661651228
2025-10-29,-1.7946676843456886,-0.7932624229153598,-1.2531117343469202,-3.9872580317740955,-2.3485640391986484,-4.570666954509742,-3.9078147641849013,-2.685141175076477,-3.4685542118288075,-3.4127169805011675,-6.886049316914017,-7.055667787029992,-9.025059472580738,-9.098962315850171,-8.971269971456142
2025-10-30,-0.08795954457175444,-0.5332443622831287,-3.329417761973395,-1.6504069341772407,-3.9240639228480036,-3.2531645207702526,-2.0081863013704524,-2.765742774556104,-2.7162697123690305,-6.240911317979489,-6.41361882223875,-8.389395401145002,-8.44995668565557,-8.351620716568938,-11.430582442831806
2025-10-31,-0.5357143611782066,-3.3250427535920077,-1.6433418483752056,-3.9347293955418166,-3.2723494204169437,-2.053571994158497,-2.818572206890826,-2.7958051086145024,-6.28891015618924,-6.454338142876366,-8.42134104378865,-8.499052911155653,-8.399178263069638,-11.433042309110794,-10.07148386407307
2025-11-03,-3.2293677017801405,-1.5709177170716002,-3.8552627801124295,-3.177041606402824,-1.9564762235647235,-2.7085490206380465,-2.6715624467583297,-6.146723151583947,-6.305167080961364,-8.275468313259523,-8.344045020738797,-8.235630568164725,-11.294793226931926,-9.93232760193581,-7.352266789353484
2025-11-04,-0.20370971530989304,-2.537022659343007,-1.8327161224004154,-0.5907619177205294,-1.3755980061004143,-1.3486268076168315,-4.907084578196224,-5.089972143918879,-7.104707405336101,-7.1738175653213165,-7.058675573105819,-10.179724646067937,-8.811591055596123,-6.174603520358195,-4.5865001269202414
2025-11-05,-1.7032344729207547,-0.961667599353256,0.29535625017038086,-0.5190757032679769,-0.4872479793070428,-4.096917827222773,-4.303907936628447,-6.452774182995488,-6.500006271516357,-6.388888012369681,-9.53616562759553,-8.142951250630217,-5.455973014421992,-3.8559486606787616,-2.5597053383036896
2025-11-06,-0.6659375504909544,0.5488683599400137,-0.28142312171904016,-0.2670611813348753,-3.876627037449943,-4.0913742222060385,-6.205768829517075,-6.145806809277536,-6.072864323045979,-9.21398905375894,-7.879382697080188,-5.218643392242872,-3.6152430854258095,-2.3020686741496674,-0.9444872257566346
2025-11-07,2.971586351193789,2.105199784341096,2.089342486189317,-1.678328373300286,-1.8904303468293564,-4.095111953263858,-4.104466608514427,-4.025352672378793,-7.277970393180487,-5.865271430574932,-3.0548649973991537,-1.4196321553731133,-0.06622051474856587,1.31756829863457,-0.05544788861690347
2025-11-10,-0.9602179185807578,-0.9657509926179909,-4.553287610253698,-4.770344723672152,-6.9041236370762435,-6.884080416302069,-6.740325810664394,-9.845539358296149,-8.462626290692908,-5.870825809476544,-4.302409751227035,-3.0181306240587995,-1.6894889422095734,-2.962222769721316,-2.5313577389734396
2025-11-11,-0.43677094324636956,-4.087443509946086,-4.30714599289195,-6.448707024373237,-6.431957155069215,-6.28344171937292,-9.422957882850621,-8.03227256221214,-5.3871833850976065,-3.8142092564158236,-2.497414408546459,-1.1509803557042844,-2.4371433381736116,-2.007373593009003,-0.06316643675477641
2025-11-12,-4.5272041347307415,-4.740270306729514,-6.864226144768021,-6.867701886612811,-6.812891703226851,-9.979248146046174,-8.60236160068359,-5.901938532125873,-4.2962451480652275,-2.9866224519508004,-1.6617653174019609,-2.9785265233818174,-2.510201554098688,-0.6256926238958724,0.9972980697593005
2025-11-13,-2.5877706082358496,-4.749544655707271,-4.782142600358627,-4.677176695860986,-7.864542383084,-6.499588534630169,-3.696587753503541,-2.117462830777835,-0.7750361818639604,0.6126398635825392,-0.7472755065974231,-0.24054741820925737,1.7150612550349205,3.5078307726700237,3.044611390067505
2025-11-14,-2.3982642980512483,-2.425468254346967,-2.34262299650968,-5.610672372536808,-4.215911879351773,-1.3189778162872374,0.30031932019147817,1.711427466206091,3.1222945441427545,1.7424413653018567,2.2846407695219715,4.2858141950189195,6.071491044105319,5.596005107652073,5.9740927396882855
2025-11-17,-2.0141715416289574,-1.9494751123539888,-5.237011453030144,-3.838781509975256,-0.9248732370869297,0.6877408754718309,2.102374191622085,3.519766923999806,2.1329468053583978,2.6830890837380705,4.70163889652252,6.510843342700664,6.025996754303034,6.388217634492268,6.738640135922623
2025-11-18,1.0113929913806532,-2.4031757644181027,-0.9708608096073448,2.064202368702034,3.711602244070213,5.174251599413423,6.661881293899059,5.221213994447313,5.798460919626905,7.899396118430939,9.799497270130564,9.298794593452444,9.681482404684962,10.063160433846607,11.320976352417011
2025-11-19,-4.351659398304454,-2.9373514750818446,-0.029152500623464233,1.610683320056814,3.029524588372458,4.470859831492163,3.070681802126085,3.6247677795037405,5.664815718110207,7.4683105361504225,6.9833285793497915,7.322142233115014,7.6938228195721425,8.91812479939798,9.993833966211747
2025-11-20,-4.359937694131621,-1.5217722739782267,0.10305358298532015,1.4935636048343566,2.904822439456579,1.5298589857180807,2.0807911748990606,4.076634625167319,5.829518459328825,5.362173624786057,5.680178307735196,6.047387724310314,7.254394447935842,8.313684534484999,5.219531804919512
2025-11-21,4.452756401207528,6.150864929449126,7.670524041159667,9.227288837380225,7.717972974501439,8.305857191800532,10.48259247888773,12.46551262652284,11.935814554097517,12.328006168365441,12.747901049082062,13.973909546683972,15.14822067780317,11.702552784651271,9.856470945669688
2025-11-24,2.793985929116842,4.2380394013522595,5.719949587056899,4.279908042736132,4.846794734290947,6.928455619828957,8.803418468624107,8.303611568514643,8.656114307118898,9.045455403624931,10.2469043588599,11.37625435209132,8.107659007904829,6.363787293912246,5.847070096909741
2025-11-25,3.0485646955681323,4.513980867618877,3.097066166723325,3.6712753783424534,5.721207618760371,7.583275478813973,7.0947399096066155,7.444848848348186,7.824109593113841,9.00531313866269,10.111164664203788,6.869072655654033,5.148135801327977,4.628363564423685,2.596733917225882
2025-11-26,2.254041688122789,0.8496850654413676,1.4027075575785763,3.418107114041176,5.303176289618016,4.8358603675757035,5.1726863728328105,5.5039698749636,6.67029902977742,7.763650066032775,4.625941378234709,2.937433994841264,2.401367182653229,0.42125405719777514,1.68877871758305
2025-11-28,-0.8628082530628043,-0.3139547262868212,1.662328707622362,3.487377389102841,3.0000560145331723,3.311179596896944,3.610682406231617,4.79112274044936,5.838991978153102,2.8081083454773874,1.1788046075376242,0.6664313688163183,-1.2362956419972553,-0.007081329856880339,2.227990076569903
2025-12-01,-0.029044542299968428,1.942842569147458,3.7979837690132747,3.3477920443987235,3.6789485776544177,3.97723942528464,5.129575349442331,6.1933246922236185,3.1276570522762253,1.4951687457017093,0.9687097330440844,-0.9825342745494916,0.2637434011900342,2.525536012159057,4.331936407462157
2025-12-02,1.2452734170305255,3.0947575480754925,2.6363336193075595,2.890843443656232,3.152586302237038,4.293288425343417,5.401360047362293,2.3962909207395304,0.7915793776827917,0.25974603188657336,-1.631302181402699,-0.4023159502015342,1.8171672116857862,3.6064694832217103,2.7027503327483164
2025-12-03,3.868867865668433,3.3985389692794183,3.6747267183371597,3.945801749585496,5.078928393734075,6.207029939397903,3.1146153373794943,1.475210390714329,0.9284217571673916,-1.0038690743585723,0.26041637841311843,2.540616631593141,4.343436829230962,3.440914322131598,3.628874481464215
2025-12-04,1.3973348400420345,1.6949531616931302,1.9595430671216534,3.0814722282984435,4.1576350092152845,1.1709036955249885,-0.40004348378828636,-0.9180606936830432,-2.800866260667427,-1.5982649872390087,0.6059202822067028,2.3540882658757196,1.4788836643527712,1.6613635332143604,1.1942689175629564
2025-12-05,0.19488033544555158,0.44190954707489016,1.5610291174278368,2.622241699964831,-0.2900028631759543,-1.809898106869973,-2.3259944741683007,-4.178904517528043,-3.0034350787741504,-0.8510954964036369,0.8581162880201599,0.014327804052585656,0.19459609879790407,-0.2497615087563612,-1.0809840993580133
2025-12-08,0.041668891577560194,1.1516258195200892,2.205375120475951,-0.66113456509344,-2.1611782939906505,-2.676361940414012,-4.484253555519449,-3.321346180470657,-1.2096323524111448,0.47482825933011485,-0.3526924062027984,-0.17924589094682317,-0.6069480565476155,-1.4375804689419032,-1.8659428704918397
2025-12-09,1.3979310074606663,2.4060988470069202,-0.4668076563836232,-1.9644610329621237,-2.4468890701471144,-4.272757708574681,-3.1261547302718893,-1.0429487472917514,0.6575431271654724,-0.1485587032335054,0.026307302787371725,-0.40655311099439173,-1.2243563994887683,-1.6438571529485686,-2.700693880432368
2025-12-10,2.2784755505260934,-0.5668010661630496,-2.077393775393127,-2.5631845533887416,-4.400841805054845,-3.269558499180639,-1.1540663834457976,0.5361486131360178,-0.29931072537638925,-0.10954435239006831,-0.5395252779402271,-1.3612067010494828,-1.8133806741193885,-2.8779672623032178,-0.5522954033682387
2025-12-11,-0.8504436770628814,-2.388464266228487,-2.8564393125745347,-4.694098553326578,-3.55615551802237,-1.406021483400564,0.24840510955509498,-0.5725684694296542,-0.36739214471578274,-0.8235754651130057,-1.6422431051823763,-2.0852858775431797,-3.1149015092029093,-0.7658309789997817,1.401052886714633
2025-12-12,-3.8808660849206746,-4.355198225172908,-6.173399080648917,-5.064512391436809,-2.9847905931183165,-1.3509350450438116,-2.1596301918016927,-1.9735295628228562,-2.397336800316343,-3.1932011493350454,-3.637170586268077,-4.663406049756535,-2.397359941808458,-0.2879605347131036,1.6680747404222116
2025-12-15,-1.128548098036765,-3.049061407668189,-1.8607613783154466,0.3643425687903279,2.082424966296936,1.1873185974864344,1.385805084211354,0.918055720459022,0.08027966052918911,-0.39279801214064314,-1.4373681141349166,1.027376444911021,3.281363457895375,5.290287921322241,4.330722879751648
2025-12-16,-2.5327524251730202,-1.3596698478336895,0.9047520454928298,2.6366226655895644,1.7528978277237623,1.9374268700225057,1.43876949545382,0.5978059535014862,0.12224626248229359,-0.9455338988681364,1.5502829100067075,3.8266905319940085,5.8722767196786565,4.913151772551804,4.7137113828026385
2025-12-17,-1.4870373733892917,0.7892226244094767,2.489709868950945,1.6210638989895987,1.7883182332733936,1.3196092409654476,0.5094224513018071,0.04054314077122771,-1.02785788717354,1.4605617460142915,3.711216121907874,5.766438341061611,4.802527547289476,4.595785501039014,6.158999811715797
2025-12-18,1.5353953190415417,3.2517428967098203,2.3875825895192624,2.5520636343802665,2.071614392239211,1.2489811039484509,0.7679351852448593,-0.3050087140227782,2.222600622573749,4.493685082754743,6.554011742598,5.59095222808252,5.376398415267446,6.945291059269214,8.057195998828828
2025-12-19,2.269180140600422,1.4075843519582258,1.5967924257458623,1.1195444838192254,0.28516776400472815,-0.18821912580145633,-1.2699896089887088,1.2017493321133619,3.459438799960519,5.492378137932658,4.529274196741628,4.32182981606828,5.8625366818287485,6.95189316712646,7.189969407158373
2025-12-22,-0.7421576878653003,-0.5478476329323563,-0.9898175897111794,-1.7834714158301272,-2.2195731378328634,-3.277438624541426,-0.9254081851618147,1.2383987202060063,3.2160708573247896,2.3004931232728776,2.073927550899414,3.567145910515317,4.611320282775622,4.836695196901983,4.950604273941732
2025-12-23,0.277985001400717,-0.1799965203416163,-0.9773793707263396,-1.420084115680637,-2.4906880188281972,-0.10788194285757034,2.0752962917131215,4.0625060467725485,3.129100279715694,2.9156753898278382,4.432319543237943,5.492340775208768,5.731830826102576,5.850869863711862,6.574470093572609
2025-12-24,0.06805660628727726,-0.7320596673438161,-1.1755118383250158,-2.248308984400423,0.16739646516848544,2.384837831963023,4.377101948389477,3.4341898469856877,3.232274921426538,4.750560938801477,5.81162024780908,6.047984096868457,6.185186652821682,6.896931855587151,7.3212877163116366
2025-12-26,-0.643202441374531,-1.1164005351068615,-2.1857013575954105,0.270193397575597,2.50496604086729,4.501109117575431,3.542686527303428,3.3592179526067514,4.887442985141489,5.960938615143414,6.211537190050264,6.344739274174795,7.045800296476078,7.505142357268216,5.662408994837765
2025-12-29,-0.7096535413605445,-1.7816452272192451,0.6907559133465897,2.940371288070406,4.953281357704686,3.98154367325011,3.7871555849747867,5.340809965828936,6.42298420839,6.677499440846815,6.807160646691822,7.510871389963806,7.983327000174831,6.136758397377508,7.828043778780317
2025-12-30,-1.721881188616229,0.7737616569012123,3.0175043452190597,5.017561832381255,4.059817429882544,3.869934001833756,5.4171183534392595,6.491237452179027,6.744884995268784,6.876738199805817,7.561209137453085,8.057223527367396,6.213527483255191,7.877578349277305,8.803785686016795
2025-12-31,1.6523676091363575,3.931554992463303,5.959292432925003,4.983443469776766,4.775504648477609,6.334069715676603,7.4418153143691175,7.692057363398439,7.8261759950933305,8.530133958330332,9.025324359888687,7.145329177880841,8.84898074299097,9.80349880391392,8.786304039068181
2026-01-02,3.161443283189831,5.155129957652317,4.204601295393238,4.022110755611123,5.544516362312424,6.627471668982743,6.849042081030122,6.967822958102015,7.658446330442116,8.10029943955641,6.256134207034819,7.9269073327530055,8.853778183200186,7.828433955374503,7.125737437000502
2026-01-05,2.5311936239248625,1.6296325183055025,1.4027823827943382,2.858935775045316,3.916298007180114,4.138031005843449,4.211047324887528,4.900415223265282,5.273261613782892,3.4996210849103053,5.1402686492840255,6.02974908297158,5.021019018408628,4.389401538302494,5.487056552902335
2026-01-06,0.716467374739283,0.47546563678053194,1.9192554941081044,2.9644932266192967,3.2049664690534563,3.263195094464291,3.957682569196845,4.335767970068745,2.566683599057442,4.197572239770936,5.053907700188991,4.055798294563648,3.45222677426098,4.519556990928424,4.662002148927115
2026-01-07,-0.37970698869127534,1.0663424043341547,2.1082044977563266,2.368160687585212,2.420574829927022,3.0985281159919067,3.4996656866217286,1.7306868591035256,3.3729621916876686,4.2583031054338205,3.296766657882363,2.6947362130241035,3.771239367876357,3.9423578653855107,2.7800974242465086
2026-01-08,1.5230676820087892,2.5761816931183414,2.849686838855497,2.8824307010608727,3.565078639205998,3.9642255728567255,2.177380887272318,3.8554178284340765,4.732507365625898,3.7446077242212876,3.1373510866326724,4.210196783032072,4.387465959890137,3.201146234085119,0.42119525943688557
2026-01-09,1.2353731401303443,1.5013604449189033,1.5326052565441102,2.199093975210604,2.5890942634515763,0.8238513158966211,2.4620280427816175,3.3445840238429096,2.3814655708445853,1.8211607085856627,2.8674385661870145,3.036679641819249,1.8818785941863079,-0.8269465308769542,-0.359934995569767
2026-01-12,0.8994075428718836,0.9352182871705793,1.581515432280471,1.9391024759137145,0.19022121876358075,1.8044994152515368,2.672713413086589,1.7173580780468964,1.1401410518662618,2.140160934610822,2.2989422735776133,1.1469081577702338,-1.519045653339635,-1.054485948938863,-0.9400474987899434
2026-01-13,0.0754842021177475,0.7052878882319584,1.0413357949663866,-0.6982901602310575,0.8906574861780338,1.765345319923317,0.8209038691027063,0.25273031557636133,1.2291888263196717,1.3627869609044951,0.21346582171203943,-2.3990709414582807,-1.94590991914982,-1.8517907922482064,-3.805735199031887
2026-01-14,1.1508244471899234,1.4842443253086262,-0.26777737728981954,1.307059009961427,2.1945240357935027,1.2537904599236993,0.685964649132759,1.6750718349889044,1.8132809223695816,0.6428471558744585,-1.999186558838587,-1.5418373602616056,-1.4476690771012903,-3.4327657348390717,-5.843196426527034
2026-01-15,0.08170696347444949,-1.657058504890991,-0.09416734143902146,0.7958045596597741,-0.11725679808829732,-0.658991116444947,0.309282532427948,0.44111031255741356,-0.7276664357927835,-3.309970502700082,-2.883171604290025,-2.8240350884418874,-4.718636046616533,-7.15464380596836,-2.3312533424929165
2026-01-16,-1.4867906321929447,0.07516696348283486,0.9683538474155554,0.04918402671899486,-0.474036535730304,0.47803035811107153,0.6033526694647374,-0.5878106595313067,-3.1540881485525607,-2.718552103459665,-2.693061135071915,-4.585602480938624,-7.011793736034935,-2.191471682037003,-0.6733182513608963
2026-01-20,0.9494610440823682,1.8398235499397488,0.8976054259185363,0.38715552659782254,1.3347022338254029,1.4323385037405751,0.21882008834448513,-2.352030794109402,-1.918052004828416,-1.9500076138387978,-3.826333073534613,-6.270698341639355,-1.4439836275020677,0.08772239945751788,-0.5521322943002352
2026-01-21,1.2212725438307674,0.2873067138110718,-0.21424433083511463,0.7186082935150652,0.8098231888840163,-0.3898387202737819,-2.9397606841385007,-2.50728372784511,-2.5510679449043496,-4.434202220430279,-6.8502070417774705,-2.063434799164386,-0.5333140036932218,-1.166176676950683,-1.319918295971762
2026-01-22,-0.7000662026671461,-1.2234510388166413,-0.2691687614105805,-0.15636456078684843,-1.351667205875811,-3.881675420835844,-3.4490072428754854,-3.462302130534208,-5.374536381225616,-7.786532737737627,-2.984893021735708,-1.4551555431389782,-2.093970138614569,-2.2502751386348385,-4.623850206756117
2026-01-23,-0.7333422291278863,0.2493757908917253,0.3736657166316097,-0.8355743783005213,-3.385665838002922,-2.9450122941446937,-2.955145668990321,-4.905962269032527,-7.308346477547694,-2.4594500860129362,-0.9393275409171155,-1.5707220958040284,-1.7272556602821982,-4.105755529405532,-2.593803436895492
2026-01-26,0.1056450272991551,0.21232649378564228,-0.9679269933300547,-3.484386614253994,-3.04738560030055,-3.10299613709764,-5.005855730556556,-7.388741632214283,-2.5630491806947173,-1.0841865782662048,-1.6991383247155665,-1.8579952894488583,-4.222668336730585,-2.713246865259529,-2.869985349396527
2026-01-27,0.8245700493971699,-0.39906145386617037,-2.959664235812332,-2.531991362098659,-2.564812031077072,-4.5009873099493785,-6.9450176706743125,-2.0763114565091905,-0.5754916384198793,-1.205577963771323,-1.3773986750232128,-3.7866660452770815,-2.2555043916211157,-2.4248641642472353,-1.7625017646254637
2026-01-28,-1.3711916226268441,-3.8561250922055006,-3.42718307427879,-3.4819587200428965,-5.363815750057871,-7.7452371800346205,-2.964095592571781,-1.5038176814912707,-2.1132653749012515,-2.2818439988248906,-4.657170198343444,-3.147981247015089,-3.299757260118423,-2.6539310605352244,-2.341384863118978
2026-01-29,-2.6200817738774953,-2.20601895550437,-2.287652733562414,-4.2005091641391115,-6.68810883619835,-1.8234128422815068,-0.32663909853449385,-0.9430621505297105,-1.1598817626744058,-3.5904279481999817,-2.046728312542498,-2.213932273283638,-1.5543673716097723,-1.2528832950475035,-1.0156668246659193
2026-01-30,-0.9523433665956194,-1.0097807824844252,-2.978258147628321,-5.557802954049459,-0.6013110553078498,0.9264377504183883,0.3042154802081793,0.053794701049001574,-2.428120513075868,-0.835240304491933,-1.01711003042083,-0.3360647633577147,-0.007365347900262977,0.18895798804105376,-1.201186524411727
2026-02-02,0.6247376748036538,-1.4525327938621657,-4.139641322836238,0.9637441978969605,2.557602511691221,1.897330770124494,1.6277106200670675,-0.9261094587695788,0.711810914238086,0.5233683099178416,1.2311093889844094,1.60105288796813,1.7845471904262415,0.3921972311319209,2.537131949004019
2026-02-03,-1.8479088219103275,-4.521447381254819,0.5477949906707692,2.126101877435684,1.4923409572632844,1.1744681034796989,-1.3710593585082809,0.27683160556610664,0.08022136560525829,0.7896874928383585,1.1330975243899228,1.2919154658244485,-0.14552708962960428,1.975981440150847,2.803083767096606
2026-02-04,-3.3702647700055874,1.784372035323258,3.4261339140255362,2.7945197032157236,2.408017175649921,-0.18748050160235616,1.499244733798769,1.2968880341643407,2.026443642771424,2.366569560136745,2.4852824460015794,1.000673415685924,3.1656017121266746,4.021058173597627,4.044958764327378
2026-02-05,3.5318539845851205,5.294541134870954,4.5816753435900255,4.207079793529845,1.5417137101409406,3.280700523722299,3.049239213314771,3.78218177680204,4.191559719387324,4.2965308187490825,2.8247077059386734,5.065130911684788,5.973536843953554,5.96511114149301,4.711436625852564
2026-02-06,4.3712206968977885,3.6421048374263436,3.2448227660387454,0.6095993490030961,2.3524557065669156,2.118682818782296,2.875119144188719,3.2969990537983644,3.3243906090771898,1.8786318917605187,4.065902877448826,4.943766466157219,4.991707510658344,3.7327561536185105,4.946638335860996
2026-02-09,0.8128947022976913,0.44369634127405155,-2.0972005251140753,-0.41883458712606936,-0.627234573955816,0.09674533311359901,0.47251192907225303,0.5328671956717732,-0.8819835848137131,1.1879335601324932,2.01610840795945,2.0810691022156624,0.8964997734218845,2.0356155387135275,-0.6255457685722274
2026-02-10,-0.9139840151722038,-3.402389189629624,-1.7581056277080782,-1.9526039430851085,-1.2447017491854153,-0.8920506624001215,-0.7784947192499713,-2.1830815358701843,-0.13259133560238204,0.6749269496945678,0.7275577034384275,-0.429084885697267,0.7330510752915927,-1.8976302333185993,-0.8043385069377742
2026-02-11,-2.8770331835772374,-1.1981038156553376,-1.389305564495149,-0.6514519840353865,-0.29598466140220403,-0.23182362877111376,-1.68434248137071,0.3761150177312695,1.2055889317272976,1.3208332115743804,0.11470288845717935,1.268650262036322,-1.3474593120514806,-0.23074175451292048,-1.9753853945127993
2026-02-12,-0.5707647081193068,-0.7697423319729758,-0.014577113476887367,0.3329508632681264,0.39756027335368666,-1.0473169395046056,1.0138430402271845,1.8774049379794846,1.9781727692459408,0.7332286530561489,1.919364734108231,-0.7003917976430903,0.38182282750497243,-1.3533236293770434,-3.6798974940994134
2026-02-13,0.7655193041573601,1.5381539331771794,1.8780477104335103,1.9659572742594238,0.494273622262986,2.588712883805487,3.4737216888338653,3.5611202785876954,2.284240753006076,3.4960528569698983,0.8225929081273194,1.9136571302763499,0.14167615960021765,-2.252652463900967,-0.24236611913127004
2026-02-17,2.4270287229317637,2.7878938369524153,2.874211045456487,1.3988026654121886,3.536855137817951,4.4327925082978785,4.508870714751638,3.21959266454866,4.480113502159597,1.7491737139162775,2.85047479005251,1.0638101000039382,-1.3629643951358223,0.6882810826460717,0.5403685161839751
2026-02-18,0.10668207215612822,0.18261022779681987,-1.2952770355590224,0.80380887728399,1.6463407386382696,1.763516628302873,0.5143987719065585,1.7236601422014637,-0.8975966550962581,0.19177030195434577,-1.5156813918044352,-3.9394615820801753,-1.9816358374181544,-2.136611948520036,-1.9484642691925398
2026-02-19,0.8878180958127105,-0.5885170054377371,1.5530043169094343,2.3926269534914706,2.503852803274774,1.2119127617766068,2.4357669700429816,-0.1925785903231263,0.8929493858820058,-0.8551877813589732,-3.323806670034385,-1.2704439154219893,-1.3919241549649282,-1.1985506270365118,-3.549690495586743
2026-02-20,-1.6390051601196634,0.43628018117723794,1.2663587151096538,1.3894813466253624,0.12584136156067272,1.298165388660169,-1.2778138882452401,-0.1942594655565588,-1.869610155705514,-4.25343201502272,-2.3393545960031354,-2.509991306755547,-2.338521944765566,-4.6741436787475115,-5.125860121126099
2026-02-23,1.745596328418829,2.6176280706760036,2.7517650441829313,1.4449741181508153,2.60493293246059,0.05200230523467045,1.1582647486433066,-0.48058070820200943,-2.8935712759966634,-1.001163842884886,-1.1275735378198422,-0.9175605333388833,-3.2677236119423467,-3.7154485842535556,-2.19930094313798
2026-02-24,2.0920511912570716,2.2498771423468593,0.9620445151127872,2.103048752978254,-0.418476737102368,0.7000190231010991,-0.9195521531717276,-3.285838711794478,-1.408912809595425,-1.5616858396900712,-1.3655003566762318,-3.6994288294641984,-4.145863086978292,-2.642208206599886,-1.875952006466286
2026-02-25,0.16592342683291272,-1.0686747437940476,-6.358338645501358e-05,-2.4427392395034038,-1.3732748575118323,-2.936166099156049,-5.218256572373565,-3.4223960350949323,-3.5818543809729633,-3.406159235777361,-5.679224491311271,-6.114651756750512,-4.656118090820154,-3.905853111421186,-5.2628093554178985
2026-02-26,-0.6867492522924122,0.4240902384578676,-2.0860119643289288,-0.9862361166386083,-2.6040347853920287,-4.924962918644643,-3.0671715770921875,-3.2507889405647195,-3.081590748095027,-5.383371141122221,-5.841764736378301,-4.392109468679948,-3.6139039196954066,-4.998501739036753,-4.465732671617827
2026-02-27,1.965054153846441,-0.5812596744294334,0.5847330203208628,-1.0564442241427807,-3.441975197603183,-1.5710345546042734,-1.7603501931154306,-1.4858962553168198,-3.8374782497902746,-4.277312855970907,-2.7817685186432484,-1.9770544481180576,-3.420923649449449,-2.8477586230604324,-5.70043848472337
2026-03-02,-1.023786892052196,0.15289535038775148,-1.482172542483548,-3.864481091354408,-2.014186028988469,-2.19919935052224,-1.9253796023447163,-4.287328027874772,-4.719269094865325,-3.2190435030802087,-2.421835272742866,-3.8768892124420873,-3.3221672328258935,-6.152274740160218,-4.097727095532755
2026-03-03,2.724375332890072,1.0200395975829841,-1.4373496507493901,0.505812437954457,0.3442926675998801,0.5381017883706422,-1.9054786656803016,-2.3519092353091295,-0.7983277632638031,0.001489081554789069,-1.4867302071955677,-0.9390662736533834,-3.847539737345404,-1.6973972512608746,-1.5070515052447426
2026-03-04,-1.0703718953838965,-3.474966194458673,-1.5642320719461678,-1.705662953087092,-1.523006566101955,-3.905711922695677,-4.338611944913485,-2.8205102981690695,-2.0328573415732,-3.4735931952927017,-2.919929319736442,-5.7723511506604295,-3.660175818217487,-3.4223269824763203,-2.1891829764463977
2026-03-05,-4.075363980033467,-2.1724024364723205,-2.3016441797401463,-2.133113354083829,-4.505541719760507,-4.952416705388397,-3.4350462354145344,-2.645773969760075,-4.080340174695882,-3.534960669949128,-6.373068344829914,-4.268969034858501,-4.003446197578222,-2.777575096311786,-5.708165024327743
2026-03-06,1.6929748145223678,1.5694505647933346,1.7485808714743336,-0.7660522683773888,-1.2454849421451604,0.4250733388807328,1.2635930734016063,-0.2213216745019596,0.3469865205699588,-2.5947135707364857,-0.41087263849243727,-0.08898301080758936,1.1839737068595364,-1.9240912166912298,-3.7352829640659624
2026-03-09,3.71566139091248,3.891476471959384,1.3101348081505932,0.8131737196467146,2.5346338726522473,3.3868436631938654,1.8759286424623325,2.4698468369231037,-0.5572085966147021,1.7051904270710936,2.0771306905382123,3.3931007901880514,0.15905235807522886,-1.6897512789256517,-4.281889435685834
2026-03-10,-0.13023025971413402,-2.570386740412911,-3.037963576952055,-1.411378307109792,-0.5803296471007284,-2.030200651918619,-1.5016858724141997,-4.34129585288761,-2.232927339573282,-1.9454353016501122,-0.6886355372404338,-3.678835201107155,-5.478993521317622,-7.871386201551808,-3.478339676444888
2026-03-11,-2.434425189327604,-2.8991350934911275,-1.3421743839532585,-0.519153606854893,-1.9797290071743168,-1.4522607792474558,-4.334228801193976,-2.194709123566053,-1.9166319983578093,-0.6569133781363096,-3.6436424159426717,-5.452368057416298,-7.871806461988152,-3.51743101061412,-2.650960985849044
2026-03-12,-1.3613509566855686,0.21682558086687553,1.126912935809307,-0.3407644068349372,0.20094522492957376,-2.7314267788596225,-0.5272904190441791,-0.25754252773419317,1.0472140496030475,-2.0148413767488957,-3.8898917968049016,-6.350326277645922,-1.890060623648436,-0.9444122386351914,0.004613852468330625
2026-03-13,-0.18693207674728143,0.6649992266512559,-0.8202129905336369,-0.31668321110015557,-3.2456992453348974,-1.0840812322349063,-0.797386227835675,0.5027429143425924,-2.5401372183811644,-4.399139481612709,-6.830856324356385,-2.385347468624271,-1.4850984925035193,-0.5337573538740552,-0.6243436065973046
2026-03-16,0.2378251497163066,-1.24908210055062,-0.7739546630466986,-3.6662515073580297,-1.506232004738249,-1.2341441761585645,0.03592888623968309,-2.988810354644126,-4.819951471797142,-7.220476810078687,-2.819195108332258,-1.94702096381271,-1.0061447991367343,-1.089732186050912,-0.848906137902969
2026-03-17,-2.043372085293269,-1.5582734012780772,-4.432985652777228,-2.290356732498795,-2.003350871919521,-0.7503680147378763,-3.77473214963176,-5.580457392867397,-7.982820166927334,-3.6052056965625305,-2.7323786138617354,-1.7864113424832937,-1.8716440177027671,-1.6257109562888095,1.9019284261185747
2026-03-18,-1.1367047632030194,-4.004531445296452,-1.8666167589624927,-1.61015198619043,-0.3439460687763012,-3.3592040159628542,-5.183723155093144,-7.566339554311793,-3.1662936331181726,-2.297832834336607,-1.3615060790008156,-1.4233913260888753,-1.1943020806774507,2.3253861160747116,2.706855314404031
2026-03-19,-1.5083296329154439,0.7131148192327292,0.9655339342198139,2.294572283936841,-0.8415253295318743,-2.744719073823315,-5.22929688592202,-0.6454032927932428,0.2526527142502154,1.218823106981063,1.1424667025259445,1.3780425121031026,5.032383850497371,5.419499880061798,5.600058980750566
2026-03-20,0.675965140300189,0.9016675076283974,2.2241418801246406,-0.8818911877904864,-2.8075116636641284,-5.22588827605964,-0.6747333251726638,0.2133333010101253,1.171791843087995,1.0953862750585657,1.3396323825683918,4.946747338095058,5.306485050262931,5.477961970440317,8.066854477068624
2026-03-23,-0.4235540563164131,0.8841407780783206,-2.1690961990038384,-4.065758665429447,-6.448202779162034,-1.9689545780637778,-1.102719124484327,-0.14497736901121888,-0.21132991835365345,0.022037546124918105,3.5711917650849343,3.9128906146420395,4.07853245334275,6.626817456653519,8.283221658340683
2026-03-24,2.2283640207880087,-0.8430939566271438,-2.7772598010287974,-5.159506518650495,-0.6246014487141365,0.26724995033176513,1.210139997599925,1.1574104385400297,1.3801363769835318,4.957590673151993,5.274061018974057,5.41508928693654,7.998707607661339,9.680504802783954,10.808940961373837
2026-03-25,-3.0569524240141304,-4.951932140274747,-7.249901671712786,-2.8404623342456894,-1.9947170819664675,-1.0714199169662766,-1.1207039928528264,-0.9267637444195295,2.5342357991826634,2.8242180287671044,2.937562818871553,5.44891981789648,7.084001054077927,8.204751809109554,9.451667713888714
2026-03-26,-4.313285914247834,-6.660426884264485,-2.1783815635715644,-1.3241172856968384,-0.39124889025434934,-0.4477624888774778,-0.2582058109305258,3.2636458758656572,3.5579985102931686,3.7019895633362876,6.226362021676342,7.8865008874363,9.033125542145296,10.282321178687356,12.455125822910226
2026-03-27,-2.8604877758343883,1.949115907753322,2.8446295301617313,3.838317887702132,3.7855150041439307,3.9852844109927714,7.666616299796668,7.974862254183379,8.134159243384715,10.750730756307863,12.543994291075599,13.78648480197222,15.143757805237987,17.388089858819633,18.96120936771607
2026-03-30,3.365400780679242,4.275741466254661,5.293864956284078,5.2518577648799685,5.452729419339548,9.26009339972376,9.593575321095903,9.800285032351818,12.450637832758996,14.316860896042593,15.562749046310552,16.94483288947004,19.23775728651126,20.842852614300085,20.04908928676788
2026-03-31,2.9099247504121157,3.9088448399372884,3.8594922381572334,4.038865520604796,7.831795521933735,8.13303273460904,8.333923769927159,10.99955889471532,12.836897736868034,14.05112756348655,15.35902289084345,17.670918467733223,19.268150130553146,18.45623455143866,19.785839920980973
2026-04-01,0.4388191747261475,0.3725548045795808,0.5251009216669313,4.0942992666746285,4.353933540874276,4.500942042819928,7.0622936404138965,8.789129752419464,9.961151063215414,11.241244773045747,13.422179500850854,14.933482388631809,14.160657840456937,15.424317856494671,13.486820123356418
2026-04-02,1.8745541151948446,2.007430936931045,5.658714025042149,5.920233488702737,6.082437811227558,8.66986438014262,10.44744680060917,11.660628603329654,12.931447443036108,15.162624444070527,16.666021628486213,15.817065115017686,17.228920027855896,15.326641830091225,17.109847297739297
2026-04-06,0.10256240106118276,3.6713102090808394,3.9301148978519307,4.066561811731384,6.5456340831668856,8.237481601945433,9.394892332021206,10.60726842066295,12.785929494630196,14.199266134769783,13.342119308065456,14.72197377772751,12.947909954483048,14.675658642046344,13.509243490801664
2026-04-07,4.7356415751839736,4.974776572699147,5.11794062772598,7.620544659635086,9.345990002259544,10.554267642959113,11.776106521083976,13.97023684150264,15.376300803118685,14.470810995900907,15.978489825810685,14.206486382431342,15.963031920999207,14.768206959426758,12.517683469958449
2026-04-08,-0.38058902908659464,-0.28602691215962645,2.072753664666885,3.6538012002205082,4.835406176113402,5.970267069252423,7.975020184486705,9.284444461871832,8.430322881593051,9.847832373076196,8.184595675158102,9.83494881081675,8.736975266335111,6.673717261232543,6.405755114151506
2026-04-09,0.2890147161595332,2.691918050830741,4.299399534521157,5.549710747676263,6.679145646574253,8.692123592177502,10.023410958294686,9.162015271960462,10.558612405283101,8.820216192873625,10.452949451993367,9.38194134297183,7.351087500606961,7.051400076951338,10.652423223754115
2026-04-10,1.997406466911294,3.5525112617092542,4.8069374480186795,5.927439515227289,7.899682543579538,9.194939473854259,8.335951386025465,9.720399878453312,7.996900042616595,9.576255509447254,8.554524036606173,6.588697092090798,6.278168954141185,9.807649355410208,10.837124148723722
2026-04-13,3.2246876166567437,4.470582455531254,5.5759123058537545,7.560456097751914,8.799225039765881,7.926921665104442,9.322664681837974,7.627872335090968,9.18178984975078,8.242742623235882,6.337990562461353,5.991170688409532,9.511925376691957,10.537613408530323,10.56455946480458
2026-04-14,1.4709930062175929,2.55097760910247,4.455512168707852,5.633989251283894,4.812744470509212,6.171342117074471,4.575960454223021,6.123379758450054,5.170278980523092,3.335109311859158,3.0375539383875103,6.452560536384402,7.434136838081926,7.447876650937238,9.320166879200892
2026-04-15,1.4680871003485232,3.349729150414366,4.485627155444326,3.672091217938209,5.023902719898258,3.5070601018057874,5.038761412093317,4.094694198197531,2.292857828005974,2.0069320773251715,5.387475534572196,6.340123778322992,6.359852530737449,8.222932836599197,11.114694070868616
2026-04-16,2.6772085654928963,3.7910729010591506,2.970360031794312,4.315872276209541,2.8258215501432535,4.325285480761,3.3914955354995837,1.5943935701810223,1.2826407059841978,4.648223344629416,5.570854354148671,5.593479080830934,7.465040949968555,10.369856278529708,9.031381444921019
2026-04-17,1.3382014023524615,0.5309556602623539,1.8501281680637245,0.4541349139858789,1.8703060210148241,0.973156140769951,-0.8269670529433057,-1.1025633468326037,2.163910414890162,3.0362944336593167,3.062266719994714,4.873893867798335,7.654055248624286,6.316211617628312,7.746619527322916
2026-04-20,-0.1582241783759757,1.1659020524984063,-0.20181096970685633,1.0954010941795331,0.30173197102692706,-1.4612378235443957,-1.7237471819473955,1.4602783449402281,2.2972740995089933,2.3367238585333627,4.086021470267206,6.859810244133342,5.569613510003965,6.935025873861374,8.368455610446771
2026-04-21,-0.45107652629821565,-1.74437782988302,-0.5292408236349646,-1.2454259482743562,-2.9714317996457615,-3.2448005424643873,-0.11670891415324895,0.679124197711309,0.7237679942153971,2.4321657497559497,5.1242404409252265,3.851418559229949,5.161987658369321,6.536328561224659,4.933272970932188
2026-04-22,-1.4223488397464914,-0.19843235661471256,-0.8844556256188603,-2.6079095761299693,-2.8880064770573486,0.2331171369952862,1.0300702361623477,1.0694934630216035,2.762504107514192,5.476294508668222,4.238408062347894,5.532474730478215,6.8731566822568375,5.272346019611469,5.7112402270117615
2026-04-23,0.6801907308673496,-0.039030456619135505,-1.7709914080494213,-2.121550177571318,1.0185046376615814,1.839951736768868,1.8599096348214608,3.517106102097845,6.221837310469933,5.022465164462988,6.302052368610704,7.664462990568177,6.055501266628381,6.469957071760033,7.55679342422589
2026-04-24,0.10004791039680243,-1.6111112395874005,-2.0418565983982933,1.1356418281613954,1.9003940124001122,1.9106314132125508,3.525207995939999,6.227155055424487,5.017136874335807,6.19478643655662,7.559293126997294,5.9707450305873495,6.394350944906963,7.477539994001811,5.018711615341407
2026-04-27,-1.8202492242601624,-2.279963832849842,0.8790799403964201,1.6815301260970745,1.6992396145061441,3.3306873760450992,6.067089103061035,4.828719878022655,6.03033913180842,7.451274682554601,5.888006180537156,6.321812259664379,7.512259817888922,4.978890465276001,3.445340363069858
2026-04-28,-0.7031100421760162,2.5465919346943084,3.3994740673766017,3.396237780176738,5.076944751117835,7.907702330345253,6.647287988107132,7.91304657133383,9.37591142001183,7.773558197705055,8.181194223629765,9.356081234817683,6.7570892929095265,5.15373692217611,3.9936595124624725
2026-04-29,3.5571769513664697,4.353865304085967,4.363348301234309,6.068381766546502,8.978239884360482,7.675956573904934,8.947792984283502,10.436527393991145,8.810145632655011,9.277847557631148,10.53691598880059,7.845359618860787,6.21320671250567,5.010933673261311,7.54183927779083
2026-04-30,2.9217742522568697,2.928888261634295,4.571667063524157,7.4047064891573475,6.174690086806604,7.3882045487171695,8.808167486563708,7.228429622772289,7.679507139730952,8.945281908875852,6.314896664084517,4.751478343958782,3.5676209939295953,6.052437630320074,7.8155983609324595
2026-05-01,0.03580245964880314,1.6643410748600826,4.367681336848673,3.1447325427794657,4.308811943359635,5.6804583614037405,4.190433262634103,4.619273974402192,5.84680227113309,3.250872464015868,1.7754442192151307,0.612296818309079,3.038362817840856,4.732571561850959,6.72258170199427
2026-05-04,1.260671333098249,3.9426992728275,2.732133333655187,3.8683956863203792,5.208593970192065,3.7432814963767926,4.152531796355882,5.351344155924088,2.7859865487736353,1.3596847887970211,0.20478068781054207,2.626584738304088,4.293841845402436,6.2612555208060865,8.624654763887634
2026-05-05,3.626551576949835,2.4490555478301927,3.553196751154925,4.856746289067646,3.3843278474786485,3.7577923391723798,4.970701043258749,2.460000613134862,1.0779128803027804,-0.07994459345980383,2.3278461372407038,3.984780616454488,5.9445946812249675,8.26706340214209,8.437444962615317
2026-05-06,0.3251467073929317,1.3329060148471434,2.5938504844972887,1.1786029584149844,1.5422193974457634,2.6902147992845595,0.35127016075700745,-0.9793289527377108,-2.0855951071790875,0.1953410358228288,1.7639569491878884,3.670329266440579,5.902948618937948,6.053459589861595,7.2334689444060825
2026-05-07,0.20287461593312175,1.4486636249257998,0.05815214044946707,0.413799403426102,1.544417423261637,-0.7864018496587522,-2.097284820692049,-3.1877434029233767,-0.9375408408811275,0.6238217022919356,2.5048621449433517,4.7177215285362095,4.879461854267079,6.003731319226688,6.635338300904956
2026-05-08,2.200044293243527,0.7948143846184957,1.1074622770220395,2.2338911581829355,-0.09331724918006501,-1.376785108066194,-2.4893255679865565,-0.22977300828545932,1.3336258995664094,3.2110606880271635,5.408901915784783,5.590749399527169,6.7602262924565935,7.437669256636797,8.35322296351792
2026-05-11,-0.8564662029813656,-0.5813824259764938,0.5045106351458014,-1.7499100812714175,-2.9816964606811567,-4.067810560097296,-1.8652622947606805,-0.34492187294978804,1.4718088670401754,3.589591524086113,3.7554041662404147,4.898217346930818,5.55884642145796,6.469829518038286,7.500359645355347
2026-05-12,0.9584551024357918,2.0318879360161453,-0.23546773452460903,-1.4924939129903099,-2.6002624454970293,-0.35187809044633034,1.2002143496893947,3.041714583349274,5.219810303261453,5.403907812144926,6.553898366886785,7.254190685998206,8.189612224232622,9.239114208410946,7.639812494870159
2026-05-13,2.197620957425079,-0.06709467422187372,-1.3000197875572514,-2.4197182096284617,-0.1571260152756364,1.3940862653639854,3.2495774935433683,5.414105197421454,5.589484471067363,6.769435279278226,7.478739117709813,8.424666251033544,9.413908286964604,7.7696359117252545,8.396681489992977
2026-05-14,-0.8828071533354435,-2.093476149181849,-3.193199531912355,-0.9568034939749043,0.5941796700628698,2.4355960686786173,4.564990207062765,4.724946578021105,5.897114178360385,6.596089540079404,7.531594348612318,8.497184393452644,6.837940577321482,7.444022359325275,1.549283047363243
2026-05-15,-0.9650726810460013,-2.068901732709479,0.2263407407349487,1.8278551525554092,3.6881995478582272,5.878502350900072,6.031275248928637,7.174750644973244,7.860269764131247,8.773586877270812,9.77627723688087,8.140200015854603,8.733706921788519,2.711214480865496,3.955208916306605
2026-05-18,-1.8669914670400587,0.45436355721016863,2.106559760842497,3.981282913737351,6.209539763198961,6.3889965910410975,7.52912621389386,8.185706651911355,9.072098821799614,10.149551355980503,8.524617487337682,9.102045956311171,2.985001207310471,4.257304900475965,3.100729239920515
2026-05-19,2.5003863043475074,4.226572186838662,6.13857618321203,8.47411111724605,8.697781644592624,9.853992790303844,10.480111236958992,11.332626014259798,12.479231057298824,10.82594198497178,11.415268050309587,5.064743006512485,6.392842660867978,5.202384717735786,2.579827636059073
2026-05-20,3.207286285124887,5.093692748021909,7.357814045056974,7.57378772705264,8.73252396277394,9.371957104564197,10.259355583270182,11.32892708327333,9.645964124349527,10.244961327941311,4.040352245307697,5.303481238511813,4.1362438537032205,1.5666498195419059,5.793008744763004
2026-05-21,2.8854507772570677,5.068859539627025,5.26803348764202,6.37483250145568,7.01357955576995,7.890033679323008,8.87626423365618,7.279075275701918,7.890962729070028,1.929587809064617,3.132942927528737,2.039315786880542,-0.4477154062461945,3.6411033150311947,4.15734874168616
2026-05-22,2.298399004454197,2.497669383111849,3.5549961127408856,4.171494041102099,5.001274115364966,5.91249202553695,4.401449011592159,4.988980378316488,-0.7476439351238747,0.40744245140033686,-0.6188889898446416,-3.0334340939640523,0.9304463518647543,1.4400109413013324,3.693483655169029
2026-05-26,0.4631659153997471,1.5124450771644502,2.126217052767773,2.9835258148219457,3.8162567796715425,2.334742813473468,2.915075930827609,-2.6299438039595864,-1.524584583414683,-2.494617980276611,-4.820490193214614,-1.0003128847896379,-0.5044069294578832,1.6782181961839977,0.40590331187494655
2026-05-27,1.1584985409613222,1.7962278024381584,2.687349390651626,3.52171943264567,2.0344051936297305,2.608923557741592,-2.922277221246835,-1.8196825958399774,-2.815095044212267,-5.1133496110160985,-1.3411715290078519,-0.8357354470564685,1.325467559697809,0.045263463284732665,-0.7065431938899878
2026-05-28,1.7447555712704481,2.6072789714994564,3.4547535010740393,2.019832036449228,2.57950587716527,-2.9425755580043544,-1.8230832390791736,-2.7828691908016654,-5.08726267771569,-1.289151904766083,-0.7645682505227552,1.4111718156350663,0.12033223735193029,-0.6181767650669656,1.0155449933104657
2026-05-29,1.145644320735623,2.0016787266994296,0.5939098299166757,1.1763830463272054,-4.243545288777821,-3.1515278226409094,-4.103612537811863,-6.338106082569527,-2.6117963177183134,-2.0766480466325774,0.05609016019931003,-1.2266375325263883,-1.9625474874747137,-0.3832881776584957,-0.23709296874132965
2026-06-01,2.3219645984036497,0.9572343292125094,1.5511924360876475,-3.927585937528575,-2.7971417960963385,-3.7425066334012635,-6.0123557619227865,-2.1910181785193124,-1.6460277328457964,0.5178490096972203,-0.7970132054740554,-1.510544011753496,0.1216431643490244,0.31973116258742396,-1.9642669912125261
2026-06-02,-0.9240179196696161,-0.3019055291644031,-5.506445937793436,-4.449267684664509,-5.296742925243223,-7.492544656396163,-3.811165329434025,-3.3138339983023894,-1.2470791183876868,-2.4718002315646306,-3.213709887926414,-1.6550239972295924,-1.496359047577641,-3.637027834783607,-4.008412008300689
2026-06-03,0.7593153740268964,-4.526034160057838,-3.459817064880569,-4.339982958426174,-6.56225537334961,-2.8547446606089046,-2.3554704173906824,-0.24710689689366397,-1.4769204826012592,-2.238012075471569,-0.6755954365936135,-0.5520684144412321,-2.706715174502195,-3.0939350161932047,-2.691456676378727
2026-06-04,-4.3339112056420115,-3.2307457021855797,-4.168479654804488,-6.417468330818048,-2.6533315427985316,-2.118521337258485,0.03127793264370397,-1.2532060612718934,-1.9993784850668768,-0.4027853528870188,-0.24659440295277085,-2.4666437501171408,-2.8970946609231043,-2.485788101464482,-2.85542115017287
2026-06-05,-1.0291380131896413,-2.035959831437221,-4.357174058851464,-0.4863112587827077,0.05539818627900341,2.2881718306884244,0.9668536646970235,0.1998307448730813,1.8479681966170802,1.9790092942379216,-0.314252548906453,-0.7937872520104532,-0.39287306717443427,-0.7674341036278359,0.8726592464163234
2026-06-08,-0.8669903097878074,-3.224457448476595,0.6965294762248624,1.2729411904786079,3.5467651013183703,2.1963277419720435,1.43031946002351,3.0971530296821843,3.231765684251855,0.8765977683904697,0.38361018241041983,0.788285142659363,0.4021370781700243,2.0874761348711224,3.620455120500929
2026-06-09,-4.905780510814952,-1.1083985239394742,-0.54091419554595,1.6572906161499192,0.34680971895602636,-0.41422024323582407,1.171643375286258,1.285356523155231,-0.9946386164810104,-1.4807765883190325,-1.1182812237051543,-1.4523219515592398,0.1912668319954445,1.6690019666675993,0.5836042152740719
2026-06-10,1.0775799577492255,1.6864747832079334,3.9710583641972628,2.6004791934952327,1.8256755769209512,3.4810375003733944,3.6094549871898702,1.2087536458459862,0.6782799544024503,1.0536544730271153,0.6622257699647021,2.367792955743539,3.9047659137005137,2.7336822675162713,0.5569441852452368
2026-06-11,2.914729316353586,5.250907316088666,3.8784298753816975,3.0723407210272144,4.753857485847066,4.876419743962884,2.4428950495313084,1.9005171253382205,2.2604323112369977,1.8755149440149255,3.5924404811638957,5.1396820567500985,3.9667105451102227,1.7669328902339694,2.800265298703537
2026-06-12,2.8996780435572447,1.543856836667306,0.7207880809109275,2.3566480439158553,2.459293292983012,0.11442922958278916,-0.40138106232363596,-0.07113501437991503,-0.3999344436600214,1.300953925815585,2.817923603449825,1.7151357238652865,-0.39178506284160747,0.5958687952761015,-1.9171734049001912
2026-06-15,-1.7344373615626543,-2.5240438325528287,-0.9895414413923804,-0.8898401856742606,-3.0918981065137596,-3.554752071274804,-3.2344479221963454,-3.530972739946782,-1.9227049728576833,-0.4794040557819417,-1.5117985650311139,-3.467007539026005,-2.517153700648564,-4.878697850913751,-5.324102636526723
2026-06-16,-2.5563277904287385,-1.0401614963505788,-0.9522015659937206,-3.1284629069249794,-3.599736191531553,-3.299537095274568,-3.5665193618759097,-1.9564396669038144,-0.5098018491513814,-1.5174768713113673,-3.4484722504724576,-2.512805959510506,-4.870417788621601,-5.3293557710200865,-3.753834725947552
2026-06-17,-0.011871375190687308,0.11278613216050822,-2.1309343219510515,-2.639613666989612,-2.3303234093092846,-2.6501791463933277,-1.0065973002097262,0.49052347124320417,-0.5805921735955445,-2.61279137675917,-1.6530979130107166,-4.06721862607797,-4.490220363754979,-2.865482698823586,-3.820754123703562
2026-06-18,0.8950980122984168,-1.3176601108804546,-1.83488781563867,-1.5790381747736675,-1.830155825884458,-0.19303179455429711,1.2925697739475206,0.2922349260354893,-1.6887801633731678,-0.7397184933784091,-3.1247259808580465,-3.5844603582800554,-1.9706936603868197,-2.9388700626311137,-4.5618929152181
2026-06-22,-2.934858560784103,-3.4069963755268984,-3.1503177604878814,-3.3837511463748564,-1.8078787666525433,-0.3766362277339454,-1.314838979853454,-3.1915379290954458,-2.2915879860102586,-4.5968871390296755,-5.079334907887206,-3.5187703198422513,-4.435546155796691,-6.001653323822906,-5.313995735788866
2026-06-23,-1.3062093622824682,-1.0284982540520462,-1.321081635127971,0.32432316218211704,1.8101262571457077,0.7956787293350908,-1.199349192648274,-0.25410470521765866,-2.665755117014286,-3.1175421605780924,-1.4922840704893672,-2.434209985805854,-4.061975891795098,-3.3309482359218623,-4.009340042306725
2026-06-24,-0.32792852451936083,-0.6507541679384294,1.0259416989151937,2.554335648423624,1.4929030658959428,-0.5652392798284932,0.4108124242158682,-2.0726810378458937,-2.4940304040289267,-0.8460830068620769,-1.8092331201596017,-3.488948656872313,-2.730564509472518,-3.434193066536608,-5.663558983675904
2026-06-25,0.7322515089740372,2.460700192804062,4.020159721185522,2.9532465183192222,0.8428146330482233,1.860066887771281,-0.7099271973228973,-1.1174321454980247,0.5567382777455318,-0.44631323172475795,-2.173688576634147,-1.382801015357571,-2.104859226165151,-4.421434446851914,-5.392178912270227
2026-06-26,1.8245455063749403,3.364317439037444,2.2879797762924645,0.1768789803872397,1.1942000666240147,-1.3446638403278828,-1.7333962450431524,-0.06583570634276469,-1.0402314209919679,-2.7599810929566115,-1.9788655072977175,-2.699096786891543,-4.990369277700812,-5.945982469253543,-6.983148001147655
2026-06-29,2.5757631941608063,1.447720388700573,-0.6722316457567366,0.3450355374413776,-2.1817370124102453,-2.5371418287240806,-0.8735282015954303,-1.82614682260292,-3.5543541652464397,-2.772994027721899,-3.4962797587735888,-5.7918317088784645,-6.736047973788499,-7.760019719369355,-5.355864175673525
2026-06-30,-0.3704335981891735,-2.3050957829368977,-1.3116831870447552,-3.7017135999834654,-4.098917296974572,-2.5054994666982813,-3.4326764032314774,-5.065084486780519,-4.341666763023031,-4.9957251869666806,-7.178099691632922,-8.11556381655424,-9.317915186434611,-7.052006861687108,-7.55530800785266
2026-07-01,-2.840674717814791,-1.8443663815885307,-4.246457103778184,-4.60219203839046,-3.003429910885238,-3.9204448587930725,-5.565303138388822,-4.842927286697333,-5.497971215282208,-7.705399776528713,-8.629917245345863,-9.774428147128303,-7.452396425595086,-7.921516111325115,-8.663711248227548
2026-07-02,-2.310368700736165,-4.733134748326157,-5.047908431647447,-3.4283604867147375,-4.33590048719083,-5.997436282094814,-5.258190189901468,-5.921971523738026,-8.148282103099504,-9.06588478136417,-10.078315209803936,-7.720029588266146,-8.180116371216359,-8.91567738205281,-10.52997496728616
2026-07-06,-3.220072744562508,-3.517596678726108,-1.8459670147785683,-2.774763029778877,-4.510750955512056,-3.7314927711680235,-4.416725447134742,-6.734658988799419,-7.672365138434131,-8.50179213605693,-6.0218440332610905,-6.490807558356689,-7.234775830185971,-8.956839855483317,-8.21127023123899
2026-07-07,-0.887166711530858,0.8883979008177713,-0.08467496324185192,-1.9593182360672883,-1.1033634319843335,-1.8432275480187887,-4.351629438354286,-5.310839813084494,-5.798518723062367,-3.110902394474104,-3.5828541499849575,-4.31612549865474,-6.23740765025672,-5.538852454338685,-7.0841617401696535
2026-07-08,1.6864997455386745,0.7108170601370086,-1.1597823479421094,-0.30810361393386637,-1.0210654766735028,-3.5022315608394656,-4.482152855143314,-4.942965625690432,-2.2847194144698597,-2.7833519481466675,-3.551712304982742,-5.4397792223836525,-4.689924718962699,-6.186237908647452,-9.42096895585014
2026-07-09,-1.2850174132935486,-3.0704983147891407,-2.268180528856103,-2.949006243467675,-5.305002578076268,-6.26708069256576,-7.067387246200755,-4.5588652988347445,-5.046696327264449,-5.80555948538035,-7.569131981888829,-6.7767527922659525,-8.142161333766396,-11.250311037135807,-7.520111451425152
2026-07-10,-2.101310398042534,-1.2657278899338953,-1.9645863742530492,-4.417590498922741,-5.392112672315302,-6.082263461074395,-3.467755865748396,-3.9592390186294173,-4.698048093489051,-6.569872564366088,-5.808165992873699,-7.269291050555674,-10.475448815704457,-6.586211715546977,-6.590424823048734
2026-07-13,0.16901080063279866,-0.5620232757908842,-3.109445464812674,-4.088649286400728,-4.519576352970756,-1.8183390625932243,-2.3217918330563667,-3.071991471840357,-5.023910041910255,-4.25146089912911,-5.780068925725129,-9.06800051508175,-5.051916073554297,-5.046243660338254,-2.150265755515601
2026-07-14,-1.1191332630520814,-3.6103089249063682,-4.602836100593137,-5.016202336116567,-2.3736269808246266,-2.8723025611126625,-3.625248938692035,-5.522953384369055,-4.731878987504725,-6.194694192154143,-9.452187533628148,-5.503648347237675,-5.519435356159381,-2.6444281604591264,0.7787041534373473
2026-07-15,-3.536650879246544,-4.520732319174701,-4.942146610438001,-2.307720887426507,-2.787305400704695,-3.522947158021743,-5.4201233388092245,-4.639841880188307,-6.1136747026403055,-9.379054666808063,-5.418976665008622,-5.438735406730085,-2.5764701618402452,0.8300295433965901,-0.1328208685406173
2026-07-16,-1.731235228249603,-1.8965805605524078,0.9402223505662862,0.4450407629438884,-0.29741087275719513,-2.3870994519991697,-1.6161537136999364,-3.251765655354154,-6.6926433553581495,-2.438830248114704,-2.437176771039006,0.5625933248937381,4.140798966990627,3.1405055711107726,1.9893534815860232
2026-07-17,0.7310168817890785,3.747661469332803,3.254955510610954,2.512973652977661,0.24510471968797629,0.9836849580997509,-0.7982591196523396,-4.415124193206785,0.11086549015224176,0.11453681506166963,3.2257495663300517,6.91030551494425,5.860125092089157,4.67742787352648,7.39330322824469
2026-07-20,2.2742254086791096,1.7699730311649338,1.0016482930850727,-1.104857605076058,-0.2977314396500528,-1.928541034364721,-5.408080435838464,-1.1271762099033689,-1.1351913413985708,1.907608705015004,5.5355427748149815,4.533254782242296,3.333558300020725,6.013018141062509,5.2772777046458845
2026-07-21,0.45444379233584825,-0.3021680036949107,-2.314819976645544,-1.5090746081178272,-3.0817938200005934,-6.473255643406472,-2.33783964619613,-2.339619368003457,0.6412649840822177,4.207915429764016,3.221317934781692,2.0333926162687237,4.66475680820897,3.9611718670573923,4.6743337835148315
2026-07-22,-1.7767045900079845,-3.6812348685147236,-2.8352020679366055,-4.30288973969048,-7.571383438300469,-3.6085832843435903,-3.617007491372435,-0.7050875064972861,2.8042202054623666,1.8388354814804575,0.6349619487239392,3.228142352931956,2.573762233221434,3.256099957454277,4.441087868129894
2026-07-23,-2.487103026927702,-1.5905212646479285,-3.0447746693746547,-6.323844463448263,-2.359911844385832,-2.371955004436218,0.5923917889510575,4.1676691253214075,3.1989904693392197,1.957503904236348,4.600313131403662,3.9495121422138983,4.630357300000308,5.815186523718,6.537466434249082
2026-07-24,0.15467975556771452,-1.4217269271246271,-4.831654557558005,-0.652064203488364,-0.6445324989914554,2.427605478721693,6.123226021593605,5.102003577842912,3.8707131581019074,6.612327761283099,5.888504306316947,6.605044515589755,7.8901046568579885,8.609340974712419,9.067744601564746
2026-07-27,-1.9899538544521622,-5.455425857359888,-1.1548400172174473,-1.1417264176924895,1.9253173584932493,5.599743895654507,4.541725483160846,3.3442850353639226,6.053015866515519,5.271253842354758,5.998014200555537,7.365686100779185,8.037288647166864,8.550777621685095,8.688522738797271
2026-07-28,-1.781937254273013,3.0361657283835375,3.1034512795848253,6.3697635363704785,10.277537726684232,9.132281017531625,7.952516368346928,10.836162760228534,9.887688542306902,10.691220177405752,12.273062023890615,12.915228631389715,13.53932142087871,13.815491041664314,9.711714018144516
2026-07-29,2.5800566613442877,2.644106952001915,5.901670892128712,9.760618327546041,8.62938921822222,7.473050367028151,10.331995477255564,9.36359431201211,10.1756304829507,11.760471790108905,12.367063943329288,12.999656981592986,13.28945721657792,9.1818079180748,9.695488256046719
2026-07-30,1.018128651199728,4.188080557443456,7.983100306629067,6.916047367333004,5.777867626826936,8.599402672614373,7.729691513601641,8.49889711510353,9.922362719553474,10.574127758769812,11.142100579904268,11.329152240265257,7.446927851274267,8.087227534199402,6.458455133698682
2026-07-31,2.823891438845046,6.55235203059279,5.506743147871685,4.331810786920546,7.075910253464539,6.263251213264367,6.992789289235272,8.372826964209974,9.042795613422795,9.572278164888486,9.71308646968368,5.953549088339988,6.647850852462074,5.0808054629427435,6.269708328212824
2026-08-03,5.423738975580778,4.377871415112293,3.2347042266204586,5.928277426333633,5.106611053931215,5.825639630303773,7.207337334440453,7.8594593187262625,8.396840959165187,8.57394692934625,4.815808134283501,5.520256114603368,3.9706814044859158,5.1402873552210355,3.2018780596375316
2026-08-04,0.6125987188060622,-0.5298876220691068,2.0159707663936826,1.2628524158535337,1.9404141042993193,3.2045509796530487,3.851238504638847,4.339259115283727,4.464945130244923,0.9638947370900789,1.743623622142128,0.2625462772766675,1.3990188133871129,-0.41841903745620856,0.7176199743112232
2026-08-05,-3.120480391725779,-0.6784038805085161,-1.3902473675897613,-0.726221359793968,0.49001084095139597,1.1265078337217365,1.6071051622622126,1.6951297209460015,-1.6764044331693693,-0.9075208662359232,-2.3511387185403927,-1.24505637888171,-3.0083506111849387,-1.9217287951135547,-2.139294018492064
2026-08-06,1.8759443214686977,1.126128101250414,1.8070543944200446,3.083145340808362,3.763287709902696,4.246829136344574,4.3668267415950055,0.8749165696586537,1.660826307939594,0.21175878780874383,1.3246442749039036,-0.48491567514748646,0.6587246486677204,0.42013959299163456,1.5285549995085594
2026-08-07,0.30325183194911837,0.9897089421140196,2.2766559179841304,2.936878827358101,3.4437160338275934,3.538279860323515,0.08173888138452433,0.8660906602082868,-0.5677676977363765,0.5089578987410447,-1.2742743133675005,-0.1380983822703111,-0.3752492942298787,0.683078822761557,-1.9119772511582493
2026-08-10,0.12150185192758166,1.3858029061555195,2.013762489242747,2.5254278831670365,2.6358985680982143,-0.8174901935226319,-0.08469095807591914,-1.4702208570831432,-0.4158025151949821,-2.1621413347968996,-1.0332975003525307,-1.2627231722489216,-0.21710919528274206,-2.7955495653207763,-2.8272753050071087
2026-08-11,1.2546244476274886,1.8839573362888002,2.3990196758202496,2.5342994882425893,-0.9508477929473743,-0.2748519834174684,-1.6556475768969352,-0.5981424667915614,-2.361100827849994,-1.2264732924338628,-1.4527577957238473,-0.414684871564842,-2.999059950502954,-3.027663862469168,-4.997876604890848
2026-08-12,0.6369417901524699,1.1058184997469958,1.1903547115069126,-2.1439453929081305,-1.390917884821883,-2.7690776079336743,-1.6983030222203794,-3.398265408143444,-2.314091556653436,-2.546657267374893,-1.5086372521670808,-4.010294314177614,-4.034183545019226,-5.963975443351012,-5.238599440976552
2026-08-13,0.3124879119340621,0.4130299382526176,-2.8926967848615104,-2.155623788158414,-3.514862587195211,-2.4721215753569044,-4.146737038411821,-3.0889676592970443,-3.3083827664266603,-2.2788510251270333,-4.76581311516637,-4.7979950900342105,-6.717267807971546,-5.979966488467879,
2026-08-14,-0.004379852379536369,-3.3088696391852346,-2.557242559363812,-3.9017799925556904,-2.870184307993064,-4.537956972292901,-3.4721647311375365,-3.698574699554631,-2.674887794645306,-5.170588750119423,-5.201923595414176,-7.115342487760628,-6.397131062818079,,
2026-08-17,-3.0936251534082015,-2.312155093732433,-3.6728283909773856,-2.613614859361589,-4.269187064816704,-3.215945196784335,-3.450156999771712,-2.407896560763914,-4.869178598920881,-4.896955925300247,-6.814065009170053,-6.089467266494647,,,
2026-08-18,-0.5944175791498086,-1.9739915574268094,-0.9152044445417827,-2.632293466513094,-1.5332538540974283,-1.7587374636612019,-0.7011482153575533,-3.245652618073176,-3.278086397001186,-5.2470330512813375,-4.506867941156194,,,,
2026-08-19,-0.8236739592177997,0.16235088181738852,-1.6166962062884207,-0.5461075802203705,-0.7267921526347866,0.39087800135472334,-2.2537469902169933,-2.2927375056358543,-4.363406440282982,-3.601191637618381,,,,,
2026-08-20,0.7025013448532853,-1.104476830754973,-0.05367431612186988,-0.20516666347810378,0.8968477324846292,-1.750784503722684,-1.809567275779105,-3.8869254467489083,-3.1257373184013466,,,,,,
2026-08-21,-1.7764656208896974,-0.7736862896255673,-0.9044721018075279,0.182216695923065,-2.4134280829040193,-2.475454942216517,-4.529266693885654,-3.781200862360416,,,,,,,
2026-08-24,1.0295433391426707,0.9084316064946351,2.0208320924383787,-0.7039174621085736,-0.7620738877699563,-2.8639316667640053,-2.1008170931723273,,,,,,,,
2026-08-25,0.10261327997512679,1.2134603283930552,-1.443787082957052,-1.503049906623872,-3.5868365709934453,-2.8261405799694885,,,,,,,,,
2026-08-26,0.643196041839633,-1.9874542754935052,-2.0446235131602677,-4.111470729849,-3.3653941559409932,,,,,,,,,,
2026-08-27,-2.300865894394926,-2.3735823702198413,-4.416063550949273,-3.6443490756140786,,,,,,,,,,,
2026-08-28,-2.0054513891396843,-4.062864941486455,-3.289485101763832,,,,,,,,,,,,
2026-08-31,-1.727136997845878,-0.9141410648214806,,,,,,,,,,,,,
2026-09-01,0.7064961273894268,,,,,,,,,,,,,,
2026-09-02,,,,,,,,,,,,,,,
